project_id,construction_year,selected_source_addresses,component_pins,component_count,selected_vintage,source_row_ids,assessor_land_sqft,project_land_area_sqft,assessor_to_parcel_land_ratio,land_area_agrees_within_10pct,land_area_agrees_within_25pct,exact_construction_year_components,geography_status,requested_components,resolved_components,collapsed_components,within_1500ft,within_500ft,candidate_status,decision_reason,land_review_required,land_review_reason
commercial_11323190150000,2014,6556 N SHERIDAN CHICAGO,11323190150000/11323190160000,2,2024,44950,15000,14888.131599966437,1.0075139314347419,TRUE,TRUE,TRUE,complete_construction_year_geometry,2,2,0,TRUE,TRUE,retain_mechanical,coherent_2024_revision_same_entity,FALSE,use_exact_construction_year_parcel_union
commercial_11323310340000,2008,1209 W ARTHUR CHICAGO,11323310340000,1,2024,44970,31919,26113.880800507963,1.2223001339340998,FALSE,TRUE,TRUE,complete_construction_year_geometry,1,1,0,TRUE,TRUE,review_required,student_housing_unit_definition_requires_review,FALSE,use_exact_construction_year_parcel_union
commercial_11323310360000,2019,6418 N SHERIDAN CHICAGO,11323310360000,1,2024,44971,45094,40262.069338440895,1.1200119800336674,FALSE,TRUE,TRUE,complete_construction_year_geometry,1,1,0,TRUE,TRUE,retain_mechanical,coherent_2024_revision_same_entity,FALSE,use_exact_construction_year_parcel_union
commercial_13114290270000,2008,3300 W LAWRENCE CHICAGO,13114290270000,1,2024,25834,18750,18750.137599970505,0.999992661388762,TRUE,TRUE,TRUE,complete_construction_year_geometry,1,1,0,TRUE,TRUE,review_required,permit_unit_counts_do_not_include_assessor_count,FALSE,use_exact_construction_year_parcel_union
commercial_13114310260000,2014,4814 N KEDZIE CHICAGO,13114310260000,1,2024,25842,18769,18757.05339915864,1.0006369124503263,TRUE,TRUE,TRUE,complete_construction_year_geometry,1,1,0,TRUE,TRUE,retain_mechanical,2024_primary_year_recode,FALSE,use_exact_construction_year_parcel_union
commercial_13132140280000,2017,2407 W EASTWOOD CHICAGO,13132140280000/13132140290000,2,2024,26033,8100,8114.2336876653135,0.9982458371038845,TRUE,TRUE,TRUE,complete_construction_year_geometry,2,2,0,TRUE,TRUE,retain_mechanical,2024_primary_year_recode,FALSE,use_exact_construction_year_parcel_union
commercial_13142030200000,2008,4738 N KIMBALL CHICAGO,13142030200000/13142030210000/13142030220000/13142030230000,4,2024,26165,24835,24836.684799883515,0.999932164864309,TRUE,TRUE,TRUE,complete_construction_year_geometry,4,4,0,TRUE,TRUE,review_required,permit_unit_counts_do_not_include_assessor_count,FALSE,use_exact_construction_year_parcel_union
commercial_13143060050000,2011,3643 W MONTROSE CHICAGO,13143060050000/13143060060000,2,2024,26218,15625,15621.014800063858,1.0002551178644377,TRUE,TRUE,TRUE,complete_construction_year_geometry,2,2,0,TRUE,TRUE,review_required,permit_unit_counts_do_not_include_assessor_count,FALSE,use_exact_construction_year_parcel_union
commercial_13143110250000,2019,4211 N ELSTON CHICAGO,13143110250000/13143110310000/13143110320000,3,2024,26223,6250,6241.748472917825,1.001321989682535,TRUE,TRUE,TRUE,complete_construction_year_geometry,3,3,0,TRUE,TRUE,retain_mechanical,coherent_2024_revision_same_entity,FALSE,use_exact_construction_year_parcel_union
commercial_13143310300000,2020,4022 N ELSTON CHICAGO,13143310300000,1,2024,21282,23689,23689.460585113615,0.9999805573828091,TRUE,TRUE,TRUE,complete_construction_year_geometry,1,1,0,TRUE,TRUE,retain_mechanical,coherent_2024_primary_entity,FALSE,use_exact_construction_year_parcel_union
commercial_13144020050000,2019,3435 W MONTROSE CHICAGO,13144020050000/13144020060000/13144020070000/13144020080000,4,2024,21283,17750,17746.035927633697,1.0002233779071827,TRUE,TRUE,TRUE,complete_construction_year_geometry,4,4,0,TRUE,TRUE,retain_mechanical,2024_primary_year_recode,FALSE,use_exact_construction_year_parcel_union
commercial_13144290420000,2014,3326 W IRVING PARK CHICAGO,13144290420000,1,2024,26280,6250,6271.558200010448,0.99656254485362,TRUE,TRUE,TRUE,complete_construction_year_geometry,1,1,0,TRUE,TRUE,retain_mechanical,2024_primary_year_recode,FALSE,use_exact_construction_year_parcel_union
commercial_13151010310000,2006,4719 W LAWRENCE CHICAGO,13151010310000,1,2024,26284,13500,13442.403397596092,1.0042846952810691,TRUE,TRUE,TRUE,complete_construction_year_geometry,1,1,0,TRUE,TRUE,retain_mechanical,2024_primary_year_recode,FALSE,use_exact_construction_year_parcel_union
commercial_13151040020000,2006,4521 W LAWRENCE CHICAGO,13151040020000/13151040350000,2,2024,26286,29935,29935.270200275,0.9999909738488013,TRUE,TRUE,TRUE,complete_construction_year_geometry,2,2,0,TRUE,TRUE,retain_mechanical,2024_primary_year_recode,FALSE,use_exact_construction_year_parcel_union
commercial_13171051090000,2022,6009 W LAWRENCE CHICAGO,13171051090000,1,2024,26411,20341,20340.911083517363,1.0000043713126847,TRUE,TRUE,TRUE,complete_construction_year_geometry,1,1,0,TRUE,TRUE,retain_mechanical,coherent_2024_primary_entity,FALSE,use_exact_construction_year_parcel_union
commercial_13171051100000,2010,4732 N AUSTIN CHICAGO,13171051100000,1,2024,26412,18358,18357.936947823735,1.0000034346003281,TRUE,TRUE,TRUE,complete_construction_year_geometry,1,1,0,TRUE,TRUE,retain_mechanical,2024_primary_year_recode,FALSE,use_exact_construction_year_parcel_union
commercial_13171051110000,2022,6017 W LAWRENCE CHICAGO,13171051110000/13171051120000/13171051130000,3,2024,26413,17686,27826.58535616676,0.635579240989428,FALSE,FALSE,TRUE,complete_construction_year_geometry,3,3,0,TRUE,TRUE,retain_mechanical,coherent_2024_primary_entity,FALSE,use_exact_construction_year_parcel_union
commercial_13202270270000,2018,3648 N CENTRAL CHICAGO,13202270270000,1,2024,26462,9375,9379.408472425072,0.9995299839602857,TRUE,TRUE,TRUE,complete_construction_year_geometry,1,1,0,TRUE,TRUE,retain_mechanical,2024_primary_year_recode,FALSE,use_exact_construction_year_parcel_union
commercial_13222030300000,2015,3939 N KEELER CHICAGO,13222030020000/13222030300000,2,2024,26554,9594,10245.58335995674,0.9364034885018504,TRUE,TRUE,TRUE,complete_construction_year_geometry,2,2,0,TRUE,TRUE,retain_mechanical,2024_primary_year_recode,FALSE,use_exact_construction_year_parcel_union
commercial_13224350220000,2021,4258 W BELMONT CHICAGO,13224350220000/13224350230000/13224350240000/13224350250000/13224350260000/13224350360000/13224350370000,7,2024,26596,77985,77836.35317261517,1.0019097352499953,TRUE,TRUE,TRUE,complete_construction_year_geometry,7,7,0,TRUE,TRUE,retain_mechanical,coherent_2024_primary_entity,FALSE,use_exact_construction_year_parcel_union
commercial_13224360410000,2022,3214 N KARLOV CHICAGO,13224360410000,1,2024,26598,6156,6156.428000431042,0.9999304790974551,TRUE,TRUE,TRUE,complete_construction_year_geometry,1,1,0,TRUE,TRUE,retain_mechanical,coherent_2024_primary_entity,FALSE,use_exact_construction_year_parcel_union
commercial_13243180370000,2006,3110 W BELMONT CHICAGO,13243180370000/13243180380000,2,2024,26687,6000,5950.898400073143,1.0082511238851353,TRUE,TRUE,TRUE,complete_construction_year_geometry,2,2,0,TRUE,TRUE,retain_mechanical,2024_primary_year_recode,FALSE,use_exact_construction_year_parcel_union
commercial_13252010060000,2012,2609 W BELMONT CHICAGO,13252010060000/13252010070000/13252010080000/13252010090000/13252010100000/13252010110000/13252010120000,7,2024,59276,20313,20378.80440042913,0.9967709391024067,TRUE,TRUE,TRUE,complete_construction_year_geometry,7,7,0,TRUE,TRUE,retain_mechanical,2024_primary_year_recode,FALSE,use_exact_construction_year_parcel_union
commercial_13252280380000,2022,2520 W DIVERSEY CHICAGO,13252280380000/13252280390000,2,2024,59285,6288,6256.5726700113155,1.005023090379709,TRUE,TRUE,TRUE,complete_construction_year_geometry,2,2,0,TRUE,TRUE,retain_mechanical,coherent_2024_primary_entity,FALSE,use_exact_construction_year_parcel_union
commercial_13252280400000,2019,2514 W DIVERSEY CHICAGO,13252280400000/13252280410000,2,2024,59286,6288,6259.09339724193,1.0046183370215898,TRUE,TRUE,TRUE,complete_construction_year_geometry,2,2,0,TRUE,TRUE,retain_mechanical,2024_primary_year_recode,FALSE,use_exact_construction_year_parcel_union
commercial_13252280420000,2021,2508 W DIVERSEY CHICAGO,13252280420000/13252280430000,2,2024,59287,6288,6257.881217315473,1.0048129361422184,TRUE,TRUE,TRUE,complete_construction_year_geometry,2,2,0,TRUE,TRUE,retain_mechanical,coherent_2024_primary_entity,FALSE,use_exact_construction_year_parcel_union
commercial_13262140850000,2018,2945 N MILWAUKEE CHICAGO,13262140850000/13262140860000,2,2024,26728,9375,9378.051117906349,0.9996746533082419,TRUE,TRUE,TRUE,complete_construction_year_geometry,2,2,0,TRUE,TRUE,retain_mechanical,2024_primary_year_recode,FALSE,use_exact_construction_year_parcel_union
commercial_13264080450000,2021,2650 N EMMETT CHICAGO,13264080450000,1,2024,21297,46393,46392.74878523871,1.0000054149574635,TRUE,TRUE,TRUE,complete_construction_year_geometry,1,1,0,TRUE,TRUE,retain_mechanical,coherent_2024_primary_entity,FALSE,use_exact_construction_year_parcel_union
commercial_13272040010000,2022,4183 W BELMONT CHICAGO,13272040010000/13272040020000/13272040030000/13272040040000,4,2024,26836,13500,13499.52172754705,1.0000354288442659,TRUE,TRUE,TRUE,complete_construction_year_geometry,4,4,0,TRUE,TRUE,retain_mechanical,coherent_2024_primary_entity,FALSE,use_exact_construction_year_parcel_union
commercial_13281160440000,2014,2917 N CENTRAL CHICAGO,13281160440000,1,2024,26908,15750,15750.62980042398,0.9999600142704158,TRUE,TRUE,TRUE,complete_construction_year_geometry,1,1,0,TRUE,TRUE,retain_mechanical,2024_primary_year_recode,FALSE,use_exact_construction_year_parcel_union
commercial_13283000590000,2019,5525 W DIVERSEY CHICAGO,13283000590000,1,2024,26941,37500,37548.43535730522,0.9987100565750792,TRUE,TRUE,TRUE,complete_construction_year_geometry,1,1,0,TRUE,TRUE,retain_mechanical,2024_primary_year_recode,FALSE,use_exact_construction_year_parcel_union
commercial_13302270040000,2018,2815 N NATOMA CHICAGO,13302270040000,1,2024,27038,24891,24891.01500006253,0.9999993973703953,TRUE,TRUE,TRUE,complete_construction_year_geometry,1,1,0,TRUE,TRUE,retain_mechanical,2024_primary_year_recode,FALSE,use_exact_construction_year_parcel_union
commercial_13312050690000,2017,2148 N NATCHEZ CHICAGO,13312050690000,1,2024,27063,166481,167719.0245902161,0.9926184605876349,TRUE,TRUE,TRUE,complete_construction_year_geometry,1,1,0,TRUE,TRUE,retain_mechanical,coherent_2024_primary_entity,FALSE,use_exact_construction_year_parcel_union
commercial_13312140010000,2020,2044 N NATCHEZ CHICAGO,13312140010000,1,2024,27064,210101,210101.23438494865,0.9999988844189833,TRUE,TRUE,TRUE,complete_construction_year_geometry,1,1,0,TRUE,TRUE,review_required,permit_unit_counts_do_not_include_assessor_count,FALSE,use_exact_construction_year_parcel_union
commercial_13354020010000,2011,3435 W ARMITAGE CHICAGO,13354020010000/13354020020000/13354020030000,3,2024,21315,18750,18738.79039993626,1.0005982029695886,TRUE,TRUE,TRUE,complete_construction_year_geometry,3,3,0,TRUE,TRUE,retain_mechanical,2024_primary_year_recode,FALSE,use_exact_construction_year_parcel_union
commercial_13361030360000,2017,2346 N CALIFORNIA CHICAGO,13361030360000/13361030370000/13361030380000/13361030390000/13361030400000/13361030410000/13361030420000/13361030430000/13361030440000,9,2024,59351,31548,30165.99579430744,1.0458133129473337,TRUE,TRUE,TRUE,complete_construction_year_geometry,9,9,0,TRUE,TRUE,review_required,component_membership_changed_across_vintages,FALSE,use_exact_construction_year_parcel_union
commercial_13361070340000,2008,2827 W BELDEN CHICAGO,13361070340000,1,2024,59359,15357,12693.427799923113,1.2098386851889622,FALSE,TRUE,TRUE,complete_construction_year_geometry,1,1,0,TRUE,TRUE,retain_mechanical,2024_primary_year_recode,FALSE,use_exact_construction_year_parcel_union
commercial_13361070360000,2006,2318 N MILWAUKEE CHICAGO,13361070350000/13361070360000/13361070370000/13361070380000,4,2024,61246,15904,9285.73800014332,1.7127340874526646,FALSE,FALSE,TRUE,complete_construction_year_geometry,4,4,0,TRUE,TRUE,retain_mechanical,coherent_2024_primary_entity,FALSE,use_exact_construction_year_parcel_union
commercial_13361150430000,2015,3044 W ARMITAGE CHICAGO,13361150430000/13361150440000/13361150450000/13361150460000,4,2024,59372,12500,12751.502800047398,0.9802766149220888,TRUE,TRUE,TRUE,complete_construction_year_geometry,4,4,0,TRUE,TRUE,review_required,permit_unit_counts_do_not_include_assessor_count,FALSE,use_exact_construction_year_parcel_union
commercial_13361250140000,2008,2030 N CALIFORNIA CHICAGO,13361250140000/13361250150000/13361250160000,3,2024,59385,9128,9256.641200505195,0.9861028209132515,TRUE,TRUE,TRUE,complete_construction_year_geometry,3,3,0,TRUE,TRUE,retain_mechanical,2024_primary_year_recode,FALSE,use_exact_construction_year_parcel_union
commercial_13362040010000,2018,2533 W FULLERTON CHICAGO,13362040010000/13362040020000/13362040030000,3,2024,59387,10200,10176.861534758704,1.0022736346723662,TRUE,TRUE,TRUE,complete_construction_year_geometry,3,3,0,TRUE,TRUE,retain_mechanical,2024_primary_year_recode,FALSE,use_exact_construction_year_parcel_union
commercial_13362100010000,2014,2291 N MILWAUKEE CHICAGO,13362100010000/13362100020000/13362100030000/13362100040000/13362100050000/13362100060000/13362100120000/13362100130000/13362100140000,9,2024,59390,41931,42198.38380009495,0.9936636483197646,TRUE,TRUE,TRUE,complete_construction_year_geometry,9,9,0,TRUE,TRUE,review_required,component_membership_changed_across_vintages,FALSE,use_exact_construction_year_parcel_union
commercial_13362240070000,2014,2129 N CAMPBELL CHICAGO,13362240070000,1,2024,59395,9390,10026.094400067814,0.9365561130101158,TRUE,TRUE,TRUE,complete_construction_year_geometry,1,1,0,TRUE,TRUE,retain_mechanical,2024_primary_year_recode,FALSE,use_exact_construction_year_parcel_union
commercial_13363200350000,2007,1727 N HUMBOLDT CHICAGO,13363200350000,1,2024,59434,18748,18748.066039726134,0.999996477517948,TRUE,TRUE,TRUE,complete_construction_year_geometry,1,1,0,TRUE,TRUE,retain_mechanical,2024_primary_year_recode,FALSE,use_exact_construction_year_parcel_union
commercial_13363280310000,2021,2942 W NORTH CHICAGO,13363280310000/13363280350000,2,2024,59443,17830,17497.909559234977,1.0189788637117372,TRUE,TRUE,TRUE,complete_construction_year_geometry,2,2,0,TRUE,TRUE,retain_mechanical,coherent_2024_revision_same_entity,FALSE,use_exact_construction_year_parcel_union
commercial_13364000330000,2011,1943 N CALIFORNIA CHICAGO,13364000330000/13364000340000,2,2024,59449,20381,20616.72571964562,0.9885662872538001,TRUE,TRUE,TRUE,complete_construction_year_geometry,2,2,0,TRUE,TRUE,review_required,permit_unit_counts_do_not_include_assessor_count,FALSE,use_exact_construction_year_parcel_union
commercial_13364040200000,2017,2435 W ARMITAGE CHICAGO,13364040200000/13364040210000/13364040220000/13364040250000/13364040340000,5,2024,59452,22019,22613.426276525483,0.9737135686889454,TRUE,TRUE,TRUE,complete_construction_year_geometry,5,5,0,TRUE,TRUE,retain_mechanical,2024_primary_year_recode,FALSE,use_exact_construction_year_parcel_union
commercial_13364040260000,2019,1966 N MILWAUKEE CHICAGO,13364040260000/13364040270000,2,2024,59453,6400,6545.945410134271,0.9777044565773002,TRUE,TRUE,TRUE,complete_construction_year_geometry,2,2,0,TRUE,TRUE,retain_mechanical,coherent_2024_revision_same_entity,FALSE,use_exact_construction_year_parcel_union
commercial_13364090210000,2011,1803 N CALIFORNIA CHICAGO,13364090210000/13364090220000,2,2024,59455,6285,6285.963399915025,0.999846737905754,TRUE,TRUE,TRUE,complete_construction_year_geometry,2,2,0,TRUE,TRUE,retain_mechanical,2024_primary_year_recode,FALSE,use_exact_construction_year_parcel_union
commercial_13364140420000,2020,2404 W. Moffat St.,13364140420000/13364140430000,2,2021,79777,4450,4408.297447707504,1.0094600132561797,TRUE,TRUE,TRUE,complete_construction_year_geometry,2,2,0,TRUE,TRUE,review_required,permit_unit_counts_do_not_include_assessor_count,FALSE,use_exact_construction_year_parcel_union
commercial_13364240420000,2021,1714 N WESTERN CHICAGO,13364240420000/13364240430000/13364240440000/13364240450000/13364240460000/13364240470000/13364240480000,7,2024,59458,17412,17301.94384510955,1.0063609127318698,TRUE,TRUE,TRUE,complete_construction_year_geometry,7,7,0,TRUE,TRUE,retain_mechanical,coherent_2024_primary_entity,FALSE,use_exact_construction_year_parcel_union
commercial_13364240570000,2022,1730 N WESTERN CHICAGO,13364240570000,1,2024,59459,31378,31378.200816094875,0.9999936001399171,TRUE,TRUE,TRUE,complete_construction_year_geometry,1,1,0,TRUE,TRUE,retain_mechanical,coherent_2024_primary_entity,FALSE,use_exact_construction_year_parcel_union
commercial_13364250360000,2014,2744 W NORTH CHICAGO,13364250360000/13364250370000/13364250380000,3,2024,59460,9000,9052.534000141546,0.9941967630123538,TRUE,TRUE,TRUE,complete_construction_year_geometry,3,3,0,TRUE,TRUE,review_required,permit_unit_counts_do_not_include_assessor_count,FALSE,use_exact_construction_year_parcel_union
commercial_13364270320000,2013,2656 W NORTH CHICAGO,13364270320000,1,2024,59463,6539,6377.434400227619,1.0253339493020288,TRUE,TRUE,TRUE,complete_construction_year_geometry,1,1,0,TRUE,TRUE,retain_mechanical,coherent_2024_revision_same_entity,FALSE,use_exact_construction_year_parcel_union
commercial_13364270350000,2007,2644 W NORTH CHICAGO,13364270350000/13364270360000/13364270370000/13364270380000/13364270390000,5,2024,59465,16134,15823.46519999206,1.0196249554748662,TRUE,TRUE,TRUE,complete_construction_year_geometry,5,5,0,TRUE,TRUE,retain_mechanical,coherent_2024_revision_same_entity,FALSE,use_exact_construction_year_parcel_union
commercial_14052000010000,2019,6351 N BROADWAY CHICAGO,14052000010000/14052000020000,2,2024,40054,15000,15037.222180128098,0.9975246638187413,TRUE,TRUE,TRUE,complete_construction_year_geometry,2,2,0,TRUE,TRUE,review_required,permit_unit_counts_do_not_include_assessor_count,FALSE,use_exact_construction_year_parcel_union
commercial_14083050540000,2021,1212 W CARMEN CHICAGO,14083050540000,1,2024,39935,8213,8213.037844717503,0.9999953921169952,TRUE,TRUE,TRUE,complete_construction_year_geometry,1,1,0,TRUE,TRUE,retain_mechanical,stable_membership_2021_field_fallback,FALSE,use_exact_construction_year_parcel_union
commercial_14083060130000,2014,5058 N CLARK CHICAGO,14083060130000,1,2024,39829,6734,6786.001799624413,0.9923369015865438,TRUE,TRUE,TRUE,complete_construction_year_geometry,1,1,0,TRUE,TRUE,retain_mechanical,stable_membership_2021_field_fallback,FALSE,use_exact_construction_year_parcel_union
commercial_14083170400000,2021,1236 W LAWRENCE CHICAGO,14083170400000,1,2024,40757,4025,4015.693034972995,1.0023176485219238,TRUE,TRUE,TRUE,complete_construction_year_geometry,1,1,0,TRUE,TRUE,review_required,permit_unit_counts_do_not_include_assessor_count,FALSE,use_exact_construction_year_parcel_union
commercial_14084000010000,2019,5153 N BROADWAY CHICAGO,14084000010000/14084000020000,2,2024,40304,10500,10496.150679642336,1.000366736385095,TRUE,TRUE,TRUE,complete_construction_year_geometry,2,2,0,TRUE,TRUE,retain_mechanical,stable_membership_2021_field_fallback,FALSE,use_exact_construction_year_parcel_union
commercial_14084000040000,2017,5137 N BROADWAY CHICAGO,14084000040000/14084000090000,2,2024,39987,14750,14587.452144176234,1.0111429915393868,TRUE,TRUE,TRUE,complete_construction_year_geometry,2,2,0,TRUE,TRUE,retain_mechanical,stable_membership_2021_field_fallback,FALSE,use_exact_construction_year_parcel_union
commercial_14084040010000,2022,5077 N BROADWAY CHICAGO,14084040010000,1,2024,40926,13500,13331.11128254654,1.01266876510697,TRUE,TRUE,TRUE,complete_construction_year_geometry,1,1,0,TRUE,TRUE,review_required,missing_or_nonpositive_building_area,FALSE,use_exact_construction_year_parcel_union
commercial_14171000010000,2019,4757 N ASHLAND CHICAGO,14171000010000,1,2024,39958,17940,17938.591262713075,1.0000785310990308,TRUE,TRUE,TRUE,complete_construction_year_geometry,1,1,0,TRUE,TRUE,review_required,permit_unit_counts_do_not_include_assessor_count,FALSE,use_exact_construction_year_parcel_union
commercial_14171060100000,2008,4644 N CLARK CHICAGO,14171060100000/14171060110000,2,2024,39978,28349,28010.71219982207,1.0120770867147062,TRUE,TRUE,TRUE,complete_construction_year_geometry,2,2,0,TRUE,TRUE,retain_mechanical,stable_membership_2021_field_fallback,FALSE,use_exact_construction_year_parcel_union
commercial_14171150220000,2014,4520 N BEACON CHICAGO,14171150220000/14171150310000,2,2024,40066,23828,23829.0957996808,0.9999540142148066,TRUE,TRUE,TRUE,complete_construction_year_geometry,2,2,0,TRUE,TRUE,retain_mechanical,stable_membership_2021_field_fallback,FALSE,use_exact_construction_year_parcel_union
commercial_14171200250000,2022,4410 N CLARK CHICAGO,14171200250000,1,2024,39911,10000,10028.96488270798,0.9971118771431814,TRUE,TRUE,TRUE,complete_construction_year_geometry,1,1,0,TRUE,TRUE,review_required,missing_or_nonpositive_building_area,FALSE,use_exact_construction_year_parcel_union
commercial_14171210100000,2014,4425 N CLARK CHICAGO,14171210100000/14171210110000/14171210120000,3,2024,39984,10925,10946.295400127769,0.9980545564184646,TRUE,TRUE,TRUE,complete_construction_year_geometry,3,3,0,TRUE,TRUE,retain_mechanical,stable_membership_2021_field_fallback,FALSE,use_exact_construction_year_parcel_union
commercial_14192240330000,2019,3720 N ASHLAND CHICAGO,14192240330000/14192240340000,2,2024,39848,5400,5418.040112547576,0.9966703619440178,TRUE,TRUE,TRUE,complete_construction_year_geometry,2,2,0,TRUE,TRUE,retain_mechanical,stable_membership_2021_field_fallback,FALSE,use_exact_construction_year_parcel_union
commercial_14192320210000,2011,1607 W WAVELAND CHICAGO,14192320210000,1,2024,39813,5184,5184.576400061138,0.9998888240780613,TRUE,TRUE,TRUE,complete_construction_year_geometry,1,1,0,TRUE,TRUE,retain_mechanical,stable_membership_2021_field_fallback,FALSE,use_exact_construction_year_parcel_union
commercial_14193160240000,2007,3307 N WESTERN CHICAGO,14193160240000/14193160250000,2,2024,39786,7811,7776.1815004665405,1.0044775831854453,TRUE,TRUE,TRUE,complete_construction_year_geometry,2,2,0,TRUE,TRUE,retain_mechanical,stable_membership_2021_field_fallback,FALSE,use_exact_construction_year_parcel_union
commercial_14194140460000,2014,1728 W ROSCOE CHICAGO,14194140460000/14194140470000/14194140480000,3,2024,40400,34176,11392.949726011604,2.9997499174398787,FALSE,FALSE,FALSE,complete_construction_year_geometry,3,3,2,TRUE,TRUE,retain_mechanical,stable_membership_2021_field_fallback,TRUE,predecessor_parcel_union_requires_review
commercial_14194350290000,2019,3220 N LINCOLN CHICAGO,14194350290000/14194350300000,2,2024,39897,6149,5977.9436077699065,1.0286145878003534,TRUE,TRUE,TRUE,complete_construction_year_geometry,2,2,0,TRUE,TRUE,review_required,permit_unit_counts_do_not_include_assessor_count,FALSE,use_exact_construction_year_parcel_union
commercial_14194350410000,2021,1642 W BELMONT CHICAGO,14194350410000,1,2024,39941,6250,6385.716445151891,0.9787468725995611,TRUE,TRUE,TRUE,complete_construction_year_geometry,1,1,0,TRUE,TRUE,retain_mechanical,stable_membership_2021_field_fallback,FALSE,use_exact_construction_year_parcel_union
commercial_14201040060000,2022,3839 N CLARK CHICAGO,14201040060000/14201040070000,2,2024,39872,5140,5141.563046581403,0.9996959977798109,TRUE,TRUE,TRUE,complete_construction_year_geometry,2,2,0,TRUE,TRUE,review_required,missing_or_nonpositive_building_area,FALSE,use_exact_construction_year_parcel_union
commercial_14201080160000,2014,3819 N SOUTHPORT CHICAGO,14201080160000,1,2024,39781,6000,6001.118999922648,0.9998135347886515,TRUE,TRUE,TRUE,complete_construction_year_geometry,1,1,0,TRUE,TRUE,retain_mechanical,stable_membership_2021_field_fallback,FALSE,use_exact_construction_year_parcel_union
commercial_14202200010000,2021,959 W GRACE CHICAGO,14202200010000/14202200020000,2,2024,40451,15112,15025.876504272224,1.0057316786613606,TRUE,TRUE,TRUE,complete_construction_year_geometry,2,2,0,TRUE,TRUE,retain_mechanical,stable_membership_2021_field_fallback,FALSE,use_exact_construction_year_parcel_union
commercial_14202220280000,2011,3740 N HALSTED CHICAGO,14202220280000,1,2024,40044,58669,45080.401799272746,1.3014302814165795,FALSE,FALSE,TRUE,complete_construction_year_geometry,1,1,0,TRUE,TRUE,retain_mechanical,stable_membership_2021_field_fallback,FALSE,use_exact_construction_year_parcel_union
commercial_14202300160000,2012,3600 N HALSTED CHICAGO,14202300160000/14202300200000,2,2024,39735,163152,40314.85840047896,4.046944637118251,FALSE,FALSE,TRUE,complete_construction_year_geometry,2,2,0,TRUE,TRUE,review_required,documented_manual_case,FALSE,use_exact_construction_year_parcel_union
commercial_14203000310000,2020,3515 N ASHLAND CHICAGO,14203000310000/14203000320000/14203000330000,3,2024,40620,45271,45269.80864812434,1.0000263166978443,TRUE,TRUE,TRUE,complete_construction_year_geometry,3,3,0,TRUE,TRUE,review_required,permit_unit_counts_do_not_include_assessor_count,FALSE,use_exact_construction_year_parcel_union
commercial_14203080100000,2022,3415 N ASHLAND CHICAGO,14203080100000/14203080310000/14203080330000,3,2024,40076,16585,16370.983837664127,1.0130728955851447,TRUE,TRUE,TRUE,complete_construction_year_geometry,3,3,0,TRUE,TRUE,review_required,missing_or_nonpositive_building_area,FALSE,use_exact_construction_year_parcel_union
commercial_14203280470000,2008,1511 W MELROSE CHICAGO,14203280470000,1,2024,39723,37577,22407.749525251915,1.6769644786351006,FALSE,FALSE,TRUE,complete_construction_year_geometry,1,1,0,TRUE,TRUE,retain_mechanical,stable_membership_2021_field_fallback,FALSE,use_exact_construction_year_parcel_union
commercial_14203290420000,2019,1400 W BELMONT CHICAGO,14203290420000,1,2024,39948,9000,8978.002142892743,1.0024501951277291,TRUE,TRUE,TRUE,complete_construction_year_geometry,1,1,0,TRUE,TRUE,retain_mechanical,stable_membership_2021_field_fallback,FALSE,use_exact_construction_year_parcel_union
commercial_14213040110000,2022,3478 N BROADWAY CHICAGO,14213040110000/14213040120000/14213040320000,3,2024,39864,69112,68669.38620495796,1.0064455766900402,TRUE,TRUE,TRUE,complete_construction_year_geometry,3,3,0,TRUE,TRUE,review_required,missing_or_nonpositive_building_area,FALSE,use_exact_construction_year_parcel_union
commercial_14281230200000,2017,514 W DIVERSEY CHICAGO,14281230200000,1,2024,39890,11218,11218.26405607164,0.9999764619489859,TRUE,TRUE,TRUE,complete_construction_year_geometry,1,1,0,TRUE,TRUE,review_required,permit_unit_counts_do_not_include_assessor_count,FALSE,use_exact_construction_year_parcel_union
commercial_14291000140000,2022,3113 N LINCOLN CHICAGO,14291000140000/14291000380000,2,2024,39769,3992,3825.063588609919,1.0436427807075355,TRUE,TRUE,TRUE,complete_construction_year_geometry,2,2,0,TRUE,TRUE,review_required,missing_or_nonpositive_building_area,FALSE,use_exact_construction_year_parcel_union
commercial_14293180280000,2015,1544 W FULLERTON CHICAGO,14293180280000/14293180290000/14293180300000/14293180310000,4,2024,39790,12500,12467.628400027752,1.0025964521024846,TRUE,TRUE,TRUE,complete_construction_year_geometry,4,4,0,TRUE,TRUE,retain_mechanical,stable_membership_2021_field_fallback,FALSE,use_exact_construction_year_parcel_union
commercial_14294010290000,2018,2740 N LINCOLN CHICAGO,14294010290000,1,2024,39793,6250,6164.431299541146,1.0138810372442992,TRUE,TRUE,TRUE,complete_construction_year_geometry,1,1,0,TRUE,TRUE,retain_mechanical,stable_membership_2021_field_fallback,FALSE,use_exact_construction_year_parcel_union
commercial_14294020280000,2011,2653 N LINCOLN CHICAGO,14294020280000,1,2024,39770,5316,5336.816000066698,0.9960995469833629,TRUE,TRUE,TRUE,complete_construction_year_geometry,1,1,0,TRUE,TRUE,retain_mechanical,stable_membership_2021_field_fallback,FALSE,use_exact_construction_year_parcel_union
commercial_14301040010000,2006,3123 N OAKLEY CHICAGO,14301040010000/14301040020000,2,2024,40083,5681,5697.119799610227,0.9971705352568977,TRUE,TRUE,TRUE,complete_construction_year_geometry,2,2,0,TRUE,TRUE,retain_mechanical,stable_membership_2021_field_fallback,FALSE,use_exact_construction_year_parcel_union
commercial_14301220270000,2019,2847 N CLYBOURN CHICAGO,14301220270000/14301220280000/14301220290000/14301220300000/14301220460000,5,2024,40168,28125,28242.837242662907,0.9958277122921311,TRUE,TRUE,TRUE,complete_construction_year_geometry,5,5,0,TRUE,TRUE,review_required,permit_unit_counts_do_not_include_assessor_count,FALSE,use_exact_construction_year_parcel_union
commercial_14301230060000,2020,2810 N LEAVITT CHICAGO,14301230060000/14301230100000/14303020250000/14303020270000,4,2024,39736,816149,331534.7340214327,2.4617299976395186,FALSE,FALSE,TRUE,complete_construction_year_geometry,4,4,0,TRUE,TRUE,review_required,permit_unit_counts_do_not_include_assessor_count,FALSE,use_exact_construction_year_parcel_union
commercial_14303020298002,2022,2737  HOYNE CHICAGO,14303020298002,1,2024,39719,0,161662.96648534096,NA,FALSE,FALSE,TRUE,complete_construction_year_geometry,1,1,0,TRUE,TRUE,review_required,missing_or_nonpositive_building_area,FALSE,use_exact_construction_year_parcel_union
commercial_14303140460000,2021,2439 N WESTERN CHICAGO,14303140460000,1,2024,59470,13944,13618.770042138174,1.0238810081127387,TRUE,TRUE,TRUE,complete_construction_year_geometry,1,1,0,TRUE,TRUE,review_required,documented_manual_case,FALSE,use_exact_construction_year_parcel_union
commercial_14313080700000,2018,1920 N MILWAUKEE CHICAGO,14313080700000,1,2024,59505,11444,11444.152322500944,0.9999866899271653,TRUE,TRUE,TRUE,complete_construction_year_geometry,1,1,0,TRUE,TRUE,review_required,documented_manual_case,FALSE,use_exact_construction_year_parcel_union
commercial_14313130050000,2006,1840 N MILWAUKEE CHICAGO,14313130050000/14313130060000/14313130070000/14313130080000/14313130090000,5,2024,59510,13200,13318.468199878933,0.9911049680713274,TRUE,TRUE,TRUE,complete_construction_year_geometry,5,5,0,TRUE,TRUE,retain_mechanical,2024_primary_year_recode,FALSE,use_exact_construction_year_parcel_union
commercial_14313130360000,2008,1800 N MILWAUKEE CHICAGO,14313130360000,1,2024,59512,5936,5936.337000325322,0.9999432309309084,TRUE,TRUE,TRUE,complete_construction_year_geometry,1,1,0,TRUE,TRUE,retain_mechanical,2024_primary_year_recode,FALSE,use_exact_construction_year_parcel_union
commercial_14313190010000,2019,1741 N WESTERN CHICAGO,14313190010000/14313190020000,2,2024,59514,7614,7615.100874925032,0.9998554352800949,TRUE,TRUE,TRUE,complete_construction_year_geometry,2,2,0,TRUE,TRUE,retain_mechanical,2024_primary_year_recode,FALSE,use_exact_construction_year_parcel_union
commercial_14313260010000,2018,2353 W WABANSIA CHICAGO,14313260010000/14313260020000/14313260030000/14313260040000/14313260050000,5,2024,59517,13500,13759.890334975964,0.9811124704740303,TRUE,TRUE,TRUE,complete_construction_year_geometry,5,5,0,TRUE,TRUE,retain_mechanical,2024_primary_year_recode,FALSE,use_exact_construction_year_parcel_union
commercial_14313260840000,2019,1655 N WESTERN CHICAGO,14313260840000,1,2024,59518,4982,4981.941783087289,1.000011685586714,TRUE,TRUE,TRUE,complete_construction_year_geometry,1,1,0,TRUE,TRUE,retain_mechanical,2024_primary_year_recode,FALSE,use_exact_construction_year_parcel_union
commercial_14313320050000,2015,1647 N MILWAUKEE CHICAGO,14313320050000/14313320060000/14313320070000/14313320080000,4,2024,59528,12000,12355.218799814582,0.9712494933865589,TRUE,TRUE,TRUE,complete_construction_year_geometry,4,4,0,TRUE,TRUE,retain_mechanical,2024_primary_year_recode,FALSE,use_exact_construction_year_parcel_union
commercial_14314240420000,2020,1938 W NORTH CHICAGO,14314240420000/14314240480000/14314240490000,3,2024,59536,3025,5814.349052330945,0.5202646027567424,FALSE,FALSE,TRUE,complete_construction_year_geometry,3,3,0,TRUE,TRUE,retain_mechanical,coherent_2024_primary_entity,FALSE,use_exact_construction_year_parcel_union
commercial_16012020260000,2018,2635 W NORTH CHICAGO,16012020260000/16012020270000/16012020470000/16012020480000,4,2024,59545,10854,10772.44122986123,1.007571057330319,TRUE,TRUE,TRUE,complete_construction_year_geometry,4,4,0,TRUE,TRUE,retain_mechanical,2024_primary_year_recode,FALSE,use_exact_construction_year_parcel_union
commercial_16012150290000,2016,1444 N WESTERN CHICAGO,16012150290000/16012150300000,2,2024,59556,5450,5492.102736081928,0.9923339496536869,TRUE,TRUE,TRUE,complete_construction_year_geometry,2,2,0,TRUE,TRUE,retain_mechanical,2024_primary_year_recode,FALSE,use_exact_construction_year_parcel_union
commercial_16012210370000,2019,1322 N WESTERN CHICAGO,16012210370000/16012210380000/16012210390000,3,2024,59559,8175,8221.33243460767,0.9943643642954233,TRUE,TRUE,TRUE,complete_construction_year_geometry,3,3,0,TRUE,TRUE,retain_mechanical,2024_primary_year_recode,FALSE,use_exact_construction_year_parcel_union
commercial_16012270350000,2017,2516 W DIVISION CHICAGO,16012270350000,1,2024,59566,6024,6024.59674581635,0.9999009484216906,TRUE,TRUE,TRUE,complete_construction_year_geometry,1,1,0,TRUE,TRUE,retain_mechanical,2024_primary_year_recode,FALSE,use_exact_construction_year_parcel_union
commercial_16012270360000,2018,2514 W DIVISION CHICAGO,16012270360000/16012270370000,2,2024,59567,6011,6019.525200082571,0.9985837421060295,TRUE,TRUE,TRUE,complete_construction_year_geometry,2,2,0,TRUE,TRUE,retain_mechanical,coherent_2024_primary_entity,FALSE,use_exact_construction_year_parcel_union
commercial_16013030070000,2014,2835 W DIVISION CHICAGO,16013030070000,1,2024,59571,7339,7320.224800181226,1.0025648392407716,TRUE,TRUE,TRUE,complete_construction_year_geometry,1,1,0,TRUE,TRUE,retain_mechanical,2024_primary_year_recode,FALSE,use_exact_construction_year_parcel_union
commercial_16013240410000,2022,2930 W GRAND CHICAGO,16013240410000,1,2024,59591,9375,9389.374132765455,0.9984691064002557,TRUE,TRUE,TRUE,complete_construction_year_geometry,1,1,0,TRUE,TRUE,retain_mechanical,coherent_2024_primary_entity,FALSE,use_exact_construction_year_parcel_union
commercial_16014000010000,2006,2751 W DIVISION CHICAGO,16014000010000/16014000020000,2,2024,59594,14640,14827.741999910211,0.9873384632730089,TRUE,TRUE,TRUE,complete_construction_year_geometry,2,2,0,TRUE,TRUE,retain_mechanical,coherent_2024_revision_same_entity,FALSE,use_exact_construction_year_parcel_union
commercial_16111020190000,2019,740 N AVERS CHICAGO,16111020190000/16111020200000,2,2024,60055,6000,6031.667097263038,0.9947498599056623,TRUE,TRUE,TRUE,complete_construction_year_geometry,2,2,0,TRUE,TRUE,review_required,permit_unit_counts_do_not_include_assessor_count,FALSE,use_exact_construction_year_parcel_union
commercial_16112200020000,2008,541 N HOMAN CHICAGO,16112200020000/16112200030000/16112200060000,3,2024,60079,20104,20105.60199967772,0.9999203207306229,TRUE,TRUE,TRUE,complete_construction_year_geometry,3,3,0,TRUE,TRUE,retain_mechanical,2024_primary_year_recode,FALSE,use_exact_construction_year_parcel_union
commercial_16112200040000,2008,3343 W OHIO CHICAGO,16112200040000/16112200050000,2,2024,60080,13401,13401.671799984297,0.9999498719268519,TRUE,TRUE,TRUE,complete_construction_year_geometry,2,2,0,TRUE,TRUE,retain_mechanical,2024_primary_year_recode,FALSE,use_exact_construction_year_parcel_union
commercial_16113040200000,2014,348 N HAMLIN CHICAGO,16113040200000,1,2024,60085,6242,6241.707199797034,1.000046910275281,TRUE,TRUE,TRUE,complete_construction_year_geometry,1,1,0,TRUE,TRUE,retain_mechanical,2024_primary_year_recode,FALSE,use_exact_construction_year_parcel_union
commercial_16122180170000,2021,520 N WESTERN CHICAGO,16122180170000/16122180180000/16122180190000,3,2024,60112,10846,10290.772392164916,1.0539539294696496,TRUE,TRUE,TRUE,complete_construction_year_geometry,3,3,0,TRUE,TRUE,retain_mechanical,coherent_2024_primary_entity,FALSE,use_exact_construction_year_parcel_union
commercial_16132180010000,2016,2635 W VAN BUREN CHICAGO,16132180010000/16132180030000,2,2024,60135,128372,128372.36340740626,0.9999971691149355,TRUE,TRUE,TRUE,complete_construction_year_geometry,2,2,0,TRUE,TRUE,review_required,permit_unit_counts_do_not_include_assessor_count,FALSE,use_exact_construction_year_parcel_union
commercial_16132190540000,2011,337 S MAPLEWOOD CHICAGO,16132190540000,1,2024,60136,13274,13274.42821269849,0.9999677415334484,TRUE,TRUE,TRUE,complete_construction_year_geometry,1,1,0,TRUE,TRUE,retain_mechanical,2024_primary_year_recode,FALSE,use_exact_construction_year_parcel_union
commercial_16134200390000,2006,900 S WESTERN CHICAGO,16134200390000,1,2024,60149,4607,4605.532399751246,1.0003186602810206,TRUE,TRUE,TRUE,complete_construction_year_geometry,1,1,0,TRUE,TRUE,retain_mechanical,2024_primary_year_recode,FALSE,use_exact_construction_year_parcel_union
commercial_16134200470000,2014,922 S WESTERN CHICAGO,16134200470000/16134200530000,2,2024,60150,8571,6629.147399678826,1.2929264478890987,FALSE,FALSE,TRUE,complete_construction_year_geometry,2,2,0,TRUE,TRUE,retain_mechanical,2024_primary_year_recode,FALSE,use_exact_construction_year_parcel_union
commercial_16242060480000,2010,1252 S FAIRFIELD,16242060480000/16242060490000,2,2021,83665,6632,6632.058599779382,0.9999911641644144,TRUE,TRUE,TRUE,complete_construction_year_geometry,2,2,0,TRUE,TRUE,retain_mechanical,coherent_2021_only_entity,FALSE,use_exact_construction_year_parcel_union
commercial_16242060510000,2010,1260 S FAIRFIELD,16242060510000,1,2021,83666,3300,3319.8499999763444,0.9940208142004953,TRUE,TRUE,TRUE,complete_construction_year_geometry,1,1,0,TRUE,TRUE,retain_mechanical,coherent_2021_only_entity,FALSE,use_exact_construction_year_parcel_union
commercial_16242070100000,2010,1255 S FAIRFIELD,16242070100000,1,2021,83667,3006,3006.933599789627,0.999689517656894,TRUE,TRUE,TRUE,complete_construction_year_geometry,1,1,0,TRUE,TRUE,retain_mechanical,coherent_2021_only_entity,FALSE,use_exact_construction_year_parcel_union
commercial_16242070150000,2010,1305 S FAIRFIELD,16242070150000/16242070160000,2,2021,83668,7129,7138.86880004406,0.9986175961037415,TRUE,TRUE,TRUE,complete_construction_year_geometry,2,2,0,TRUE,TRUE,retain_mechanical,coherent_2021_only_entity,FALSE,use_exact_construction_year_parcel_union
commercial_16242070180000,2009,1315 S FAIRFIELD CHICAGO,16242070180000/16242070190000/16242070200000/16242070210000/16242070220000,5,2024,60524,11786,11746.43880003551,1.0033679313907777,TRUE,TRUE,TRUE,complete_construction_year_geometry,5,5,0,TRUE,TRUE,review_required,permit_unit_counts_do_not_include_assessor_count,FALSE,use_exact_construction_year_parcel_union
commercial_16242070310000,2010,1345 S FAIRFIELD,16242070310000,1,2021,83670,3133,3133.2674000000115,0.9999146577786462,TRUE,TRUE,TRUE,complete_construction_year_geometry,1,1,0,TRUE,TRUE,retain_mechanical,coherent_2021_only_entity,FALSE,use_exact_construction_year_parcel_union
commercial_16244000200000,2007,1655 S CALIFORNIA CHICAGO,16244000200000/16244000210000,2,2024,60535,10032,10095.679000390694,0.9936924499691175,TRUE,TRUE,TRUE,complete_construction_year_geometry,2,2,0,TRUE,TRUE,review_required,permit_unit_counts_do_not_include_assessor_count,FALSE,use_exact_construction_year_parcel_union
commercial_17032230320000,2016,1 E CHESTNUT CHICAGO,17032230320000/17032230330000/17032230350000,3,2024,43070,20817,20817.342451361008,0.9999835497080471,TRUE,TRUE,TRUE,complete_construction_year_geometry,3,3,0,TRUE,TRUE,retain_mechanical,2024_primary_year_recode,FALSE,use_exact_construction_year_parcel_union
commercial_17041030480000,2019,649 W NORTH CHICAGO,17041030480000/17041040180000,2,2024,43077,73996,73996.39553998114,0.9999946546047513,TRUE,TRUE,TRUE,complete_construction_year_geometry,2,2,0,TRUE,TRUE,retain_mechanical,coherent_2024_revision_same_entity,FALSE,use_exact_construction_year_parcel_union
commercial_17041120620000,2018,1457 N HALSTED CHICAGO,17041120610000/17041120620000/17041120630000/17041120640000/17041120700000,5,2024,43081,1540260,79421.1203707289,19.39358186852866,FALSE,FALSE,FALSE,complete_construction_year_geometry,5,5,2,TRUE,TRUE,retain_mechanical,coherent_2024_revision_same_entity,TRUE,predecessor_parcel_union_requires_review
commercial_17041410320000,2016,500 W DIVISION CHICAGO,17041410320000,1,2024,43087,4644,4680.505010947585,0.9922006256029636,TRUE,TRUE,TRUE,complete_construction_year_geometry,1,1,0,TRUE,TRUE,review_required,permit_unit_counts_do_not_include_assessor_count,FALSE,use_exact_construction_year_parcel_union
commercial_17041420020000,2018,1224 N CLYBOURN CHICAGO,17041420020000/17041420040000/17041420060000/17041420070000/17041420080000/17041420090000/17041420100000/17041420110000/17041420120000/17041420130000/17041420140000/17041420150000,12,2024,42877,37698,37703.92656518117,0.9998428130510246,TRUE,TRUE,TRUE,complete_construction_year_geometry,12,12,0,TRUE,TRUE,retain_mechanical,2024_primary_year_recode,FALSE,use_exact_construction_year_parcel_union
commercial_17042000120000,2019,1511 N SEDGWICK CHICAGO,17042000120000,1,2024,43089,2550,2558.893120202236,0.9965246222548236,TRUE,TRUE,TRUE,complete_construction_year_geometry,1,1,0,TRUE,TRUE,retain_mechanical,2024_primary_year_recode,FALSE,use_exact_construction_year_parcel_union
commercial_17042010020000,2018,301 W NORTH CHICAGO,17042010020000/17042010080000/17042010090000/17042010100000,4,2024,43094,13932,13847.635869944468,1.0060923128574344,TRUE,TRUE,TRUE,complete_construction_year_geometry,4,4,0,TRUE,TRUE,retain_mechanical,coherent_2024_revision_same_entity,FALSE,use_exact_construction_year_parcel_union
commercial_17042021050000,2017,1550 N WIELAND CHICAGO,17042021050000,1,2024,43097,10935,10935.736911267042,0.9999326143932483,TRUE,TRUE,TRUE,complete_construction_year_geometry,1,1,0,TRUE,TRUE,review_required,permit_unit_counts_do_not_include_assessor_count,FALSE,use_exact_construction_year_parcel_union
commercial_17042040030000,2018,1553 N WELLS CHICAGO,17042040030000,1,2024,43103,6827,6918.261599816382,0.9868085936763645,TRUE,TRUE,TRUE,complete_construction_year_geometry,1,1,0,TRUE,TRUE,retain_mechanical,2024_primary_year_recode,FALSE,use_exact_construction_year_parcel_union
commercial_17042040040000,2020,157 W NORTH CHICAGO,17042040040000/17042040050000/17042040060000,3,2024,43104,7490,7673.808707528165,0.9760472648545637,TRUE,TRUE,TRUE,complete_construction_year_geometry,3,3,0,TRUE,TRUE,retain_mechanical,coherent_2024_primary_entity,FALSE,use_exact_construction_year_parcel_union
commercial_17042050480000,2019,1435 N WELLS CHICAGO,17042050480000/17042050580000/17042050590000/17042050600000,4,2024,43110,9675,9714.653282654472,0.9959181988794934,TRUE,TRUE,TRUE,complete_construction_year_geometry,4,4,0,TRUE,TRUE,retain_mechanical,2024_primary_year_recode,FALSE,use_exact_construction_year_parcel_union
commercial_17042120010000,2021,1367 N SEDGWICK CHICAGO,17042120010000/17042120020000/17042120030000/17042120040000/17042120050000/17042120380000/17042120460000,7,2024,43119,16286,16234.580986420391,1.0031672522760284,TRUE,TRUE,TRUE,complete_construction_year_geometry,7,7,0,TRUE,TRUE,review_required,component_membership_changed_across_vintages,FALSE,use_exact_construction_year_parcel_union
commercial_17042140160000,2017,321 W EVERGREEN CHICAGO,17042140160000/17042140170000,2,2024,43121,7650,6997.439028295514,1.09325711436223,TRUE,TRUE,TRUE,complete_construction_year_geometry,2,2,0,TRUE,TRUE,retain_mechanical,coherent_2024_revision_same_entity,FALSE,use_exact_construction_year_parcel_union
commercial_17042150180000,2018,1325 N WELLS CHICAGO,17042150180000/17042150530000/17042150540000,3,2024,43124,11988,11952.051082627848,1.0030077613560742,TRUE,TRUE,TRUE,complete_construction_year_geometry,3,3,0,TRUE,TRUE,retain_mechanical,2024_primary_year_recode,FALSE,use_exact_construction_year_parcel_union
commercial_17042200150000,2015,211 W SCOTT CHICAGO,17042200150000,1,2024,43130,31548,31943.92440085113,0.9876056430674316,TRUE,TRUE,TRUE,complete_construction_year_geometry,1,1,0,TRUE,TRUE,retain_mechanical,2024_primary_year_recode,FALSE,use_exact_construction_year_parcel_union
commercial_17042200450000,2022,236 W DIVISION CHICAGO,17042200220000/17042200450000,2,2024,43131,21161,21396.277748793364,0.9890038000274776,TRUE,TRUE,TRUE,complete_construction_year_geometry,2,2,0,TRUE,TRUE,retain_mechanical,coherent_2024_primary_entity,FALSE,use_exact_construction_year_parcel_union
commercial_17042230340000,2019,1201 N CLARK CHICAGO,17042230340000,1,2024,43141,14453,14531.743482938036,0.9945812776677148,TRUE,TRUE,TRUE,complete_construction_year_geometry,1,1,0,TRUE,TRUE,retain_mechanical,2024_primary_year_recode,FALSE,use_exact_construction_year_parcel_union
commercial_17042240390000,2022,1210 N STATE CHICAGO,17042240360000/17042240370000/17042240380000/17042240390000/17042240400000,5,2024,43143,19044,19054.635537605733,0.9994418398827549,TRUE,TRUE,TRUE,complete_construction_year_geometry,5,5,0,TRUE,TRUE,retain_mechanical,coherent_2024_primary_entity,FALSE,use_exact_construction_year_parcel_union
commercial_17044360580000,2016,347 W CHESTNUT CHICAGO,17044360580000,1,2024,43172,23232,23628.517667677253,0.9832186820496289,TRUE,TRUE,TRUE,complete_construction_year_geometry,1,1,0,TRUE,TRUE,retain_mechanical,2024_primary_year_recode,FALSE,use_exact_construction_year_parcel_union
commercial_17044460020000,2022,808 N WELLS CHICAGO,17044460020000/17044460030000/17044460040000/17044460140000/17044460150000/17044460160000/17044460170000,7,2024,43180,20710,20840.44011468254,0.9937410095964988,TRUE,TRUE,TRUE,complete_construction_year_geometry,7,7,0,TRUE,TRUE,retain_mechanical,coherent_2024_primary_entity,FALSE,use_exact_construction_year_parcel_union
commercial_17044510060000,2020,HILL CHICAGO,17044510060000,1,2024,43190,63902,48672.747048310935,1.3128907628035258,FALSE,FALSE,TRUE,complete_construction_year_geometry,1,1,0,TRUE,TRUE,review_required,permit_unit_counts_do_not_include_assessor_count,FALSE,use_exact_construction_year_parcel_union
commercial_17044510070000,2022,202 W HILL CHICAGO,17044510070000,1,2024,43191,56091,56091.4638790795,0.9999917299523418,TRUE,TRUE,TRUE,complete_construction_year_geometry,1,1,0,TRUE,TRUE,retain_mechanical,2024_primary_year_recode,FALSE,use_exact_construction_year_parcel_union
commercial_17044510080000,2021,228 W HILL CHICAGO,17044510080000,1,2024,43192,64231,64237.5415748551,0.9998981658591732,TRUE,TRUE,TRUE,complete_construction_year_geometry,1,1,0,TRUE,TRUE,retain_mechanical,coherent_2024_revision_same_entity,FALSE,use_exact_construction_year_parcel_union
commercial_17051000220000,2015,1545 W NORTH CHICAGO,17051000220000/17051000240000/17051000490000,3,2024,60605,11611,11428.89240009524,1.015933967486057,TRUE,TRUE,TRUE,complete_construction_year_geometry,3,3,0,TRUE,TRUE,retain_mechanical,2024_primary_year_recode,FALSE,use_exact_construction_year_parcel_union
commercial_17051150730000,2019,1222 N BOSWORTH CHICAGO,17051150730000/17051150740000/17051150980000,3,2024,60624,8060,9242.832222316414,0.8720270806754972,FALSE,TRUE,TRUE,complete_construction_year_geometry,3,3,0,TRUE,TRUE,retain_mechanical,2024_primary_year_recode,FALSE,use_exact_construction_year_parcel_union
commercial_17051160950000,2014,1510 W DIVISION CHICAGO,17051160950000,1,2024,60627,5568,5499.140800058958,1.0125218106690965,TRUE,TRUE,TRUE,complete_construction_year_geometry,1,1,0,TRUE,TRUE,retain_mechanical,2024_primary_year_recode,FALSE,use_exact_construction_year_parcel_union
commercial_17052140150000,2015,1515 N FREMONT CHICAGO,17052140150000,1,2024,43195,10401,10401.186149486572,0.9999821030521042,TRUE,TRUE,TRUE,complete_construction_year_geometry,1,1,0,TRUE,TRUE,retain_mechanical,2024_primary_year_recode,FALSE,use_exact_construction_year_parcel_union
commercial_17052140160000,2011,840 W BLACKHAWK CHICAGO,17052140160000,1,2024,43196,50597,50597.37401549518,0.9999926080058015,TRUE,TRUE,TRUE,complete_construction_year_geometry,1,1,0,TRUE,TRUE,retain_mechanical,2024_primary_year_recode,FALSE,use_exact_construction_year_parcel_union
commercial_17052150110000,2011,1530 N HALSTED CHICAGO,17052150110000/17052150210000,2,2024,43197,8190,8175.235200280324,1.0018060397478437,TRUE,TRUE,TRUE,complete_construction_year_geometry,2,2,0,TRUE,TRUE,retain_mechanical,coherent_2024_revision_same_entity,FALSE,use_exact_construction_year_parcel_union
commercial_17053010190000,2015,1517 W HADDON CHICAGO,17053010190000/17053010200000,2,2024,60636,12936,12403.67079930572,1.0429170694149732,TRUE,TRUE,TRUE,complete_construction_year_geometry,2,2,0,TRUE,TRUE,review_required,permit_unit_counts_do_not_include_assessor_count,FALSE,use_exact_construction_year_parcel_union
commercial_17053090020000,2018,1023 N ASHLAND CHICAGO,17053090020000/17053090030000/17053090040000/17053090050000/17053090060000/17053090070000,6,2024,60639,14687,14688.901632631198,0.9998705394944594,TRUE,TRUE,TRUE,complete_construction_year_geometry,6,6,0,TRUE,TRUE,retain_mechanical,2024_primary_year_recode,FALSE,use_exact_construction_year_parcel_union
commercial_17053250350000,2021,1524 W CHICAGO CHICAGO,17053250350000/17053250360000,2,2024,60648,5900,5700.5525150184985,1.0349873954245739,TRUE,TRUE,TRUE,complete_construction_year_geometry,2,2,0,TRUE,TRUE,retain_mechanical,coherent_2024_primary_entity,FALSE,use_exact_construction_year_parcel_union
commercial_17061000020000,2021,2353 W NORTH CHICAGO,17061000020000/17061000030000,2,2024,60656,6150,6185.4199197829585,0.9942736434644196,TRUE,TRUE,TRUE,complete_construction_year_geometry,2,2,0,TRUE,TRUE,retain_mechanical,2024_primary_year_recode,FALSE,use_exact_construction_year_parcel_union
commercial_17061200030000,2007,2153 W EVERGREEN CHICAGO,17061200030000/17061200040000,2,2024,60678,7500,7543.403600154561,0.9942461516769868,TRUE,TRUE,TRUE,complete_construction_year_geometry,2,2,0,TRUE,TRUE,retain_mechanical,2024_primary_year_recode,FALSE,use_exact_construction_year_parcel_union
commercial_17061200050000,2007,2147 W EVERGREEN CHICAGO,17061200050000/17061200060000,2,2024,60679,7500,7536.395200092462,0.9951707415646123,TRUE,TRUE,TRUE,complete_construction_year_geometry,2,2,0,TRUE,TRUE,retain_mechanical,2024_primary_year_recode,FALSE,use_exact_construction_year_parcel_union
commercial_17062260140000,2018,1958 W DIVISION CHICAGO,17062260140000/17062260150000/17062260160000/17062260170000,4,2024,60716,21000,15042.282599962493,1.3960647169368008,FALSE,FALSE,TRUE,complete_construction_year_geometry,4,4,0,TRUE,TRUE,retain_mechanical,coherent_2024_revision_same_entity,FALSE,use_exact_construction_year_parcel_union
commercial_17062320200000,2015,1253 N MILWAUKEE CHICAGO,17062320200000/17062320210000/17062320220000/17062320230000/17062320240000/17062320250000,6,2024,60723,16362,16052.245600020511,1.019296639716196,TRUE,TRUE,TRUE,complete_construction_year_geometry,6,6,0,TRUE,TRUE,retain_mechanical,2024_primary_year_recode,FALSE,use_exact_construction_year_parcel_union
commercial_17064030010000,2015,1825 W DIVISION CHICAGO,17064030010000/17064030020000/17064030030000/17064030040000/17064030050000,5,2024,60771,21333,21307.955999970436,1.0011753356365856,TRUE,TRUE,TRUE,complete_construction_year_geometry,5,5,0,TRUE,TRUE,retain_mechanical,2024_primary_year_recode,FALSE,use_exact_construction_year_parcel_union
commercial_17064080140000,2011,1611 W DIVISION CHICAGO,17064080140000/17064080170000,2,2024,60778,15861,13750.699799671303,1.1534685674964078,FALSE,TRUE,TRUE,complete_construction_year_geometry,2,2,0,TRUE,TRUE,retain_mechanical,2024_primary_year_recode,FALSE,use_exact_construction_year_parcel_union
commercial_17071240140000,2008,2003 W RACE CHICAGO,17071240140000/17071240150000,2,2024,60811,4416,4438.18799977313,0.9950006624833684,TRUE,TRUE,TRUE,complete_construction_year_geometry,2,2,0,TRUE,TRUE,retain_mechanical,2024_primary_year_recode,FALSE,use_exact_construction_year_parcel_union
commercial_17072280050000,2014,1647 W GRAND CHICAGO,17072280050000/17072280080000/17072280230000,3,2024,60821,9600,9591.325399913769,1.0009044214146159,TRUE,TRUE,TRUE,complete_construction_year_geometry,3,3,0,TRUE,TRUE,retain_mechanical,2024_primary_year_recode,FALSE,use_exact_construction_year_parcel_union
commercial_17073270380000,2006,2006 W WARREN CHICAGO,17073270380000/17073270390000/17073270400000,3,2024,60832,9000,9066.797200081812,0.992632767822224,TRUE,TRUE,TRUE,complete_construction_year_geometry,3,3,0,TRUE,TRUE,retain_mechanical,2024_primary_year_recode,FALSE,use_exact_construction_year_parcel_union
commercial_17074160420000,2008,1951 W LAKE CHICAGO,17074160420000,1,2024,60833,73436,3944.127600049797,18.61907307437843,FALSE,FALSE,TRUE,complete_construction_year_geometry,1,1,0,TRUE,TRUE,review_required,permit_unit_counts_do_not_include_assessor_count,FALSE,use_exact_construction_year_parcel_union
commercial_17074210450000,2007,1959 W MAYPOLE CHICAGO,17074210450000,1,2024,60838,18573,4479.84520021081,4.145902184103594,FALSE,FALSE,TRUE,complete_construction_year_geometry,1,1,0,TRUE,TRUE,retain_mechanical,2024_primary_year_recode,FALSE,use_exact_construction_year_parcel_union
commercial_17074290130000,2006,1712 W WARREN CHICAGO,17074290130000/17074290140000/17074290150000/17074290160000/17074290170000/17074290260000,6,2024,60848,19067,19104.61180011928,0.9980312711656855,TRUE,TRUE,TRUE,complete_construction_year_geometry,6,6,0,TRUE,TRUE,review_required,documented_manual_case,FALSE,use_exact_construction_year_parcel_union
commercial_17074350110000,2015,1615 W WARREN CHICAGO,17074350110000/17074350120000/17074350220000,3,2024,60850,22348,22349.4882001378,0.9999334123392682,TRUE,TRUE,TRUE,complete_construction_year_geometry,3,3,0,TRUE,TRUE,retain_mechanical,2024_primary_year_recode,FALSE,use_exact_construction_year_parcel_union
commercial_17083320010000,2019,1533 W WARREN CHICAGO,17083320010000/17083320020000/17083320030000/17083320040000,4,2024,60923,10773,10775.550342425704,0.9997633213762027,TRUE,TRUE,TRUE,complete_construction_year_geometry,4,4,0,TRUE,TRUE,retain_mechanical,2024_primary_year_recode,FALSE,use_exact_construction_year_parcel_union
commercial_17083320080000,2020,1554 W MADISON CHICAGO,17083320080000/17083320110000,2,2024,60925,7207,7208.953149896581,0.9997290660854677,TRUE,TRUE,TRUE,complete_construction_year_geometry,2,2,0,TRUE,TRUE,retain_mechanical,coherent_2024_primary_entity,FALSE,use_exact_construction_year_parcel_union
commercial_17083380230000,2015,1238 W MADISON CHICAGO,17083380230000/17083380250000,2,2024,60926,14790,14789.664129965648,1.0000227097810608,TRUE,TRUE,TRUE,complete_construction_year_geometry,2,2,0,TRUE,TRUE,retain_mechanical,2024_primary_year_recode,FALSE,use_exact_construction_year_parcel_union
commercial_17083380240000,2010,1220 W MADISON CHICAGO,17083380240000,1,2024,60927,25703,20090.04639995162,1.2793897778186265,FALSE,FALSE,TRUE,complete_construction_year_geometry,1,1,0,TRUE,TRUE,retain_mechanical,2024_primary_year_recode,FALSE,use_exact_construction_year_parcel_union
commercial_17083380260000,2011,1108 W MADISON CHICAGO,17083380260000/17083380270000,2,2024,60928,47882,31557.69160025456,1.5172846165850027,FALSE,FALSE,TRUE,complete_construction_year_geometry,2,2,0,TRUE,TRUE,retain_mechanical,2024_primary_year_recode,FALSE,use_exact_construction_year_parcel_union
commercial_17084360010000,2021,1123 W RANDOLPH CHICAGO,17084360010000/17084360020000,2,2024,60944,3250,3269.510777505813,0.9940325085820034,TRUE,TRUE,TRUE,complete_construction_year_geometry,2,2,0,TRUE,TRUE,retain_mechanical,coherent_2024_primary_entity,FALSE,use_exact_construction_year_parcel_union
commercial_17084440130000,2014,20 N ABERDEEN CHICAGO,17084440130000/17084440140000/17084440150000/17084440160000/17084440170000/17084440180000,6,2024,60950,22040,21541.486200532876,1.0231420336937938,TRUE,TRUE,TRUE,complete_construction_year_geometry,6,6,0,TRUE,TRUE,review_required,permit_unit_counts_do_not_include_assessor_count,FALSE,use_exact_construction_year_parcel_union
commercial_17084440270000,2012,1100 W MADISON CHICAGO,17084440270000/17084440280000,2,2024,60951,4599,4584.670799773921,1.0031254589155638,TRUE,TRUE,TRUE,complete_construction_year_geometry,2,2,0,TRUE,TRUE,retain_mechanical,coherent_2024_revision_same_entity,FALSE,use_exact_construction_year_parcel_union
commercial_17084450160000,2012,1048 W MADISON CHICAGO,17084450160000,1,2024,60952,10000,10044.039199965076,0.9956153894774495,TRUE,TRUE,TRUE,complete_construction_year_geometry,1,1,0,TRUE,TRUE,retain_mechanical,coherent_2024_revision_same_entity,FALSE,use_exact_construction_year_parcel_union
commercial_17084470410000,2019,939 W WASHINGTON CHICAGO,17084470410000/17084470420000/17084470430000/17084470440000/17084470450000/17084470460000/17084470470000/17084470480000,8,2024,60953,422232,35937.65966130188,11.74901214991094,FALSE,FALSE,FALSE,complete_construction_year_geometry,8,8,5,TRUE,TRUE,retain_mechanical,coherent_2024_revision_same_entity,TRUE,predecessor_parcel_union_requires_review
commercial_17091150120000,2014,425 W CHICAGO CHICAGO,17091150120000,1,2024,43203,40913,40305.13090153807,1.0150816802939284,TRUE,TRUE,TRUE,complete_construction_year_geometry,1,1,0,TRUE,TRUE,retain_mechanical,2024_primary_year_recode,FALSE,use_exact_construction_year_parcel_union
commercial_17091300080000,2006,440 N KINGSBURY CHICAGO,17091300080000,1,2024,43206,105264,54289.395599633455,1.9389421974097407,FALSE,FALSE,TRUE,complete_construction_year_geometry,1,1,0,TRUE,TRUE,retain_mechanical,stable_membership_2021_field_fallback,FALSE,use_exact_construction_year_parcel_union
commercial_17092060390000,2021,14 W SUPERIOR CHICAGO,17092060390000,1,2024,43212,95780,95780.15821257234,0.9999983481696493,TRUE,TRUE,TRUE,complete_construction_year_geometry,1,1,0,TRUE,TRUE,retain_mechanical,coherent_2024_primary_entity,FALSE,use_exact_construction_year_parcel_union
commercial_17092100010000,2016,719 N WELLS CHICAGO,17092100010000/17092100020000/17092100030000/17092100070000/17092100160000,5,2024,43213,31411,31389.199361048304,1.0006945267606522,TRUE,TRUE,TRUE,complete_construction_year_geometry,5,5,0,TRUE,TRUE,retain_mechanical,2024_primary_year_recode,FALSE,use_exact_construction_year_parcel_union
commercial_17092170170000,2019,169 W HURON CHICAGO,17092170170000,1,2024,43220,23980,24193.252877371386,0.9911854400707378,TRUE,TRUE,TRUE,complete_construction_year_geometry,1,1,0,TRUE,TRUE,review_required,permit_unit_counts_do_not_include_assessor_count,FALSE,use_exact_construction_year_parcel_union
commercial_17093010120000,2009,660 W WAYMAN CHICAGO,17093010120000,1,2024,60961,7950,15381.55048152592,0.5168529667765537,FALSE,FALSE,TRUE,complete_construction_year_geometry,1,1,0,TRUE,TRUE,review_required,permit_unit_counts_do_not_include_assessor_count,FALSE,use_exact_construction_year_parcel_union
commercial_17093180010000,2015,730 W COUCH CHICAGO,17093180010000/17093180020000,2,2024,60966,22259,22369.051400650613,0.9950801936711804,TRUE,TRUE,TRUE,complete_construction_year_geometry,2,2,0,TRUE,TRUE,review_required,permit_unit_counts_do_not_include_assessor_count,FALSE,use_exact_construction_year_parcel_union
commercial_17093220170000,2014,165 N DESPLAINES CHICAGO,17093220170000/17093220190000,2,2024,60969,35578,21742.071750582196,1.636366598737184,FALSE,FALSE,FALSE,complete_construction_year_geometry,2,2,1,TRUE,TRUE,review_required,permit_unit_counts_do_not_include_assessor_count,TRUE,predecessor_parcel_union_requires_review
commercial_17101030090000,2015,4 E HURON CHICAGO,17101030090000/17101030100000,2,2024,43248,8500,8550.990599654207,0.994036878059921,TRUE,TRUE,TRUE,complete_construction_year_geometry,2,2,0,TRUE,TRUE,review_required,permit_unit_counts_do_not_include_assessor_count,FALSE,use_exact_construction_year_parcel_union
commercial_17153000140000,2015,600 S WABASH CHICAGO,17153000140000/17153000220000/17153000280000/17153000290000/17153000300000/17153000310000/17153000320000,7,2024,45763,19253,44357.77334995987,0.4340389191338302,FALSE,FALSE,TRUE,complete_construction_year_geometry,7,7,0,TRUE,TRUE,review_required,documented_manual_case,FALSE,use_exact_construction_year_parcel_union
commercial_17153080210000,2017,1140 S WABASH CHICAGO,17153080210000/17153080220000,2,2024,45772,19607,19607.04264807701,0.9999978248592725,TRUE,TRUE,TRUE,complete_construction_year_geometry,2,2,0,TRUE,TRUE,retain_mechanical,2024_primary_year_recode,FALSE,use_exact_construction_year_parcel_union
commercial_17161000490000,2020,1 S HALSTED CHICAGO,17161000490000,1,2024,60972,42324,42324.8155054912,0.9999807322139161,TRUE,TRUE,TRUE,complete_construction_year_geometry,1,1,0,TRUE,TRUE,retain_mechanical,coherent_2024_revision_same_entity,FALSE,use_exact_construction_year_parcel_union
commercial_17161090340000,2015,765 W ADAMS CHICAGO,17161090340000,1,2024,60974,18070,18070.292600035667,0.9999838076758277,TRUE,TRUE,TRUE,complete_construction_year_geometry,1,1,0,TRUE,TRUE,retain_mechanical,2024_primary_year_recode,FALSE,use_exact_construction_year_parcel_union
commercial_17161180160000,2016,601 W JACKSON CHICAGO,17161180160000/17161180270000,2,2024,60977,25996,26284.13979419507,0.9890375033593944,TRUE,TRUE,TRUE,complete_construction_year_geometry,2,2,0,TRUE,TRUE,retain_mechanical,2024_primary_year_recode,FALSE,use_exact_construction_year_parcel_union
commercial_17164010210000,2019,720 S WELLS CHICAGO,17164010210000,1,2024,45785,48051,48051.440766518936,0.9999908271945251,TRUE,TRUE,TRUE,complete_construction_year_geometry,1,1,0,TRUE,TRUE,retain_mechanical,coherent_2024_primary_entity,FALSE,use_exact_construction_year_parcel_union
commercial_17164010220000,2020,600 S WELLS CHICAGO,17164010220000/17164010230000,2,2024,45786,42703,42703.26733633177,0.9999937396750074,TRUE,TRUE,TRUE,complete_construction_year_geometry,2,2,0,TRUE,TRUE,review_required,documented_manual_case,FALSE,use_exact_construction_year_parcel_union
commercial_17164100040000,2015,837 S WELLS CHICAGO,17164100040000/17164100050000/17164100060000/17164100070000/17164100080000,5,2024,45795,35479,35229.56580005004,1.00708025189313,TRUE,TRUE,TRUE,complete_construction_year_geometry,5,5,0,TRUE,TRUE,review_required,permit_unit_counts_do_not_include_assessor_count,FALSE,use_exact_construction_year_parcel_union
commercial_17164110130000,2017,821 S SHERMAN CHICAGO,17164110130000,1,2024,45796,81077,81076.85971086934,1.0000017303226982,TRUE,TRUE,TRUE,complete_construction_year_geometry,1,1,0,TRUE,TRUE,retain_mechanical,2024_primary_year_recode,FALSE,use_exact_construction_year_parcel_union
commercial_17171010330000,2018,21 S ASHLAND CHICAGO,17171010330000,1,2024,60978,25410,24781.95054459106,1.0253430194802005,TRUE,TRUE,TRUE,complete_construction_year_geometry,1,1,0,TRUE,TRUE,retain_mechanical,2024_primary_year_recode,FALSE,use_exact_construction_year_parcel_union
commercial_17171050030000,2016,1247 W MADISON CHICAGO,17171050010000/17171050020000/17171050030000/17171050040000/17171050050000/17171050060000/17171050070000,7,2024,60979,35706,35273.893996834755,1.0122500227279705,TRUE,TRUE,TRUE,complete_construction_year_geometry,7,7,0,TRUE,TRUE,review_required,permit_unit_counts_do_not_include_assessor_count,FALSE,use_exact_construction_year_parcel_union
commercial_17171050120000,2019,1215 W MADISON CHICAGO,17171050120000,1,2024,60980,8550,8362.432099750149,1.0224298263964924,TRUE,TRUE,TRUE,complete_construction_year_geometry,1,1,0,TRUE,TRUE,retain_mechanical,2024_primary_year_recode,FALSE,use_exact_construction_year_parcel_union
commercial_17171060200000,2021,1505 W MONROE CHICAGO,17171060200000/17171060210000/17171060340000,3,2024,60982,23233,23234.28026759252,0.9999448974714183,TRUE,TRUE,TRUE,complete_construction_year_geometry,3,3,0,TRUE,TRUE,retain_mechanical,coherent_2024_primary_entity,FALSE,use_exact_construction_year_parcel_union
commercial_17171060300000,2019,1500 W ADAMS CHICAGO,17171060300000,1,2024,60983,23625,23770.20192521118,0.993891430722043,TRUE,TRUE,TRUE,complete_construction_year_geometry,1,1,0,TRUE,TRUE,retain_mechanical,2024_primary_year_recode,FALSE,use_exact_construction_year_parcel_union
commercial_17171130340000,2006,1248 W JACKSON CHICAGO,17171130340000/17171130350000,2,2024,60985,6000,5991.135599850444,1.0014795859652679,TRUE,TRUE,TRUE,complete_construction_year_geometry,2,2,0,TRUE,TRUE,retain_mechanical,2024_primary_year_recode,FALSE,use_exact_construction_year_parcel_union
commercial_17171130400000,2019,1230 W JACKSON CHICAGO,17171130400000/17171130470000/17171130490000,3,2024,60986,21000,20982.448942715477,1.0008364637193894,TRUE,TRUE,TRUE,complete_construction_year_geometry,3,3,0,TRUE,TRUE,retain_mechanical,coherent_2024_revision_same_entity,FALSE,use_exact_construction_year_parcel_union
commercial_17171170020000,2016,1251 W JACKSON CHICAGO,17171170020000/17171170030000/17171170040000/17171170050000/17171170060000/17171170070000/17171170080000/17171170090000/17171170310000,9,2024,60989,47086,47281.45285750739,0.9958661833405071,TRUE,TRUE,TRUE,complete_construction_year_geometry,9,9,0,TRUE,TRUE,review_required,permit_unit_counts_do_not_include_assessor_count,FALSE,use_exact_construction_year_parcel_union
commercial_17172080010000,2021,25 S PEORIA CHICAGO,17172080010000/17172080020000/17172080050000/17172080060000/17172080070000/17172080080000/17172080090000/17172080100000/17172080160000/17172080170000/17172080180000,11,2024,60995,98750,99812.8682783246,0.9893513902900692,TRUE,TRUE,TRUE,complete_construction_year_geometry,11,11,0,TRUE,TRUE,retain_mechanical,coherent_2024_primary_entity,FALSE,use_exact_construction_year_parcel_union
commercial_17172090210000,2015,11 S GREEN CHICAGO,17172090210000,1,2024,60996,17337,17336.84296236839,1.000009058029305,TRUE,TRUE,TRUE,complete_construction_year_geometry,1,1,0,TRUE,TRUE,retain_mechanical,2024_primary_year_recode,FALSE,use_exact_construction_year_parcel_union
commercial_17172210210000,2018,205 S PEORIA CHICAGO,17172210210000,1,2024,60997,32301,2938.6883998014964,10.991638311221386,FALSE,FALSE,TRUE,complete_construction_year_geometry,1,1,0,TRUE,TRUE,retain_mechanical,2024_primary_year_recode,FALSE,use_exact_construction_year_parcel_union
commercial_17172270010000,2009,847 W JACKSON CHICAGO,17172270010000/17172270020000/17172270030000/17172270040000/17172270050000,5,2024,61000,35188,35268.9318002176,0.997705294827866,TRUE,TRUE,TRUE,complete_construction_year_geometry,5,5,0,TRUE,TRUE,review_required,component_membership_changed_across_vintages,FALSE,use_exact_construction_year_parcel_union
commercial_17172280150000,2018,808 W VAN BUREN CHICAGO,17172280150000/17172280160000,2,2024,61004,24375,24919.499484933913,0.9781496620643159,TRUE,TRUE,TRUE,complete_construction_year_geometry,2,2,0,TRUE,TRUE,retain_mechanical,2024_primary_year_recode,FALSE,use_exact_construction_year_parcel_union
commercial_17172290130000,2021,1123 W VAN BUREN CHICAGO,17172290130000/17172290140000/17172290150000/17172290160000/17172290500000,5,2024,61005,9520,14671.232744640613,0.6488888947302432,FALSE,FALSE,TRUE,complete_construction_year_geometry,5,5,0,TRUE,TRUE,retain_mechanical,coherent_2024_revision_same_entity,FALSE,use_exact_construction_year_parcel_union
commercial_17173230020000,2006,904 S RACINE,17173230020000,1,2021,83288,9319,9318.977870462462,1.0000023746743307,TRUE,TRUE,TRUE,complete_construction_year_geometry,1,1,0,TRUE,TRUE,retain_mechanical,coherent_2021_only_entity,FALSE,use_exact_construction_year_parcel_union
commercial_17173230060000,2006,905 S LYTLE,17173230060000,1,2021,83289,3522,3522.219516971149,0.9999376765218376,TRUE,TRUE,TRUE,complete_construction_year_geometry,1,1,0,TRUE,TRUE,retain_mechanical,coherent_2021_only_entity,FALSE,use_exact_construction_year_parcel_union
commercial_17173230080000,2007,909 S LYTLE,17173230080000,1,2021,83290,2835,2834.60623810743,1.0001389123777675,TRUE,TRUE,TRUE,complete_construction_year_geometry,1,1,0,TRUE,TRUE,retain_mechanical,coherent_2021_only_entity,FALSE,use_exact_construction_year_parcel_union
commercial_17173230380000,2007,924 S RACINE CHICAGO,17173230380000,1,2024,61031,10281,10280.987970903778,1.0000011700330995,TRUE,TRUE,TRUE,complete_construction_year_geometry,1,1,0,TRUE,TRUE,retain_mechanical,2024_primary_year_recode,FALSE,use_exact_construction_year_parcel_union
commercial_17173230400000,2006,1210 W TAYLOR CHICAGO,17173230400000,1,2024,61032,3016,3015.8829695117893,1.000038804718019,TRUE,TRUE,TRUE,complete_construction_year_geometry,1,1,0,TRUE,TRUE,retain_mechanical,coherent_2024_primary_entity,FALSE,use_exact_construction_year_parcel_union
commercial_17173230420000,2006,1216 W TAYLOR CHICAGO,17173230420000,1,2024,61033,3100,3100.066628965724,0.9999785072471987,TRUE,TRUE,TRUE,complete_construction_year_geometry,1,1,0,TRUE,TRUE,retain_mechanical,coherent_2024_primary_entity,FALSE,use_exact_construction_year_parcel_union
commercial_17173230440000,2006,1218 W TAYLOR CHICAGO,17173230440000,1,2024,61034,2933,2933.416418437322,0.9998580431899458,TRUE,TRUE,TRUE,complete_construction_year_geometry,1,1,0,TRUE,TRUE,retain_mechanical,coherent_2024_primary_entity,FALSE,use_exact_construction_year_parcel_union
commercial_17173230460000,2006,1224 W TAYLOR CHICAGO,17173230460000,1,2024,61035,2853,2853.139662984264,0.9999510493699009,TRUE,TRUE,TRUE,complete_construction_year_geometry,1,1,0,TRUE,TRUE,retain_mechanical,coherent_2024_primary_entity,FALSE,use_exact_construction_year_parcel_union
commercial_17173330470000,2009,1251 W TAYLOR CHICAGO,17173330470000,1,2024,61047,15211,15211.115095548332,0.9999924334575336,TRUE,TRUE,TRUE,complete_construction_year_geometry,1,1,0,TRUE,TRUE,retain_mechanical,2024_primary_year_recode,FALSE,use_exact_construction_year_parcel_union
commercial_17173340090000,2006,1030 S RACINE,17173340090000,1,2021,83310,7268,7267.564675811911,1.0000598995960144,TRUE,TRUE,TRUE,complete_construction_year_geometry,1,1,0,TRUE,TRUE,retain_mechanical,coherent_2021_only_entity,FALSE,use_exact_construction_year_parcel_union
commercial_17173340210000,2006,1023 S LYTLE,17173340210000,1,2021,83312,9897,9896.78305875673,1.0000219203797822,TRUE,TRUE,TRUE,complete_construction_year_geometry,1,1,0,TRUE,TRUE,retain_mechanical,coherent_2021_only_entity,FALSE,use_exact_construction_year_parcel_union
commercial_17173340340000,2006,1201 W GRENSHAW CHICAGO,17173340340000,1,2024,61050,7996,7996.179889746942,0.9999775030390234,TRUE,TRUE,TRUE,complete_construction_year_geometry,1,1,0,TRUE,TRUE,retain_mechanical,2024_primary_year_recode,FALSE,use_exact_construction_year_parcel_union
commercial_17173340440000,2006,1202 W GRENSHAW CHICAGO,17173340440000,1,2024,61051,7105,7105.050259459142,0.9999929262345365,TRUE,TRUE,TRUE,complete_construction_year_geometry,1,1,0,TRUE,TRUE,retain_mechanical,2024_primary_year_recode,FALSE,use_exact_construction_year_parcel_union
commercial_17173350130000,2008,1236 W ROOSEVELT CHICAGO,17173350130000,1,2024,61053,14451,14450.759527742865,1.0000166408040128,TRUE,TRUE,TRUE,complete_construction_year_geometry,1,1,0,TRUE,TRUE,retain_mechanical,2024_primary_year_recode,FALSE,use_exact_construction_year_parcel_union
commercial_17182150020000,2018,1650 W ADAMS CHICAGO,17182150020000,1,2024,61074,16582,16766.508799908217,0.9889953953974469,TRUE,TRUE,TRUE,complete_construction_year_geometry,1,1,0,TRUE,TRUE,retain_mechanical,2024_primary_year_recode,FALSE,use_exact_construction_year_parcel_union
commercial_17193000410000,2014,2012 W 17TH CHICAGO,17193000410000,1,2024,61086,49006,49006.37139965594,0.9999924214006193,TRUE,TRUE,TRUE,complete_construction_year_geometry,1,1,0,TRUE,TRUE,retain_mechanical,2024_primary_year_recode,FALSE,use_exact_construction_year_parcel_union
commercial_17201030600000,2008,1224 W WASHBURNE CHICAGO,17201030600000,1,2024,61131,5676,5676.266176149249,0.9999531071762688,TRUE,TRUE,TRUE,complete_construction_year_geometry,1,1,0,TRUE,TRUE,retain_mechanical,2024_primary_year_recode,FALSE,use_exact_construction_year_parcel_union
commercial_17201250120000,2021,1461 S BLUE ISLAND CHICAGO,17201250120000/17201250130000/17201250140000/17201250150000,4,2024,61133,54127,54128.87728423532,0.9999653182491581,TRUE,TRUE,TRUE,complete_construction_year_geometry,4,4,0,TRUE,TRUE,retain_mechanical,coherent_2024_primary_entity,FALSE,use_exact_construction_year_parcel_union
commercial_17201270040000,2020,1427 W 15TH,17201270040000/17201270050000/17201270060000/17201270070000/17201270080000/17201270090000/17201270100000/17201270110000/17201270120000/17201270130000/17201270140000/17201270150000/17201270160000,13,2021,83407,40105,37185.76672742012,1.0785040495192286,TRUE,TRUE,TRUE,complete_construction_year_geometry,13,13,0,TRUE,TRUE,review_required,component_pin_text_required_repair,FALSE,use_exact_construction_year_parcel_union
commercial_17201270180000,2020,1401  - 1431 W 15TH CHICAGO,17201270180000,1,2024,61135,37185,2981.9051899027545,12.470215393136852,FALSE,FALSE,TRUE,complete_construction_year_geometry,1,1,0,TRUE,TRUE,retain_mechanical,coherent_2024_primary_entity,FALSE,use_exact_construction_year_parcel_union
commercial_17202000770000,2006,1152 W WASHBURNE CHICAGO,17202000770000,1,2024,61140,14060,14223.39595503189,0.9885121699804691,TRUE,TRUE,TRUE,complete_construction_year_geometry,1,1,0,TRUE,TRUE,retain_mechanical,2024_primary_year_recode,FALSE,use_exact_construction_year_parcel_union
commercial_17202070550000,2007,1250 S BLUE ISLAND,17202070550000,1,2021,83415,5179,5178.8611891418695,1.0000268033556146,TRUE,TRUE,TRUE,complete_construction_year_geometry,1,1,0,TRUE,TRUE,retain_mechanical,coherent_2021_only_entity,FALSE,use_exact_construction_year_parcel_union
commercial_17213280040000,2017,2109 S HALSTED CHICAGO,17213280040000/17213280050000/17213280060000,3,2024,61233,8561,8595.994199357927,0.9959290108222105,TRUE,TRUE,TRUE,complete_construction_year_geometry,3,3,0,TRUE,TRUE,retain_mechanical,coherent_2024_revision_same_entity,FALSE,use_exact_construction_year_parcel_union
commercial_17213290350000,2022,2145 S HALSTED CHICAGO,17213290350000,1,2024,61234,4800,4800.775577348657,0.9998384474891273,TRUE,TRUE,TRUE,complete_construction_year_geometry,1,1,0,TRUE,TRUE,retain_mechanical,coherent_2024_primary_entity,FALSE,use_exact_construction_year_parcel_union
commercial_17221020300000,2018,1201 S MICHIGAN CHICAGO,17221020300000,1,2024,45807,38539,43217.31350168295,0.8917490902922328,FALSE,TRUE,TRUE,complete_construction_year_geometry,1,1,0,TRUE,TRUE,retain_mechanical,2024_primary_year_recode,FALSE,use_exact_construction_year_parcel_union
commercial_17221070890000,2008,1464 S MICHIGAN CHICAGO,17221070890000/17221070900000/17221070910000/17221070920000/17221070930000/17221070940000/17221070950000,7,2024,45815,212611,12183.388798928354,17.45089182565537,FALSE,FALSE,FALSE,complete_construction_year_geometry,7,7,4,TRUE,TRUE,retain_mechanical,coherent_2024_revision_same_entity,TRUE,predecessor_parcel_union_requires_review
commercial_17271290960000,2008,300 E 26TH CHICAGO,17271290960000,1,2024,45839,27406,24173.457236001737,1.1337228155840287,FALSE,TRUE,TRUE,complete_construction_year_geometry,1,1,0,TRUE,TRUE,retain_mechanical,2024_primary_year_recode,FALSE,use_exact_construction_year_parcel_union
commercial_17341040010000,2018,235 E 31ST CHICAGO,17341040010000,1,2024,45941,14389,14388.732655453729,1.0000185801315984,TRUE,TRUE,TRUE,complete_construction_year_geometry,1,1,0,TRUE,TRUE,retain_mechanical,2024_primary_year_recode,FALSE,use_exact_construction_year_parcel_union
commercial_17341040180000,2018,3100 S GILES CHICAGO,17341040180000,1,2024,45942,12920,12919.379736848176,1.0000480102887646,TRUE,TRUE,TRUE,complete_construction_year_geometry,1,1,0,TRUE,TRUE,review_required,permit_unit_counts_do_not_include_assessor_count,FALSE,use_exact_construction_year_parcel_union
commercial_17344220200000,2010,629 E 39TH CHICAGO,17344220200000/17344220210000/17344220220000/17344220230000/17344220240000/17344220250000/17344220260000/17344220270000/17344220280000,9,2024,45965,22688,22693.23600523692,0.999769270225026,TRUE,TRUE,TRUE,complete_construction_year_geometry,9,9,0,TRUE,TRUE,retain_mechanical,2024_primary_year_recode,FALSE,use_exact_construction_year_parcel_union
commercial_19101070140000,2020,4835 S CICERO CHICAGO,19101070140000/19101070150000/19101070160000/19101070170000/19101070180000/19101070210000/19101070220000/19101070510000/19101070520000,9,2024,31474,27500,27502.86866280064,0.9998956958695542,TRUE,TRUE,TRUE,complete_construction_year_geometry,9,9,0,TRUE,TRUE,retain_mechanical,coherent_2024_primary_entity,FALSE,use_exact_construction_year_parcel_union
commercial_20032050340000,2011,454 E 40TH CHICAGO,20032050340000,1,2024,15414,17199,17636.11840021063,0.9752145914258882,TRUE,TRUE,TRUE,complete_construction_year_geometry,1,1,0,TRUE,TRUE,retain_mechanical,stable_membership_2021_field_fallback,FALSE,use_exact_construction_year_parcel_union
commercial_20032050390000,2011,400 E 41ST CHICAGO,20032050390000,1,2024,15417,89217,105389.49540059268,0.8465454707879574,FALSE,TRUE,TRUE,complete_construction_year_geometry,1,1,0,TRUE,TRUE,retain_mechanical,stable_membership_2021_field_fallback,FALSE,use_exact_construction_year_parcel_union
commercial_20034130510000,2021,4500 S COTTAGE GROVE CHICAGO,20034130510000/20034130550000,2,2024,15081,0,97215.88805763796,NA,FALSE,FALSE,TRUE,complete_construction_year_geometry,2,2,0,TRUE,TRUE,review_required,missing_or_nonpositive_land_area,FALSE,use_exact_construction_year_parcel_union
commercial_20043270360000,2006,718 W 47TH CHICAGO,20043270360000/20043270460000/20043270470000,3,2024,32027,12152,12085.818399841082,1.0054759717521313,TRUE,TRUE,TRUE,complete_construction_year_geometry,3,3,0,TRUE,TRUE,retain_mechanical,2024_primary_year_recode,FALSE,use_exact_construction_year_parcel_union
commercial_20102160420000,2007,4956 S VINCENNES CHICAGO,20102160420000,1,2024,15540,6487,6604.499200232327,0.9822092187961513,TRUE,TRUE,TRUE,complete_construction_year_geometry,1,1,0,TRUE,TRUE,retain_mechanical,stable_membership_2021_field_fallback,FALSE,use_exact_construction_year_parcel_union
commercial_20102250040000,2014,613 E 50TH CHICAGO,20102250040000/20102250160000,2,2024,15545,10128,10973.82375139225,0.9229235159453931,TRUE,TRUE,TRUE,complete_construction_year_geometry,2,2,0,TRUE,TRUE,retain_mechanical,stable_membership_2021_field_fallback,FALSE,use_exact_construction_year_parcel_union
commercial_20121070150000,2018,1600 E 53RD CHICAGO,20121070150000/20121070170000/20121070180000/20121070190000,4,2024,15766,26588,26470.410789765418,1.0044422888321796,TRUE,TRUE,TRUE,complete_construction_year_geometry,4,4,0,TRUE,TRUE,retain_mechanical,stable_membership_2021_field_fallback,FALSE,use_exact_construction_year_parcel_union
commercial_20143060140000,2020,1156 E 61ST CHICAGO,20143060140000/20143060240000/20143060250000/20143060260000/20143060270000/20143060280000,6,2024,15320,0,126343.32099667795,NA,FALSE,FALSE,TRUE,complete_construction_year_geometry,6,6,0,TRUE,TRUE,review_required,component_membership_changed_across_vintages,FALSE,use_exact_construction_year_parcel_union
commercial_20151010080000,2019,5504 S MICHIGAN CHICAGO,20151010080000/20151010090000/20151010100000/20151010110000,4,2024,15114,42866,42889.12527000345,0.999460812738477,TRUE,TRUE,TRUE,complete_construction_year_geometry,4,4,0,TRUE,TRUE,retain_mechanical,stable_membership_2021_field_fallback,FALSE,use_exact_construction_year_parcel_union
commercial_20151060280000,2007,333 E 55TH CHICAGO,20151060280000/20151060290000,2,2024,15117,0,24723.995199870376,NA,FALSE,FALSE,TRUE,complete_construction_year_geometry,2,2,0,TRUE,TRUE,review_required,documented_manual_case,FALSE,use_exact_construction_year_parcel_union
commercial_20202060450000,2021,6315  GREEN CHICAGO,20202060450000,1,2024,31527,70148,70148.02534141392,0.999999638743731,TRUE,TRUE,TRUE,complete_construction_year_geometry,1,1,0,TRUE,TRUE,retain_mechanical,2024_primary_year_recode,FALSE,use_exact_construction_year_parcel_union
commercial_20211270100000,2008,6606 S NORMAL CHICAGO,20211270100000,1,2024,32182,11401,11401.67542009242,0.9999407613295823,TRUE,TRUE,TRUE,complete_construction_year_geometry,1,1,0,TRUE,TRUE,retain_mechanical,2024_primary_year_recode,FALSE,use_exact_construction_year_parcel_union
commercial_25221060410000,2011,7 E 112TH CHICAGO,25221060410000,1,2024,16565,27953,27953.22179993114,0.999992065317811,TRUE,TRUE,TRUE,complete_construction_year_geometry,1,1,0,TRUE,TRUE,retain_mechanical,stable_membership_2021_field_fallback,FALSE,use_exact_construction_year_parcel_union
commercial_11321130260000,2008,1412 W MORSE CHICAGO,11321130260000,1,2024,44833,8550,8582.177999908803,0.9962506021304679,TRUE,TRUE,TRUE,complete_construction_year_geometry,1,1,0,TRUE,FALSE,retain_mechanical,2024_primary_year_recode,FALSE,use_exact_construction_year_parcel_union
commercial_11321130300000,2008,1444 W MORSE CHICAGO,11321130300000/11321130320000,2,2024,44834,12000,6023.116200082004,1.9923241726328675,FALSE,FALSE,TRUE,complete_construction_year_geometry,2,2,0,TRUE,FALSE,retain_mechanical,2024_primary_year_recode,FALSE,use_exact_construction_year_parcel_union
commercial_11321140130000,2012,1334 W MORSE CHICAGO,11321140130000/11321140140000,2,2024,44839,5190,5188.416800189196,1.0003051412158612,TRUE,TRUE,TRUE,complete_construction_year_geometry,2,2,0,TRUE,FALSE,retain_mechanical,2024_primary_year_recode,FALSE,use_exact_construction_year_parcel_union
commercial_11323200060000,2021,1317 W LOYOLA CHICAGO,11323200060000,1,2024,44952,11284,11283.901392952424,1.0000087387370857,TRUE,TRUE,TRUE,complete_construction_year_geometry,1,1,0,TRUE,FALSE,retain_mechanical,coherent_2024_primary_entity,FALSE,use_exact_construction_year_parcel_union
commercial_11323300400000,2014,1240 W DEVON CHICAGO,11323300400000/11323300410000/11323300420000/11323300430000,4,2024,44969,10000,10002.371999897065,0.9997628562607861,TRUE,TRUE,TRUE,complete_construction_year_geometry,4,4,0,TRUE,FALSE,retain_mechanical,2024_primary_year_recode,FALSE,use_exact_construction_year_parcel_union
commercial_13013210180000,2008,5758 N CALIFORNIA CHICAGO,13013210180000,1,2024,21490,8002,7999.341999580385,1.000332277382284,TRUE,TRUE,TRUE,complete_construction_year_geometry,1,1,0,TRUE,FALSE,retain_mechanical,2024_primary_year_recode,FALSE,use_exact_construction_year_parcel_union
commercial_13094290330000,2007,5000 W LAWRENCE CHICAGO,13094290330000/13094290340000,2,2024,25722,10445,10420.42599967157,1.0023582529475479,TRUE,TRUE,TRUE,complete_construction_year_geometry,2,2,0,TRUE,FALSE,retain_mechanical,2024_primary_year_recode,FALSE,use_exact_construction_year_parcel_union
commercial_13124030470000,2022,5108 N WESTERN CHICAGO,13124030470000/13124030480000/13124030490000,3,2024,25935,10750,10519.411147583276,1.021920319415379,TRUE,TRUE,TRUE,complete_construction_year_geometry,3,3,0,TRUE,FALSE,retain_mechanical,coherent_2024_primary_entity,FALSE,use_exact_construction_year_parcel_union
commercial_13131250240000,2017,4447 N KEDZIE CHICAGO,13131250240000,1,2024,26001,21880,21879.568731103092,1.0000197110328,TRUE,TRUE,TRUE,complete_construction_year_geometry,1,1,0,TRUE,FALSE,retain_mechanical,2024_primary_year_recode,FALSE,use_exact_construction_year_parcel_union
commercial_13132050020000,2018,2519 W LAWRENCE CHICAGO,13132050020000/13132050030000/13132050040000,3,2024,26021,9375,9389.3476849703,0.99847191887533715,TRUE,TRUE,TRUE,complete_construction_year_geometry,3,3,0,TRUE,FALSE,review_required,permit_unit_counts_do_not_include_assessor_count,FALSE,use_exact_construction_year_parcel_union
commercial_13133070270000,2008,4322 N CALIFORNIA CHICAGO,13133070270000/13133070360000,2,2024,26065,10080,10050.395399922503,1.002945615460833,TRUE,TRUE,TRUE,complete_construction_year_geometry,2,2,0,TRUE,FALSE,retain_mechanical,2024_primary_year_recode,FALSE,use_exact_construction_year_parcel_union
commercial_13134060560000,2014,4234 N WESTERN CHICAGO,13134060560000,1,2024,26103,8964,8975.451200012118,0.9987241644172605,TRUE,TRUE,TRUE,complete_construction_year_geometry,1,1,0,TRUE,FALSE,retain_mechanical,2024_primary_year_recode,FALSE,use_exact_construction_year_parcel_union
commercial_13134080510000,2019,4224 N WESTERN CHICAGO,13134080510000/13134080520000/13134080530000/13134080540000/13134080550000/13134080560000/13134080570000,7,2024,26104,19744,19619.500747205224,1.0063456891385225,TRUE,TRUE,TRUE,complete_construction_year_geometry,7,7,0,TRUE,FALSE,retain_mechanical,coherent_2024_revision_same_entity,FALSE,use_exact_construction_year_parcel_union
commercial_13141220320000,2011,3918 W MONTROSE,13141220320000,1,2021,46713,2975,2983.9079999625683,0.9970146532792968,TRUE,TRUE,TRUE,complete_construction_year_geometry,1,1,0,TRUE,FALSE,retain_mechanical,coherent_2021_only_entity,FALSE,use_exact_construction_year_parcel_union
commercial_13144310040000,2015,4054 N KEDZIE CHICAGO,13144310040000/13144310050000/13144310060000,3,2024,21284,12000,12030.54880009452,0.9974607309606457,TRUE,TRUE,TRUE,complete_construction_year_geometry,3,3,0,TRUE,FALSE,retain_mechanical,2024_primary_year_recode,FALSE,use_exact_construction_year_parcel_union
commercial_13153180750000,2008,4504 W IRVING PARK CHICAGO,13153180750000/13153180760000,2,2024,26312,7504,7782.799200062058,0.9641775159688258,TRUE,TRUE,TRUE,complete_construction_year_geometry,2,2,0,TRUE,FALSE,retain_mechanical,coherent_2024_revision_same_entity,FALSE,use_exact_construction_year_parcel_union
commercial_13154100160000,2022,4242 N KEDVALE CHICAGO,13154100160000,1,2024,26324,8700,8716.158942070324,0.9981460936890068,TRUE,TRUE,TRUE,complete_construction_year_geometry,1,1,0,TRUE,FALSE,retain_mechanical,coherent_2024_primary_entity,FALSE,use_exact_construction_year_parcel_union
commercial_13162300320000,2019,4818 W MONTROSE CHICAGO,13162300320000/13162300330000,2,2024,26379,14200,14198.10448777501,1.0001335045975062,TRUE,TRUE,TRUE,complete_construction_year_geometry,2,2,0,TRUE,FALSE,retain_mechanical,2024_primary_year_recode,FALSE,use_exact_construction_year_parcel_union
commercial_13164300370000,2014,4054 N MILWAUKEE,13164300370000,1,2021,46981,16714,38884.47240052858,0.4298373867038195,FALSE,FALSE,TRUE,complete_construction_year_geometry,1,1,0,TRUE,FALSE,retain_mechanical,coherent_2021_only_entity,FALSE,use_exact_construction_year_parcel_union
commercial_13203280120000,2021,6340 W BELMONT CHICAGO,13203280120000/13203280130000/13203280140000/13203280150000,4,2024,26467,32240,32206.047103866935,1.001054239783714,TRUE,TRUE,TRUE,complete_construction_year_geometry,4,4,0,TRUE,FALSE,review_required,permit_unit_counts_do_not_include_assessor_count,FALSE,use_exact_construction_year_parcel_union
commercial_13212310360000,2007,4856 W ADDISON CHICAGO,13212310360000,1,2024,26501,7552,7551.875200048089,1.000016525690455,TRUE,TRUE,TRUE,complete_construction_year_geometry,1,1,0,TRUE,FALSE,retain_mechanical,2024_primary_year_recode,FALSE,use_exact_construction_year_parcel_union
commercial_13233000040000,2008,3543 N PULASKI CHICAGO,13233000040000/13233000280000,2,2024,26638,8212,8209.677599640563,1.000282885695723,TRUE,TRUE,TRUE,complete_construction_year_geometry,2,2,0,TRUE,FALSE,retain_mechanical,2024_primary_year_recode,FALSE,use_exact_construction_year_parcel_union
commercial_13233300310000,2019,3203 N RIDGEWAY CHICAGO,13233300310000,1,2024,26657,6600,6589.42276983062,1.0016051831152506,TRUE,TRUE,TRUE,complete_construction_year_geometry,1,1,0,TRUE,FALSE,retain_mechanical,2024_primary_year_recode,FALSE,use_exact_construction_year_parcel_union
commercial_13241080430000,2008,3831 N KEDZIE CHICAGO,13241080430000,1,2024,26667,6772,3386.15539999865,1.9999082144908944,FALSE,FALSE,TRUE,complete_construction_year_geometry,1,1,0,TRUE,FALSE,retain_mechanical,2024_primary_year_recode,FALSE,use_exact_construction_year_parcel_union
commercial_13241160180000,2011,3705 N KEDZIE,13241160180000/13241160190000/13241160200000,3,2021,47235,12428,12405.75279974565,1.0017932970786592,TRUE,TRUE,TRUE,complete_construction_year_geometry,3,3,0,TRUE,FALSE,retain_mechanical,coherent_2021_only_entity,FALSE,use_exact_construction_year_parcel_union
commercial_13241160430000,2008,3705 N KEDZIE CHICAGO,13241160430000,1,2024,26670,12405,6268.07679955475,1.9790759425412885,FALSE,FALSE,TRUE,complete_construction_year_geometry,1,1,0,TRUE,FALSE,retain_mechanical,coherent_2024_primary_entity,FALSE,use_exact_construction_year_parcel_union
commercial_13242130150000,2022,2510 W ADDISON CHICAGO,13242130150000,1,2024,26677,13143,13143.082521309729,0.9999937213123637,TRUE,TRUE,TRUE,complete_construction_year_geometry,1,1,0,TRUE,FALSE,retain_mechanical,coherent_2024_primary_entity,FALSE,use_exact_construction_year_parcel_union
commercial_13243090220000,2008,3430 N ELSTON CHICAGO,13243090220000,1,2024,26683,12441,12441.14260005951,0.9999885380254778,TRUE,TRUE,TRUE,complete_construction_year_geometry,1,1,0,TRUE,FALSE,retain_mechanical,2024_primary_year_recode,FALSE,use_exact_construction_year_parcel_union
commercial_13243160170000,2022,2803 W HENDERSON CHICAGO,13243160160000/13243160170000/13243160180000,3,2024,26685,12037,11885.792030077428,1.0127217411797156,TRUE,TRUE,TRUE,complete_construction_year_geometry,3,3,0,TRUE,FALSE,retain_mechanical,coherent_2024_primary_entity,FALSE,use_exact_construction_year_parcel_union
commercial_13243220400000,2007,2902 W BELMONT CHICAGO,13243220400000/13243220420000,2,2024,26689,15138,15191.229999939416,0.9964960046066297,TRUE,TRUE,TRUE,complete_construction_year_geometry,2,2,0,TRUE,FALSE,review_required,permit_unit_counts_do_not_include_assessor_count,FALSE,use_exact_construction_year_parcel_union
commercial_13251040090000,2021,2823 W BELMONT CHICAGO,13251040090000/13251040100000/13251040110000/13251040120000/13251040130000/13251040140000,6,2024,59253,27853,28209.20339523256,0.9873727949619181,TRUE,TRUE,TRUE,complete_construction_year_geometry,6,6,0,TRUE,FALSE,retain_mechanical,2024_primary_year_recode,FALSE,use_exact_construction_year_parcel_union
commercial_13252200010000,2014,2943 N ROCKWELL CHICAGO,13252200010000/13252200020000/13252200030000,3,2024,59283,5255,4946.309599783272,1.0624082245539692,TRUE,TRUE,TRUE,complete_construction_year_geometry,3,3,0,TRUE,FALSE,retain_mechanical,coherent_2024_revision_same_entity,FALSE,use_exact_construction_year_parcel_union
commercial_13253140740000,2019,2480 N MILWAUKEE CHICAGO,13253140640000/13253140740000/13253140750000,3,2024,59306,326397,23725.482974549755,13.757233113025558,FALSE,FALSE,TRUE,complete_construction_year_geometry,3,3,0,TRUE,FALSE,retain_mechanical,coherent_2024_revision_same_entity,FALSE,use_exact_construction_year_parcel_union
commercial_13253150240000,2008,2516 N WILLETTS CHICAGO,13253150230000/13253150240000,2,2024,59311,6000,5864.460800144821,1.0231119628000296,TRUE,TRUE,TRUE,complete_construction_year_geometry,2,2,0,TRUE,FALSE,retain_mechanical,coherent_2024_revision_same_entity,FALSE,use_exact_construction_year_parcel_union
commercial_13253150250000,2006,2510 N WILLETTS CHICAGO,13253150250000/13253150260000,2,2024,59312,6000,5853.472999949008,1.0250324892678702,TRUE,TRUE,TRUE,complete_construction_year_geometry,2,2,0,TRUE,FALSE,review_required,permit_unit_counts_do_not_include_assessor_count,FALSE,use_exact_construction_year_parcel_union
commercial_13253150700000,2011,2504 N WILLETTS,13253150700000,1,2021,79647,5854,5854.454600542784,0.9999223496339451,TRUE,TRUE,TRUE,complete_construction_year_geometry,1,1,0,TRUE,FALSE,retain_mechanical,coherent_2021_only_entity,FALSE,use_exact_construction_year_parcel_union
commercial_13253220370000,2007,2405 N MILWAUKEE CHICAGO,13253220370000,1,2024,59321,9000,9030.95939989388,0.9965718592540408,TRUE,TRUE,TRUE,complete_construction_year_geometry,1,1,0,TRUE,FALSE,retain_mechanical,2024_primary_year_recode,FALSE,use_exact_construction_year_parcel_union
commercial_13261040230000,2022,3101 N MILWAUKEE CHICAGO,13261040230000/13261040240000/13261040250000/13261040260000/13261040270000,5,2024,26698,24461,24497.90626997687,0.9984934928899577,TRUE,TRUE,TRUE,complete_construction_year_geometry,5,5,0,TRUE,FALSE,review_required,component_membership_changed_across_vintages,FALSE,use_exact_construction_year_parcel_union
commercial_13261110140000,2022,3653 W BARRY CHICAGO,13261110140000/13261110150000,2,2024,26707,7861,7964.325012482703,0.9870265198468472,TRUE,TRUE,TRUE,complete_construction_year_geometry,2,2,0,TRUE,FALSE,retain_mechanical,coherent_2024_primary_entity,FALSE,use_exact_construction_year_parcel_union
commercial_13261150010000,2015,3066 N MILWAUKEE CHICAGO,13261150010000/13261150020000/13261150030000/13261150040000,4,2024,26709,13412,13634.324799634516,0.9836937433351686,TRUE,TRUE,TRUE,complete_construction_year_geometry,4,4,0,TRUE,FALSE,retain_mechanical,2024_primary_year_recode,FALSE,use_exact_construction_year_parcel_union
commercial_13264050040000,2021,2755 N MILWAUKEE CHICAGO,13264050040000,1,2024,26774,24118,24059.87578548491,1.0024158152366753,TRUE,TRUE,TRUE,complete_construction_year_geometry,1,1,0,TRUE,FALSE,retain_mechanical,coherent_2024_primary_entity,FALSE,use_exact_construction_year_parcel_union
commercial_13281160080000,2014,2937 N CENTRAL CHICAGO,13281160080000/13281160090000/13281160420000/13281160460000/13281160470000,5,2024,26907,18954,19052.87159969518,0.9948106720198145,TRUE,TRUE,TRUE,complete_construction_year_geometry,5,5,0,TRUE,FALSE,retain_mechanical,2024_primary_year_recode,FALSE,use_exact_construction_year_parcel_union
commercial_13301010010000,2018,7129 W BELMONT CHICAGO,13301010010000,1,2024,27022,8802,8750.254492889391,1.0059136002447309,TRUE,TRUE,TRUE,complete_construction_year_geometry,1,1,0,TRUE,FALSE,retain_mechanical,2024_primary_year_recode,FALSE,use_exact_construction_year_parcel_union
commercial_13312050180000,2020,1634 N NATCHEZ CHICAGO,13312050180000/13315000020000,2,2024,27060,411729,411729.5751497799,0.9999986030884964,TRUE,TRUE,TRUE,complete_construction_year_geometry,2,2,0,TRUE,FALSE,review_required,permit_unit_counts_do_not_include_assessor_count,FALSE,use_exact_construction_year_parcel_union
commercial_13352360210000,2012,3232 W ARMITAGE CHICAGO,13352360210000/13352360220000/13352360230000,3,2024,21312,9800,9894.29519995785,0.9904697405876618,TRUE,TRUE,TRUE,complete_construction_year_geometry,3,3,0,TRUE,FALSE,retain_mechanical,2024_primary_year_recode,FALSE,use_exact_construction_year_parcel_union
commercial_13353030380000,2011,3744 W CORTLAND CHICAGO,13353030380000/13353030390000/13353030400000/13353030410000/13353030420000,5,2024,21313,16687,16621.29540003836,1.0039530372561387,TRUE,TRUE,TRUE,complete_construction_year_geometry,5,5,0,TRUE,FALSE,retain_mechanical,2024_primary_year_recode,FALSE,use_exact_construction_year_parcel_union
commercial_13354150250000,2007,1752 N SPAULDING CHICAGO,13354150250000/13354150260000/13354150270000/13354150280000,4,2024,21316,24820,24819.831200119577,1.0000068010083978,TRUE,TRUE,TRUE,complete_construction_year_geometry,4,4,0,TRUE,FALSE,retain_mechanical,2024_primary_year_recode,FALSE,use_exact_construction_year_parcel_union
commercial_13354230170000,2014,1654 N KEDZIE CHICAGO,13354230170000/13354230180000,2,2024,27258,13275,13609.531999953091,0.9754192870148478,TRUE,TRUE,TRUE,complete_construction_year_geometry,2,2,0,TRUE,FALSE,retain_mechanical,2024_primary_year_recode,FALSE,use_exact_construction_year_parcel_union
commercial_13361070300000,2022,2845 W BELDEN CHICAGO,13361070300000/13361070310000/13361070320000/13361070330000,4,2024,59358,17917,17669.136619903147,1.0140280414051273,TRUE,TRUE,TRUE,complete_construction_year_geometry,4,4,0,TRUE,FALSE,retain_mechanical,coherent_2024_primary_entity,FALSE,use_exact_construction_year_parcel_union
commercial_13361150670000,2008,2013 N ALBANY CHICAGO,13361150370000/13361150670000,2,2024,59373,5689,8292.315600032569,0.6860568596759217,FALSE,FALSE,TRUE,complete_construction_year_geometry,2,2,0,TRUE,FALSE,retain_mechanical,2024_primary_year_recode,FALSE,use_exact_construction_year_parcel_union
commercial_13362150350000,2015,2229 N MILWAUKEE CHICAGO,13362150350000/13362150360000/13362150370000/13362150380000/13362150390000/13362150440000,6,2024,59391,34554,34071.22840012144,1.014169480307814,TRUE,TRUE,TRUE,complete_construction_year_geometry,6,6,0,TRUE,FALSE,review_required,permit_unit_counts_do_not_include_assessor_count,FALSE,use_exact_construction_year_parcel_union
commercial_13362250430000,2018,2031 N MILWAUKEE CHICAGO,13362250430000/13362250440000,2,2024,59397,13683,13843.318607577125,0.9884190625007089,TRUE,TRUE,TRUE,complete_construction_year_geometry,2,2,0,TRUE,FALSE,retain_mechanical,2024_primary_year_recode,FALSE,use_exact_construction_year_parcel_union
commercial_13362290490000,2019,2556 W ARMITAGE CHICAGO,13362290490000/13362290500000/13362290510000,3,2024,59402,9375,9286.839992413295,1.0094930038267833,TRUE,TRUE,TRUE,complete_construction_year_geometry,3,3,0,TRUE,FALSE,retain_mechanical,2024_primary_year_recode,FALSE,use_exact_construction_year_parcel_union
commercial_13362300400000,2007,2010 N MILWAUKEE CHICAGO,13362300400000/13362300410000,2,2024,59405,12119,11100.002199964598,1.091801585412177,TRUE,TRUE,TRUE,complete_construction_year_geometry,2,2,0,TRUE,FALSE,retain_mechanical,2024_primary_year_recode,FALSE,use_exact_construction_year_parcel_union
commercial_13363050010000,2017,2923 W ARMITAGE CHICAGO,13363050010000/13363050020000/13363050030000/13363050040000/13363050050000,5,2024,59417,18010,17928.877104189247,1.0045247058886804,TRUE,TRUE,TRUE,complete_construction_year_geometry,5,5,0,TRUE,FALSE,retain_mechanical,2024_primary_year_recode,FALSE,use_exact_construction_year_parcel_union
commercial_13363150240000,2017,1854 N CALIFORNIA CHICAGO,13363150240000,1,2024,59427,5000,5007.898187387269,0.9984228538417252,TRUE,TRUE,TRUE,complete_construction_year_geometry,1,1,0,TRUE,FALSE,retain_mechanical,2024_primary_year_recode,FALSE,use_exact_construction_year_parcel_union
commercial_13363150560000,2017,1814 N CALIFORNIA,13363150560000/13363150570000,2,2021,79751,5016,5016.113754980266,0.9999773220892064,TRUE,TRUE,TRUE,complete_construction_year_geometry,2,2,0,TRUE,FALSE,review_required,permit_unit_counts_do_not_include_assessor_count,FALSE,use_exact_construction_year_parcel_union
commercial_13363150590000,2017,1810 N CALIFORNIA,13363150580000/13363150590000,2,2021,79752,5018,5017.558958102018,1.000087899694187,TRUE,TRUE,TRUE,complete_construction_year_geometry,2,2,0,TRUE,FALSE,review_required,permit_unit_counts_do_not_include_assessor_count,FALSE,use_exact_construction_year_parcel_union
commercial_13363160220000,2011,1705 N KEDZIE CHICAGO,13363160220000/13363160230000,2,2024,59428,6945,7369.618999850005,0.942382503103804,TRUE,TRUE,TRUE,complete_construction_year_geometry,2,2,0,TRUE,FALSE,retain_mechanical,2024_primary_year_recode,FALSE,use_exact_construction_year_parcel_union
commercial_13364030160000,2014,2513 W ARMITAGE CHICAGO,13364030160000,1,2024,59451,44890,44073.706401117146,1.0185211017075289,TRUE,TRUE,TRUE,complete_construction_year_geometry,1,1,0,TRUE,FALSE,retain_mechanical,2024_primary_year_recode,FALSE,use_exact_construction_year_parcel_union
commercial_13364160400000,2008,1800 N WESTERN CHICAGO,13364160400000,1,2024,59457,12839,12860.038199322298,0.9983640640100582,TRUE,TRUE,TRUE,complete_construction_year_geometry,1,1,0,TRUE,FALSE,retain_mechanical,2024_primary_year_recode,FALSE,use_exact_construction_year_parcel_union
commercial_14051050140000,2014,1303 W DEVON CHICAGO,14051050140000,1,2024,39843,6020,6117.744000166655,0.9840228685338922,TRUE,TRUE,TRUE,complete_construction_year_geometry,1,1,0,TRUE,FALSE,review_required,permit_unit_counts_do_not_include_assessor_count,FALSE,use_exact_construction_year_parcel_union
commercial_14051050280000,2014,6355 N WAYNE CHICAGO,14051050280000,1,2024,39844,6115,6100.878199848637,1.0023147159619927,TRUE,TRUE,TRUE,complete_construction_year_geometry,1,1,0,TRUE,FALSE,review_required,permit_unit_counts_do_not_include_assessor_count,FALSE,use_exact_construction_year_parcel_union
commercial_14062250100000,2006,1818 W PETERSON CHICAGO,14062250100000,1,2024,39757,28835,27760.675799913704,1.0386994973692116,TRUE,TRUE,TRUE,complete_construction_year_geometry,1,1,0,TRUE,FALSE,retain_mechanical,stable_membership_2021_field_fallback,FALSE,use_exact_construction_year_parcel_union
commercial_14073220300000,2022,2154 W LAWRENCE CHICAGO,14073220300000/14073220310000/14073220320000/14073220330000/14073220340000,5,2024,39930,19250,19128.213347202454,1.006366859810007,TRUE,TRUE,TRUE,complete_construction_year_geometry,5,5,0,TRUE,FALSE,retain_mechanical,stable_membership_2021_field_fallback,FALSE,use_exact_construction_year_parcel_union
commercial_14074180020000,2011,1809 W ARGYLE CHICAGO,14074180020000,1,2024,40403,125127,124640.84300041408,1.003900463025465,TRUE,TRUE,TRUE,complete_construction_year_geometry,1,1,0,TRUE,FALSE,review_required,permit_unit_counts_do_not_include_assessor_count,FALSE,use_exact_construction_year_parcel_union
commercial_14083090220000,2019,4918 N CLARK CHICAGO,14083090220000/14083090250000/14083090260000/14083090270000,4,2024,40117,18786,18801.43407993391,0.9991791009202652,TRUE,TRUE,TRUE,complete_construction_year_geometry,4,4,0,TRUE,FALSE,retain_mechanical,stable_membership_2021_field_fallback,FALSE,use_exact_construction_year_parcel_union
commercial_14172010070000,2021,4750 N WINTHROP CHICAGO,14172010070000,1,2024,41225,19580,19579.519937194884,1.0000245186197954,TRUE,TRUE,TRUE,complete_construction_year_geometry,1,1,0,TRUE,FALSE,retain_mechanical,stable_membership_2021_field_fallback,FALSE,use_exact_construction_year_parcel_union
commercial_14172030160000,2021,4714 N SHERIDAN CHICAGO,14172030160000,1,2024,41087,10500,10403.17202037014,1.0093075438376164,TRUE,TRUE,TRUE,complete_construction_year_geometry,1,1,0,TRUE,FALSE,retain_mechanical,stable_membership_2021_field_fallback,FALSE,use_exact_construction_year_parcel_union
commercial_14174150060000,2017,931 W BELLE PLAINE CHICAGO,14174150060000/14174150070000,2,2024,40128,11548,12340.111636962623,0.9358100104548492,TRUE,TRUE,TRUE,complete_construction_year_geometry,2,2,0,TRUE,FALSE,retain_mechanical,stable_membership_2021_field_fallback,FALSE,use_exact_construction_year_parcel_union
commercial_14181020390000,2018,2249 W LAWRENCE CHICAGO,14181020390000,1,2024,40050,7360,7333.789782543667,1.003573898111822,TRUE,TRUE,TRUE,complete_construction_year_geometry,1,1,0,TRUE,FALSE,retain_mechanical,stable_membership_2021_field_fallback,FALSE,use_exact_construction_year_parcel_union
commercial_14181140140000,2019,4650 N DAMEN CHICAGO,14181140140000/14181140210000,2,2024,40169,9909,9897.49599924311,1.001162314261887,TRUE,TRUE,TRUE,complete_construction_year_geometry,2,2,0,TRUE,FALSE,review_required,permit_unit_counts_do_not_include_assessor_count,FALSE,use_exact_construction_year_parcel_union
commercial_14184220370000,2013,1628 W IRVING PARK CHICAGO,14184220370000,1,2024,39831,6538,6537.755954540966,1.000037328627855,TRUE,TRUE,TRUE,complete_construction_year_geometry,1,1,0,TRUE,FALSE,retain_mechanical,stable_membership_2021_field_fallback,FALSE,use_exact_construction_year_parcel_union
commercial_14192190050000,2007,3726 N LINCOLN CHICAGO,14192190050000/14192190060000,2,2024,39824,7108,7053.331200070679,1.0077507773814411,TRUE,TRUE,TRUE,complete_construction_year_geometry,2,2,0,TRUE,FALSE,retain_mechanical,stable_membership_2021_field_fallback,FALSE,use_exact_construction_year_parcel_union
commercial_14194130180000,2018,3462 N LINCOLN CHICAGO,14194130180000,1,2024,40253,5648,6221.497892212123,0.9078199652000188,TRUE,TRUE,TRUE,complete_construction_year_geometry,1,1,0,TRUE,FALSE,retain_mechanical,stable_membership_2021_field_fallback,FALSE,use_exact_construction_year_parcel_union
commercial_14194140510000,2016,1738 W ROSCOE CHICAGO,14194140510000,1,2024,40385,5591,2781.3470049723983,2.010177079668448,FALSE,FALSE,TRUE,complete_construction_year_geometry,1,1,0,TRUE,FALSE,retain_mechanical,stable_membership_2021_field_fallback,FALSE,use_exact_construction_year_parcel_union
commercial_14201220170000,2019,1418 W ADDISON CHICAGO,14201220170000,1,2024,39967,7490,7475.409447416663,1.0019518064777548,TRUE,TRUE,TRUE,complete_construction_year_geometry,1,1,0,TRUE,FALSE,retain_mechanical,stable_membership_2021_field_fallback,FALSE,use_exact_construction_year_parcel_union
commercial_14201230040000,2019,3649 N SOUTHPORT CHICAGO,14201230040000/14201230050000,2,2024,40317,6000,6041.5780474264175,0.9931180153430065,TRUE,TRUE,TRUE,complete_construction_year_geometry,2,2,0,TRUE,FALSE,retain_mechanical,stable_membership_2021_field_fallback,FALSE,use_exact_construction_year_parcel_union
commercial_14202020070000,2019,929 W IRVING PARK CHICAGO,14202020070000/14202020080000,2,2024,39926,8540,8556.984160464606,0.9980151698137906,TRUE,TRUE,TRUE,complete_construction_year_geometry,2,2,0,TRUE,FALSE,retain_mechanical,stable_membership_2021_field_fallback,FALSE,use_exact_construction_year_parcel_union
commercial_14202060010000,2021,949 W DAKIN CHICAGO,14202060010000/14202060020000,2,2024,39965,22545,23381.43241031654,0.9642266395130059,TRUE,TRUE,TRUE,complete_construction_year_geometry,2,2,0,TRUE,FALSE,retain_mechanical,stable_membership_2021_field_fallback,FALSE,use_exact_construction_year_parcel_union
commercial_14202240190000,2022,1118 W PATTERSON CHICAGO,14202240190000/14202240200000,2,2024,39875,11868,11988.882905043489,0.9899170835180452,TRUE,TRUE,TRUE,complete_construction_year_geometry,2,2,0,TRUE,FALSE,review_required,missing_or_nonpositive_building_area,FALSE,use_exact_construction_year_parcel_union
commercial_14203170390000,2018,3334 N SOUTHPORT CHICAGO,14203170390000,1,2024,39837,4990,5012.922397506423,0.9954273384487609,TRUE,TRUE,TRUE,complete_construction_year_geometry,1,1,0,TRUE,FALSE,retain_mechanical,stable_membership_2021_field_fallback,FALSE,use_exact_construction_year_parcel_union
commercial_14204020100000,2019,1050 W CORNELIA CHICAGO,14204020100000,1,2024,39966,2737,2785.791864965111,0.982485459312761,TRUE,TRUE,TRUE,complete_construction_year_geometry,1,1,0,TRUE,FALSE,review_required,permit_unit_counts_do_not_include_assessor_count,FALSE,use_exact_construction_year_parcel_union
commercial_14204030750000,2018,1025  ADDISON CHICAGO,14204030750000/14204030760000,2,2024,40195,93744,21637.718590200413,4.332434568330881,FALSE,FALSE,TRUE,complete_construction_year_geometry,2,2,0,TRUE,FALSE,review_required,missing_or_nonpositive_building_area,FALSE,use_exact_construction_year_parcel_union
commercial_14204200460000,2021,3312 N HALSTED CHICAGO,14204200460000,1,2024,39833,3125,3128.8906726730056,0.998756532880172,TRUE,TRUE,TRUE,complete_construction_year_geometry,1,1,0,TRUE,FALSE,review_required,permit_unit_counts_do_not_include_assessor_count,FALSE,use_exact_construction_year_parcel_union
commercial_14204250340000,2007,3221 N SHEFFIELD CHICAGO,14204250340000,1,2024,39776,6347,3174.013999849558,1.9996761199858715,FALSE,FALSE,TRUE,complete_construction_year_geometry,1,1,0,TRUE,FALSE,retain_mechanical,stable_membership_2021_field_fallback,FALSE,use_exact_construction_year_parcel_union
commercial_14211000120000,2017,730 W SHERIDAN CHICAGO,14211000120000,1,2024,39927,20600,20225.931193351746,1.0184945159296899,TRUE,TRUE,TRUE,complete_construction_year_geometry,1,1,0,TRUE,FALSE,review_required,permit_unit_counts_do_not_include_assessor_count,FALSE,use_exact_construction_year_parcel_union
commercial_14211020430000,2020,3835  BROADWAY CHICAGO,14211020430000,1,2024,40008,32476,4949.204477306455,6.561862648615938,FALSE,FALSE,TRUE,complete_construction_year_geometry,1,1,0,TRUE,FALSE,retain_mechanical,stable_membership_2021_field_fallback,FALSE,use_exact_construction_year_parcel_union
commercial_14211060470000,2021,3726 N LAKE SHORE CHICAGO,14211060470000/14211060480000,2,2024,40194,18130,18130.13101942092,0.9999927733880808,TRUE,TRUE,TRUE,complete_construction_year_geometry,2,2,0,TRUE,FALSE,retain_mechanical,stable_membership_2021_field_fallback,FALSE,use_exact_construction_year_parcel_union
commercial_14281130190000,2015,2950 N SHERIDAN CHICAGO,14281130190000/14281130200000,2,2024,39801,24287,24022.019999621785,1.011030712670391,TRUE,TRUE,TRUE,complete_construction_year_geometry,2,2,0,TRUE,FALSE,retain_mechanical,stable_membership_2021_field_fallback,FALSE,use_exact_construction_year_parcel_union
commercial_14292020060000,2007,3154 N KENMORE CHICAGO,14292020060000,1,2024,39779,5750,5735.60519983503,1.0025097264653753,TRUE,TRUE,TRUE,complete_construction_year_geometry,1,1,0,TRUE,FALSE,retain_mechanical,stable_membership_2021_field_fallback,FALSE,use_exact_construction_year_parcel_union
commercial_14293050560000,2011,1253 W DIVERSEY CHICAGO,14293050560000,1,2024,39814,4301,9749.42359981872,0.4411542852728209,FALSE,FALSE,TRUE,complete_construction_year_geometry,1,1,0,TRUE,FALSE,retain_mechanical,stable_membership_2021_field_fallback,FALSE,use_exact_construction_year_parcel_union
commercial_14294070630000,2008,2666 N HALSTED CHICAGO,14294070630000/14294071030000,2,2024,39798,6929,6898.687399435788,1.0043939663894164,TRUE,TRUE,TRUE,complete_construction_year_geometry,2,2,0,TRUE,FALSE,retain_mechanical,stable_membership_2021_field_fallback,FALSE,use_exact_construction_year_parcel_union
commercial_14294070660000,2006,2658 N HALSTED CHICAGO,14294070660000/14294070670000,2,2024,39802,6696,6657.041999774054,1.005852148781286,TRUE,TRUE,TRUE,complete_construction_year_geometry,2,2,0,TRUE,FALSE,retain_mechanical,stable_membership_2021_field_fallback,FALSE,use_exact_construction_year_parcel_union
commercial_14294070940000,2017,2616 N HALSTED CHICAGO,14294070940000,1,2024,39856,6200,6165.542780293152,1.0055886757962305,TRUE,TRUE,TRUE,complete_construction_year_geometry,1,1,0,TRUE,FALSE,retain_mechanical,stable_membership_2021_field_fallback,FALSE,use_exact_construction_year_parcel_union
commercial_14294161030000,2014,878 W LILL CHICAGO,14294161030000,1,2024,39818,3123,4688.5439999156515,0.6660916480801254,FALSE,FALSE,TRUE,complete_construction_year_geometry,1,1,0,TRUE,FALSE,review_required,component_membership_changed_across_vintages,FALSE,use_exact_construction_year_parcel_union
commercial_14311090070000,2014,2366 N SEELEY CHICAGO,14311090070000/14311090080000/14311090090000,3,2024,59474,9062,9000.75799982925,1.0068040936298823,TRUE,TRUE,TRUE,complete_construction_year_geometry,3,3,0,TRUE,FALSE,retain_mechanical,2024_primary_year_recode,FALSE,use_exact_construction_year_parcel_union
commercial_14311100080000,2017,2359 N SEELEY CHICAGO,14311100080000/14311100090000/14311100100000,3,2024,59475,9525,9621.078790025786,0.990013719654246,TRUE,TRUE,TRUE,complete_construction_year_geometry,3,3,0,TRUE,FALSE,retain_mechanical,2024_primary_year_recode,FALSE,use_exact_construction_year_parcel_union
commercial_14311100110000,2017,2351 N SEELEY CHICAGO,14311100110000/14311100120000/14311100130000,3,2024,59476,9525,9610.483675498515,0.9911051640703108,TRUE,TRUE,TRUE,complete_construction_year_geometry,3,3,0,TRUE,FALSE,retain_mechanical,2024_primary_year_recode,FALSE,use_exact_construction_year_parcel_union
commercial_14311100140000,2017,2343 N SEELEY CHICAGO,14311100140000/14311100150000/14311100160000,3,2024,59477,9525,9603.17401059717,0.9918595653363249,TRUE,TRUE,TRUE,complete_construction_year_geometry,3,3,0,TRUE,FALSE,review_required,permit_unit_counts_do_not_include_assessor_count,FALSE,use_exact_construction_year_parcel_union
commercial_14312120200000,2021,2111 N ELSTON CHICAGO,14312120200000/14312120210000,2,2024,59495,142556,142556.46458346117,0.9999967410565173,TRUE,TRUE,TRUE,complete_construction_year_geometry,2,2,0,TRUE,FALSE,review_required,component_membership_changed_across_vintages,FALSE,use_exact_construction_year_parcel_union
commercial_14312160460000,2021,2048 N WOOD CHICAGO,14312160460000,1,2024,59500,7808,7801.515329118818,1.0008312065807239,TRUE,TRUE,TRUE,complete_construction_year_geometry,1,1,0,TRUE,FALSE,retain_mechanical,coherent_2024_primary_entity,FALSE,use_exact_construction_year_parcel_union
commercial_14313000500000,2018,1879 N MILWAUKEE CHICAGO,14313000500000/14313000510000/14313000520000,3,2024,59502,8800,8803.580632805824,0.9995932754006386,TRUE,TRUE,TRUE,complete_construction_year_geometry,3,3,0,TRUE,FALSE,retain_mechanical,2024_primary_year_recode,FALSE,use_exact_construction_year_parcel_union
commercial_14313220560000,2017,1743 N LEAVITT CHICAGO,14313220560000/14313220600000,2,2024,59516,57237,57238.07137285918,0.9999812821635411,TRUE,TRUE,TRUE,complete_construction_year_geometry,2,2,0,TRUE,FALSE,retain_mechanical,coherent_2024_revision_same_entity,FALSE,use_exact_construction_year_parcel_union
commercial_14313260850000,2014,1655 N WESTERN CHICAGO,14313260850000,1,2024,59519,4984,19927.51099990867,0.25010649849962907,FALSE,FALSE,TRUE,complete_construction_year_geometry,1,1,0,TRUE,FALSE,retain_mechanical,2024_primary_year_recode,FALSE,use_exact_construction_year_parcel_union
commercial_14314140570000,2007,1635 W CORTLAND CHICAGO,14314140570000,1,2024,59532,7852,7851.616599721019,1.0000488307438489,TRUE,TRUE,TRUE,complete_construction_year_geometry,1,1,0,TRUE,FALSE,retain_mechanical,2024_primary_year_recode,FALSE,use_exact_construction_year_parcel_union
commercial_14314160030000,2014,1953 W BLOOMINGDALE CHICAGO,14314160030000/14314160040000,2,2024,59534,3840,3850.508800137148,0.9972708022023548,TRUE,TRUE,TRUE,complete_construction_year_geometry,2,2,0,TRUE,FALSE,retain_mechanical,2024_primary_year_recode,FALSE,use_exact_construction_year_parcel_union
commercial_14321060130000,2006,1237 W FULLERTON CHICAGO,14321060130000,1,2024,42890,54638,10174.183600139511,5.370258897161124,FALSE,FALSE,TRUE,complete_construction_year_geometry,1,1,0,TRUE,FALSE,review_required,student_housing_unit_definition_requires_review,FALSE,use_exact_construction_year_parcel_union
commercial_14333000110000,2018,1947 N HALSTED,14333000110000/14333001260000,2,2021,68720,24332,24332.016964897513,0.9999993027747129,TRUE,TRUE,TRUE,complete_construction_year_geometry,2,2,0,TRUE,FALSE,retain_mechanical,coherent_2021_only_entity,FALSE,use_exact_construction_year_parcel_union
commercial_14333000210000,2021,1901 N HALSTED CHICAGO,14333000210000/14333000220000/14333000230000/14333000240000,4,2024,43005,12838,13130.775380718056,0.9777031156021462,TRUE,TRUE,TRUE,complete_construction_year_geometry,4,4,0,TRUE,FALSE,retain_mechanical,2024_primary_year_recode,FALSE,use_exact_construction_year_parcel_union
commercial_16013050010000,2015,1057 N SACRAMENTO CHICAGO,16013050010000/16013050020000/16013050030000/16013050040000/16013050050000/16013050060000/16013050070000/16013050080000/16013050090000,9,2024,59574,37732,37737.22439941019,0.9998615584613513,TRUE,TRUE,TRUE,complete_construction_year_geometry,9,9,0,TRUE,FALSE,review_required,component_membership_changed_across_vintages,FALSE,use_exact_construction_year_parcel_union
commercial_16021000010000,2015,3949 W NORTH CHICAGO,16021000010000/16021000020000/16021000030000/16021000040000,4,2024,59629,24173,24175.4899998717,0.9998970031270632,TRUE,TRUE,TRUE,complete_construction_year_geometry,4,4,0,TRUE,FALSE,retain_mechanical,2024_primary_year_recode,FALSE,use_exact_construction_year_parcel_union
commercial_16022000090000,2020,3533 W NORTH,16022000090000/16022000100000,2,2021,79937,11516,11504.36436718778,1.0010114103170624,TRUE,TRUE,TRUE,complete_construction_year_geometry,2,2,0,TRUE,FALSE,retain_mechanical,coherent_2021_only_entity,FALSE,use_exact_construction_year_parcel_union
commercial_16022280210000,2006,3250 W DIVISION CHICAGO,16022280200000/16022280210000/16022280220000/16022280230000,4,2024,59658,12401,12401.15740019083,0.9999873076209138,TRUE,TRUE,TRUE,complete_construction_year_geometry,4,4,0,TRUE,FALSE,review_required,component_membership_changed_across_vintages,FALSE,use_exact_construction_year_parcel_union
commercial_16022280270000,2006,3232 W DIVISION CHICAGO,16022280270000/16022280280000/16022280290000/16022280300000,4,2024,59659,15503,15503.385199829412,0.9999751538245069,TRUE,TRUE,TRUE,complete_construction_year_geometry,4,4,0,TRUE,FALSE,retain_mechanical,coherent_2024_revision_same_entity,FALSE,use_exact_construction_year_parcel_union
commercial_16082260220000,2009,5706 W LAKE CHICAGO,16082260220000,1,2024,59853,22825,22824.645200252533,1.0000155445898218,TRUE,TRUE,TRUE,complete_construction_year_geometry,1,1,0,TRUE,FALSE,retain_mechanical,2024_primary_year_recode,FALSE,use_exact_construction_year_parcel_union
commercial_16112170200000,2008,530 N SAINT LOUIS CHICAGO,16112170200000/16112170210000/16112170220000/16112170230000,4,2024,60075,12467,12468.55280009727,0.9998754626842292,TRUE,TRUE,TRUE,complete_construction_year_geometry,4,4,0,TRUE,FALSE,retain_mechanical,2024_primary_year_recode,FALSE,use_exact_construction_year_parcel_union
commercial_16112180180000,2008,536 N TRUMBULL CHICAGO,16112180180000/16112180190000/16112180200000/16112180210000,4,2024,60076,15056,15058.503199690254,0.999833768359507,TRUE,TRUE,TRUE,complete_construction_year_geometry,4,4,0,TRUE,FALSE,retain_mechanical,2024_primary_year_recode,FALSE,use_exact_construction_year_parcel_union
commercial_16132140760000,2011,206 S MAPLEWOOD CHICAGO,16132140760000,1,2024,60133,13597,13596.761828219984,1.0000175168016492,TRUE,TRUE,TRUE,complete_construction_year_geometry,1,1,0,TRUE,FALSE,retain_mechanical,2024_primary_year_recode,FALSE,use_exact_construction_year_parcel_union
commercial_16132150730000,2011,2450 W JACKSON CHICAGO,16132150730000,1,2024,60134,16312,16311.604199978989,1.0000242649353281,TRUE,TRUE,TRUE,complete_construction_year_geometry,1,1,0,TRUE,FALSE,retain_mechanical,2024_primary_year_recode,FALSE,use_exact_construction_year_parcel_union
commercial_16142140240000,2018,3536 W FIFTH CHICAGO,16142140240000/16142140280000/16142140290000/16142140300000,4,2024,60177,59852,56845.74781521037,1.05288438098417,TRUE,TRUE,TRUE,complete_construction_year_geometry,4,4,0,TRUE,FALSE,retain_mechanical,coherent_2024_revision_same_entity,FALSE,use_exact_construction_year_parcel_union
commercial_16143160360000,2015,3620 W ARTHINGTON CHICAGO,16143160360000,1,2024,60210,21584,21492.481999218464,1.0042581401619814,TRUE,TRUE,TRUE,complete_construction_year_geometry,1,1,0,TRUE,FALSE,retain_mechanical,2024_primary_year_recode,FALSE,use_exact_construction_year_parcel_union
commercial_16143160370000,2015,815 W ARTHINGTON CHICAGO,16143160370000,1,2024,60211,12708,12707.888199918843,1.000008797691591,TRUE,TRUE,TRUE,complete_construction_year_geometry,1,1,0,TRUE,FALSE,review_required,permit_unit_counts_do_not_include_assessor_count,FALSE,use_exact_construction_year_parcel_union
commercial_16224090400000,2017,4310 W 19TH CHICAGO,16224090370000/16224090400000,2,2024,60417,171229,102460.30076404498,1.67117409106891,FALSE,FALSE,TRUE,complete_construction_year_geometry,2,2,0,TRUE,FALSE,retain_mechanical,coherent_2024_primary_entity,FALSE,use_exact_construction_year_parcel_union
commercial_16234110170000,2007,3336 W 19TH CHICAGO,16234110170000,1,2024,60503,8777,3119.0614002030343,2.8139875667175596,FALSE,FALSE,TRUE,complete_construction_year_geometry,1,1,0,TRUE,FALSE,retain_mechanical,2024_primary_year_recode,FALSE,use_exact_construction_year_parcel_union
commercial_16242010140000,2009,1218 S WASHTENAW CHICAGO,16242010140000/16242010150000,2,2024,60518,5691,5730.837000263855,0.9930486593385887,TRUE,TRUE,TRUE,complete_construction_year_geometry,2,2,0,TRUE,FALSE,review_required,permit_unit_counts_do_not_include_assessor_count,FALSE,use_exact_construction_year_parcel_union
commercial_16242010170000,2010,1224 S WASHTENAW,16242010170000,1,2021,83661,2691,2691.0199999890756,0.9999925678779512,TRUE,TRUE,TRUE,complete_construction_year_geometry,1,1,0,TRUE,FALSE,retain_mechanical,coherent_2021_only_entity,FALSE,use_exact_construction_year_parcel_union
commercial_16242020090000,2010,2652 W 12TH,16242020090000,1,2021,83662,2650,2638.25099997042,1.0044533291296818,TRUE,TRUE,TRUE,complete_construction_year_geometry,1,1,0,TRUE,FALSE,retain_mechanical,coherent_2021_only_entity,FALSE,use_exact_construction_year_parcel_union
commercial_16242020110000,2013,2642 W 12TH CHICAGO,16242020110000/16242020120000/16242020130000/16242020140000,4,2024,60519,10600,10549.747600100936,1.004763374613681,TRUE,TRUE,TRUE,complete_construction_year_geometry,4,4,0,TRUE,FALSE,retain_mechanical,2024_primary_year_recode,FALSE,use_exact_construction_year_parcel_union
commercial_16242020170000,2010,2632 W 12TH,16242020170000,1,2021,83664,4036,4016.858799855865,1.0047652160799931,TRUE,TRUE,TRUE,complete_construction_year_geometry,1,1,0,TRUE,FALSE,retain_mechanical,coherent_2021_only_entity,FALSE,use_exact_construction_year_parcel_union
commercial_16242070410000,2013,2707 W 12TH CHICAGO,16242070410000/16242070420000/16242070430000/16242070440000/16242070450000/16242070460000,6,2024,60525,18221,18225.00999949221,0.9997799727137422,TRUE,TRUE,TRUE,complete_construction_year_geometry,6,6,0,TRUE,FALSE,retain_mechanical,2024_primary_year_recode,FALSE,use_exact_construction_year_parcel_union
commercial_16242070530000,2013,1302 S WASHTENAW CHICAGO,16242070520000/16242070530000/16242070540000,3,2024,60526,13472,13473.558599954473,0.9998843215811984,TRUE,TRUE,TRUE,complete_construction_year_geometry,3,3,0,TRUE,FALSE,review_required,permit_unit_counts_do_not_include_assessor_count,FALSE,use_exact_construction_year_parcel_union
commercial_16242070560000,2014,1310 S WASHTENAW,16242070560000/16242070570000,2,2021,83672,6241,6242.027000125498,0.9998354700924111,TRUE,TRUE,TRUE,complete_construction_year_geometry,2,2,0,TRUE,FALSE,retain_mechanical,coherent_2021_only_entity,FALSE,use_exact_construction_year_parcel_union
commercial_16242070760000,2014,1258 S WASHTENAW,16242070760000,1,2021,83673,8904,5551.502000023145,1.6038902624844371,FALSE,FALSE,TRUE,complete_construction_year_geometry,1,1,0,TRUE,FALSE,retain_mechanical,coherent_2021_only_entity,FALSE,use_exact_construction_year_parcel_union
commercial_16242280010000,2013,1235 S WASHTENAW CHICAGO,16242280010000,1,2024,60527,53432,53431.80846954882,1.0000035845773645,TRUE,TRUE,TRUE,complete_construction_year_geometry,1,1,0,TRUE,FALSE,retain_mechanical,2024_primary_year_recode,FALSE,use_exact_construction_year_parcel_union
commercial_17031080180000,2018,61 E BANKS CHICAGO,17031080180000,1,2024,43046,25422,25575.428040362895,0.9940009590408123,TRUE,TRUE,TRUE,complete_construction_year_geometry,1,1,0,TRUE,FALSE,retain_mechanical,2024_primary_year_recode,FALSE,use_exact_construction_year_parcel_union
commercial_17041120710000,2022,1457 N HALSTED CHICAGO,17041120710000,1,2024,42874,23901,23901.096603885293,0.999995958181882,TRUE,TRUE,TRUE,complete_construction_year_geometry,1,1,0,TRUE,FALSE,review_required,permit_unit_counts_do_not_include_assessor_count,FALSE,use_exact_construction_year_parcel_union
commercial_17042000430000,2008,1437 N SEDGWICK CHICAGO,17042000430000,1,2024,43091,3350,3358.748000166379,0.997395458020088,TRUE,TRUE,TRUE,complete_construction_year_geometry,1,1,0,TRUE,FALSE,retain_mechanical,2024_primary_year_recode,FALSE,use_exact_construction_year_parcel_union
commercial_17042000460000,2009,1431 N SEDGWICK CHICAGO,17042000460000/17042000470000,2,2024,43092,5100,5108.081200107932,0.9984179577827069,TRUE,TRUE,TRUE,complete_construction_year_geometry,2,2,0,TRUE,FALSE,retain_mechanical,2024_primary_year_recode,FALSE,use_exact_construction_year_parcel_union
commercial_17042010030000,2011,1539 N ORLEANS CHICAGO,17042010030000/17042010040000/17042010050000,3,2024,43095,10200,10179.338799957186,1.0020297192626009,TRUE,TRUE,TRUE,complete_construction_year_geometry,3,3,0,TRUE,FALSE,retain_mechanical,2024_primary_year_recode,FALSE,use_exact_construction_year_parcel_union
commercial_17043030010000,2016,625 W DIVISION CHICAGO,17043030010000/17043030020000/17043030030000/17043030100000/17043030190000,5,2024,43144,42503,42635.87504396541,0.9968834920397812,TRUE,TRUE,TRUE,complete_construction_year_geometry,5,5,0,TRUE,FALSE,retain_mechanical,2024_primary_year_recode,FALSE,use_exact_construction_year_parcel_union
commercial_17043040290000,2009,531 W DIVISION CHICAGO,17043040290000,1,2024,42879,30195,30195.24227911979,0.9999919762485245,TRUE,TRUE,TRUE,complete_construction_year_geometry,1,1,0,TRUE,FALSE,retain_mechanical,coherent_2024_revision_same_entity,FALSE,use_exact_construction_year_parcel_union
commercial_17043060300000,2015,465 W DIVISION CHICAGO,17043060300000,1,2024,42880,28001,28001.63867718121,0.9999771914355237,TRUE,TRUE,TRUE,complete_construction_year_geometry,1,1,0,TRUE,FALSE,review_required,permit_unit_counts_do_not_include_assessor_count,FALSE,use_exact_construction_year_parcel_union
commercial_17043060400000,2017,1143 N CLEVELAND CHICAGO,17043060400000/17043060410000/17043060420000/17043060430000/17043060440000/17043060450000/17043060460000/17043060470000,8,2024,42881,8046,8048.656210321002,0.9996699808947491,TRUE,TRUE,TRUE,complete_construction_year_geometry,8,8,0,TRUE,FALSE,retain_mechanical,coherent_2024_primary_entity,FALSE,use_exact_construction_year_parcel_union
commercial_17043110430000,2021,535 W. Elm St.,17043110420000/17043110430000/17043110440000/17043110450000,4,2024,42882,70282,70283.57772568008,0.9999775520010344,TRUE,TRUE,TRUE,complete_construction_year_geometry,4,4,0,TRUE,FALSE,retain_mechanical,coherent_2024_primary_entity,FALSE,use_exact_construction_year_parcel_union
commercial_17043180320000,2008,544 W OAK CHICAGO,17043180320000,1,2024,42883,31784,84456.01020030188,0.376337929350662,FALSE,FALSE,TRUE,complete_construction_year_geometry,1,1,0,TRUE,FALSE,retain_mechanical,2024_primary_year_recode,FALSE,use_exact_construction_year_parcel_union
commercial_17043230020000,2017,943 N CROSBY CHICAGO,17043230020000,1,2024,43145,10400,10400.371869146824,0.9999642446297592,TRUE,TRUE,TRUE,complete_construction_year_geometry,1,1,0,TRUE,FALSE,retain_mechanical,coherent_2024_revision_same_entity,FALSE,use_exact_construction_year_parcel_union
commercial_17043241170000,2019,853 N LARRABEE CHICAGO,17043241170000/17043241180000,2,2024,43146,22238,22239.49004022032,0.9999330002523608,TRUE,TRUE,FALSE,complete_construction_year_geometry,2,2,1,TRUE,FALSE,retain_mechanical,2024_primary_year_recode,FALSE,predecessor_parcel_union_validated_by_assessor_land
commercial_17044290090000,2016,907 N ORLEANS CHICAGO,17044290090000/17044290160000,2,2024,43169,21848,16839.03813442029,1.2974612816714872,FALSE,FALSE,TRUE,complete_construction_year_geometry,2,2,0,TRUE,FALSE,review_required,permit_unit_counts_do_not_include_assessor_count,FALSE,use_exact_construction_year_parcel_union
commercial_17044350390000,2010,2 W DELAWARE CHICAGO,17044350390000,1,2024,43171,25479,25479.771314565092,0.9999697283560527,TRUE,TRUE,TRUE,complete_construction_year_geometry,1,1,0,TRUE,FALSE,retain_mechanical,coherent_2024_primary_entity,FALSE,use_exact_construction_year_parcel_union
commercial_17044370150000,2011,858 N FRANKLIN CHICAGO,17044370150000/17044370160000/17044370170000,3,2024,43173,7500,7473.013600051403,1.0036111803608134,TRUE,TRUE,TRUE,complete_construction_year_geometry,3,3,0,TRUE,FALSE,review_required,permit_unit_counts_do_not_include_assessor_count,FALSE,use_exact_construction_year_parcel_union
commercial_17044480130000,2016,801 N LA SALLE CHICAGO,17044480090000/17044480100000/17044480110000/17044480120000/17044480130000/17044480140000/17044480150000/17044480160000/17044480170000/17044480180000,10,2024,43181,28593,28227.855100940447,1.0129356232612725,TRUE,TRUE,TRUE,complete_construction_year_geometry,10,10,0,TRUE,FALSE,retain_mechanical,coherent_2024_revision_same_entity,FALSE,use_exact_construction_year_parcel_union
commercial_17044480190000,2018,830 N CLARK CHICAGO,17044480190000,1,2024,43182,14869,14869.110199540854,0.9999925886929766,TRUE,TRUE,TRUE,complete_construction_year_geometry,1,1,0,TRUE,FALSE,retain_mechanical,2024_primary_year_recode,FALSE,use_exact_construction_year_parcel_union
commercial_17044490470000,2015,833 N CLARK CHICAGO,17044490470000,1,2024,43186,37399,3775.399199450389,9.905972328818747,FALSE,FALSE,TRUE,complete_construction_year_geometry,1,1,0,TRUE,FALSE,retain_mechanical,coherent_2024_revision_same_entity,FALSE,use_exact_construction_year_parcel_union
commercial_17051070550000,2006,1453 N ASHLAND CHICAGO,17051070550000,1,2024,60609,5185,5184.911600083113,1.0000170494549774,TRUE,TRUE,TRUE,complete_construction_year_geometry,1,1,0,TRUE,FALSE,retain_mechanical,2024_primary_year_recode,FALSE,use_exact_construction_year_parcel_union
commercial_17051070560000,2006,1455 N ASHLAND CHICAGO,17051070560000,1,2024,60610,4810,4809.598600005731,1.000083458106934,TRUE,TRUE,TRUE,complete_construction_year_geometry,1,1,0,TRUE,FALSE,retain_mechanical,2024_primary_year_recode,FALSE,use_exact_construction_year_parcel_union
commercial_17053100670000,2008,1001 N MILWAUKEE CHICAGO,17053100670000,1,2024,60643,11326,11379.261735503678,0.9953194032493777,TRUE,TRUE,TRUE,complete_construction_year_geometry,1,1,0,TRUE,FALSE,retain_mechanical,2024_primary_year_recode,FALSE,use_exact_construction_year_parcel_union
commercial_17053240480000,2009,1410 W CHICAGO CHICAGO,17053240480000/17053240650000/17053240680000,3,2024,60646,6717,14640.600800045067,0.4587926473604364,FALSE,FALSE,TRUE,complete_construction_year_geometry,3,3,0,TRUE,FALSE,retain_mechanical,2024_primary_year_recode,FALSE,use_exact_construction_year_parcel_union
commercial_17053280180000,2019,880 N MILWAUKEE CHICAGO,17053280180000/17053280190000,2,2024,60651,5904,6045.061807496473,0.9766649519908064,TRUE,TRUE,TRUE,complete_construction_year_geometry,2,2,0,TRUE,FALSE,retain_mechanical,coherent_2024_revision_same_entity,FALSE,use_exact_construction_year_parcel_union
commercial_17054150070000,2015,830 N MILWAUKEE CHICAGO,17054150070000/17054150110000/17054150250000,3,2024,60654,15840,15294.262600574642,1.0356824917734087,TRUE,TRUE,TRUE,complete_construction_year_geometry,3,3,0,TRUE,FALSE,retain_mechanical,2024_primary_year_recode,FALSE,use_exact_construction_year_parcel_union
commercial_17054150120000,2022,818 N MILWAUKEE CHICAGO,17054150120000/17054150130000/17054150140000/17054150160000/17054150270000/17054150280000,6,2024,60655,18411,17624.138177799992,1.0446468255220087,TRUE,TRUE,TRUE,complete_construction_year_geometry,6,6,0,TRUE,FALSE,retain_mechanical,coherent_2024_primary_entity,FALSE,use_exact_construction_year_parcel_union
commercial_17061000050000,2014,2347 W NORTH CHICAGO,17061000050000,1,2024,60657,9315,9315.043199692213,0.9999953623733904,TRUE,TRUE,TRUE,complete_construction_year_geometry,1,1,0,TRUE,FALSE,retain_mechanical,2024_primary_year_recode,FALSE,use_exact_construction_year_parcel_union
commercial_17061000360000,2017,1509 N WESTERN CHICAGO,17061000360000,1,2024,60660,8248,8247.813202034682,1.0000226481808865,TRUE,TRUE,TRUE,complete_construction_year_geometry,1,1,0,TRUE,FALSE,retain_mechanical,2024_primary_year_recode,FALSE,use_exact_construction_year_parcel_union
commercial_17062080480000,2008,1449 N WICKER PARK CHICAGO,17062080480000,1,2024,60698,7500,7500.243799969554,0.9999674943940415,TRUE,TRUE,TRUE,complete_construction_year_geometry,1,1,0,TRUE,FALSE,retain_mechanical,2024_primary_year_recode,FALSE,use_exact_construction_year_parcel_union
commercial_17062270840000,2013,1846 W DIVISION CHICAGO,17062270840000,1,2024,60720,10717,4611.538395058364,2.3239533279142015,FALSE,FALSE,TRUE,complete_construction_year_geometry,1,1,0,TRUE,FALSE,retain_mechanical,2024_primary_year_recode,FALSE,use_exact_construction_year_parcel_union
commercial_17062340230000,2017,1732 W DIVISION CHICAGO,17062340230000/17062340240000/17062340420000,3,2024,60725,7300,7272.95784764766,1.0037181780671376,TRUE,TRUE,TRUE,complete_construction_year_geometry,3,3,0,TRUE,FALSE,retain_mechanical,2024_primary_year_recode,FALSE,use_exact_construction_year_parcel_union
commercial_17062350680000,2017,1640 W DIVISION CHICAGO,17062350680000/17062350690000/17062350700000/17062351360000/17062351450000,5,2024,60729,21959,29623.38851780584,0.7412723897808322,FALSE,FALSE,TRUE,complete_construction_year_geometry,5,5,0,TRUE,FALSE,review_required,permit_unit_counts_do_not_include_assessor_count,FALSE,use_exact_construction_year_parcel_union
commercial_17062350770000,2008,1624 W DIVISION CHICAGO,17062350770000/17062350900000/17062350910000/17062350920000,4,2024,60730,32706,31985.096521216736,1.0225387307587166,TRUE,TRUE,TRUE,complete_construction_year_geometry,4,4,0,TRUE,FALSE,retain_mechanical,2024_primary_year_recode,FALSE,use_exact_construction_year_parcel_union
commercial_17062351420000,2019,1664 W DIVISION CHICAGO,17062351420000/17062351460000,2,2024,60731,19987,19988.052556951938,0.9999473406952009,TRUE,TRUE,TRUE,complete_construction_year_geometry,2,2,0,TRUE,FALSE,retain_mechanical,coherent_2024_revision_same_entity,FALSE,use_exact_construction_year_parcel_union
commercial_17064030060000,2021,1809 W DIVISION CHICAGO,17064030060000/17064030070000,2,2024,60772,4418,4411.634497309104,1.0014428898619727,TRUE,TRUE,TRUE,complete_construction_year_geometry,2,2,0,TRUE,FALSE,review_required,missing_or_nonpositive_building_area,FALSE,use_exact_construction_year_parcel_union
commercial_17064360090000,2014,1834 W CHICAGO CHICAGO,17064360090000/17064360100000/17064360110000/17064360120000/17064360130000,5,2024,60795,37362,37238.9920000062,1.0033032043400578,TRUE,TRUE,TRUE,complete_construction_year_geometry,5,5,0,TRUE,FALSE,retain_mechanical,coherent_2024_revision_same_entity,FALSE,use_exact_construction_year_parcel_union
commercial_17064360170000,2012,1812 W CHICAGO CHICAGO,17064360170000/17064360180000,2,2024,60796,6200,6246.887999972852,0.9924941827077649,TRUE,TRUE,TRUE,complete_construction_year_geometry,2,2,0,TRUE,FALSE,retain_mechanical,coherent_2024_revision_same_entity,FALSE,use_exact_construction_year_parcel_union
commercial_17072030380000,2010,1651 W CHICAGO CHICAGO,17072030380000,1,2024,60816,5766,8647.290200254996,0.6667984844350394,FALSE,FALSE,TRUE,complete_construction_year_geometry,1,1,0,TRUE,FALSE,retain_mechanical,2024_primary_year_recode,FALSE,use_exact_construction_year_parcel_union
commercial_17074170400000,2010,1805 W LAKE CHICAGO,17074170400000,1,2024,60834,22290,22290.330231245083,0.9999851849998785,TRUE,TRUE,TRUE,complete_construction_year_geometry,1,1,0,TRUE,FALSE,review_required,permit_unit_counts_do_not_include_assessor_count,FALSE,use_exact_construction_year_parcel_union
commercial_17074170530000,2010,1847 W LAKE CHICAGO,17074170530000,1,2024,60835,20289,20289.071851171437,0.9999964586269907,TRUE,TRUE,TRUE,complete_construction_year_geometry,1,1,0,TRUE,FALSE,review_required,permit_unit_counts_do_not_include_assessor_count,FALSE,use_exact_construction_year_parcel_union
commercial_17074170560000,2010,1820 W MAYPOLE CHICAGO,17074170560000,1,2024,60836,33945,33945.7989219537,0.9999764647768187,TRUE,TRUE,TRUE,complete_construction_year_geometry,1,1,0,TRUE,FALSE,review_required,permit_unit_counts_do_not_include_assessor_count,FALSE,use_exact_construction_year_parcel_union
commercial_17074220390000,2010,1807 W MAYPOLE CHICAGO,17074220390000,1,2024,60839,28094,28094.18203386419,0.9999935205850105,TRUE,TRUE,TRUE,complete_construction_year_geometry,1,1,0,TRUE,FALSE,review_required,permit_unit_counts_do_not_include_assessor_count,FALSE,use_exact_construction_year_parcel_union
commercial_17074220430000,2010,1837 W MAYPOLE CHICAGO,17074220430000,1,2024,60840,27696,27696.475914085517,0.9999828167999787,TRUE,TRUE,TRUE,complete_construction_year_geometry,1,1,0,TRUE,FALSE,review_required,permit_unit_counts_do_not_include_assessor_count,FALSE,use_exact_construction_year_parcel_union
commercial_17074220440000,2010,1854 W WASHINGTON CHICAGO,17074220440000,1,2024,60841,12589,12589.936128516274,0.9999256446969453,TRUE,TRUE,TRUE,complete_construction_year_geometry,1,1,0,TRUE,FALSE,retain_mechanical,2024_primary_year_recode,FALSE,use_exact_construction_year_parcel_union
commercial_17074220460000,2010,1820 W WASHINGTON CHICAGO,17074220460000,1,2024,60842,25210,25210.71421536189,0.9999716701654784,TRUE,TRUE,TRUE,complete_construction_year_geometry,1,1,0,TRUE,FALSE,review_required,permit_unit_counts_do_not_include_assessor_count,FALSE,use_exact_construction_year_parcel_union
commercial_17074220480000,2010,1804 W WASHINGTON CHICAGO,17074220480000,1,2024,60843,14645,14645.56464566238,0.9999614459615562,TRUE,TRUE,TRUE,complete_construction_year_geometry,1,1,0,TRUE,FALSE,retain_mechanical,coherent_2024_revision_same_entity,FALSE,use_exact_construction_year_parcel_union
commercial_17074300010000,2019,1659 W WASHINGTON CHICAGO,17074300010000/17074300020000/17074300030000/17074300040000/17074300050000/17074300060000/17074300070000/17074300080000/17074300090000/17074300100000,10,2024,60849,29885,29890.326609829903,0.9998217948602759,TRUE,TRUE,TRUE,complete_construction_year_geometry,10,10,0,TRUE,FALSE,retain_mechanical,coherent_2024_revision_same_entity,FALSE,use_exact_construction_year_parcel_union
commercial_17081250290000,2013,1326 W GRAND CHICAGO,17081250290000/17081250300000,2,2024,60879,6250,6270.413600044674,0.9967444571687378,TRUE,TRUE,TRUE,complete_construction_year_geometry,2,2,0,TRUE,FALSE,retain_mechanical,2024_primary_year_recode,FALSE,use_exact_construction_year_parcel_union
commercial_17082040010000,2020,725 N OGDEN CHICAGO,17082040010000/17082040020000/17082040030000/17082040040000/17082040050000/17082040060000/17082040260000/17082040310000/17082040370000/17082040380000,10,2024,60885,31190,32339.17281074077,0.9644649905714627,TRUE,TRUE,TRUE,complete_construction_year_geometry,10,10,0,TRUE,FALSE,retain_mechanical,coherent_2024_primary_entity,FALSE,use_exact_construction_year_parcel_union
commercial_17082050130000,2020,730 N MILWAUKEE CHICAGO,17082050120000/17082050130000/17082050210000,3,2024,60886,16871,28431.952717632055,0.5933816845980284,FALSE,FALSE,TRUE,complete_construction_year_geometry,3,3,0,TRUE,FALSE,retain_mechanical,coherent_2024_primary_entity,FALSE,use_exact_construction_year_parcel_union
commercial_17082070020000,2019,1013 W CHICAGO CHICAGO,17082070020000/17082070060000/17082070110000/17082070120000/17082070130000/17082070140000/17082070150000/17082070190000/17082070200000/17082070210000/17082070220000/17082070230000,12,2024,60887,82355,81952.26076737046,1.0049143151007482,TRUE,TRUE,TRUE,complete_construction_year_geometry,12,12,0,TRUE,FALSE,review_required,permit_unit_counts_do_not_include_assessor_count,FALSE,use_exact_construction_year_parcel_union
commercial_17082130110000,2012,910 W HURON CHICAGO,17082130090000/17082130110000,2,2024,60889,97902,32633.943299822567,3.0000052123805796,FALSE,FALSE,TRUE,complete_construction_year_geometry,2,2,0,TRUE,FALSE,review_required,component_membership_changed_across_vintages,FALSE,use_exact_construction_year_parcel_union
commercial_17082200010000,2017,713 N MILWAUKEE CHICAGO,17082200010000,1,2024,60892,5849,5990.430420681834,0.9763906078946266,TRUE,TRUE,TRUE,complete_construction_year_geometry,1,1,0,TRUE,FALSE,retain_mechanical,2024_primary_year_recode,FALSE,use_exact_construction_year_parcel_union
commercial_17082200210000,2014,955 W HURON CHICAGO,17082200210000/17082200220000/17082200230000,3,2024,60895,5325,5245.5242000488215,1.0151511644823674,TRUE,TRUE,TRUE,complete_construction_year_geometry,3,3,0,TRUE,FALSE,retain_mechanical,2024_primary_year_recode,FALSE,use_exact_construction_year_parcel_union
commercial_17082220400000,2011,693 N PEORIA CHICAGO,17082220400000,1,2024,60897,5795,5794.954713536426,1.0000078148088833,TRUE,TRUE,TRUE,complete_construction_year_geometry,1,1,0,TRUE,FALSE,retain_mechanical,2024_primary_year_recode,FALSE,use_exact_construction_year_parcel_union
commercial_17082260110000,2014,832 W ERIE CHICAGO,17082260110000,1,2024,60899,11540,11644.67540030367,0.9910108786457937,TRUE,TRUE,TRUE,complete_construction_year_geometry,1,1,0,TRUE,FALSE,review_required,permit_unit_counts_do_not_include_assessor_count,FALSE,use_exact_construction_year_parcel_union
commercial_17082430070000,2015,504 N GREEN CHICAGO,17082430070000/17082430130000/17082430140000/17082430150000/17082430160000/17082430180000,6,2024,60904,25121,25121.411086995737,0.9999836359910551,TRUE,TRUE,TRUE,complete_construction_year_geometry,6,6,0,TRUE,FALSE,retain_mechanical,2024_primary_year_recode,FALSE,use_exact_construction_year_parcel_union
commercial_17082440010000,2015,505 N MILWAUKEE CHICAGO,17082440010000/17082440020000/17082440030000/17082440040000/17082440050000/17082440060000/17082440070000/17082440080000/17082440090000,9,2024,60905,17987,18096.92881392414,0.9939255541614576,TRUE,TRUE,TRUE,complete_construction_year_geometry,9,9,0,TRUE,FALSE,retain_mechanical,coherent_2024_revision_same_entity,FALSE,use_exact_construction_year_parcel_union
commercial_17082520010000,2018,855 W GRAND CHICAGO,17082520010000/17082520030000/17082520340000,3,2024,60912,6882,7416.329855770804,0.9279522531815342,TRUE,TRUE,TRUE,complete_construction_year_geometry,3,3,0,TRUE,FALSE,retain_mechanical,2024_primary_year_recode,FALSE,use_exact_construction_year_parcel_union
commercial_17083220100000,2022,1456 W RANDOLPH CHICAGO,17083220100000/17083220110000/17083220120000/17083220130000/17083220180000/17083220190000,6,2024,60915,42750,43227.97765952349,0.9889428632704453,TRUE,TRUE,TRUE,complete_construction_year_geometry,6,6,0,TRUE,FALSE,retain_mechanical,coherent_2024_primary_entity,FALSE,use_exact_construction_year_parcel_union
commercial_17083230020000,2022,160 N LOOMIS CHICAGO,17083230020000/17083230030000/17083230040000/17083230050000,4,2024,60916,35506,38745.98218946904,0.9163788861093926,TRUE,TRUE,TRUE,complete_construction_year_geometry,4,4,0,TRUE,FALSE,retain_mechanical,coherent_2024_primary_entity,FALSE,use_exact_construction_year_parcel_union
commercial_17083240050000,2019,180 N ADA CHICAGO,17083240050000/17083240060000/17083240070000/17083240080000/17083240120000,5,2024,60917,42841,41744.864297643304,1.0262579773775569,TRUE,TRUE,TRUE,complete_construction_year_geometry,5,5,0,TRUE,FALSE,retain_mechanical,2024_primary_year_recode,FALSE,use_exact_construction_year_parcel_union
commercial_17083250270000,2009,1342 W RANDOLPH CHICAGO,17083250270000,1,2024,60920,10543,10514.46280017891,1.002714090140735,TRUE,TRUE,TRUE,complete_construction_year_geometry,1,1,0,TRUE,FALSE,retain_mechanical,2024_primary_year_recode,FALSE,use_exact_construction_year_parcel_union
commercial_17084190050000,2019,216 N MAY CHICAGO,17084190050000/17084190060000/17084190070000,3,2024,60930,22918,12897.989087410271,1.7768661335254394,FALSE,FALSE,TRUE,complete_construction_year_geometry,3,3,0,TRUE,FALSE,retain_mechanical,coherent_2024_primary_entity,FALSE,use_exact_construction_year_parcel_union
commercial_17084290010000,2017,171 N ABERDEEN CHICAGO,17084290010000/17084290020000/17084290030000/17084290060000/17084290070000/17084290080000,6,2024,60940,28750,28833.81051522307,0.9970933250331647,TRUE,TRUE,TRUE,complete_construction_year_geometry,6,6,0,TRUE,FALSE,retain_mechanical,2024_primary_year_recode,FALSE,use_exact_construction_year_parcel_union
commercial_17084400130000,2014,922 W WASHINGTON CHICAGO,17084400130000/17084400140000/17084400150000,3,2024,60945,29519,31667.693000080064,0.932148735934928,TRUE,TRUE,TRUE,complete_construction_year_geometry,3,3,0,TRUE,FALSE,retain_mechanical,coherent_2024_revision_same_entity,FALSE,use_exact_construction_year_parcel_union
commercial_17091020220000,2019,710 W GRAND CHICAGO,17091020220000/17091020230000/17091020240000/17091020250000/17091020290000/17091020300000,6,2024,60954,22705,23334.53120496497,0.9730214762218569,TRUE,TRUE,TRUE,complete_construction_year_geometry,6,6,0,TRUE,FALSE,review_required,permit_unit_counts_do_not_include_assessor_count,FALSE,use_exact_construction_year_parcel_union
commercial_17091230110000,2009,452 W ERIE CHICAGO,17091230110000,1,2024,43205,30422,30401.726813556394,1.0006668432542642,TRUE,TRUE,TRUE,complete_construction_year_geometry,1,1,0,TRUE,FALSE,retain_mechanical,coherent_2024_revision_same_entity,FALSE,use_exact_construction_year_parcel_union
commercial_17091300110000,2014,360 W HUBBARD CHICAGO,17091300110000,1,2024,43207,49137,49137.020800033584,0.9999995766932296,TRUE,TRUE,TRUE,complete_construction_year_geometry,1,1,0,TRUE,FALSE,retain_mechanical,2024_primary_year_recode,FALSE,use_exact_construction_year_parcel_union
commercial_17092100040000,2014,705 N WELLS CHICAGO,17092100040000/17092100050000,2,2024,43214,10230,10214.820399992168,1.0014860368967273,TRUE,TRUE,TRUE,complete_construction_year_geometry,2,2,0,TRUE,FALSE,retain_mechanical,2024_primary_year_recode,FALSE,use_exact_construction_year_parcel_union
commercial_17092160030000,2009,230 W ERIE CHICAGO,17092160030000/17092160040000/17092160050000/17092160160000/17092160200000,5,2024,43217,18707,18884.4527900964,0.9906032336722269,TRUE,TRUE,TRUE,complete_construction_year_geometry,5,5,0,TRUE,FALSE,retain_mechanical,2024_primary_year_recode,FALSE,use_exact_construction_year_parcel_union
commercial_17092170040000,2009,159 W HURON CHICAGO,17092170040000/17092170050000/17092170060000/17092170070000,4,2024,43218,18315,18657.451599404216,0.9816453175515594,TRUE,TRUE,TRUE,complete_construction_year_geometry,4,4,0,TRUE,FALSE,retain_mechanical,coherent_2024_revision_same_entity,FALSE,use_exact_construction_year_parcel_union
commercial_17092230070000,2016,648 N WELLS CHICAGO,17092230070000/17092230080000/17092230090000/17092230100000/17092230110000/17092230120000/17092230130000,7,2024,43225,23980,24061.911672968417,0.9965957952933374,TRUE,TRUE,TRUE,complete_construction_year_geometry,7,7,0,TRUE,FALSE,retain_mechanical,2024_primary_year_recode,FALSE,use_exact_construction_year_parcel_union
commercial_17092240150000,2015,637 N WELLS CHICAGO,17092240150000,1,2024,43226,46172,21382.04271973553,2.1593820854816386,FALSE,FALSE,TRUE,complete_construction_year_geometry,1,1,0,TRUE,FALSE,retain_mechanical,2024_primary_year_recode,FALSE,use_exact_construction_year_parcel_union
commercial_17092420090000,2021,369 W GRAND CHICAGO,17091310040000/17092420050000/17092420090000/17092420100000,4,2024,43234,35641,36175.811232728884,0.9852163306224622,TRUE,TRUE,TRUE,complete_construction_year_geometry,4,4,0,TRUE,FALSE,retain_mechanical,2024_primary_year_recode,FALSE,use_exact_construction_year_parcel_union
commercial_17092500030000,2019,317 W ILLINOIS CHICAGO,17092500030000/17092500040000/17092500050000/17092500060000,4,2024,43237,32668,22618.774827853544,1.4442868921340288,FALSE,FALSE,TRUE,complete_construction_year_geometry,4,4,0,TRUE,FALSE,retain_mechanical,coherent_2024_revision_same_entity,FALSE,use_exact_construction_year_parcel_union
commercial_17093000090000,2013,365 N HALSTED CHICAGO,17093000090000,1,2024,60960,63078,63077.59971849411,1.0000063458582393,TRUE,TRUE,TRUE,complete_construction_year_geometry,1,1,0,TRUE,FALSE,retain_mechanical,2024_primary_year_recode,FALSE,use_exact_construction_year_parcel_union
commercial_17093020020000,2009,353 N DESPLAINES CHICAGO,17093020020000,1,2024,60962,38767,38766.86183062341,1.00000356411043,TRUE,TRUE,TRUE,complete_construction_year_geometry,1,1,0,TRUE,FALSE,retain_mechanical,2024_primary_year_recode,FALSE,use_exact_construction_year_parcel_union
commercial_17093030020000,2008,555 W KINZIE CHICAGO,17093030020000/17093030090000/17093030200000,3,2024,60963,76834,76833.38965800125,1.0000079437078264,TRUE,TRUE,TRUE,complete_construction_year_geometry,3,3,0,TRUE,FALSE,review_required,permit_unit_counts_do_not_include_assessor_count,FALSE,use_exact_construction_year_parcel_union
commercial_17093050450000,2007,300 N CANAL CHICAGO,17093050450000,1,2024,60964,40892,40891.88652983634,1.0000027748820925,TRUE,TRUE,TRUE,complete_construction_year_geometry,1,1,0,TRUE,FALSE,retain_mechanical,2024_primary_year_recode,FALSE,use_exact_construction_year_parcel_union
commercial_17093180030000,2014,727 W LAKE CHICAGO,17093180030000,1,2024,60967,4440,4484.764399886131,0.9900185615353021,TRUE,TRUE,TRUE,complete_construction_year_geometry,1,1,0,TRUE,FALSE,review_required,permit_unit_counts_do_not_include_assessor_count,FALSE,use_exact_construction_year_parcel_union
commercial_17093310080000,2012,123 N DESPLAINES CHICAGO,17093310080000/17093310090000/17093310100000/17093310110000/17093310120000/17093310130000,6,2024,60970,33862,34282.39919938892,0.9877371709913344,TRUE,TRUE,TRUE,complete_construction_year_geometry,6,6,0,TRUE,FALSE,retain_mechanical,2024_primary_year_recode,FALSE,use_exact_construction_year_parcel_union
commercial_17094550230000,2009,201 W CALHOUN CHICAGO,17094550230000/17094550240000,2,2024,45741,32825,32824.85139972254,1.000004527066266,TRUE,TRUE,TRUE,complete_construction_year_geometry,2,2,0,TRUE,FALSE,retain_mechanical,coherent_2024_revision_same_entity,FALSE,use_exact_construction_year_parcel_union
commercial_17102110310000,2015,423 E OHIO CHICAGO,17102110310000,1,2024,43257,51925,15230.43114952743,3.409292848653935,FALSE,FALSE,TRUE,complete_construction_year_geometry,1,1,0,TRUE,FALSE,retain_mechanical,2024_primary_year_recode,FALSE,use_exact_construction_year_parcel_union
commercial_17153050150000,2020,822 S MICHIGAN CHICAGO,17153050150000/17153050160000,2,2024,45767,12239,12258.201261024922,0.9984335988114363,TRUE,TRUE,TRUE,complete_construction_year_geometry,2,2,0,TRUE,FALSE,retain_mechanical,2024_primary_year_recode,FALSE,use_exact_construction_year_parcel_union
commercial_17153050620000,2019,800  MICHIGAN CHICAGO,17153050610000/17153050620000/17153050630000,3,2024,45768,87246,19213.30352173932,4.540916136638532,FALSE,FALSE,FALSE,complete_construction_year_geometry,3,3,2,TRUE,FALSE,retain_mechanical,coherent_2024_revision_same_entity,TRUE,predecessor_parcel_union_requires_review
commercial_17153060100000,2016,931 S STATE CHICAGO,17153060100000/17153060110000/17153060120000/17153060130000/17153060140000/17153060300000/17153060310000/17153060380000,8,2024,45769,39092,39095.521164070815,0.9999099343360577,TRUE,TRUE,TRUE,complete_construction_year_geometry,8,8,0,TRUE,FALSE,retain_mechanical,2024_primary_year_recode,FALSE,use_exact_construction_year_parcel_union
commercial_17164050110000,2020,633 S CLARK CHICAGO,17164050110000/17164050990000,2,2024,45793,17860,11723.144845023751,1.523481986796506,FALSE,FALSE,TRUE,complete_construction_year_geometry,2,2,0,TRUE,FALSE,review_required,component_membership_changed_across_vintages,FALSE,use_exact_construction_year_parcel_union
commercial_17172040020000,2018,33 S ABERDEEN CHICAGO,17172040020000/17172040030000/17172040040000/17172040050000/17172050010000/17172050020000/17172050030000/17172050040000/17172050050000/17172050070000/17172050080000,11,2024,60994,29721,29712.666687389836,1.000280463301993,TRUE,TRUE,TRUE,complete_construction_year_geometry,11,11,0,TRUE,FALSE,retain_mechanical,2024_primary_year_recode,FALSE,use_exact_construction_year_parcel_union
commercial_17172040380000,2018,1050 W MONROE CHICAGO,17172040380000/17172050090000/17172050100000/17172050110000/17172050250000,5,2024,60992,35143,35264.72766229359,0.9965481751777784,TRUE,TRUE,TRUE,complete_construction_year_geometry,5,5,0,TRUE,FALSE,retain_mechanical,2024_primary_year_recode,FALSE,use_exact_construction_year_parcel_union
commercial_17172240290000,2012,1000 W VAN BUREN CHICAGO,17172240290000,1,2024,60999,12000,11862.91540020355,1.011555725989085,TRUE,TRUE,TRUE,complete_construction_year_geometry,1,1,0,TRUE,FALSE,retain_mechanical,coherent_2024_revision_same_entity,FALSE,use_exact_construction_year_parcel_union
commercial_17172310020000,2017,1035 W VAN BUREN CHICAGO,17172310020000/17172310030000/17172310040000/17172310050000/17172310070000/17172310080000/17172310090000/17172310100000/17172310120000/17172330020000,10,2024,61007,73688,80106.05761282577,0.9198804958815228,TRUE,TRUE,TRUE,complete_construction_year_geometry,10,10,0,TRUE,FALSE,review_required,student_housing_unit_definition_requires_review,FALSE,use_exact_construction_year_parcel_union
commercial_17173220138002,2020,1346  TAYLOR CHICAGO,17173220138002,1,2024,61030,1,67437.37997546978,1.4828571340757131e-5,FALSE,FALSE,TRUE,complete_construction_year_geometry,1,1,0,TRUE,FALSE,retain_mechanical,coherent_2024_primary_entity,FALSE,use_exact_construction_year_parcel_union
commercial_17173320070000,2008,1309 W GRENSHAW CHICAGO,17173320070000,1,2024,61042,10467,10466.732591896083,1.0000255483840415,TRUE,TRUE,TRUE,complete_construction_year_geometry,1,1,0,TRUE,FALSE,review_required,permit_unit_counts_do_not_include_assessor_count,FALSE,use_exact_construction_year_parcel_union
commercial_17173320160000,2008,1341 W GRENSHAW CHICAGO,17173320160000,1,2024,61043,10450,10449.780526672024,1.0000210026734453,TRUE,TRUE,TRUE,complete_construction_year_geometry,1,1,0,TRUE,FALSE,review_required,permit_unit_counts_do_not_include_assessor_count,FALSE,use_exact_construction_year_parcel_union
commercial_17173320210000,2008,1336 W ROOSEVELT CHICAGO,17173320210000,1,2024,61044,14712,14712.303489613318,0.9999793717133737,TRUE,TRUE,TRUE,complete_construction_year_geometry,1,1,0,TRUE,FALSE,retain_mechanical,2024_primary_year_recode,FALSE,use_exact_construction_year_parcel_union
commercial_17173320240000,2008,1302 W ROOSEVELT CHICAGO,17173320240000,1,2024,61045,15532,15532.3511845693,0.9999773901217449,TRUE,TRUE,TRUE,complete_construction_year_geometry,1,1,0,TRUE,FALSE,retain_mechanical,2024_primary_year_recode,FALSE,use_exact_construction_year_parcel_union
commercial_17173330350000,2008,1250 W GRENSHAW CHICAGO,17173330350000,1,2024,61046,6699,6699.405765306205,0.9999394326421747,TRUE,TRUE,TRUE,complete_construction_year_geometry,1,1,0,TRUE,FALSE,retain_mechanical,2024_primary_year_recode,FALSE,use_exact_construction_year_parcel_union
commercial_17173350120000,2008,1251 W GRENSHAW CHICAGO,17173350120000,1,2024,61052,8139,8138.55468699718,1.0000547164723892,TRUE,TRUE,TRUE,complete_construction_year_geometry,1,1,0,TRUE,FALSE,retain_mechanical,2024_primary_year_recode,FALSE,use_exact_construction_year_parcel_union
commercial_17181010930000,2007,14 S LEAVITT CHICAGO,17181010930000,1,2024,61061,3289,3288.644600342959,1.0001080687335457,TRUE,TRUE,TRUE,complete_construction_year_geometry,1,1,0,TRUE,FALSE,retain_mechanical,2024_primary_year_recode,FALSE,use_exact_construction_year_parcel_union
commercial_17181130470000,2006,2300 W JACKSON CHICAGO,17181130470000,1,2024,61064,7920,7762.756799817085,1.0202561028559622,TRUE,TRUE,TRUE,complete_construction_year_geometry,1,1,0,TRUE,FALSE,retain_mechanical,coherent_2024_revision_same_entity,FALSE,use_exact_construction_year_parcel_union
commercial_17181170070000,2019,213 S HAMILTON CHICAGO,17181170070000,1,2024,61066,6144,6089.737407773733,1.0089104978741774,TRUE,TRUE,TRUE,complete_construction_year_geometry,1,1,0,TRUE,FALSE,retain_mechanical,2024_primary_year_recode,FALSE,use_exact_construction_year_parcel_union
commercial_17193010330000,2020,2038 W 18TH CHICAGO,17193010330000/17193010340000,2,2024,61087,6000,6033.55925245845,0.9944379012363597,TRUE,TRUE,TRUE,complete_construction_year_geometry,2,2,0,TRUE,FALSE,review_required,permit_unit_counts_do_not_include_assessor_count,FALSE,use_exact_construction_year_parcel_union
commercial_17194060350000,2022,1734 W 18TH CHICAGO,17194060350000/17194060360000/17194060370000,3,2024,61103,9000,9010.7566001307,0.9988062489524415,TRUE,TRUE,TRUE,complete_construction_year_geometry,3,3,0,TRUE,FALSE,retain_mechanical,coherent_2024_primary_entity,FALSE,use_exact_construction_year_parcel_union
commercial_17194110010000,2011,1659 W 18TH CHICAGO,17194110010000/17194110020000/17194110190000/17194110200000,4,2024,61106,12500,12463.970600143077,1.0028906839572063,TRUE,TRUE,TRUE,complete_construction_year_geometry,4,4,0,TRUE,FALSE,review_required,component_membership_changed_across_vintages,FALSE,use_exact_construction_year_parcel_union
commercial_17201010100000,2007,1417 W ROOSEVELT CHICAGO,17201010100000/17201010110000/17201010120000/17201010400000,4,2024,61120,32886,32885.93800016906,1.0000018852991495,TRUE,TRUE,TRUE,complete_construction_year_geometry,4,4,0,TRUE,FALSE,retain_mechanical,2024_primary_year_recode,FALSE,use_exact_construction_year_parcel_union
commercial_17201020540000,2007,1303 W ROOSEVELT CHICAGO,17201020540000,1,2024,61121,20654,3932.884799961874,5.2516158114268245,FALSE,FALSE,TRUE,complete_construction_year_geometry,1,1,0,TRUE,FALSE,retain_mechanical,coherent_2024_revision_same_entity,FALSE,use_exact_construction_year_parcel_union
commercial_17201020560000,2008,1333 W ROOSEVELT CHICAGO,17201020560000,1,2024,61122,7186,7185.700892703608,1.0000416253474587,TRUE,TRUE,TRUE,complete_construction_year_geometry,1,1,0,TRUE,FALSE,retain_mechanical,2024_primary_year_recode,FALSE,use_exact_construction_year_parcel_union
commercial_17201020580000,2008,1354 W ROOSEVELT CHICAGO,17201020580000,1,2024,61124,6612,6612.052334508218,0.9999920849827602,TRUE,TRUE,TRUE,complete_construction_year_geometry,1,1,0,TRUE,FALSE,retain_mechanical,2024_primary_year_recode,FALSE,use_exact_construction_year_parcel_union
commercial_17201020600000,2008,1342 W WASHBURNE CHICAGO,17201020600000,1,2024,61125,5795,5795.017112228699,0.9999970470788321,TRUE,TRUE,TRUE,complete_construction_year_geometry,1,1,0,TRUE,FALSE,retain_mechanical,2024_primary_year_recode,FALSE,use_exact_construction_year_parcel_union
commercial_17201020620000,2008,1326 W WASHBURNE CHICAGO,17201020620000,1,2024,61126,8468,8467.615726637567,1.0000453815306267,TRUE,TRUE,TRUE,complete_construction_year_geometry,1,1,0,TRUE,FALSE,review_required,permit_unit_counts_do_not_include_assessor_count,FALSE,use_exact_construction_year_parcel_union
commercial_17201020640000,2008,1306 W WASHBURNE CHICAGO,17201020640000,1,2024,61127,11101,11100.820647414655,1.0000161566960715,TRUE,TRUE,TRUE,complete_construction_year_geometry,1,1,0,TRUE,FALSE,review_required,permit_unit_counts_do_not_include_assessor_count,FALSE,use_exact_construction_year_parcel_union
commercial_17201030510000,2008,1256 W WASHBURNE CHICAGO,17201030510000,1,2024,61129,5942,5942.270563660248,0.9999544679668573,TRUE,TRUE,TRUE,complete_construction_year_geometry,1,1,0,TRUE,FALSE,retain_mechanical,2024_primary_year_recode,FALSE,use_exact_construction_year_parcel_union
commercial_17201030530000,2008,1246 W WASHBURNE CHICAGO,17201030530000,1,2024,61130,4881,4881.334122503351,0.9999315509868889,TRUE,TRUE,TRUE,complete_construction_year_geometry,1,1,0,TRUE,FALSE,retain_mechanical,2024_primary_year_recode,FALSE,use_exact_construction_year_parcel_union
commercial_17202070580000,2006,1266 S BLUE ISLAND,17202070580000,1,2021,83416,5269,5269.248110093176,0.9999529135679337,TRUE,TRUE,TRUE,complete_construction_year_geometry,1,1,0,TRUE,FALSE,retain_mechanical,coherent_2021_only_entity,FALSE,use_exact_construction_year_parcel_union
commercial_17202070620000,2009,1140 W 13TH,17202070620000,1,2021,83417,7682,7681.638430000487,1.0000470693853671,TRUE,TRUE,TRUE,complete_construction_year_geometry,1,1,0,TRUE,FALSE,retain_mechanical,coherent_2021_only_entity,FALSE,use_exact_construction_year_parcel_union
commercial_17203160430000,2020,1854 S RACINE CHICAGO,17203160430000/17203160440000/17203160450000,3,2024,61173,15730,15730.020277863368,0.9999987108812951,TRUE,TRUE,TRUE,complete_construction_year_geometry,3,3,0,TRUE,FALSE,retain_mechanical,coherent_2024_primary_entity,FALSE,use_exact_construction_year_parcel_union
commercial_17204010540000,2018,1106 W 18TH CHICAGO,17204010540000/17204010550000,2,2024,61199,6250,6195.539347664744,1.008790300453145,TRUE,TRUE,TRUE,complete_construction_year_geometry,2,2,0,TRUE,FALSE,retain_mechanical,2024_primary_year_recode,FALSE,use_exact_construction_year_parcel_union
commercial_17211140080000,2018,713  LIBERTY CHICAGO,17211140080000/17211140090000/17211140100000/17211140110000/17211140120000/17211140130000/17211140140000/17211140150000/17211140160000,9,2024,61228,25810,25813.741930417484,0.9998550411471699,TRUE,TRUE,TRUE,complete_construction_year_geometry,9,9,0,TRUE,FALSE,retain_mechanical,2024_primary_year_recode,FALSE,use_exact_construction_year_parcel_union
commercial_17221020240000,2006,1255 S MICHIGAN CHICAGO,17221020240000,1,2024,45806,48200,48200.30224322807,0.9999937294329287,TRUE,TRUE,TRUE,complete_construction_year_geometry,1,1,0,TRUE,FALSE,retain_mechanical,coherent_2024_revision_same_entity,FALSE,use_exact_construction_year_parcel_union
commercial_17221040060000,2016,1327 S WABASH CHICAGO,17221040060000/17221040070000/17221040080000/17221040090000/17221040100000,5,2024,45809,32550,32403.67039800808,1.004515834169234,TRUE,TRUE,TRUE,complete_construction_year_geometry,5,5,0,TRUE,FALSE,review_required,permit_unit_counts_do_not_include_assessor_count,FALSE,use_exact_construction_year_parcel_union
commercial_17221040200000,2018,1322 S MICHIGAN CHICAGO,17221040200000/17221040210000,2,2024,45810,25908,26378.527752596885,0.9821624710442545,TRUE,TRUE,TRUE,complete_construction_year_geometry,2,2,0,TRUE,FALSE,retain_mechanical,2024_primary_year_recode,FALSE,use_exact_construction_year_parcel_union
commercial_17221060280000,2022,1400 S WABASH CHICAGO,17221030320000/17221060260000/17221060270000/17221060280000,4,2024,45813,25534,25536.262326346245,0.9999114073031781,TRUE,TRUE,TRUE,complete_construction_year_geometry,4,4,0,TRUE,FALSE,retain_mechanical,coherent_2024_primary_entity,FALSE,use_exact_construction_year_parcel_union
commercial_17221060620000,2008,1417 S STATE CHICAGO,17221030440000/17221030450000/17221030480000/17221060620000/17221060670000,5,2024,45814,40379,40732.65900969505,0.9913175565186924,TRUE,TRUE,TRUE,complete_construction_year_geometry,5,5,0,TRUE,FALSE,review_required,component_membership_changed_across_vintages,FALSE,use_exact_construction_year_parcel_union
commercial_17221071000000,2018,0  UNKNOWN UNKNOWN,17221071000000/17221071010000,2,2024,45816,34215,34215.513015165925,0.9999850063576221,TRUE,TRUE,TRUE,complete_construction_year_geometry,2,2,0,TRUE,FALSE,retain_mechanical,coherent_2024_revision_same_entity,FALSE,use_exact_construction_year_parcel_union
commercial_17221080990000,2020,0  UNKNOWN UNKNOWN,17221080990000/17221081020000,2,2024,45820,56348,25800.293333692476,2.1840061766435586,FALSE,FALSE,TRUE,complete_construction_year_geometry,2,2,0,TRUE,FALSE,retain_mechanical,coherent_2024_primary_entity,FALSE,use_exact_construction_year_parcel_union
commercial_17223180290000,2020,2111 S WABASH CHICAGO,17223180290000/17223180300000,2,2024,45829,42541,42541.54884818569,0.9999870985377696,TRUE,TRUE,TRUE,complete_construction_year_geometry,2,2,0,TRUE,FALSE,review_required,component_membership_changed_across_vintages,FALSE,use_exact_construction_year_parcel_union
commercial_17223190320000,2007,2138 S INDIANA CHICAGO,17223190320000,1,2024,45832,48157,16896.91118466598,2.8500475307997526,FALSE,FALSE,TRUE,complete_construction_year_geometry,1,1,0,TRUE,FALSE,retain_mechanical,2024_primary_year_recode,FALSE,use_exact_construction_year_parcel_union
commercial_17271090060000,2008,2310 S WABASH CHICAGO,17271090060000/17271090070000,2,2024,45835,27171,27171.310999922454,0.9999885541068498,TRUE,TRUE,TRUE,complete_construction_year_geometry,2,2,0,TRUE,FALSE,retain_mechanical,2024_primary_year_recode,FALSE,use_exact_construction_year_parcel_union
commercial_17271150010000,2021,2401 S STATE CHICAGO,17271150010000/17271150020000/17271150030000/17271150040000,4,2024,45836,9000,9250.71997747384,0.9728972471240767,TRUE,TRUE,TRUE,complete_construction_year_geometry,4,4,0,TRUE,FALSE,retain_mechanical,2024_primary_year_recode,FALSE,use_exact_construction_year_parcel_union
commercial_17282130210000,2019,219 W 23RD CHICAGO,17282130210000/17282130220000,2,2024,45848,6250,6277.322180032963,0.9956474784550855,TRUE,TRUE,TRUE,complete_construction_year_geometry,2,2,0,TRUE,FALSE,review_required,permit_unit_counts_do_not_include_assessor_count,FALSE,use_exact_construction_year_parcel_union
commercial_17282180334000,2022,2356 S STATE CHICAGO,17282180334000/17282180334001/17282180334002/17282180334003/17282180334004/17282180334005/17282180334006,7,2024,45850,71523,38987.74388561398,1.8344995855579926,FALSE,FALSE,FALSE,complete_construction_year_geometry,7,7,6,TRUE,FALSE,retain_mechanical,coherent_2024_primary_entity,TRUE,predecessor_parcel_union_requires_review
commercial_17284360140000,2007,216 W 31ST CHICAGO,17284360140000/17284360150000,2,2024,45870,5650,4986.93119980488,1.1329612889427998,FALSE,TRUE,TRUE,complete_construction_year_geometry,2,2,0,TRUE,FALSE,retain_mechanical,coherent_2024_primary_entity,FALSE,use_exact_construction_year_parcel_union
commercial_17294190380000,2018,2612 S HALSTED CHICAGO,17294190380000/17294190390000/17294190400000,3,2024,45882,6437,6520.3637998458,0.9872148545073863,TRUE,TRUE,TRUE,complete_construction_year_geometry,3,3,0,TRUE,FALSE,review_required,permit_unit_counts_do_not_include_assessor_count,FALSE,use_exact_construction_year_parcel_union
commercial_17294190540000,2006,2505 S ARCHER CHICAGO,17294190070000/17294190080000/17294190540000,3,2024,45883,6853,6854.330529903993,0.9998058847763194,TRUE,TRUE,TRUE,complete_construction_year_geometry,3,3,0,TRUE,FALSE,retain_mechanical,coherent_2024_primary_entity,FALSE,use_exact_construction_year_parcel_union
commercial_17312140380000,2020,3216 S. Ashland,17312140380000/17312140390000,2,2021,74671,NA,6062.112657252699,NA,FALSE,FALSE,TRUE,complete_construction_year_geometry,2,2,0,TRUE,FALSE,review_required,missing_or_nonpositive_land_area,FALSE,use_exact_construction_year_parcel_union
commercial_17313040010000,2006,3581 S ARCHER CHICAGO,17313040010000/17313040020000,2,2024,45897,13300,14291.87560004287,0.9305986402484574,TRUE,TRUE,TRUE,complete_construction_year_geometry,2,2,0,TRUE,FALSE,retain_mechanical,coherent_2024_revision_same_entity,FALSE,use_exact_construction_year_parcel_union
commercial_17334070618002,2022,3620 S DEARBORN CHICAGO,17334070618002/17334070628002/17334270048002,3,2024,45934,46225,157833.4209327808,0.2928720655410911,FALSE,FALSE,TRUE,complete_construction_year_geometry,3,3,0,TRUE,FALSE,review_required,permit_unit_counts_do_not_include_assessor_count,FALSE,use_exact_construction_year_parcel_union
commercial_17334080490000,2013,17 W 36TH CHICAGO,17334080490000,1,2024,45935,19646,19682.49959343439,0.9981455813952327,TRUE,TRUE,TRUE,complete_construction_year_geometry,1,1,0,TRUE,FALSE,retain_mechanical,2024_primary_year_recode,FALSE,use_exact_construction_year_parcel_union
commercial_17334080680000,2014,16 W 37TH CHICAGO,17334080680000,1,2024,45936,12132,12132.501285080723,0.9999586824621779,TRUE,TRUE,TRUE,complete_construction_year_geometry,1,1,0,TRUE,FALSE,retain_mechanical,2024_primary_year_recode,FALSE,use_exact_construction_year_parcel_union
commercial_17334080690000,2014,4 W 37TH CHICAGO,17334080690000,1,2024,45937,12280,12280.152123592794,0.9999876122387359,TRUE,TRUE,TRUE,complete_construction_year_geometry,1,1,0,TRUE,FALSE,retain_mechanical,coherent_2024_revision_same_entity,FALSE,use_exact_construction_year_parcel_union
commercial_17334080710000,2013,3622 S STATE CHICAGO,17334080710000,1,2024,45938,42284,42283.74714171514,1.0000059800349297,TRUE,TRUE,TRUE,complete_construction_year_geometry,1,1,0,TRUE,FALSE,retain_mechanical,2024_primary_year_recode,FALSE,use_exact_construction_year_parcel_union
commercial_17334160530000,2014,3720 S DEARBORN CHICAGO,17334160530000,1,2024,45939,32802,32801.90786069678,1.0000028089617108,TRUE,TRUE,TRUE,complete_construction_year_geometry,1,1,0,TRUE,FALSE,retain_mechanical,2024_primary_year_recode,FALSE,use_exact_construction_year_parcel_union
commercial_17344170280000,2011,3711 S VINCENNES CHICAGO / E,17344170280000/17344190230000/17344190240000/17344190250000/17344190260000/17344300010000/17344300020000/17344310010000/17344310020000/17344310030000/17344310080000/17344320070000/17344320190000/17344330040000/17344330050000,15,2024,45962/45968,231373,231379.3845609443,0.9999724065263791,TRUE,TRUE,TRUE,complete_construction_year_geometry,15,15,0,TRUE,FALSE,review_required,selected_vintage_contains_multiple_entity_values,FALSE,use_exact_construction_year_parcel_union
commercial_17344190130000,2007,650 E 38TH CHICAGO,17344190130000/17344190150000/17344220010000/17344220020000/17344220030000/17344220040000/17344220050000/17344220060000/17344220070000/17344220080000/17344220090000/17344230010000/17344230020000/17344230030000/17344230040000/17344230080000/17344230100000/17344230210000/17344240090000/17344250010000/17344250030000/17344250040000/17344250050000/17351011130000/17351011140000/17351011150000,26,2024,45963,205577,218221.61572836313,0.9420560805300661,TRUE,TRUE,TRUE,complete_construction_year_geometry,26,26,0,TRUE,FALSE,review_required,component_membership_changed_across_vintages,FALSE,use_exact_construction_year_parcel_union
commercial_17344270230000,2006,553 E 38TH CHICAGO,17344270230000/17344270310000/17344280080000/17344280090000/17344280100000/17344280170000/17344290080000,7,2024,45967,111008,719851.7941866815,0.15420952048250633,FALSE,FALSE,FALSE,complete_construction_year_geometry,7,7,6,TRUE,FALSE,review_required,permit_unit_counts_do_not_include_assessor_count,TRUE,predecessor_parcel_union_requires_review
commercial_17344320100000,2010,630 E 37TH CHICAGO,17344320100000/17344320110000,2,2024,45969,7249,7250.5017968625,0.9997928699413399,TRUE,TRUE,TRUE,complete_construction_year_geometry,2,2,0,TRUE,FALSE,retain_mechanical,coherent_2024_revision_same_entity,FALSE,use_exact_construction_year_parcel_union
commercial_17344320120000,2010,636 E 37TH CHICAGO,17344320120000/17344320130000/17344320140000,3,2024,45970,9062,9063.660586560747,0.999816786325471,TRUE,TRUE,TRUE,complete_construction_year_geometry,3,3,0,TRUE,FALSE,retain_mechanical,2024_primary_year_recode,FALSE,use_exact_construction_year_parcel_union
commercial_17344330060000,2010,720 E 38TH CHICAGO,17344330060000/17344330070000/17344330080000/17344330090000/17344330100000,5,2024,45971,13176,13178.537132024763,0.9998074799957426,TRUE,TRUE,TRUE,complete_construction_year_geometry,5,5,0,TRUE,FALSE,review_required,permit_unit_counts_do_not_include_assessor_count,FALSE,use_exact_construction_year_parcel_union
commercial_17344330110000,2011,3718 S COTTAGE GROVE CHICAGO,17344330110000,1,2024,45972,42149,42149.35708856583,0.9999915280186819,TRUE,TRUE,TRUE,complete_construction_year_geometry,1,1,0,TRUE,FALSE,review_required,permit_unit_counts_do_not_include_assessor_count,FALSE,use_exact_construction_year_parcel_union
commercial_19024290170000,2019,3256 W 47TH CHICAGO,19024290170000/19024290180000/19024290190000/19024290200000/19024290210000,5,2024,31598,15724,15510.132524967194,1.0137888876635024,TRUE,TRUE,TRUE,complete_construction_year_geometry,5,5,0,TRUE,FALSE,review_required,component_membership_changed_across_vintages,FALSE,use_exact_construction_year_parcel_union
commercial_19092030020000,2017,5011 W 47TH CHICAGO,19092030020000/19092030030000/19092030060000/19092030070000/19092030080000/19092030410000,6,2024,31606,26090,26092.691396534443,0.9998968524751417,TRUE,TRUE,TRUE,complete_construction_year_geometry,6,6,0,TRUE,FALSE,retain_mechanical,coherent_2024_revision_same_entity,FALSE,use_exact_construction_year_parcel_union
commercial_19104070500000,2006,5200 S KEELER CHICAGO,19104070500000,1,2024,31628,10050,5328.831399731338,1.885966968387607,FALSE,FALSE,TRUE,complete_construction_year_geometry,1,1,0,TRUE,FALSE,retain_mechanical,2024_primary_year_recode,FALSE,use_exact_construction_year_parcel_union
commercial_19111240120000,2016,3642 W 50TH CHICAGO,19111240120000/19111240130000/19111270010000/19111270020000,4,2024,31475,105177,105137.42637996422,1.000376398979872,TRUE,TRUE,TRUE,complete_construction_year_geometry,4,4,0,TRUE,FALSE,review_required,permit_unit_counts_do_not_include_assessor_count,FALSE,use_exact_construction_year_parcel_union
commercial_19191150430000,2019,6834 W 65TH CHICAGO,19191150430000,1,2024,31819,18365,18365.38360119227,0.9999791128135084,TRUE,TRUE,TRUE,complete_construction_year_geometry,1,1,0,TRUE,FALSE,review_required,permit_unit_counts_do_not_include_assessor_count,FALSE,use_exact_construction_year_parcel_union
commercial_19232000170000,2016,3503 W. 63rd St,19232000170000/19232000180000/19232000190000/19232000200000,4,2021,52648,6140,15336.592395938642,0.40034968925861025,FALSE,FALSE,TRUE,complete_construction_year_geometry,4,4,0,TRUE,FALSE,review_required,permit_unit_counts_do_not_include_assessor_count,FALSE,use_exact_construction_year_parcel_union
commercial_20023000050000,2007,4315 S COTTAGE GROVE CHICAGO,20023000050000/20023000060000,2,2024,15367,7500,7691.309800805524,0.9751264991581163,TRUE,TRUE,TRUE,complete_construction_year_geometry,2,2,0,TRUE,FALSE,retain_mechanical,stable_membership_2021_field_fallback,FALSE,use_exact_construction_year_parcel_union
commercial_20023050190000,2019,4434 S DREXEL,20023050190000,1,2021,23582,47700,47436.06149607152,1.005564089757965,TRUE,TRUE,TRUE,complete_construction_year_geometry,1,1,0,TRUE,FALSE,review_required,permit_unit_counts_do_not_include_assessor_count,FALSE,use_exact_construction_year_parcel_union
commercial_20031020270000,2006,3906 S INDIANA CHICAGO,20031020270000,1,2024,15034,6922,31856.79200008139,0.21728490426726946,FALSE,FALSE,TRUE,complete_construction_year_geometry,1,1,0,TRUE,FALSE,retain_mechanical,stable_membership_2021_field_fallback,FALSE,use_exact_construction_year_parcel_union
commercial_20031020280000,2006,3904 S INDIANA CHICAGO,20031020280000,1,2024,15035,8034,31856.79200008139,0.2521911183015375,FALSE,FALSE,TRUE,complete_construction_year_geometry,1,1,0,TRUE,FALSE,retain_mechanical,stable_membership_2021_field_fallback,FALSE,use_exact_construction_year_parcel_union
commercial_20031020290000,2006,3900 S INDIANA CHICAGO,20031020290000,1,2024,15036,7929,7981.548399478197,0.9934162650092264,TRUE,TRUE,TRUE,complete_construction_year_geometry,1,1,0,TRUE,FALSE,retain_mechanical,stable_membership_2021_field_fallback,FALSE,use_exact_construction_year_parcel_union
commercial_20031090340000,2007,4040 S PRAIRIE CHICAGO,20031090340000,1,2024,15395,6400,6419.465000675991,0.9969678157488293,TRUE,TRUE,TRUE,complete_construction_year_geometry,1,1,0,TRUE,FALSE,retain_mechanical,stable_membership_2021_field_fallback,FALSE,use_exact_construction_year_parcel_union
commercial_20032050360000,2011,430 E 41ST CHICAGO,20032050360000,1,2024,15415,24688,90818.59680108185,0.2718385977056399,FALSE,FALSE,TRUE,complete_construction_year_geometry,1,1,0,TRUE,FALSE,retain_mechanical,stable_membership_2021_field_fallback,FALSE,use_exact_construction_year_parcel_union
commercial_20032050370000,2014,410 E 40TH CHICAGO,20032050370000,1,2024,15416,66131,66130.84390574694,1.000002360385016,TRUE,TRUE,TRUE,complete_construction_year_geometry,1,1,0,TRUE,FALSE,retain_mechanical,stable_membership_2021_field_fallback,FALSE,use_exact_construction_year_parcel_union
commercial_20102060200000,2013,4753 S EVANS CHICAGO,20102060200000,1,2024,15531,7202,7202.865999645321,0.9998797701296451,TRUE,TRUE,TRUE,complete_construction_year_geometry,1,1,0,TRUE,FALSE,retain_mechanical,stable_membership_2021_field_fallback,FALSE,use_exact_construction_year_parcel_union
commercial_20102060340000,2013,747 E 47TH CHICAGO,20102060340000/20102060350000,2,2024,15532,148602,8928.49842107101,16.64356009172868,FALSE,FALSE,TRUE,complete_construction_year_geometry,2,2,0,TRUE,FALSE,retain_mechanical,stable_membership_2021_field_fallback,FALSE,use_exact_construction_year_parcel_union
commercial_20112130420000,2019,1400 E HYDE PARK CHICAGO,20112130420000,1,2024,15623,20412,20412.34824507637,0.9999829394897545,TRUE,TRUE,TRUE,complete_construction_year_geometry,1,1,0,TRUE,FALSE,review_required,permit_unit_counts_do_not_include_assessor_count,FALSE,use_exact_construction_year_parcel_union
commercial_20114020050000,2019,5117 S KENWOOD CHICAGO,20114020050000,1,2024,15699,8154,8154.591132471571,0.999927509244551,TRUE,TRUE,TRUE,complete_construction_year_geometry,1,1,0,TRUE,FALSE,retain_mechanical,stable_membership_2021_field_fallback,FALSE,use_exact_construction_year_parcel_union
commercial_20114050130000,2014,5105 S HARPER CHICAGO,20114050130000,1,2024,15714,89681,44215.43344011158,2.0282736823437477,FALSE,FALSE,TRUE,complete_construction_year_geometry,1,1,0,TRUE,FALSE,review_required,permit_unit_counts_do_not_include_assessor_count,FALSE,use_exact_construction_year_parcel_union
commercial_20143070010000,2018,803 E 61ST CHICAGO,20143070010000/20143070220000,2,2024,15840,19823,19859.56879543513,0.998158630944518,TRUE,TRUE,TRUE,complete_construction_year_geometry,2,2,0,TRUE,FALSE,retain_mechanical,stable_membership_2021_field_fallback,FALSE,use_exact_construction_year_parcel_union
commercial_20143070190000,2011,6133 S COTTAGE GROVE CHICAGO,20143070190000/20143070210000,2,2024,15841,37667,51238.24639918655,0.735134448328778,FALSE,FALSE,TRUE,complete_construction_year_geometry,2,2,0,TRUE,FALSE,retain_mechanical,stable_membership_2021_field_fallback,FALSE,use_exact_construction_year_parcel_union
commercial_20151160180000,2011,5726 S PRAIRIE CHICAGO,20151160180000,1,2024,15914,7614,6909.527600281406,1.10195666628351,FALSE,TRUE,TRUE,complete_construction_year_geometry,1,1,0,TRUE,FALSE,retain_mechanical,stable_membership_2021_field_fallback,FALSE,use_exact_construction_year_parcel_union
commercial_20151160200000,2011,5730 S PRAIRIE CHICAGO,20151160200000,1,2024,15915,7694,7101.273599728942,1.0834676191456252,TRUE,TRUE,TRUE,complete_construction_year_geometry,1,1,0,TRUE,FALSE,retain_mechanical,stable_membership_2021_field_fallback,FALSE,use_exact_construction_year_parcel_union
commercial_20154150360000,2014,6124 S COTTAGE GROVE CHICAGO,20154150360000,1,2024,15994,50596,50595.64190489333,1.0000070775879737,TRUE,TRUE,TRUE,complete_construction_year_geometry,1,1,0,TRUE,FALSE,retain_mechanical,stable_membership_2021_field_fallback,FALSE,use_exact_construction_year_parcel_union
commercial_20163250190000,2008,540 W 63RD CHICAGO,20163250190000/20163250200000/20163250220000/20163250230000/20163250240000/20163250260000/20163250270000/20163250290000/20163250300000/20163260150000/20163260160000/20163260170000/20163260180000/20163260190000/20163260200000/20163260230000/20163260250000/20163260260000/20163260270000/20211040080000/20211040090000/20211040100000/20211040120000/20211040130000/20211040140000/20211040270000/20211050010000/20211050020000/20211050030000/20211050040000/20211050050000/20211050200000/20211050210000/20211050220000/20211050240000/20211050260000/20211050360000/20211050370000/20211060010000/20211060020000/20211060030000/20211060150000/20211060160000/20211060170000/20211060180000/20211070010000/20211070020000/20211070040000/20211070050000/20211070060000/20211070190000/20211070200000/20211070360000/20213040320000/20213040330000/20213100240000/20213100250000,57,2024,32069,310749,312585.7194418704,0.9941241095557727,TRUE,TRUE,TRUE,complete_construction_year_geometry,57,57,0,TRUE,FALSE,review_required,component_membership_changed_across_vintages,FALSE,use_exact_construction_year_parcel_union
commercial_20231020130000,2019,6406 S MARYLAND CHICAGO,20231020130000,1,2024,15159,12898,12898.220422502607,0.9999829106267852,TRUE,TRUE,TRUE,complete_construction_year_geometry,1,1,0,TRUE,FALSE,retain_mechanical,stable_membership_2021_field_fallback,FALSE,use_exact_construction_year_parcel_union
commercial_20231110170000,2011,6448 S WOODLAWN CHICAGO,20231110170000/20231110180000/20231110190000,3,2024,16074,12394,12463.301000464708,0.9944395950589556,TRUE,TRUE,TRUE,complete_construction_year_geometry,3,3,0,TRUE,FALSE,retain_mechanical,stable_membership_2021_field_fallback,FALSE,use_exact_construction_year_parcel_union
commercial_20232000180000,2019,1208 E 64TH CHICAGO,20232000180000,1,2024,16094,16446,16446.43218228966,0.9999737218209476,TRUE,TRUE,TRUE,complete_construction_year_geometry,1,1,0,TRUE,FALSE,review_required,permit_unit_counts_do_not_include_assessor_count,FALSE,use_exact_construction_year_parcel_union
commercial_20262280420000,2006,1448 E 75TH CHICAGO,20262280420000,1,2024,15345,27216,27216.486400251742,0.9999821284700534,TRUE,TRUE,TRUE,complete_construction_year_geometry,1,1,0,TRUE,FALSE,retain_mechanical,stable_membership_2021_field_fallback,FALSE,use_exact_construction_year_parcel_union
commercial_20264170450000,2015,1210 E 78TH CHICAGO,20264170450000,1,2024,15229,79430,56860.49454590987,1.3969277023411613,FALSE,FALSE,TRUE,complete_construction_year_geometry,1,1,0,TRUE,FALSE,retain_mechanical,stable_membership_2021_field_fallback,FALSE,use_exact_construction_year_parcel_union
commercial_20264170460000,2009,1200 E 78TH CHICAGO,20264170460000,1,2024,15230,78798,55394.16170779895,1.4224964792436965,FALSE,FALSE,TRUE,complete_construction_year_geometry,1,1,0,TRUE,FALSE,retain_mechanical,stable_membership_2021_field_fallback,FALSE,use_exact_construction_year_parcel_union
commercial_20294260320000,2007,1058 W 79TH CHICAGO,20294260320000/20294260330000,2,2024,32346,28269,28268.267200518578,1.0000259230421245,TRUE,TRUE,TRUE,complete_construction_year_geometry,2,2,0,TRUE,FALSE,retain_mechanical,coherent_2024_revision_same_entity,FALSE,use_exact_construction_year_parcel_union
commercial_25013240390000,2018,9401 S STONEY ISLAND CHICAGO,25013240390000,1,2024,15294,0,239421.25976997617,NA,FALSE,FALSE,TRUE,complete_construction_year_geometry,1,1,0,TRUE,FALSE,review_required,missing_or_nonpositive_land_area,FALSE,use_exact_construction_year_parcel_union
commercial_25151110300000,2007,10440 S MICHIGAN CHICAGO,25151110300000/25151110310000/25151110320000/25151110340000/25151110350000/25151110360000/25151110370000/25151110460000/25151110470000,9,2024,15301,54074,54287.57319942117,0.9960658915690221,TRUE,TRUE,TRUE,complete_construction_year_geometry,9,9,0,TRUE,FALSE,retain_mechanical,stable_membership_2021_field_fallback,FALSE,use_exact_construction_year_parcel_union
commercial_25164290170000,2006,11045 S WENTWORTH CHICAGO,25164290170000,1,2024,32644,4366,4365.783999997424,1.0000494756503244,TRUE,TRUE,TRUE,complete_construction_year_geometry,1,1,0,TRUE,FALSE,retain_mechanical,2024_primary_year_recode,FALSE,use_exact_construction_year_parcel_union
commercial_09363030360000,2014,6770 N NORTHWEST CHICAGO,09363030360000,1,2024,21331,8700,8671.110800385475,1.0033316607617608,TRUE,TRUE,TRUE,complete_construction_year_geometry,1,1,0,FALSE,FALSE,retain_mechanical,2024_primary_year_recode,FALSE,use_exact_construction_year_parcel_union
commercial_09364150320000,2008,6650 N HARLEM CHICAGO,09364150320000,1,2024,21339,8500,8463.85199970007,1.0042708686660886,TRUE,TRUE,TRUE,complete_construction_year_geometry,1,1,0,FALSE,FALSE,retain_mechanical,2024_primary_year_recode,FALSE,use_exact_construction_year_parcel_union
commercial_09364190520000,2007,6505 N NORTHWEST CHICAGO,09364190520000/09364190530000/09364190540000/09364190550000/09364190560000/09364190570000/09364190970000,7,2024,21345,35986,36353.90439995867,0.98987992057438845,TRUE,TRUE,TRUE,complete_construction_year_geometry,7,7,0,FALSE,FALSE,retain_mechanical,2024_primary_year_recode,FALSE,use_exact_construction_year_parcel_union
commercial_09364250490000,2008,7240 W DEVON CHICAGO,09364250490000,1,2024,21349,16310,18158.170000240207,0.8982182675778585,FALSE,TRUE,TRUE,complete_construction_year_geometry,1,1,0,FALSE,FALSE,retain_mechanical,2024_primary_year_recode,FALSE,use_exact_construction_year_parcel_union
commercial_10362300510000,2019,2410 W PRATT CHICAGO,10362300510000,1,2024,44290,27857,2710.955719624646,10.275711918989598,FALSE,FALSE,TRUE,complete_construction_year_geometry,1,1,0,FALSE,FALSE,retain_mechanical,2024_primary_year_recode,FALSE,use_exact_construction_year_parcel_union
commercial_10364280090000,2008,6411 N ROCKWELL CHICAGO,10364280090000/10364280350000,2,2024,44348,23458,23479.53175985068,0.9990829561649309,TRUE,TRUE,TRUE,complete_construction_year_geometry,2,2,0,FALSE,FALSE,retain_mechanical,2024_primary_year_recode,FALSE,use_exact_construction_year_parcel_union
commercial_11293000160000,2018,1531 W HOWARD CHICAGO,11293000160000/11293000170000/11293000180000/11293000190000,4,2024,44400,15011,14913.687384583056,1.0065250539928536,TRUE,TRUE,TRUE,complete_construction_year_geometry,4,4,0,FALSE,FALSE,review_required,component_membership_changed_across_vintages,FALSE,use_exact_construction_year_parcel_union
commercial_11311130550000,2008,2338 W MORSE CHICAGO,11311130550000,1,2024,44617,9868,9869.106849580538,0.9998878470364737,TRUE,TRUE,TRUE,complete_construction_year_geometry,1,1,0,FALSE,FALSE,retain_mechanical,coherent_2024_revision_same_entity,FALSE,use_exact_construction_year_parcel_union
commercial_11312060010000,2019,1767 W ESTES CHICAGO,11312060010000,1,2024,44646,21200,20950.02769988589,1.0119318362579288,TRUE,TRUE,TRUE,complete_construction_year_geometry,1,1,0,FALSE,FALSE,retain_mechanical,coherent_2024_primary_entity,FALSE,use_exact_construction_year_parcel_union
commercial_11321040200000,2006,1528 W GREENLEAF CHICAGO,11321040200000/11321040210000,2,2024,44799,17200,17380.197399892728,0.9896320280059742,TRUE,TRUE,TRUE,complete_construction_year_geometry,2,2,0,FALSE,FALSE,retain_mechanical,coherent_2024_revision_same_entity,FALSE,use_exact_construction_year_parcel_union
commercial_11321180180000,2019,1323 W MORSE CHICAGO,11321180180000,1,2024,44861,14204,14130.071894604713,1.0052319695148555,TRUE,TRUE,TRUE,complete_construction_year_geometry,1,1,0,FALSE,FALSE,retain_mechanical,2024_primary_year_recode,FALSE,use_exact_construction_year_parcel_union
commercial_11323190080000,2015,1217 W ALBION CHICAGO,11323190080000/11323190090000,2,2024,44949,22692,22693.492358322543,0.9999342384900931,TRUE,TRUE,TRUE,complete_construction_year_geometry,2,2,0,FALSE,FALSE,retain_mechanical,coherent_2024_revision_same_entity,FALSE,use_exact_construction_year_parcel_union
commercial_12242320280000,2019,3636 N HARLEM CHICAGO,12242320280000,1,2024,21400,15979,15910.79678993905,1.0042865992798096,TRUE,TRUE,TRUE,complete_construction_year_geometry,1,1,0,FALSE,FALSE,review_required,permit_unit_counts_do_not_include_assessor_count,FALSE,use_exact_construction_year_parcel_union
commercial_12252150210000,2017,3040 N HARLEM CHICAGO,12252150210000/12252150220000/12252150230000,3,2024,21411,9375,9378.348122717813,0.9996429944086099,TRUE,TRUE,TRUE,complete_construction_year_geometry,3,3,0,FALSE,FALSE,retain_mechanical,coherent_2024_revision_same_entity,FALSE,use_exact_construction_year_parcel_union
commercial_13013200070000,2008,5772 N LINCOLN CHICAGO,13013200070000/13013200080000/13013200090000/13013200100000/13013200110000/13013200120000,6,2024,21488,16200,16148.696599565446,1.003176937539091,TRUE,TRUE,TRUE,complete_construction_year_geometry,6,6,0,FALSE,FALSE,retain_mechanical,2024_primary_year_recode,FALSE,use_exact_construction_year_parcel_union
commercial_13061030300000,2006,6229 N NORTHWEST CHICAGO,13061030300000/13061030330000,2,2024,21577,11150,10731.870999582112,1.0389614262447033,TRUE,TRUE,TRUE,complete_construction_year_geometry,2,2,0,FALSE,FALSE,retain_mechanical,2024_primary_year_recode,FALSE,use_exact_construction_year_parcel_union
commercial_13084250010000,2008,5765 W HIGGINS CHICAGO,13084250010000/13084250020000/13084250030000,3,2024,25698,13501,13532.675200096332,0.9976593541463179,TRUE,TRUE,TRUE,complete_construction_year_geometry,3,3,0,FALSE,FALSE,retain_mechanical,2024_primary_year_recode,FALSE,use_exact_construction_year_parcel_union
commercial_13093100480000,2021,5150 N MILWAUKEE CHICAGO,13093100480000,1,2024,21276,35716,35716.10594807565,0.9999970336050686,TRUE,TRUE,TRUE,complete_construction_year_geometry,1,1,0,FALSE,FALSE,retain_mechanical,2024_primary_year_recode,FALSE,use_exact_construction_year_parcel_union
commercial_13093110210000,2007,5049 N NORTHWEST CHICAGO,13093110210000/13093110220000,2,2024,25710,12500,12509.593600135297,0.9992331005752902,TRUE,TRUE,TRUE,complete_construction_year_geometry,2,2,0,FALSE,FALSE,retain_mechanical,2024_primary_year_recode,FALSE,use_exact_construction_year_parcel_union
commercial_13093170070000,2020,5522 W HIGGINS CHICAGO,13093170070000,1,2024,25712,7500,7618.168849930167,0.9844885493800455,TRUE,TRUE,TRUE,complete_construction_year_geometry,1,1,0,FALSE,FALSE,review_required,permit_unit_counts_do_not_include_assessor_count,FALSE,use_exact_construction_year_parcel_union
commercial_13093170090000,2014,5512 W HIGGINS CHICAGO,13093170090000,1,2024,25713,7500,7615.291199577972,0.9848605658593381,TRUE,TRUE,TRUE,complete_construction_year_geometry,1,1,0,FALSE,FALSE,review_required,permit_unit_counts_do_not_include_assessor_count,FALSE,use_exact_construction_year_parcel_union
commercial_13104210310000,2021,4358 W LAWRENCE CHICAGO,13104210310000/13104210320000/13104210330000/13104210340000/13104210350000,5,2024,25731,16852,16862.089927256107,0.9994016205998405,TRUE,TRUE,TRUE,complete_construction_year_geometry,5,5,0,FALSE,FALSE,retain_mechanical,coherent_2024_primary_entity,FALSE,use_exact_construction_year_parcel_union
commercial_13122180260000,2021,5442 N WESTERN CHICAGO,13122180260000,1,2024,25877,10044,10117.54012515163,0.9927314224364859,TRUE,TRUE,TRUE,complete_construction_year_geometry,1,1,0,FALSE,FALSE,retain_mechanical,coherent_2024_primary_entity,FALSE,use_exact_construction_year_parcel_union
commercial_13134040530000,2020,4304 N. Western Ave.,13134040530000,1,2021,46673,8100,8081.249112723395,1.0023202956640802,TRUE,TRUE,TRUE,complete_construction_year_geometry,1,1,0,FALSE,FALSE,retain_mechanical,coherent_2021_only_entity,FALSE,use_exact_construction_year_parcel_union
commercial_13142200250000,2009,4518 N KEDZIE CHICAGO,13142200250000,1,2024,26190,12500,12491.015400301663,1.0007192849748725,TRUE,TRUE,TRUE,complete_construction_year_geometry,1,1,0,FALSE,FALSE,retain_mechanical,2024_primary_year_recode,FALSE,use_exact_construction_year_parcel_union
commercial_13144070270000,2009,4302 N KEDZIE CHICAGO,13144070270000,1,2024,26258,6250,6338.185200089589,0.9860866798135935,TRUE,TRUE,TRUE,complete_construction_year_geometry,1,1,0,FALSE,FALSE,retain_mechanical,coherent_2024_revision_same_entity,FALSE,use_exact_construction_year_parcel_union
commercial_13153120240000,2016,4117 N KILPATRICK CHICAGO,13153120240000,1,2024,21285,49256,2249.8159374018433,21.89334655388847,FALSE,FALSE,TRUE,complete_construction_year_geometry,1,1,0,FALSE,FALSE,retain_mechanical,2024_primary_year_recode,FALSE,use_exact_construction_year_parcel_union
commercial_13161060200000,2019,4758 N LARAMIE CHICAGO,13161060200000/13161060210000/13161060390000/13161060410000/13161060420000,5,2024,26356,31206,31128.804877551724,1.002479861425838,TRUE,TRUE,TRUE,complete_construction_year_geometry,5,5,0,FALSE,FALSE,retain_mechanical,2024_primary_year_recode,FALSE,use_exact_construction_year_parcel_union
commercial_13162030010000,2008,5021 W LAWRENCE CHICAGO,13162030010000/13162030020000,2,2024,26368,6250,6231.594200166757,1.0029536261897076,TRUE,TRUE,TRUE,complete_construction_year_geometry,2,2,0,FALSE,FALSE,retain_mechanical,2024_primary_year_recode,FALSE,use_exact_construction_year_parcel_union
commercial_13173090120000,2018,4119 N NARRAGANSETT CHICAGO,13173090120000/13173090130000/13173090140000,3,2024,26421,36029,36108.31631509587,0.9978033781912254,TRUE,TRUE,TRUE,complete_construction_year_geometry,3,3,0,FALSE,FALSE,review_required,permit_unit_counts_do_not_include_assessor_count,FALSE,use_exact_construction_year_parcel_union
commercial_13173110010000,2017,4025 N NARRAGANSETT CHICAGO,13173110010000/13173110020000/13173110030000/13173110040000/13173110050000,5,2024,26422,16663,16738.919116133824,0.9954645150259046,TRUE,TRUE,TRUE,complete_construction_year_geometry,5,5,0,FALSE,FALSE,review_required,permit_unit_counts_do_not_include_assessor_count,FALSE,use_exact_construction_year_parcel_union
commercial_13184090850000,2007,4239 N OAK PARK CHICAGO,13184090850000,1,2024,26430,163748,367942.1882191524,0.445037305432529,FALSE,FALSE,TRUE,complete_construction_year_geometry,1,1,0,FALSE,FALSE,retain_mechanical,2024_primary_year_recode,FALSE,use_exact_construction_year_parcel_union
commercial_13184090870000,2010,4255 N OAK PARK CHICAGO,13184090870000,1,2024,26431,25272,25272.079371681437,0.9999968593133841,TRUE,TRUE,TRUE,complete_construction_year_geometry,1,1,0,FALSE,FALSE,retain_mechanical,2024_primary_year_recode,FALSE,use_exact_construction_year_parcel_union
commercial_13213010120000,2006,3556 N LONG CHICAGO,13213010120000,1,2024,26504,8812,8825.89860020316,0.9984252481438162,TRUE,TRUE,TRUE,complete_construction_year_geometry,1,1,0,FALSE,FALSE,retain_mechanical,2024_primary_year_recode,FALSE,use_exact_construction_year_parcel_union
commercial_13273040010000,2008,2727 N CICERO CHICAGO,13273040010000/13273040020000/13273040030000/13273040040000/13273040050000/13273040060000/13273040070000/13273040080000/13273040090000/13273040100000,10,2024,26854,35661,35752.18839967251,0.9974494316640672,TRUE,TRUE,TRUE,complete_construction_year_geometry,10,10,0,FALSE,FALSE,review_required,component_membership_changed_across_vintages,FALSE,use_exact_construction_year_parcel_union
commercial_13282230290000,2015,4800 W GEORGE CHICAGO,13282230290000/13282230300000/13282230310000/13282230320000/13282230330000,5,2024,21300,16641,16644.825399767607,0.9997701748335756,TRUE,TRUE,TRUE,complete_construction_year_geometry,5,5,0,FALSE,FALSE,retain_mechanical,coherent_2024_revision_same_entity,FALSE,use_exact_construction_year_parcel_union
commercial_13301180350000,2014,2931 N HARLEM CHICAGO,13301180350000,1,2024,27029,37142,37109.56839960441,1.0008739417297006,TRUE,TRUE,TRUE,complete_construction_year_geometry,1,1,0,FALSE,FALSE,retain_mechanical,2024_primary_year_recode,FALSE,use_exact_construction_year_parcel_union
commercial_13302270030000,2011,2833 N NATOMA CHICAGO,13302270030000,1,2024,27037,26603,26602.69456053665,1.0000114815235221,TRUE,TRUE,TRUE,complete_construction_year_geometry,1,1,0,FALSE,FALSE,retain_mechanical,2024_primary_year_recode,FALSE,use_exact_construction_year_parcel_union
commercial_13302270060000,2011,6604 W DIVERSEY CHICAGO,13302270060000/13302270070000/13302270080000,3,2024,27039,31308,31255.13980074599,1.0016912482104063,TRUE,TRUE,TRUE,complete_construction_year_geometry,3,3,0,FALSE,FALSE,retain_mechanical,2024_primary_year_recode,FALSE,use_exact_construction_year_parcel_union
commercial_13302270090000,2011,2859 N NATOMA CHICAGO,13302270090000,1,2024,27040,25448,25353.108710662927,1.0037427871437778,TRUE,TRUE,TRUE,complete_construction_year_geometry,1,1,0,FALSE,FALSE,retain_mechanical,2024_primary_year_recode,FALSE,use_exact_construction_year_parcel_union
commercial_13302270100000,2011,2845 N NATOMA CHICAGO,13302270100000,1,2024,27041,31983,31868.80148975877,1.0035833951985276,TRUE,TRUE,TRUE,complete_construction_year_geometry,1,1,0,FALSE,FALSE,retain_mechanical,2024_primary_year_recode,FALSE,use_exact_construction_year_parcel_union
commercial_13303030300000,2014,2740 N SAYRE CHICAGO,13303030300000/13303030310000,2,2024,27042,19958,19922.305599942803,1.0017916801786888,TRUE,TRUE,TRUE,complete_construction_year_geometry,2,2,0,FALSE,FALSE,retain_mechanical,2024_primary_year_recode,FALSE,use_exact_construction_year_parcel_union
commercial_13311040100000,2008,6863 W FULLERTON CHICAGO,13311040100000/13311040110000/13311040120000,3,2024,21301,24463,24530.477599660026,0.9972492341665227,TRUE,TRUE,TRUE,complete_construction_year_geometry,3,3,0,FALSE,FALSE,retain_mechanical,2024_primary_year_recode,FALSE,use_exact_construction_year_parcel_union
commercial_13364010010000,2019,1957 N FAIRFIELD CHICAGO,13364010010000,1,2024,59450,32933,32908.66952965036,1.0007393331513363,TRUE,TRUE,TRUE,complete_construction_year_geometry,1,1,0,FALSE,FALSE,review_required,permit_unit_counts_do_not_include_assessor_count,FALSE,use_exact_construction_year_parcel_union
commercial_14052080070000,2020,6145 N BROADWAY CHICAGO,14052080070000/14052080330000,2,2024,40046,31245,32021.90824587597,0.9757382277186424,TRUE,TRUE,TRUE,complete_construction_year_geometry,2,2,0,FALSE,FALSE,retain_mechanical,stable_membership_2021_field_fallback,FALSE,use_exact_construction_year_parcel_union
commercial_14172110140000,2022,4654 N SHERIDAN CHICAGO,14172110140000,1,2024,39734,7287,7323.639685271075,0.9949970660975085,TRUE,TRUE,TRUE,complete_construction_year_geometry,1,1,0,FALSE,FALSE,retain_mechanical,stable_membership_2021_field_fallback,FALSE,use_exact_construction_year_parcel_union
commercial_14172170380000,2009,4420 N BROADWAY CHICAGO,14172170380000,1,2024,39738,175425,175425.294789847,0.9999983195704625,TRUE,TRUE,TRUE,complete_construction_year_geometry,1,1,0,FALSE,FALSE,retain_mechanical,stable_membership_2021_field_fallback,FALSE,use_exact_construction_year_parcel_union
commercial_14172170390000,2008,931 W LELAND CHICAGO,14172170390000,1,2024,39741,175424,175425.294789847,0.9999926191382574,TRUE,TRUE,TRUE,complete_construction_year_geometry,1,1,0,FALSE,FALSE,retain_mechanical,stable_membership_2021_field_fallback,FALSE,use_exact_construction_year_parcel_union
commercial_14172200010000,2018,4557 N SHERIDAN CHICAGO,14172200010000,1,2024,40162,15444,15868.651565256385,0.9732395935779359,TRUE,TRUE,TRUE,complete_construction_year_geometry,1,1,0,FALSE,FALSE,retain_mechanical,stable_membership_2021_field_fallback,FALSE,use_exact_construction_year_parcel_union
commercial_14172250210000,2019,4430 N SHERIDAN CHICAGO,14172250210000/14172250390000/14172250400000,3,2024,40160,10496,10406.187027849255,1.0086307282302716,TRUE,TRUE,TRUE,complete_construction_year_geometry,3,3,0,FALSE,FALSE,retain_mechanical,stable_membership_2021_field_fallback,FALSE,use_exact_construction_year_parcel_union
commercial_14172290030000,2020,839 W AGATITE CHICAGO,14172290030000,1,2024,40131,12414,12414.013447096804,0.9999989167808734,TRUE,TRUE,TRUE,complete_construction_year_geometry,1,1,0,FALSE,FALSE,retain_mechanical,coherent_2024_primary_entity,FALSE,use_exact_construction_year_parcel_union
commercial_14172290080000,2018,841 W AGATITE CHICAGO,14172290080000/14172290140000/14172290150000/14172290160000/14172290170000/14172290180000/14172290190000,7,2024,40089,87195,79823.30575827649,1.092350149767622,TRUE,TRUE,TRUE,complete_construction_year_geometry,7,7,0,FALSE,FALSE,review_required,permit_unit_counts_do_not_include_assessor_count,FALSE,use_exact_construction_year_parcel_union
commercial_14174180040000,2015,4027 N BROADWAY CHICAGO,14174180040000,1,2024,40062,7750,7979.8983999677,0.9711903098955958,TRUE,TRUE,TRUE,complete_construction_year_geometry,1,1,0,FALSE,FALSE,retain_mechanical,stable_membership_2021_field_fallback,FALSE,use_exact_construction_year_parcel_union
commercial_14182090060000,2014,1760 W WILSON CHICAGO,14182090060000,1,2024,40201,15000,15152.231599990278,0.9899531894700991,TRUE,TRUE,TRUE,complete_construction_year_geometry,1,1,0,FALSE,FALSE,retain_mechanical,stable_membership_2021_field_fallback,FALSE,use_exact_construction_year_parcel_union
commercial_14182140170000,2018,4542 N RAVENSWOOD CHICAGO,14182140170000/14182140180000,2,2024,39860,5650,5624.298452205956,1.0045697339877053,TRUE,TRUE,TRUE,complete_construction_year_geometry,2,2,0,FALSE,FALSE,retain_mechanical,2024_primary_year_recode,FALSE,use_exact_construction_year_parcel_union
commercial_14182150020000,2019,4555 N RAVENSWOOD CHICAGO,14182150020000,1,2024,39894,8150,8217.042747240514,0.9918410127216354,TRUE,TRUE,TRUE,complete_construction_year_geometry,1,1,0,FALSE,FALSE,retain_mechanical,stable_membership_2021_field_fallback,FALSE,use_exact_construction_year_parcel_union
commercial_14183230070000,2006,2324 W IRVING PARK CHICAGO,14183230070000,1,2024,39748,72104,75402.42691077059,0.9562556930074164,TRUE,TRUE,TRUE,complete_construction_year_geometry,1,1,0,FALSE,FALSE,retain_mechanical,stable_membership_2021_field_fallback,FALSE,use_exact_construction_year_parcel_union
commercial_14183230080000,2006,4030 N OAKLEY CHICAGO,14183230080000,1,2024,40265,66770,66769.9398965314,1.0000009001575962,TRUE,TRUE,TRUE,complete_construction_year_geometry,1,1,0,FALSE,FALSE,retain_mechanical,stable_membership_2021_field_fallback,FALSE,use_exact_construction_year_parcel_union
commercial_14184020630000,2019,1819 W MONTROSE CHICAGO,14184020630000,1,2024,40004,11418,11418.937416791916,0.9999179068281312,TRUE,TRUE,TRUE,complete_construction_year_geometry,1,1,0,FALSE,FALSE,retain_mechanical,stable_membership_2021_field_fallback,FALSE,use_exact_construction_year_parcel_union
commercial_14184240310000,2014,1822 W IRVING PARK CHICAGO,14184240310000,1,2024,40608,8340,8340.499709624302,0.9999400863687189,TRUE,TRUE,TRUE,complete_construction_year_geometry,1,1,0,FALSE,FALSE,retain_mechanical,stable_membership_2021_field_fallback,FALSE,use_exact_construction_year_parcel_union
commercial_14184240350000,2011,1832 W IRVING PARK CHICAGO,14184240350000,1,2024,40057,10309,10309.490600124002,0.9999524127677079,TRUE,TRUE,TRUE,complete_construction_year_geometry,1,1,0,FALSE,FALSE,retain_mechanical,stable_membership_2021_field_fallback,FALSE,use_exact_construction_year_parcel_union
commercial_14191000130000,2010,3901 N WESTERN CHICAGO,14191000130000,1,2024,39857,8595,8958.326799515635,0.9594425602406825,TRUE,TRUE,TRUE,complete_construction_year_geometry,1,1,0,FALSE,FALSE,retain_mechanical,stable_membership_2021_field_fallback,FALSE,use_exact_construction_year_parcel_union
commercial_14191000290000,2007,3929 N WESTERN CHICAGO,14191000290000/14191000300000,2,2024,39785,6420,6599.483599953353,0.9728033872294762,TRUE,TRUE,TRUE,complete_construction_year_geometry,2,2,0,FALSE,FALSE,retain_mechanical,stable_membership_2021_field_fallback,FALSE,use_exact_construction_year_parcel_union
commercial_14191000370000,2009,3911 N WESTERN CHICAGO,14191000370000,1,2024,39778,6598,9899.22540068254,0.6665167963086359,FALSE,FALSE,TRUE,complete_construction_year_geometry,1,1,0,FALSE,FALSE,retain_mechanical,stable_membership_2021_field_fallback,FALSE,use_exact_construction_year_parcel_union
commercial_14192010040000,2021,1839 W IRVING PARK CHICAGO,14192010040000,1,2024,39951,4537,4466.877414941788,1.0156983455206652,TRUE,TRUE,TRUE,complete_construction_year_geometry,1,1,0,FALSE,FALSE,retain_mechanical,stable_membership_2021_field_fallback,FALSE,use_exact_construction_year_parcel_union
commercial_14204090300000,2014,1045 W CORNELIA CHICAGO,14204090300000,1,2024,40339,7750,9405.083599871608,0.8240224467654703,FALSE,TRUE,TRUE,complete_construction_year_geometry,1,1,0,FALSE,FALSE,retain_mechanical,stable_membership_2021_field_fallback,FALSE,use_exact_construction_year_parcel_union
commercial_14204180240000,2011,3301 N SHEFFIELD CHICAGO,14204180240000,1,2024,39812,4995,4537.823700387031,1.1007479201040746,FALSE,TRUE,TRUE,complete_construction_year_geometry,1,1,0,FALSE,FALSE,retain_mechanical,stable_membership_2021_field_fallback,FALSE,use_exact_construction_year_parcel_union
commercial_14204180360000,2021,3300 N CLARK CHICAGO,14204180360000,1,2024,39920,23267,23267.94573586434,0.9999593545612029,TRUE,TRUE,TRUE,complete_construction_year_geometry,1,1,0,FALSE,FALSE,review_required,permit_unit_counts_do_not_include_assessor_count,FALSE,use_exact_construction_year_parcel_union
commercial_14204260160000,2006,922 W BELMONT CHICAGO,14204260160000/14204260170000,2,2024,39863,10891,10881.582999574894,1.0008654072137735,TRUE,TRUE,TRUE,complete_construction_year_geometry,2,2,0,FALSE,FALSE,retain_mechanical,stable_membership_2021_field_fallback,FALSE,use_exact_construction_year_parcel_union
commercial_14204260340000,2017,3226 N CLARK CHICAGO,14204260340000,1,2024,39972,7500,7429.74120304361,1.009456425874916,TRUE,TRUE,TRUE,complete_construction_year_geometry,1,1,0,FALSE,FALSE,retain_mechanical,stable_membership_2021_field_fallback,FALSE,use_exact_construction_year_parcel_union
commercial_14204260580000,2017,3200 N CLARK CHICAGO,14204260580000,1,2024,39907,25685,9869.779975377956,2.6023883069405924,FALSE,FALSE,TRUE,complete_construction_year_geometry,1,1,0,FALSE,FALSE,retain_mechanical,stable_membership_2021_field_fallback,FALSE,use_exact_construction_year_parcel_union
commercial_14213120380000,2017,434 W MELROSE CHICAGO,14213120380000,1,2024,39810,10956,10758.280275162891,1.0183783764486574,TRUE,TRUE,TRUE,complete_construction_year_geometry,1,1,0,FALSE,FALSE,review_required,missing_or_nonpositive_building_area,FALSE,use_exact_construction_year_parcel_union
commercial_14213140330000,2019,454 W BELMONT CHICAGO,14213140330000/14213140340000,2,2024,39858,14691,14690.183025316685,1.0000556136490544,TRUE,TRUE,TRUE,complete_construction_year_geometry,2,2,0,FALSE,FALSE,retain_mechanical,stable_membership_2021_field_fallback,FALSE,use_exact_construction_year_parcel_union
commercial_14281040840000,2019,3120 N BROADWAY CHICAGO,14281040840000,1,2024,39720,6508,6502.991400337778,1.000770199336564,TRUE,TRUE,TRUE,complete_construction_year_geometry,1,1,0,FALSE,FALSE,retain_mechanical,stable_membership_2021_field_fallback,FALSE,use_exact_construction_year_parcel_union
commercial_14283110160000,2019,2515 N HALSTED CHICAGO,14283110160000/14283110170000,2,2024,39767,6300,6238.9349673669785,1.0097877334757335,TRUE,TRUE,TRUE,complete_construction_year_geometry,2,2,0,FALSE,FALSE,retain_mechanical,stable_membership_2021_field_fallback,FALSE,use_exact_construction_year_parcel_union
commercial_14283120910000,2018,700 W FULLERTON,14283120910000,1,2021,66540,28269,28269.612116664648,0.9999783471855884,TRUE,TRUE,TRUE,complete_construction_year_geometry,1,1,0,FALSE,FALSE,retain_mechanical,coherent_2021_only_entity,FALSE,use_exact_construction_year_parcel_union
commercial_14283160520000,2022,518 W ARLINGTON CHICAGO,14283160520000/14283160530000,2,2024,39764,4334,4841.827674930915,0.8951165326349287,FALSE,TRUE,TRUE,complete_construction_year_geometry,2,2,0,FALSE,FALSE,review_required,missing_or_nonpositive_building_area,FALSE,use_exact_construction_year_parcel_union
commercial_14292040040000,2019,937 W BELMONT CHICAGO,14292040040000/14292040470000,2,2024,39871,7703,7544.743450155773,1.0209757364037289,TRUE,TRUE,TRUE,complete_construction_year_geometry,2,2,0,FALSE,FALSE,retain_mechanical,stable_membership_2021_field_fallback,FALSE,use_exact_construction_year_parcel_union
commercial_14292180300000,2014,2944 N HALSTED CHICAGO,14292180300000/14292180310000/14292180320000,3,2024,40236,15000,15094.853600285947,0.9937161629521103,TRUE,TRUE,TRUE,complete_construction_year_geometry,3,3,0,FALSE,FALSE,retain_mechanical,stable_membership_2021_field_fallback,FALSE,use_exact_construction_year_parcel_union
commercial_14294190020000,2015,2566 N LINCOLN CHICAGO,14294190010000/14294190020000,2,2024,40446,13886,13920.334000073371,0.9975335361871928,TRUE,TRUE,TRUE,complete_construction_year_geometry,2,2,0,FALSE,FALSE,review_required,component_membership_changed_across_vintages,FALSE,use_exact_construction_year_parcel_union
commercial_14294190080000,2015,950 W ALTGELD CHICAGO,14294190080000/14294190090000,2,2024,39840,7770,7828.944999970787,0.9924708884822915,TRUE,TRUE,TRUE,complete_construction_year_geometry,2,2,0,FALSE,FALSE,retain_mechanical,stable_membership_2021_field_fallback,FALSE,use_exact_construction_year_parcel_union
commercial_14294200480000,2021,802 W ALTGELD CHICAGO,14294200480000/14294200490000,2,2024,39811,5524,5607.323107535834,0.9851403056435514,TRUE,TRUE,TRUE,complete_construction_year_geometry,2,2,0,FALSE,FALSE,retain_mechanical,stable_membership_2021_field_fallback,FALSE,use_exact_construction_year_parcel_union
commercial_14294230650000,2017,904  MONTANA CHICAGO,14294230650000,1,2024,40107,1919,3106.2860013619065,0.6177795602718623,FALSE,FALSE,TRUE,complete_construction_year_geometry,1,1,0,FALSE,FALSE,retain_mechanical,stable_membership_2021_field_fallback,FALSE,use_exact_construction_year_parcel_union
commercial_14294270840000,2018,2448  LINCOLN CHICAGO,14294270840000,1,2024,39945,9000,9010.751054741442,0.99880686363699,TRUE,TRUE,TRUE,complete_construction_year_geometry,1,1,0,FALSE,FALSE,retain_mechanical,stable_membership_2021_field_fallback,FALSE,use_exact_construction_year_parcel_union
commercial_14304000030000,2008,2502 N CLYBOURN CHICAGO,14304000030000/14304000040000/14304000050000/14304000060000,4,2024,40691,15025,15326.758399812505,0.9803116620004791,TRUE,TRUE,TRUE,complete_construction_year_geometry,4,4,0,FALSE,FALSE,retain_mechanical,stable_membership_2021_field_fallback,FALSE,use_exact_construction_year_parcel_union
commercial_14304032720000,2019,2611 N HERMITAGE CHICAGO,14304032720000,1,2024,39919,42778,42778.50267875474,0.9999882492671959,TRUE,TRUE,TRUE,complete_construction_year_geometry,1,1,0,FALSE,FALSE,retain_mechanical,stable_membership_2021_field_fallback,FALSE,use_exact_construction_year_parcel_union
commercial_14304050430000,2006,2730 N ASHLAND CHICAGO,14304050430000/14304050440000,2,2024,40145,11469,11339.844389989972,1.0113895398885753,TRUE,TRUE,TRUE,complete_construction_year_geometry,2,2,0,FALSE,FALSE,retain_mechanical,stable_membership_2021_field_fallback,FALSE,use_exact_construction_year_parcel_union
commercial_14331010190000,2018,2335 N LINCOLN CHICAGO,14331010190000/14331010200000/14331010210000,3,2024,42949,126482,125632.66254201904,1.0067604828298284,TRUE,TRUE,TRUE,complete_construction_year_geometry,3,3,0,FALSE,FALSE,retain_mechanical,coherent_2024_revision_same_entity,FALSE,use_exact_construction_year_parcel_union
commercial_14332080230000,2019,2050 N CLARK CHICAGO,14332080230000/14332080240000,2,2024,43004,15923,15923.973947368562,0.99993883766880165,TRUE,TRUE,TRUE,complete_construction_year_geometry,2,2,0,FALSE,FALSE,retain_mechanical,2024_primary_year_recode,FALSE,use_exact_construction_year_parcel_union
commercial_16143210100000,2014,927 S INDEPENDENCE CHICAGO,16143210100000,1,2024,60217,46172,37226.79820019007,1.2402893139427784,FALSE,TRUE,TRUE,complete_construction_year_geometry,1,1,0,FALSE,FALSE,retain_mechanical,2024_primary_year_recode,FALSE,use_exact_construction_year_parcel_union
commercial_16143220170000,2015,3621 W ARTHINGTON CHICAGO,16143220170000,1,2024,60221,21581,21575.80659966916,1.000240704805489,TRUE,TRUE,TRUE,complete_construction_year_geometry,1,1,0,FALSE,FALSE,retain_mechanical,coherent_2024_revision_same_entity,FALSE,use_exact_construction_year_parcel_union
commercial_16143220180000,2015,915 W ARTHINGTON CHICAGO,16143220180000,1,2024,60222,15260,15302.383199090662,0.9972302876918426,TRUE,TRUE,TRUE,complete_construction_year_geometry,1,1,0,FALSE,FALSE,retain_mechanical,2024_primary_year_recode,FALSE,use_exact_construction_year_parcel_union
commercial_16222060390000,2009,4043 W ROOSEVELT,16222060390000,1,2021,83637,34276,6783.468399766542,5.052872362636736,FALSE,FALSE,TRUE,complete_construction_year_geometry,1,1,0,FALSE,FALSE,retain_mechanical,coherent_2021_only_entity,FALSE,use_exact_construction_year_parcel_union
commercial_16231250090000,2008,3800 W 16TH CHICAGO,16231250090000/16231250100000/16231250110000/16231250240000/16231250250000,5,2024,60445,66440,66443.12899920344,0.9999529071064146,TRUE,TRUE,TRUE,complete_construction_year_geometry,5,5,0,FALSE,FALSE,retain_mechanical,2024_primary_year_recode,FALSE,use_exact_construction_year_parcel_union
commercial_17082200190000,2020,669 N MILWAUKEE CHICAGO,17082200190000/17082200200000,2,2024,60894,4490,4438.4254000056535,1.0116200218199636,TRUE,TRUE,TRUE,complete_construction_year_geometry,2,2,0,FALSE,FALSE,retain_mechanical,coherent_2024_primary_entity,FALSE,use_exact_construction_year_parcel_union
commercial_17084220290000,2010,1002 W LAKE,17084220290000,1,2021,83200,2516,2516.242217988649,0.9999037382065536,TRUE,TRUE,TRUE,complete_construction_year_geometry,1,1,0,FALSE,FALSE,retain_mechanical,coherent_2021_only_entity,FALSE,use_exact_construction_year_parcel_union
commercial_17084220340000,2010,1016 W LAKE,17084220340000,1,2021,83201,2517,7566.172227837786,0.3326649095746652,FALSE,FALSE,TRUE,complete_construction_year_geometry,1,1,0,FALSE,FALSE,retain_mechanical,coherent_2021_only_entity,FALSE,use_exact_construction_year_parcel_union
commercial_17092440230000,2015,220 W ILLINOIS CHICAGO,17092440230000,1,2024,43236,15878,12424.362199900495,1.2779730455803329,FALSE,FALSE,TRUE,complete_construction_year_geometry,1,1,0,FALSE,FALSE,retain_mechanical,2024_primary_year_recode,FALSE,use_exact_construction_year_parcel_union
commercial_17092580290000,2018,221 W HUBBARD CHICAGO,17092580290000,1,2024,43239,13593,13593.741267432226,0.9999454699469673,TRUE,TRUE,TRUE,complete_construction_year_geometry,1,1,0,FALSE,FALSE,retain_mechanical,2024_primary_year_recode,FALSE,use_exact_construction_year_parcel_union
commercial_17092610280000,2012,71 W HUBBARD CHICAGO,17092610280000/17092610290000,2,2024,43240,39324,35162.62552116404,1.1183465232518337,FALSE,TRUE,TRUE,complete_construction_year_geometry,2,2,0,FALSE,FALSE,review_required,component_membership_changed_across_vintages,FALSE,use_exact_construction_year_parcel_union
commercial_17094000350000,2019,341 W KINZIE CHICAGO,17094000350000,1,2024,43242,178133,178133.7336950653,0.999995881212109,TRUE,TRUE,TRUE,complete_construction_year_geometry,1,1,0,FALSE,FALSE,retain_mechanical,coherent_2024_revision_same_entity,FALSE,use_exact_construction_year_parcel_union
commercial_17094000370000,2014,343 W WOLF POINT  PLAZA CHICAGO,17094000370000,1,2024,43243,178133,178133.73703929782,0.9999958624384686,TRUE,TRUE,TRUE,complete_construction_year_geometry,1,1,0,FALSE,FALSE,retain_mechanical,coherent_2024_revision_same_entity,FALSE,use_exact_construction_year_parcel_union
commercial_17094040010000,2010,359 N WELLS CHICAGO,17094040010000/17094040020000/17094040030000/17094040110000/17094040160000,5,2024,43244,20055,20165.83159986687,0.9945039906081731,TRUE,TRUE,TRUE,complete_construction_year_geometry,5,5,0,FALSE,FALSE,retain_mechanical,2024_primary_year_recode,FALSE,use_exact_construction_year_parcel_union
commercial_17094160040000,2010,210 N WELLS CHICAGO,17094160040000/17094160050000/17094160060000,3,2024,45734,24060,24339.390200003458,0.9885210682064082,TRUE,TRUE,TRUE,complete_construction_year_geometry,3,3,0,FALSE,FALSE,retain_mechanical,2024_primary_year_recode,FALSE,use_exact_construction_year_parcel_union
commercial_17094190020000,2013,111 W WACKER CHICAGO,17094190020000/17094190030000/17094190040000/17094190050000/17094190060000/17094190070000/17094190080000,7,2024,45736,24016,23884.287000128243,1.0055146297593498,TRUE,TRUE,TRUE,complete_construction_year_geometry,7,7,0,FALSE,FALSE,retain_mechanical,2024_primary_year_recode,FALSE,use_exact_construction_year_parcel_union
commercial_17094300060000,2016,219 W LAKE CHICAGO,17094300060000/17094300070000/17094300080000/17094300090000,4,2024,45737,21600,21893.93885305524,0.9865744188367357,TRUE,TRUE,TRUE,complete_construction_year_geometry,4,4,0,FALSE,FALSE,review_required,permit_unit_counts_do_not_include_assessor_count,FALSE,use_exact_construction_year_parcel_union
commercial_17094510360000,2016,108 N STATE CHICAGO,17094510360000/17094510370000/17094510380000,3,2024,45740,374295,47349.303543581045,7.904973716360854,FALSE,FALSE,TRUE,complete_construction_year_geometry,3,3,0,FALSE,FALSE,retain_mechanical,2024_primary_year_recode,FALSE,use_exact_construction_year_parcel_union
commercial_17101230160000,2009,505 N STATE CHICAGO,17101230160000,1,2024,43249,21689,21689.20545363195,0.9999905273785898,TRUE,TRUE,TRUE,complete_construction_year_geometry,1,1,0,FALSE,FALSE,retain_mechanical,2024_primary_year_recode,FALSE,use_exact_construction_year_parcel_union
commercial_17102100210000,2007,345 E OHIO CHICAGO,17102100210000,1,2024,43254,47588,47603.463360315654,0.999675163124191,TRUE,TRUE,TRUE,complete_construction_year_geometry,1,1,0,FALSE,FALSE,retain_mechanical,coherent_2024_revision_same_entity,FALSE,use_exact_construction_year_parcel_union
commercial_17102100220000,2009,355 E ERIE CHICAGO,17102100220000,1,2024,43255,38860,38844.826458490454,1.000390619366668,TRUE,TRUE,TRUE,complete_construction_year_geometry,1,1,0,FALSE,FALSE,retain_mechanical,coherent_2024_revision_same_entity,FALSE,use_exact_construction_year_parcel_union
commercial_17102110300000,2014,545 N MCCLURG CHICAGO,17102110300000,1,2024,43256,51925,5424.064799942076,9.573078846800376,FALSE,FALSE,TRUE,complete_construction_year_geometry,1,1,0,FALSE,FALSE,retain_mechanical,2024_primary_year_recode,FALSE,use_exact_construction_year_parcel_union
commercial_17102120360000,2012,200 E ILLINOIS CHICAGO,17102120360000,1,2024,43258,100946,100945.51765320078,1.0000047782884316,TRUE,TRUE,TRUE,complete_construction_year_geometry,1,1,0,FALSE,FALSE,retain_mechanical,2024_primary_year_recode,FALSE,use_exact_construction_year_parcel_union
commercial_17102120370000,2015,240 E ILLINOIS CHICAGO,17102120370000,1,2024,43259,100946,100945.5122366965,1.0000048319463908,TRUE,TRUE,TRUE,complete_construction_year_geometry,1,1,0,FALSE,FALSE,review_required,permit_unit_counts_do_not_include_assessor_count,FALSE,use_exact_construction_year_parcel_union
commercial_17102180070000,2012,500 N LAKE SHORE CHICAGO,17102180070000,1,2024,43260,39407,39316.36980000138,1.0023051517843495,TRUE,TRUE,TRUE,complete_construction_year_geometry,1,1,0,FALSE,FALSE,retain_mechanical,2024_primary_year_recode,FALSE,use_exact_construction_year_parcel_union
commercial_17102180140000,2020,451 E. Grand Ave,17102180140000,1,2021,68956,125594,125594.23434324004,0.9999981341242195,TRUE,TRUE,TRUE,complete_construction_year_geometry,1,1,0,FALSE,FALSE,retain_mechanical,coherent_2021_only_entity,FALSE,use_exact_construction_year_parcel_union
commercial_17102180170000,2018,514 N. Pestigo Ct.,17102180170000,1,2024,43261,125594,125594.23434323072,0.9999981341242936,TRUE,TRUE,TRUE,complete_construction_year_geometry,1,1,0,FALSE,FALSE,retain_mechanical,coherent_2024_primary_entity,FALSE,use_exact_construction_year_parcel_union
commercial_17102190300000,2017,465 N PARK CHICAGO,17102190300000/17102190350000/17102190570000,3,2024,43263,171690,42681.52075725654,4.022583941571715,FALSE,FALSE,FALSE,complete_construction_year_geometry,3,3,1,FALSE,FALSE,retain_mechanical,coherent_2024_revision_same_entity,TRUE,predecessor_parcel_union_requires_review
commercial_17102190480000,2013,455 N PARK CHICAGO,17102190360000/17102190370000/17102190380000/17102190390000/17102190400000/17102190410000/17102190420000/17102190430000/17102190440000/17102190450000/17102190460000/17102190470000/17102190480000/17102190490000/17102190500000/17102190510000,16,2024,43264,1097936,8233.232400558889,133.35418540177122,FALSE,FALSE,FALSE,complete_construction_year_geometry,16,16,15,FALSE,FALSE,retain_mechanical,coherent_2024_revision_same_entity,TRUE,predecessor_parcel_union_requires_review
commercial_17103000300000,2021,300 N MICHIGAN CHICAGO,17103000300000,1,2024,45743,15873,12700.566219560802,1.2497867989187101,FALSE,TRUE,TRUE,complete_construction_year_geometry,1,1,0,FALSE,FALSE,retain_mechanical,coherent_2024_primary_entity,FALSE,use_exact_construction_year_parcel_union
commercial_17103030420000,2014,201 N GARLAND CHICAGO,17103030420000,1,2024,45744,21812,21813.08500034921,0.99995025919767,TRUE,TRUE,TRUE,complete_construction_year_geometry,1,1,0,FALSE,FALSE,retain_mechanical,2024_primary_year_recode,FALSE,use_exact_construction_year_parcel_union
commercial_17103060040000,2013,73 E LAKE CHICAGO,17103060040000/17103060050000,2,2024,45746,16890,16977.880000148638,0.9948238531461013,TRUE,TRUE,TRUE,complete_construction_year_geometry,2,2,0,FALSE,FALSE,retain_mechanical,2024_primary_year_recode,FALSE,use_exact_construction_year_parcel_union
commercial_17103060190000,2020,60 E RANDOLPH CHICAGO,17103060190000,1,2024,45747,16205,16133.532270025462,1.0044297633511614,TRUE,TRUE,TRUE,complete_construction_year_geometry,1,1,0,FALSE,FALSE,retain_mechanical,coherent_2024_revision_same_entity,FALSE,use_exact_construction_year_parcel_union
commercial_17103060210000,2021,60 E BENTON CHICAGO,17103060210000,1,2024,45748,7714,7714.907799609005,0.9998823317617547,TRUE,TRUE,TRUE,complete_construction_year_geometry,1,1,0,FALSE,FALSE,retain_mechanical,2024_primary_year_recode,FALSE,use_exact_construction_year_parcel_union
commercial_17103180610000,2011,345 E WACKER CHICAGO,17103180610000,1,2024,45752,30019,30018.81899244932,1.000006029802529,TRUE,TRUE,TRUE,complete_construction_year_geometry,1,1,0,FALSE,FALSE,review_required,permit_unit_counts_do_not_include_assessor_count,FALSE,use_exact_construction_year_parcel_union
commercial_17103180820000,2007,360 E WACKER CHICAGO,17103180820000,1,2024,45754,44168,44056.99036832154,1.0025196825918068,TRUE,TRUE,TRUE,complete_construction_year_geometry,1,1,0,FALSE,FALSE,retain_mechanical,2024_primary_year_recode,FALSE,use_exact_construction_year_parcel_union
commercial_17153040650000,2009,8 E 9TH CHICAGO,17153040650000,1,2024,45766,19532,19350.799314592965,1.0093639896968176,TRUE,TRUE,TRUE,complete_construction_year_geometry,1,1,0,FALSE,FALSE,retain_mechanical,coherent_2024_primary_entity,FALSE,use_exact_construction_year_parcel_union
commercial_17164040190000,2008,642 S CLARK CHICAGO,17164040190000/17164040200000,2,2024,45791,18635,19036.730799987912,0.9788970698693619,TRUE,TRUE,TRUE,complete_construction_year_geometry,2,2,0,FALSE,FALSE,review_required,student_housing_unit_definition_requires_review,FALSE,use_exact_construction_year_parcel_union
commercial_17164040230000,2007,730 S CLARK CHICAGO,17164040230000/17164040240000/17164040250000/17164040330000,4,2024,45792,34382,36173.98300001398,0.9504621042141451,TRUE,TRUE,TRUE,complete_construction_year_geometry,4,4,0,FALSE,FALSE,retain_mechanical,coherent_2024_revision_same_entity,FALSE,use_exact_construction_year_parcel_union
commercial_17164110150000,2008,900 S CLARK CHICAGO,17164110150000/17164110160000,2,2024,45797,91573,97790.5854699557,0.9364193859759032,TRUE,TRUE,TRUE,complete_construction_year_geometry,2,2,0,FALSE,FALSE,review_required,component_membership_changed_across_vintages,FALSE,use_exact_construction_year_parcel_union
commercial_17164110200000,2011,850 S CLARK CHICAGO,17164110200000/17164110210000,2,2024,45798,151940,131140.99857999012,1.1586002977346814,FALSE,TRUE,FALSE,complete_construction_year_geometry,2,2,1,FALSE,FALSE,retain_mechanical,2024_primary_year_recode,FALSE,predecessor_parcel_union_validated_by_assessor_land
commercial_17164160130000,2014,1000 S CLARK CHICAGO,17164160130000,1,2024,45799,102663,102662.3192698704,1.0000066307690538,TRUE,TRUE,TRUE,complete_construction_year_geometry,1,1,0,FALSE,FALSE,retain_mechanical,2024_primary_year_recode,FALSE,use_exact_construction_year_parcel_union
commercial_17164160140000,2013,150 W ROOSEVELT CHICAGO,17164160140000/17164160250000,2,2024,45800,341355,338806.3279901147,1.007522504154526,TRUE,TRUE,TRUE,complete_construction_year_geometry,2,2,0,FALSE,FALSE,review_required,component_membership_changed_across_vintages,FALSE,use_exact_construction_year_parcel_union
commercial_17181010110000,2020,2223 W MADISON CHICAGO,17181010110000/17181010120000/17181010630000,3,2024,61060,21549,21478.039865965548,1.003303845903876,TRUE,TRUE,TRUE,complete_construction_year_geometry,3,3,0,FALSE,FALSE,retain_mechanical,coherent_2024_primary_entity,FALSE,use_exact_construction_year_parcel_union
commercial_17181020630000,2022,2135  MADISON CHICAGO,17181020630000,1,2024,61062,20962,20962.67811758537,0.9999676511950637,TRUE,TRUE,TRUE,complete_construction_year_geometry,1,1,0,FALSE,FALSE,retain_mechanical,coherent_2024_primary_entity,FALSE,use_exact_construction_year_parcel_union
commercial_17194210380000,2022,2012 S ASHLAND CHICAGO,17194210380000,1,2024,61116,10368,10364.648445434868,1.000323364037167,TRUE,TRUE,TRUE,complete_construction_year_geometry,1,1,0,FALSE,FALSE,retain_mechanical,coherent_2024_primary_entity,FALSE,use_exact_construction_year_parcel_union
commercial_17204330140000,2008,2015 S MORGAN CHICAGO,17204330140000,1,2024,61225,36754,38112.42219920113,0.9643574949893999,TRUE,TRUE,TRUE,complete_construction_year_geometry,1,1,0,FALSE,FALSE,retain_mechanical,coherent_2024_revision_same_entity,FALSE,use_exact_construction_year_parcel_union
commercial_17204330150000,2009,2015 S MORGAN CHICAGO,17204330150000,1,2024,61226,27688,27687.82143768668,1.0000064491283187,TRUE,TRUE,TRUE,complete_construction_year_geometry,1,1,0,FALSE,FALSE,retain_mechanical,2024_primary_year_recode,FALSE,use_exact_construction_year_parcel_union
commercial_17274000070000,2021,2851 S KING CHICAGO,17274000070000/17274000090000/17274070570000/17274070580000/17274070600000/17274070610000,6,2024,45842,722222,724182.9306449294,0.9972922164249535,TRUE,TRUE,TRUE,complete_construction_year_geometry,6,6,0,FALSE,FALSE,review_required,component_membership_changed_across_vintages,FALSE,use_exact_construction_year_parcel_union
commercial_17331080060000,2009,3227 S HALSTED CHICAGO,17331080060000/17331080070000/17331080080000,3,2024,45925,9375,9349.293400114402,1.0027495767632326,TRUE,TRUE,TRUE,complete_construction_year_geometry,3,3,0,FALSE,FALSE,retain_mechanical,2024_primary_year_recode,FALSE,use_exact_construction_year_parcel_union
commercial_17343210110000,2006,3837 S STATE CHICAGO,17343210110000/17343210120000/17343210130000/17343210140000/17343210150000,5,2024,45954,27452,27452.382399759794,0.9999860704344626,TRUE,TRUE,TRUE,complete_construction_year_geometry,5,5,0,FALSE,FALSE,retain_mechanical,2024_primary_year_recode,FALSE,use_exact_construction_year_parcel_union
commercial_17344211030000,2015,3755 S COTTAGE GROVE CHICAGO,17344211030000,1,2024,45964,58479,58478.70581448078,1.0000050306434645,TRUE,TRUE,TRUE,complete_construction_year_geometry,1,1,0,FALSE,FALSE,retain_mechanical,2024_primary_year_recode,FALSE,use_exact_construction_year_parcel_union
commercial_17351020160000,2022,3759 S LAKE PARK CHICAGO,17351020160000,1,2024,45974,8217,8216.758933932535,1.0000293383400198,TRUE,TRUE,TRUE,complete_construction_year_geometry,1,1,0,FALSE,FALSE,retain_mechanical,coherent_2024_primary_entity,FALSE,use_exact_construction_year_parcel_union
commercial_17351080110000,2011,811 E 38TH CHICAGO,17351080110000/17351080120000/17351080130000,3,2024,45975,23768,23766.703426051885,1.0000545542191894,TRUE,TRUE,TRUE,complete_construction_year_geometry,3,3,0,FALSE,FALSE,retain_mechanical,2024_primary_year_recode,FALSE,use_exact_construction_year_parcel_union
commercial_19192130360000,2007,6636 W 65TH CHICAGO,19192130360000,1,2024,31823,23473,31925.55959954858,0.735241615007804,FALSE,FALSE,TRUE,complete_construction_year_geometry,1,1,0,FALSE,FALSE,retain_mechanical,2024_primary_year_recode,FALSE,use_exact_construction_year_parcel_union
commercial_19192130370000,2014,6614 W 65TH CHICAGO,19192130370000,1,2024,31824,47539,51864.792193740606,0.9165948225998547,TRUE,TRUE,TRUE,complete_construction_year_geometry,1,1,0,FALSE,FALSE,retain_mechanical,coherent_2024_revision_same_entity,FALSE,use_exact_construction_year_parcel_union
commercial_19223000110000,2009,6700 S KEATING CHICAGO,19223000110000,1,2024,31865,76245,76244.94283599406,1.0000007497416066,TRUE,TRUE,TRUE,complete_construction_year_geometry,1,1,0,FALSE,FALSE,retain_mechanical,2024_primary_year_recode,FALSE,use_exact_construction_year_parcel_union
commercial_19223000160000,2011,6800 S KEATING CHICAGO,19223000160000,1,2024,31866,73505,73504.63591402024,1.0000049532383262,TRUE,TRUE,TRUE,complete_construction_year_geometry,1,1,0,FALSE,FALSE,retain_mechanical,2024_primary_year_recode,FALSE,use_exact_construction_year_parcel_union
commercial_19252330010000,2008,7430 S ROCKWELL CHICAGO,19252330010000,1,2024,31991,59915,59917.96844148543,0.999950458242116,TRUE,TRUE,TRUE,complete_construction_year_geometry,1,1,0,FALSE,FALSE,retain_mechanical,2024_primary_year_recode,FALSE,use_exact_construction_year_parcel_union
commercial_19361070560000,2008,2815 W 79TH CHICAGO,19361070560000,1,2024,31519,33415,30915.70779986598,1.0808421471801093,TRUE,TRUE,TRUE,complete_construction_year_geometry,1,1,0,FALSE,FALSE,retain_mechanical,2024_primary_year_recode,FALSE,use_exact_construction_year_parcel_union
commercial_20021110010000,2022,4137 S COTTAGE GROVE CHICAGO,20021110010000/20021110020000/20021110030000,3,2024,15321,0,23076.578284282237,NA,FALSE,FALSE,TRUE,complete_construction_year_geometry,3,3,0,FALSE,FALSE,review_required,missing_or_nonpositive_land_area,FALSE,use_exact_construction_year_parcel_union
commercial_20021130010000,2022,4101 S DREXEL CHICAGO,20021130010000,1,2024,15365,0,9231.697075407952,NA,FALSE,FALSE,TRUE,complete_construction_year_geometry,1,1,0,FALSE,FALSE,review_required,missing_or_nonpositive_land_area,FALSE,use_exact_construction_year_parcel_union
commercial_20021200190000,2022,920 E 43RD CHICAGO,20021200190000,1,2024,15322,0,16232.011092425382,NA,FALSE,FALSE,TRUE,complete_construction_year_geometry,1,1,0,FALSE,FALSE,review_required,missing_or_nonpositive_land_area,FALSE,use_exact_construction_year_parcel_union
commercial_20021270300000,2012,1060 E 41ST CHICAGO,20021270300000,1,2024,15366,35155,29715.773029912263,1.183041745695545,FALSE,TRUE,TRUE,complete_construction_year_geometry,1,1,0,FALSE,FALSE,retain_mechanical,stable_membership_2021_field_fallback,FALSE,use_exact_construction_year_parcel_union
commercial_20031150160000,2006,4155 S INDIANA CHICAGO,20031150160000,1,2024,15037,10572,10571.771999817342,1.000021566884214,TRUE,TRUE,TRUE,complete_construction_year_geometry,1,1,0,FALSE,FALSE,retain_mechanical,stable_membership_2021_field_fallback,FALSE,use_exact_construction_year_parcel_union
commercial_20031150390000,2006,4104 S PRAIRIE CHICAGO,20031150390000,1,2024,15039,8020,6405.971199688036,1.2519569242507,FALSE,FALSE,TRUE,complete_construction_year_geometry,1,1,0,FALSE,FALSE,retain_mechanical,stable_membership_2021_field_fallback,FALSE,use_exact_construction_year_parcel_union
commercial_20031150400000,2006,4106 S PRAIRIE CHICAGO,20031150400000,1,2024,15040,8106,6420.390399658121,1.2625400474761839,FALSE,FALSE,TRUE,complete_construction_year_geometry,1,1,0,FALSE,FALSE,retain_mechanical,stable_membership_2021_field_fallback,FALSE,use_exact_construction_year_parcel_union
commercial_20031150410000,2006,4108 S PRAIRIE CHICAGO,20031150410000,1,2024,15041,7934,5926.594000527635,1.3387115768844042,FALSE,FALSE,TRUE,complete_construction_year_geometry,1,1,0,FALSE,FALSE,retain_mechanical,stable_membership_2021_field_fallback,FALSE,use_exact_construction_year_parcel_union
commercial_20031150420000,2006,4110 S PRAIRIE CHICAGO,20031150420000,1,2024,15042,8019,12665.55920054391,0.633134303273055,FALSE,FALSE,TRUE,complete_construction_year_geometry,1,1,0,FALSE,FALSE,retain_mechanical,stable_membership_2021_field_fallback,FALSE,use_exact_construction_year_parcel_union
commercial_20031150430000,2006,4112 S PRAIRIE CHICAGO,20031150430000,1,2024,15043,8060,12665.55920054391,0.6363714284051407,FALSE,FALSE,TRUE,complete_construction_year_geometry,1,1,0,FALSE,FALSE,retain_mechanical,stable_membership_2021_field_fallback,FALSE,use_exact_construction_year_parcel_union
commercial_20031150440000,2006,4114 S PRAIRIE CHICAGO,20031150440000,1,2024,15044,7980,6271.194399716333,1.272484871520003,FALSE,FALSE,TRUE,complete_construction_year_geometry,1,1,0,FALSE,FALSE,retain_mechanical,stable_membership_2021_field_fallback,FALSE,use_exact_construction_year_parcel_union
commercial_20031150450000,2006,4116 S PRAIRIE CHICAGO,20031150450000,1,2024,15045,8106,12622.558800630271,0.6421835800515542,FALSE,FALSE,TRUE,complete_construction_year_geometry,1,1,0,FALSE,FALSE,retain_mechanical,stable_membership_2021_field_fallback,FALSE,use_exact_construction_year_parcel_union
commercial_20031150460000,2006,4118 S PRAIRIE CHICAGO,20031150460000,1,2024,15046,7907,6078.695199221373,1.300772573859735,FALSE,FALSE,TRUE,complete_construction_year_geometry,1,1,0,FALSE,FALSE,retain_mechanical,stable_membership_2021_field_fallback,FALSE,use_exact_construction_year_parcel_union
commercial_20031160030000,2006,4113 S PRAIRIE CHICAGO,20031160030000,1,2024,15047,7256,7255.608400001656,1.0000539720415924,TRUE,TRUE,TRUE,complete_construction_year_geometry,1,1,0,FALSE,FALSE,retain_mechanical,stable_membership_2021_field_fallback,FALSE,use_exact_construction_year_parcel_union
commercial_20031160040000,2006,4123 S PRAIRIE CHICAGO,20031160040000,1,2024,15048,7253,7252.7265998842195,1.000037696183913,TRUE,TRUE,TRUE,complete_construction_year_geometry,1,1,0,FALSE,FALSE,retain_mechanical,stable_membership_2021_field_fallback,FALSE,use_exact_construction_year_parcel_union
commercial_20031160050000,2006,4127 S PRAIRIE CHICAGO,20031160050000,1,2024,15049,7257,7257.428600192536,0.9999409432436546,TRUE,TRUE,TRUE,complete_construction_year_geometry,1,1,0,FALSE,FALSE,retain_mechanical,stable_membership_2021_field_fallback,FALSE,use_exact_construction_year_parcel_union
commercial_20031160060000,2006,4131 S PRAIRIE CHICAGO,20031160060000,1,2024,15050,7276,7275.726599699818,1.0000375770442218,TRUE,TRUE,TRUE,complete_construction_year_geometry,1,1,0,FALSE,FALSE,retain_mechanical,stable_membership_2021_field_fallback,FALSE,use_exact_construction_year_parcel_union
commercial_20031180060000,2006,4235 S STATE CHICAGO,20031180060000,1,2024,15051,8930,8929.696799633559,1.000033954161406,TRUE,TRUE,TRUE,complete_construction_year_geometry,1,1,0,FALSE,FALSE,retain_mechanical,stable_membership_2021_field_fallback,FALSE,use_exact_construction_year_parcel_union
commercial_20031180070000,2006,4237 S STATE CHICAGO,20031180070000,1,2024,15052,8040,8039.570399791002,1.000053435717039,TRUE,TRUE,TRUE,complete_construction_year_geometry,1,1,0,FALSE,FALSE,retain_mechanical,stable_membership_2021_field_fallback,FALSE,use_exact_construction_year_parcel_union
commercial_20031180090000,2006,4249 S STATE CHICAGO,20031180090000,1,2024,15053,8041,8041.189200138673,0.9999764711246105,TRUE,TRUE,TRUE,complete_construction_year_geometry,1,1,0,FALSE,FALSE,retain_mechanical,stable_membership_2021_field_fallback,FALSE,use_exact_construction_year_parcel_union
commercial_20031180360000,2010,4238 S WABASH CHICAGO,20031180360000,1,2024,15054,6892,6892.911172136567,0.9998678102598725,TRUE,TRUE,TRUE,complete_construction_year_geometry,1,1,0,FALSE,FALSE,retain_mechanical,stable_membership_2021_field_fallback,FALSE,use_exact_construction_year_parcel_union
commercial_20031180370000,2010,4238 S WABASH CHICAGO,20031180370000,1,2024,15055,8065,8065.527649348602,0.9999345796863465,TRUE,TRUE,TRUE,complete_construction_year_geometry,1,1,0,FALSE,FALSE,retain_mechanical,stable_membership_2021_field_fallback,FALSE,use_exact_construction_year_parcel_union
commercial_20031180380000,2010,4238 S WABASH CHICAGO,20031180380000,1,2024,15056,8117,8117.487671631849,0.9999399233295354,TRUE,TRUE,TRUE,complete_construction_year_geometry,1,1,0,FALSE,FALSE,retain_mechanical,stable_membership_2021_field_fallback,FALSE,use_exact_construction_year_parcel_union
commercial_20031180390000,2010,4238 S WABASH CHICAGO,20031180390000,1,2024,15057,7948,7948.047254063189,0.9999940546323294,TRUE,TRUE,TRUE,complete_construction_year_geometry,1,1,0,FALSE,FALSE,retain_mechanical,stable_membership_2021_field_fallback,FALSE,use_exact_construction_year_parcel_union
commercial_20031180400000,2010,4238 S WABASH CHICAGO,20031180400000,1,2024,15058,8072,8072.920817625243,0.9998859374882964,TRUE,TRUE,TRUE,complete_construction_year_geometry,1,1,0,FALSE,FALSE,retain_mechanical,stable_membership_2021_field_fallback,FALSE,use_exact_construction_year_parcel_union
commercial_20031180410000,2010,4238 S WABASH CHICAGO,20031180410000,1,2024,15059,7995,7995.184238369577,0.9999769563322015,TRUE,TRUE,TRUE,complete_construction_year_geometry,1,1,0,FALSE,FALSE,retain_mechanical,stable_membership_2021_field_fallback,FALSE,use_exact_construction_year_parcel_union
commercial_20031180420000,2010,4238 S WABASH CHICAGO,20031180420000,1,2024,15060,8057,8057.305509694386,0.9999620828955761,TRUE,TRUE,TRUE,complete_construction_year_geometry,1,1,0,FALSE,FALSE,retain_mechanical,stable_membership_2021_field_fallback,FALSE,use_exact_construction_year_parcel_union
commercial_20031190080000,2006,4227 S WABASH CHICAGO,20031190080000,1,2024,15061,16090,16090.33040028438,0.999979465910509,TRUE,TRUE,TRUE,complete_construction_year_geometry,1,1,0,FALSE,FALSE,retain_mechanical,stable_membership_2021_field_fallback,FALSE,use_exact_construction_year_parcel_union
commercial_20031190090000,2007,4243 S WABASH,20031190090000,1,2021,25323,8601,8600.954999746755,1.0000052320065906,TRUE,TRUE,TRUE,complete_construction_year_geometry,1,1,0,FALSE,FALSE,retain_mechanical,coherent_2021_only_entity,FALSE,use_exact_construction_year_parcel_union
commercial_20031200120000,2006,4251 S MICHIGAN CHICAGO,20031200120000/20031200130000/20031200250000/20031200260000,4,2024,15063,0,58337.60598914232,NA,FALSE,FALSE,TRUE,complete_construction_year_geometry,4,4,0,FALSE,FALSE,review_required,missing_or_nonpositive_land_area,FALSE,use_exact_construction_year_parcel_union
commercial_20031210110000,2006,4227 S INDIANA CHICAGO,20031210110000/20031210120000,2,2024,15064,8022,8021.926799517125,1.0000091250499668,TRUE,TRUE,TRUE,complete_construction_year_geometry,2,2,0,FALSE,FALSE,retain_mechanical,stable_membership_2021_field_fallback,FALSE,use_exact_construction_year_parcel_union
commercial_20031210190000,2009,4200 S PRAIRIE CHICAGO,20031210190000/20031210200000/20031210210000/20031210220000,4,2024,15066,0,24247.42119973153,NA,FALSE,FALSE,TRUE,complete_construction_year_geometry,4,4,0,FALSE,FALSE,review_required,missing_or_nonpositive_land_area,FALSE,use_exact_construction_year_parcel_union
commercial_20031210430000,2010,4220 S PRAIRIE CHICAGO,20031210310000/20031210430000,2,2024,15067,0,32082.99940060079,NA,FALSE,FALSE,TRUE,complete_construction_year_geometry,2,2,0,FALSE,FALSE,review_required,component_membership_changed_across_vintages,FALSE,use_exact_construction_year_parcel_union
commercial_20033020280000,2015,109 E 43RD CHICAGO,20033020280000,1,2024,15073,9682,9682.986372616142,0.9998981334292764,TRUE,TRUE,TRUE,complete_construction_year_geometry,1,1,0,FALSE,FALSE,retain_mechanical,stable_membership_2021_field_fallback,FALSE,use_exact_construction_year_parcel_union
commercial_20033090490000,2010,4417 S INDIANA CHICAGO,20033090490000,1,2024,15446,7962,7961.61419998575,1.000048457511826,TRUE,TRUE,TRUE,complete_construction_year_geometry,1,1,0,FALSE,FALSE,retain_mechanical,stable_membership_2021_field_fallback,FALSE,use_exact_construction_year_parcel_union
commercial_20042140440000,2006,4008 S FEDERAL CHICAGO,20042140440000/20042150920000/20042150980000/20042150990000/20042151010000/20042151040000/20042160850000/20042160910000/20042160930000/20042160940000/20042160950000/20042160970000/20042260030000/20042260040000/20042260100000,15,2024,31520,238177,258972.01642962897,0.9197016854704082,TRUE,TRUE,FALSE,complete_construction_year_geometry,15,15,9,FALSE,FALSE,review_required,component_membership_changed_across_vintages,FALSE,predecessor_parcel_union_validated_by_assessor_land
commercial_20043020040000,2006,649 W 43RD CHICAGO,20043020040000/20043020050000,2,2024,32025,6350,6211.431399948604,1.0223086421034195,TRUE,TRUE,TRUE,complete_construction_year_geometry,2,2,0,FALSE,FALSE,retain_mechanical,2024_primary_year_recode,FALSE,use_exact_construction_year_parcel_union
commercial_20044050390000,2009,4307 S DEARBORN CHICAGO,20044050390000/20044130350000/20044130360000/20044200770000/20044220230000/20044220240000/20044500010000,7,2024,31521,223573,399215.7492307704,0.5600305108974084,FALSE,FALSE,FALSE,complete_construction_year_geometry,7,7,1,FALSE,FALSE,retain_mechanical,coherent_2024_revision_same_entity,TRUE,predecessor_parcel_union_requires_review
commercial_20114080610000,2014,1328 E 53RD CHICAGO,20114080610000,1,2024,15318,48144,33144.9415992063,1.452529335612191,FALSE,FALSE,TRUE,complete_construction_year_geometry,1,1,0,FALSE,FALSE,retain_mechanical,stable_membership_2021_field_fallback,FALSE,use_exact_construction_year_parcel_union
commercial_20131000200000,2017,5532 S CORNELL CHICAGO,20131000200000,1,2024,15795,52897,52896.898378809914,1.0000019211181221,TRUE,TRUE,TRUE,complete_construction_year_geometry,1,1,0,FALSE,FALSE,retain_mechanical,stable_membership_2021_field_fallback,FALSE,use_exact_construction_year_parcel_union
commercial_20143130190000,2009,6227 S COTTAGE GROVE CHICAGO,20143130190000,1,2024,15107,34763,109656.41859966138,0.3170174664094615,FALSE,FALSE,TRUE,complete_construction_year_geometry,1,1,0,FALSE,FALSE,retain_mechanical,stable_membership_2021_field_fallback,FALSE,use_exact_construction_year_parcel_union
commercial_20143130220000,2019,6253 S COTTAGE GROVE CHICAGO,20143130220000,1,2024,15108,55933,55932.22103693336,1.0000139269110397,TRUE,TRUE,TRUE,complete_construction_year_geometry,1,1,0,FALSE,FALSE,retain_mechanical,stable_membership_2021_field_fallback,FALSE,use_exact_construction_year_parcel_union
commercial_20143160240000,2021,6238 S GREENWOOD CHICAGO,20143160240000/20143160250000,2,2024,15862,12713,13346.108252346516,0.9525623320015254,TRUE,TRUE,TRUE,complete_construction_year_geometry,2,2,0,FALSE,FALSE,retain_mechanical,stable_membership_2021_field_fallback,FALSE,use_exact_construction_year_parcel_union
commercial_20144120100000,2008,6235 S WOODLAWN CHICAGO,20144120100000,1,2024,15876,8327,8327.491999648511,0.999940918628498,TRUE,TRUE,TRUE,complete_construction_year_geometry,1,1,0,FALSE,FALSE,retain_mechanical,stable_membership_2021_field_fallback,FALSE,use_exact_construction_year_parcel_union
commercial_20153010080000,2009,46 E 60TH CHICAGO,20153010080000,1,2024,15930,15989,15988.56459994614,1.0000272319663932,TRUE,TRUE,TRUE,complete_construction_year_geometry,1,1,0,FALSE,FALSE,review_required,permit_unit_counts_do_not_include_assessor_count,FALSE,use_exact_construction_year_parcel_union
commercial_20153020050000,2009,5943 S MICHIGAN CHICAGO,20153020050000,1,2024,15933,11340,11303.90719948616,1.0031929491172291,TRUE,TRUE,TRUE,complete_construction_year_geometry,1,1,0,FALSE,FALSE,review_required,permit_unit_counts_do_not_include_assessor_count,FALSE,use_exact_construction_year_parcel_union
commercial_20153020060000,2009,5951 S MICHIGAN CHICAGO,20153020060000/20153020070000,2,2024,15934,20095,20075.56080019474,1.0009683017076698,TRUE,TRUE,TRUE,complete_construction_year_geometry,2,2,0,FALSE,FALSE,retain_mechanical,stable_membership_2021_field_fallback,FALSE,use_exact_construction_year_parcel_union
commercial_20153020180000,2009,120 E 60TH CHICAGO,20153020160000/20153020170000/20153020180000,3,2024,15937,0,33914.8388004303,NA,FALSE,FALSE,TRUE,complete_construction_year_geometry,3,3,0,FALSE,FALSE,review_required,component_membership_changed_across_vintages,FALSE,use_exact_construction_year_parcel_union
commercial_20153090290000,2009,201 E 60TH CHICAGO,20153090290000,1,2024,15948,10964,10963.591199395249,1.0000372871076015,TRUE,TRUE,TRUE,complete_construction_year_geometry,1,1,0,FALSE,FALSE,retain_mechanical,stable_membership_2021_field_fallback,FALSE,use_exact_construction_year_parcel_union
commercial_20153100130000,2018,6049 S PRAIRIE CHICAGO,20153100130000/20153100140000/20153100150000/20153100160000/20153100170000,5,2024,15951,0,19222.988835055032,NA,FALSE,FALSE,TRUE,complete_construction_year_geometry,5,5,0,FALSE,FALSE,review_required,missing_or_nonpositive_land_area,FALSE,use_exact_construction_year_parcel_union
commercial_20153130010000,2006,6101 S WABASH CHICAGO,20153130010000/20153130030000/20153130040000/20153130050000,4,2024,15953,0,24613.703199919313,NA,FALSE,FALSE,TRUE,complete_construction_year_geometry,4,4,0,FALSE,FALSE,review_required,component_membership_changed_across_vintages,FALSE,use_exact_construction_year_parcel_union
commercial_20153130320000,2008,6102 S MICHIGAN CHICAGO,20153130320000/20153130330000/20153130340000/20153130350000/20153130360000/20153130690000/20153130700000,7,2024,15957,30865,30865.210600012448,0.9999931767835581,TRUE,TRUE,TRUE,complete_construction_year_geometry,7,7,0,FALSE,FALSE,retain_mechanical,stable_membership_2021_field_fallback,FALSE,use_exact_construction_year_parcel_union
commercial_20153150040000,2018,219 E 61ST CHICAGO,20153150040000,1,2024,15962,18368,18368.824675146432,0.9999551046318413,TRUE,TRUE,TRUE,complete_construction_year_geometry,1,1,0,FALSE,FALSE,retain_mechanical,stable_membership_2021_field_fallback,FALSE,use_exact_construction_year_parcel_union
commercial_20153150080000,2018,6145 S INDIANA CHICAGO,20153150080000/20153150090000,2,2024,15964,0,32399.397211305797,NA,FALSE,FALSE,TRUE,complete_construction_year_geometry,2,2,0,FALSE,FALSE,review_required,missing_or_nonpositive_land_area,FALSE,use_exact_construction_year_parcel_union
commercial_20153150350000,2017,227 E 61ST CHICAGO,20153150350000/20153150360000/20153150370000/20153150380000/20153150390000/20153150400000,6,2024,15965,23938,35117.5210092715,0.6816540379851996,FALSE,FALSE,TRUE,complete_construction_year_geometry,6,6,0,FALSE,FALSE,review_required,permit_unit_counts_do_not_include_assessor_count,FALSE,use_exact_construction_year_parcel_union
commercial_20154230360000,2011,6200 S COTTAGE GROVE CHICAGO,20154230360000,1,2024,15150,36622,56403.72739979997,0.6492833308766377,FALSE,FALSE,TRUE,complete_construction_year_geometry,1,1,0,FALSE,FALSE,retain_mechanical,stable_membership_2021_field_fallback,FALSE,use_exact_construction_year_parcel_union
commercial_20262050130000,2014,1355 E 71ST CHICAGO,20262050130000/20262050270000/20262050280000,3,2024,15344,45166,45166.31779987138,0.9999929637861384,TRUE,TRUE,TRUE,complete_construction_year_geometry,3,3,0,FALSE,FALSE,review_required,permit_unit_counts_do_not_include_assessor_count,FALSE,use_exact_construction_year_parcel_union
commercial_21303010330000,2007,7550 S ESSEX CHICAGO,21303010330000,1,2024,16477,15451,15451.367199741304,0.9999762351294512,TRUE,TRUE,TRUE,complete_construction_year_geometry,1,1,0,FALSE,FALSE,retain_mechanical,stable_membership_2021_field_fallback,FALSE,use_exact_construction_year_parcel_union
commercial_24113000220000,2012,3659 W 99TH CHICAGO,24113000220000,1,2024,32551,235539,417736.2262001708,0.5638462389113805,FALSE,FALSE,TRUE,complete_construction_year_geometry,1,1,0,FALSE,FALSE,retain_mechanical,2024_primary_year_recode,FALSE,use_exact_construction_year_parcel_union
commercial_24131000010000,2021,10301 S KEDZIE CHICAGO,24131000010000/24131000020000/24131000030000,3,2024,32552,7890,7899.531420469284,0.9987934195128858,TRUE,TRUE,TRUE,complete_construction_year_geometry,3,3,0,FALSE,FALSE,review_required,permit_unit_counts_do_not_include_assessor_count,FALSE,use_exact_construction_year_parcel_union
commercial_25051190160000,2018,8900 S LOOMIS CHICAGO,25051190160000/25051190180000/25051190190000/25051190200000/25051190210000/25051190220000/25051190300000/25051190310000,8,2024,31571,53000,53005.24731521681,0.9999010038537203,TRUE,TRUE,TRUE,complete_construction_year_geometry,8,8,0,FALSE,FALSE,retain_mechanical,2024_primary_year_recode,FALSE,use_exact_construction_year_parcel_union
commercial_25074130200000,2007,1830 W 103RD CHICAGO,25074130200000/25074130210000/25074130220000,3,2024,32632/32713,36342,29064.596999822446,1.2503871978758905,FALSE,FALSE,TRUE,complete_construction_year_geometry,3,3,0,FALSE,FALSE,review_required,selected_vintage_contains_multiple_entity_values,FALSE,use_exact_construction_year_parcel_union
commercial_25204220450000,2015,825 W 118TH CHICAGO,25204220450000,1,2024,31574,72804,5090.877474874491,14.300874526899685,FALSE,FALSE,TRUE,complete_construction_year_geometry,1,1,0,FALSE,FALSE,retain_mechanical,2024_primary_year_recode,FALSE,use_exact_construction_year_parcel_union
commercial_25222100020000,2018,11135 S LANGLEY CHICAGO,25222100020000,1,2024,16571,18786,19022.83664976014,0.9875498773331934,TRUE,TRUE,TRUE,complete_construction_year_geometry,1,1,0,FALSE,FALSE,review_required,permit_unit_counts_do_not_include_assessor_count,FALSE,use_exact_construction_year_parcel_union
commercial_25281090100000,2011,12045 S EMERALD CHICAGO,25281090100000,1,2024,31577,27437,27437.341600080952,0.9999875498112779,TRUE,TRUE,TRUE,complete_construction_year_geometry,1,1,0,FALSE,FALSE,retain_mechanical,2024_primary_year_recode,FALSE,use_exact_construction_year_parcel_union
commercial_26051150380000,2008,3251 E 92ND CHICAGO,26051150380000,1,2024,15309,84997,21096.641519218683,4.028935123278706,FALSE,FALSE,TRUE,complete_construction_year_geometry,1,1,0,FALSE,FALSE,retain_mechanical,stable_membership_2021_field_fallback,FALSE,use_exact_construction_year_parcel_union
commercial_26051150390000,2008,9233 S BURLEY CHICAGO,26051150390000,1,2024,15310,77671,81763.17498961091,0.9499508795967027,TRUE,TRUE,TRUE,complete_construction_year_geometry,1,1,0,FALSE,FALSE,retain_mechanical,stable_membership_2021_field_fallback,FALSE,use_exact_construction_year_parcel_union
commercial_14204030040000,2017,1025 W. Addison,14204030040000/14204030050000/14204030070000/14204030080000/14204030220000/14204030230000/14204030240000/14204030250000/14204030640000/14204030650000/14204030670000/14204030700000,12,2021,66600,162440,NA,NA,FALSE,FALSE,FALSE,unresolved_construction_year_geometry,12,11,0,NA,NA,retain_mechanical,coherent_2021_only_entity,TRUE,construction_year_geometry_unresolved
commercial_14294190580000,2017,930 W ALTGELD CHICAGO,14294190580000/14294190610000/14294190650000,3,2024,40030,138406,NA,NA,FALSE,FALSE,FALSE,unresolved_construction_year_geometry,3,2,0,NA,NA,review_required,component_membership_changed_across_vintages,TRUE,construction_year_geometry_unresolved
commercial_14313090210000,2010,1845 N WESTERN CHICAGO,14313090210000/14313090220000,2,2024,59507,26004,NA,NA,FALSE,FALSE,FALSE,unresolved_construction_year_geometry,2,1,0,NA,NA,retain_mechanical,2024_primary_year_recode,TRUE,construction_year_geometry_unresolved
commercial_17042210990000,2014,1225 N WELLS CHICAGO,17042210990000/17042211000000/17042211010000/17042211020000,4,2024,43134,59883,NA,NA,FALSE,FALSE,FALSE,unresolved_construction_year_geometry,4,0,0,NA,NA,retain_mechanical,coherent_2024_revision_same_entity,TRUE,construction_year_geometry_unresolved
commercial_17042220640000,2016,1201 N LA SALLE CHICAGO,17042220640000/17042220660000/17042220680000,3,2024,43138,68857,NA,NA,FALSE,FALSE,FALSE,unresolved_construction_year_geometry,3,0,0,NA,NA,retain_mechanical,2024_primary_year_recode,TRUE,construction_year_geometry_unresolved
commercial_17103180710000,2009,225 N COLUMBUS CHICAGO,17103180710000/17103180740000,2,2024,45753,341770,NA,NA,FALSE,FALSE,FALSE,unresolved_construction_year_geometry,2,1,0,NA,NA,retain_mechanical,coherent_2024_revision_same_entity,TRUE,construction_year_geometry_unresolved
commercial_17104000510000,2022,455 E. Waterside Dr,17104000510000,1,2024,45756,155415,NA,NA,FALSE,FALSE,FALSE,unresolved_construction_year_geometry,1,0,0,NA,NA,retain_mechanical,coherent_2024_primary_entity,TRUE,construction_year_geometry_unresolved
