project_id,permit_chain_id,permit_records,directly_matched_permits,permit_numbers,permit_addresses,address_keys,earliest_application_date,earliest_issue_date,latest_issue_date,permit_statuses,work_descriptions,distinct_unit_counts,unit_counts,unit_contexts,resolved_chain_units,chain_resolution
commercial_11293000160000,permit_chain_100702395,4,1,100702395/100758077/100768168/100786837,1531 W HOWARD ST,1531 W HOWARD,2018-02-27,2018-03-26,2018-10-05,COMPLETE,"100702395: ERECT NEW 5 STORY 1C BUILDING FOR 38 DWELLING UNITS (31 DWELLING W/7 EFFICIENCY UNITS), 1-RETAIL SPACE AND 19-AUTO PARKING SPACES W/40-BICYCLE SPACES.  *SPRINKLER SYSTEM IS REQUIRED FOR ALL CONSTRUCTION TYPE 1C BUILDING OF COLD FORMED STEEL FRAMING FOR BEARING WALLS, UP TO 7 STORIES.*    **CERTIFIED PLAN CORRECTIONS PROJECT - CONDITIONAL PERMIT: SUBJECT TO FIELD INSPECTIONS ** || 100768168: CHNAGE OF GENERAL CONTRACTOR TO WATERMARK PROPERTIES LLC IN PERMIT #100702395 || 100758077: REVISION TO PERMIT #100702395:NO CHANGE IN OCCUPANCY OF BUILDING. REPLACE 19 CAR GARAGE W/19 OPEN PARKING STALLS ON 6 STORY, 38 DU(31 DWELLING , 7 EFFICIENCY) W/(1) MERCANTILE SPACE, RELOCATE WATER ROOM,REPLACE STORAGE AREA W/FITNESS ROOM, REVISED EXTERIOR WINDOWS,PROVIDE NEW FURNACE FOR FITNESS ROOM, RELOCATE WASTE LINE. RESIDENTIAL FLOORS (FLRS. 2 THRU 6) ONLY REVISING EXTERIOR WINDOWS**CERTIFIED CORRECTIONS- - SUBJECT TO FIELD INSPECTIONS & AUDIT ** || 100786837: REVISION TO CHANGE OF CONTRACTORS #100702395 FOR NEW ALL MANSONARY,VENT/HEAT,REFRIG,PLUMBING CONTRACTORS.",2,7/38,"100702395: 38 [ERECT NEW 5 STORY 1C BUILDING FOR 38 DWELLING UNITS (31 DWELLING W/7 EFFICIENCY UNITS), 1-RETAIL SPACE AND 19-AUTO PARKING SPACES W/40-BICYCLE SPACES.] || 100702395: 7 [ERECT NEW 5 STORY 1C BUILDING FOR 38 DWELLING UNITS (31 DWELLING W/7 EFFICIENCY UNITS), 1-RETAIL SPACE AND 19-AUTO PARKING SPACES W/40-BICYCLE SPACES. *SPRINKLER SYSTEM IS REQUIRED FOR] || 100758077: 38 [2395:NO CHANGE IN OCCUPANCY OF BUILDING. REPLACE 19 CAR GARAGE W/19 OPEN PARKING STALLS ON 6 STORY, 38 DU(31 DWELLING , 7 EFFICIENCY) W/(1) MERCANTILE SPACE, RELOCATE WATER ROOM,REPLACE STORAGE AREA W/FITN]",NA,conflicting_unit_counts
commercial_11323310340000,permit_chain_100217431,1,1,100217431,1209 W ARTHUR AVE,1209 W ARTHUR,2007-12-21,2007-12-28,2007-12-28,COMPLETE,"100217431: CONSTRUCT FOUNDATIONS ONLY FOR PROPOSED 152 UNIT APARTMENT BUILDING PER PLANS.                                                                                                                                            MODIFICATION OF THE PUBLIC WAY, INCLUDING REMOVAL OF EXISTING TREES, IS NOT PERMITTED UNDER THIS PERMIT.",1,152,100217431: 152 [CONSTRUCT FOUNDATIONS ONLY FOR PROPOSED 152 UNIT APARTMENT BUILDING PER PLANS.],152,single_unit_count
commercial_11323310340000,permit_chain_100221353,3,1,100221353/100261628/B100261495,1209 W ARTHUR AVE,1209 W ARTHUR,2008-01-24,2008-01-25,2008-10-08,COMPLETE,"100221353: NEW CONSTRUCTION OF AN 8 STORY, 152 UNIT RESIDENTIAL BUILDING WITH GROUND FLOOR RETAIL AS PER PLANS || B100261495: CHANGE NAME OF ELECTRICAL CONTRACTOR TO SHAMROCK ELECTRIC CO. INC. FOR BUILDING PERMIT NO. 100221353 || 100261628: MECHANICAL REVISION TO EXISTING PERMIT # 100221353.",1,152,"100221353: 152 [NEW CONSTRUCTION OF AN 8 STORY, 152 UNIT RESIDENTIAL BUILDING WITH GROUND FLOOR RETAIL AS PER PLANS]",152,single_unit_count
commercial_11323310340000,permit_chain_100236353,1,1,100236353,1209 W ARTHUR AVE,1209 W ARTHUR,2008-06-27,2008-06-27,2008-06-27,COMPLETE,100236353: INSTALLATION OF TEMPORARY SINGLE 4000LBS CONSTRUCTION HOSIT,0,,NA,NA,no_unit_count
commercial_12242320280000,permit_chain_100804920,2,1,100804920/100841384,3638 N HARLEM AVE,3638 N HARLEM,2019-03-22,2019-05-20,2019-09-18,COMPLETE,"100804920: ERECT NEW 4 STORY MASONRY BUILDING 8 DWELLING UNITS TYPE 3B CONSTRUCTION WITH 10 OUTDOOR PARKING SPACES, NEW MASONRY TRASH ENCLOSURE AND SITE WORK AS PER PLANS. || 100841384: ALTERNATIVE CODE APPROVAL FOR PERMIT # 100804920: INSTALL PVC FOR DRAINAGE & VENT ABOVE & BELOW GROUND",1,8,"100804920: 8 [ERECT NEW 4 STORY MASONRY BUILDING 8 DWELLING UNITS TYPE 3B CONSTRUCTION WITH 10 OUTDOOR PARKING SPACES, NEW MASONRY TRASH ENCLOSURE AND SITE WORK AS P]",8,single_unit_count
commercial_12242320280000,permit_chain_100804925,2,1,100804925/100841391,3644 N HARLEM AVE,3644 N HARLEM,2019-03-22,2019-06-04,2019-09-18,COMPLETE,"100804925: ERECT NEW 4 STORY MASONRY BUILDING, 8 DWELLING UNITS TYPE 3B CONSTRUCTION, 10 OUTDOOR PARKING SPACES, NEW MASONRY TRASH ENCLOSURE AND SITE WORK AS PER PLANS.**CONDITIONAL PERMIT SUBJECT TO FIELD INSPECTIONS. || 100841391: ALTERNATIVE CODE APPROVAL FOR PERMIT # 100804925: INSTALL PVC FOR DRAINAGE & VENT ABOVE & BELOW GROUND",1,8,"100804925: 8 [ERECT NEW 4 STORY MASONRY BUILDING, 8 DWELLING UNITS TYPE 3B CONSTRUCTION, 10 OUTDOOR PARKING SPACES, NEW MASONRY TRASH ENCLOSURE AND SITE WORK AS PER P]",8,single_unit_count
commercial_13093170070000,permit_chain_100752414,1,1,100752414,5522 W HIGGINS AVE,5522 W HIGGINS,2018-04-20,2019-06-27,2019-06-27,COMPLETE,"100752414: ERECT A 3 STORY , IIIB MASONRY 7 UNIT APARMENT  BUILDING  WITH BASEMENT  AND PARKING SPACES PER PLANS",1,7,"100752414: 7 [ERECT A 3 STORY , IIIB MASONRY 7 UNIT APARMENT BUILDING WITH BASEMENT AND PARKING SPACES PER PLANS]",7,single_unit_count
commercial_13093170090000,permit_chain_100493445,2,2,100493445/100571569,5512 W HIGGINS AVE,5512 W HIGGINS,2013-10-21,2013-10-21,2015-03-23,COMPLETE/EXPIRED,"100493445: ERECT 3 STORY ,IIB MASONRY 7 UNIT APARMRENT BUILDING WITH A BASEMENT ,AND 7 CAR PARKING || 100571569: REVISION PERMIT # 100493445, TO REDUCE THE FRONT YARD TO 8.0' AND THE REAR YARD OPEN SPACE TO 172 SQ.FT AND ERECT  IIIB MASONRY REAR DETACHED 7-CAR PRIVATE GARAGE BY VARIANCE PER PLANS",1,7,"100493445: 7 [ERECT 3 STORY ,IIB MASONRY 7 UNIT APARMRENT BUILDING WITH A BASEMENT ,AND 7 CAR PARKING]",7,single_unit_count
commercial_13114290270000,permit_chain_100211769,2,1,100211769/100307911,3300 W LAWRENCE AVE,3300 W LAWRENCE,2008-04-22,2008-07-21,2009-08-27,EXPIRED,"100211769: ERECT 6 D.U. WITH (2) FIRST FLOOR OFFICE SPACES MASONRY BUILDING.  6 EXTERIOR PARKING SPACES ON CONCRETE PAD.  6' HIGH 9' BY 4' MASONRY TRASH ENCLOSURE, 74' LONG 6' HIGH WOOD FENCE AS PER PLANS || 100307911: REVIOSION TO PERMIT #100211769 TO CHANGE PLUMBER TO JEM METRO. SUBJECT TO FIELD INSPECTIONS",1,6,100211769: 6 [ERECT 6 D.U. WITH (2) FIRST FLOOR OFFICE SPACES MASONRY BUILDING. 6 EXTERIOR PARKING SPACES ON CONCRETE PAD.],6,single_unit_count
commercial_13132050020000,permit_chain_100637003,3,1,100637003/100725773/100733932,2515 W LAWRENCE AVE,2515 W LAWRENCE,2016-04-15,2016-06-20,2017-11-02,COMPLETE,"100637003: OFFICE ON GROUND LEVEL AND 9 DU ABOVE: ERECT 4-STORY BUILDING WITH BASEMENT, ROOFTOP STAIRWAY AND ELEVATOR ENCLOSURES, COVERED AND OPEN PARKING LOTS AND TRASH ENCL. || 100725773: REVISION TO PERMIT #100637003 TO CHANGE PLUMBING CONTRACTOR TO PAPPAS COMPANY LTD. || 100733932: CHANGE OF PLUMBING CONTRACTOR 100637003 TO MIHO'S PLUMBING",1,9,"100637003: 9 [OFFICE ON GROUND LEVEL AND 9 DU ABOVE: ERECT 4-STORY BUILDING WITH BASEMENT, ROOFTOP STAIRWAY AND ELEVATOR ENCLOSURES, COVERED AND]",9,single_unit_count
commercial_13142030200000,permit_chain_100202286,2,1,100202286/B100241562,4730 N KIMBALL AVE,4730 N KIMBALL,2007-09-26,2007-09-26,2008-06-09,COMPLETE,"100202286: ERECT A 5 STORY STEEL, PRECAST CONCRETE PLANK, MASONRY VENEER, 59 DWELLING UNIT BUILDING WITH PARKING AND MERCANTILE USE ON THE FIRST FLOOR.  CERTIFIED CORRECTIONS-CONDITIONAL PERMIT- SUBJECT TO FULL COMPLIANCE WITH THE MUNICIPAL CODE OF CHICAGO AND FIELD INSPECTION || B100241562: REVISION TO THE PERMIT #100202286 CHANGE OF THE ELECTRICAL CONTRACTOR ONLY (NO CHANGES IN THE ORIGINAL PLAN AND DIAGRAMS)",1,59,"100202286: 59 [ERECT A 5 STORY STEEL, PRECAST CONCRETE PLANK, MASONRY VENEER, 59 DWELLING UNIT BUILDING WITH PARKING AND MERCANTILE USE ON THE FIRST FLOOR. CERTIFIED CORRECTIONS-CONDITIONAL PER]",59,single_unit_count
commercial_13143060050000,permit_chain_100484431,4,2,100484431/100488250/100488254/100505120,3508 N SACRAMENTO AVE / 3639 W MONTROSE AVE / 3643 W MONTROSE AVE,3508 N SACRAMENTO/3639 W MONTROSE/3643 W MONTROSE,2013-04-22,2013-05-16,2013-08-20,COMPLETE,"100484431: ERECT A NEW 3 STORY MASONRY BUILDING WITH BASEMENT, 6 RESIDENTIAL UNITS TYPE 3B CONSTRUCTION, ERECT (1 ) 6 CAR MASONRY DETACHED GARAGE 50' X 20', AS PER PLANS. || 100488254: ERECT A NEW 3 STORY MASONRY BUILDING WITH BASEMENT, 6 RESIDENTIAL UNITS TYPE 3B CONSTRUCTION, ERECT 6 CAR MASONRY DETACHED GARAGE 35' X 20' AND 18' X 20' ( PROROTYPE SELF-CERT 100484431 3508 N SACRAMENTO ) || 100488250: **SELF CERT PROJECT** - ERECT A NEW 3 STORY MASONRY BUILDING WITH BASEMENT, 6 RESIDENTIAL UNITS TYPE 3B CONSTRUCTION, ERECT 6 CAR MASONRY DETACHED GARAGE 35' X 20' AND 18' X 20' (  PROROTYPE SELF-CERT 100484431 3508 N SACRAMENTO ) (SUBJECT TO AUDIT & FIELD INSPECTION) || 100505120: CHANGE OF PLUMBING CONTRACTOR TO JAROSLAW KUBISZTAL DBA J & K PLUMBING FOR PERMIT 100488254",1,6,"100484431: 6 [ERECT A NEW 3 STORY MASONRY BUILDING WITH BASEMENT, 6 RESIDENTIAL UNITS TYPE 3B CONSTRUCTION, ERECT (1 ) 6 CAR MASONRY DETACHED GARAGE 50' X 20', AS PER PLANS.] || 100488250: 6 [**SELF CERT PROJECT** - ERECT A NEW 3 STORY MASONRY BUILDING WITH BASEMENT, 6 RESIDENTIAL UNITS TYPE 3B CONSTRUCTION, ERECT 6 CAR MASONRY DETACHED GARAGE 35' X 20' AND 18' X 20' ( PROROTYPE SELF] || 100488254: 6 [ERECT A NEW 3 STORY MASONRY BUILDING WITH BASEMENT, 6 RESIDENTIAL UNITS TYPE 3B CONSTRUCTION, ERECT 6 CAR MASONRY DETACHED GARAGE 35' X 20' AND 18' X 20' ( PROROTYPE SELF-]",6,single_unit_count
commercial_13143060050000,permit_chain_100488245,1,1,100488245,3647 W MONTROSE AVE,3647 W MONTROSE,2013-06-19,2013-06-19,2013-06-19,COMPLETE,"100488245: ERECT NEW 3 STORY MASONRY BUILDING 3 DWELLING UNITS, A NEW NON-COMBUSTIBLE METAL STAIR SYSTEM AND A NEW 3 CAR DETACHED MASONRY GARAGE 25' X 20' AS PER PLANS.",1,3,"100488245: 3 [ERECT NEW 3 STORY MASONRY BUILDING 3 DWELLING UNITS, A NEW NON-COMBUSTIBLE METAL STAIR SYSTEM AND A NEW 3 CAR DETACHED MASONRY GARAGE 25' X 20' AS PER]",3,single_unit_count
commercial_13173090120000,permit_chain_100675550,3,1,100675550/100719221/100733766,4111 N NARRAGANSETT AVE,4111 N NARRAGANSETT,2017-04-13,2017-04-13,2017-12-13,COMPLETE,"100675550: ERECT NEW 3 STORY MASONRY BUILDING 15 DWELLING UNITS AS PER PLANS. PERMIT INCLUDES 6'-0"" TALL WOOD FENCE AND 20'-0"" X 6'-4"" TRASH ENCLOSURE**CERTIFIED CORRECTIONS- - SUBJECT TO FIELD INSPECTIONS & AUDIT ** || 100719221: CHANGE PLUMBER TO ERM PLUMBING INC. REVISION TO PERMIT NUMBER 100675550. || 100733766: REVISION TO PERMIT 100675550, ELECTRICAL AND HVAC MECHANICAL REVISIONS AS PER PLANS TO EXISTING 3 STORY 15 DWELLING UNITS AS PER PLANS.",1,15,"100675550: 15 [ERECT NEW 3 STORY MASONRY BUILDING 15 DWELLING UNITS AS PER PLANS. PERMIT INCLUDES 6'-0"" TALL WOOD FENCE AND 20'-0"" X 6'-4"" TRASH ENCLOSURE**CERTIFIED C] || 100733766: 15 [SION TO PERMIT 100675550, ELECTRICAL AND HVAC MECHANICAL REVISIONS AS PER PLANS TO EXISTING 3 STORY 15 DWELLING UNITS AS PER PLANS.]",15,single_unit_count
commercial_13173090120000,permit_chain_100675556,3,1,100675556/100704965/100733768,4119 N NARRAGANSETT AVE,4119 N NARRAGANSETT,2017-04-13,2017-04-13,2017-12-14,COMPLETE,"100675556: ERECT NEW 3 STORY MASONRY BUILDING 15 DWELLING UNITS AS PER PLANS. PERMIT ALSO INCLUDES A 6'-0"" WOOD FENCE AND A 12'X12' TRASH ENCLOSURE**CERTIFIED CORRECTIONS- - SUBJECT TO FIELD INSPECTIONS & AUDIT ** || 100704965: REVISION TO PERMIT 100675556, INTERIOR AND EXTERIOR ALTERATIONS, NEW SLIDING DOORS ON NORTH SIDE OF BUILDING MASTER BEDROOMS, NEW JULIET BALCONIES AT SECOND AND THIRD FLOORS ON NORTH SIDE OF BUILDING MASTER BEDROOMS AS PER PLANS.(CONDITIONAL PERMIT SUBJECT TO FIELD INSPECTIONS) || 100733768: REVISION TO PERMIT 100675556, ELECTRICAL AND HVAC MECHANICAL AS PER PLANS TO AN EXISTING 2 STORY 15 DWELLING UNITS AS PER PLANS.(CONDITIONAL PERMIT SUBJECT TO FIELD INSPECTIONS)",1,15,"100675556: 15 [ERECT NEW 3 STORY MASONRY BUILDING 15 DWELLING UNITS AS PER PLANS. PERMIT ALSO INCLUDES A 6'-0"" WOOD FENCE AND A 12'X12' TRASH ENCLOSURE**CERTIFIED CORR] || 100733768: 15 [REVISION TO PERMIT 100675556, ELECTRICAL AND HVAC MECHANICAL AS PER PLANS TO AN EXISTING 2 STORY 15 DWELLING UNITS AS PER PLANS.(CONDITIONAL PERMIT SUBJECT TO FIELD INSPECTIONS)]",15,single_unit_count
commercial_13173110010000,permit_chain_100703769,2,1,100703769/100722661,4015 N NARRAGANSETT AVE,4015 N NARRAGANSETT,2017-05-25,2017-07-13,2017-08-24,COMPLETE,"100703769: ERECT NEW 3 STORY MASONRY BUILDING TYPE 3B CONSTRUCTION 15 DWELLING UNITS, NEW MASONRY TRASH ENCLOSURE 8'-4"" X 9'-8""X 6'-0"" AND 20 OUTDOOR PARKING SPACES AND SITE WORK AS PER PLANS.( 4015-4019-4025 N NARRAGANSETT AVE) || 100722661: REVISION TO PERMIT #100703769 TO CHANGE PLUMBING CONTRACTOR TO CISCO PLUMBING SERVICE CORP.",1,15,"100703769: 15 [ERECT NEW 3 STORY MASONRY BUILDING TYPE 3B CONSTRUCTION 15 DWELLING UNITS, NEW MASONRY TRASH ENCLOSURE 8'-4"" X 9'-8""X 6'-0"" AND 20 OUTDOOR PARKING SPACES AND SITE WORK AS PE]",15,single_unit_count
commercial_13203280120000,permit_chain_100873914,4,1,100873914/100908296/100928413/B100961814,6340 W BELMONT AVE,6340 W BELMONT,2020-09-17,2020-11-10,2022-03-10,COMPLETE,"100873914: MIXED USE DEVELOPMENT WITH 24 DWELLING UNITS, GROUND FLOOR RETAIL SPACE, AND 12 CAR ATTACHED GARAGE, WITH EXTERIOR TRASH ENCLOSURE, 170' OF FENCING AND 12 EXTERIOR PARKING SPACES.  OCCUPANCY CLASS A2 - MULTIPLE DWELLINGS; TYPE IIIB CONSTRUCTION WITH FIRE SPRINKLER SYSTEM. ""STRUCTURAL PEER REVIEW REPORT"" [SEE REVISION #100908296 TO CONVERT 1ST FLOOR RETAIL USES TO 3 DU W/ NEW MEZZANINE] (27 UNITS TOTAL) || 100908296: REVISION TO PERMIT 100873914 - CONVERT 24 DU TO 27 DU BY CONVERTING 1ST FLOOR RETAIL USES TO 3 DU W/ NEW MEZZANINE FLOOR ADDITIONS; CONVERT 12-CAR ATTACHED GARAGE TO 16-CAR (TOTAL 28 PARKING STALLS ARE PROVIDED); CONVERT 12-BIKE TO 16-BIKE; CONVERT THE EXIST. 5-STORY MIXED USE TO A RESIDENTIAL BUILDING. SUBMITTED FOR REVIEW UNDER THE MOST RECENT 2019 C.B.C.(CONDITIONAL PERMIT SUBJECT TO FIELD INSPECTIONS) || 100928413: REVISION TO PERMIT#100908296 ALT. CODE APPROVAL:CHANGE APPROVED ABOVE AND UNDERGROUND WASTE AND VENT CAST IRON PIPING TO PVC OF NEW 4 STORY RESIDENTIAL MEZZANINE APARTMENTS || B100961814: CHANGE IN THE SIZE OF ELECTRICAL SERVICE TO 1200A 3-PHASE 120/208V FOR PERMIT #100873914",3,3/24/27,"100873914: 24 [MIXED USE DEVELOPMENT WITH 24 DWELLING UNITS, GROUND FLOOR RETAIL SPACE, AND 12 CAR ATTACHED GARAGE, WITH EXTERIOR TRASH ENCLOSURE, 170' OF FENC] || 100873914: 3 [YSTEM. ""STRUCTURAL PEER REVIEW REPORT"" [SEE REVISION #100908296 TO CONVERT 1ST FLOOR RETAIL USES TO 3 DU W/ NEW MEZZANINE] (27 UNITS TOTAL)] || 100873914: 27 [REVIEW REPORT"" [SEE REVISION #100908296 TO CONVERT 1ST FLOOR RETAIL USES TO 3 DU W/ NEW MEZZANINE] (27 UNITS TOTAL)] || 100908296: 24 [REVISION TO PERMIT 100873914 - CONVERT 24 DU TO 27 DU BY CONVERTING 1ST FLOOR RETAIL USES TO 3 DU W/ NEW MEZZANINE FLOOR ADDITIONS; CONVERT 12-C] || 100908296: 27 [REVISION TO PERMIT 100873914 - CONVERT 24 DU TO 27 DU BY CONVERTING 1ST FLOOR RETAIL USES TO 3 DU W/ NEW MEZZANINE FLOOR ADDITIONS; CONVERT 12-CAR ATTACH] || 100908296: 3 [REVISION TO PERMIT 100873914 - CONVERT 24 DU TO 27 DU BY CONVERTING 1ST FLOOR RETAIL USES TO 3 DU W/ NEW MEZZANINE FLOOR ADDITIONS; CONVERT 12-CAR ATTACHED GARAGE TO 16-CAR (TOTAL 28 PARKING STALLS]",NA,conflicting_unit_counts
commercial_13203280120000,permit_chain_100873919,6,1,100873919/100905499/100908159/100928403/100942505/B100971130,3207 N NARRAGANSETT AVE,3207 N NARRAGANSETT,2020-09-24,2020-10-27,2022-05-10,COMPLETE,"100873919: ERECT 5-STORY, MIXED USE BLDG. (RETAIL / 24 UNITS), ATTACHED 12-CAR GARAGE,  12-BIKE ROOM, EXTERIOR 12-CAR PARKING STALLS, AND TRASH ENCLOSURE, 160' OF FENCING.  OCCUPANCY CLASS A2 - MULTIPLE DWELLING UNITS; TYPE IIIB CONSTRUCTION WITH FIRE SPRINKLER SYSTEM. [SEE #100908159 TO CONVERT FROM 24 TO 27 UNITS] || 100905499: REVISION TO CHANGE OF MASONARY CONTRACTOR PERMIT#100873919 TO MARK C CONSTRUCTION. || 100928403: REVISION TO PERMIT#100873919 ALT. CODE APPROVAL:CHANGE APPROVE ABOVE AND UNDERGROUND WASTE AND VENT CAST IRON PIPING TO PVC OF NEW 4 STORY RESIDENTIAL BUILDING INCLUDING 1ST FLOOR MEZZANINE APARTMENTS. || 100942505: REVISION TO CHANGE OF PLUMBING CONTRACTOR PERMIT #100873919 TO J & K PLUMBING 1 INC. || 100908159: REVISION TO PERMIT 100873919 - CONVERSION 24 DU TO 27 DU WITH (3)  OFFICE/RETAIL LIVE/WORK UNITS W/ NEW MEZZANINE FLOOR ADDITIONS; CONVERT 12-CAR GARAGE TO 15-CAR; IN EXISTING 4-STORY BUILDING, WITH 5TH FLOOR OF ROOFTOP STAIRWAY /ELEVATOR ENCL. SUBMITTED FOR REVIEW UNDER THE MOST RECENT 2019 C.B.C. || B100971130: CHANGE IN SIZE OF ELECTRICAL SERVICE TO 1200A 3-PHASE 120/208V FOR  PERMIT #100908159",2,24/27,"100873919: 24 [ERECT 5-STORY, MIXED USE BLDG. (RETAIL / 24 UNITS), ATTACHED 12-CAR GARAGE, 12-BIKE ROOM, EXTERIOR 12-CAR PARKING STALLS, AND TRASH ENCLOSURE, 160'] || 100873919: 27 [ING UNITS; TYPE IIIB CONSTRUCTION WITH FIRE SPRINKLER SYSTEM. [SEE #100908159 TO CONVERT FROM 24 TO 27 UNITS]] || 100908159: 24 [REVISION TO PERMIT 100873919 - CONVERSION 24 DU TO 27 DU WITH (3) OFFICE/RETAIL LIVE/WORK UNITS W/ NEW MEZZANINE FLOOR ADDITIONS; CONVERT 12-CAR G] || 100908159: 27 [REVISION TO PERMIT 100873919 - CONVERSION 24 DU TO 27 DU WITH (3) OFFICE/RETAIL LIVE/WORK UNITS W/ NEW MEZZANINE FLOOR ADDITIONS; CONVERT 12-CAR GARAGE TO]",NA,conflicting_unit_counts
commercial_13243220400000,permit_chain_100089541,2,1,100089541/100399603,2908 W BELMONT AVE,2908 W BELMONT,2006-01-12,2006-07-07,2011-06-22,COMPLETE,100089541: NEW 3B MIX USE 2 RETAIL 12 DU AS PER PLAN 4 STORY || 100399603: REINSTATE PERMIT 100089541 FOR OCCUPANCY PURPOSE ONLY,1,12,100089541: 12 [NEW 3B MIX USE 2 RETAIL 12 DU AS PER PLAN 4 STORY],12,single_unit_count
commercial_13253150250000,permit_chain_100137585,3,1,100137585/100313344/100417625,2510 N WILLETTS CT,2510 N WILLETTS,2006-09-18,2006-11-22,2012-01-20,COMPLETE,"100137585: ERECT 4 STRY; 3B CONSTRUCTION; MASONRY; 6 DU BUILDING W/ ENCLOSED PARKING PARKING 5 CARS, DETACHED GARAGE & SURFACE PARKING. ( SEE PERMIT #100417625 ISSUED ON 01-13-12 TO CONVERT 6 UNITS TO 8 UNITS FOR THE RANGE ADDRESS OF 2510-2512 N. WILLETTS CT ) || 100313344: REINSTATE PERMIT 100137585 ISSUED 11/22/06 25% OF COAST AND REVISION TO PERMIT TO CHANGE PLUMBER CONTRACTOR. SUBJECT TO FIELD INSPECTION || 100417625: MODIFICATION TO EXISTING BUILDING PERMIT TO ALLOW 8 DWELLING UNITS INSTEAD OF 6 DWELLING UNITS WITH THE FIRST FLOOR AREA BEING CHANGED FROM LIVE WORK TO STUDIO APARTMENT UNITS.  ORIGINALLY PERMITED AS PERMIT NUMBER 100137585 FOR BUILDING 2510-2512 N. WILLETTS COURT.  THE PROPERTY HAS BEEN REZONED FROM C2-2 TO B2-3 TO ALLOW FOR THE ADDITIONAL DWELLING UNITS.  REINSTATE THE ORIGINAL PERMIT.",2,6/8,"100137585: 6 [ERECT 4 STRY; 3B CONSTRUCTION; MASONRY; 6 DU BUILDING W/ ENCLOSED PARKING PARKING 5 CARS, DETACHED GARAGE & SURFACE PARKING. ( SEE PERMIT #10041] || 100137585: 6 [NG 5 CARS, DETACHED GARAGE & SURFACE PARKING. ( SEE PERMIT #100417625 ISSUED ON 01-13-12 TO CONVERT 6 UNITS TO 8 UNITS FOR THE RANGE ADDRESS OF 2510-2512 N. WILLETTS CT )] || 100137585: 8 [DETACHED GARAGE & SURFACE PARKING. ( SEE PERMIT #100417625 ISSUED ON 01-13-12 TO CONVERT 6 UNITS TO 8 UNITS FOR THE RANGE ADDRESS OF 2510-2512 N. WILLETTS CT )] || 100417625: 8 [MODIFICATION TO EXISTING BUILDING PERMIT TO ALLOW 8 DWELLING UNITS INSTEAD OF 6 DWELLING UNITS WITH THE FIRST FLOOR AREA BEING CHANGED FROM LIVE WORK TO STUDIO APARTM] || 100417625: 6 [MODIFICATION TO EXISTING BUILDING PERMIT TO ALLOW 8 DWELLING UNITS INSTEAD OF 6 DWELLING UNITS WITH THE FIRST FLOOR AREA BEING CHANGED FROM LIVE WORK TO STUDIO APARTMENT UNITS. ORIGINALLY PERMI]",NA,conflicting_unit_counts
commercial_13261040230000,permit_chain_100801726,1,1,100801726,3114 N RIDGEWAY AVE,3114 N RIDGEWAY,2020-01-23,2020-05-22,2020-05-22,ACTIVE,"100801726: ERECT 4 STORY 27 D.U. BUILDING (3B CONSTRUCTION), 1ST FLOOR RETAIL, ATTACHED 28 CAR GARAGE (3B CONSTRUCTION) AT 1ST FLOOR W/ROOF DECK ABOVE, ROOFTOP STAIR ENCLOSURES, ELEVATOR PENTHOUSE, 13 OPEN EXTERIOR PARKING SPACES AND 1 LOADING BERTH, NEW 6' TALL 59' LONG WOOD FENCE, DECKS AT 2ND TO 4TH FLOORS AS PER PLAN. **CERTIFIED PLANS CORRECTIONS: CONDITIONAL PERMIT SUBJECT TO FIELD INSPECTIONS **",1,27,"100801726: 27 [ERECT 4 STORY 27 D.U. BUILDING (3B CONSTRUCTION), 1ST FLOOR RETAIL, ATTACHED 28 CAR GARAGE (3B CONSTRUCTION) AT 1ST FLOO]",27,single_unit_count
commercial_13273040010000,permit_chain_100254118,1,1,100254118,2715 N CICERO AVE,2715 N CICERO,2008-08-21,2008-08-25,2008-08-25,COMPLETE,100254118: ERECT 6 STORY  85 UNIT SENIOR HOUSING RESIDENCE WITH SENIOR CENTER AND 42 PARKING SPACES,1,85,100254118: 85 [ERECT 6 STORY 85 UNIT SENIOR HOUSING RESIDENCE WITH SENIOR CENTER AND 42 PARKING SPACES],85,single_unit_count
commercial_13312050180000,permit_chain_100792886,2,1,100792886/100837221,2158 N NASHVILLE AVE,2158 N NASHVILLE,2019-03-18,2019-03-18,2019-08-22,COMPLETE,"100792886: SELF CERTIFICATION PROCESS, ERECT NEW 3 STORY MASONRY BUILDING FOR 3 DWELLING UNITS AND SITE WORK AS PER PLANS, || 100837221: REVISION TO PERMIT #100792886 TO CHANGE APPROVED UNDEGROUND WASTE & IRON PIPING TO PVC (SCHEDULE 40) FOR A NEW CONSTRUCTION OF MULTIFAMILY REISDENCE",1,3,"100792886: 3 [SELF CERTIFICATION PROCESS, ERECT NEW 3 STORY MASONRY BUILDING FOR 3 DWELLING UNITS AND SITE WORK AS PER PLANS,]",3,single_unit_count
commercial_13312050180000,permit_chain_100907022,9,2,100907022/100954419/100958490/101018821/101039374/101053145/B100978039/B200022019/B200022024,6601 W FULLERTON AVE,6601 W FULLERTON,2021-04-12,2021-12-15,2024-07-18,COMPLETE/EXPIRED,"100907022: SPR 2019 CBC CONSTRUCTION OF A NEW BUILDING ON A REDEVELOPED INDUSTRIAL USE PROPERTY, NEW BUILDING HEIGHT 2 STORIES ABOVE GRADE LEVEL AT 35'8"", BUSINESS TYPE VEHICLE SERVICE, ACCESSORY STRUCTURES 6'-0"" HIGH SECURITY FENCE AT VEHICLE STORAGE LOT, TRASH ENCLOSURE AND OPEN PARKING GARAGE AT LEVEL 2 ROOF. OCCUPANCY GROUPS S-1, S-2, TYPE IIB CONSTRUCTION PER PLANS **CERTIFIED PLANS CORRECTIONS: CONDITIONAL PERMIT SUBJECT TO FIELD INSPECTIONS ** || 100958490: REVISION TO PERMIT 100907022 TO CHANGE THE PLUMBING CONTRACTOR TO CHICAGO WATER & PLUMBING, LLC || 100954419: (SPR / 2019 CBC)  REVISION TO PERMIT 100907022 TO MODIFY THE SITE LANDSCAPING AS PER PLANS.  (OCCUPANCY GROUP: S-1/S-2; TYPE II-B CONSTRUCTION) || B100978039: REPLACE EXSISTING CONTRACTOR ON PERMIT #100907022 || 101018821: CHANGE OF PLUMBING CONTRACTOR PERMIT #100907022 TO TRUSTY PLUMBING INC. || 101039374: (SPR / 2019 CBC) REVISION TO PERMIT 100907022 TO MODIFY THE VENTILATION SYSTEM AS PER PLANS. (CONSTRUCTION TYPE: II-B; OCCUPANCY CLASSIFICATION: S-1) || 101053145: (SPR / 2019 CBC) REVISION TO PERMIT 100907022 TO MODIFY THE ELECTRICAL RISER DIAGRAM AS PER INSPECTOR TO PROVIDE SERVICE BONDING JUMPERS & GROUNDING BUSHING AT 1600 A SERVICE, GROUND 150 KVA TRANSFORMER PROPERLY, REMOVE & BLANK 400A SPACE BREAKER AT SERVICE AND PROVIDE 400 MAIN BREAKER AT 150 KVA TRANSFORMER SECONDARY DISTRIBUTION AS PER PLANS. (CONSTRUCTION TYPE: II-B; OCCUPANCY CLASSIFICATION: S-1) CONDITIONAL PERMIT SUBJECT TO FIELD INSPECTION || B200022019: REVISION TO PERMIT #100907022.TO CHANGE OF (GC) GENERAL CONTRACTOR. || B200022024: REVISION TO PERMIT #100954419.TO CHANGE OF (GC) GENERAL  CONTRACTOR.",0,,NA,NA,no_unit_count
commercial_13312140010000,permit_chain_100716645,14,5,100716645/100716661/100716776/100716809/100716830/100747264/100747267/100747271/100747273/100747814/100802890/100802891/100802892/100802894,2116 N NASHVILLE AVE / 2116 N NATCHEZ AVE / 2130 N NASHVILLE AVE / 6536 W DICKENS AVE / 6537 W DICKENS AVE / 6539 W SHAKESPEARE AVE / 6541 W DICKENS AVE / 6545 W DICKENS AVE,2116 N NASHVILLE/2116 N NATCHEZ/2130 N NASHVILLE/6536 W DICKENS/6537 W DICKENS/6539 W SHAKESPEARE/6541 W DICKENS/6545 W DICKENS,2017-08-15,2017-09-27,2019-01-31,COMPLETE,"100716830: ERECT NEW 3 STORY MASONRY BUILDING 6 DWELLING UNITS TYPE 3B CONSTRUCTION, (11) 3 CAR MASONRY GARAGES, (1) 2 CAR MASONRY GARAGE, WITH 80 OUTDOOR PARKING SPACES, LANDSCAPE, CIVIL AND SITE WORK..(6) NEW TRASH ENCLOSURES AS PER PLANS || 100716809: PERMIT TO BE ISSUED BASED ON PROTOTYPE PERMIT # 100716830 ISSUED ON 9-27-17.  ERECT NEW 3 STORY MASONRY BUILDING 6 DWELLING UNITS TYPE 3B CONSTRUCTION (FOR ALL LANDSCAPE, GARAGE AND CIVIL DRAWINGS PLEASE SEE 6536 W DICKENS AVE) || 100716645: OIA '2116 N NASHVILLE AVE' - PERMIT TO BE ISSUED BASED ON PROTOTYPE PERMIT # 100716830 ISSUED ON 9-27-17. ERECT NEW 3 STORY MASONRY BUILDING, 6 DWELLING UNITS TYPE 3 B CONSTRUCTION (FOR ALL LANDSCAPE, GARAGE AND CIVIL DRAWINGS PLEASE SEE 6536 W DICKENS AVE) || 100716661: OIA '2130 N NASHVILLE AVE' - PERMIT TO BE ISSUED BASED ON PROTOTYPE PERMIT # 100716830 ISSUED ON 9-27-17. ERECT NEW 3 STORY MASONRY BUILDING, 6 DWELLING UNITS TYPE 3B CONSTRUCTION (FOR ALL LANDSCAPE, GARAGE AND CIVIL DRAWINGS PLEASE SEE 6536 W DICKENS AVE) || 100716776: OIA '6545 W DICKENS AVE' PERMIT TO BE ISSUED BASED ON PROTOTYPE PERMIT # 100716830 ISSUED ON 9-27-17. ERECT NEW 3 STORY MASONRY BUILDING 6 DWELLING UNITS TYPE 3B CONSTRUCTION (FOR ALL LANDSCAPE, GARAGE AND CIVIL DRAWINGS PLEASE SEE 6536 W DICKENS AVE) || 100747264: REVISION TO PERMIT # 100716830 CHANGE OWNER TO 2102 NATCHEZ LLC , AND GC TO REMI DEVELOPMENT LLC . || 100747267: REVISION TO PERMIT # 100716776 CHANGE OWNER TO 2102 NATCHEZ LLC , AND GC TO REMI DEVELOPMENT LLC . || 100747271: REVISION TO PERMIT # 100716645 CHANGE OWNER TO 2102 NATCHEZ LLC , AND GC TO REMI DEVELOPMENT LLC . || 100747273: REVISION TO PERMIT # 100716645 CHANGE OWNER TO 2102 NATCHEZ LLC , AND GC TO REMI DEVELOPMENT LLC . || 100747814: REVISION TO PERMIT # 100716809 CHANGE OWNER TO 2102 NATCHEZ LLC , AND GC TO REMI DEVELOPMENT LLC . || 100802890: REVISION TO PERMIT NO. 100716776; CHANGE OF PLUMBING CONTRACTOR TO THW PLUMBING INC || 100802891: REVISION TO PERMIT NO. 100716645; CHANGE OF PLUMBING CONTRACTOR TO THW PLUMBING INC || 100802892: REVISION TO PERMIT NO. 100716661; CHANGE OF PLUMBING CONTRACTOR TO THW PLUMBING INC || 100802894: REVISION TO PERMIT NO. 100716809; CHANGE OF PLUMBING CONTRACTOR TO J&K PLUMBING 1 INC",1,6,"100716645: 6 [ISSUED BASED ON PROTOTYPE PERMIT # 100716830 ISSUED ON 9-27-17. ERECT NEW 3 STORY MASONRY BUILDING, 6 DWELLING UNITS TYPE 3 B CONSTRUCTION (FOR ALL LANDSCAPE, GARAGE AND CIVIL DRAWINGS PLEASE SEE 6536 W DICKENS AVE)] || 100716661: 6 [ISSUED BASED ON PROTOTYPE PERMIT # 100716830 ISSUED ON 9-27-17. ERECT NEW 3 STORY MASONRY BUILDING, 6 DWELLING UNITS TYPE 3B CONSTRUCTION (FOR ALL LANDSCAPE, GARAGE AND CIVIL DRAWINGS PLEASE SEE 6536 W DICKENS AVE)] || 100716776: 6 [ISSUED BASED ON PROTOTYPE PERMIT # 100716830 ISSUED ON 9-27-17. ERECT NEW 3 STORY MASONRY BUILDING 6 DWELLING UNITS TYPE 3B CONSTRUCTION (FOR ALL LANDSCAPE, GARAGE AND CIVIL DRAWINGS PLEASE SEE 6536 W DICKENS AVE)] || 100716809: 6 [ISSUED BASED ON PROTOTYPE PERMIT # 100716830 ISSUED ON 9-27-17. ERECT NEW 3 STORY MASONRY BUILDING 6 DWELLING UNITS TYPE 3B CONSTRUCTION (FOR ALL LANDSCAPE, GARAGE AND CIVIL DRAWINGS PLEASE SEE 6536 W DICKENS AVE)] || 100716830: 6 [ERECT NEW 3 STORY MASONRY BUILDING 6 DWELLING UNITS TYPE 3B CONSTRUCTION, (11) 3 CAR MASONRY GARAGES, (1) 2 CAR MASONRY GARAGE, WITH 80 OUTDOOR PARKING]",6,single_unit_count
commercial_13312140010000,permit_chain_100716755,8,3,100716755/100716815/100716823/100737584/100747266/100747278/100747289/100802893,6533 W DICKENS AVE / 6535 W SHAKESPEARE AVE / 6537 W DICKENS AVE / 6542 W DICKENS AVE,6533 W DICKENS/6535 W SHAKESPEARE/6537 W DICKENS/6542 W DICKENS,2017-08-16,2017-09-26,2019-01-31,COMPLETE,"100716815: ERECT NEW 3 STORY MASONRY BUILDING 6 DWELLING UNITS TYPE 3B CONSTRUCTION (FOR ALL LANDSCAPE, GARAGE AND CIVIL DRAWINGS PLEASE SEE 6536 W SHAKESPEARE AVE) || 100716755: OIA '6537 W DICKENS AVE' - PERMIT TO BE ISSUED BASED ON PROTOTYPE PERMIT # 100716815 ISSUED ON 9-27-17. ERECT NEW 3 STORY MASONRY BUILDING 6 DWELLING UNITS TYPE 3B CONSTRUCTION (FOR ALL LANDSCAPE, GARAGE AND CIVIL DRAWINGS PLEASE SEE 6536 W DICKENS AVE). || 100716823: PERMIT TO BE ISSUED BASED ON PROTOTYPE PERMIT # 100716815 ISSUED ON 9-27-17. ERECT NEW 3 STORY MASONRY BUILDING 6 DWELLING UNITS TYPE 3B CONSTRUCTION ( FOR ALL LANDSCAPE , GARAGE AND CIVIL DRAWINGS PLEASE SEE 6536 W DICKENS AVE). || 100737584: REVISION TO PERMIT #100716823 TO CHANGE PLUMBING CONTRACTOR TO TJW PLUMBING INC. || 100747266: REVISION TO PERMIT # 100716823 CHANGE OWNER TO 2102 NATCHEZ LLC , AND GC TO REMI DEVELOPMENT LLC . || 100747278: REVISION TO PERMIT # 100716815 CHANGE OWNER TO 2102 NATCHEZ LLC , AND GC TO REMI DEVELOPMENT LLC . || 100747289: REVISION TO PERMIT # 100716755 CHANGE OWNER TO 2102 NATCHEZ LLC , AND GC TO REMI DEVELOPMENT LLC . || 100802893: REVISION TO PERMIT NO. 100716755; CHANGE OF PLUMBING CONTRACTOR TO J&K PLUMBING 1 INC",1,6,"100716755: 6 [ISSUED BASED ON PROTOTYPE PERMIT # 100716815 ISSUED ON 9-27-17. ERECT NEW 3 STORY MASONRY BUILDING 6 DWELLING UNITS TYPE 3B CONSTRUCTION (FOR ALL LANDSCAPE, GARAGE AND CIVIL DRAWINGS PLEASE SEE 6536 W DICKENS AVE).] || 100716815: 6 [ERECT NEW 3 STORY MASONRY BUILDING 6 DWELLING UNITS TYPE 3B CONSTRUCTION (FOR ALL LANDSCAPE, GARAGE AND CIVIL DRAWINGS PLEASE SEE 6536 W SHAKESPEARE AV] || 100716823: 6 [ISSUED BASED ON PROTOTYPE PERMIT # 100716815 ISSUED ON 9-27-17. ERECT NEW 3 STORY MASONRY BUILDING 6 DWELLING UNITS TYPE 3B CONSTRUCTION ( FOR ALL LANDSCAPE , GARAGE AND CIVIL DRAWINGS PLEASE SEE 6536 W DICKENS AVE)]",6,single_unit_count
commercial_13312140010000,permit_chain_100792884,2,1,100792884/100868053,2112 N NASHVILLE AVE,2112 N NASHVILLE,2019-03-18,2019-03-18,2020-03-27,COMPLETE,"100792884: SELF CERTIFICATION PROCESS, ERECT NEW 1 STORY COMMUNITY CENTER AND SITE WORK AS PER PLANS || 100868053: SELF CERTIFICATION PROCESS....REVISION TO PERMIT 100792884, INTERIOR ALTERATIONS AS PER PLANS.",0,,NA,NA,no_unit_count
commercial_13312140010000,permit_chain_100792889,2,1,100792889/B100834053,2140 N NASHVILLE AVE,2140 N NASHVILLE,2019-03-18,2019-03-18,2019-08-05,COMPLETE,"100792889: SELF CERTIFICATION, ERECT NEW 3 STORY MASONRY BUILDING 3 DWELLING UNITS AND SITE WORK AS PER PLANS. || B100834053: CHANGE OF ELECTRICAL CONTRACTOR FOR PERMIT # 100792889",1,3,"100792889: 3 [SELF CERTIFICATION, ERECT NEW 3 STORY MASONRY BUILDING 3 DWELLING UNITS AND SITE WORK AS PER PLANS.]",3,single_unit_count
commercial_13312140010000,permit_chain_100792894,3,1,100792894/100820767/100834655,2122 N NASHVILLE AVE,2122 N NASHVILLE,2019-03-18,2019-03-18,2019-08-07,COMPLETE,"100792894: SELF CERTIFICATION PROCESS, ERECT NEW 3 STORY MASONRY BUILDING 3 DWELLING UNITS AND SITE WORK AS PER PLANS. || 100820767: REVISION TO CHANGE OF PLUMBING CONTRACTOR.PERMIT#100792894.NEW J&K PLUMBING 1 INC. || 100834655: REVISION TO PERMIT 100792894 CHANGE PVC PIPES AND FITTINGS SCHEDULED 40 FOR DARINES AND VENTS BELOW GRADE",1,3,"100792894: 3 [SELF CERTIFICATION PROCESS, ERECT NEW 3 STORY MASONRY BUILDING 3 DWELLING UNITS AND SITE WORK AS PER PLANS.]",3,single_unit_count
commercial_13312140010000,permit_chain_100792901,2,1,100792901/B100834054,2154 N NASHVILLE AVE,2154 N NASHVILLE,2019-03-18,2019-03-18,2019-08-05,COMPLETE,"100792901: SELF CERTIFICATION PROCESS, ERECT NEW 3 STORY MASONRY BUILDING 6 DWELLING UNITS AND SITE WORK AS PER PLANS || B100834054: CHANGE OF ELECTRICAL CONTRACTOR FOR PERMIT # 100792901",1,6,"100792901: 6 [SELF CERTIFICATION PROCESS, ERECT NEW 3 STORY MASONRY BUILDING 6 DWELLING UNITS AND SITE WORK AS PER PLANS]",6,single_unit_count
commercial_13312140010000,permit_chain_100792902,1,1,100792902,2146 N NASHVILLE AVE,2146 N NASHVILLE,2019-03-18,2019-03-18,2019-03-18,COMPLETE,"100792902: SELF CERTIFICATION PROCESS, ERECT NEW 3 STORY MASONRY BUILDING 6 DWELLING UNITS AND SITE WORK AS PER PLANS",1,6,"100792902: 6 [SELF CERTIFICATION PROCESS, ERECT NEW 3 STORY MASONRY BUILDING 6 DWELLING UNITS AND SITE WORK AS PER PLANS]",6,single_unit_count
commercial_13312140010000,permit_chain_100792911,1,1,100792911,2134 N NASHVILLE AVE,2134 N NASHVILLE,2019-03-18,2019-03-18,2019-03-18,COMPLETE,"100792911: SELF CERTIFICATION PROCESS, ERECT NEW 3 STORY MASONRY BUILDING 6 DWELLING UNITS AND SITE WORK AS PER PLANS.",1,6,"100792911: 6 [SELF CERTIFICATION PROCESS, ERECT NEW 3 STORY MASONRY BUILDING 6 DWELLING UNITS AND SITE WORK AS PER PLANS.]",6,single_unit_count
commercial_13312140010000,permit_chain_100792916,3,1,100792916/100817928/B100834052,2128 N NASHVILLE AVE,2128 N NASHVILLE,2019-03-18,2019-03-18,2019-08-05,COMPLETE,"100792916: SELF CERTIFICATION PROCESS, ERECT NEW 3 STORY MASONRY BUILDING 6 DWELLING UNITS AS PER PLANS. || 100817928: REVISION TO PERMIT#100792916 CHANGE PLUMBING CONTRACTOR TO MK PLUMBING OF ILLINOIS. || B100834052: CHANGE OF ELECTRICAL CONTRACTOR FOR PERMIT # 100792916",1,6,"100792916: 6 [SELF CERTIFICATION PROCESS, ERECT NEW 3 STORY MASONRY BUILDING 6 DWELLING UNITS AS PER PLANS.]",6,single_unit_count
commercial_13312140010000,permit_chain_100792919,3,1,100792919/100814618/B100834051,2114 N NASHVILLE AVE,2114 N NASHVILLE,2019-03-18,2019-03-18,2019-08-05,COMPLETE,"100792919: SELF CERTIFICATION PROCESS, ERECT NEW 3 STORY MASONRY BUILDING 6 DWELLING UNITS AND SITE WORK AS PER PLANS || 100814618: USE PVC PIPES AND FITTINGS SCHEDULE 40 FOR DRAINS.PERMIT#100792919. || B100834051: CHANGE OF ELECTRICAL CONTRACTOR FOR PERMIT # 100792919",1,6,"100792919: 6 [SELF CERTIFICATION PROCESS, ERECT NEW 3 STORY MASONRY BUILDING 6 DWELLING UNITS AND SITE WORK AS PER PLANS]",6,single_unit_count
commercial_13361030360000,permit_chain_100674376,3,2,100674376/100728674/100777614,2340 N CALIFORNIA AVE,2340 N CALIFORNIA,2017-06-27,2017-06-27,2018-12-03,COMPLETE,"100674376: (DIRECT DEVELOPER SERVICES)  NEW CONSTRUCTION OF A SIX (6) STORY RESIDENTIAL BUILDING (138 DWELLING UNITS) TO INCLUDE 1ST FLOOR PARKING (44 PARKING SPACES + 138 BIKE SPACES), RETAIL AND ASSOCIATED SITE WORK AS PER PLANS.  GREEN ROOF AREA IS 10,180 SQ. FT. || 100728674: **DIRECT DEVELOPER SERVICES**  REVISION TO PERMIT# 100674376 FOR MODIFICATIONS TO LEVEL 2 (REMOVAL OF 1 RESIDENTIAL UNIT AND ENLARGEMENT OF THE AMENITY SPACE) AND LEVEL 6 (REMOVAL OF A 2 BEDROOM UNIT AND REPLACEMENT WITH 2 STUDIO UNITS) AND ASSOCIATED STRUCTURAL AND MEP WORK AS PER PLANS.  (NO CHANGE TO THE NUMBER OF DWELLING UNITS) || 100777614: (DIRECT DEVELOPER SERVICES)  REVISION TO PERMIT# 100674376 FOR MEP MODIFICATIONS THROUGHOUT THE BUILDING AS PER PLANS.  (NO CHANGE TO NUMBER OF DWELLING UNITS)",2,1/138,"100674376: 138 [(DIRECT DEVELOPER SERVICES) NEW CONSTRUCTION OF A SIX (6) STORY RESIDENTIAL BUILDING (138 DWELLING UNITS) TO INCLUDE 1ST FLOOR PARKING (44 PARKING SPACES + 138 BIKE SPACES), RETAIL AND ASSOCIATED SITE WOR] || 100728674: 1 [DIRECT DEVELOPER SERVICES** REVISION TO PERMIT# 100674376 FOR MODIFICATIONS TO LEVEL 2 (REMOVAL OF 1 RESIDENTIAL UNIT AND ENLARGEMENT OF THE AMENITY SPACE) AND LEVEL 6 (REMOVAL OF A 2 BEDROOM UNIT AND REPLACEMENT WITH]",NA,conflicting_unit_counts
commercial_13361150430000,permit_chain_100489641,2,1,100489641/100570392,2008 N WHIPPLE ST,2008 N WHIPPLE,2013-05-28,2013-07-11,2014-11-14,COMPLETE,"100489641: ERECT 24 D.U. MASONRY BUILDING (3B CONSTRUCTION) WITH 1ST FLOOR RETAIL SPACES ATTACHED 20 CAR & 4 CAR MASONRY GARAGES (3B CONSTRUCTION) AS PER PLAN. WITH ROOF TOP DECK. || 100570392: REVISION TO PERMIT #100489641 TO CHANGE  PLUMBER TO LAKESHORE PLUMBING AND HVAC CONTRACTOR TO OK AIR SPECIALIST, INC.",1,24,100489641: 24 [ERECT 24 D.U. MASONRY BUILDING (3B CONSTRUCTION) WITH 1ST FLOOR RETAIL SPACES ATTACHED 20 CAR & 4 CAR MASONRY GA],24,single_unit_count
commercial_13362100010000,permit_chain_100606075,9,6,100606075/100606076/100615357/100615401/100626816/100626820/100634406/100634410/B100653833,2210 N WASHTENAW AVE / 2733 W BELDEN AVE,2210 N WASHTENAW/2733 W BELDEN,2015-08-12,2015-09-22,2016-06-07,COMPLETE,"100606075: FOUNDATION AND CAISSON ONLY FOR PROPOSED 12 STORY RESIDENTIAL BUILDING.THE PLANS UNDER THIS PERMIT ALSO INCLUDE 2210 W. WASHTENAW, 100606076. || 100606076: FOUNDATION AND CAISSON ONLY FOR PROPOSED 11 STORY RESIDENTIAL BUILDING.THERE ARE NO PLANS IN PDOX. THEY ARE UNDER 2733 W. BELDEN, 100606075. FEES WERE ACCESSED UNDER 10060675. || 100615357: ERECT 12 STORY RESIDENTIAL BUILDING ON PREVIOUSLY APPROVED FOUNDATION PERMIT #100606075. THESE PLANS ALSO INCLUDE 100615401 FOR 2210 N. WASHTENAW. || 100615401: ERECT 11 STORY RESIDENTIAL BUILDING ON PREVIOUSLY APPROVED FOUNDATION PERMIT#100606076. PLANS FOR THIS APPLICATION ARE UNDER 100615357, 2733 W. BELDEN. || 100626816: REVISION TO PERMIT # 100615357 TO CHANGE PLUMBING CONTRACTOR TO EWING-DOHERTY MECHANICAL, INC , HVAC CONTRACTOR TO AMS MECHANICAL SYSTEMS, INC. & CONCRETE CONTRACTOR TO JAMES MCHUGH CONSTRUCTION CO. || 100626820: REVISION TO PERMIT # 100615401 TO CHANGE PLUMBING CONTRACTOR TO EWING-DOHERTY MECHANICAL, INC , HVAC CONTRACTOR TO AMS MECHANICAL SYSTEMS, INC. & CONCRETE CONTRACTOR TO JAMES MCHUGH CONSTRUCTION CO. || 100634406: REVISION TO PERMIT 100615401 TO OMIT 1 STORY SECTION BETWEEN TOWERS || 100634410: REVISION TO PERMIT 100615357 TO OMIT 1 STORY SECTION BETWEEN TOWERS || B100653833: REVISION TO PERMIT #100615357 TO CHANGE ALL SERVICE AND DISTRIBUTION CONDUCTORS ONLY FROM COPPER TO ALUMINUM.  CONDUCTOR SIZES WILL BE INCREASED DUE TO CHANGE.",0,,NA,NA,no_unit_count
commercial_13362100010000,permit_chain_100632855,1,1,100632855,2733 W BELDEN AVE,2733 W BELDEN,2016-02-08,2016-02-26,2016-02-26,COMPLETE,100632855: INSTALLATION OF TEMPORARY SINGLE 7000LBS USA HOIST RACK AND PINION ELEVATOR,0,,NA,NA,no_unit_count
commercial_13362100010000,permit_chain_100632857,1,1,100632857,2210 N WASHTENAW AVE,2210 N WASHTENAW,2016-02-08,2016-02-22,2016-02-22,COMPLETE,100632857: INSTALLATION OF TEMPORARY SINGLE 7000LBS USA HOIST RACK AND PINION CONSTRUCTION HOIST,0,,NA,NA,no_unit_count
commercial_13362150350000,permit_chain_100588900,1,1,100588900,2211 N MILWAUKEE AVE,2211 N MILWAUKEE,2015-04-06,2015-04-06,2015-04-06,COMPLETE,"100588900: NEW 120 UNIT APARTMENT BUILDING WITH GROUND FLOOR RETAIL.   - PV PANELS, LEED CERTIFICATION, PLANNED DEVELOPMENT. GREEN PERMIT PROGRAM BENEFIT TIER II",1,120,"100588900: 120 [NEW 120 UNIT APARTMENT BUILDING WITH GROUND FLOOR RETAIL. - PV PANELS, LEED CERTIFICATION, PLANNED DEVELOPMENT]",120,single_unit_count
commercial_13363150560000,permit_chain_100529973,1,1,100529973,1812 N CALIFORNIA AVE,1812 N CALIFORNIA,2014-04-15,2014-06-18,2014-06-18,EXPIRED,100529973: ERECT 3-STY W/BSMT MASONRY 6 D.U. BUILDING (3B CONSTRUCTION) WITH DETACHED 5-CAR MASONRY GARAGE (3B CONSTRUCTION) WITH ROOF TOP DECK AND ONE 8' X18' OPEN PARKING STALL AND  6' HIGH WOOD FENCED TRASH ENCLOSURE AS PER PLAN.,1,6,100529973: 6 [ERECT 3-STY W/BSMT MASONRY 6 D.U. BUILDING (3B CONSTRUCTION) WITH DETACHED 5-CAR MASONRY GARAGE (3B CONSTRUCTION) WITH ROOF TOP DECK],6,single_unit_count
commercial_13363150590000,permit_chain_100529966,1,1,100529966,1808 N CALIFORNIA AVE,1808 N CALIFORNIA,2014-04-15,2014-06-18,2014-06-18,EXPIRED,100529966: ERECT MASONRY 6 D.U. BUILDING (3B CONSTRUCTION) WITH DETACHED 5 CAR MASONRY GARAGE WITH ROOF TOP DECK (3B CONSTRUCTION) AND ONE 8' X18' OPEN PARKING STALL AND A  6' HIGH WOOD FENCED TRASH ENCLOSURE AS PER PLAN.,1,6,100529966: 6 [ERECT MASONRY 6 D.U. BUILDING (3B CONSTRUCTION) WITH DETACHED 5 CAR MASONRY GARAGE WITH ROOF TOP DECK (3B CONSTRUCTION)],6,single_unit_count
commercial_13363150590000,permit_chain_100529973,1,1,100529973,1812 N CALIFORNIA AVE,1812 N CALIFORNIA,2014-04-15,2014-06-18,2014-06-18,EXPIRED,100529973: ERECT 3-STY W/BSMT MASONRY 6 D.U. BUILDING (3B CONSTRUCTION) WITH DETACHED 5-CAR MASONRY GARAGE (3B CONSTRUCTION) WITH ROOF TOP DECK AND ONE 8' X18' OPEN PARKING STALL AND  6' HIGH WOOD FENCED TRASH ENCLOSURE AS PER PLAN.,1,6,100529973: 6 [ERECT 3-STY W/BSMT MASONRY 6 D.U. BUILDING (3B CONSTRUCTION) WITH DETACHED 5-CAR MASONRY GARAGE (3B CONSTRUCTION) WITH ROOF TOP DECK],6,single_unit_count
commercial_13364000330000,permit_chain_100154838,1,1,100154838,1935 N CALIFORNIA AVE,1935 N CALIFORNIA,2007-01-16,2007-04-30,2007-04-30,EXPIRED,"100154838: ERECT A NEW FOUR-STORY, MASONRY, MIXED USE BUILDING WITH FENCE AND TRASH ENCLSURE AS PER PLANS",0,,NA,NA,no_unit_count
commercial_13364000330000,permit_chain_100154842,1,1,100154842,1929 N CALIFORNIA AVE,1929 N CALIFORNIA,2007-01-16,2007-05-01,2007-05-01,EXPIRED,100154842: ERECT NEW FOUR-STORY BUILDING PER PLANS. MIXED USE,0,,NA,NA,no_unit_count
commercial_13364000330000,permit_chain_100154843,1,1,100154843,1943 N CALIFORNIA AVE,1943 N CALIFORNIA,2007-01-16,2007-05-03,2007-05-03,EXPIRED,"100154843: ERECT NEW FOUR-STORY, MASONRY, MIXED USE BUILDING PER PLANS TO INCLUDE FENCE AND TRASH ENCLOSUREE",0,,NA,NA,no_unit_count
commercial_13364000330000,permit_chain_100445937,2,1,100445937/100486279,1929 N CALIFORNIA AVE,1929 N CALIFORNIA,2012-09-14,2012-12-10,2013-04-17,COMPLETE,"100445937: ERECT 6 D.U. MASONRY BUILDING WITH 1ST FLOOR COMMERCIAL SPACES, 9 EXTERIOR PARKING SPACES ON CONCRETE PAD, 6' HIGH 29.5' LONG WOOD FENCE & 6' HIGH MASONRY TRASH ENCLOSURE AS PER PLAN. || 100486279: REVISION TO PERMIT # 100445937 TO CHANGE PLUMBER TOR. C. O. PLUMBING, INC.",1,6,"100445937: 6 [ERECT 6 D.U. MASONRY BUILDING WITH 1ST FLOOR COMMERCIAL SPACES, 9 EXTERIOR PARKING SPACES ON CONCRETE PAD, 6' H]",6,single_unit_count
commercial_13364000330000,permit_chain_100445934,2,1,100445934/100482808,1935 N CALIFORNIA AVE,1935 N CALIFORNIA,2012-09-20,2012-12-18,2013-04-17,COMPLETE,"100445934: ERECT 6 D.U. MASONRY BUILDING WITH 1ST FLOOR COMMERCIAL SPACES, 8 EXTERIOR PARKING SPACES ON CONCRETE PAD, 6' HIGH 42' LONG WOOD FENCE & 6' HIGH MASONRY TRASH ENCLOSURE AS PER PLAN.  CONDITIONAL PERMIT SUBJECT TO FIELD INSPECTION. || 100482808: REVISION TO PERMIT # 100445934 TO CHANGE R. C. O. PLUMBING, INC.",1,6,"100445934: 6 [ERECT 6 D.U. MASONRY BUILDING WITH 1ST FLOOR COMMERCIAL SPACES, 8 EXTERIOR PARKING SPACES ON CONCRETE PAD, 6' H]",6,single_unit_count
commercial_13364010010000,permit_chain_100709407,2,1,100709407/100870376,1957 N FAIRFIELD AVE,1957 N FAIRFIELD,2017-12-20,2018-01-22,2020-05-15,COMPLETE,"100709407: ERECT 4 STORY 59 D.U. BUILDING 3B OVER EXISTING FOUNDATION WALLS, 1ST FLOOR RETAIL, 73 CAR GARAGE AT BASEMENT (1A CONST.), BUILDING ROOF TOP DECK (3B CONSTRUCTION), ELEVATOR PENTHOUSES, DECKS AT 2ND-3RD-4TH FLOORS, ONE EXTERIOR LOADIING BERTH, 6' HIGH MASONRY TRASH ENCLOSURES, GARAGE ROOF TOP DECKS PER PLAN. || 100870376: SELF-CERTIFICATION REVIEW: REVISION TO EXISTING PERMIT #100709407 FOR FIRST FLOOR RETAIL SPACE BUILD-OUT (3B CONSTRUCTION) FOR AMENITY ROOM ONLY  THIS IS FOR RESIDENTIAL UNITS ABOVE AT EXISTING 4 STORY 59 D.U. AS PER PLAN.",1,59,"100709407: 59 [ERECT 4 STORY 59 D.U. BUILDING 3B OVER EXISTING FOUNDATION WALLS, 1ST FLOOR RETAIL, 73 CAR GARAGE AT BASEMENT (1A CONST.] || 100870376: 59 [UT (3B CONSTRUCTION) FOR AMENITY ROOM ONLY THIS IS FOR RESIDENTIAL UNITS ABOVE AT EXISTING 4 STORY 59 D.U. AS PER PLAN.]",59,single_unit_count
commercial_13364140420000,permit_chain_100739501,3,1,100739501/100846202/100846205,2404 W MOFFAT ST / 456 N MAY ST,2404 W MOFFAT/456 N MAY,2018-07-12,2019-05-02,2019-10-15,EXPIRED,"100739501: ERECT 4 STORY 7 D.U. BUILDING (3B CONSTRUCTION) WITH BASEMENT, 1ST FLOOR COMMERCIAL, DECKS AT 2ND/3RD/4TH FLOORS, ROOF TOP DECK, ROOF TOP STAIR ENCLOSURES, 5 CAR GARAGE AT 1ST FLOOR AS PER PLAN. || 100846202: REVISON TO PERMIT NO. 100739501; FOR ALT CODE APPRPOVAL  TO USE SCH 40 PVC FOR UNDERGROUND ABOVE GROUND DRAIN PIPES AND 4"" PVC ABOVE GROUND || 100846205: REVISON TO PERMIT NO. 100739501; FOR ALT CODE APPRPOVAL  TO USE SCH 40 PVC FOR UNDERGROUND ABOVE GROUND DRAIN PIPES AND 4"" PVC ABOVE GROUND",1,7,"100739501: 7 [ERECT 4 STORY 7 D.U. BUILDING (3B CONSTRUCTION) WITH BASEMENT, 1ST FLOOR COMMERCIAL, DECKS AT 2ND/3RD/4TH FLOORS, ROOF]",7,single_unit_count
commercial_13364250360000,permit_chain_100529286,3,1,100529286/100595684/100596624,2740 W NORTH AVE,2740 W NORTH,2014-03-24,2014-06-23,2015-05-26,COMPLETE,"100529286: ERECT MASONRY 15 D.U. BUILDING (3B CONSTRUCTION) WITH 1ST FLOOR OFFICE & ROOF TOP DECK,  ATTACHED 15 CAR MASONRY GARAGE WITH ROOF TOP DECK (3B CONSTRUCTION), 6' HIGH MASONRY TRASH ENCLOSURE AS PER PLAN.**CERTIFIED CORRECTIONS- - SUBJECT TO FIELD INSPECTIONS & AUDIT ** || 100595684: REVISE DUCTWORK FROM MAIN TRUNK IN 2ND ,3RD AND 4TH FLR. PREVIOUS PERMIT #100529286. TEST AND BALANCE REPORT REQUIRED FOR FINAL APPROVAL. || 100596624: CHANGE PLUMBER TO LAKESHORE PLUMBING AND HVAC CONTRACTOR TO TDK AIR SPECIALISTS FOR PERMIT 100529286",1,15,"100529286: 15 [ERECT MASONRY 15 D.U. BUILDING (3B CONSTRUCTION) WITH 1ST FLOOR OFFICE & ROOF TOP DECK, ATTACHED 15 CAR MASONRY GARAGE]",15,single_unit_count
commercial_14051050140000,permit_chain_100572557,1,1,100572557,6354 N LAKEWOOD AVE,6354 N LAKEWOOD,2015-02-23,2015-09-15,2015-09-15,COMPLETE,"100572557: NEW CONSTRUCTION, 6 DWELLING UNITS ON 2ND AND 3RD FLOORS OVER GROUND FLOOR RETAIL TENANT SPACE, WITH 5 OPEN PARKING STALLS ACCESSED FROM ALLEY PER PLANS.(CONDITIONAL PERMIT SUBJECT TO FIELD INSPECTIONS)",1,6,"100572557: 6 [NEW CONSTRUCTION, 6 DWELLING UNITS ON 2ND AND 3RD FLOORS OVER GROUND FLOOR RETAIL TENANT SPACE, WITH 5 OPEN PARKING STALLS ACCESSED FR]",6,single_unit_count
commercial_14051050280000,permit_chain_100573401,1,1,100573401,6355 N WAYNE AVE,6355 N WAYNE,2015-02-23,2015-09-15,2015-09-15,COMPLETE,"100573401: NEW CONSTRUCTION, 6 DWELLING UNITS ON 2ND AND 3RD FLOORS OVER GROUND FLOOR RETAIL TENANT SPACE, WITH 5 OPEN PARKING STALLS ACCESSED FROM ALLEY PER PLANS.(CONDITIONAL PERMIT SUBJECT TO FIELD INSPECTIONS)",1,6,"100573401: 6 [NEW CONSTRUCTION, 6 DWELLING UNITS ON 2ND AND 3RD FLOORS OVER GROUND FLOOR RETAIL TENANT SPACE, WITH 5 OPEN PARKING STALLS ACCESSED FR]",6,single_unit_count
commercial_14052000010000,permit_chain_100743368,1,1,100743368,1135 W SHERIDAN RD,1135 W SHERIDAN,2018-04-26,2018-05-03,2018-05-03,COMPLETE,100743368: *** DIRECT DEVELOPER SERVICES*** NEW 58 DWELLING UNIT RESIDENTIAL BUILDING WITH 29 PARKING SPACES AND 47 BICYCLE SPACES; RETAIL ON THE GROUND FLOOR; ALL AS PER PLANS.,1,58,100743368: 58 [*** DIRECT DEVELOPER SERVICES*** NEW 58 DWELLING UNIT RESIDENTIAL BUILDING WITH 29 PARKING SPACES AND 47 BICYCLE SPACES; RETAIL ON THE GROUND FLOOR; ALL],58,single_unit_count
commercial_14052000010000,permit_chain_100777393,1,1,100777393,1135 W SHERIDAN RD,1135 W SHERIDAN,2018-10-22,2019-01-11,2019-01-11,COMPLETE,"100777393: HOIST TOWER, INSTALLATION AND OPERATION OF A SINGLE CAR CHAMPIONUS7000 HOIST TOWER WITH 7,000 LBS. CAR CAPACITY, AS PER PLANS.",0,,NA,NA,no_unit_count
commercial_14074180020000,permit_chain_100487635,1,1,100487635,1801 W ARGYLE ST,1801 W ARGYLE,2013-04-25,2013-04-26,2013-04-26,COMPLETE,"100487635: FOUNDATION ONLY: RESIDENTIAL PLANNED DEVELOPMENT OF 150 APARTMENTS, COMPRISED OF THREE 3 STORY WOOD FRAME STRUCTURES AND TWO 5 STORY LIGHT GAUGE STEEL FRAME STRUCTURES, WITH 111 ON GRADE PARKING SPACES.",0,,NA,NA,no_unit_count
commercial_14074180020000,permit_chain_100506613,3,2,100506613/100507257/100543651,1801 W ARGYLE ST / 1807 W ARGYLE ST,1801 W ARGYLE/1807 W ARGYLE,2013-09-03,2013-09-04,2014-08-06,COMPLETE,"100506613: ERECT NEW 5 STORY LIGHT GAUGE STEEL FRAME STRUCTURE WITH 21 RESIDENTAL UNITS (BUILDING#4) WITH 111 ON GRADE PARKING SPACES PER PLAN || 100507257: ERECT NEW 5 STORY LIGHT GAUGE STEEL FRAME STRUCTURE WITH 28 RESIDENTAL UNITS (BUILDING #5) WITH 111 ON GRADE PARKING SPACES PER PLAN || 100543651: D12334.  REVISION TO PERMITS (100506613 & 100507257) TO INCLUDE A NEW FOOTING AT A RELOCATED COLUMN AND ADD THE PENTHOUSE/ROOF MECHANICAL FOR BUILDING 4 (1801).  GROUND, TYPICAL, PENTHOUSE AND ROOF FLOOR PLANS ARE ALSO INCLUDED FOR BUILDING 5 (1807).",2,21/28,100506613: 21 [ERECT NEW 5 STORY LIGHT GAUGE STEEL FRAME STRUCTURE WITH 21 RESIDENTAL UNITS (BUILDING#4) WITH 111 ON GRADE PARKING SPACES PER PLAN] || 100507257: 28 [ERECT NEW 5 STORY LIGHT GAUGE STEEL FRAME STRUCTURE WITH 28 RESIDENTAL UNITS (BUILDING #5) WITH 111 ON GRADE PARKING SPACES PER PLAN],NA,conflicting_unit_counts
commercial_14074180020000,permit_chain_100507255,1,1,100507255,1803 W ARGYLE ST,1803 W ARGYLE,2013-09-04,2013-09-04,2013-09-04,COMPLETE,100507255: ERECT NEW 3 STORY WOOD FRAME STRUCTURE WITH 17 RESIDENTAL UNITS (BUILDING 3A) WITH 111 ON GRADE PARKING SPACES PER PLAN,1,17,100507255: 17 [ERECT NEW 3 STORY WOOD FRAME STRUCTURE WITH 17 RESIDENTAL UNITS (BUILDING 3A) WITH 111 ON GRADE PARKING SPACES PER PLAN],17,single_unit_count
commercial_14074180020000,permit_chain_100507256,1,1,100507256,1805 W ARGYLE ST,1805 W ARGYLE,2013-09-05,2013-09-05,2013-09-05,COMPLETE,100507256: ERECT NEW 3 STORY WOOD FRAME STRUCTURE WITH 18 RESIDENTAL UNITS (BUILDING #3B) WITH 111 ON GRADE PARKING SPACES PER PLAN,1,18,100507256: 18 [ERECT NEW 3 STORY WOOD FRAME STRUCTURE WITH 18 RESIDENTAL UNITS (BUILDING #3B) WITH 111 ON GRADE PARKING SPACES PER PLAN],18,single_unit_count
commercial_14074180020000,permit_chain_100507258,1,1,100507258,1809 W ARGYLE ST,1809 W ARGYLE,2013-09-05,2013-09-05,2013-09-05,COMPLETE,100507258: ERECT NEW 3 STORY WOOR FRAME STRUCTURE WITH 18 RESIDENTAL UNITS (BUILDING 1A) WITH 111 ON GRADE PARKING SPACES,1,18,100507258: 18 [ERECT NEW 3 STORY WOOR FRAME STRUCTURE WITH 18 RESIDENTAL UNITS (BUILDING 1A) WITH 111 ON GRADE PARKING SPACES],18,single_unit_count
commercial_14074180020000,permit_chain_100507259,1,1,100507259,1811 W ARGYLE ST,1811 W ARGYLE,2013-09-05,2013-09-05,2013-09-05,COMPLETE,100507259: ERECT NEW 3 STORY WOOD FRAME STRUCTURE WITH 18 RESIDENTAL UNITS (BUILDING #1B) WITH 111 ON GRADE PARKING SPACES.,1,18,100507259: 18 [ERECT NEW 3 STORY WOOD FRAME STRUCTURE WITH 18 RESIDENTAL UNITS (BUILDING #1B) WITH 111 ON GRADE PARKING SPACES.],18,single_unit_count
commercial_14074180020000,permit_chain_100507260,1,1,100507260,1813 W ARGYLE ST,1813 W ARGYLE,2013-09-05,2013-09-05,2013-09-05,COMPLETE,100507260: ERECT NEW 3 STORY WOOD FRAME STRUCTURE WITH 12 RESIDENTAL UNITS (BUILDING #2A) WITH 111 ON GRADE PARKING SPACES.,1,12,100507260: 12 [ERECT NEW 3 STORY WOOD FRAME STRUCTURE WITH 12 RESIDENTAL UNITS (BUILDING #2A) WITH 111 ON GRADE PARKING SPACES.],12,single_unit_count
commercial_14074180020000,permit_chain_100507261,1,1,100507261,1815 W ARGYLE ST,1815 W ARGYLE,2013-09-05,2013-09-05,2013-09-05,COMPLETE,100507261: ERECT NEW 3 STOR WOOD FRAME STRUCTURE WITH 18 RESIDENTAL UNITS (BUILDING #2B) WITH 111 ON GRADE PARKING SPACES.,1,18,100507261: 18 [ERECT NEW 3 STOR WOOD FRAME STRUCTURE WITH 18 RESIDENTAL UNITS (BUILDING #2B) WITH 111 ON GRADE PARKING SPACES.],18,single_unit_count
commercial_14083170400000,permit_chain_100856500,4,2,100856500/100860516/100903798/B100884418,4806 N MAGNOLIA AVE,4806 N MAGNOLIA,2020-01-30,2020-04-09,2021-04-14,COMPLETE,"100856500: DIRECT DEVELOPER SERVICES *** FOUNDATION ONLY FOR A NEW 5 STORY III-A MIXED USE BUILDING (RETAIL, 10 EFFICIENCY U, 44 DU).  ROOFTOP STAIRWAY ENCL., ELEVATOR OVERRUN; A NEW PARKING LOT WITH 27-CAR (TSL) AND 1 LOADING.  ALL WORK PER PLANS. CHICAGO CONSTRUCTION CODE 2019 TITLE 14B - 2019 BUILDING CODE. || 100860516: *DIRECT DEVELOPER SERVICES *NEW CONSTRUCTION OF A 5-STORY MIXED USE BUILDING (RETAIL, 10 EFFICIENCY, AND 44 DU) TYPE III-A CONSTRUCTION WITH 27 EXTERIOR PARKING SPACES.  BUILDING IS FULLY SPRINKLERED. - CHICAGO CONSTRUCTION CODES 2019 TITLE 14B - 2019 BUILDING CODE.  ALL WORK PER PLANS.  (FOUNDATION PERMIT UNDER #100856500) CONSULTANT REVIEWER: GLOBETROTTERS ENGINEERING || B100884418: REVISION TO PERMIT #100860516, CHANGE OF ELECTRICAL CONTRACTOR, ALL OTHER WORK TO BE AS PER APPROVED PLANS. || 100903798: DDS 2019 CBC: REVISION TO PERMIT #100860516 TO ADD NEW TANKLESS HOT WATER HEATERS AT EACH RESIDENTIAL UNIT ONLY.  ALL WORK PER PLANS FOR AN EXISTING (44 UNITS, 10 EFFICIENCY UNITS, & MERCANTILE) 5 STORY BUILDING.(OCCUPANCY A-2, M, R2: CONSTRUCTION TYPE IIIA) CONSULTANT REVIEWER: GLOBETROTTERS ENGINEERING",2,10/44,"100856500: 44 [R SERVICES *** FOUNDATION ONLY FOR A NEW 5 STORY III-A MIXED USE BUILDING (RETAIL, 10 EFFICIENCY U, 44 DU). ROOFTOP STAIRWAY ENCL., ELEVATOR OVERRUN; A NEW PARKING LOT WITH 27-CAR (TSL) AND 1 LOADING. AL] || 100860516: 44 [CT DEVELOPER SERVICES *NEW CONSTRUCTION OF A 5-STORY MIXED USE BUILDING (RETAIL, 10 EFFICIENCY, AND 44 DU) TYPE III-A CONSTRUCTION WITH 27 EXTERIOR PARKING SPACES. BUILDING IS FULLY SPRINKLERED. - CHICAGO] || 100903798: 44 [NEW TANKLESS HOT WATER HEATERS AT EACH RESIDENTIAL UNIT ONLY. ALL WORK PER PLANS FOR AN EXISTING (44 UNITS, 10 EFFICIENCY UNITS, & MERCANTILE) 5 STORY BUILDING.(OCCUPANCY A-2, M, R2: CONSTRUCTION TYPE IIIA)] || 100903798: 10 [ESS HOT WATER HEATERS AT EACH RESIDENTIAL UNIT ONLY. ALL WORK PER PLANS FOR AN EXISTING (44 UNITS, 10 EFFICIENCY UNITS, & MERCANTILE) 5 STORY BUILDING.(OCCUPANCY A-2, M, R2: CONSTRUCTION TYPE IIIA) CONSULTANT REVIEWER:]",NA,conflicting_unit_counts
commercial_14084040010000,permit_chain_100900621,3,3,100900621/100906143/100990599,1135 W WINONA ST,1135 W WINONA,2021-04-14,2021-07-19,2022-11-02,COMPLETE,"100900621: DDS 2019 CBC: SHALLOW FOUNDATIONS, PODIUM STRUCTURAL STEEL AND SLAB AND MASONRY CORES THROUGH ROOF FOR THE NEW CONSTRUCTION OF A 5-STORY RESIDENTIAL BUILDING WITH 64 APARTMENTS AND GROUND FLOOR RETAIL. (OCC. R-2, M; TYPE II-A) CONSULTANT REVIEWER: GLOBETROTTERS ENGINEERING || 100906143: DDS 2019 CBC: NEW CONSTRUCTION OF A 5-STORY RESIDENTIAL BUILDING WITH 64 DWELLING UNITS (OCC. R-2, M; TYPE II-A). FOUNDATIONS AND PARTIAL SUPERSTRUCTURE PERMITTED UNDER 100900621. CONSULTANT REVIEWER: GLOBETROTTERS ENGINEERING || 100990599: DDS 2019 CBC: REVISION TO FULL BUILDING PERMIT 100906143 - REVISION INCLUDES THE REDUCTION BUILDING HEIGHT TO 60'-0"", USE OF PVC PLUMBING, AND THE FIRST FLOOR CONFIGURATION. (OCCUPANCIES: R-2, M; CONSTRUCTION TYPE: IIA ) CONSULTANT REVIEWER: GLOBETROTTERS ENGINEERING.",1,64,"100906143: 64 [DDS 2019 CBC: NEW CONSTRUCTION OF A 5-STORY RESIDENTIAL BUILDING WITH 64 DWELLING UNITS (OCC. R-2, M; TYPE II-A). FOUNDATIONS AND PARTIAL SUPERSTRUCTURE PERMITTED UNDER 100900621. CONSULT]",64,single_unit_count
commercial_14171000010000,permit_chain_100761424,4,1,100761424/100812718/100854981/100860746,4753 N ASHLAND AVE,4753 N ASHLAND,2018-10-04,2018-12-20,2020-02-04,COMPLETE,"100761424: ERECT 4 STORY 39 D.U. BUILDING (3B CONSTRUCTION), FIRST FLOOR RETAIL, ROOFTOP DECK, ROOFTOP STAIR ENCLOSURE, 35 CAR GARAGE AT 1ST FLOOR AS PER PLAN.(CONDITIONAL PERMIT SUBJECT TO FIELD INSPECTIONS) || 100812718: MASON CONTRACTOR CHANGE TO MARK LOS MASONRY CO. INC. FOR PERMIT #100761424 || 100860746: REVISION TO PERMIT#100761424 CHANGE PLUMBING CONTRACTOR TO M & S CONSTRUCTION & PLUMBING INC. || 100854981: REVISION TO EXISTING PERMIT #100761424 TO RELOCATE WATER ROOM & ELECTRICAL ROOM ON 1ST FLOOR; REVISE MASTER BATH & BATH 2ND THROUGH 4TH FLOORS,  REVISE SOUTH-EAST CORNER OF BUILDING ON 3RD & 4TH FLOORS, REVISE MECHANICAL DUCTS 2ND THROUGH 4TH FLOORS, REVISE RETAIL SPACE AT 1ST FLOOR AT EXISTING 39 D.U./RETAIL (3B CONSTRUCTION) BUILDING AS PER PLAN  .",1,39,"100761424: 39 [ERECT 4 STORY 39 D.U. BUILDING (3B CONSTRUCTION), FIRST FLOOR RETAIL, ROOFTOP DECK, ROOFTOP STAIR ENCLOSURE, 35 CAR GARA] || 100854981: 39 [LOORS, REVISE MECHANICAL DUCTS 2ND THROUGH 4TH FLOORS, REVISE RETAIL SPACE AT 1ST FLOOR AT EXISTING 39 D.U./RETAIL (3B CONSTRUCTION) BUILDING AS PER PLAN .]",39,single_unit_count
commercial_14171200250000,permit_chain_100878203,1,1,100878203,4410 N CLARK ST,4410 N CLARK,2020-07-08,2020-08-14,2020-08-14,COMPLETE,"100878203: FOUNDATION ONLY PERMIT RELATIVE TO A NEW CONSTRUCTION 4 STORY TYPE 3B BUILDING RESIDENTIAL BUILDING WITH PARKING GARAGE AND RETAIL SPACE AT 1ST FLOOR.  BUILDING STRUCTURAL, MEP AND ARCHITECTURAL DRAWINGS WILL BE SUBMITTED UNDER A SEPARATE PERMIT APPLICATION PER PLANS",0,,NA,NA,no_unit_count
commercial_14171200250000,permit_chain_100873964,6,1,100873964/100914536/100943429/100944990/100963300/B100918594,4410 N CLARK ST,4410 N CLARK,2020-09-09,2021-02-18,2022-05-31,COMPLETE,"100873964: NEW PROPOSED 4 STORY 3-B BUILDING WITH 25 DWELLING UNITS, ROOF DECK, 13 PARKING SPACES, 19 BIKE PARKING SPACES AND 1ST FLOOR RETAIL SPACE AS PER PLANS [SEE REVISION #100914536 TO ADD LIVE/WORK UNIT - TOTAL 26 UNITS] || B100918594: REVISION TO PERMIT 100873964 TO CHANGE ELECTRICA CONTRACTOR TO TEXA ENGINEERING || 100943429: ALTERNATIVR CODE APPROVAL PERMIT #100873964 FOR USED SCH 40 PVC FOR DOWNSPOUTS AND STORM LINE.BELOW & ABOVE GRADE. || 100944990: REVISION TO CHANGE OF PLUMBING CONTRACTOR PERMIT #100873964 TO PAWEL'S PLUMBING. || 100914536: REVISION TO PREVIOUSLY PERMITTED MIXED USE DEVELOPMENT PERMIT #1008739641ST FLOOR REVISION OF PROPOSED RETAIL TO LIVE-WORK SPACE (CONDITIONAL PERMIT SUBJECT TO FIELD INSPECTIONS) || 100963300: SPR 2019 CBRC: PERMIT REVISION. REVISION TO PREVIOUS PERMIT 100873964 FOR FRAMING CHANGES IN LOBBY AND RESIDENTIAL UNITS. FOOTPRINTS OF FIRE PROTECTION ROOM AND PACKAGE ROOM ON FIRST FLOOR HAVE BEEN UPDATED. OPERABLE WINDOWS OF STOREFRONT WINDOW SYSTEM ALONG CLARK STREET HAVE BEEN REVISED. FRAMING REVISIONS HAVE BEEN MADE TO ALL UNITS EXCEPT X09 TIER. DEMISING WALL BETWEEN X01 AND X02 UNIT RELOCATED ON FLOORS 2 THROUGH 4. DEMISING WALL BETWEEN X03 AND X04 UNITS RELOCATED ON FLOORS 3 AND 4.",2,25/26,"100873964: 25 [NEW PROPOSED 4 STORY 3-B BUILDING WITH 25 DWELLING UNITS, ROOF DECK, 13 PARKING SPACES, 19 BIKE PARKING SPACES AND 1ST FLOOR RETAIL SPACE AS PER PLANS [SEE] || 100873964: 26 [ACES AND 1ST FLOOR RETAIL SPACE AS PER PLANS [SEE REVISION #100914536 TO ADD LIVE/WORK UNIT - TOTAL 26 UNITS]]",NA,conflicting_unit_counts
commercial_14172290080000,permit_chain_100683174,1,1,100683174,811 W AGATITE AVE,811 W AGATITE,2017-02-17,2017-02-17,2017-02-17,COMPLETE,100683174: DIRECT DEVELOPER SERVICES*** FOUNDATION AND SUPERSTRUCTURE THROUGH THE UNDERSIDE OF THE FIFTH FLOOR FOR A PROPOSED 27 STORY RESIDENTIAL BUILDING WITH 373 DWELLING UNITS; GROUND FLOOR RETAIL; 278 PARKING SPACES; ALL AS PER PLANS.,1,373,100683174: 373 [TRUCTURE THROUGH THE UNDERSIDE OF THE FIFTH FLOOR FOR A PROPOSED 27 STORY RESIDENTIAL BUILDING WITH 373 DWELLING UNITS; GROUND FLOOR RETAIL; 278 PARKING SPACES; ALL AS PER PLANS.],373,single_unit_count
commercial_14172290080000,permit_chain_100695546,2,2,100695546/100747783,804 W MONTROSE AVE / 811 W AGATITE AVE,804 W MONTROSE/811 W AGATITE,2017-06-19,2017-06-19,2018-03-02,COMPLETE/PHASED PERMITTING,"100695546: ***DIRECT DEVELOPER SERVICES*** FULL BUILDING PERMIT FOR A PROPOSED 27 STORY RESIDENTIAL BUILDING WITH 373 DWELLING UNITS; GROUND FLOOR RETAIL; 278 PARKING SPACES; ALL AS PER PLANS. || 100747783: SELF CERTIFICATION, FIRST TIME BUILDOUT - MECANTILE USE, ON THE 1ST FLOOR OF THE NEW CONSTRUCTION OF THE 27-STOY BUILDING WITH RESIDENTIAL UNITS, RETAIL AND PARKING. OCCUPANCY CLASSIFICATION: A-2, F, H-3.BUILDING PERMIT ORIG. BUILDING IS: 100695546. SCOPE OF WORK FOR INTERIOR BUILDOUT: ARCHITECTURAL INTERIOR, STRUCTURAL SUPPORT WORKS, MILLWORK, EQUIPMENT, MECHANICAL, PLUMBING, ELECTRICAL, FIRE PROTECTION AND REFRIGERATION.",1,373,100695546: 373 [DIRECT DEVELOPER SERVICES*** FULL BUILDING PERMIT FOR A PROPOSED 27 STORY RESIDENTIAL BUILDING WITH 373 DWELLING UNITS; GROUND FLOOR RETAIL; 278 PARKING SPACES; ALL AS PER PLANS.],373,single_unit_count
commercial_14172290080000,permit_chain_100711273,1,1,100711273,813 W AGATITE AVE,813 W AGATITE,2017-09-13,2018-07-03,2018-07-03,COMPLETE,100711273: ***DIRECT DEVELOPER SERVICES*** 813-829 W AGATITE AVE - NEW CONSTRUCTION OF EIGHT (8) THREE (3) STORY TOWNHOMES AS PER PLANS.,0,,NA,NA,no_unit_count
commercial_14181140140000,permit_chain_100736146,3,1,100736146/100790205/100812192,4646 N DAMEN AVE,4646 N DAMEN,2018-03-19,2018-10-02,2019-04-02,EXPIRED,"100736146: ERECT A 4 STORY IIIB MASONRY 24 UNIT APARTMENT BUILDING WITH GROUND FLOOR COMMERCIAL, AS PER PLANS. - INLCUDING A 6'-0"" TALL FENCE**CERTIFIED CORRECTIONS- - SUBJECT TO FIELD INSPECTIONS & AUDIT ** || 100790205: REVISION TO PERMIT NO. 100736146; CHANGE OF MASON CONTRACTOR TO MARK LOS MASONRY COMPANY || 100812192: REVISION TO PERMIT NO. 100736146; CHANGE OF MASON CONTRACTOR TO MARK LOS MASONRY CO INC",1,24,"100736146: 24 [ERECT A 4 STORY IIIB MASONRY 24 UNIT APARTMENT BUILDING WITH GROUND FLOOR COMMERCIAL, AS PER PLANS. - INLCUDING A 6'-0"" TALL FENCE**CERT]",24,single_unit_count
commercial_14194350290000,permit_chain_100689567,2,1,100689567/B100767600,3220 N LINCOLN AVE,3220 N LINCOLN,2017-09-20,2018-03-12,2018-06-14,COMPLETE,100689567: 5 STORY RESIDENTIAL BUILDING WITH 19 DWELLING UNITS AND PARKING AND ONE COMMERCIAL UNIT ON GROUND FLOOR.  TYPE I-C CONSTRUCTION. || B100767600: WE WILL BE TAKING OVER PERMIT NUMBER 100689567 LOCATED AT 3220 N LINCOLN AVE.,1,19,100689567: 19 [5 STORY RESIDENTIAL BUILDING WITH 19 DWELLING UNITS AND PARKING AND ONE COMMERCIAL UNIT ON GROUND FLOOR. TYPE I-C CONSTRUCTION.],19,single_unit_count
commercial_14201040060000,permit_chain_100817949,2,1,100817949/100944003,3839 N CLARK ST,3839 N CLARK,2019-07-03,2020-01-27,2021-10-12,COMPLETE,"100817949: ERECT A FIVE STORY MASONRY BUILDING CONTAINING NINE RESIDENTIAL UNITS WITH BALCONIES, A PARKING GARAGE ON THE GROUND FLOOR AND A GYMNASIUM TO BE USED BY THE TENANTS ON THE TOP FLOOR, AS PER PLANS. || 100944003: ALTERNATIVE CODE APPROVAL ON PERMIT #100817949 FOR SCHD 40 PVC TO USE IN LIEU OF CAST IRON FOR UNDERGROUND DRAINAGE AND ABOVE GROUND VENT PIPE FITTING",0,,NA,NA,no_unit_count
commercial_14202240190000,permit_chain_100890019,2,1,100890019/100944185,1118 W PATTERSON AVE,1118 W PATTERSON,2021-05-19,2021-07-26,2021-10-13,COMPLETE,"100890019: ***DIRECT DEVELOPER SERVICES*** CBC 2019; ERECT FOUR (4) STORY 18 DU RESIDENTIAL BUILDING WITH STAIR AND ELEVATOR LOBBY PENTHOUSE AT ROOF LEVEL; ROOF DECK WITH VERTICAL TRELLIS; 17-CAR ATTACHED GARAGE, 1 PARKING AND 1 LOADING ON SLAB; AND NINE (9) BICYCLE SPACES AS PER PLANS. CONSULTANT REVIEWER:GLOBETROTTERS ENGINEERING || 100944185: REVISION TO PERMIT NO 100890019 TO CHANGE VENT/REFRIG CONTRACTOR TO DCS MECHANICAL, CHANGE PLUMBER TO D.A.M. PLUMBING INC",1,18,100890019: 18 [***DIRECT DEVELOPER SERVICES*** CBC 2019; ERECT FOUR (4) STORY 18 DU RESIDENTIAL BUILDING WITH STAIR AND ELEVATOR LOBBY PENTHOUSE AT ROOF LEVEL; ROOF DECK WITH VERTICAL],18,single_unit_count
commercial_14202300160000,permit_chain_100264604,2,1,100264604/100278624,808 W ADDISON ST / 850 W ADDISON ST,808 W ADDISON/850 W ADDISON,2008-10-31,2009-03-27,2009-10-28,COMPLETE,"100264604: ERECT FOUR STORY OPEN AIR GARAGE WITH SITE WORK AS PER PLANS.  THE POLICE STATION BUILDING AND ITS CELL TOWER ARE NOT INCLUDED IN THIS PERMIT.                                                                                 A CERTIFICATE OF OCCUPANCY IS REQUIRED AS PART OF THIS PERMIT || 100278624: FOUNDATIONS  AND SUPERSTRUCTURE FOR MONO POLE CELL PHONE ANTENNA STRUCTURE.   SITE WORK, LANDSCAPE AND DRIVEWAYS ARE UNDER PERMIT #  100264604",0,,NA,NA,no_unit_count
commercial_14203000310000,permit_chain_100690738,2,2,100690738/100695945,3535 N ASHLAND AVE,3535 N ASHLAND,2017-07-11,2017-07-11,2017-10-19,COMPLETE,"100690738: ***DIRECT DEVELOPER SERVICES*** FOUNDATIONS ONLY FOR PROPOSED 5-STORY, 136 UNIT (96 MEMORY CARE UNITS ON FLRS 1-3 AND 40 ASSISTED LIVING UNITS ON FLRS 4-5). A-2 MULTIFAMILY RESIDENTIAL SENIOR ASSISTED LIVING FACILITY WITH 34 OUTDOOR PARKING SPACES. B2-3 NEIGHBORHOOD MIXED USE DISTRICT WITH AMENDED TYPE 1 ZONING AMENDMENT. || 100695945: ***DIRECT DEVELOPER SERVICES*** FULL BUILDING PERMIT TO ERECT 5-STORY, 136 UNIT (96 MEMORY CARE UNITS ON FLRS 1-3 AND 40 ASSISTED LIVING UNITS ON FLRS 4-5).A-2 MULTI FAMILY RESIDENTIAL SENIOR ASSISTED LIVING FACILITY WITH 34 OUTDOOR PARKING SPACES. B2-3 NEIGHBORHOOD MIXED USE DISTRICT WITH AMENDED TYPE 1 ZONING AMENDMENT. FOUNDATION PERMIT 100690738.",1,136,"100690738: 136 [***DIRECT DEVELOPER SERVICES*** FOUNDATIONS ONLY FOR PROPOSED 5-STORY, 136 UNIT (96 MEMORY CARE UNITS ON FLRS 1-3 AND 40 ASSISTED LIVING UNITS ON FLRS 4-5). A-2 MULTIFAMILY RESIDE] || 100695945: 136 [***DIRECT DEVELOPER SERVICES*** FULL BUILDING PERMIT TO ERECT 5-STORY, 136 UNIT (96 MEMORY CARE UNITS ON FLRS 1-3 AND 40 ASSISTED LIVING UNITS ON FLRS 4-5).A-2 MULTI FAMILY RESIDE]",136,single_unit_count
commercial_14203080100000,permit_chain_100912748,2,1,100912748/100947944,3421 N ASHLAND AVE / 3425 N ASHLAND AVE,3421 N ASHLAND/3425 N ASHLAND,2021-09-27,2021-10-06,2021-11-09,COMPLETE,"100912748: DDS 2019 CBC: NEW CONSTRUCTION OF 53-UNIT, 4-STORY APARTMENT BUILDING WITH 16 SURFACE PARKING SPACES AND LOADING BAY AT GROUND LEVEL. OCCUPIABLE ROOFTOP WITH ROOFTOP ACCESS AND MECHANICAL PENTHOUSE. (OCCUPANCY R-2; CONSTRUCTION TYPE IIIA)CONSULTANT REVIEWER: GLOBETROTTERS ENGINEERING || 100947944: ALTERNATIVE CODE APPROVAL PREMIT #100912748FURNISH AND INSTALL SCHD 40 PVC FOR ALL UNDERGROUND AND ABOVE GROUND PLUMBING.",0,,NA,NA,no_unit_count
commercial_14204020100000,permit_chain_100767640,1,1,100767640,1050 W CORNELIA AVE,1050 W CORNELIA,2019-05-07,2019-07-01,2019-07-01,COMPLETE,"100767640: NEW CONSTRUCTION 4 STORY RESIDENTIAL BUILDING WITH 8 DWELLING UNITS AND 1 EFFICIENCY UNIT, WITH 6 INDOOR PARKING SPACES AND INDOOR REFUSE AREA PER PLANS. **CERTIFIED PLANS CORRECTIONS: CONDITIONAL PERMIT SUBJECT TO FIELD INSPECTIONS **",2,1/8,"100767640: 8 [NEW CONSTRUCTION 4 STORY RESIDENTIAL BUILDING WITH 8 DWELLING UNITS AND 1 EFFICIENCY UNIT, WITH 6 INDOOR PARKING SPACES AND INDOOR REFUSE AREA PER PLANS. **CERTIFIED P] || 100767640: 1 [NEW CONSTRUCTION 4 STORY RESIDENTIAL BUILDING WITH 8 DWELLING UNITS AND 1 EFFICIENCY UNIT, WITH 6 INDOOR PARKING SPACES AND INDOOR REFUSE AREA PER PLANS. **CERTIFIED PLANS CORRECTIONS: COND]",NA,conflicting_unit_counts
commercial_14204030750000,permit_chain_100619000,2,1,100619000/B100619491,1023 W ADDISON ST,1023 W ADDISON,2015-10-16,2015-10-16,2015-10-19,COMPLETE,"100619000: PERMIT EXPIRES ON 12/16/2015 ERECTION STARTS: 10/17/2015, ERECTION ENDS: 11/4/2015.  ERECTION STARTS: 10/17/2015, ERECTION ENDS: 11/4/2015.  TENT - SELF-CERT - ERECT ONE(1) 66'X115' TENT15 DAY EVENT (10/20/15- 11/3/2015) SETUP 10/17/2015 - REMOVE 11/4/2015ASSEMBLY || B100619491: FROM A ""STANDALONE"" 55 KW GENERATOR, WE ARE HOOKING UP A 200 AMP DISTRIBUTION CENTER TO ATTACHED ""SO"" CABLING IN ""TRIP LESS"" RUNNERS WITH CAM-LOCS FOR FIVE (5) SPIDER BOX TO PROVIDE ELECTRICITY TO A TEMPORARY TENT UNDER DOB APPLICATION #100619000.",0,,NA,NA,no_unit_count
commercial_14204030750000,permit_chain_100619509,1,1,100619509,1023 W ADDISON ST,1023 W ADDISON,2015-10-20,2015-10-22,2015-10-22,COMPLETE,"100619509: PERMIT EXPIRES ON 12/22/2015 ERECTION STARTS: 10/17/2015, ERECTION ENDS: 11/4/2015.  ERECT ONE(1) 15'X45' TENT- 15 DAY EVENT (10/20/15- 11/3/2015) SELF CERTIFIED TENT PERMIT** CONDITIONAL APPROVAL** SUBJECT TO FIELD INSPECTION* AOR CERTIFICATION OF INSPECTION REQUIRED.",0,,NA,NA,no_unit_count
commercial_14204030750000,permit_chain_100619303,1,1,100619303,3505 N CLARK ST,3505 N CLARK,2015-10-22,2015-11-03,2015-11-03,COMPLETE,"100619303: PERMIT EXPIRES ON 01/03/2016 ERECTION STARTS: 10/19/2015, ERECTION ENDS: 11/7/2015.  TEMPORARY CANOPY FOR THE CHICAGO CUBS - DUECES AND DIAMOND CLUB EVENT ON OCT. 20, 2015. 1-20X90 CANOPY. PARTYTIME-HDO PRODUCTIONS, INC.**SELF CERTIFIED TENT PERMIT** CONDITIONAL APPROVAL** AOR CERTIFICATION OF INSPECTION REQUIRED.",0,,NA,NA,no_unit_count
commercial_14204030750000,permit_chain_100641106,1,1,100641106,1025 W ADDISON ST,1025 W ADDISON,2016-03-23,2016-06-16,2016-06-16,COMPLETE,100641106: CAISSONS ONLY FOR A PROPOSED 8 STORY 148 UNIT BUILDING - 1025 WEST ADDISON STREET,1,148,100641106: 148 [CAISSONS ONLY FOR A PROPOSED 8 STORY 148 UNIT BUILDING - 1025 WEST ADDISON STREET],148,single_unit_count
commercial_14204030750000,permit_chain_100672840,3,3,100672840/100730728/100861103,3505 N CLARK ST,3505 N CLARK,2016-10-24,2016-10-25,2020-02-06,COMPLETE,"100672840: PERMIT EXPIRES ON 12/25/2016 ERECTION STARTS: 10/7/2016, ERECTION ENDS: 12/6/2016.  DUECES AND DIAMOND CLUB. ERECT 20X90 CANOPY. PARTYTIME PRODUCTIONS INC.**SELF CERTIFIED TENT PERMIT** CONDITIONAL APPROVAL** SUBJECT TO FIELD INSPECTION ** AOR CERTIFICATION OF INSPECTION REQUIRED. || 100730728: PERMIT EXPIRES ON 12/17/2017 ERECTION STARTS: 10/16/2017, ERECTION ENDS: 12/16/2017.  SELF-CERT. DUECES AND DIAMOND CLUB REINSTATEMENT. SAME TENT AS 2016 PERMIT 100672840. 1-20X90 CANOPY. PARTYTIME PRODUCTIONS, INC.**SELF CERTIFIED TENT PERMIT ** CONDITIONAL APPROVAL ** SUBJECT TO FIELD INSPECTION ** AOR CERTIFICATION OF INSPECTION REQUIRED. || 100861103: PERMIT EXPIRES ON 04/06/2020 ERECTION STARTS: 2/7/2020, ERECTION ENDS: 4/7/2020.  SELF-CERT. ACAR REQ'D. DUECES AND THE DIAMOND CLUB REINSTATEMENT. SAME TENT AS 2016 PERMIT 100672840. 1-20X90 CANOPY.  PARTYTIME/HDO PRODUCTIONS, INC.**** SELF CERTIFICATION **** CONDITIONAL APPROVAL **** SUBJECT TO FIELD INSPECTION **** AOR CERTIFICATE OF INSPECTION REQUIRED ****",0,,NA,NA,no_unit_count
commercial_14204030750000,permit_chain_100668266,1,1,100668266,1025 W ADDISON ST,1025 W ADDISON,2016-10-31,2016-11-04,2016-11-04,COMPLETE,"100668266: FOUNDATION DESIGN FOR THE INSTALLATION AND OPERATION OF A PEINER SK415 TEMPORARY TOWER CRANE, AS PER PLANS.",0,,NA,NA,no_unit_count
commercial_14204030750000,permit_chain_100684427,3,1,100684427/100731074/100761031,1025 W ADDISON ST,1025 W ADDISON,2016-12-23,2016-12-28,2018-08-07,COMPLETE,"100684427: NEW CONSTRUCTION. FULL PERMIT SUBMITTAL TO INCLUDE PARTRIAL BASEMENT LEVEL PARKING GARAGE, UNDERGROUND UTILITIES, FOUNDATION AND GROUND FLOOR SLAB FOR A NEW 8 STORY MIXED USE RESIDENTIAL [148 UNITS] / COMMERCIAL DEVELOPMENT. || 100731074: *DIRECT DEVELOPER SERVICES* REVISION TO PERMIT #100684427 (D15061-03) TO UPDATE 1ST, 2ND, 4TH-8TH FLOOR STRUCTURAL FRAMING, FROST WALLS AND GRADE BEAMS THROUGHOUT BUILDING AS PER PLANS.  8 STORIES. 148 DWELLING UNITS. || 100761031: *DIRECT DEVELOPER SERVICES*  REVISION TO PERMIT #100684427 TO PARTITION AND DOOR LOCATIONS FOR FUTURE TENANTS ON FLOORS 1-3. GRASS/CONCRETE DESIGNATIONS AT SHARED AMENITY AREA ON 5TH FLOOR. PROPOSED SEPARATION FOR AMENITY AREA AND POOL DECK ON 6TH FLOOR. 2,820 SF.",1,148,"100684427: 148 [E, UNDERGROUND UTILITIES, FOUNDATION AND GROUND FLOOR SLAB FOR A NEW 8 STORY MIXED USE RESIDENTIAL [148 UNITS] / COMMERCIAL DEVELOPMENT.] || 100731074: 148 [FLOOR STRUCTURAL FRAMING, FROST WALLS AND GRADE BEAMS THROUGHOUT BUILDING AS PER PLANS. 8 STORIES. 148 DWELLING UNITS.]",148,single_unit_count
commercial_14204030750000,permit_chain_100694388,1,1,100694388,1025 W ADDISON ST,1025 W ADDISON,2017-07-24,2017-10-10,2017-10-10,COMPLETE,"100694388: INSTALLATION AND OPERATION OF A CHAMPION US7000 SINGLE CAR HOIST TOWER WITH A 7,000 LBS. CAR CAPACITY, AS PER PLANS.",0,,NA,NA,no_unit_count
commercial_14204030750000,permit_chain_100897813,3,1,100897813/100957329/100990522,3505 N CLARK ST,3505 N CLARK,2020-11-02,2020-11-02,2022-09-30,COMPLETE,"100897813: PERMIT EXPIRES ON 01/02/2021 ERECTION STARTS: 10/30/2020, ERECTION ENDS: 1/30/2021.  SELF CERT. DEUCES AND THE DIAMOND - DINING TENT. 1-30X80 TENT. PARTYTIME-HDO OPERATIONS, LLC.  ***** SELF CERTIFICATION **** CONDITIONAL APPROVAL ***** SUBJECT TO FIELD INSPECTION **** AOR CERTIFICATE OF INSPECTION REQUIRED **** || 100957329: PERMIT EXPIRES ON 04/03/2022 ERECTION STARTS: 2/4/2022, ERECTION ENDS: 6/2/2022.  SELF CERT. 1-30' X 80' DINING TENT FOR THE DEUCES AND THE DIAMOND CLUB IN THEIR COURTYARD . PARTYTIME-HDO OPERATIONS, INC. TENT REINSTATEMENT 100897813 **** SELF CERTIFICATION **** CONDITIONAL APPROVAL **** SUBJECT TO FIELD INSPECTION **** AOR CERTIFICTE OF INSPECTION REQUIRED **** || 100990522: PERMIT EXPIRES ON 11/30/2022 ERECTION STARTS: 10/2/2022, ERECTION ENDS: 03/31/2023.  SELF CERT. REINSTATEMENT OF PERMIT 100897813- SAME 1-30 X 80 DINING TENT FOR THE DEUCES AND THE DIAMOND CLUB IN THEIR COURTYARD . PARTYTIME-HDO OPERATIONS, INC.  ***** SELF CERTIFICATION **** CONDITIONAL APPROVAL ***** SUBJECT TO FIELD INSPECTION **** AOR CERTIFICATE OF INSPECTION REQUIRED ****",0,,NA,NA,no_unit_count
commercial_14204180360000,permit_chain_100794249,3,2,100794249/100856838/100879049,918 W SCHOOL ST,918 W SCHOOL,2018-12-04,2019-12-05,2020-08-05,COMPLETE,"100794249: *DIRECT DEV SERVICES* NEW CONSTRUCTION OF AN 8-STORY HIGH RISE APARTMENT BUILDING WITH 140 DU, GROUND FLOOR RETAIL AND PARKING ON DEEP FOUNDATIONS WITH NO BASEMENT. || 100856838: CHANGE OF PROPERTY OWNER TO 3300 N CLARK LLC FOR  # 100794249 || 100879049: **DIRECT DEV SERVICES** REVISION TO PERMIT 100794249. REVISIONS INCLUDE NEW BLACK IRON DUCT FOR FUTURE TENANT AND REVISION TO DWELLING UNIT KITCHENS.",1,140,"100794249: 140 [*DIRECT DEV SERVICES* NEW CONSTRUCTION OF AN 8-STORY HIGH RISE APARTMENT BUILDING WITH 140 DU, GROUND FLOOR RETAIL AND PARKING ON DEEP FOUNDATIONS WITH NO BASEMENT.]",140,single_unit_count
commercial_14204200460000,permit_chain_100855074,1,1,100855074,3312 N HALSTED ST,3312 N HALSTED,2020-06-08,2020-07-27,2020-07-27,COMPLETE,"100855074: ERECT NEW 4 STORY, TYPE III-B BUILDING WITH GROUND FLOOR RETAIL SPACE AND 7 RESIDENTIAL UNITS THROUGHOUT. PROVIDE 2 UNENCLOSED PARKING SPACES AT GRADE PER PLANS.(CONDITIONAL PERMIT SUBJECT TO FIELD INSPECTIONS.)",1,7,"100855074: 7 [ERECT NEW 4 STORY, TYPE III-B BUILDING WITH GROUND FLOOR RETAIL SPACE AND 7 RESIDENTIAL UNITS THROUGHOUT. PROVIDE 2 UNENCLOSED PARKING SPACES AT GRADE PER PLANS.(CONDITIONAL PERMIT SUBJECT TO F]",7,single_unit_count
commercial_14211000120000,permit_chain_100678630,3,2,100678630/100742484/100746136,734 W SHERIDAN RD,734 W SHERIDAN,2017-04-03,2017-04-03,2018-03-14,COMPLETE,"100678630: ***DIRECT DEVELOPER SERVICES*** NEW TEN (10) STORY 100 DWELLING UNIT RESIDENTIAL BUILDING; WITH GROUND FLOOR COMMERCIAL AND 59 PARKING SPACES; ALL AS PER PLANS || 100742484: REVISION TO PERMIT # 100678630 TO CHANGE VENT CONTRACTOR ONLY TO BLACKHAWK HVAC, INC. || 100746136: ***DIRECT DEVELOPER SERVICES*** REVISION TO PERMIT NUMBER 100678630; REVISIONS ARE TO MECHANICAL SYSTEMS (SWITCH FROM FLOOR-MOUNTED VRF UNITS TO CEILING-MOUNTED VRF UNITS IN SOME RESIDENTIAL UNITS); ALL AS PER PLANS",1,100,100678630: 100 [***DIRECT DEVELOPER SERVICES*** NEW TEN (10) STORY 100 DWELLING UNIT RESIDENTIAL BUILDING; WITH GROUND FLOOR COMMERCIAL AND 59 PARKING SPACES; ALL AS PER PLANS],100,single_unit_count
commercial_14211000120000,permit_chain_100720846,1,1,100720846,734 W SHERIDAN RD,734 W SHERIDAN,2017-08-24,2017-09-19,2017-09-19,COMPLETE,"100720846: INSTALLATION OF TEMPORARY SINGLE 6,000LBS RACK AND PINION ELEVATOR",0,,NA,NA,no_unit_count
commercial_14213040110000,permit_chain_100875573,3,3,100875573/100889829/100895324,3478 N BROADWAY,3478 N BROADWAY,2020-05-27,2020-09-11,2020-12-16,COMPLETE,100875573: DIRECT DEVELOPER SERVICES: FOUNDATION AND CAISSONS ONLY: NEW CONSTRUCTION OF A 7-STORY+ ROOF AMENITY BLDG. WITH 198 D.U.'S AND COMMERCIAL ON GRADE LEVEL AS PER PLANS. || 100889829: DIRECT DEVELOPER SERVICES: SUPERSTRUCTURE ONLY: NEW CONSTRUCTION OF A 7-STORY+ ROOF AMENITY POST TENSIONED CONCRETE MIXED USE RESIDENTIAL BLDG WITH INTERIOR ATRIUM. FOUNDATION PERMIT UNDER 100875573. CONSULTANT REVIEWER: GLOBETROTTERS ENGINEERING || 100895324: DIRECT DEVELOPER SERVICES: PHASE III-FULL BUILDING: NEW 7-STORY + ROOF TOP AMENITY POST TENSIONED CONCRETE MIXED USE RESIDENTIAL BLDG WITH INTERIOR ATRIUM. GROUND FLR INCLUDES COMMERCIAL AND AMENITY SPACE AND ENCLOSED GARAGE FOR RES USE ONLY. FLRS 2-7 INCLUDE 198 D.U.'SAND AMENITY SPACES WITHIN THE ATRIUM. ROOF LVL INCLUDES AN ENCLOSED AMENITY SPACE AND TERRACE OPEN TO SKY WITH OUTDOOR POOL AND SPA. FOUNDATION PERMIT #100875573 AND SUPERSTRUCTURE PERMIT #100889829,1,198,100875573: 198 [OPER SERVICES: FOUNDATION AND CAISSONS ONLY: NEW CONSTRUCTION OF A 7-STORY+ ROOF AMENITY BLDG. WITH 198 D.U.'S AND COMMERCIAL ON GRADE LEVEL AS PER PLANS.] || 100895324: 198 [ND FLR INCLUDES COMMERCIAL AND AMENITY SPACE AND ENCLOSED GARAGE FOR RES USE ONLY. FLRS 2-7 INCLUDE 198 D.U.'SAND AMENITY SPACES WITHIN THE ATRIUM. ROOF LVL INCLUDES AN ENCLOSED AMENITY SPACE AND TERRACE OPE],198,single_unit_count
commercial_14213040110000,permit_chain_100880042,1,1,100880042,3460 N BROADWAY,3460 N BROADWAY,2020-08-18,2020-09-22,2020-09-22,COMPLETE,"100880042: FOUNDATION DESIGN FOR THE PHASE 1 INSTALLATION AND OPERATION OF A MANITOWOC MD485 TEMPORARY TOWER CRANE, AS PER PLANS.",0,,NA,NA,no_unit_count
commercial_14213040110000,permit_chain_100892074,1,1,100892074,3478 N BROADWAY,3478 N BROADWAY,2020-09-22,2020-09-23,2020-09-23,COMPLETE,100892074: *** HOIST PERMIT *** DUAL 8000LB RACK & PINION ELEVATOR,0,,NA,NA,no_unit_count
commercial_14213120380000,permit_chain_100588610,5,1,100588610/100654628/100686563/100709632/B100654634,434 W MELROSE ST,434 W MELROSE,2015-04-03,2015-04-03,2017-06-13,COMPLETE,"100588610: ERECT NEW 9 STORY MASONRY BUILDING WITH 25 INDOOR PARKING SPACES 23 RESIDENTIAL UNITS TYPE 1B CONSTRUCTION - GREEN ROOF 434 WEST MELROSE STREET  [SEE REVISION PERMIT #100686563 TO DE-CONVERT TO 18 DWELLING UNITS] || 100654628: REVISION TO PERMIT #100588610 TO CHANGE THE MASON TO RASCO MASON CONTRACTOR, HVAC & REFRIGERATION TO GHC MECHANICAL, INC. PLUMBER TO D.A.M. PLUMBING. || B100654634: CHANGE ELECTRICAL CONTRACTOR ON BUILDING PERMIT # 100588610 ISSUED ON 04/03/2015. RDK ELECTRIC, INC. IS THE NEW ELECTRICAL CONTRACTOR. || 100686563: DIRECT DEVELOPER SERVICE: REVISION TO PERMIT NUMBER D15038-01 (100588610) INTERIOR ALTERATIONS TO FIRST FLOOR LOBBY AREA, INTERIOR MEZZANINE LEVEL, UNITS 201 THRU 902 AS PER PLANS...DE-CONVERT FROM 23 RESIDENTIAL UNITS TO 18 RESIDENTIAL UNITS.TOTAL NUMBER OF PARKING SPACES = 25ARCHITECTURAL, MECHANICAL, PLUMBING AND ELECTRICAL WORK, NO STRUCTURAL WORK SHALL BE PERFORMED UNDER THIS REVISION TO PERMIT. || 100709632: REVISION TO PERMIT 100686563, INTERIOR ALTERATIONS TO UNITS 201,503,701 AND 901 AS PER PLANS",2,18/23,"100588610: 23 [ERECT NEW 9 STORY MASONRY BUILDING WITH 25 INDOOR PARKING SPACES 23 RESIDENTIAL UNITS TYPE 1B CONSTRUCTION - GREEN ROOF 434 WEST MELROSE STREET [SEE REVISION PERMIT #100686563 TO DE-CO] || 100588610: 18 [CONSTRUCTION - GREEN ROOF 434 WEST MELROSE STREET [SEE REVISION PERMIT #100686563 TO DE-CONVERT TO 18 DWELLING UNITS]] || 100686563: 23 [FIRST FLOOR LOBBY AREA, INTERIOR MEZZANINE LEVEL, UNITS 201 THRU 902 AS PER PLANS...DE-CONVERT FROM 23 RESIDENTIAL UNITS TO 18 RESIDENTIAL UNITS.TOTAL NUMBER OF PARKING SPACES = 25ARCHITECTURAL, MECHANICAL, PLUMBING AND] || 100686563: 18 [INTERIOR MEZZANINE LEVEL, UNITS 201 THRU 902 AS PER PLANS...DE-CONVERT FROM 23 RESIDENTIAL UNITS TO 18 RESIDENTIAL UNITS.TOTAL NUMBER OF PARKING SPACES = 25ARCHITECTURAL, MECHANICAL, PLUMBING AND ELECTRICAL WORK, NO STRU]",NA,conflicting_unit_counts
commercial_14281230200000,permit_chain_100664475,3,1,100664475/100693059/B100696908,508 W DIVERSEY PKWY,508 W DIVERSEY PKWY,2016-08-12,2016-08-12,2017-03-23,COMPLETE/PHASED PERMITTING,100664475: NEW 12 STORY BUILDING FOUNDATION ONLY- 508 WEST DIVERSEY PARKWAY || 100693059: REVISION TO PERMIT# 100664475- NEW 12 STORY BUILDING; FOUNDATION REVISIONS ONLY- 508 WEST DIVERSEY AVENUE || B100696908: CHANGE OF CONTRACTOR FOR PERMIT #100693059,0,,NA,NA,no_unit_count
commercial_14281230200000,permit_chain_100681213,2,1,100681213/100748633,508 W DIVERSEY PKWY,508 W DIVERSEY PKWY,2017-04-27,2017-04-27,2018-04-06,COMPLETE,"100681213: DIRECT DEVELOPER SERVICES FOR NEW TWELVE STORY BUILDING WITH FULL BASEMENT FOR STORAGE & MEP FIRST FLOOR RETAIL PARKING FLOORS TWO AND THREE FLOOR 4 - 11 TO BE 53 RESIDENTIAL UNITS AND 12TH FLOOR AMENITY DECK WITH GREEN ROOF AND 54 INDOOR PARKING SPACES AS PER PLANS || 100748633: DIRECT DEVELOPER SERVICES** REVISION TO PERMIT # 100681213 EXTERIOR ALTERATION TO 10TH FLOOR HEIGHT, REVISIONS TO MECHANICAL SYSTEMS, RESIDENTIAL UNIT REVISONS PER PLANS, ADDITION OF CENTRAL HOT WATER HEATING SYSTEM, AND REMOVAL OF GREEN ROOFING PER DEPARTMENT OF PLANNING ADMINISTARIVE RELIEF 02/09/2018",1,53,100681213: 53 [FULL BASEMENT FOR STORAGE & MEP FIRST FLOOR RETAIL PARKING FLOORS TWO AND THREE FLOOR 4 - 11 TO BE 53 RESIDENTIAL UNITS AND 12TH FLOOR AMENITY DECK WITH GREEN ROOF AND 54 INDOOR PARKING SPACES AS PER PLANS],53,single_unit_count
commercial_14281230200000,permit_chain_100718722,1,1,100718722,508 W DIVERSEY PKWY,508 W DIVERSEY PKWY,2017-08-04,2017-09-11,2017-09-11,COMPLETE,100718722: INSTALLATION OF TEMPORARY SINGLE 7000LBS USA RACK AND PINION ELEVATOR,0,,NA,NA,no_unit_count
commercial_14283160520000,permit_chain_100861679,1,1,100861679,516 W ARLINGTON PL,516 W ARLINGTON,2020-11-05,2020-11-10,2020-11-10,COMPLETE,100861679: ***DIRECT DEVELOPER SERVICES*** NEW NINE (9) STORY FOURTEEN (14) DWELLING UNIT RESIDENTIAL BUILDING WITH FOURTEEN (14) PARKING SPACES AS PER PLANS. CONSULTANT REVIEWER: GLOBETROTTERS ENGINEERING,1,14,100861679: 14 [***DIRECT DEVELOPER SERVICES*** NEW NINE (9) STORY FOURTEEN (14) DWELLING UNIT RESIDENTIAL BUILDING WITH FOURTEEN (14) PARKING SPACES AS PER PLANS. CONSULTANT REVIEWER: GLOBETROT],14,single_unit_count
commercial_14291000140000,permit_chain_100876767,3,1,100876767/100925394/B100925387,3118 N GREENVIEW AVE,3118 N GREENVIEW,2020-12-04,2020-12-04,2021-06-04,COMPLETE/EXPIRED,"100876767: ERECT A 4 STORY  , IIIB MASONRY  9 DWELLING UNIT BUILDING WITH ROOF DECK OVER COMMERCIAL PER PLANS || B100925387: REVISION TO P#100876767, TO CHANGE ELECTRICAL CONTRACTOR, ALL WORK TO REMAIN THE SAME || 100925394: REVISION TO CHANGE OF REFRIGERATION AND VENT PERMIT#100876767 TO TDK AIR SPECIALIST INC.",1,9,"100876767: 9 [ERECT A 4 STORY , IIIB MASONRY 9 DWELLING UNIT BUILDING WITH ROOF DECK OVER COMMERCIAL PER PLANS]",9,single_unit_count
commercial_14294161030000,permit_chain_100580887,1,1,100580887,878 W LILL AVE,878 W LILL,2015-02-20,2015-05-18,2015-05-18,COMPLETE,100580887: NEW 3 STORY + BASEMENT 3-UNIT MULTI-FAMILY RESIDENTIAL BUILDING TYPE III-B CONSTRUCTION PER PLANS,0,,NA,NA,no_unit_count
commercial_14301220270000,permit_chain_100727080,4,1,100727080/100811935/100840903/B100811844,2835 N CLYBOURN AVE,2835 N CLYBOURN,2018-12-17,2019-02-08,2019-09-16,COMPLETE,"100727080: ERECT 4 STORY 15 D.U. BUILDING (3B CONSTRUCTION), FIRST FLOOR RETAIL SPACES, 18 CAR GARAGE  AT 1ST FLOOR, EXTERIOR LOADING BERTH, REAR BALCONY AND FRONT DECKS AT 2ND/3RD/4TH FLOORS, ROOF TOP DECK, ROOF TOP STAIR ENCLOSURES, 6' HIGH MASONRY TRASH ENCLOSURE AS PER PLAN, 3 EXTERIOR PARKING SPACES ON CONCRETE PAD || 100811935: REVISION TO PERMIT@100727080 CHANGE PLUMBING CONTRACTOR TO WKU PLUMBING SERVICE CO. || B100811844: CHANGE OF ELECTRICAL CONTRACTOR FOR ORIGINAL PERMIT #  100727080 || 100840903: REVISION TO PERMIT#100727080 CHANGE PLUMBING CONTRACTOR TO TONIES PLUMBING CORP",1,15,"100727080: 15 [ERECT 4 STORY 15 D.U. BUILDING (3B CONSTRUCTION), FIRST FLOOR RETAIL SPACES, 18 CAR GARAGE AT 1ST FLOOR, EXTERIOR LOADI]",15,single_unit_count
commercial_14301220270000,permit_chain_100727070,4,1,100727070/100845402/100892647/100894889,2839 N CLYBOURN AVE,2839 N CLYBOURN,2019-04-17,2019-05-16,2020-12-07,COMPLETE,"100727070: ERECT 4 STORY 15 D.U. BUILDING (3B CONSTRUCTION), FIRST FLOOR RETAIL SPACES, 18 CAR GARAGE AT 1ST FLOOR, EXTERIOR LOADING BERTH, REAR BALCONY AND FRONT DECKS AT 2ND/3RD/4TH FLOORS, ROOF TOP STAIR ENCLOSURES, 6' HIGH MASONRY TRASH ENCLOSURE AS PER PLAN. 3 EXTERIOR PARKING SPACES ON CONCRETE PAD.(NO ROOF DECK UNDER THIS PERMIT)**CONDITIONAL PERMIT SUBJECT TO FIELD CONDITIONS) || 100845402: REVISION TO PERMI NO. 100727070; TO CHANGE PLUMBING CONTRACTOR TO TONIE'S PLUMBING CORP || 100892647: REVISION TO CHANGE OF HVAC CONTRACTOR  PERMIT#100727070 TO ARTHUR CLIMATE CONTROL CORP. || 100894889: SPR 2019 CBRC: REVISION TO EXISTING PERMIT 100727070 FOR INTERIOR BUILD-OUT TO CONVERT PORTION OF EXISTING RETAIL #2 SPACE AT 1ST FLOOR TO COMMUNITY ROOM/FITNESS AREA & RETAIL, ADD HANDICAP TOILET, FURNACE & WATER HEATER, NEW EXTERIOR DOOR AT EXISTING 4 STORY 15 D.U./RETAIL BUILDING AS PER PLAN (OCCUPANCY GROUPS A3, M, TYPE III A CONSTRUCTION).(CONDITIONAL PERMIT SUBJECT TO FIELD INSPECTIONS)",1,15,"100727070: 15 [ERECT 4 STORY 15 D.U. BUILDING (3B CONSTRUCTION), FIRST FLOOR RETAIL SPACES, 18 CAR GARAGE AT 1ST FLOOR, EXTERIOR LOADIN] || 100894889: 15 [S AREA & RETAIL, ADD HANDICAP TOILET, FURNACE & WATER HEATER, NEW EXTERIOR DOOR AT EXISTING 4 STORY 15 D.U./RETAIL BUILDING AS PER PLAN (OCCUPANCY GROUPS A3, M, TYPE III A CONSTRUCTION).(CONDITIONAL PERMIT]",15,single_unit_count
commercial_14301230060000,permit_chain_100684005,2,1,100684005/100734073,2737 N HOYNE AVE,2737 N HOYNE,2017-01-24,2017-06-14,2017-11-02,COMPLETE,"100684005: DIRECT DEVELOPER SERVICES - FULL BUILDING PERMIT INCLUDING FOUNDATIONS FOR PROPOSED 6-STORY CLASS A2 BUILDING WITH 59 D.U. AND PARKING || 100734073: REVISION TO PERMIT #100684005 TO CHANGE PLUMBING CONTRACTOR TO NORMAN MECHANICAL,VENT CONTRACTOR TO AMBER MECHANICAL CONTRACTORS INC, REFRIGERATION CONTRACTOR TO AMBER MECHANICAL CONTRACTORS INC.",1,59,100684005: 59 [R SERVICES - FULL BUILDING PERMIT INCLUDING FOUNDATIONS FOR PROPOSED 6-STORY CLASS A2 BUILDING WITH 59 D.U. AND PARKING],59,single_unit_count
commercial_14303140460000,permit_chain_100647438,2,1,100647438/B100903930,2443 N WESTERN AVE,2443 N WESTERN,2017-01-17,2018-02-08,2020-12-23,COMPLETE/EXPIRED,"100647438: ERECT 34 D.U. BUILDING (3B CONSTRUCTION) WITH 1ST FLOOR COMMERCIAL, TOOF TOP DECK, INTERIOR 34 CAR GARAGE AS PER PLAN.**CERTIFIED CORRECTIONS- - SUBJECT TO FIELD INSPECTIONS & AUDIT ** || B100903930: CHANGE OF ELECTRICAL CONTRACTOR FOR ORIGINAL PERMIT 100647438",1,34,"100647438: 34 [ERECT 34 D.U. BUILDING (3B CONSTRUCTION) WITH 1ST FLOOR COMMERCIAL, TOOF TOP DECK, INTERIOR 34 CAR GARAGE AS PER]",34,single_unit_count
commercial_14311100140000,permit_chain_100632068,1,1,100632068,2343 N SEELEY AVE,2343 N SEELEY,2016-02-09,2016-07-15,2016-07-15,COMPLETE,"100632068: ERECT MASONRY 13 D.U. BUILDING (3B CONSTRUCTION) WITH ROOF TOP DECK, INTERIOR 16 CAR MASONRY GARAGE (3B CONSTRUCTION), 6' HIGH 14' BY 3'-8"" MASONRY TRASH ENCLOSURE AS PER PLAN  **CERTIFIED PLANS CORRECTIONS: CONDITIONAL PERMIT SUBJECT TO FIELD INSPECTIONS **",1,13,"100632068: 13 [ERECT MASONRY 13 D.U. BUILDING (3B CONSTRUCTION) WITH ROOF TOP DECK, INTERIOR 16 CAR MASONRY GARAGE (3B CONSTRUCTION), 6]",13,single_unit_count
commercial_14312120200000,permit_chain_100816649,4,3,100816649/100820170/100858599/100861654,2155 N ELSTON AVE,2155 N ELSTON,2019-06-17,2019-12-20,2020-07-10,COMPLETE,"100816649: **DIRECT DEV SERVICES** FOUNDATIONS ONLY PERMIT FOR THE NEW CONSTRUCTION OF A 7-STORY APARTMENT BUILDING WITH RETAIL AND PARKING AT GRADE, AND A LIMITED PARKING BASEMENT. || 100861654: REVISION TO PERMIT#100816649 CHANGE OWNERSHIP, CHANGE GC TO POWER CONSTRUCTION COMPANY AND CHANGE MASON TO CONCRETE STRUCTURES/SACHI JOINT VENTURES. || 100820170: **DIRECT DEV SERVICES** FULL BUILDING PERMIT FOR THE NEW CONSTRUCTION OF A 7-STORY APARTMENT BUILDING WITH RETAIL AND PARKING AT GRADE. BASEMENT REMOVED FROM SCOPE. FOUNDATIONS ONLY PERMIT REVIEWED UNDER 100816649 || 100858599: *DIRECT DEV SERVICES** REVISION TO FULL BUILDING PERMIT 100820170.  REVISIONS INCLUDE UPDATES TO STRUCTURAL CONCRETE, CIVIL GRADING, WALL ALONG EXISTING RAILROAD TRACKS, AMENITY DECK, TRASH ROOM REVISIONS, MEP CHANGES IN COMMON AREAS AND DWELLING UNITS ALL PER PLANS.",0,,NA,NA,no_unit_count
commercial_14313080700000,permit_chain_100652264,2,2,100652264/100666018,1920 N MILWAUKEE AVE,1920 N MILWAUKEE,2016-09-16,2016-09-16,2016-12-15,COMPLETE,"100652264: FOUNDATION AND SUPERSTRUCTURE ONLY FOR NEW 7-STORY, 44 UNIT RESIDENTIAL BUILDING WITH GROUND FLOOR RETAIL.*******NO ELECTRICAL OR HVAC WORK****** || 100666018: FULL BUILDING PHASE- INTERIOR BUILD-OUT OF NEW 7 STORY 44 UNIT RESIDENTIAL BUILDING WITH GROUND FLOOR RETAIL AND INSTALLATION OF 3,775 SF GREEN ROOF AND BOCCE BALL COURT AT ROOF. FOUNDATION AND SUPERSTRUCTURE (GREEN ROOF STRUCTURE) PERMITTED UNDER 100652264",1,44,"100652264: 44 [FOUNDATION AND SUPERSTRUCTURE ONLY FOR NEW 7-STORY, 44 UNIT RESIDENTIAL BUILDING WITH GROUND FLOOR RETAIL.*******NO ELECTRICAL OR HVAC WORK******] || 100666018: 44 [FULL BUILDING PHASE- INTERIOR BUILD-OUT OF NEW 7 STORY 44 UNIT RESIDENTIAL BUILDING WITH GROUND FLOOR RETAIL AND INSTALLATION OF 3,775 SF GREEN ROOF AND BOCCE BAL]",44,single_unit_count
commercial_14313080700000,permit_chain_100698256,3,1,100698256/100711464/B100710745,1920 N MILWAUKEE AVE,1920 N MILWAUKEE,2017-05-16,2017-06-02,2017-06-20,COMPLETE,"100698256: SELF CERT, FIRST TIME TENANT BUILDOUT, COMMERCIAL INTERIOR IMPROVEMENTS TO EXISTING BUILDING. OCCUPANCY: F- MERCANTILE || B100710745: CHANGE OF ELECTRICAL CONTRACTOR OF ORIGINAL PERMIT #100698256 || 100711464: REVISION TO PERMIT #100698256 TO CHANGE GENERAL CONTRACTOR TO HAGGE CONSTRUCTION COMPANY. CHANGE PLUMBING CONTRACTOR TO FIRST CLASS PLUMBING. CHANGE HVAC CONTRACTOR TO VALUE PRO MECHANICAL.",0,,NA,NA,no_unit_count
commercial_16013050010000,permit_chain_100583280,2,2,100583280/100611218,1045 N SACRAMENTO AVE,1045 N SACRAMENTO,2015-02-27,2015-03-04,2015-08-26,COMPLETE,"100583280: FOUNDATION SYSTEMS ONLY FOR NEW CONSTRUCTION OF A PROPOSED FOUR-STORY, 49 DWELLING UNIT VETERANS HOUSING FACILITY WITH AT GRADE EXTERIOR PARKING LOT. || 100611218: REVISION TO FOUNDATION SYSTEMS ONLY PERMIT #100583280. SCOPE INCLUDES ADDITIONAL FOUNDATION WORK TO ACCOMODATE RELOCATED LOBBY WALL LOCATIONS AND OTHER FOUNDATION ONLY MODIFICATIONS.",1,49,"100583280: 49 [FOUNDATION SYSTEMS ONLY FOR NEW CONSTRUCTION OF A PROPOSED FOUR-STORY, 49 DWELLING UNIT VETERANS HOUSING FACILITY WITH AT GRADE EXTERIOR PARKING LOT.]",49,single_unit_count
commercial_16013050010000,permit_chain_100603885,2,1,100603885/100655659,1045 N SACRAMENTO AVE,1045 N SACRAMENTO,2015-07-08,2015-07-09,2016-06-16,COMPLETE,"100603885: NEW CONSTRUCTION: FULL BUILDING PERMIT FOR A 4-STORY, 49 DU, VERERAN'S HOUSING BUILDING WITH SUPPORT FCILITIES ON THE GORUND FLOOR AND SURFACE PARKING ALL PER PLANS. ** GREEN ROOF AREA = 5,483 SQ. FT.**  1045 N. SACRAMENTO. || 100655659: CHANGE PLUMBING CONTRACTOR TO SACRAMENTO AND THOMAS LIMITED PARTNERSHIP PER PERMIT#100603885",1,49,"100603885: 49 [NEW CONSTRUCTION: FULL BUILDING PERMIT FOR A 4-STORY, 49 DU, VERERAN'S HOUSING BUILDING WITH SUPPORT FCILITIES ON THE GORUND FLOOR AND SURFACE PARKING ALL PER]",49,single_unit_count
commercial_16111020190000,permit_chain_100744642,3,1,100744642/100765814/100828527,738 N AVERS AVE,738 N AVERS,2018-02-20,2018-03-26,2020-04-02,COMPLETE,"100744642: ERECT A 3 STORY IIIB MASONRY 6 DWELLING  UNIT  BUILDING WITH BASEMENT PER PLANS[SEE PERMIT #100828527 TO CONVERT TO 7 DWELLING UNITS] || 100765814: REVISION TO PERMIT #100744642. FOR ALTERNATIVE CODE APPROVAL REQUEST: DRAINAGE & VENT PIPE & FITTINGS-PILOT PROGRAM (THE ALTERNATIVE DRAINAGE & VENT PIPE WILL BE SCHEDULE 40 PVC). || 100828527: CONVERSION FROM  6 UNIT  TO 7 UNIT APARMENT BUILDING  WITH 6 OPEN PARKING  STALLS  , PERPLANS",2,6/7,"100744642: 6 [ERECT A 3 STORY IIIB MASONRY 6 DWELLING UNIT BUILDING WITH BASEMENT PER PLANS[SEE PERMIT #100828527 TO CONVERT TO 7 DWELLING UNITS]] || 100744642: 7 [IIIB MASONRY 6 DWELLING UNIT BUILDING WITH BASEMENT PER PLANS[SEE PERMIT #100828527 TO CONVERT TO 7 DWELLING UNITS]] || 100828527: 6 [CONVERSION FROM 6 UNIT TO 7 UNIT APARMENT BUILDING WITH 6 OPEN PARKING STALLS , PERPLANS] || 100828527: 7 [CONVERSION FROM 6 UNIT TO 7 UNIT APARMENT BUILDING WITH 6 OPEN PARKING STALLS , PERPLANS]",NA,conflicting_unit_counts
commercial_16132180010000,permit_chain_100563604,3,1,100563604/100596411/B100594678,316 S MAPLEWOOD CT,316 S MAPLEWOOD,2014-12-15,2015-05-05,2015-05-22,COMPLETE,"100563604: BUILDING 1: NEW CONSTRUCTION OF A 3 STORY - 15 UNIT RESIDENTIAL BUILDING AS PER PLANS. TOTAL AREA OF WORK: 20,541 SF. ADDRESS TO BE INCLUDED WITH THIS PERMIT 330 S MAPLEWOOD CT AND 332 S MAPLEWOOD CT. || B100594678: REVISION TO PERMIT 100563604 DUE TO CHANGE IN ELECTRICAL CONTRACTOR  ADDRESS TO BE INCLUDED WITH THIS PERMIT: 330 S MAPLEWOOD CT AND 332 S MAPLEWOOD CT || 100596411: REVISION TO PERMIT #100563604 TO CHANGE THE MASON CONTRACTOR TO A.G. CONSTRUCTION SERVICES, INC.",1,15,"100563604: 15 [BUILDING 1: NEW CONSTRUCTION OF A 3 STORY - 15 UNIT RESIDENTIAL BUILDING AS PER PLANS. TOTAL AREA OF WORK: 20,541 SF. ADDRESS TO BE INCLUDED WITH THIS]",15,single_unit_count
commercial_16132180010000,permit_chain_100563611,3,1,100563611/100595327/B100594689,312 S MAPLEWOOD CT,312 S MAPLEWOOD,2014-12-15,2015-05-05,2015-05-15,COMPLETE,"100563611: BUILDING 2: NEW CONSTRUCTION OF A 1 STORY BUILDING  AS PER PLANS.  TOTAL AREA OF WORK: 3,400 SF. || B100594689: REVISION TO PERMIT 100563611 DUE TO CHANGE IN ELECTRICAL CONTRACTOR || 100595327: REVISION TO PERMIT #100563611 TO CHANGE THE MASON OF RECORD TO DUNIGAN CONSTRUCTION, INC.",0,,NA,NA,no_unit_count
commercial_16132180010000,permit_chain_100563619,3,1,100563619/100595333/B100594671,332 S MAPLEWOOD AVE,332 S MAPLEWOOD,2014-12-15,2015-05-05,2015-05-15,COMPLETE,"100563619: BUILDING 4: NEW CONSTRUCTION OF A 3 STORY - 11 UNIT RESIDENTIAL BUILDING AS PER PLANS.  TOTAL AREA OF WORK: 11,962 SF.ADDRESS TO BE INCLUDED WITH THIS PERMIT: 334 S MAPLEWOOD AVE || B100594671: REVISION TO PERMIT 100563619 DUE TO CHANGE IN ELECTRICAL CONTRACTOR  ADDRESS TO BE INCLUDED WITH THIS PERMIT: 334 S. MAPLEWOOD AVE || 100595333: REVISION TO PERMIT #100563619 TO CHANGE THE MASON OF RECORD TO DUNIGAN CONSTRUCTION, INC.",1,11,"100563619: 11 [BUILDING 4: NEW CONSTRUCTION OF A 3 STORY - 11 UNIT RESIDENTIAL BUILDING AS PER PLANS. TOTAL AREA OF WORK: 11,962 SF.ADDRESS TO BE INCLUDED WITH THIS]",11,single_unit_count
commercial_16132180010000,permit_chain_100563621,3,1,100563621/100595340/B100594667,306 S MAPLEWOOD AVE,306 S MAPLEWOOD,2014-12-15,2015-05-05,2015-05-15,COMPLETE,"100563621: BUILDING 6: NEW CONSTRUCTION OF A 3 STORY - 12 UNIT RESIDENTIAL BUILDING AS PER PLANS.  TOTAL AREA OF WORK: 17,843 SF.    ADDRESS TO BE INCLUDED WITH THIS PERMIT: 2537 W JACKSON BLVD AND 2543 W JACKSON BLVD || B100594667: CHANGE OF CONTRACTOR ONLY ORIGINAL PERMIT NUMBER 100563621 || 100595340: REVISION TO PERMIT #100563621 TO CHANGE THE MASON OF RECORD TO DUNIGAN CONSTRUCTION, INC.",1,12,"100563621: 12 [BUILDING 6: NEW CONSTRUCTION OF A 3 STORY - 12 UNIT RESIDENTIAL BUILDING AS PER PLANS. TOTAL AREA OF WORK: 17,843 SF. ADDRESS TO BE INCLUDED WITH T]",12,single_unit_count
commercial_16132180010000,permit_chain_100563622,3,1,100563622/100595355/B100594685,2557 W JACKSON BLVD,2557 W JACKSON,2014-12-15,2015-05-05,2015-05-15,COMPLETE,"100563622: BUILDING 7: NEW CONSTRUCTION OF A 3 STORY - 6 UNIT RESIDENTIAL BUILDING AS PER PLANS.  TOTAL AREA OF WORK: 7,233 SF. || B100594685: REVISION TO PERMIT 100563622 DUE TO CHANGE IN ELECTRICAL CONTRACTOR || 100595355: REVISION TO PERMIT #100563622 TO CHANGE THE MASON OF RECORD TO DUNIGAN CONSTRUCTION, INC.",1,6,"100563622: 6 [BUILDING 7: NEW CONSTRUCTION OF A 3 STORY - 6 UNIT RESIDENTIAL BUILDING AS PER PLANS. TOTAL AREA OF WORK: 7,233 SF.]",6,single_unit_count
commercial_16132180010000,permit_chain_100563624,3,1,100563624/100596420/B100594674,2556 W VAN BUREN ST,2556 W VAN BUREN,2014-12-15,2015-05-05,2015-05-22,COMPLETE,"100563624: BUILDING 8: NEW CONSTRUCTION OF A 3 STORY - 6 UNIT RESIDENTIAL BUILDING AS PER PLANS.  TOTAL AREA OF WORK: 9,162 SF. || B100594674: REVISION TO PERMIT 100563624 DUE TO CHANGE IN ELECTRICAL CONTRACTOR || 100596420: REVISION TO PERMIT #100563624 TO CHANGE THE MASON CONTRACTOR TO A.G. CONSTRUCTION SERVICES, INC.",1,6,"100563624: 6 [BUILDING 8: NEW CONSTRUCTION OF A 3 STORY - 6 UNIT RESIDENTIAL BUILDING AS PER PLANS. TOTAL AREA OF WORK: 9,162 SF.]",6,single_unit_count
commercial_16132180010000,permit_chain_100573230,3,1,100573230/100596418/B100594673,2536 W VAN BUREN ST,2536 W VAN BUREN,2014-12-15,2015-05-05,2015-05-22,COMPLETE,"100573230: BUILDING 3: NEW CONSTRUCTION OF A 3 STORY - 15 UNIT RESIDENTIAL BUILDING AS PER PLANS. TOTAL AREA OF WORK: 19,782 SF. ADDRESS TO BE INCLUDED WITH THIS PERMIT 2546 W VAN BUREN ST AND 340 S MAPLEWOOD AVE || B100594673: REVISION TO PERMIT 100573230 DUE TO CHANGE IN ELECTRICAL COTRACTOR  ADDRESS TO BE INCLUDED WITH THIS PERMIT: 2546 W VAN BUREN ST AND 340 S MAPLEWOOD AVE || 100596418: REVISION TO PERMIT #100573230 TO CHANGE THE MASON CONTRACTOR TO A.G. CONSTRUCTION SERVICES, INC.",1,15,"100573230: 15 [BUILDING 3: NEW CONSTRUCTION OF A 3 STORY - 15 UNIT RESIDENTIAL BUILDING AS PER PLANS. TOTAL AREA OF WORK: 19,782 SF. ADDRESS TO BE INCLUDED WITH THIS]",15,single_unit_count
commercial_16132180010000,permit_chain_100563620,3,1,100563620/100596419/B100594682,314 S MAPLEWOOD AVE,314 S MAPLEWOOD,2014-12-16,2015-05-05,2015-05-22,COMPLETE,"100563620: BUILDING 5: NEW CONSTRUCTION OF A 3 STORY - 11 UNIT RESIDENTIAL BUILDING AS PER PLANS. TOTAL AREA OF WORK: 15,021 SF.ADDRESS TO BE INCLUDED WITH THIS PERMIT 322 S MAPLEWOOD AVE || B100594682: REVISION TO PERMIT 100563620 DUE TO CHANGE IN ELECTRICAL CONTRACTOR  ADDRESS TO BE INCLUDED WITH THIS PERMIT 322 S MAPLEWOOD AVE || 100596419: REVISION TO PERMIT #100563620 TO CHANGE THE MASON CONTRACTOR TO A.G. CONSTRUCTION SERVICES, INC.",1,11,"100563620: 11 [BUILDING 5: NEW CONSTRUCTION OF A 3 STORY - 11 UNIT RESIDENTIAL BUILDING AS PER PLANS. TOTAL AREA OF WORK: 15,021 SF.ADDRESS TO BE INCLUDED WITH THIS P]",11,single_unit_count
commercial_16143160370000,permit_chain_100592524,2,1,100592524/100634898,817 S LAWNDALE AVE,817 S LAWNDALE,2015-04-29,2015-05-01,2016-02-11,COMPLETE,"100592524: ERECT NEW 2 STORY 5 UNIT BUILDING WITH 5 ATTACHED PRIVATE GARAGES 817 SOUTH LAWNDALE AVENUE || 100634898: REVISION TO PERMIT #100592524:SCOPE OF WORK INCLUDES UPDATING OF ROOF FRAMING, MECHANICAL AND PANTRY CLOSET LAYOUT INCLUDING MEP UPDATES PER NEW LAYOUT, NEW ELECTRICAL METER FOR REVISED ELECTRICAL SERVICE DESIGN, WATER METER ROOM CHANGES, RELOCATION OF DOWNSPOUTS AND RAINBARRELS, REMOVAL OF HARD-DUCTED RETURN MECHANICAL DESIGN, TOTAL AREA OF REVISION- 4,480 SF- 817 SOUTH LAWNDALE AVENUE",1,5,100592524: 5 [ERECT NEW 2 STORY 5 UNIT BUILDING WITH 5 ATTACHED PRIVATE GARAGES 817 SOUTH LAWNDALE AVENUE],5,single_unit_count
commercial_16143160370000,permit_chain_100592525,2,1,100592525/100634899,915 S LAWNDALE AVE,915 S LAWNDALE,2015-04-29,2015-05-01,2016-03-03,COMPLETE,"100592525: ERECT NEW 2 STORY 5 UNIT BUILDING WITH 5 ATTACHED PRIVATE GARAGES  915 SOUTH LAWNDALE AVENUE || 100634899: REVISION TO PERMIT #100592525:SCOPE OF WORK INCLUDES UPDATING OF ROOF FRAMING, MECHANICAL AND PANTRY CLOSET LAYOUT INCLUDING MEP UPDATES PER NEW LAYOUT, NEW ELECTRICAL METER FOR REVISED ELECTRICAL SERVICE DESIGN, WATER METER ROOM CHANGES, RELOCATION OF DOWNSPOUTS AND RAINBARRELS, REMOVAL OF HARD-DUCTED RETURN MECHANICAL DESIGN, TOTAL AREA OF REVISION- 4,480 SF- 915 SOUTH LAWNDALE AVENUE",1,5,100592525: 5 [ERECT NEW 2 STORY 5 UNIT BUILDING WITH 5 ATTACHED PRIVATE GARAGES 915 SOUTH LAWNDALE AVENUE],5,single_unit_count
commercial_16143160370000,permit_chain_100592526,2,1,100592526/100634900,917 S LAWNDALE AVE,917 S LAWNDALE,2015-04-29,2015-05-01,2016-02-11,COMPLETE,"100592526: ERECT NEW 2 STORY 5 UNIT BUILDING WITH 5 ATTACHED PRIVATE GARAGES  917 SOUTH LAWNDALE AVENUE || 100634900: REVISION TO PERMIT #100592526:SCOPE OF WORK INCLUDES UPDATING OF ROOF FRAMING, MECHANICAL AND PANTRY CLOSET LAYOUT INCLUDING MEP UPDATES PER NEW LAYOUT, NEW ELECTRICAL METER FOR REVISED ELECTRICAL SERVICE DESIGN, WATER METER ROOM CHANGES, RELOCATION OF DOWNSPOUTS AND RAINBARRELS, REMOVAL OF HARD-DUCTED RETURN MECHANICAL DESIGN, TOTAL AREA OF REVISION- 4,480 SF 917 SOUTH LAWNDALE AVENUE",1,5,100592526: 5 [ERECT NEW 2 STORY 5 UNIT BUILDING WITH 5 ATTACHED PRIVATE GARAGES 917 SOUTH LAWNDALE AVENUE],5,single_unit_count
commercial_16143160370000,permit_chain_100592527,2,1,100592527/100634901,3608 W ARTHINGTON ST,3608 W ARTHINGTON,2015-04-29,2015-05-01,2016-02-11,COMPLETE,"100592527: ERECT 2 STORY 8 UNIT RESIDENTIAL BUILDING WITH SURFACE PARKING 3608 WEST ARTHINGTON STREET || 100634901: REVISION TO PERMIT #100592527:SCOPE OF WORK INCLUDES UPDATING OF ROOF FRAMING, NEW ELECTRICAL METER FOR REVISED ELECTRICAL SERVICE DESIGN, WATER METER ROOM CHANGES, RELOCATION OF DOWNSPOUTS AND RAINBARRELS, REMOVAL OF HARD-DUCTED RETURN MECHANICAL DESIGN, TOTAL AREA OF REVISION: 4,648 SF 3608 WEST ARTHINGTON STREET",1,8,100592527: 8 [ERECT 2 STORY 8 UNIT RESIDENTIAL BUILDING WITH SURFACE PARKING 3608 WEST ARTHINGTON STREET],8,single_unit_count
commercial_16143160370000,permit_chain_100592528,2,1,100592528/100634902,3609 W ARTHINGTON ST,3609 W ARTHINGTON,2015-04-29,2015-05-01,2016-02-11,COMPLETE,"100592528: ERECT 2 STORY 8 UNIT RESIDENTIAL BUILDING WITH SURFACE PARKING 3609 WEST ARTHINGTON STREET || 100634902: REVISION TO PERMIT #100592528:SCOPE OF WORK INCLUDES UPDATING OF ROOF FRAMING, MECHANICAL AND PANTRY CLOSET LAYOUT INCLUDING MEP UPDATES PER NEW LAYOUT, NEW ELECTRICAL METER FOR REVISED ELECTRICAL SERVICE DESIGN, WATER METER ROOM CHANGES, RELOCATION OF DOWNSPOUTS AND RAINBARRELS, REMOVAL OF HARD-DUCTED RETURN MECHANICAL DESIGN, TOTAL AREA OF REVISION- 4,648 SF- 3609 WEST ARTHINGTON AVENUE",1,8,100592528: 8 [ERECT 2 STORY 8 UNIT RESIDENTIAL BUILDING WITH SURFACE PARKING 3609 WEST ARTHINGTON STREET],8,single_unit_count
commercial_16143160370000,permit_chain_100592529,2,1,100592529/100634903,3620 W ARTHINGTON ST,3620 W ARTHINGTON,2015-04-29,2015-05-04,2016-02-11,COMPLETE,"100592529: ERECT 2 STORY 8 UNIT RESIDENTIAL BUILDING WITH SURFACE PARKING- 3620 WEST ARTHINGTON STREET || 100634903: REVISION TO PERMIT #100592529:SCOPE OF WORK INCLUDES UPDATING OF ROOF FRAMING, MECHANICAL AND PANTRY CLOSET LAYOUT INCLUDING MEP UPDATES PER NEW LAYOUT, NEW ELECTRICAL METER FOR REVISED ELECTRICAL SERVICE DESIGN, WATER METER ROOM CHANGES, RELOCATION OF DOWNSPOUTS AND RAINBARRELS, REMOVAL OF HARD-DUCTED RETURN MECHANICAL DESIGN, TOTAL AREA OF REVISION- 4,648 SF- 3620 WEST ARTHINGTON AVENUE",1,8,100592529: 8 [ERECT 2 STORY 8 UNIT RESIDENTIAL BUILDING WITH SURFACE PARKING- 3620 WEST ARTHINGTON STREET],8,single_unit_count
commercial_16143160370000,permit_chain_100592530,2,1,100592530/100634904,3621 W ARTHINGTON ST,3621 W ARTHINGTON,2015-04-29,2015-05-04,2016-02-11,COMPLETE,"100592530: ERECT 2 STORY 8 DWELLING UNIT BUILDING WITH EXTERIOR SURFACE PARKING; 3621 WEST ARTHINGTON STREET || 100634904: REVISION TO PERMIT #100592530:SCOPE OF WORK INCLUDES UPDATING OF ROOF FRAMING, MECHANICAL AND PANTRY CLOSET LAYOUT INCLUDING MEP UPDATES PER NEW LAYOUT, NEW ELECTRICAL METER FOR REVISED ELECTRICAL SERVICE DESIGN, WATER METER ROOM CHANGES, RELOCATION OF DOWNSPOUTS AND RAINBARRELS, REMOVAL OF HARD-DUCTED RETURN MECHANICAL DESIGN, TOTAL AREA OF REVISION- 4,648 SF- 3621 WEST ARTHINGTON AVENUE",1,8,100592530: 8 [ERECT 2 STORY 8 DWELLING UNIT BUILDING WITH EXTERIOR SURFACE PARKING; 3621 WEST ARTHINGTON STREET],8,single_unit_count
commercial_16143160370000,permit_chain_100592531,2,1,100592531/100634905,815 S LAWNDALE AVE,815 S LAWNDALE,2015-04-29,2015-05-04,2016-02-11,COMPLETE,"100592531: ERECT 2 STORY  5 DWELLING UNIT BUILDING WITH 5 PRIVATE ATTACHED GARAGES; 815 SOUTH LAWNDALE AVENUE || 100634905: REVISION TO PERMIT #100592531:SCOPE OF WORK INCLUDES UPDATING OF ROOF FRAMING,MECHANICAL AND PANTRY CLOSET LAYOUT INCLUDING MEP UPDATES PER NEW LAYOUT, NEW ELECTRICAL METER FOR REVISED ELECTRICAL SERVICE DESIGN, WATER METER ROOM CHANGES, RELOCATION OF DOWNSPOUTS AND RAINBARRELS, REMOVAL OF HARD-DUCTED RETURN MECHANICAL DESIGN, TOTAL AREA OF REVISION- 4,480 SF- 815 SOUTH LAWNDALE AVENUE",1,5,100592531: 5 [ERECT 2 STORY 5 DWELLING UNIT BUILDING WITH 5 PRIVATE ATTACHED GARAGES; 815 SOUTH LAWNDALE AVENUE],5,single_unit_count
commercial_16242010140000,permit_chain_100349959,1,1,100349959,1218 S WASHTENAW AVE,1218 S WASHTENAW,2010-08-25,2010-08-25,2010-08-25,COMPLETE,100349959: OGDEN NORTH DEVELOPMENT- ERECT A 5 UNIT MASONRY VENEER 5 UNIT BUILDING W/4 PARKING SPACES.GREEN PERMIT PROGRAM BENEFIT TIER II. CHICAGO GREEN HOMES 3 STARS.,1,5,100349959: 5 [OGDEN NORTH DEVELOPMENT- ERECT A 5 UNIT MASONRY VENEER 5 UNIT BUILDING W/4 PARKING SPACES.GREEN PERMIT PROGRAM BENEFIT TIER II. CHICAGO GRE] || 100349959: 5 [OGDEN NORTH DEVELOPMENT- ERECT A 5 UNIT MASONRY VENEER 5 UNIT BUILDING W/4 PARKING SPACES.GREEN PERMIT PROGRAM BENEFIT TIER II. CHICAGO GREEN HOMES 3 STARS.],5,single_unit_count
commercial_16242070180000,permit_chain_100349960,1,1,100349960,1317 S FAIRFIELD AVE,1317 S FAIRFIELD,2010-08-25,2010-08-25,2010-08-25,COMPLETE,100349960: OGDEN NORTH DEVELOPMENT- ERECT A 5 UNIT MASONRY VENEER 5 UNIT BUILDING W/4 PARKING SPACES.GREEN PERMIT PROGRAM BENEFIT TIER II. CHICAGO GREEN HOMES 3 STARS.,1,5,100349960: 5 [OGDEN NORTH DEVELOPMENT- ERECT A 5 UNIT MASONRY VENEER 5 UNIT BUILDING W/4 PARKING SPACES.GREEN PERMIT PROGRAM BENEFIT TIER II. CHICAGO GRE] || 100349960: 5 [OGDEN NORTH DEVELOPMENT- ERECT A 5 UNIT MASONRY VENEER 5 UNIT BUILDING W/4 PARKING SPACES.GREEN PERMIT PROGRAM BENEFIT TIER II. CHICAGO GREEN HOMES 3 STARS.],5,single_unit_count
commercial_16242070180000,permit_chain_100359998,1,1,100359998,1315 S FAIRFIELD AVE,1315 S FAIRFIELD,2010-08-25,2010-08-25,2010-08-25,COMPLETE,100359998: OGDEN NORTH DEVELOPMENT- ERECT A 3 STORY 3 DWELLING UNIT MASONRY VENEER BUILDING. GREEN PERMIT PROGRAM BENEFIT TIER II. CHICAGO GREEN HOMES 3 STARS.,1,3,100359998: 3 [OGDEN NORTH DEVELOPMENT- ERECT A 3 STORY 3 DWELLING UNIT MASONRY VENEER BUILDING. GREEN PERMIT PROGRAM BENEFIT TIER II. CHICAGO GREEN HOMES 3 STARS.],3,single_unit_count
commercial_16242070530000,permit_chain_100349958,1,1,100349958,1262 S WASHTENAW AVE,1262 S WASHTENAW,2010-06-22,2010-08-25,2010-08-25,COMPLETE,100349958: OGDEN NORTH DEVELOPMENT- ERECT A 5 UNIT MASONRY VENEER 5 UNIT BUILDING W/4 PARKING SPACES.GREEN PERMIT PROGRAM BENEFIT TIER II. CHICAGO GREEN HOMES 3 STARS,1,5,100349958: 5 [OGDEN NORTH DEVELOPMENT- ERECT A 5 UNIT MASONRY VENEER 5 UNIT BUILDING W/4 PARKING SPACES.GREEN PERMIT PROGRAM BENEFIT TIER II. CHICAGO GRE] || 100349958: 5 [OGDEN NORTH DEVELOPMENT- ERECT A 5 UNIT MASONRY VENEER 5 UNIT BUILDING W/4 PARKING SPACES.GREEN PERMIT PROGRAM BENEFIT TIER II. CHICAGO GREEN HOMES 3 STARS],5,single_unit_count
commercial_16242070530000,permit_chain_100359790,1,1,100359790,1303 S FAIRFIELD AVE,1303 S FAIRFIELD,2010-08-24,2010-08-24,2010-08-24,COMPLETE,"100359790: OGDEN NORTH DEVELOPMENT BUILDING 5- 1303-1307 SOUTH FAIRFIELD AVENUE- ERECT A 3 STORY, 6 UNIT MASONRY VENEER RESIDENTIAL BUILDING (5 PARKING SPACES) GREEN PERMIT PROGRAM BENEFIT TIER II. CERTIFICATE OF OCCUPANCY REQUIRED",1,6,"100359790: 6 [OGDEN NORTH DEVELOPMENT BUILDING 5- 1303-1307 SOUTH FAIRFIELD AVENUE- ERECT A 3 STORY, 6 UNIT MASONRY VENEER RESIDENTIAL BUILDING (5 PARKING SPACES) GREEN PERMIT PROGRAM BENEFIT TIER II. CERTIF]",6,single_unit_count
commercial_16242070530000,permit_chain_100359791,1,1,100359791,1302 S WASHTENAW AVE,1302 S WASHTENAW,2010-08-24,2010-08-24,2010-08-24,COMPLETE,"100359791: OGDEN NORTH DEVELOPMENT BUILDING 10 ERECT A 3 STORY, 6 UNIT MASONRY VENEER RESIDENTIAL BUILDING (5 PARKING SPACES) GREEN PERMIT PROGRAM BENEFIT TIER II",1,6,"100359791: 6 [OGDEN NORTH DEVELOPMENT BUILDING 10 ERECT A 3 STORY, 6 UNIT MASONRY VENEER RESIDENTIAL BUILDING (5 PARKING SPACES) GREEN PERMIT PROGRAM BENEFIT TIER II]",6,single_unit_count
commercial_16244000200000,permit_chain_100103559,6,2,100103559/100103587/100103589/B100216380/B100216383/B100216384,1655 S CALIFORNIA BLVD / 1657 S CALIFORNIA BLVD / 1659 S CALIFORNIA BLVD,1655 S CALIFORNIA/1657 S CALIFORNIA/1659 S CALIFORNIA,2006-03-24,2006-08-23,2008-03-27,COMPLETE,100103559: ERECT NEW 4 STRY; 3B CONST. TYPE BLDG; W/ 4DUS W DETACHED 3 CAR GARAGE & 1 PARKING SPOT ON CONCRETE PAD AS PER PLANS. (CONDITIONAL BUILDING PERMIT SUBJECT TO FIELD INSPECTION & CONTINGENT UPON IMPROVEMENTS MADE AS PER PLANS FOR PERMIT #'S 100103589 & 100103587 TO SHARED EASEMENT W/ 1657 & 1659 S. CALIFORNIA AVE) || 100103587: ERECT NEW 4 STRY; 3B CONST. TYPE BLDG; W/ 4 DUS W/ DETACHED GARAGE & 1 PARKING SPOT ON CONCRETE PAD AS PER PLANS (CONDITIONAL BUILDING PERMIT SUBJECT TO FIELD INSPECTION & CONTINGENT UPON IMPROVEMENTS MADE AS PER PLANS FOR PERMIT #'S 100103559 & 100103589 TO SHARED EASEMENT W/ 1655 & 1659 S. CALIFORNIA AVE) || 100103589: ERECT NEW 4 STRY; 3B CONST. TYPE BLDG; W/ 4DU'S W DETACHED 3 CAR GARAGE & 1 PARKING SPOT ON CONCRETE PAD AS PER PLANS. (CONDITIONAL BUILDING PERMIT SUBJECT TO FIELD INSPECTION & CONTINGENT UPON IMPROVEMENTS MADE AS PER PLANS FOR PERMIT #'S 100103587 & 100103559 TO SHARED EASEMENT W/ 1655 & 1657 S. CALIFRONIA AVE) || B100216380: CHANGE OF PERMIT   BUILDING PERMIT # - 100103559 || B100216383: CHANGE OF PERMIT  BUILDING PERMIT # - 100103587 || B100216384: CHANGE OF PERMIT  BUILDING PERMIT # - 100103589,1,4,100103589: 4 [ERECT NEW 4 STRY; 3B CONST. TYPE BLDG; W/ 4DU'S W DETACHED 3 CAR GARAGE & 1 PARKING SPOT ON CONCRETE PAD AS PER PLANS. (CONDITIONAL BUILDING PERM],4,single_unit_count
commercial_17041120710000,permit_chain_100891575,13,9,100891575/100891579/100891583/100910286/100910287/100910288/100917473/100917474/100917483/100961876/100962785/100962786/B100924165,711 W SCHILLER ST / 731 W SCHILLER ST / 749 W SCHILLER ST,711 W SCHILLER/731 W SCHILLER/749 W SCHILLER,2020-10-26,2020-12-15,2022-04-26,COMPLETE,"100891575: DIRECT DEVELOPER SERVICES* 2019 CBC: FULL BUILDING PERMIT FOR 4 STORY 16 DWELLING UNIT APARTMENT BUILDING WITH 9 OUTDOOR PARKING SPACES. OCCUPANCY GROUPS R-2, TYPE V-A CONSTRUCTION. SCHILLER PLACE BUILDING 1 OF 3. PLAN REVIEW FOR ALL 3 BUILDINGS TO OCCUR UNDER THIS PERMIT. CONSULTANT REVIEWER: GLOBETROTTERS ENGINEERING || 100891579: DIRECT DEVELOPER SERVICES* 2019 CBC: FULL BUILDING PERMIT FOR 4 STORY 16 DWELLING UNIT APARTMENT BUILDING WITH 9 OUTDOOR PARKING SPACES. OCCUPANCY GROUP R-2, TYPE V-A CONSTRUCTION. SCHILLER PLACE BUILDING 2 OF 3. PLAN REVIEW TO OCCUR UNDER PERMIT 100891575. CONSULTANT REVIEWER: GLOBETROTTERS ENGINEERING || 100891583: DDS 2019 CBC: FULL BUILDING PERMIT FOR 4 STORY 16 DWELLING UNIT APARTMENT BUILDING AND LEASING OFFICE WITH 9 OUTDOOR PARKING SPACES, OCCUPANCY GROUP R-2, TYPE V-A CONSTRUCTION. SCHILLER PLACE BUILDING 3 OF 3. PLAN REVIEW TO OCCUR UNDER PERMIT 100891575 CONSULTANT REVIEWER: GLOBETROTTERS ENGINEERING || 100917473: REVISION TO PERMIT#100891575 ALT. CODE APPROVAL:USE PVC FOR DRAIN AND VENT PIPE FOR NEW CONSTRUCTION 4 STORY MULTI UNIT BUILDING. || 100917474: REVISION TO PERMIT#100891579 ALT. CODE APPROVAL:USE PVC FOR DRAIN AND VENT PIPE. NEW CONSTRUCTION 4 STORY MULTI UNIT BUILDING. || 100917483: REVISION TO PERMIT#100891583 ALT. CODE APPROVAL:USE PVC FOR DRAIN AND VENT PIPE. NEW CONSTRUCTION 4 STORY MULTI UNIT BUILDING. || 100910286: DDS 2019 CBC, PD 1075: REVISION TO PERMIT 100891575. REVISION TO WATER SERVICE PLANS/LAYOUT OF METER AND CONNECTION, ELECTRICAL SERVICE AND METER LAYOUT, AND STRUCTURAL FOUNDATION WALL DETAIL. OCCUPANCY GROUP R-2, TYPE V-A CONSTRUCTION. SCHILLER PLACE BUILDING 1 OF 3. PERMIT DRAWINGS FOR ALL 3 BUILDINGS UNDER THIS PERMIT NUMBER.CONSULTANT REVIEWER: GLOBETROTTERS ENGINEERING || 100910287: DDS 2019 CBC, PD 1075: REVISION TO PERMIT 100891579. REVISE WATER SERVICE PLANS/LAYOUT OF METER AND CONNECTION, ELECTRICAL SERVICE AND METER LAYOUT, AND STRUCTURAL FOUNDATION WALL DETAIL. OCCUPANCY GROUP R-2, TYPE V-A CONSTRUCTION. SCHILLER PLACE BUILDING 2 OF 3. DRAWINGS UNDER PERMIT 100910286.CONSULTANT REVIEWER: GLOBETROTTERS ENGINEERING || 100910288: DDS 2019 CBC, PD 1075: REVISION TO PERMIT 100891583. REVISION TO WATER SERVICE PLANS/LAYOUT OF METER AND CONNECTION, ELECTRICAL SERVICE AND METER LAYOUT, AND STRUCTURAL FOUNDATION WALL DETAIL. OCCUPANCY GROUP R-2, TYPE V-A CONSTRUCTION. SCHILLER PLACE BUILDING 3 OF 3. DRAWINGS PERMIT 100910286. CONSULTANT REVIEWER: GLOBETROTTERS ENGINEERING || B100924165: INSTALL 4"" AND 5"" PVC CONDUITS, ENCASED IN CONCRETE, FOR COMMONWEALTH EDISON PRIMARY FEEDER RING TO TRANSFORMERS AT (3) DWELLING UNIT APARTMENT BUILDINGS. CONDUITS FEED TRANSFORMERS FOR  PERMITS  #100891575, #100891579 AND #100891583. || 100961876: DDS 2019 CBC, PD 1075: REVISION TO PERMITS 100891575 AND 100910286. INCORPORATION OF ALTERNATIVE CODE APPROVALS AND ENGINEERING JUDGMENTS FOR REVISED WALL TYPES AND WALL PENETRATIONS. OCCUPANCY GROUP R-2, TYPE V-A CONSTRUCTION. SCHILLER PLACE BUILDING 1 OF 3. PERMIT DRAWINGS FOR ALL 3 BUILDINGS UPLOADED UNDER THIS PERMIT. CONSULTANT REVIEWER: GLOBETROTTERS ENGINEERING || 100962785: DDS 2019 CBC, PD 1075: REVISION TO PERMITS 100891579 AND 100910287. INCORPORATION OF ALTERNATIVE CODE APPROVALS AND ENGINEERING JUDGMENTS FOR REVISED WALL TYPES AND WALL PENETRATIONS. OCCUPANCY GROUP R-2, TYPE V-A CONSTRUCTION. SCHILLER PLACE BUILDING 2 OF 3. PERMIT DRAWINGS UPLOADED UNDER PERMIT 100961876.CONSULTANT REVIEWER: GLOBETROTTERS ENGINEERING || 100962786: DDS 2019 CBC, PD 1075: REVISION TO PERMITS 100891583 AND 100910288. INCORPORATION OF ALTERNATIVE CODE APPROVALS AND ENGINEERING JUDGMENTS FOR REVISED WALL TYPES AND WALL PENETRATIONS. OCCUPANCY GROUP R-2, TYPE V-A CONSTRUCTION. SCHILLER PLACE BUILDING 3 OF 3. PERMIT DRAWINGS UPLOADED UNDER PERMIT 100961876. CONSULTANT REVIEWER: GLOBETROTTERS ENGINEERING",2,3/16,"100891575: 16 [DIRECT DEVELOPER SERVICES* 2019 CBC: FULL BUILDING PERMIT FOR 4 STORY 16 DWELLING UNIT APARTMENT BUILDING WITH 9 OUTDOOR PARKING SPACES. OCCUPANCY GROUPS R-2, TYPE V-A CONSTRUCTION. SCHI] || 100891579: 16 [DIRECT DEVELOPER SERVICES* 2019 CBC: FULL BUILDING PERMIT FOR 4 STORY 16 DWELLING UNIT APARTMENT BUILDING WITH 9 OUTDOOR PARKING SPACES. OCCUPANCY GROUP R-2, TYPE V-A CONSTRUCTION. SCHIL] || 100891583: 16 [DDS 2019 CBC: FULL BUILDING PERMIT FOR 4 STORY 16 DWELLING UNIT APARTMENT BUILDING AND LEASING OFFICE WITH 9 OUTDOOR PARKING SPACES, OCCUPANCY GROUP R-2, TYPE V-A] || B100924165: 3 [PVC CONDUITS, ENCASED IN CONCRETE, FOR COMMONWEALTH EDISON PRIMARY FEEDER RING TO TRANSFORMERS AT (3) DWELLING UNIT APARTMENT BUILDINGS. CONDUITS FEED TRANSFORMERS FOR PERMITS #100891575, #100891579 AND #100891583]",NA,conflicting_unit_counts
commercial_17041410320000,permit_chain_100475596,6,1,100475596/100511022/100541179/100564668/100570134/B100540778,500 W DIVISION ST,500 W DIVISION,2013-07-03,2013-07-17,2014-11-12,COMPLETE,100475596: ERECT 8 D.U. MASONRY BUILDING WITH ATTACHED 8 CAR MASONRY GARAGE AS PER PLAN. || 100511022: CHANGE GC TO IMVM INC AND MASON TO CODEX FOR PERMIT 100475596 || B100540778: CHANGE OF ELECTRICAL CONTRACTOR FOR ORIGINAL PERMIT #100475596 || 100541179: CHANGE OF HVAC CONTRACTOR FROM PMV CONSTRUCTION TO ZENEK HEATING AND COOLING IN EXISTING PERMIT #100475596 || 100564668: REVSION TO PERMIT #100475596 TO CHANGE THE GENERAL CONTRACTOR TO #1 RABBIT INC || 100570134: REVISION TO PERMIT # 100475596 ISSUED 7/17/2013 TO CHANGE THE GC TO ALGUMIN INC.,1,8,100475596: 8 [ERECT 8 D.U. MASONRY BUILDING WITH ATTACHED 8 CAR MASONRY GARAGE AS PER PLAN.],8,single_unit_count
commercial_17042021050000,permit_chain_100671923,2,1,100671923/100697702,1550 N WIELAND ST,1550 N WIELAND,2016-12-05,2016-12-05,2017-03-28,COMPLETE,"100671923: DIRECT DEVELOPER SERVICES: NEW CONSTRUCTION TYPE 1C CONSTRUCTION 6 STORY 60 UNIT RESIDENTIAL BUILDING WITH(42-DWELLING UNITS AND 18-EFFICIENCY UNITS); WITH GROUND FLOOR RETAIL SPACE.  TRANSIT ORIENTED DEVELOPMENT WITH 20 INTERNAL PARKING SPACES; 60-BICYCLE SPACES AND INTERNAL TRASH ROOM. || 100697702: CHANGE GC TO FBN CONSTNUCTION LLC & CHANGE PROPERTY OWNER TO 233 NORTH AVENUE JV, LLC FOR PERMIT 100671923",1,60,100671923: 60 [DIRECT DEVELOPER SERVICES: NEW CONSTRUCTION TYPE 1C CONSTRUCTION 6 STORY 60 UNIT RESIDENTIAL BUILDING WITH(42-DWELLING UNITS AND 18-EFFICIENCY UNITS); WITH GROUND FLOOR RETAIL SPAC],60,single_unit_count
commercial_17042120010000,permit_chain_100782618,3,2,100782618/100814608/100878811,343 W SCHILLER ST,343 W SCHILLER,2019-04-03,2019-04-10,2020-06-23,COMPLETE,100782618: ** DIRECT DEVELOPER SERVICES PROJECT** - FOUNDATION ONLY-  PERMIT  FOR A PROPOSED  9 STORY 105 UNIT BUILDING WITH GROUND FLOOR RETAIL AS PER PLANS. || 100814608: **DIRECT DEVELOPER SERVICES PROJECT** NEW 9 STORY 105 UNIT BUILDING WITH GROUND FLOOR RETAIL AS PER PLANS (FOUNDATION PERMIT ISSUED UNDER 100782618) || 100878811: REVISION TO PERMIT#100814608 ADD VENT CONTRACTOR O-B INDUSTRIES INC.,1,105,100782618: 105 [** DIRECT DEVELOPER SERVICES PROJECT** - FOUNDATION ONLY- PERMIT FOR A PROPOSED 9 STORY 105 UNIT BUILDING WITH GROUND FLOOR RETAIL AS PER PLANS.] || 100814608: 105 [**DIRECT DEVELOPER SERVICES PROJECT** NEW 9 STORY 105 UNIT BUILDING WITH GROUND FLOOR RETAIL AS PER PLANS (FOUNDATION PERMIT ISSUED UNDER 100782618)],105,single_unit_count
commercial_17042120010000,permit_chain_100836467,1,1,100836467,343 W SCHILLER ST,343 W SCHILLER,2019-08-23,2019-09-27,2019-09-27,COMPLETE,100836467: *** HOIST PERMIT *** SINGLE 8000LB RACK AND PINION ELEVATOR,0,,NA,NA,no_unit_count
commercial_17043060300000,permit_chain_100547342,1,1,100547342,459 W DIVISION ST,459 W DIVISION,2014-06-25,2014-06-25,2014-06-25,COMPLETE,100547342: CONSTRUCT A 9 STORY 94 UNIT BUILDING- 459 WEST DIVISION STREET,1,94,100547342: 94 [CONSTRUCT A 9 STORY 94 UNIT BUILDING- 459 WEST DIVISION STREET],94,single_unit_count
commercial_17044290090000,permit_chain_100625313,1,1,100625313,905 N ORLEANS ST,905 N ORLEANS,2015-11-25,2015-11-25,2015-11-25,COMPLETE,"100625313: PHASE 1 - CAISSON FOUNDATION AND CONSTRUCTION OF LEVELS 1-4 OF GARAGE SUPERSTRUCTURE. FOR AN 18 STORY, 208 UNIT RESIDENTIAL BUILDING WITH 149 PARKING SPACES, AND PROPOSED GREEN ROOF.",1,208,"100625313: 208 [SE 1 - CAISSON FOUNDATION AND CONSTRUCTION OF LEVELS 1-4 OF GARAGE SUPERSTRUCTURE. FOR AN 18 STORY, 208 UNIT RESIDENTIAL BUILDING WITH 149 PARKING SPACES, AND PROPOSED GREEN ROOF.]",208,single_unit_count
commercial_17044290090000,permit_chain_100625262,1,1,100625262,905 N ORLEANS ST,905 N ORLEANS,2015-12-08,2015-12-14,2015-12-14,COMPLETE,100625262: INSTALL FREE STANDING LIEBHERR 316 EC-H 12 LITRONIC TOWER CRANE,0,,NA,NA,no_unit_count
commercial_17044290090000,permit_chain_100629274,1,1,100629274,905 N ORLEANS ST,905 N ORLEANS,2015-12-29,2015-12-30,2015-12-30,COMPLETE,"100629274: CONSTRUCTION OF LEVELS 5-18 OF NEW 18 STORY BUILDING WITH 202 RESIDEDENTIAL UNITS, PRIVATE PARKING GARAGE FOR 149 CARS, LEASING AND RETAIL ON FIRST FLOOR AND AMENITIES, GREEN ROOF, POOL",0,,NA,NA,no_unit_count
commercial_17044290090000,permit_chain_100636495,1,1,100636495,905 N ORLEANS ST,905 N ORLEANS,2016-03-03,2016-04-19,2016-04-19,COMPLETE,"100636495: INSTALLATION AND OPERATION OF TEMPORARY CONSTRUCTION HOIST: TORNBORG FC7000 DUAL CAR HOIST TOWER, WITH A 7,000 LBS. CAPACITY PER CAR, AS PER PLANS.",0,,NA,NA,no_unit_count
commercial_17044290090000,permit_chain_100637956,1,1,100637956,905 N ORLEANS ST,905 N ORLEANS,2016-03-25,2016-03-31,2016-03-31,COMPLETE,100637956: TIED-IN LIEBHERR 316-H 12 LITRONIC TOWER CRANE PHASE 2,0,,NA,NA,no_unit_count
commercial_17044370150000,permit_chain_100495257,3,2,100495257/100498861/B100532466,862 N FRANKLIN ST,862 N FRANKLIN,2013-07-31,2013-08-29,2014-04-04,COMPLETE,100495257: CAISSON PERMIT ONLY AS PER PLANS || 100498861: ERECT NEW 6 STORY 23 UNIT BUILDING TYPE 1C CONSTRUCTION PER PLANS. (CAISSON PERMIT  UNDER  PERMIT APPLICATION  #100495257) || B100532466: CHANGE OF ELECTRICAL CONTRACTOR TO DEXTER ELECTRIC.  ORIGINAL PERMIT NUMBER 100498861.,1,23,100498861: 23 [ERECT NEW 6 STORY 23 UNIT BUILDING TYPE 1C CONSTRUCTION PER PLANS. (CAISSON PERMIT UNDER PERMIT APPLICATION #100495257)],23,single_unit_count
commercial_17044510060000,permit_chain_100636106,3,1,100636106/100680280/B100680264,1140 N WELLS ST,1140 N WELLS,2016-02-22,2016-02-25,2016-11-18,COMPLETE,"100636106: FOUNDATION AND PARTIAL SUPERSTRUCTURE THROUGH LEVEL 7 DECK FOR PROPOSED 31-STORY RESIDENTIAL TOWER WITH 400 DUS AND 7-STORY PODIUM BUILDING WITH PARKING, RETAIL AND RESIDENTIAL. || 100680280: REVISION TO PERMIT #100636106 TO CHANGE THE MASON OF RECORD TO A.L.L. MASONRY CONSTRUCTION COPR. & PLUMBER TO O'SULLIVAN PLUMBING CONTRACTORS. || B100680264: REVISION TO FOUNDATION AND PARTIAL SUPERSTRUCTURE PERMIT # 100636106 TO CHANGE ELECTRICAL CONTRACTOR TO SHAMROCK ELECTRICAL CO., INC.",0,,NA,NA,no_unit_count
commercial_17044510060000,permit_chain_100649957,1,1,100649957,1140 N WELLS ST,1140 N WELLS,2016-06-15,2016-07-05,2016-07-05,COMPLETE,"100649957: PHASE 1 FOUNDATION DESIGN FOR THE INSTALLATION AND OPERATION OF A POTAIN MD485 TEMPORARY TOWER CRANE, AS PER PLANS.",0,,NA,NA,no_unit_count
commercial_17044510060000,permit_chain_100683004,1,1,100683004,1140 N WELLS ST,1140 N WELLS,2016-12-12,2017-01-13,2017-01-13,COMPLETE,100683004: INSTALLATION OF TEMPORARY USA-8000-2R RACK AND PINION CONSTRUCTION HOIST.,0,,NA,NA,no_unit_count
commercial_17044510060000,permit_chain_100693524,2,1,100693524/100737281,1140 N WELLS ST,1140 N WELLS,2017-03-03,2017-03-03,2017-11-27,COMPLETE,"100693524: FULL BUILDING FOR PROPOSED 32-STORY RESIDENTIAL TOWER WITH 405 DWELLING UNITS, 74 COMMERCIAL SPACES AND 342 RESIDENTIAL PARKING SPACES || 100737281: REVISION TO PERMIT # 100693524 FOR ADMINISTATIVE RELIEF( NATURAL LIGHT AND VENT)",1,405,"100693524: 405 [FULL BUILDING FOR PROPOSED 32-STORY RESIDENTIAL TOWER WITH 405 DWELLING UNITS, 74 COMMERCIAL SPACES AND 342 RESIDENTIAL PARKING SPACES]",405,single_unit_count
commercial_17044510060000,permit_chain_100694416,1,1,100694416,1140 N WELLS ST,1140 N WELLS,2017-05-04,2017-05-30,2017-05-30,COMPLETE,"100694416: PHASE 2 TIE-IN AND CLIMB SCHEDULE FOR A MANITOWOC MD485 TEMPORARY TOWER CRANE, AS PER PLANS.",0,,NA,NA,no_unit_count
commercial_17053010190000,permit_chain_100561814,2,1,100561814/100641627,1515 W HADDON AVE,1515 W HADDON,2014-09-22,2014-12-11,2016-08-16,COMPLETE/EXPIRED,"100561814: ERECT NEW 6 STORY, 41 UNIT APARTMENT BUILDING WITH 1ST FLOOR RETAIL AND PARKING. LEED SILVER TARGET RATING, GREEN ROOF, PLANNED DEVELOPMENT. GREEN PERMIT PROGRAM BENEFIT TIER II || 100641627: *GREEN PERMIT REVISION TO PERMIT #100561814 (6 STORY 41 UNIT 1C MIXED USE BUILDING) - ROOF TERRACES ADDED ON 2ND FLOOR FOR UNITS 209/210. INSTALLATION OF ROOFTOP PHOTOVOLTAIC ARRAY IN LIEU OF VEGETATED ROOF.  THE ELECTRICAL SERVICE UPGRADE TO 208V, AND THE ELECTRICAL WIRING CHANGE TO ALUMINUM AS PER PLANS.** CONDITIONAL APPROVAL CERTIFIED CORRECTIONS.",1,41,"100561814: 41 [ERECT NEW 6 STORY, 41 UNIT APARTMENT BUILDING WITH 1ST FLOOR RETAIL AND PARKING. LEED SILVER TARGET RATING, GREEN ROOF, PLANNE] || 100641627: 41 [*GREEN PERMIT REVISION TO PERMIT #100561814 (6 STORY 41 UNIT 1C MIXED USE BUILDING) - ROOF TERRACES ADDED ON 2ND FLOOR FOR UNITS 209/210. INSTALLATION OF ROOFTO]",41,single_unit_count
commercial_17062350680000,permit_chain_100695536,6,4,100669848/100695536/100722337/100722340/100774563/100799787,1640 W DIVISION ST,1640 W DIVISION,2016-12-20,2016-12-20,2019-02-01,COMPLETE,"100669848: ***DIRECT DEVELOPER SERVICES*** FOUNDATION AND SUPERSTURCTURE UP TO THE THIRD FLOOR DECK FOR A PROPOSED 15 STORY RESIDENTIAL BUILDING WITH 140 DWELLING UNITS, 52 PARKING SPACES AND RETAIL ON THE GROUND FLOOR; AS PER PLANS || 100695536: ***DIRECT DEVELOPER SERVICES*** FULL BUILDING PERMIT FOR A PROPOSED 15 STORY RESIDENTIAL BUILDING WITH 140 DWELLING UNITS, 50 PARKING SPACES AND RETAIL ON THE GROUND FLOOR; AS PER PLANS.  REFERENCE FOUNDATION PERMIT #100669848.  [SEE REVISION #100722337 TO ADD (6) DWELLING UNITS (TOTAL 146)] || 100722340: ***DIRECT DEVELOPER SERVICES*** REVISION TO FOUNDATION AND SUPERSTRUCTURE PERMIT NUMBER 100669848; LOW-RISE WALL ABUTTING EAST PROPERTY LINE HAS BEEN REVISED TO PRECAST CONCRETE WALL PANEL; PENTHOUSE AND MEP SCREEN WALL AT BUILDING'S ROOF HAS BEEN REVISED TO TERRA-COTTA COLORED CEMENT PANELS; MECHANICAL SUPPORT SPACES AT LEVEL 2 HAVE BEEN RECONFIGURED; TRASH CHUTE HAS BEEN RELOCATED TOWARD THE NORTH END OF THE CORRIDOR; ALL AS PER PLANS || 100722337: ***DIRECT DEVELOPER SERVICES*** REVISION TO FULL BUILDING PERMIT 100695536; LEVEL 1 LAYOUT REVISION TO RELOCATE THE RESIDENTIAL LOBBY TO THE WEST FACE OF THE BUILDING.  SIX ADDITIONAL RESIDENTIAL UNITS ADDED TO LEVEL 2. LEVEL 2 ADDITIONAL BUSINESS CENTER AMENITY SPACE AND A SMALLER COMMERCIAL SPACE. AS PER PLANS. || 100774563: ***DIRECT DEVELOPER SERVICES*** REVISION TO FULL BUILDING PERMIT100695536; LEVEL 2 COMMERCIAL SPACE REVISED TO ACCOMMODATE FUTURE TENANT, AMENITY SPACES RECONFIGURED; ALL AS PER PLANS || 100799787: *** DIRECT DEVELOPER SERVICES *** REVISION TO PERMIT NUMBER 100695536; THE SCOPE OF THE REVISION ENCOMPASSES WORK REQUIRED TO SUBDIVIDE THE LEVEL ONE (1) RETAIL SPACE INTO THREE (3) SEPARATE RETAIL SPACES; ALL AS PER PLANS",2,6/140,"100669848: 140 [ION AND SUPERSTURCTURE UP TO THE THIRD FLOOR DECK FOR A PROPOSED 15 STORY RESIDENTIAL BUILDING WITH 140 DWELLING UNITS, 52 PARKING SPACES AND RETAIL ON THE GROUND FLOOR; AS PER PLANS] || 100695536: 140 [DIRECT DEVELOPER SERVICES*** FULL BUILDING PERMIT FOR A PROPOSED 15 STORY RESIDENTIAL BUILDING WITH 140 DWELLING UNITS, 50 PARKING SPACES AND RETAIL ON THE GROUND FLOOR; AS PER PLANS. REFERENCE FOUNDATION PERMIT #1006] || 100695536: 6 [UND FLOOR; AS PER PLANS. REFERENCE FOUNDATION PERMIT #100669848. [SEE REVISION #100722337 TO ADD (6) DWELLING UNITS (TOTAL 146)]]",NA,conflicting_unit_counts
commercial_17074160420000,permit_chain_100272322,2,1,100272322/100311578,1928 W MAYPOLE AVE,1928 W MAYPOLE,2008-12-23,2008-12-23,2009-09-21,COMPLETE,"100272322: ADDRESS RANGE 1924-1950 W. MAYPOLE- ERECT A TYPE 3B 3STORY RESIDENTIAL BUILDING (25 DWELLING UNITS)- CHICAGO GREEN HOMES 3 STAR RATING- CERTIFICATE OF OCCUPANCY REQUIRED || 100311578: WESTHAVEN PARK IIC BUILDING 2 REVISION TO PERMIT 100272322. STRUCTURAL REVISIONS- REVISION TO 2ND FLOOR FRAMING SYSTEM, ADDITIONAL BEAM ADDED TO FLOOR SYSTEM AND BEARING WALL ADDITIONS TO 2ND AND 3RD FLOOR. NO CERTIFICATE OF OCCUPANCY REQUIRED",1,25,100272322: 25 [ADDRESS RANGE 1924-1950 W. MAYPOLE- ERECT A TYPE 3B 3STORY RESIDENTIAL BUILDING (25 DWELLING UNITS)- CHICAGO GREEN HOMES 3 STAR RATING- CERTIFICATE OF OCCUPANCY REQUIRED],25,single_unit_count
commercial_17074170400000,permit_chain_100143189,2,1,100143189/B100191450,156 N WOOD ST,156 N WOOD,2006-10-17,2006-10-19,2007-08-17,COMPLETE,"100143189: CONSTRUCT NEW 6 UNIT BUILDING PER PLANS. WESTHAVEN PARK IIB BUILDING 15, BUILDING TYPE A. || B100191450: CHANGE NAME OF ELECTRICAL CONTRACTOR TO SHAMROCK ELECTRIC CO. FOR BUILDING PERMIT # 100143189",1,6,"100143189: 6 [CONSTRUCT NEW 6 UNIT BUILDING PER PLANS. WESTHAVEN PARK IIB BUILDING 15, BUILDING TYPE A.]",6,single_unit_count
commercial_17074170530000,permit_chain_100143188,2,1,100143188/B100191445,155 N WOLCOTT AVE,155 N WOLCOTT,2006-10-17,2006-10-19,2007-08-20,COMPLETE,"100143188: CONSTRUCT NEW 6 UNIT BUILDING PER PLANS.  WESTHAVEN PARK IIB BUILDING 18, BUILDING TYPE A. || B100191445: CHANGE THE NAME OF THE ELECTRICAL CONTRACTOR TO SHAMROCK ELECTRIC CO. FOR BUILDING PERMIT 100143188.",1,6,"100143188: 6 [CONSTRUCT NEW 6 UNIT BUILDING PER PLANS. WESTHAVEN PARK IIB BUILDING 18, BUILDING TYPE A.]",6,single_unit_count
commercial_17074170560000,permit_chain_100143218,2,1,100143218/B100191452,1826 W MAYPOLE AVE,1826 W MAYPOLE,2006-10-17,2006-10-19,2007-08-17,COMPLETE,"100143218: CONSTRUCT NEW 12 UNIT BUILDING PER PLANS.  WESTHAVEN PARK IIB BUILDING 13, BUILDING TYPE C. || B100191452: CHANGE NAME OF ELECTRICAL CONTRACTOR TO SHAMROCK ELECTRIC CO. FOR BUILDING PERMIT # 100143218",1,12,"100143218: 12 [CONSTRUCT NEW 12 UNIT BUILDING PER PLANS. WESTHAVEN PARK IIB BUILDING 13, BUILDING TYPE C.]",12,single_unit_count
commercial_17074170560000,permit_chain_100143295,1,1,100143295,1836 W MAYPOLE AVE,1836 W MAYPOLE,2006-10-17,2006-10-19,2006-10-19,COMPLETE,"100143295: CONSTRUCT NEW 5 UNIT BUILDING PER PLANS.  WESTHAVE PARK IIB BUILDING 14, BUILDING TYPE D.",1,5,"100143295: 5 [CONSTRUCT NEW 5 UNIT BUILDING PER PLANS. WESTHAVE PARK IIB BUILDING 14, BUILDING TYPE D.]",5,single_unit_count
commercial_17074170560000,permit_chain_100143297,2,1,100143297/B100191454,1820 W MAYPOLE AVE,1820 W MAYPOLE,2006-10-17,2006-10-19,2007-08-17,COMPLETE,"100143297: CONSTRUCT NEW 5 UNIT BUILDING PER PLANS.  WESTHAVE PARK IIB BUILDING 12, BUILDING TYPE D. || B100191454: CHANGE NAME OF ELECTRICAL CONTRACTOR TO SHAMROCK ELECTRIC CO. FOR BUILDING PERMIT # 100143297",1,5,"100143297: 5 [CONSTRUCT NEW 5 UNIT BUILDING PER PLANS. WESTHAVE PARK IIB BUILDING 12, BUILDING TYPE D.]",5,single_unit_count
commercial_17074220390000,permit_chain_100143190,2,1,100143190/B100191462,122 N WOOD ST,122 N WOOD,2006-10-17,2006-10-19,2007-08-17,COMPLETE,"100143190: CONSTRUCT NEW 6 UNIT BUILDING PER PLANS.  WESTHAVEN PARK IIB BUILDING 6, BUILDING TYPE A. || B100191462: CHANGE NAME OF ELECTRICAL CONTRACTOR TO SHAMROCK ELECTRIC CO. FOR BUILDING PERMIT # 100143190",1,6,"100143190: 6 [CONSTRUCT NEW 6 UNIT BUILDING PER PLANS. WESTHAVEN PARK IIB BUILDING 6, BUILDING TYPE A.]",6,single_unit_count
commercial_17074220390000,permit_chain_100143217,2,1,100143217/B100191461,1807 W MAYPOLE AVE,1807 W MAYPOLE,2006-10-17,2006-10-19,2007-08-17,COMPLETE,"100143217: CONSTRUCT NEW 12 UNIT BUILDING PER PLANS.  WESTHAVEN PARK IIB BUILDING 7, BUILDING TYPE C. || B100191461: CHANGE NAME OF ELECTRICAL CONTRACTOR TO SHAMROCK ELECTRIC CO. FOR BUILDING PERMIT # 100143217",1,12,"100143217: 12 [CONSTRUCT NEW 12 UNIT BUILDING PER PLANS. WESTHAVEN PARK IIB BUILDING 7, BUILDING TYPE C.]",12,single_unit_count
commercial_17074220390000,permit_chain_100143294,2,1,100143294/B100191459,1817 W MAYPOLE AVE,1817 W MAYPOLE,2006-10-17,2006-10-19,2007-08-17,COMPLETE,"100143294: CONSTRUCT NEW 5 UNIT BUILDING PER PLANS.  WESTHAVE PARK IIB BUILDING 8, BUILDING TYPE D. || B100191459: CHANGE NAME OF ELECTRICAL CONTRACTOR TO SHAMROCK ELECTRIC CO. FOR BUILDING PERMIT # 100143294",1,5,"100143294: 5 [CONSTRUCT NEW 5 UNIT BUILDING PER PLANS. WESTHAVE PARK IIB BUILDING 8, BUILDING TYPE D.]",5,single_unit_count
commercial_17074220430000,permit_chain_100143216,2,1,100143216/B100191456,1845 W MAYPOLE AVE,1845 W MAYPOLE,2006-10-17,2006-10-19,2007-08-17,COMPLETE,"100143216: CONSTRUCT NEW 12 UNIT BUILDING PER PLANS.  WESTHAVEN PARK IIB BUILDING 10, BUILDING TYPE C. || B100191456: CHANGE NAME OF ELECTRICAL CONTRACTOR TO SHAMROCK ELECTRIC CO. FOR BUILDING PERMIT # 100143216",1,12,"100143216: 12 [CONSTRUCT NEW 12 UNIT BUILDING PER PLANS. WESTHAVEN PARK IIB BUILDING 10, BUILDING TYPE C.]",12,single_unit_count
commercial_17074220430000,permit_chain_100143312,2,1,100143312/B100191455,121 N WOLCOTT AVE,121 N WOLCOTT,2006-10-17,2006-10-19,2007-08-20,COMPLETE,"100143312: CONSTRUCT NEW 6 UNIT BUILDING PER PLANS.  WESTHAVEN PARK IIB BUILDING 11, BUILDING TYPE E. || B100191455: CHANGE NAME OF ELECTRICAL CONTRACTOR TO SHAMROCK ELECTRIC CO. FOR BUILDING PERMIT # 100143312",1,6,"100143312: 6 [CONSTRUCT NEW 6 UNIT BUILDING PER PLANS. WESTHAVEN PARK IIB BUILDING 11, BUILDING TYPE E.]",6,single_unit_count
commercial_17074220460000,permit_chain_100143208,2,1,100143208/B100191466,1830 W WASHINGTON BLVD,1830 W WASHINGTON,2006-10-17,2006-10-19,2007-08-20,COMPLETE,"100143208: CONSTRUCT NEW 8 UNIT BUILDING PER PLANS.  WESTHAVEN PARK IIB BUILDING 4, BUILDING TYPE B2. || B100191466: CHANGE NAME OF ELECTRICAL CONTRACTOR TO SHAMROCK ELECTRIC CO. FOR BUILDING PERMIT # 100143208",1,8,"100143208: 8 [CONSTRUCT NEW 8 UNIT BUILDING PER PLANS. WESTHAVEN PARK IIB BUILDING 4, BUILDING TYPE B2.]",8,single_unit_count
commercial_17082070020000,permit_chain_100629831,2,2,100629831/100629833,728 N MORGAN ST / 738 N MORGAN ST,728 N MORGAN/738 N MORGAN,2016-07-12,2016-07-12,2016-07-22,COMPLETE,100629831: DIRECT DEVELOPER SERVICES - FOUNDATIONS ONLY- FOR 12 STORY MIXED-USE HIGH-RISE BUILDING WITH 169 DWELLING UNITS. || 100629833: DIRECT DEVELOPER SERVICE - FOUNDATION ONLY FOR 15 STORY MIXED USE HIGH-RISE BUILDING WITH 194 DWELLING UNITS. (REFER TO PERMIT #100629831 FOR APPROVED PERMIT PLANS).,2,169/194,100629831: 169 [DIRECT DEVELOPER SERVICES - FOUNDATIONS ONLY- FOR 12 STORY MIXED-USE HIGH-RISE BUILDING WITH 169 DWELLING UNITS.] || 100629833: 194 [DIRECT DEVELOPER SERVICE - FOUNDATION ONLY FOR 15 STORY MIXED USE HIGH-RISE BUILDING WITH 194 DWELLING UNITS. (REFER TO PERMIT #100629831 FOR APPROVED PERMIT PLANS).],NA,conflicting_unit_counts
commercial_17082070020000,permit_chain_100646212,4,4,100646212/100646216/100719478/100719479,728 N MORGAN ST / 738 N MORGAN ST,728 N MORGAN/738 N MORGAN,2016-09-07,2016-09-07,2017-10-03,COMPLETE,"100646212: DIRECT DEVELOPER SERVICES REVIEW FOR FULL BUILDING PERMIT FOR 12-STORY MIXED USE NORTH TOWER WITH BASEMENT. SOUTH TOWER (PERMIT APP #100646216) DRAWINGS INCLUDED FOR SIMULTANEOUS REVIEW - SEPERATE PERMIT APP, ELECTRICAL PERMIT APP, AND MOPD FORM TO BE PROVIDED || 100646216: FULL BUILDING PERMIT FOR 15 STORY MIXED USE SOUTH TOWER || 100719478: DIRECT DEV SERVICES - REVISION TO PERMIT 100646212 INCLUDING ARCHITECTURAL, STRUCUTRAL, AND MEP REVISIONS PER PLANS. TOTAL REVISION AREA 2,468 SQ FT. || 100719479: DIRECT DEV SERVICES - REVISION TO PERMIT 100646216 INCLUDING ARCHITECTURAL, STRUCTURAL, AND MEP CHANGES PER PLANS. TOTAL REVISION AREA 2,615 SQ FT. (APPROVED PERMIT DRAWINGS UNDER 100719478)",0,,NA,NA,no_unit_count
commercial_17082260110000,permit_chain_100547779,2,1,100547779/100583609,650 N GREEN ST,650 N GREEN,2014-08-18,2014-12-31,2015-03-03,COMPLETE,"100547779: ERECT A NEW 4 STORY MASONRY BUILDING WITH BASEMENT, ROOF DECK AND ATTACHED 3 CAR GARAGE, 4 DWELLING UNITS ( 6180 SF ) AND NEW TRASH ENCLOSURE 4' X 6'-8"" X 6' AS PER PLANS. || 100583609: CHANGE GC TO ONEMAG PARTNERS LLC FOR PERMIT 100547779",1,4,"100547779: 4 [ERECT A NEW 4 STORY MASONRY BUILDING WITH BASEMENT, ROOF DECK AND ATTACHED 3 CAR GARAGE, 4 DWELLING UNITS ( 6180 SF ) AND NEW TRASH ENCLOSURE 4' X 6'-8"" X 6' AS PER PLANS.]",4,single_unit_count
commercial_17082260110000,permit_chain_100549558,2,1,100549558/100583626,838 W ERIE ST,838 W ERIE,2014-08-18,2014-12-08,2015-03-03,COMPLETE,"100549558: ERECT A NEW 4 STORY MASONRY BUILDING WITH BASEMENT 10565 SF WITH ATTACHED (2) 2 CAR GARAGE..8 DWELLING UNITS, TYPE 3B CONSTRUCTION AND SITE WORK AS PER PLANS. || 100583626: CHANGE GC TO ONEMAG PARTNERS LLC FOR PERMIT 100549558",1,8,"100549558: 8 [ERECT A NEW 4 STORY MASONRY BUILDING WITH BASEMENT 10565 SF WITH ATTACHED (2) 2 CAR GARAGE..8 DWELLING UNITS, TYPE 3B CONSTRUCTION AND SITE WORK AS PER PLANS.]",8,single_unit_count
commercial_17082260110000,permit_chain_100549549,2,1,100549549/100583625,832 W ERIE ST,832 W ERIE,2014-08-19,2014-11-13,2015-03-03,COMPLETE,"100549549: ERECT A NEW 4 STORY MASONRY BUILDING WITH BASEMENT 10565 SF WITH ATTACHED (2) 2 CAR GARAGE, 8 DWELLING UNITS, TYPE 3B CONSTRUCTION AND SITE WORK AS PER PLANS.THE SITE WILL ALSO PROVIDE 4-OPEN PARKING SPACES LOCATED AT THE REAR OF THE LOT || 100583625: CHANGE GC TO ONEMAG PARTNERS LLC FOR PERMIT 100549549",1,8,"100549549: 8 [ERECT A NEW 4 STORY MASONRY BUILDING WITH BASEMENT 10565 SF WITH ATTACHED (2) 2 CAR GARAGE, 8 DWELLING UNITS, TYPE 3B CONSTRUCTION AND SITE WORK AS PER PLANS.THE SITE WILL ALSO PROVIDE 4-OPEN PARKING SPACES L]",8,single_unit_count
commercial_17084440130000,permit_chain_100476331,1,1,100476331,22 N ABERDEEN ST,22 N ABERDEEN,2013-03-07,2013-06-12,2013-06-12,COMPLETE,100476331: NEW FOUR STORY RESIDENTIAL BUILDING WITH RETAIL SPACE AND GARAGE ON FIRST FLOOR. NO BASEMENT PER PLANS (ELEVATOR UNDER SEPERATE PERMIT) **CERTIFIED PLANS CORRECTIONS: CONDITIONAL PERMIT SUBJECT TO FIELD INSPECTIONS **,0,,NA,NA,no_unit_count
commercial_17084440130000,permit_chain_100476313,1,1,100476313,20 N ABERDEEN ST,20 N ABERDEEN,2013-06-11,2013-06-11,2013-06-11,COMPLETE,100476313: NEW FOUR STORY 27 DWELLING UNIT  RESIDENTIAL BUILDING WITH RETAIL SPACE AND GARAGE ON FIRS FLOOR. NO BASEMENT,1,27,100476313: 27 [NEW FOUR STORY 27 DWELLING UNIT RESIDENTIAL BUILDING WITH RETAIL SPACE AND GARAGE ON FIRS FLOOR. NO BASEMENT],27,single_unit_count
commercial_17091020220000,permit_chain_100642819,1,1,100642819,710 W GRAND AVE,710 W GRAND,2016-10-28,2016-10-28,2016-10-28,COMPLETE,"100642819: ERECT NEW 9 STORY (TYPE 1-B CONSTRUCTION), 104 UNIT, MULTI-RESIDENTIAL BUILDING WITH RETAIL ON THE 1ST FLOOR AND PARKING FOR 46 CARS AND BIKE STORAGE FOR 80 AS PER PLANS.**CERTIFIED CORRECTIONS- - SUBJECT TO FIELD INSPECTIONS & AUDIT",1,104,"100642819: 104 [ERECT NEW 9 STORY (TYPE 1-B CONSTRUCTION), 104 UNIT, MULTI-RESIDENTIAL BUILDING WITH RETAIL ON THE 1ST FLOOR AND PARKING FOR 46 CARS AND BIKE STORAGE F]",104,single_unit_count
commercial_17091020220000,permit_chain_100691499,1,1,100691499,710 W GRAND AVE,710 W GRAND,2017-05-26,2017-05-26,2017-05-26,COMPLETE,100691499: INSTALLATION OF TEMPORARY SINGLE 7000LBS RACK AND PINION CONSTRUCTION HOIST,0,,NA,NA,no_unit_count
commercial_17091020220000,permit_chain_100892336,2,1,100892336/100906698,708 W GRAND AVE,708 W GRAND,2020-12-17,2020-12-17,2021-02-09,COMPLETE,"100892336: SELF CERT 2019 -INTERIOR BUILD OUT OF EXISTING TENANT SPACE, WITH NEW ELECTRICAL, MECHANICAL, AND PLUMBING SYSTEMS TO ACCOMMODATE LAYOUT. NO CHANGE TO BUILDING FOOTPRINT OR VOLUME. EXISTING BUILDING CLASSIFICATION IS MIXED OCCUPANCY; THE AREA OF PROPOSED WORK IS ALLOWED AS CLASS E BUSINESS UNITS/PROFESSIONAL SERVICES. ZONING USE IS JJ. MEDICAL SERVICE.INTERIOR ALTERATIONS ONLY || 100906698: REVISION TO PERMIT #100892336, PROPOSED HVAC SYSTEM WILL NOT BE INSTALLED. MECHANICAL SYSTEM TO BE A GAS-FIRED ROOFTOP  UNIT.",0,,NA,NA,no_unit_count
commercial_17092170170000,permit_chain_100682355,3,2,100682355/100704447/100715619,675 N WELLS ST,675 N WELLS,2017-04-12,2017-04-12,2017-07-25,COMPLETE,"100682355: DIRECT DEVELOPER SERVICES: NEW CONSTRUCTION FOR FOUNDATION AND SUPERSTRUCTURE. 15--STORIES, 100-DWELLING UNITS AND 76-EFFICIENCY UNITS FOR A TOTAL OF 176-DWELLING UNITS AND 84-PARKING SPACES. || 100704447: DIRECT DEVELOPER SERVICES. NEW CONSTRUCTION FOR 15-STORY MIXED USE RETAIL BLDG. WITH 176 RES. D.U'S (76-EFFICIENCY UNITS AND 100 D.U'S.) AND 84 PRIVATE PARKING SPACES AS PER PLANS. REFERENCE FOUNDATION AND SUPERSTRUCTURE PERMIT #100682355. || 100715619: DIRECT DEVELOPER SERVICES: REVISION TO FOUNDATION AND SUPERSTRUCTURE PERMIT (100682355) PER REVISED ERS DESIGN AND UNDERGROUND STORM AND SANITARY LINES AND CONNECTIONS.",1,100,100704447: 100 [. NEW CONSTRUCTION FOR 15-STORY MIXED USE RETAIL BLDG. WITH 176 RES. D.U'S (76-EFFICIENCY UNITS AND 100 D.U'S.) AND 84 PRIVATE PARKING SPACES AS PER PLANS. REFERENCE FOUNDATION AND SUPERSTRUCTURE PERMIT #100],100,single_unit_count
commercial_17092170170000,permit_chain_100703649,1,1,100703649,675 N WELLS ST,675 N WELLS,2017-05-11,2017-05-26,2017-05-26,COMPLETE,"100703649: FOUNDATION DESIGN FOR THE INSTALLATION AND OPERATION OF A MANITOWOC MD485 TEMPORARY TOWER CRANE, AS PER PLANS.",0,,NA,NA,no_unit_count
commercial_17092170170000,permit_chain_100714010,1,1,100714010,675 N WELLS ST,675 N WELLS,2017-07-19,2017-08-23,2017-08-23,COMPLETE,"100714010: INSTALLATION AND OPERATION OF A TORNBORGS FC7000 SINGLE CAR WITH 7,000 LBS CAPACITY",0,,NA,NA,no_unit_count
commercial_17093010120000,permit_chain_100085129,2,1,100085129/B100110651,660 W WAYMAN ST,660 W WAYMAN,2005-12-19,2006-01-06,2007-02-27,COMPLETE,"100085129: TWO NEW 7 STORY MID-RISES, ALL RESIDENTIAL TOTALING 109 DWELLING UNITS, NEW 4 STALL PARKING GARAGE, 1A CONSTRUCTION || B100110651: CHANGE OF ELECTRICAL CONTRACTORS,SCOPE OF WORK WILL REMAIN THE SAME AS PER BUILDING PERMIT # 100085129.",1,109,"100085129: 109 [TWO NEW 7 STORY MID-RISES, ALL RESIDENTIAL TOTALING 109 DWELLING UNITS, NEW 4 STALL PARKING GARAGE, 1A CONSTRUCTION]",109,single_unit_count
commercial_17093030020000,permit_chain_100215919,2,2,100215919/100221927,365 N JEFFERSON ST,365 N JEFFERSON,2007-12-12,2007-12-12,2008-01-29,COMPLETE,100215919: CAISSONS ONLY FOR NEW 37 STORY 422 DWELLING UNIT CONCRETE APARTMENT BUILDING WITH PARKING GARAGE AND ROOF TOP POOL AND DECK. || 100221927: REVISIONS TO PREVIOUSLY ISSUED CAISSON ONLY PERMIT #100215919.,1,422,100215919: 422 [CAISSONS ONLY FOR NEW 37 STORY 422 DWELLING UNIT CONCRETE APARTMENT BUILDING WITH PARKING GARAGE AND ROOF TOP POOL AND DECK.],422,single_unit_count
commercial_17093030020000,permit_chain_100222027,1,1,100222027,365 N JEFFERSON ST,365 N JEFFERSON,2008-01-30,2008-01-30,2008-01-30,COMPLETE,100222027: FOUNDATIONS AND CAISSONS ONLY FOR NEW 37 STORY 422 DWELLING UNIT CONCRETE APARTMENT BUILDING W/ PARKING GARAGE AND ROOF TOP POOL AND DECK.,1,422,100222027: 422 [FOUNDATIONS AND CAISSONS ONLY FOR NEW 37 STORY 422 DWELLING UNIT CONCRETE APARTMENT BUILDING W/ PARKING GARAGE AND ROOF TOP POOL AND DECK.],422,single_unit_count
commercial_17093030020000,permit_chain_100222810,1,1,100222810,365 N JEFFERSON ST,365 N JEFFERSON,2008-02-05,2008-03-28,2008-03-28,COMPLETE,"100222810: TEMPORARY CONSTRUCTION TOWER CRANE.  MODEL POTAIN MD 485 B, PHASE I.",0,,NA,NA,no_unit_count
commercial_17093030020000,permit_chain_100223486,2,2,100223486/100226446,555 W KINZIE ST,555 W KINZIE,2008-02-11,2008-02-11,2008-03-05,COMPLETE,"100223486: CAISSONS ONLY FOR NEW 37 STORY 422 DWELLING UNIT CONCRETE APARTMENT BUILDING WITH PARKING GARAGE AND ROOF TOP POOL AND DECK.  555 WEST KINZIE, PARCEL A EAST. || 100226446: CAISSON REVISION TO PERMIT #100223486 TO MODIFY CAISSON BELL SIZE AND CAISSON SHAFT SIZE FOR ELEVEN PREVIOUSLY PERMITTED CAISSONS.  KINZIE STATION PARCEL A EAST.",1,422,"100223486: 422 [CAISSONS ONLY FOR NEW 37 STORY 422 DWELLING UNIT CONCRETE APARTMENT BUILDING WITH PARKING GARAGE AND ROOF TOP POOL AND DECK. 555 WEST KINZIE, PARCE]",422,single_unit_count
commercial_17093030020000,permit_chain_100225721,1,1,100225721,365 N JEFFERSON ST,365 N JEFFERSON,2008-02-28,2008-12-19,2008-12-19,COMPLETE,"100225721: TEMPORARY CONSTRUCTION TOWER CRANE MODEL POTAIN MD 485 B, PHASE II.",0,,NA,NA,no_unit_count
commercial_17093030020000,permit_chain_100231471,1,1,100231471,555 W KINZIE ST,555 W KINZIE,2008-04-09,2008-04-09,2008-04-09,COMPLETE,"100231471: FOUNDATIONS AND CAISSONS ONLY FOR TWO NEW 37 STORY 422 DWELLING UNIT CONCRETE APARTMENT BUILDINGS WITH PARKING GARAGE, ROOF TOP POOL AND DECK.  555 WEST KINZIE PARCEL A EAST.",1,422,"100231471: 422 [FOUNDATIONS AND CAISSONS ONLY FOR TWO NEW 37 STORY 422 DWELLING UNIT CONCRETE APARTMENT BUILDINGS WITH PARKING GARAGE, ROOF TOP POOL AND DECK. 555 WEST KINZIE PARCEL A]",422,single_unit_count
commercial_17093030020000,permit_chain_100238523,2,1,100238523/100321815,365 N JEFFERSON ST,365 N JEFFERSON,2008-05-21,2008-05-21,2009-12-18,COMPLETE,100238523: CONSTRUCT NEW 37 STORY 420 DWELLING UNIT CONCRETE APARTMENT BUILDING WITH PARKING GARAGE AND ROOF TOP POOL AND DECK.  365 NORTH JEFFERSON PARCEL A WEST. || 100321815: REVISIONS TO PERMIT NO. 100238523 FOR ALTERATIONS TO 37 STORY 420 UNIT RESIDENTIAL APARTMENT BUILDING INCLUDING CHANGES TO MECHANICAL PENTHOUSE AND RESIDENTIAL UNITS AS PER PLANS,1,420,100238523: 420 [CONSTRUCT NEW 37 STORY 420 DWELLING UNIT CONCRETE APARTMENT BUILDING WITH PARKING GARAGE AND ROOF TOP POOL AND DECK. 365 NORTH JEFFERSON PA] || 100321815: 420 [REVISIONS TO PERMIT NO. 100238523 FOR ALTERATIONS TO 37 STORY 420 UNIT RESIDENTIAL APARTMENT BUILDING INCLUDING CHANGES TO MECHANICAL PENTHOUSE AND RESIDENTIAL UNITS AS P],420,single_unit_count
commercial_17093030020000,permit_chain_100239585,1,1,100239585,555 W KINZIE ST,555 W KINZIE,2008-05-28,2008-06-11,2008-06-11,COMPLETE,"100239585: TEMPORARY CONSTRUCTION TOWER CRANE MODEL POTAIN MD 485, PHASE I",0,,NA,NA,no_unit_count
commercial_17093030020000,permit_chain_100255995,2,1,100255995/100324118,555 W KINZIE ST,555 W KINZIE,2008-09-03,2008-09-03,2009-12-18,COMPLETE,"100255995: CONSTRUCTION OF NEW BUILDING.  555 WEST KINZIE, KINZIE STATION PARCEL A EAST. || 100324118: REVISIONS TO PERMIT NO. 100255995 FOR ALTERATIONS TO 41 STORY 428 UNIT RESIDENTIAL APARTMENT BUILDING INCLUDING CHANGES TO MECHANICAL PENTHOUSE AND RESIDENTIAL UNITS AS PER PLANS",1,428,100324118: 428 [REVISIONS TO PERMIT NO. 100255995 FOR ALTERATIONS TO 41 STORY 428 UNIT RESIDENTIAL APARTMENT BUILDING INCLUDING CHANGES TO MECHANICAL PENTHOUSE AND RESIDENTIAL UNITS AS P],428,single_unit_count
commercial_17093030020000,permit_chain_100261985,1,1,100261985,365 N JEFFERSON ST,365 N JEFFERSON,2008-10-17,2008-12-09,2008-12-09,COMPLETE,100261985: INSTALLATION OF TEMPORARY DUAL 8000LBS CONSTRUCTION HOIST.,0,,NA,NA,no_unit_count
commercial_17093030020000,permit_chain_100269748,1,1,100269748,555 W KINZIE ST,555 W KINZIE,2009-01-12,2009-01-12,2009-01-12,COMPLETE,100269748: INSTALLATION OF TEMPORARY DUAL 8000LBS CONSTRUCTION HOIST,0,,NA,NA,no_unit_count
commercial_17093030020000,permit_chain_100275209,1,1,100275209,555 W KINZIE ST,555 W KINZIE,2009-01-20,2009-03-09,2009-03-09,COMPLETE,"100275209: TEMPORARY CONSTRUCTION TOWER CRANE,  POTAIN MD 485 PHASE II, RAISING CRANE TO ITS FINAL HOOK HEIGHT OF 445 FT.",0,,NA,NA,no_unit_count
commercial_17093030020000,permit_chain_100291834,1,1,100291834,365 N JEFFERSON ST,365 N JEFFERSON,2009-05-15,2009-06-01,2009-06-01,COMPLETE,100291834: THIRD TIE-IN ADDED AT PENTHOUSE LEVEL.,0,,NA,NA,no_unit_count
commercial_17093180010000,permit_chain_100493252,1,1,100493252,727 W LAKE ST,727 W LAKE,2013-05-31,2013-06-04,2013-06-04,COMPLETE,100493252: FOUNDATION ONLY PERMIT FOR FUTURE 10 STORY CONSTRUCTION TYPE 1B SRO BUILDING  GREEN PERMIT PROGRAM BENEFIT TIER II,0,,NA,NA,no_unit_count
commercial_17093180010000,permit_chain_100515166,2,1,100515166/100515964,727 W LAKE ST,727 W LAKE,2013-10-29,2013-10-29,2013-11-04,COMPLETE,"100515166: ERECT A SRO 61 DU BUILDING -  10 STORY CONSTRUCTION TYPE 1B - SOLAR READY FOR 6 FUTURE PANELS, 2196 SF GREEN ROOF. GREEN PERMIT PROGRAM BENEFIT TIER II. CERTIFIED CORRECTIONS. CONDITIONAL PERMIT SUBJECT TO SITE INSPECTION || 100515964: OWNER CHANGE TO LAKE STREET STUDIOS LIMITED PARTNERSHIP FOR PERMIT NUMBER 100515166",1,61,"100515166: 61 [ERECT A SRO 61 DU BUILDING - 10 STORY CONSTRUCTION TYPE 1B - SOLAR READY FOR 6 FUTURE PANELS, 2196 SF GREEN ROOF. GR]",61,single_unit_count
commercial_17093180010000,permit_chain_100526822,1,1,100526822,727 W LAKE ST,727 W LAKE,2014-03-06,2014-03-25,2014-03-25,COMPLETE,100526822: INSTALLATION OF TEMPORARY SINGLE 7000LBS CONSTRUCTION HOIST,0,,NA,NA,no_unit_count
commercial_17093180010000,permit_chain_100575230,1,1,100575230,730 W COUCH PL,730 W COUCH,2014-12-30,2015-02-09,2015-02-09,COMPLETE,"100575230: PHASE 1: BASE SUPPORT AND SET-UP FOR A PEINER SK-415 TEMPORARY TOWER CRANE, AS PER PLANS.",0,,NA,NA,no_unit_count
commercial_17093180010000,permit_chain_100582044,3,1,100582044/100609690/100651006,730 W COUCH PL,730 W COUCH,2015-02-19,2015-02-19,2016-05-19,COMPLETE,"100582044: NEW CONSTRUCTION OF A 29 STORY RESIDENTIAL BUIKDING 247 UNITS WITH 1ST FLOOR RETAIL, 3 FLOORS OF PARKING 162 PARKING SPACES AND ASSOCIATED SITE WORK AS PER PLANS.  GREEN ROOF IS 8,774 SQ. FT.730 WEST COUCH PLACE || 100609690: REVISION TO PERMIT# 100582044 FOR MODIFICATIONS TO THE GUARDRAILS ON LEVELS 5 AND 6 AS WELL AS RESIDENTIAL BALCONY LEVELS 7-25 AS PER PLANS. || 100651006: REVISION TO PERMIT #100582044 TO HVAC CONTRACTOR TO ANY TEMP, INC.",1,247,"100582044: 247 [NEW CONSTRUCTION OF A 29 STORY RESIDENTIAL BUIKDING 247 UNITS WITH 1ST FLOOR RETAIL, 3 FLOORS OF PARKING 162 PARKING SPACES AND ASSOCIATED SITE WORK AS PER PLANS]",247,single_unit_count
commercial_17093180010000,permit_chain_100602067,1,1,100602067,730 W COUCH PL,730 W COUCH,2015-08-21,2015-08-25,2015-08-25,COMPLETE,"100602067: PHASE 2 TOWER CRANE TIE-IN AND CLIMB SCHEDULE FOR A PEINER SK415 TEMPORARY TOWER CRANE, AS PER PLANS.",0,,NA,NA,no_unit_count
commercial_17093180030000,permit_chain_100493252,1,1,100493252,727 W LAKE ST,727 W LAKE,2013-05-31,2013-06-04,2013-06-04,COMPLETE,100493252: FOUNDATION ONLY PERMIT FOR FUTURE 10 STORY CONSTRUCTION TYPE 1B SRO BUILDING  GREEN PERMIT PROGRAM BENEFIT TIER II,0,,NA,NA,no_unit_count
commercial_17093180030000,permit_chain_100515166,2,1,100515166/100515964,727 W LAKE ST,727 W LAKE,2013-10-29,2013-10-29,2013-11-04,COMPLETE,"100515166: ERECT A SRO 61 DU BUILDING -  10 STORY CONSTRUCTION TYPE 1B - SOLAR READY FOR 6 FUTURE PANELS, 2196 SF GREEN ROOF. GREEN PERMIT PROGRAM BENEFIT TIER II. CERTIFIED CORRECTIONS. CONDITIONAL PERMIT SUBJECT TO SITE INSPECTION || 100515964: OWNER CHANGE TO LAKE STREET STUDIOS LIMITED PARTNERSHIP FOR PERMIT NUMBER 100515166",1,61,"100515166: 61 [ERECT A SRO 61 DU BUILDING - 10 STORY CONSTRUCTION TYPE 1B - SOLAR READY FOR 6 FUTURE PANELS, 2196 SF GREEN ROOF. GR]",61,single_unit_count
commercial_17093220170000,permit_chain_100629993,1,1,100629993,165 N DESPLAINES ST,165 N DESPLAINES,2016-06-13,2016-06-13,2016-06-13,COMPLETE,"100629993: FOUNDATION ONLY FOR A 14 STORY RESIDENTIAL BUILDING (155 DWELLING UNITS & 44-EFFICIENCY UNITS) TO INCLUDE 1ST FLOOR RETAIL, PARKING (99 PARKING SPACES) WITH AN EXISTING 3-STORY OFFICE BUILDING TO REMAIN ON SITE AND ASSOCIATED SITE WORK AS PER PLANS. (DEVELOPER SERVICES PILOT PROGRAM & STRUCTURAL PEER REVIEW)",1,155,"100629993: 155 [FOUNDATION ONLY FOR A 14 STORY RESIDENTIAL BUILDING (155 DWELLING UNITS & 44-EFFICIENCY UNITS) TO INCLUDE 1ST FLOOR RETAIL, PARKING (99 PARKING SPACES) WITH AN EXISTING 3-]",155,single_unit_count
commercial_17093220170000,permit_chain_100650025,1,1,100650025,165 N DESPLAINES ST,165 N DESPLAINES,2016-06-15,2016-06-28,2016-06-28,COMPLETE,"100650025: FOUNDATION DESIGN FOR THE INSTALLATION AND OPERATION OF A PEINER SK415 TEMPORARY TOWER CRANE, AS PER PLANS.",0,,NA,NA,no_unit_count
commercial_17093220170000,permit_chain_100664963,1,1,100664963,165 N DESPLAINES ST,165 N DESPLAINES,2016-09-19,2016-11-14,2016-11-14,COMPLETE,"100664963: INSTALLATION AND OPERATION OF A CHAMPION DUAL CAR US8002 TEMPORARY CONSTRUCTION HOIST WITH 8,000 LBS. CAPACITY PER CAR, AS PER PLANS.",0,,NA,NA,no_unit_count
commercial_17094300060000,permit_chain_100632728,2,2,100632728/100646851,215 W LAKE ST,215 W LAKE,2016-01-26,2016-01-28,2016-04-26,COMPLETE,"100632728: FOUNDATION THROUGH 4TH FLOOR SUPERSTRUCTURE AND UNDERGROUND PLUMBING AND ELECTRICAL ONLY PERMIT. FOR A 33-STORY APARTMENT BUILDING RETAIL ON THE GROUND FLOOR AND 265-DWELLING UNIT WITH REQUIRED PARKING ON LEVELS 2ND THROUGH 4TH AND REQUIRED LOADING ON THE GROUND LEVEL.(NO BRICK INSTALLATION) || 100646851: FULL BUILDING PHASE: ERECT 33 STORY (132 EFFICIENCY UNITS, 133 DWELLING UNITS) 152 PARKING SPACES. (FOUNDATION APPROVED UNDER PERMIT 100632728) GREEN PERMIT PROGRAM BENEFIT TIER II PARTICIPANT - LEED SILVER",2,132/133,"100646851: 132 [FULL BUILDING PHASE: ERECT 33 STORY (132 EFFICIENCY UNITS, 133 DWELLING UNITS) 152 PARKING SPACES. (FOUNDATION APPROVED UNDER PERMIT 100632728) GREEN PERMIT] || 100646851: 133 [FULL BUILDING PHASE: ERECT 33 STORY (132 EFFICIENCY UNITS, 133 DWELLING UNITS) 152 PARKING SPACES. (FOUNDATION APPROVED UNDER PERMIT 100632728) GREEN PERMIT PROGRAM BENEFIT TIER]",NA,conflicting_unit_counts
commercial_17094300060000,permit_chain_100699412,3,1,100699412/100718523/B100717813,213 W LAKE ST,213 W LAKE,2017-05-26,2017-05-26,2017-08-01,COMPLETE,100699412: INTERIOR BUILD-OUT OF CLASS 'F' MERCANTILE SPACE FOR COFFEE SHOP. || B100717813: WE ARE TAKING OVER THE PROJECT FOR PERMIT # 100699412 || 100718523: REVISION TO PERMIT #100699412 TO CHANGE THE PLUMBER OF RECORD TO FLASH PLUMBING.,0,,NA,NA,no_unit_count
commercial_17101030090000,permit_chain_100644978,1,1,100644978,8 E HURON ST,8 E HURON,2016-04-14,2016-04-14,2016-04-14,COMPLETE,"100644978: FOUNDATION ONLY OF A 26 STORY APARTMENT BUILDING (52-EFFICIENCY UNITS AND 53-DWELLING UNITS) WITH 1ST FLOOR RETAIL, 31 PARKING SPACES ON LEVELS 2-4 AND ASSOCIATED SITE WORK AS PER PLANS. 8 EAST HURON STREET",0,,NA,NA,no_unit_count
commercial_17101030090000,permit_chain_100640842,1,1,100640842,8 E HURON ST,8 E HURON,2016-04-29,2016-05-24,2016-05-24,COMPLETE,"100640842: PHASE 1 FOUNDATION AND INSTALLATION PERMIT FOR TEMPORARY TOWER CRANE: LIEBHERR 316 EC-H 12 LITRONIC, AS PER PLANS.",0,,NA,NA,no_unit_count
commercial_17101030090000,permit_chain_100650023,2,2,100650023/100664993,8 E HURON ST,8 E HURON,2016-05-16,2016-05-17,2017-02-14,COMPLETE,"100650023: NEW CONSTRUCTION OF A 26 STORY APARTMENT BUILDING (52 EFFICIENCY UNITS AND 53 DWELLING UNITS) WITH 1ST FLOOR RETAIL ; 31 PARKING SPACES ON LEVELS 2-4  (8 EAST HURON STREET) || 100664993: REVISION TO PERMIT# 100650023 FOR MODIFICATIONS TO THE AMENITY LEVEL24 AND LOBBY, ADDITION OF 24 POWDER ROOMS (LEVELS 5-21) , REDUCTION OF UNIT COUNT FROM 105 TO 102 (47 EFFICIENCY UNITS & 55 DWELLING UNITS) AS PER PLANS.(DIRECT DEVELOPER SERVICES)",4,47/52/53/55,"100650023: 52 [NEW CONSTRUCTION OF A 26 STORY APARTMENT BUILDING (52 EFFICIENCY UNITS AND 53 DWELLING UNITS) WITH 1ST FLOOR RETAIL ; 31 PARKING SPACES ON LEVELS 2-4 (8 EAST HURON STREE] || 100650023: 53 [NEW CONSTRUCTION OF A 26 STORY APARTMENT BUILDING (52 EFFICIENCY UNITS AND 53 DWELLING UNITS) WITH 1ST FLOOR RETAIL ; 31 PARKING SPACES ON LEVELS 2-4 (8 EAST HURON STREET)] || 100664993: 47 [L24 AND LOBBY, ADDITION OF 24 POWDER ROOMS (LEVELS 5-21) , REDUCTION OF UNIT COUNT FROM 105 TO 102 (47 EFFICIENCY UNITS & 55 DWELLING UNITS) AS PER PLANS.(DIRECT DEVELOPER SERVICES)] || 100664993: 55 [N OF 24 POWDER ROOMS (LEVELS 5-21) , REDUCTION OF UNIT COUNT FROM 105 TO 102 (47 EFFICIENCY UNITS & 55 DWELLING UNITS) AS PER PLANS.(DIRECT DEVELOPER SERVICES)]",NA,conflicting_unit_counts
commercial_17101030090000,permit_chain_100655115,1,1,100655115,8 E HURON ST,8 E HURON,2016-07-12,2016-08-03,2016-08-03,COMPLETE,"100655115: INSTALLATION AND OPERATION OF A DUAL CAR US8002 CHAMPION HOIST TOWER, WITH 8,000 LBS. CAPACITY PER CAR, AS PER PLANS.",0,,NA,NA,no_unit_count
commercial_17101030090000,permit_chain_100673418,1,1,100673418,8 E HURON ST,8 E HURON,2016-10-07,2016-10-19,2016-10-19,COMPLETE,"100673418: PHASE 2 TIE IN AND CLIMB SCHEDULE FOR A LIEBHERR 316 EC-H 12 LITRONIC TOWER CRANE, AS PER PLANS.",0,,NA,NA,no_unit_count
commercial_17102120370000,permit_chain_100561443,1,1,100561443,220 E ILLINOIS ST,220 E ILLINOIS,2014-09-19,2014-09-22,2014-09-22,COMPLETE,100561443: CAISSONS ONLY FOR A PROPOSED 54 STORY 381 UNIT BUILDING - 220 EAST ILLINOIS,1,381,100561443: 381 [CAISSONS ONLY FOR A PROPOSED 54 STORY 381 UNIT BUILDING - 220 EAST ILLINOIS],381,single_unit_count
commercial_17102120370000,permit_chain_100600523,1,1,100600523,220 E ILLINOIS ST,220 E ILLINOIS,2015-06-17,2015-06-17,2015-06-17,COMPLETE,100600523: FOUNDATION ONLY FOR A PROPOSED 55 STORY 498 UNIT BUILDING - 220 EAST ILLINOIS STREET,1,498,100600523: 498 [FOUNDATION ONLY FOR A PROPOSED 55 STORY 498 UNIT BUILDING - 220 EAST ILLINOIS STREET],498,single_unit_count
commercial_17102120370000,permit_chain_100609789,1,1,100609789,220 E ILLINOIS ST,220 E ILLINOIS,2015-08-17,2015-08-18,2015-08-18,COMPLETE,100609789: SUPERSTRUCTURE ONLY FOR A PROPOSED 54 STORY 381 UNIT BUILDING - 220 EAST ILLINOIS,1,381,100609789: 381 [SUPERSTRUCTURE ONLY FOR A PROPOSED 54 STORY 381 UNIT BUILDING - 220 EAST ILLINOIS],381,single_unit_count
commercial_17102120370000,permit_chain_100625206,1,1,100625206,220 E ILLINOIS ST,220 E ILLINOIS,2015-11-24,2015-11-24,2015-11-24,COMPLETE,100625206: FULL BUILDING REVIEW FOR A PROPOSED 54 STORY 490 UNIT BUILDING - 220 EAST ILLINOIS,1,490,100625206: 490 [FULL BUILDING REVIEW FOR A PROPOSED 54 STORY 490 UNIT BUILDING - 220 EAST ILLINOIS],490,single_unit_count
commercial_17102120370000,permit_chain_100820991,1,1,100820991,220 E ILLINOIS ST,220 E ILLINOIS,2019-06-25,2019-06-25,2019-06-25,EXPIRED,100820991: ***SELF CERTIFICATION PROGRAM***INTERIOR BUILD-OUT FOR A NEW RESTAURANT (EGG HARBOR CAFÉ) ON GRADE LEVEL IN A HIGHRISE BLDG. PROPOSED USE :C-2  SMALL ASSEMBLY EXISTING USE: VACANT TENANT SPACE,0,,NA,NA,no_unit_count
commercial_17103180610000,permit_chain_100396803,1,1,100396803,345 E WACKER DR,345 E WACKER,2011-06-02,2011-06-03,2011-06-03,COMPLETE,100396803: NEW CONSTRUCTION OF A 441 UNIT RESIDENTIAL APARTMENT BUILDING ON LAKESHORE EAST.  THIS IS A CAISSON-ONLY PERMIT.,1,441,100396803: 441 [NEW CONSTRUCTION OF A 441 UNIT RESIDENTIAL APARTMENT BUILDING ON LAKESHORE EAST. THIS IS A CAISSON-ONLY PERMIT.],441,single_unit_count
commercial_17103180610000,permit_chain_100402804,2,1,100402804/100430105,345 E WACKER DR,345 E WACKER,2011-07-15,2011-08-10,2012-03-14,COMPLETE,100402804: NEW CONSTRUCTION OF A 499-UNIT RESIDENTIAL APARTMENT BUILDING AT LAKESHORE EAST.  THIS IS A FOUNDATION-ONLY PERMIT---TO BE BUILD AS PER PLANS. || 100430105: REVISION TO THE FOUNDATION PERMIT #100402804:  INCLUDES GARAGE RAMP RELOCATION; ADDED SHOWER; AND OTHER MINOR CLARIFICATIONS.,0,,NA,NA,no_unit_count
commercial_17103180610000,permit_chain_100415597,3,2,100415597/100455410/100497322,345 E WACKER DR,345 E WACKER,2011-10-20,2011-12-16,2013-06-27,COMPLETE,"100415597: NEW CONSTRUCTION OF A 499-UNIT, MIX-USE, RESIDENTIAL APARTMENT BUILDING: 45 STORIES WITH 5-LEVEL GARAGE BELOW GRADE.SEE REVISION #100455410 TO ADD TWO FLOORS AND ADD UNITS - TOTAL 515 || 100455410: NEW CONSTRUCTION OF A 518-UNIT, MIX-USE, RESIDENTIAL APARTMENT BUILDING: 45 STORIES WITH 5-LEVEL GARAGE BELOW GRADE.  THIS PERMIT REVISION INVOLVES THE ADDITION TO TWO FLOORS TO THIS NEW BUILDING. || 100497322: REVISION TO PERMIT 100415597:  THE SCOPE OF THE CHANGES INCLUDE A REDUCTION IN NUMBER OF UNITS ON THE 46TH FLOOR FROM 518 TO 515 (FROM 8 TO 5 UNITS ON THE TOP FLOOR); UTILIZE TYCO SYSTEM ON 2ND FLOOR & USE SINGLE 4-HOUR RATED FIRE DOOR IN LIEU OF TWO 3-HOUR DOORS IN GARAGE.",1,5,100497322: 5 [OF THE CHANGES INCLUDE A REDUCTION IN NUMBER OF UNITS ON THE 46TH FLOOR FROM 518 TO 515 (FROM 8 TO 5 UNITS ON THE TOP FLOOR); UTILIZE TYCO SYSTEM ON 2ND FLOOR & USE SINGLE 4-HOUR RATED FIRE DOOR IN LIEU OF],5,single_unit_count
commercial_17103180610000,permit_chain_100459069,1,1,100459069,350 E SOUTH WATER ST,350 E SOUTH WATER,2012-09-21,2012-09-27,2012-09-27,COMPLETE,100459069: THIS PERMIT IS FOR THE CAISSONS AND FOUNDATION WORK FOR A NEW NINE-STORY ELEMENTARY SCHOOL.,0,,NA,NA,no_unit_count
commercial_17103180610000,permit_chain_100472022,1,1,100472022,350 E SOUTH WATER ST,350 E SOUTH WATER,2012-12-26,2012-12-27,2012-12-27,COMPLETE,100472022: CORE AND SHELL PERMIT FOR A NEW 9-STORY HIGH RISE PRIVATE SCHOOL.,0,,NA,NA,no_unit_count
commercial_17103180610000,permit_chain_100505645,1,1,100505645,350 E SOUTH WATER ST,350 E SOUTH WATER,2013-08-22,2013-08-23,2013-08-23,COMPLETE,100505645: INTERIOR BUILDOUT FOR A NEW 9 STORY KINDERARTEN THROUGH 4TH GRADE ELEMENTARY SCHOOLW ITH ROOF TOP PLAY AREA,0,,NA,NA,no_unit_count
commercial_17153000140000,permit_chain_100635862,1,1,100635862,30 E BALBO AVE,30 E BALBO,2016-03-04,2016-04-29,2016-04-29,COMPLETE,"100635862: FOUNDATION DESIGN FOR THE INSTALLATION AND OPERATION OF A PEINER SK415 TEMPORARY TOWER CRANE, AS PER PLANS.",0,,NA,NA,no_unit_count
commercial_17153000140000,permit_chain_100640528,1,1,100640528,30 E BALBO AVE,30 E BALBO,2016-03-21,2016-03-21,2016-03-21,COMPLETE,100640528: FOUNDATIONS ONLY FOR A PROPOSED 16-STORY RESIDENTIAL HIGH-RISE WITH FIRST FLOOR RETAIL AND 134 TOTAL UNITS (81-DWELLING UNITS AND 53-EFFICIENCY UNITS),1,134,100640528: 134 [FOUNDATIONS ONLY FOR A PROPOSED 16-STORY RESIDENTIAL HIGH-RISE WITH FIRST FLOOR RETAIL AND 134 TOTAL UNITS (81-DWELLING UNITS AND 53-EFFICIENCY UNITS)],134,single_unit_count
commercial_17153000140000,permit_chain_100647019,3,1,100647019/100683136/100694533,30 E BALBO AVE,30 E BALBO,2016-04-27,2016-05-02,2017-03-10,COMPLETE,"100647019: FULL BUILDING FOR PROPOSED 16-STORY RESIDENTIAL HIGH-RISE WITH FIRST FLOOR RETAIL AND 134 TOTAL UNITS 81 DWELLING UNITS AND 53 EFFICIENCY UNITS || 100683136: REVISION TO PERMIT #100647019 FOR A 16-STORY RESIDENTIAL HIGH-RISE WITH FIRST FLOOR RETAIL WITH 134 TOTAL UNITS - 81 DWELLING UNITS AND 53 EFFICIENCY UNITS TO INCLUDE BUILDOUT OF 16TH FLOOR ROOF DECK, REVISING A PORTION OF THE 16TH FLOOR MECHANICAL ROOM TO A SKY LOUNGE AND ADDING A MECHANICAL SCREEN WALL ON THE ROOF LEVEL. || 100694533: REVISION TO PERMIT #100647019 FOR A 16-STORY RESIDENTIAL HIGH-RISE WITH FIRST FLOOR RETAIL WITH 134 TOTAL UNITS - 81 DWELLING UNITS AND 53 EFFICIENCY UNITS TO ADD A DOG RUN TO THE LEVEL 3 EAST TERRACE.",3,53/81/134,"100647019: 134 [FULL BUILDING FOR PROPOSED 16-STORY RESIDENTIAL HIGH-RISE WITH FIRST FLOOR RETAIL AND 134 TOTAL UNITS 81 DWELLING UNITS AND 53 EFFICIENCY UNITS] || 100647019: 81 [LL BUILDING FOR PROPOSED 16-STORY RESIDENTIAL HIGH-RISE WITH FIRST FLOOR RETAIL AND 134 TOTAL UNITS 81 DWELLING UNITS AND 53 EFFICIENCY UNITS] || 100647019: 53 [ED 16-STORY RESIDENTIAL HIGH-RISE WITH FIRST FLOOR RETAIL AND 134 TOTAL UNITS 81 DWELLING UNITS AND 53 EFFICIENCY UNITS] || 100683136: 134 [REVISION TO PERMIT #100647019 FOR A 16-STORY RESIDENTIAL HIGH-RISE WITH FIRST FLOOR RETAIL WITH 134 TOTAL UNITS - 81 DWELLING UNITS AND 53 EFFICIENCY UNITS TO INCLUDE BUILDOUT OF 16TH FLOOR ROOF DECK, REVISING A] || 100683136: 81 [RMIT #100647019 FOR A 16-STORY RESIDENTIAL HIGH-RISE WITH FIRST FLOOR RETAIL WITH 134 TOTAL UNITS - 81 DWELLING UNITS AND 53 EFFICIENCY UNITS TO INCLUDE BUILDOUT OF 16TH FLOOR ROOF DECK, REVISING A PORTION OF THE 16TH] || 100683136: 53 [16-STORY RESIDENTIAL HIGH-RISE WITH FIRST FLOOR RETAIL WITH 134 TOTAL UNITS - 81 DWELLING UNITS AND 53 EFFICIENCY UNITS TO INCLUDE BUILDOUT OF 16TH FLOOR ROOF DECK, REVISING A PORTION OF THE 16TH FLOOR MECHANICAL ROOM T] || 100694533: 134 [REVISION TO PERMIT #100647019 FOR A 16-STORY RESIDENTIAL HIGH-RISE WITH FIRST FLOOR RETAIL WITH 134 TOTAL UNITS - 81 DWELLING UNITS AND 53 EFFICIENCY UNITS TO ADD A DOG RUN TO THE LEVEL 3 EAST TERRACE.] || 100694533: 81 [RMIT #100647019 FOR A 16-STORY RESIDENTIAL HIGH-RISE WITH FIRST FLOOR RETAIL WITH 134 TOTAL UNITS - 81 DWELLING UNITS AND 53 EFFICIENCY UNITS TO ADD A DOG RUN TO THE LEVEL 3 EAST TERRACE.] || 100694533: 53 [16-STORY RESIDENTIAL HIGH-RISE WITH FIRST FLOOR RETAIL WITH 134 TOTAL UNITS - 81 DWELLING UNITS AND 53 EFFICIENCY UNITS TO ADD A DOG RUN TO THE LEVEL 3 EAST TERRACE.]",NA,conflicting_unit_counts
commercial_17153000140000,permit_chain_100654777,1,1,100654777,30 E BALBO AVE,30 E BALBO,2016-06-21,2016-07-20,2016-07-20,COMPLETE,"100654777: INSTALLATION AND OPERATION OF CHAMPION SINGLE CAR US7000 HOIST TOWER WITH 7,000 LBS. CAR CAPACITY, AS PER PLANS.",0,,NA,NA,no_unit_count
commercial_17164050110000,permit_chain_100772360,2,1,100772360/100815895,717 S CLARK ST,717 S CLARK,2019-01-24,2019-02-01,2019-04-23,COMPLETE,"100772360: ***DIRECT DEVELOPER SERVICES *** FOUNDATION AND SUPERSTRUCTURE THROUGH THE FOURTH (4TH) FLOOR TOP OF SLAB FOR A PROPOSED 31 STORY RESIDENTIAL BUILDING WITH 349 DWELLING UNITS AND 97 PARKING SPACES; ALL AS PER PLANS. || 100815895: REVISION TO PERMIT#100772360 CHANGE OF PLUMBING CONTRACTOR NORMAN MECHANICAL, AND HVAC TO ADVANCED MECHANICAL INC.",1,349,100772360: 349 [UCTURE THROUGH THE FOURTH (4TH) FLOOR TOP OF SLAB FOR A PROPOSED 31 STORY RESIDENTIAL BUILDING WITH 349 DWELLING UNITS AND 97 PARKING SPACES; ALL AS PER PLANS.],349,single_unit_count
commercial_17164050110000,permit_chain_100794150,6,3,100794150/100815909/100860285/100868585/100895606/100952663,5317 N LUDLAM AVE / 717 S CLARK ST,5317 N LUDLAM/717 S CLARK,2019-04-08,2019-04-22,2021-12-17,COMPLETE,"100794150: ***DIRECT DEVELOPER SERVICES*** FULL BUILDING PERMIT FOR A PROPOSED 30 STORY RESIDENTIAL BUILDING WITH 349 DWELLING UNITS AND 97 PARKING SPACES; ALL AS PER PLANS. || 100815909: REVISION TO PERMIT#100794150 CHANGE PLUMBING CONTRACTOR NORMAN MECHANICAL, HVAC TO ADVANCE MECHANICAL INC. AND CONCRETE MASON TO TRIBCO CONSTRUCTION. || 100860285: ALTERNATIVE CODE APPROVAL FOR 100794150: USE PVC MATERIALS INSTEAD OF CAST IRON FOR UNDERGROUND PLUMBING & EXTERIOR DOWNSPOUTS || 100868585: ***DIRECT DEVELOPER SERVICES*** REVISION TO PERMIT NUMBER 100794150; MISCELLANEOUS ARCHITECTURAL AND MEP REVISIONS THROUGHOUT THE BUILDING; ALL AS PER PLANS || 100895606: ***DIRECT DEVELOPER SERVICES*** REVISION TO PERMIT NUMBER 100794150;REVISION TO BUILDING PERMIT RELATED TO ASSOCIATED ACAR TO ADDRESS FIRE DEPARTMENT ACCESS TO UPPER LEVEL OF DUPLEX UNITS ON LEVEL 29. DOORS ADDED ON LEVEL 29 INTO COMMON CORRIDOR OR INTO EXIT STAIR ENCLOSURE, DOORS ADDED BETWEEN UNITS ON LEVEL 29 WHERE DOOR INTO COMMON CORRIDOR NOT POSSIBLE AND `AREA OF RESCUE¿ ESTABLISHED IN THOSE SAME UNITS BY PROVIDING RATED ASSEMBLY SEPARATION TO LEVEL 28. UNIT ENTRY DOOR SWINGS RECONFIGURED ON LEVEL 28 TO AVOID BLOCKING INTERIOR STAIR ACCESS. CONSULTANT REVIEWER: || 100952663: REVISION TO CHANGE OF PLUMBER TO MVP PLUMBING,HVAC CONTRACTOR TO WESTSIDE MECHANICAL PERMIT #100794150",1,349,100794150: 349 [DIRECT DEVELOPER SERVICES*** FULL BUILDING PERMIT FOR A PROPOSED 30 STORY RESIDENTIAL BUILDING WITH 349 DWELLING UNITS AND 97 PARKING SPACES; ALL AS PER PLANS.],349,single_unit_count
commercial_17164100040000,permit_chain_100607307,1,1,100607307,837 S WELLS ST,837 S WELLS,2015-07-31,2015-08-03,2015-08-03,COMPLETE,100607307: NEW 4 STORY RESIDENTIAL BUILDING OF TYPE III-B CONSTRUCTION. GROUND FLOOR COMMERCIAL SPACE AND 42 RESIDENTIAL UNITS WITH 42 PARKING SPACEA AT THE GROUND FLOOR. BUILDING IS FULL SPRINKLED. 837 S. WELLS ST.,1,42,100607307: 42 [NEW 4 STORY RESIDENTIAL BUILDING OF TYPE III-B CONSTRUCTION. GROUND FLOOR COMMERCIAL SPACE AND 42 RESIDENTIAL UNITS WITH 42 PARKING SPACEA AT THE GROUND FLOOR. BUILDING IS FULL SPRINKLED. 837 S. WELLS ST.],42,single_unit_count
commercial_17164100040000,permit_chain_100618170,1,1,100618170,839 S WELLS ST,839 S WELLS,2015-10-09,2015-10-09,2015-10-09,COMPLETE,100618170: NEW 4 STORY RESIDENTIAL BUILDING OF TYPE III-B CONSTRUCTION W/ TYPE I-C CONSTRUCTION AT FIRST FLOOR. GROUND FLOOR COMMERCIAL SPACE WITH 42 RSSIDENTIAL UNITS AND 43 PARKING SPACES AT THE GROUND FLOOR. BUILDING IS FULLY SPRINKLERED. 839 S WELLS STREET.,0,,NA,NA,no_unit_count
commercial_17171050030000,permit_chain_100560092,3,1,100560092/100597095/100640206,1247 W MADISON ST,1247 W MADISON,2014-09-11,2014-09-11,2016-03-18,COMPLETE,"100560092: NEW CONSTRUCTION - 4 STORY BUILDING WITH 42 RESIDENTIAL UNITS WITH GROUND FLOOR PARKING FOR 42 SPACES AND GROUND FLOOR COMMERCIAL RETAIL SPACE AS PER PLANS.**CERTIFIED PLAN CORRECTIONS - CONDITIONAL APPROVAL - SUBJECT TO FIELD INSPECTION** 1247 WEST MADISON STREET || 100597095: REVISION TO PERMIT #100560092 TO CHANGE THE PLUMBER OF RECORD TO TAG PLUMBING CO., INC. || 100640206: CHANGE PLUMBER TO TAG PLUMBING FOR PERMIT 100560092",1,42,100560092: 42 [NEW CONSTRUCTION - 4 STORY BUILDING WITH 42 RESIDENTIAL UNITS WITH GROUND FLOOR PARKING FOR 42 SPACES AND GROUND FLOOR COMMERCIAL RETAIL SPACE AS PER PLANS.**CER],42,single_unit_count
commercial_17171050030000,permit_chain_100560097,2,1,100560097/100597099,1249 W MADISON ST,1249 W MADISON,2014-09-11,2014-09-11,2015-06-03,COMPLETE,"100560097: NEW CONSTRUCTION 4 STOTY BUILDING WITH 30 RESIDENTIAL UNITS AND 30 GROUND FLOOR PARKING SPACES. GROUND FLOOR COMMERCIAL RETAIL SPACE AS PER PLANS. **CERTIFIED PLAN CORRECTIONS - CONDITIONAL APPROVAL - SUBJECT TO FIELD INSPECTION** 1249 W MADISON STREET || 100597099: REVISION TO PERMIT #100560097 TO CHANGE THE PLUMBER OF RECORD TO TAG PLUMBING CO., INC.",1,30,100560097: 30 [NEW CONSTRUCTION 4 STOTY BUILDING WITH 30 RESIDENTIAL UNITS AND 30 GROUND FLOOR PARKING SPACES. GROUND FLOOR COMMERCIAL RETAIL SPACE AS PER PLANS. **CERTIFIED],30,single_unit_count
commercial_17171170020000,permit_chain_100555273,1,1,100555273,1241 W JACKSON BLVD,1241 W JACKSON,2014-08-13,2014-08-13,2014-08-13,COMPLETE,"100555273: NEW CONSTRUCTION - ERECT NEW 4-STORY RESIDENTIAL BUILDING - 42 DWELLING UNITS WITH 56 PARKING SPACES AT THE GROUND LEVEL, TYPE III-B CONSTRUCTION AS PER PLANS.  1241 W JACKSON BLVD. *** GREEN ROOF AREA= 9,385 SF ***",1,42,"100555273: 42 [NEW CONSTRUCTION - ERECT NEW 4-STORY RESIDENTIAL BUILDING - 42 DWELLING UNITS WITH 56 PARKING SPACES AT THE GROUND LEVEL, TYPE III-B CONSTRUCTION AS PER PLANS. 1241 W JACKSON B]",42,single_unit_count
commercial_17171170020000,permit_chain_100555274,1,1,100555274,1245 W JACKSON BLVD,1245 W JACKSON,2014-08-13,2014-08-14,2014-08-14,COMPLETE,"100555274: NEW CONSTRUCTION - ERECT NEW 4-STORY RESIDENTIAL BUILDING - 51 DWELLING UNITS WITH 67 PARKING SPACES GROUND LEVEL GARAGE AS PER PLANS. 1245 W JACKSON BLVD. *** GREEN ROOF AREA= 10,799 SQ.FT. ***",1,51,100555274: 51 [NEW CONSTRUCTION - ERECT NEW 4-STORY RESIDENTIAL BUILDING - 51 DWELLING UNITS WITH 67 PARKING SPACES GROUND LEVEL GARAGE AS PER PLANS. 1245 W JACKSON BLVD. *** GREEN ROOF AREA=],51,single_unit_count
commercial_17172270010000,permit_chain_100263473,1,1,100263473,315 S PEORIA ST,315 S PEORIA,2009-05-08,2009-05-18,2009-05-18,COMPLETE,100263473: INSTALLATION OF TEMPORARY SINGLE 7000LBS HOIST,0,,NA,NA,no_unit_count
commercial_17172310020000,permit_chain_100623851,1,1,100623851,1035 W VAN BUREN ST,1035 W VAN BUREN,2015-11-19,2015-11-19,2015-11-19,COMPLETE,100623851: TRENCHING AND INSTALLATION OF CONCRETE-ENCASED ELECTRICAL DUCTBANK WITHIN PROPERTY LINE TO CONNECT TO COMED WORK IN THE PUBLIC WAY.WORK WILL BE 10' MAX DEPTH AT PROPERTY LINE AND SLOPE UP TO A DEPTH OF ROUGHLY 4'. OPEN CUT PORTION TO BE AT MAX 1.5 TO 1 RATIO. PERMIT NEEDED AS SOON AS POSSIBLE TO COORDINATE WITH COMED WORK SCHEDULE.,0,,NA,NA,no_unit_count
commercial_17172310020000,permit_chain_100628945,2,1,100628945/100656776,1035 W VAN BUREN ST,1035 W VAN BUREN,2015-12-24,2015-12-24,2016-06-23,COMPLETE,"100628945: FOUNDATION THROUGH SEVENTH (7TH)FLOOR SUPERSTRUCTURE PODIUM FOR PORPOSOED 30 STORY RESIDENTIAL HIGHRISE WITH PARKING || 100656776: REVISION TO PERMIT #100628945:  REVISION TO PODIUM SUPERSTRUCTURE ONLY, LEVELS 2-7 OF PROPOSED 30 STORY RESIDENTIAL HIGH RISE WITH PARKING AND RETAIL",0,,NA,NA,no_unit_count
commercial_17172310020000,permit_chain_100636252,1,1,100636252,1035 W VAN BUREN ST,1035 W VAN BUREN,2016-03-18,2016-03-25,2016-03-25,COMPLETE,"100636252: PHASE 1 FOUNDATION DESIGN FOR THE INSTALLATION AND OPERATION OF A LIEBHERR EC-12 LITRONIC TEMPORARY TOWER CRANE, AS PER PLANS.",0,,NA,NA,no_unit_count
commercial_17172310020000,permit_chain_100653008,1,1,100653008,1035 W VAN BUREN ST,1035 W VAN BUREN,2016-06-15,2016-07-13,2016-07-13,COMPLETE,100653008: INSTALLATION OF TEMPORARY US-80-DUAL RACK AND PINION ELEVATOR,0,,NA,NA,no_unit_count
commercial_17172310020000,permit_chain_100669122,2,1,100669122/100709726,1035 W VAN BUREN ST,1035 W VAN BUREN,2016-09-12,2016-09-13,2017-06-08,COMPLETE,100669122: FULL BUILDING PERMIT FOR PROPOSED 30 STORY RESIDENTIAL MIXED-USE HIGH-RISE WITH RETAIL AND PARKING. || 100709726: REVISION TO FULL BUILDING PERMIT FOR 1035 W VAN BUREN (D15109-02 / 100669122).,0,,NA,NA,no_unit_count
commercial_17172310020000,permit_chain_100680179,1,1,100680179,1035 W VAN BUREN ST,1035 W VAN BUREN,2016-11-28,2016-12-05,2016-12-05,COMPLETE,"100680179: REVISED PERMIT #100650688 FOR PHASE 2 TIE-IN AND CLIMB SCHEDULE FOR A LIEBHERR 316 EC-12 LITRONIC TOWER CRANE, AS PER PLANS.",0,,NA,NA,no_unit_count
commercial_17173320070000,permit_chain_100190328,6,1,100190328/100191250/100191251/100191252/100191253/100191254,1246 W WASHBURNE AVE / 1314 W WASHBURNE AVE / 1315 W GRENSHAW ST / 1317 W ROOSEVELT RD / 1342 W WASHBURNE AVE / 1345 W GRENSHAW ST,1246 W WASHBURNE/1314 W WASHBURNE/1315 W GRENSHAW/1317 W ROOSEVELT/1342 W WASHBURNE/1345 W GRENSHAW,2007-07-20,2007-07-20,2007-08-09,COMPLETE,"100190328: BUILDING 12A; 1246 W WASHBURNE AVE; CONSTRUCT A NEW THREE STORY, SIX DWELLING UNIT MASONRY VENEER RESIDENTIAL BUILDING || 100191250: ROOSEVELT SQUARE PHASE II- BLDG 12A- CONSTRUCT A 3 STORY 6 DWELLING UNIT MASONRY VENEER TYPE IIIB BUILDING (PROTOTYPE BASED ON PERMIT #100190328) || 100191251: ROOSEVELT SQUARE PHASE II- BLDG 12A- CONSTRUCT A 3 STORY 6 DWELLING UNIT MASONRY VENEER TYPE IIIB BUILDING (PROTOTYPE BASED ON PERMIT #100190328) || 100191252: ROOSEVELT SQUARE PHASE II- BLDG 12A- CONSTRUCT A 3 STORY 6 DWELLING UNIT MASONRY VENEER TYPE IIIB BUILDING (PROTOTYPE BASED ON PERMIT #100190328) || 100191253: ROOSEVELT SQUARE PHASE II- BLDG 12A- CONSTRUCT A 3 STORY 6 DWELLING UNIT MASONRY VENEER TYPE IIIB BUILDING (PROTOTYPE BASED ON PERMIT #100190328) || 100191254: ROOSEVELT SQUARE PHASE II- BLDG 12A- CONSTRUCT A 3 STORY 6 DWELLING UNIT MASONRY VENEER TYPE IIIB BUILDING (PROTOTYPE BASED ON PERMIT #100190328)",1,6,100191250: 6 [ROOSEVELT SQUARE PHASE II- BLDG 12A- CONSTRUCT A 3 STORY 6 DWELLING UNIT MASONRY VENEER TYPE IIIB BUILDING (PROTOTYPE BASED ON PERMIT #100190328)] || 100191251: 6 [ROOSEVELT SQUARE PHASE II- BLDG 12A- CONSTRUCT A 3 STORY 6 DWELLING UNIT MASONRY VENEER TYPE IIIB BUILDING (PROTOTYPE BASED ON PERMIT #100190328)] || 100191252: 6 [ROOSEVELT SQUARE PHASE II- BLDG 12A- CONSTRUCT A 3 STORY 6 DWELLING UNIT MASONRY VENEER TYPE IIIB BUILDING (PROTOTYPE BASED ON PERMIT #100190328)] || 100191253: 6 [ROOSEVELT SQUARE PHASE II- BLDG 12A- CONSTRUCT A 3 STORY 6 DWELLING UNIT MASONRY VENEER TYPE IIIB BUILDING (PROTOTYPE BASED ON PERMIT #100190328)] || 100191254: 6 [ROOSEVELT SQUARE PHASE II- BLDG 12A- CONSTRUCT A 3 STORY 6 DWELLING UNIT MASONRY VENEER TYPE IIIB BUILDING (PROTOTYPE BASED ON PERMIT #100190328)],6,single_unit_count
commercial_17173320070000,permit_chain_100190338,6,1,100190338/100190889/100191125/100191126/100191127/100191128,1224 W WASHBURNE AVE / 1256 W WASHBURNE AVE / 1306 W WASHBURNE AVE / 1309 W GRENSHAW ST / 1341 W GRENSHAW ST / 1354 W WASHBURNE AVE,1224 W WASHBURNE/1256 W WASHBURNE/1306 W WASHBURNE/1309 W GRENSHAW/1341 W GRENSHAW/1354 W WASHBURNE,2007-07-20,2007-07-20,2007-08-03,COMPLETE,"100190338: BLDG 12D- 1224 W. WASHBURNE- CONSTRUCT A 3 STORY 6 DWELLING UNIT MASONRY VENEER RESIDENTIAL BUILDING || 100190889: ROOSEVELT SQUARE PHASE II- BLDG 12D- CONSTRUCT A 3-STORY, 6 DWELLING UNIT, MASONRY VENEER TYPE IIIB BUILDING (PROTOTYPE BASED ON PERMIT #100190338) || 100191125: ROOSEVELT SQUARE PHASE II- BLDG 12D- CONSTRUCT A 3-STORY, 6 DWELLING UNIT, MASONRY VENEER TYPE IIIB BUILDING (PROTOTYPE BASED ON PERMIT #100190338) || 100191127: ROOSEVELT SQUARE PHASE II- BLDG 12D- CONSTRUCT A 3-STORY, 6 DWELLING UNIT, MASONRY VENEER TYPE IIIB BUILDING (PROTOTYPE BASED ON PERMIT #100190338) || 100191128: ROOSEVELT SQUARE PHASE II- BLDG 12D- CONSTRUCT A 3-STORY, 6 DWELLING UNIT, MASONRY VENEER TYPE IIIB BUILDING (PROTOTYPE BASED ON PERMIT #100190338) || 100191126: ROOSEVELT SQUARE PHASE II- BLDG 12D- CONSTRUCT A 3-STORY, 6 DWELLING UNIT, MASONRY VENEER TYPE IIIB BUILDING (PROTOTYPE BASED ON PERMIT #100190338)",1,6,"100190338: 6 [BLDG 12D- 1224 W. WASHBURNE- CONSTRUCT A 3 STORY 6 DWELLING UNIT MASONRY VENEER RESIDENTIAL BUILDING] || 100190889: 6 [ROOSEVELT SQUARE PHASE II- BLDG 12D- CONSTRUCT A 3-STORY, 6 DWELLING UNIT, MASONRY VENEER TYPE IIIB BUILDING (PROTOTYPE BASED ON PERMIT #100190338)] || 100191125: 6 [ROOSEVELT SQUARE PHASE II- BLDG 12D- CONSTRUCT A 3-STORY, 6 DWELLING UNIT, MASONRY VENEER TYPE IIIB BUILDING (PROTOTYPE BASED ON PERMIT #100190338)] || 100191126: 6 [ROOSEVELT SQUARE PHASE II- BLDG 12D- CONSTRUCT A 3-STORY, 6 DWELLING UNIT, MASONRY VENEER TYPE IIIB BUILDING (PROTOTYPE BASED ON PERMIT #100190338)] || 100191127: 6 [ROOSEVELT SQUARE PHASE II- BLDG 12D- CONSTRUCT A 3-STORY, 6 DWELLING UNIT, MASONRY VENEER TYPE IIIB BUILDING (PROTOTYPE BASED ON PERMIT #100190338)] || 100191128: 6 [ROOSEVELT SQUARE PHASE II- BLDG 12D- CONSTRUCT A 3-STORY, 6 DWELLING UNIT, MASONRY VENEER TYPE IIIB BUILDING (PROTOTYPE BASED ON PERMIT #100190338)]",6,single_unit_count
commercial_17173320160000,permit_chain_100190328,6,1,100190328/100191250/100191251/100191252/100191253/100191254,1246 W WASHBURNE AVE / 1314 W WASHBURNE AVE / 1315 W GRENSHAW ST / 1317 W ROOSEVELT RD / 1342 W WASHBURNE AVE / 1345 W GRENSHAW ST,1246 W WASHBURNE/1314 W WASHBURNE/1315 W GRENSHAW/1317 W ROOSEVELT/1342 W WASHBURNE/1345 W GRENSHAW,2007-07-20,2007-07-20,2007-08-09,COMPLETE,"100190328: BUILDING 12A; 1246 W WASHBURNE AVE; CONSTRUCT A NEW THREE STORY, SIX DWELLING UNIT MASONRY VENEER RESIDENTIAL BUILDING || 100191250: ROOSEVELT SQUARE PHASE II- BLDG 12A- CONSTRUCT A 3 STORY 6 DWELLING UNIT MASONRY VENEER TYPE IIIB BUILDING (PROTOTYPE BASED ON PERMIT #100190328) || 100191251: ROOSEVELT SQUARE PHASE II- BLDG 12A- CONSTRUCT A 3 STORY 6 DWELLING UNIT MASONRY VENEER TYPE IIIB BUILDING (PROTOTYPE BASED ON PERMIT #100190328) || 100191252: ROOSEVELT SQUARE PHASE II- BLDG 12A- CONSTRUCT A 3 STORY 6 DWELLING UNIT MASONRY VENEER TYPE IIIB BUILDING (PROTOTYPE BASED ON PERMIT #100190328) || 100191253: ROOSEVELT SQUARE PHASE II- BLDG 12A- CONSTRUCT A 3 STORY 6 DWELLING UNIT MASONRY VENEER TYPE IIIB BUILDING (PROTOTYPE BASED ON PERMIT #100190328) || 100191254: ROOSEVELT SQUARE PHASE II- BLDG 12A- CONSTRUCT A 3 STORY 6 DWELLING UNIT MASONRY VENEER TYPE IIIB BUILDING (PROTOTYPE BASED ON PERMIT #100190328)",1,6,100191250: 6 [ROOSEVELT SQUARE PHASE II- BLDG 12A- CONSTRUCT A 3 STORY 6 DWELLING UNIT MASONRY VENEER TYPE IIIB BUILDING (PROTOTYPE BASED ON PERMIT #100190328)] || 100191251: 6 [ROOSEVELT SQUARE PHASE II- BLDG 12A- CONSTRUCT A 3 STORY 6 DWELLING UNIT MASONRY VENEER TYPE IIIB BUILDING (PROTOTYPE BASED ON PERMIT #100190328)] || 100191252: 6 [ROOSEVELT SQUARE PHASE II- BLDG 12A- CONSTRUCT A 3 STORY 6 DWELLING UNIT MASONRY VENEER TYPE IIIB BUILDING (PROTOTYPE BASED ON PERMIT #100190328)] || 100191253: 6 [ROOSEVELT SQUARE PHASE II- BLDG 12A- CONSTRUCT A 3 STORY 6 DWELLING UNIT MASONRY VENEER TYPE IIIB BUILDING (PROTOTYPE BASED ON PERMIT #100190328)] || 100191254: 6 [ROOSEVELT SQUARE PHASE II- BLDG 12A- CONSTRUCT A 3 STORY 6 DWELLING UNIT MASONRY VENEER TYPE IIIB BUILDING (PROTOTYPE BASED ON PERMIT #100190328)],6,single_unit_count
commercial_17173320160000,permit_chain_100190338,6,1,100190338/100190889/100191125/100191126/100191127/100191128,1224 W WASHBURNE AVE / 1256 W WASHBURNE AVE / 1306 W WASHBURNE AVE / 1309 W GRENSHAW ST / 1341 W GRENSHAW ST / 1354 W WASHBURNE AVE,1224 W WASHBURNE/1256 W WASHBURNE/1306 W WASHBURNE/1309 W GRENSHAW/1341 W GRENSHAW/1354 W WASHBURNE,2007-07-20,2007-07-20,2007-08-03,COMPLETE,"100190338: BLDG 12D- 1224 W. WASHBURNE- CONSTRUCT A 3 STORY 6 DWELLING UNIT MASONRY VENEER RESIDENTIAL BUILDING || 100190889: ROOSEVELT SQUARE PHASE II- BLDG 12D- CONSTRUCT A 3-STORY, 6 DWELLING UNIT, MASONRY VENEER TYPE IIIB BUILDING (PROTOTYPE BASED ON PERMIT #100190338) || 100191125: ROOSEVELT SQUARE PHASE II- BLDG 12D- CONSTRUCT A 3-STORY, 6 DWELLING UNIT, MASONRY VENEER TYPE IIIB BUILDING (PROTOTYPE BASED ON PERMIT #100190338) || 100191127: ROOSEVELT SQUARE PHASE II- BLDG 12D- CONSTRUCT A 3-STORY, 6 DWELLING UNIT, MASONRY VENEER TYPE IIIB BUILDING (PROTOTYPE BASED ON PERMIT #100190338) || 100191128: ROOSEVELT SQUARE PHASE II- BLDG 12D- CONSTRUCT A 3-STORY, 6 DWELLING UNIT, MASONRY VENEER TYPE IIIB BUILDING (PROTOTYPE BASED ON PERMIT #100190338) || 100191126: ROOSEVELT SQUARE PHASE II- BLDG 12D- CONSTRUCT A 3-STORY, 6 DWELLING UNIT, MASONRY VENEER TYPE IIIB BUILDING (PROTOTYPE BASED ON PERMIT #100190338)",1,6,"100190338: 6 [BLDG 12D- 1224 W. WASHBURNE- CONSTRUCT A 3 STORY 6 DWELLING UNIT MASONRY VENEER RESIDENTIAL BUILDING] || 100190889: 6 [ROOSEVELT SQUARE PHASE II- BLDG 12D- CONSTRUCT A 3-STORY, 6 DWELLING UNIT, MASONRY VENEER TYPE IIIB BUILDING (PROTOTYPE BASED ON PERMIT #100190338)] || 100191125: 6 [ROOSEVELT SQUARE PHASE II- BLDG 12D- CONSTRUCT A 3-STORY, 6 DWELLING UNIT, MASONRY VENEER TYPE IIIB BUILDING (PROTOTYPE BASED ON PERMIT #100190338)] || 100191126: 6 [ROOSEVELT SQUARE PHASE II- BLDG 12D- CONSTRUCT A 3-STORY, 6 DWELLING UNIT, MASONRY VENEER TYPE IIIB BUILDING (PROTOTYPE BASED ON PERMIT #100190338)] || 100191127: 6 [ROOSEVELT SQUARE PHASE II- BLDG 12D- CONSTRUCT A 3-STORY, 6 DWELLING UNIT, MASONRY VENEER TYPE IIIB BUILDING (PROTOTYPE BASED ON PERMIT #100190338)] || 100191128: 6 [ROOSEVELT SQUARE PHASE II- BLDG 12D- CONSTRUCT A 3-STORY, 6 DWELLING UNIT, MASONRY VENEER TYPE IIIB BUILDING (PROTOTYPE BASED ON PERMIT #100190338)]",6,single_unit_count
commercial_17193010330000,permit_chain_100760980,2,1,100760980/B100836574,2036 W 18TH ST,2036 W 18TH,2018-06-08,2018-10-02,2019-09-06,COMPLETE,"100760980: ERECT A 4 STORY , IIIB MASONRY 3 UNIT APARMENT WITH  GROUND FLOOR RETAIL, 2 CAR ATTACHED GARAGE, AND 1 EXTERIOR PARKING SPOT, PER PLANS. || B100836574: CHANGE OF ELECTRICAL CONTRACTOR FOR ORIGINAL PERMIT  #100760980",1,3,"100760980: 3 [ERECT A 4 STORY , IIIB MASONRY 3 UNIT APARMENT WITH GROUND FLOOR RETAIL, 2 CAR ATTACHED GARAGE, AND 1 EXTERIOR PARKING SPOT, PER PLANS.]",3,single_unit_count
commercial_17194110010000,permit_chain_100332470,1,1,100332470,1658 W 18TH PL,1658 W 18TH,2010-04-15,2010-12-02,2010-12-02,COMPLETE,"100332470: ERECT 4 STORY,  6 DWELLING UNIT PER ARCH PLANS.",1,6,"100332470: 6 [ERECT 4 STORY, 6 DWELLING UNIT PER ARCH PLANS.]",6,single_unit_count
commercial_17194110010000,permit_chain_100312231,2,2,100312231/100403067,1657 W 18TH ST,1657 W 18TH,2010-08-03,2010-08-03,2011-08-15,COMPLETE,"100312231: NEW I-B CONSTRUCTION, 15 DU, 6 STY, DORMITORY BUILDING W/GROUND FLOOR RETAIL AND DORM SUPPORT. ARCH, MEP, STRUC., MOPD, FIRE. CONVERT 10 DWELLING UNITS TO 15 DWELLING UNITS || 100403067: REVISION TO PERMIT #100312231 FROM 10 DU TO 15 DU AND UPDATED MECH AND WATER RMS 109, 111 AND 120",2,10/15,"100312231: 15 [NEW I-B CONSTRUCTION, 15 DU, 6 STY, DORMITORY BUILDING W/GROUND FLOOR RETAIL AND DORM SUPPORT. ARCH, MEP, STRUC., MOPD, FIRE. C] || 100312231: 10 [, DORMITORY BUILDING W/GROUND FLOOR RETAIL AND DORM SUPPORT. ARCH, MEP, STRUC., MOPD, FIRE. CONVERT 10 DWELLING UNITS TO 15 DWELLING UNITS] || 100312231: 15 [W/GROUND FLOOR RETAIL AND DORM SUPPORT. ARCH, MEP, STRUC., MOPD, FIRE. CONVERT 10 DWELLING UNITS TO 15 DWELLING UNITS] || 100403067: 10 [REVISION TO PERMIT #100312231 FROM 10 DU TO 15 DU AND UPDATED MECH AND WATER RMS 109, 111 AND 120] || 100403067: 15 [REVISION TO PERMIT #100312231 FROM 10 DU TO 15 DU AND UPDATED MECH AND WATER RMS 109, 111 AND 120]",NA,conflicting_unit_counts
commercial_17194110010000,permit_chain_100411143,2,2,100411143/100426918,1658 W 18TH PL,1658 W 18TH,2011-10-27,2011-12-13,2012-06-26,COMPLETE,"100411143: NEW CONSTRUCTION TYPE IV A-(1) STORY BUSINESS CENTER W/ LANDSCAPE IMPROVEMENTS AND FENCE || 100426918: REVISE PERMIT  100411143 FOR CHANGE TO RTU EQUIPMENT, ADD (1) TOILET TO WOMENS RESTROOM, ADD (1) URINAL TO MENS RESTROOM, ADD (1) INTERIOR DOOR TO BREAK ROOM, ADD (2) PAIR OF ALUMINUM STORE FRONT DOORS TO WEST ELEVATION.",0,,NA,NA,no_unit_count
commercial_17201020620000,permit_chain_100190328,6,1,100190328/100191250/100191251/100191252/100191253/100191254,1246 W WASHBURNE AVE / 1314 W WASHBURNE AVE / 1315 W GRENSHAW ST / 1317 W ROOSEVELT RD / 1342 W WASHBURNE AVE / 1345 W GRENSHAW ST,1246 W WASHBURNE/1314 W WASHBURNE/1315 W GRENSHAW/1317 W ROOSEVELT/1342 W WASHBURNE/1345 W GRENSHAW,2007-07-20,2007-07-20,2007-08-09,COMPLETE,"100190328: BUILDING 12A; 1246 W WASHBURNE AVE; CONSTRUCT A NEW THREE STORY, SIX DWELLING UNIT MASONRY VENEER RESIDENTIAL BUILDING || 100191250: ROOSEVELT SQUARE PHASE II- BLDG 12A- CONSTRUCT A 3 STORY 6 DWELLING UNIT MASONRY VENEER TYPE IIIB BUILDING (PROTOTYPE BASED ON PERMIT #100190328) || 100191251: ROOSEVELT SQUARE PHASE II- BLDG 12A- CONSTRUCT A 3 STORY 6 DWELLING UNIT MASONRY VENEER TYPE IIIB BUILDING (PROTOTYPE BASED ON PERMIT #100190328) || 100191252: ROOSEVELT SQUARE PHASE II- BLDG 12A- CONSTRUCT A 3 STORY 6 DWELLING UNIT MASONRY VENEER TYPE IIIB BUILDING (PROTOTYPE BASED ON PERMIT #100190328) || 100191253: ROOSEVELT SQUARE PHASE II- BLDG 12A- CONSTRUCT A 3 STORY 6 DWELLING UNIT MASONRY VENEER TYPE IIIB BUILDING (PROTOTYPE BASED ON PERMIT #100190328) || 100191254: ROOSEVELT SQUARE PHASE II- BLDG 12A- CONSTRUCT A 3 STORY 6 DWELLING UNIT MASONRY VENEER TYPE IIIB BUILDING (PROTOTYPE BASED ON PERMIT #100190328)",1,6,100191250: 6 [ROOSEVELT SQUARE PHASE II- BLDG 12A- CONSTRUCT A 3 STORY 6 DWELLING UNIT MASONRY VENEER TYPE IIIB BUILDING (PROTOTYPE BASED ON PERMIT #100190328)] || 100191251: 6 [ROOSEVELT SQUARE PHASE II- BLDG 12A- CONSTRUCT A 3 STORY 6 DWELLING UNIT MASONRY VENEER TYPE IIIB BUILDING (PROTOTYPE BASED ON PERMIT #100190328)] || 100191252: 6 [ROOSEVELT SQUARE PHASE II- BLDG 12A- CONSTRUCT A 3 STORY 6 DWELLING UNIT MASONRY VENEER TYPE IIIB BUILDING (PROTOTYPE BASED ON PERMIT #100190328)] || 100191253: 6 [ROOSEVELT SQUARE PHASE II- BLDG 12A- CONSTRUCT A 3 STORY 6 DWELLING UNIT MASONRY VENEER TYPE IIIB BUILDING (PROTOTYPE BASED ON PERMIT #100190328)] || 100191254: 6 [ROOSEVELT SQUARE PHASE II- BLDG 12A- CONSTRUCT A 3 STORY 6 DWELLING UNIT MASONRY VENEER TYPE IIIB BUILDING (PROTOTYPE BASED ON PERMIT #100190328)],6,single_unit_count
commercial_17201020620000,permit_chain_100190338,6,1,100190338/100190889/100191125/100191126/100191127/100191128,1224 W WASHBURNE AVE / 1256 W WASHBURNE AVE / 1306 W WASHBURNE AVE / 1309 W GRENSHAW ST / 1341 W GRENSHAW ST / 1354 W WASHBURNE AVE,1224 W WASHBURNE/1256 W WASHBURNE/1306 W WASHBURNE/1309 W GRENSHAW/1341 W GRENSHAW/1354 W WASHBURNE,2007-07-20,2007-07-20,2007-08-03,COMPLETE,"100190338: BLDG 12D- 1224 W. WASHBURNE- CONSTRUCT A 3 STORY 6 DWELLING UNIT MASONRY VENEER RESIDENTIAL BUILDING || 100190889: ROOSEVELT SQUARE PHASE II- BLDG 12D- CONSTRUCT A 3-STORY, 6 DWELLING UNIT, MASONRY VENEER TYPE IIIB BUILDING (PROTOTYPE BASED ON PERMIT #100190338) || 100191125: ROOSEVELT SQUARE PHASE II- BLDG 12D- CONSTRUCT A 3-STORY, 6 DWELLING UNIT, MASONRY VENEER TYPE IIIB BUILDING (PROTOTYPE BASED ON PERMIT #100190338) || 100191127: ROOSEVELT SQUARE PHASE II- BLDG 12D- CONSTRUCT A 3-STORY, 6 DWELLING UNIT, MASONRY VENEER TYPE IIIB BUILDING (PROTOTYPE BASED ON PERMIT #100190338) || 100191128: ROOSEVELT SQUARE PHASE II- BLDG 12D- CONSTRUCT A 3-STORY, 6 DWELLING UNIT, MASONRY VENEER TYPE IIIB BUILDING (PROTOTYPE BASED ON PERMIT #100190338) || 100191126: ROOSEVELT SQUARE PHASE II- BLDG 12D- CONSTRUCT A 3-STORY, 6 DWELLING UNIT, MASONRY VENEER TYPE IIIB BUILDING (PROTOTYPE BASED ON PERMIT #100190338)",1,6,"100190338: 6 [BLDG 12D- 1224 W. WASHBURNE- CONSTRUCT A 3 STORY 6 DWELLING UNIT MASONRY VENEER RESIDENTIAL BUILDING] || 100190889: 6 [ROOSEVELT SQUARE PHASE II- BLDG 12D- CONSTRUCT A 3-STORY, 6 DWELLING UNIT, MASONRY VENEER TYPE IIIB BUILDING (PROTOTYPE BASED ON PERMIT #100190338)] || 100191125: 6 [ROOSEVELT SQUARE PHASE II- BLDG 12D- CONSTRUCT A 3-STORY, 6 DWELLING UNIT, MASONRY VENEER TYPE IIIB BUILDING (PROTOTYPE BASED ON PERMIT #100190338)] || 100191126: 6 [ROOSEVELT SQUARE PHASE II- BLDG 12D- CONSTRUCT A 3-STORY, 6 DWELLING UNIT, MASONRY VENEER TYPE IIIB BUILDING (PROTOTYPE BASED ON PERMIT #100190338)] || 100191127: 6 [ROOSEVELT SQUARE PHASE II- BLDG 12D- CONSTRUCT A 3-STORY, 6 DWELLING UNIT, MASONRY VENEER TYPE IIIB BUILDING (PROTOTYPE BASED ON PERMIT #100190338)] || 100191128: 6 [ROOSEVELT SQUARE PHASE II- BLDG 12D- CONSTRUCT A 3-STORY, 6 DWELLING UNIT, MASONRY VENEER TYPE IIIB BUILDING (PROTOTYPE BASED ON PERMIT #100190338)]",6,single_unit_count
commercial_17201020620000,permit_chain_100194211,1,1,100194211,1348 W WASHBURNE AVE,1348 W WASHBURNE,2007-08-14,2007-08-14,2007-08-14,EXPIRED,100194211: ROOSEVELT SQUARE PHASE II- FOR SALE BUILDING 2B- ERECT A 3 STORY TYPE IIB CONSTRUCTION MASONRY VENEER RESIDENTIAL BUILDING WITH 6 DWELLING UNITS.,1,6,100194211: 6 [OR SALE BUILDING 2B- ERECT A 3 STORY TYPE IIB CONSTRUCTION MASONRY VENEER RESIDENTIAL BUILDING WITH 6 DWELLING UNITS.],6,single_unit_count
commercial_17201020640000,permit_chain_100190328,6,1,100190328/100191250/100191251/100191252/100191253/100191254,1246 W WASHBURNE AVE / 1314 W WASHBURNE AVE / 1315 W GRENSHAW ST / 1317 W ROOSEVELT RD / 1342 W WASHBURNE AVE / 1345 W GRENSHAW ST,1246 W WASHBURNE/1314 W WASHBURNE/1315 W GRENSHAW/1317 W ROOSEVELT/1342 W WASHBURNE/1345 W GRENSHAW,2007-07-20,2007-07-20,2007-08-09,COMPLETE,"100190328: BUILDING 12A; 1246 W WASHBURNE AVE; CONSTRUCT A NEW THREE STORY, SIX DWELLING UNIT MASONRY VENEER RESIDENTIAL BUILDING || 100191250: ROOSEVELT SQUARE PHASE II- BLDG 12A- CONSTRUCT A 3 STORY 6 DWELLING UNIT MASONRY VENEER TYPE IIIB BUILDING (PROTOTYPE BASED ON PERMIT #100190328) || 100191251: ROOSEVELT SQUARE PHASE II- BLDG 12A- CONSTRUCT A 3 STORY 6 DWELLING UNIT MASONRY VENEER TYPE IIIB BUILDING (PROTOTYPE BASED ON PERMIT #100190328) || 100191252: ROOSEVELT SQUARE PHASE II- BLDG 12A- CONSTRUCT A 3 STORY 6 DWELLING UNIT MASONRY VENEER TYPE IIIB BUILDING (PROTOTYPE BASED ON PERMIT #100190328) || 100191253: ROOSEVELT SQUARE PHASE II- BLDG 12A- CONSTRUCT A 3 STORY 6 DWELLING UNIT MASONRY VENEER TYPE IIIB BUILDING (PROTOTYPE BASED ON PERMIT #100190328) || 100191254: ROOSEVELT SQUARE PHASE II- BLDG 12A- CONSTRUCT A 3 STORY 6 DWELLING UNIT MASONRY VENEER TYPE IIIB BUILDING (PROTOTYPE BASED ON PERMIT #100190328)",1,6,100191250: 6 [ROOSEVELT SQUARE PHASE II- BLDG 12A- CONSTRUCT A 3 STORY 6 DWELLING UNIT MASONRY VENEER TYPE IIIB BUILDING (PROTOTYPE BASED ON PERMIT #100190328)] || 100191251: 6 [ROOSEVELT SQUARE PHASE II- BLDG 12A- CONSTRUCT A 3 STORY 6 DWELLING UNIT MASONRY VENEER TYPE IIIB BUILDING (PROTOTYPE BASED ON PERMIT #100190328)] || 100191252: 6 [ROOSEVELT SQUARE PHASE II- BLDG 12A- CONSTRUCT A 3 STORY 6 DWELLING UNIT MASONRY VENEER TYPE IIIB BUILDING (PROTOTYPE BASED ON PERMIT #100190328)] || 100191253: 6 [ROOSEVELT SQUARE PHASE II- BLDG 12A- CONSTRUCT A 3 STORY 6 DWELLING UNIT MASONRY VENEER TYPE IIIB BUILDING (PROTOTYPE BASED ON PERMIT #100190328)] || 100191254: 6 [ROOSEVELT SQUARE PHASE II- BLDG 12A- CONSTRUCT A 3 STORY 6 DWELLING UNIT MASONRY VENEER TYPE IIIB BUILDING (PROTOTYPE BASED ON PERMIT #100190328)],6,single_unit_count
commercial_17201020640000,permit_chain_100191523,1,1,100191523,1326 W WASHBURNE AVE,1326 W WASHBURNE,2007-07-27,2007-07-31,2007-07-31,COMPLETE,"100191523: BUILDING 13G; 1326 THROUGH 1332 W WASHBURNE AVE; CONSTRUCT A NEW THREE STORY, EIGHT DWELLING, UNIT MASONRY RESIDENTIAL BUILDING",0,,NA,NA,no_unit_count
commercial_17201020640000,permit_chain_100194209,2,1,100194209/100223928,1320 W WASHBURNE AVE,1320 W WASHBURNE,2007-08-14,2007-08-14,2008-02-14,EXPIRED,100194209: ROOSEVELT SQUARE PHASE II- FOR SALE BUILDING 2B- ERECT A 3 STORY TYPE IIB CONSTRUCTION MASONRY VENEER RESIDENTIAL BUILDING WITH 6 DWELLING UNITS. || 100223928: FIRST EXTENSION OF PERMIT #100194209 ISSUED 08/14/2007 AT 25% ORIGINAL PERMIT FEE. NO CHANGE TO DESCRIPTION OF WORK : ROOSEVELT SQUARE PHASE II- FOR SALE BUILDING 2B- ERECT A 3 STORY TYPE IIB CONSTRUCTION MASONRY VENEER RESIDENTIAL BUILDING WITH 6 DWELLING UNITS.,1,6,100194209: 6 [OR SALE BUILDING 2B- ERECT A 3 STORY TYPE IIB CONSTRUCTION MASONRY VENEER RESIDENTIAL BUILDING WITH 6 DWELLING UNITS.] || 100223928: 6 [OR SALE BUILDING 2B- ERECT A 3 STORY TYPE IIB CONSTRUCTION MASONRY VENEER RESIDENTIAL BUILDING WITH 6 DWELLING UNITS.],6,single_unit_count
commercial_17201270040000,permit_chain_100772247,6,2,100772247/100801376/100804109/100810466/100810469/B100819150,1407 W 15TH ST,1407 W 15TH,2018-09-24,2018-10-05,2019-05-10,COMPLETE,"100772247: *** DIRECT DEVELOPER SERVICES *** NEW FOUR (4) STORY RESIDENTIAL BUILDING WITH 59 DWELLING UNITS AND 59 PARKING SPACES AS PER PLANS. || 100804109: REVISION TO PERMIT NO. 100772247; CHANGE OF PLUMBING CONTRACTOR TO AHC MECHANICAL INC || 100810466: REVISION TO PERMIT #100772247 ALT. CODE APPROVAL DRAINAGE AND VENT PIPING /FITTINGS FOR ALL FLOORS , UNDER AND ABOVE GROUND TO BE PVC SCH40. ALL WATER LINES TO BE IN COPPER TYPE ""M"" || 100810469: REVISION TO PERMIT #100772247 ALT. CODE APPROVAL CPVC WATER DISTRIBUTION PIPING AND FITTINGS ON THIS PROJECT. || 100801376: ***DIRECT DEVELOPER SERVICES*** REVISION TO PERMIT NUMBER 100772247; REVISION TO INCLUDE (BUT NOT LIMITED TO): ELEVATOR OVERRUN TO EXTEND 6FT ABOVE THE MAXIMUM BUILDING HEIGHT OF 60FT; HVAC TO USE RTU'S INSTEAD OF MAKE-UP AIR UNITS FOR COMMON AREAS; TOILET EXHAUST TO HAVE INDIVIDUAL EXHAUST FANS AND WALL SWITCHES, ELIMINATING THE CENTRAL EXHAUST FAN; GAS PIPING TO ELIMINATE WELDED PIPE THROUGHOUT BUILDING AND REGULATORS OUTSIDE EVERY UNIT; ALL AS PER PLANS || B100819150: CHANGE OF ELECTRICAL CONTRACTOR FOR BUILDING PERMIT #100801376",1,59,100772247: 59 [*** DIRECT DEVELOPER SERVICES *** NEW FOUR (4) STORY RESIDENTIAL BUILDING WITH 59 DWELLING UNITS AND 59 PARKING SPACES AS PER PLANS.],59,single_unit_count
commercial_17221040060000,permit_chain_100578279,1,1,100578279,1333 S WABASH AVE,1333 S WABASH,2015-01-21,2015-02-04,2015-02-04,COMPLETE,100578279: ERECT NEW 28 STORY 307 RESIDENTIAL UNIT BUILDING WITH 213 PARKING STALLS,1,307,100578279: 307 [ERECT NEW 28 STORY 307 RESIDENTIAL UNIT BUILDING WITH 213 PARKING STALLS],307,single_unit_count
commercial_17274000070000,permit_chain_100904853,1,1,100904853,2937 S DR MARTIN L KING JR DR,2937 S MARTIN L KING JR,2021-02-03,2021-05-17,2021-05-17,COMPLETE,"100904853: (SPR / 2019 CBC) NEW CONSTRUCTION OF A TWO (2) STORY FITNESS / AMENITY BUILDING, WITH LEASING OFFICES, THAT SERVES 5 RESIDENTIAL TOWERS FOR THE PRAIRIE SHORES DEVELOPMENT, AND ASSOCIATED SITE WORK, AS PER PLANS. (CONSTRUCTION TYPE: II-B / OCCUPANCY USE: A3/B)  **CERTIFIED PLANS CORRECTIONS: CONDITIONAL PERMIT SUBJECT TO FIELD INSPECTIONS **",0,,NA,NA,no_unit_count
commercial_17282130210000,permit_chain_100776387,3,1,100776387/100863606/100864677,219 W 23RD ST,219 W 23RD,2019-05-30,2019-05-30,2020-04-13,COMPLETE,"100776387: ERECT NEW 4 STORY, III-B, 6DU APARTMENT BUILDING W/ RETAIL ON GROUND FLOOR AS PER PLANS *STRUCTURAL PEER REVIEW* || 100864677: REVISION TO PERMIT#100776387 CHANGE HVAC CONTRACTOR TO NAVARRO'S HEATING AND COOLING. || 100863606: SELF-CERT REVISION TO PERMIT #100776387 TO ADD ROOF DECK AND REVISE GROUND FL LAYOUT AND STORE FRONT AS PER PLANS",1,6,"100776387: 6 [ERECT NEW 4 STORY, III-B, 6DU APARTMENT BUILDING W/ RETAIL ON GROUND FLOOR AS PER PLANS *STRUCTURAL PEER REVIEW*]",6,single_unit_count
commercial_17282130210000,permit_chain_100776386,3,1,100776386/100863602/100864679,217 W 23RD ST,217 W 23RD,2019-05-31,2019-05-31,2020-04-16,COMPLETE,"100776386: ERECT NEW 4 STORY, III-B, 6DU APARTMENT BUILDING W/ RETAIL ON GROUND FLOOR AS PER PLANS. *STRUCTURAL PEER REVIEW* || 100864679: REVISION TO PERMIT#100776386 CHANGE HVAC CONTRACTOR TO NAVARRO'S HEATING AND COOLING. || 100863602: SELF-CERT REVISION TO PERMIT #100776386 TO ADD ROOF DECK AND REVISE GROUND FL LAYOUT AND STORE FRONT AS PER PLANS",1,6,"100776386: 6 [ERECT NEW 4 STORY, III-B, 6DU APARTMENT BUILDING W/ RETAIL ON GROUND FLOOR AS PER PLANS. *STRUCTURAL PEER REVIEW*]",6,single_unit_count
commercial_17294190380000,permit_chain_100687609,2,1,100687609/100748442,2612 S HALSTED ST,2612 S HALSTED,2017-02-08,2017-12-14,2018-02-22,EXPIRED,"100687609: ERECT NEW 4 STORY, III-B, 3DU APARTMENT BUILDING OVER COMMERCIAL SPACE AS PER PLANS CURRENT USE:VACANT LAND/PROPOSED USE: MIXED USE RESIDENTIAL OVER COMMERCIAL **CERTIFIED CORRECTIONS- - SUBJECT TO FIELD INSPECTIONS & AUDIT ** || 100748442: REVISION TO PERMIT #100687609 CHANGE PLUMBING CONTRACTOR TO M.DIFFOGIO PLUMBING & SEWER CONTRACTORS INC.",1,3,"100687609: 3 [ERECT NEW 4 STORY, III-B, 3DU APARTMENT BUILDING OVER COMMERCIAL SPACE AS PER PLANS CURRENT USE:VACANT LAND/PROPOSED USE: MIXED U]",3,single_unit_count
commercial_17294190380000,permit_chain_100687607,2,1,100687607/100748432,2606 S HALSTED ST,2606 S HALSTED,2017-02-16,2017-11-16,2018-02-22,EXPIRED,"100687607: ERECT NEW 4 STORY, III-B, 3DU APARTMENT BUILDING OVER COMMERCIAL SPACE AS PER PLANS CURRENT USE:VACANT LAND/PROPOSED USE: MIXED USE RESIDENTIAL OVER COMMERCIAL.             **CERTIFIED PLAN CORRECTIONS PROJECT - CONDITIONAL PERMIT: SUBJECT TO FIELD INSPECTIONS ** || 100748432: REVISION TO PERMIT 100687607 CHANGE OF PLUMBING CONTRACTOR M. DIFOGGIO PLUMBING SEWER CONTRACTORS, INC.",1,3,"100687607: 3 [ERECT NEW 4 STORY, III-B, 3DU APARTMENT BUILDING OVER COMMERCIAL SPACE AS PER PLANS CURRENT USE:VACANT LAND/PROPOSED USE: MIXED U]",3,single_unit_count
commercial_17312140380000,permit_chain_100837358,2,1,100837358/100882734,3220 S ASHLAND AVE,3220 S ASHLAND,2019-09-24,2020-02-19,2020-07-17,COMPLETE,"100837358: ERECT A 4 STORY/6 DWELLING UNIT MASONRY BUILDING WITH 2  RETAIL SPACES ON THE GROUND FLOOR,  REAR METAL BALCONIES, METAL STAIR W/PLATFORM, 176 L.F. OF WOOD FENCE, 40 L.F. OF WROUGHT IRON FENCE, 6 FOOT HIGH MASONRY TRASH ENCLOSURE AND 7 REAR OPEN PARKING SPACES W/BIKE PARKING, AS PER PLANS. **CERTIFIED PLANS CORRECTIONS: CONDITIONAL PERMIT SUBJECT TO FIELD INSPECTIONS ** || 100882734: REVISION TO PERMIT NO. 100837358 TO CHANGE HVAC CONTRACTOR TO VIP HEATING & COOLING",1,6,"100837358: 6 [ERECT A 4 STORY/6 DWELLING UNIT MASONRY BUILDING WITH 2 RETAIL SPACES ON THE GROUND FLOOR, REAR METAL BALCONIES, METAL STAIR W/PL]",6,single_unit_count
commercial_17334070618002,permit_chain_100900432,9,2,100900432/100907000/100910793/100913996/100965813/100998959/100998961/101021937/101022393,41 W 36TH ST / 42 W 37TH ST,41 W 36TH/42 W 37TH,2021-03-02,2021-07-07,2023-07-17,COMPLETE/PHASED PERMITTING,"100910793: CAISSON ONLY SUBMITTAL: FURNISH AND INSTALLATION OF 42 CAISSONS THAT ARE 3' IN DIAMETER AND APPROXIMATELY 47' IN DEPTH WITH REINFORCEMENT CAGES AS PER PLANS. || 100913996: 2019 CBC: CAISSONS (VERTICAL PENETRATION) ONLY PERMIT FOR 5-STORY RESIDENTIAL, 40 DWELLING UNIT BUILDING AS PER PLANS. || 100907000: 2019 CBC: NEW CONSTRUCTION: 5-STORY CONCRETE POURED IN PLACE RESIDENTIAL BUILDING. THERE IS NO BASEMENT. 40 DWELLING UNITS, 23 EXTERIOR PARKING SPACES, 11 INTERIOR PARKING SPACES AND THE BUILDING IS SPRINKLERED AND HAS TWO ELEVATORS AS PER PLANS. CAISSONS ARE NOT PART OF THIS PERMIT AND MAY BE SHOWN HEREIN FOR REFERENCE ONLY. A SEPARATE CAISSONS APPLICATION/PERMIT IS UNDER #100913996.(CONDITIONAL PERMIT SUBJECT TO FIELD INSPECTONS) || 100900432: 2019 CBC: NEW CONSTRUCTION OF A 5-STORY RESIDENTIAL, SPRINKLED BLDG. WITH 40 DWELLING UNITS, 24 EXTERIOR PARKING SPACES, 11 INTERIOR PARKING SPACES  IN AN INTERIOR GARAGE, AND 2 ELEVATORS ON CONCRETE POURED IN PLACE AS PER PLANS. CAISSONS ARE NOT PART OF THIS PERMIT AND MAY BE SHOWN HEREIN FOR REFERENCE ONLY. A SEPARATE CAISSONS APPLICATION/PERMIT IS UNDER #100910793.ALL FIRESTOPPING REQUIRES 3RD PARTY INSPECTION REPORT & SUBJECT TO FIELD INSPECTION BY DOB.(CONDITIONAL PERMIT SUBJECT TO FIELD INSPECTIONS) **REQUIRES CLASS I ELECTRICIANS** || 100965813: REVISION TO PERMIT NO.'S:  100900432, 100907000, 100910793, 100913996 TO ADD ADDITIONAL GENERAL CONTRACTOR: GRIGGS MITCHELL & ALMA OF IL (GMA) || 100998959: CHANGE OF PLUMBING CONTRACTOR PERMIT #100907000 TO DRIVE CONSTRUCTION,INC. || 100998961: CHANGE OF PLUMBING CONTRACTORS PERMIT #100900432 TO DRIVE CONSTRUCTION,INC. || 101022393: 2019 CBC: REVISION TO PERMIT 100910793 LANDSCAPE ONLY TO MATCH LANDSCAPE AND PARKING LAYOUTS TO ORIGINALLY APPROVED ARCHITECTURAL DRAWINGS UNDER PERMIT #100910793 AS PER PLANS. || 101021937: 2019 CBC: REVISION TO PERMIT 100907000: LANDSCAPE ONLY TO MATCH LANDSCAPE AND PARKING LAYOUTS TO ORIGINALLY APPROVED ARCHITECTURAL DRAWINGS UNDER PERMIT 100907000 AS PER PLANS.",1,40,"100900432: 40 [2019 CBC: NEW CONSTRUCTION OF A 5-STORY RESIDENTIAL, SPRINKLED BLDG. WITH 40 DWELLING UNITS, 24 EXTERIOR PARKING SPACES, 11 INTERIOR PARKING SPACES IN AN INTERIOR GARAGE, AND 2 ELEVATORS ON] || 100907000: 40 [CBC: NEW CONSTRUCTION: 5-STORY CONCRETE POURED IN PLACE RESIDENTIAL BUILDING. THERE IS NO BASEMENT. 40 DWELLING UNITS, 23 EXTERIOR PARKING SPACES, 11 INTERIOR PARKING SPACES AND THE BUILDING IS SPRINKLERED AND HAS TWO] || 100913996: 40 [2019 CBC: CAISSONS (VERTICAL PENETRATION) ONLY PERMIT FOR 5-STORY RESIDENTIAL, 40 DWELLING UNIT BUILDING AS PER PLANS.]",40,single_unit_count
commercial_17334070618002,permit_chain_101047733,1,1,101047733,43 W 36TH ST,43 W 36TH,2024-04-01,2024-04-02,2024-04-02,COMPLETE,"101047733: PERMIT EXPIRES ON 06/02/2024 ERECTION STARTS: 4/19/2024, ERECTION ENDS: 4/19/2024.  AMERICAN MARKETING SERVICESTENT- 1DAY EVENT (4/19/2024) ERECT ONE (1) 20X40 FRAME TENT . ERECT 4/19/2024- REMOVE 4/19/2024 ASSEMBLY",0,,NA,NA,no_unit_count
commercial_17341040180000,permit_chain_100564103,1,1,100564103,3102 S GILES AVE,3102 S GILES,2016-07-05,2016-10-31,2016-10-31,COMPLETE,"100564103: ERECT 4 STORY- 8 UNIT RESIDENTIAL BUILDING WITH BASEMENT AND ATTACHED 4 CAR GARAGE, MASONRY TRASH ENCLOSURE PER PLANS",1,8,"100564103: 8 [ERECT 4 STORY- 8 UNIT RESIDENTIAL BUILDING WITH BASEMENT AND ATTACHED 4 CAR GARAGE, MASONRY TRASH ENCLOSURE PER PLANS]",8,single_unit_count
commercial_17341040180000,permit_chain_100564105,2,1,100564105/100730754,3108 S GILES AVE,3108 S GILES,2016-07-12,2017-05-22,2017-10-12,EXPIRED,100564105: ERECT 4 STORY 8 UNIT RESIDENTIAL BUILDING WITH BASEMENT AS PER PLANS. || 100730754: CHANGE MASONRY CONTRACTOR TO CHESTNUT MASONRY INC. ON EXISTING PERMIT #100564105,1,8,100564105: 8 [ERECT 4 STORY 8 UNIT RESIDENTIAL BUILDING WITH BASEMENT AS PER PLANS.],8,single_unit_count
commercial_17341040180000,permit_chain_100747910,1,1,100747910,3108 S GILES AVE,3108 S GILES,2018-04-09,2018-08-09,2018-08-09,COMPLETE,100747910: PROPOSED 4 CAR GARAGE FOR EXISTING 8 UNIT MASONRY BUILDING,1,8,100747910: 8 [PROPOSED 4 CAR GARAGE FOR EXISTING 8 UNIT MASONRY BUILDING],8,single_unit_count
commercial_17344170280000,permit_chain_100213607,1,1,100213607,3803 S VINCENNES AVE,3803 S VINCENNES,2007-11-27,2007-11-30,2007-11-30,COMPLETE,"100213607: CONSTRUCT NEW 3-STORY, 7 UNIT MULTIFAMILY DWELLING PER PLANS.CONDITIONAL PERMIT SUBJECT TO FIELD INSPECTION.",1,7,"100213607: 7 [CONSTRUCT NEW 3-STORY, 7 UNIT MULTIFAMILY DWELLING PER PLANS.CONDITIONAL PERMIT SUBJECT TO FIELD INSPECTION.]",7,single_unit_count
commercial_17344170280000,permit_chain_100213620,2,1,100213620/100279927,3838 S VINCENNES AVE / 632 E 38TH PL,3838 S VINCENNES/632 E 38TH,2007-11-27,2007-11-30,2009-03-06,COMPLETE,"100213620: CONSTRUCT NEW 3-STORY, 11 UNIT MUTIFAMILY DWELLING PER PLANS.CONDITIONAL PERMIT SUBJECT TO FIELD INSPECTION. || 100279927: OAKWOOD SHORES DEVELOPMENT PHASE IIB (BUILDING TYPE B)  ERECT (3) STORY, MULTI-FAMILY BUILDING.  GREEN PERMIT PROGRAM, CHICAGO GREEN HOMES PROJECT.  CERTIFICATE OF OCCUPANCY REQUIRED.  PROTOTYPE BASED ON OAKWOOD SHORES PHASE 2A PERMIT #100213620.",1,11,"100213620: 11 [CONSTRUCT NEW 3-STORY, 11 UNIT MUTIFAMILY DWELLING PER PLANS.CONDITIONAL PERMIT SUBJECT TO FIELD INSPECTION.]",11,single_unit_count
commercial_17344170280000,permit_chain_100213621,1,1,100213621,3835 S VINCENNES AVE,3835 S VINCENNES,2007-11-27,2007-11-30,2007-11-30,COMPLETE,"100213621: CONSTRUCT NEW 3-STORY, 11 UNIT MUTIFAMILY DWELLING PER PLANS.CONDITIONAL PERMIT SUBJECT TO FIELD INSPECTION.",1,11,"100213621: 11 [CONSTRUCT NEW 3-STORY, 11 UNIT MUTIFAMILY DWELLING PER PLANS.CONDITIONAL PERMIT SUBJECT TO FIELD INSPECTION.]",11,single_unit_count
commercial_17344170280000,permit_chain_100213903,2,1,100213903/100280505,518 E 38TH PL / 627 E 38TH ST,518 E 38TH/627 E 38TH,2007-11-28,2007-11-30,2009-03-06,COMPLETE,"100213903: CONSTRUCTED NEW 3-STORY, 14 UNIT MULTIFAMILY DWELLING PER PLANS.CONDITIONAL PERMIT SUBJECT TO FIELD INSPECTION. || 100280505: OAKWOOD SHORES DEVELOPMENT PHASE IIB (BUILDING E)  ERECT (3) STORY, MULTI-FAMILY BUILDING.  GREEN PERMIT PROGRAM, CHICAGO GREEN HOMES PROJECT.  CERTIFICATE OF OCCUPANCY REQUIRED.  PROTOTYPE BASED ON OAKWOOD SHORES PHASE 2A PERMIT #100213903.",1,14,"100213903: 14 [CONSTRUCTED NEW 3-STORY, 14 UNIT MULTIFAMILY DWELLING PER PLANS.CONDITIONAL PERMIT SUBJECT TO FIELD INSPECTION.]",14,single_unit_count
commercial_17344170280000,permit_chain_100213931,1,1,100213931,632 E 37TH PL,632 E 37TH,2007-11-29,2007-11-30,2007-11-30,COMPLETE,"100213931: CONSTRUCT NEW 3-STORY, 6 UNIT MULTIFAMILY DWELLING PER PLANS.CONDITIONAL PERMIT SUBJECT TO FIELD INSPECTION.",1,6,"100213931: 6 [CONSTRUCT NEW 3-STORY, 6 UNIT MULTIFAMILY DWELLING PER PLANS.CONDITIONAL PERMIT SUBJECT TO FIELD INSPECTION.]",6,single_unit_count
commercial_17344170280000,permit_chain_100213947,2,1,100213947/100225717,3711 S VINCENNES AVE,3711 S VINCENNES,2007-11-29,2007-11-30,2008-02-28,COMPLETE,"100213947: CONSTRUCT NEW 6-STORY, 64 UNIT MULTIFAMILY DWELLING PER PLANS.CONDTIONAL PERMIT SUBJECT TO FIELD INSPECTION (CERTIFIED CORRECTIONS).CONDITIONAL PERMIT - NO VIBROCOMPACTION SHALL BE PERFORMED WITHOUT OFFICE OF UNDERGROUND COORDINATION APPROVAL. || 100225717: REVISION TO PERMIT 100213947 FOR CHANGE IN FOUNDATION SYSTEM PER PLANS.",1,64,"100213947: 64 [CONSTRUCT NEW 6-STORY, 64 UNIT MULTIFAMILY DWELLING PER PLANS.CONDTIONAL PERMIT SUBJECT TO FIELD INSPECTION (CERTIFIED CORRECTIONS]",64,single_unit_count
commercial_17344170280000,permit_chain_100213939,2,1,100213939/100280569,3751 S LANGLEY AVE / 517 E 38TH ST,3751 S LANGLEY/517 E 38TH,2007-11-30,2007-11-30,2009-03-06,COMPLETE,"100213939: CONSTRUCT NEW 3-STORY, 12 UNIT MULTIFAMILY DWELLING PER PLANS.CONDITIONAL PERMIT SUBJECT TO FIELD INSPECTION. || 100280569: OAKWOOD SHORES DEVELOPMENT PHASE IIB (BUILDING TYPE J)  ERECT (3) STORY, MULTI-FAMILY BUILDING.  GREEN PERMIT PROGRAM, CHICAGO GREEN HOMES PROJECT.  CERTIFICATE OF OCCUPANCY REQUIRED.  PROTOTYPE BASED ON OAKWOOD SHORES PHASE 2A PERMIT #100213939.",1,12,"100213939: 12 [CONSTRUCT NEW 3-STORY, 12 UNIT MULTIFAMILY DWELLING PER PLANS.CONDITIONAL PERMIT SUBJECT TO FIELD INSPECTION.]",12,single_unit_count
commercial_17344170280000,permit_chain_100213940,1,1,100213940,3738 S LANGLEY AVE,3738 S LANGLEY,2007-11-30,2007-11-30,2007-11-30,COMPLETE,"100213940: CONSTRUCT NEW 3-STORY, 12 UNIT MULTIFAMILY DWELLING PER PLANS.CONDITIONAL PERMIT SUBJECT TO FIELD INSPECTION.",1,12,"100213940: 12 [CONSTRUCT NEW 3-STORY, 12 UNIT MULTIFAMILY DWELLING PER PLANS.CONDITIONAL PERMIT SUBJECT TO FIELD INSPECTION.]",12,single_unit_count
commercial_17344170280000,permit_chain_100463394,1,1,100463394,615 E 38TH PL,615 E 38TH,2012-10-19,2012-10-19,2012-10-19,COMPLETE,"100463394: BUILDING TYPE E1-2D (615-627 E 38TH PL) ERECT 14 DU 3 STORY MULTI-FAMILY BUILDING.  GREEN PERMIT PROGRAM BENEFIT TIER II - BENEFIT TIER II (GREEN ROOF, EXCEPTIONAL WATER MANAGEMENT). CERTIFIED CORRECTIONS PROJECT SUBJECT TO FIELD INSPECTION",1,14,"100463394: 14 [BUILDING TYPE E1-2D (615-627 E 38TH PL) ERECT 14 DU 3 STORY MULTI-FAMILY BUILDING. GREEN PERMIT PROGRAM BENEFIT TIER II - BENEFIT TIER II (GREEN ROOF,]",14,single_unit_count
commercial_17344170280000,permit_chain_100463422,1,1,100463422,720 E 38TH ST,720 E 38TH,2012-10-19,2012-10-19,2012-10-19,COMPLETE,"100463422: BUILDING TYPE G-2D (720-726 E 38TH ST) ERECT 3 STORY 12 DU MULTI-FAMILY BUILDING. GREEN PERMIT PROGRAM BENEFIT TIER II - BENEFIT TIER II (GREEN ROOF, EXCEPTIONAL WATER MANAGEMENT)",1,12,"100463422: 12 [BUILDING TYPE G-2D (720-726 E 38TH ST) ERECT 3 STORY 12 DU MULTI-FAMILY BUILDING. GREEN PERMIT PROGRAM BENEFIT TIER II - BENEFIT TIER II (GREEN ROOF, EXCEPTIO]",12,single_unit_count
commercial_17344190130000,permit_chain_100109849,1,1,100109849,717 E 38TH ST,717 E 38TH,2006-06-07,2006-11-15,2006-11-15,COMPLETE,"100109849: ERECT A 2-STORY, 5-UNIT TOWNHOUSE BUILDING PER PLANS. ADDRESSES TO INCLUDE 717,719,721,723,725 E. 38TH STREET",0,,NA,NA,no_unit_count
commercial_17344190130000,permit_chain_100116415,1,1,100116415,712 E PERSHING RD,712 E PERSHING,2006-09-29,2006-11-15,2006-11-15,COMPLETE,"100116415: ERECT A 8 UNIT TOWNHOUSE BUILDING PER PLANSADDRESSES TO INCLUDE 712, 714, 716,718 720, 722, 724, AND 726 EAST PERSHING RD.",1,8,"100116415: 8 [ERECT A 8 UNIT TOWNHOUSE BUILDING PER PLANSADDRESSES TO INCLUDE 712, 714, 716,718 720, 722, 724, AND 726 EAST PERS]",8,single_unit_count
commercial_17344190130000,permit_chain_100142535,1,1,100142535,3811 S LANGLEY AVE,3811 S LANGLEY,2006-10-12,2006-11-20,2006-11-20,COMPLETE,"100142535: ERECT A 3 STORY, 6-UNIT BUILDING AND TRASH ENCLOSURE PER PLANS - CONDITIONAL PERMIT SUBJECT TO FIELD INSPECTION",0,,NA,NA,no_unit_count
commercial_17344190130000,permit_chain_100137687,1,1,100137687,3842 S LANGLEY AVE,3842 S LANGLEY,2007-09-12,2007-09-12,2007-09-12,EXPIRED,100137687: ERECT A 3-STORY SIX DWELLING UNIT BUILDING PER PLANS. PROTOTYPE; 3817 S ELLIS. CONDITIONAL PERMIT SUBJECT TO FIELD INSPECTION.,0,,NA,NA,no_unit_count
commercial_17344190130000,permit_chain_100137691,1,1,100137691,3808 S LANGLEY AVE,3808 S LANGLEY,2007-09-12,2007-09-12,2007-09-12,EXPIRED,100137691: ERECT A 3-STORY 6 UNIT BUILDING PER PLANS. CONDITIONAL PERMIT SUBJECT TO FIELD INSPECTION.,1,6,100137691: 6 [ERECT A 3-STORY 6 UNIT BUILDING PER PLANS. CONDITIONAL PERMIT SUBJECT TO FIELD INSPECTION.],6,single_unit_count
commercial_17344270230000,permit_chain_100213605,3,2,100213605/100279889/100279890,3754 S VINCENNES AVE / 3820 S VINCENNES AVE / 715 E 37TH PL,3754 S VINCENNES/3820 S VINCENNES/715 E 37TH,2007-11-27,2007-11-30,2009-03-06,COMPLETE,"100213605: CONSTRUCT NEW 3-STORY, 7 UNIT MULTIFAMILY DWELLING PER PLANS.CONDITIONAL PERMIT SUBJECT TO FIELD INSPECTION. || 100279889: OAKWOOD SHORES DEVELOPMENT PHASE IIB (BUILDING A)  ERECT (3) STORY, 7 DWELLING UNIT BUILDING.  GREEN PERMIT PROGRAM, CHICAGO GREEN HOMES PROJECT.  CERTIFICATE OF OCCUPANCY REQUIRED.  PROTOTYPE BASED ON OAKWOOD SHORES PHASE 2A PERMIT #100213605. || 100279890: OAKWOOD SHORES DEVELOPMENT PHASE IIB (BUILDING A)  ERECT (3) STORY, 7 DWELLING UNIT BUILDING.  GREEN PERMIT PROGRAM, CHICAGO GREEN HOMES PROJECT.  CERTIFICATE OF OCCUPANCY REQUIRED.  PROTOTYPE BASED ON OAKWOOD SHORES PHASE 2A PERMIT #100213605.",1,7,"100213605: 7 [CONSTRUCT NEW 3-STORY, 7 UNIT MULTIFAMILY DWELLING PER PLANS.CONDITIONAL PERMIT SUBJECT TO FIELD INSPECTION.] || 100279889: 7 [OAKWOOD SHORES DEVELOPMENT PHASE IIB (BUILDING A) ERECT (3) STORY, 7 DWELLING UNIT BUILDING. GREEN PERMIT PROGRAM, CHICAGO GREEN HOMES PROJECT. CERTIFICATE OF OCCUPANCY REQUIRED.] || 100279890: 7 [OAKWOOD SHORES DEVELOPMENT PHASE IIB (BUILDING A) ERECT (3) STORY, 7 DWELLING UNIT BUILDING. GREEN PERMIT PROGRAM, CHICAGO GREEN HOMES PROJECT. CERTIFICATE OF OCCUPANCY REQUIRED.]",7,single_unit_count
commercial_17344270230000,permit_chain_100213620,2,1,100213620/100279927,3838 S VINCENNES AVE / 632 E 38TH PL,3838 S VINCENNES/632 E 38TH,2007-11-27,2007-11-30,2009-03-06,COMPLETE,"100213620: CONSTRUCT NEW 3-STORY, 11 UNIT MUTIFAMILY DWELLING PER PLANS.CONDITIONAL PERMIT SUBJECT TO FIELD INSPECTION. || 100279927: OAKWOOD SHORES DEVELOPMENT PHASE IIB (BUILDING TYPE B)  ERECT (3) STORY, MULTI-FAMILY BUILDING.  GREEN PERMIT PROGRAM, CHICAGO GREEN HOMES PROJECT.  CERTIFICATE OF OCCUPANCY REQUIRED.  PROTOTYPE BASED ON OAKWOOD SHORES PHASE 2A PERMIT #100213620.",1,11,"100213620: 11 [CONSTRUCT NEW 3-STORY, 11 UNIT MUTIFAMILY DWELLING PER PLANS.CONDITIONAL PERMIT SUBJECT TO FIELD INSPECTION.]",11,single_unit_count
commercial_17344270230000,permit_chain_100213903,2,1,100213903/100280505,518 E 38TH PL / 627 E 38TH ST,518 E 38TH/627 E 38TH,2007-11-28,2007-11-30,2009-03-06,COMPLETE,"100213903: CONSTRUCTED NEW 3-STORY, 14 UNIT MULTIFAMILY DWELLING PER PLANS.CONDITIONAL PERMIT SUBJECT TO FIELD INSPECTION. || 100280505: OAKWOOD SHORES DEVELOPMENT PHASE IIB (BUILDING E)  ERECT (3) STORY, MULTI-FAMILY BUILDING.  GREEN PERMIT PROGRAM, CHICAGO GREEN HOMES PROJECT.  CERTIFICATE OF OCCUPANCY REQUIRED.  PROTOTYPE BASED ON OAKWOOD SHORES PHASE 2A PERMIT #100213903.",1,14,"100213903: 14 [CONSTRUCTED NEW 3-STORY, 14 UNIT MULTIFAMILY DWELLING PER PLANS.CONDITIONAL PERMIT SUBJECT TO FIELD INSPECTION.]",14,single_unit_count
commercial_17344270230000,permit_chain_100213935,3,2,100213935/100280555/100280563,516 E 38TH ST / 529 E 38TH ST / 622 E 38TH PL,516 E 38TH/529 E 38TH/622 E 38TH,2007-11-29,2007-11-30,2009-03-06,COMPLETE,"100213935: CONSTRUCT NEW 3-STORY, 12 UNIT MULTIFAMILY DWELLING PER PLANS.CONDITIONAL PERMIT SUBJECT TO FIELD INSPECTION. || 100280555: OAKWOOD SHORES DEVELOPMENT PHASE IIB (BUILDING TYPE G)  ERECT (3) STORY, MULTI-FAMILY BUILDING.  GREEN PERMIT PROGRAM, CHICAGO GREEN HOMES PROJECT.  CERTIFICATE OF OCCUPANCY REQUIRED.  PROTOTYPE BASED ON OAKWOOD SHORES PHASE 2A PERMIT #100213935. || 100280563: OAKWOOD SHORES DEVELOPMENT PHASE IIB (BUILDING TYPE G) ERECT (3) STORY, MULTI-FAMILY BUILDING.  GREEN PERMIT PROGRAM, CHICAGO GREEN HOMES PROJECT.  CERTIFICATE OF OCCUPANCY REQUIRED.  PROTOTYPE BASED ON OAKWOOD SHORES PHASE 2A PERMIT #100213935.",1,12,"100213935: 12 [CONSTRUCT NEW 3-STORY, 12 UNIT MULTIFAMILY DWELLING PER PLANS.CONDITIONAL PERMIT SUBJECT TO FIELD INSPECTION.]",12,single_unit_count
commercial_17344270230000,permit_chain_100213939,2,1,100213939/100280569,3751 S LANGLEY AVE / 517 E 38TH ST,3751 S LANGLEY/517 E 38TH,2007-11-30,2007-11-30,2009-03-06,COMPLETE,"100213939: CONSTRUCT NEW 3-STORY, 12 UNIT MULTIFAMILY DWELLING PER PLANS.CONDITIONAL PERMIT SUBJECT TO FIELD INSPECTION. || 100280569: OAKWOOD SHORES DEVELOPMENT PHASE IIB (BUILDING TYPE J)  ERECT (3) STORY, MULTI-FAMILY BUILDING.  GREEN PERMIT PROGRAM, CHICAGO GREEN HOMES PROJECT.  CERTIFICATE OF OCCUPANCY REQUIRED.  PROTOTYPE BASED ON OAKWOOD SHORES PHASE 2A PERMIT #100213939.",1,12,"100213939: 12 [CONSTRUCT NEW 3-STORY, 12 UNIT MULTIFAMILY DWELLING PER PLANS.CONDITIONAL PERMIT SUBJECT TO FIELD INSPECTION.]",12,single_unit_count
commercial_17344270230000,permit_chain_100213944,1,1,100213944,554 E PERSHING RD,554 E PERSHING,2007-11-30,2007-11-30,2007-11-30,COMPLETE,"100213944: CONSTRUCT NEW 3-STORY, 10 UNIT MULTIFAMILLY DWELLING WITH MANAGEMENT OFFICE PER PLANS.CONDTIONAL PERMIT SUBJECT TO FIELD INSPECTION.",1,10,"100213944: 10 [CONSTRUCT NEW 3-STORY, 10 UNIT MULTIFAMILLY DWELLING WITH MANAGEMENT OFFICE PER PLANS.CONDTIONAL PERMIT SUBJECT TO FIELD INSPECTIO]",10,single_unit_count
commercial_17344330060000,permit_chain_100463422,1,1,100463422,720 E 38TH ST,720 E 38TH,2012-10-19,2012-10-19,2012-10-19,COMPLETE,"100463422: BUILDING TYPE G-2D (720-726 E 38TH ST) ERECT 3 STORY 12 DU MULTI-FAMILY BUILDING. GREEN PERMIT PROGRAM BENEFIT TIER II - BENEFIT TIER II (GREEN ROOF, EXCEPTIONAL WATER MANAGEMENT)",1,12,"100463422: 12 [BUILDING TYPE G-2D (720-726 E 38TH ST) ERECT 3 STORY 12 DU MULTI-FAMILY BUILDING. GREEN PERMIT PROGRAM BENEFIT TIER II - BENEFIT TIER II (GREEN ROOF, EXCEPTIO]",12,single_unit_count
commercial_17344330110000,permit_chain_100361640,1,1,100361640,3750 S COTTAGE GROVE AVE,3750 S COTTAGE GROVE,2010-09-02,2010-09-02,2010-09-02,COMPLETE,100361640: ERECT A 6 STORY TYPE 1A 76 DU NON-ASSISTED SENIOR HOUSING BUILDING (GOVERNMENT FUNDED APARTMENTS) WITH 10 SOLAR PANEL ASSEMBLIES. GREEN PERMIT PROGRAM BENEFIT TIER I.  CERTIFICATE OF OCCUPANCY REQUIRED.,1,76,100361640: 76 [ERECT A 6 STORY TYPE 1A 76 DU NON-ASSISTED SENIOR HOUSING BUILDING (GOVERNMENT FUNDED APARTMENTS) WITH 10 SOLAR PANEL ASSEMBLIES.],76,single_unit_count
commercial_19024290170000,permit_chain_100627244,2,1,100627244/B100763122,3246 W 47TH ST,3246 W 47TH,2016-11-21,2016-11-29,2018-05-21,COMPLETE,"100627244: FULL BUILDING PERMIT FOR CONSTRUCTION OF NEW 6-STORY RESIDENTIAL / COMMERCIAL BUILDING WITH 30 RESIDENTIAL UNITS ON THE 2ND TO 6TH FLOORS, APPRX. 2,000 SF OF COMMERCIAL SPACE ON THE 1ST FLOOR, 21 PARKING SPACES AND TRASH ENCLOSURE. || B100763122: CHANGE OF ELECTRICAL CONTRACTOR FOR ORIGINAL PERMIT #100627244",1,30,"100627244: 30 [FULL BUILDING PERMIT FOR CONSTRUCTION OF NEW 6-STORY RESIDENTIAL / COMMERCIAL BUILDING WITH 30 RESIDENTIAL UNITS ON THE 2ND TO 6TH FLOORS, APPRX. 2,000 SF OF COMMERCIAL SPACE ON THE 1ST FLOOR, 21 PARKING SPACES A]",30,single_unit_count
commercial_19111240120000,permit_chain_100621280,1,1,100621280,4951 S LAWNDALE AVE,4951 S LAWNDALE,2015-10-29,2015-10-29,2015-10-29,COMPLETE,100621280: NEW CONSTRUCTION OF A 3 STORY 3 UNIT RESIDENTIAL BUILDING WITH 3 PARKING SPACES- 4951 SOUTH LAWNDALE AVENUE,1,3,100621280: 3 [NEW CONSTRUCTION OF A 3 STORY 3 UNIT RESIDENTIAL BUILDING WITH 3 PARKING SPACES- 4951 SOUTH LAWNDALE AVENUE],3,single_unit_count
commercial_19111240120000,permit_chain_100621279,1,1,100621279,3630 W 49TH PL,3630 W 49TH,2015-11-03,2015-11-03,2015-11-03,COMPLETE,100621279: NEW CONSTRUCTION OF A 3 STORY 3 UNIT RESIDENTIAL BUILDING WITH 3 PARKING SPACES- 3630 WEST 49TH PLACE,1,3,100621279: 3 [NEW CONSTRUCTION OF A 3 STORY 3 UNIT RESIDENTIAL BUILDING WITH 3 PARKING SPACES- 3630 WEST 49TH PLACE],3,single_unit_count
commercial_19111240120000,permit_chain_100621281,1,1,100621281,3626 W 49TH PL,3626 W 49TH,2015-11-03,2015-11-03,2015-11-03,COMPLETE,100621281: NEW CONSTRUCTION OF A 3 STORY 3 UNIT RESIDENTIAL BUILDING WITH 3 PARKING SPACES- 3626 WEST 49TH PLACE,1,3,100621281: 3 [NEW CONSTRUCTION OF A 3 STORY 3 UNIT RESIDENTIAL BUILDING WITH 3 PARKING SPACES- 3626 WEST 49TH PLACE],3,single_unit_count
commercial_19111240120000,permit_chain_100621282,1,1,100621282,3622 W 49TH PL,3622 W 49TH,2015-11-03,2015-11-03,2015-11-03,COMPLETE,100621282: NEW CONSTRUCTION OF A 3 STORY 3 UNIT RESIDENTIAL BUILDING WITH 3 PARKING SPACES- 3622 WEST 49TH PLACE,1,3,100621282: 3 [NEW CONSTRUCTION OF A 3 STORY 3 UNIT RESIDENTIAL BUILDING WITH 3 PARKING SPACES- 3622 WEST 49TH PLACE],3,single_unit_count
commercial_19111240120000,permit_chain_100621503,1,1,100621503,3650 W 50TH ST,3650 W 50TH,2015-11-03,2015-11-03,2015-11-03,COMPLETE,100621503: NEW CONSTRUCTION OF A 3 STORY 9 UNIT RESIDENTIAL BUILDING WITH 9 PARKING SPACES; 3650 WEST 50TH STREET/4957 SOUTH LAWNDALE AVENUE,1,9,100621503: 9 [NEW CONSTRUCTION OF A 3 STORY 9 UNIT RESIDENTIAL BUILDING WITH 9 PARKING SPACES; 3650 WEST 50TH STREET/4957 SOUTH LAWNDALE AVENUE],9,single_unit_count
commercial_19111240120000,permit_chain_100621519,1,1,100621519,3629 W 49TH PL,3629 W 49TH,2015-11-03,2015-11-03,2015-11-03,COMPLETE,100621519: NEW CONSTRUCTION OF A 3 STORY 6 UNIT BUILDING WITH 6 PARKING SPACES- 3629 WEST 49TH PLACE,1,6,100621519: 6 [NEW CONSTRUCTION OF A 3 STORY 6 UNIT BUILDING WITH 6 PARKING SPACES- 3629 WEST 49TH PLACE],6,single_unit_count
commercial_19111240120000,permit_chain_100621521,1,1,100621521,3625 W 49TH PL,3625 W 49TH,2015-11-03,2015-11-03,2015-11-03,COMPLETE,100621521: NEW CONSTRUCTION OF A 3 STORY 6 UNIT BUILDING WITH 6 PARKING SPACES; 3625 WEST 49TH PLACE,1,6,100621521: 6 [NEW CONSTRUCTION OF A 3 STORY 6 UNIT BUILDING WITH 6 PARKING SPACES; 3625 WEST 49TH PLACE],6,single_unit_count
commercial_19111240120000,permit_chain_100621522,1,1,100621522,3621 W 49TH PL,3621 W 49TH,2015-11-03,2015-11-03,2015-11-03,COMPLETE,100621522: NEW CONSTRUCTION OF A 3 STORY 6 UNIT BUILDING WITH 6 PARKING SPACES; 3621 WEST 49TH PLACE,1,6,100621522: 6 [NEW CONSTRUCTION OF A 3 STORY 6 UNIT BUILDING WITH 6 PARKING SPACES; 3621 WEST 49TH PLACE],6,single_unit_count
commercial_19191150430000,permit_chain_100757336,1,1,100757336,6834 W 65TH ST,6834 W 65TH,2018-07-03,2018-07-03,2018-07-03,COMPLETE,"100757336: SELF-CERT: ERECT NEW 2 STORY, III-B, 6DU TOWNHOME BUILDING AS PER PLANS  CURRENT USE: VACANT LAND/PROPOSED USE: RESIDENTIAL TOWNHOMES",1,6,"100757336: 6 [SELF-CERT: ERECT NEW 2 STORY, III-B, 6DU TOWNHOME BUILDING AS PER PLANS CURRENT USE: VACANT LAND/PROPOSED USE: RESIDENTIAL TOWNHOMES]",6,single_unit_count
commercial_19191150430000,permit_chain_100757340,1,1,100757340,6844 W 65TH ST,6844 W 65TH,2018-07-03,2018-07-03,2018-07-03,COMPLETE,"100757340: SELF-CERT: ERECT NEW 2 STORY, III-B, 6DU TOWNHOME BUILDING AS PER PLANS  CURRENT USE: VACANT LAND/PROPOSED USE: RESIDENTIAL TOWNHOMES",1,6,"100757340: 6 [SELF-CERT: ERECT NEW 2 STORY, III-B, 6DU TOWNHOME BUILDING AS PER PLANS CURRENT USE: VACANT LAND/PROPOSED USE: RESIDENTIAL TOWNHOMES]",6,single_unit_count
commercial_19232000170000,permit_chain_100526011,5,2,100526011/100529639/100564788/100627484/B100592212,3513 W 63RD ST,3513 W 63RD,2014-02-27,2014-02-27,2015-12-11,COMPLETE,"100526011: ""FOR FOUNDATION ONLY"" - PERMIT FOR A 2-STORY ADDITION TO AN EXISTING 2 STORY BUILDING TO CONVERT THE USE TO A MIX USE BUILDING CONTAINING A GROUP DOMESTIC VIOLENCE RESIDENCE INCLUDING 3 DWELLING UNITS AND 14 SLEEPING ROOMS ON THE SECOND FLOOR WITH GROUND FLOOR OFFICES AND RETAIL SPACES PER PLANS. || 100529639: RENOVATION OF EXISTING 2 STROY BUILDING AND A NEW 2 STORY ADDITION FOR A 17-UNIT, TYPE III-B MIXED-USED(OFFICES AND RETAIL)BUILDING, (REFERENCE TO PERMIT#100526011 ISSUED FOR FOUNDATIONS ONLY)   **CERTIFIED PLAN CORRECTIONS PROJECT - CONDITIONAL PERMIT: SUBJECT TO FIELD INSPECTIONS ** || 100564788: **CERTIFIED PLANS CORRECTIONS: CONDITIONAL PERMIT SUBJECT TO FIELD INSPECTIONS ** REVISIONS TO: BUILDING ENVELOPE MATERIAL & STOREFRONT, MATERIAL CHANGES TO EXTERIOR FENCING, REMOVAL OF LOADING DOCK AT SOUTH EAST CORNER, LOADING AREA W/STRUCTURAL & INTERIOR STAIR 124,RELOCATE B LABEL DOOR TO BASEMENT VESTIBULE, NEW C LABEL DOOR @ OFFICE CORRIDOR (1 3/4"" SOLID CORE DOORS W/O CLOSERS) & OCCUPANCY COUNT, DOOR & WINDOW SCHEDULE @LOUNGE 205, RELOCATION OF LOW VOLTAGE EQUIPMENT & LOCATIONS, 2ND FLR ELEVATOR SHAFT NORTHEAST CORNER, ELECTRICAL & LIGHTING , AND REMOVAL OF GREASE TRAP AT KITCHEN SINK, WITH REVISION BUBBLE&DELTA 5 SYMBOL PER PLANS (PREVIOUS PERMIT 100529639)TO CONSTRUCT NEW 2 STORY ADDITION TO AN EXISTING 2 STORY BUILDING CONTAINING 17 UNITS(3 DU'S &14 SLEEPING ROOMS), FIRST FLOOR OFFICES AND RETAIL SPACES. || B100592212: CHANGE OF ELECTRICAL CONTRACTOR FROM ORIGINAL PERMIT.  BUILDING PERMIT #100564788 || 100627484: CHANGE VENT CONTRACTOR TO HTH MECHANICAL FOR PERMIT 100564788",2,3/17,"100526011: 3 [G TO CONVERT THE USE TO A MIX USE BUILDING CONTAINING A GROUP DOMESTIC VIOLENCE RESIDENCE INCLUDING 3 DWELLING UNITS AND 14 SLEEPING ROOMS ON THE SECOND FLOOR WITH GROUND FLOOR OFFICES AND RETAIL SPACES PER PLANS.] || 100564788: 17 [VIOUS PERMIT 100529639)TO CONSTRUCT NEW 2 STORY ADDITION TO AN EXISTING 2 STORY BUILDING CONTAINING 17 UNITS(3 DU'S &14 SLEEPING ROOMS), FIRST FLOOR OFFICES AND RETAIL SPACES.] || 100564788: 3 [MIT 100529639)TO CONSTRUCT NEW 2 STORY ADDITION TO AN EXISTING 2 STORY BUILDING CONTAINING 17 UNITS(3 DU'S &14 SLEEPING ROOMS), FIRST FLOOR OFFICES AND RETAIL SPACES.]",NA,conflicting_unit_counts
commercial_20021110010000,permit_chain_100881060,4,1,100881060/100944993/100947155/100959597,4149 S COTTAGE GROVE AVE,4149 S COTTAGE GROVE,2020-09-14,2021-04-07,2022-06-30,COMPLETE,"100881060: ERECT NEW 4 STORY TYPE 3B CONSTRUCTION 48 DWELLING UNITS, 2 RETAIL  SPACES, 27 SPACES INTERIOR PARKING, 23 EXTERIOR PARKING SPACES & TRASH ENCLOSURE AS PER PLAN. || 100944993: REVISION TO CHANGE OF PLUMBING CONTRACTOR PERMIT #100881060 TO PAWEL'S PLUMBING. || 100947155: REVISION TO PERMIT 100881060 ALT. CODE APPROVAL: CAST IRON ABOVE GROUND  TO PVC (INSTALLED IN AREA OF RESIDENTIAL OCCUPANCY) || 100959597: SPR 2019 CBC:REVISION TO PERMIT # 100881060 ISSUED 4/7/2021 TO INCLUDE NEW ROOF TOP DECK WITH 3 EXITS AS PER PLAN.",1,48,"100881060: 48 [ERECT NEW 4 STORY TYPE 3B CONSTRUCTION 48 DWELLING UNITS, 2 RETAIL SPACES, 27 SPACES INTERIOR PARKING, 23 EXTERIOR PARKING SPACES & TRASH ENCLOSURE AS PER]",48,single_unit_count
commercial_20021200190000,permit_chain_100879078,3,1,100879078/100971968/100973138,920 E 43RD ST,920 E 43RD,2020-07-09,2021-07-09,2022-07-07,COMPLETE,"100879078: ERECT NEW 4 STORY TYPE 3B CONSTRUCTION 33 DWELLING UNITS, 2 COMMERCIAL SPACES, 33 PARKING SPACES, & TRASH ENCLOSURE AS PER PLAN.BUILDING TO BE FULLY SPRINKLER UNDER A SEPARATE PERMIT.(CONDITIONAL PERMIT SUBJECT TO FIELD INSPECTIONS) || 100971968: CHANGE OF PLUMBING CONTRACTOR PERMIT #100879078 TO PAWELS PLUMBING INC. || 100973138: SPR 2019 CBC REVISIONS TO PERMIT # 100879078 ISSUED 7/9/2021 TO INCLUDE NEW ROOF TOP DECK WITH 3 EXITS AS PER PLAN.",1,33,"100879078: 33 [ERECT NEW 4 STORY TYPE 3B CONSTRUCTION 33 DWELLING UNITS, 2 COMMERCIAL SPACES, 33 PARKING SPACES, & TRASH ENCLOSURE AS PER PLAN.BUILDING TO BE FULLY SPRINKL]",33,single_unit_count
commercial_20023050190000,permit_chain_100761460,7,1,100761460/100845118/100858729/100863885/100959028/100977834/B100884723,4430 S DREXEL BLVD / 4444 S DREXEL BLVD,4430 S DREXEL/4444 S DREXEL,2018-06-20,2018-10-12,2022-07-01,COMPLETE,"100761460: ERECT 3 STORY 12 TOWN HOMES (4A CONSTRUCTION), 2 CAR GARAGE AT 1ST FLOOR FOR EACH TOWN HOME, ROOFTOP DECK AS PER PLAN. [SEE REVISION #100959028 TO: TO CHANGE BUILDING ADDRESS FROM 4444 S. DREXEL BLVD TO 4430; 4432; 4434; 4436; 4438(A,B,C,D); 4446(A,B); 4448(A,B) [AT (4) TOWNHOME BUILDING COMPLEX] || 100845118: REVISION TO CHANGE OF MASON AND CONCRETE CONTRACTORS.PERMIT#100761460 || 100858729: REVISION TO PERMIT#100761460 CHANGE PLUMBING CONTRACTOR TO A P PLUMBING INC. || 100863885: ALTERNATIVE CODE APPROVAL FOR PERMIT #100761460: USE PVC FOR BELOW & ABOVE GARAGE || B100884723: CHANGE OF ELECTRICAL CONTRACTOR FOR PERMIT #100761460 || 100959028: REVISION TO PERMIT #100761460 TO CHANGE BUILDING ADDRESS FROM 4444 S. DREXEL BLVD TO 4430, 4432, 4434, 4436, 4438, 4446, 4448 S DREXEL BLVD AT (4) EXISTING TOWNHOMES BUILDING COMPLEX (12 TOWNHOMES TOTAL). REFER TO THE SITE PLAN FOR THE ADDRESS CHANGES. THESE ADDRESS CHANGES WERE REQUESTED BY CDOT. || 100977834: REVISION TO PERMIT NO 100959028, TO CHANGE OWNER TO DREXEL DEVELOPMENT INC, CHANGE GC TO TM1 CONST. INC., CHANGE MASON TO B & K CONCRETE 01 AND R D Y CONSTRUCTION, INC, CHANGE PLUMBER TO ARIA PLUMBING, CHANGE VENT/REFRIG TO SOLARTECH HEATING",1,12,"100761460: 12 [ERECT 3 STORY 12 TOWN HOMES (4A CONSTRUCTION), 2 CAR GARAGE AT 1ST FLOOR FOR EACH TOWN HOME, ROOFTOP DECK AS PER PLAN. [SEE REV] || 100959028: 12 [4430, 4432, 4434, 4436, 4438, 4446, 4448 S DREXEL BLVD AT (4) EXISTING TOWNHOMES BUILDING COMPLEX (12 TOWNHOMES TOTAL). REFER TO THE SITE PLAN FOR THE ADDRESS CHANGES. THESE ADDRESS CHANGES WERE REQUESTED BY CDO]",12,single_unit_count
commercial_20112130420000,permit_chain_100776013,4,1,100776013/100815534/100818117/100836183,5055 S DORCHESTER AVE,5055 S DORCHESTER,2018-10-11,2018-11-05,2019-08-16,COMPLETE,"100776013: ERECT 4 STORY, 34 D.U. (3B CONSTRUCTION),11 CAR & 12 CAR GARAGES AT 1ST FLOOR, 11 EXTERIOR PARKING SPACES ON CONCRETE PAD, 6' HIGH 4' BY 18' MASONRY TRASH ENCLOSURE, ROOFTOP DECK, ROOFTOP STAIR ENCLOSURES AS PER PLAN. **CERTIFIED PLANS CORRECTIONS: CONDITIONAL PERMIT SUBJECT TO FIELD INSPECTIONS ** || 100815534: REVISION TO PERMIT # 100776013 TO CHANGE PLUMBING CONTRACTOR TO SHIELD'S ENTERPRISES, INC. & CHANGE BRICK MASON CONTRACTOR TO NORTH SHORE ELITE HOMES, INC. || 100818117: REVISION TO PERMIT NO. 100776013; TO USE SCH 40 PVC PIPE AND FITTINGS FOR ALL WASTE AND VENT ABOVE AND BELOW GRADE || 100836183: REVISION TO PERMIT NO. 100776013 TO CHANGE PLUMBING CONTRACTOR TO EMERALD ISLE CONSTRUCTION INC",1,34,"100776013: 34 [ERECT 4 STORY, 34 D.U. (3B CONSTRUCTION),11 CAR & 12 CAR GARAGES AT 1ST FLOOR, 11 EXTERIOR PARKING SPACES ON CONCRETE PAD]",34,single_unit_count
commercial_20114050130000,permit_chain_100530347,1,1,100530347,5105 S HARPER AVE,5105 S HARPER,2014-03-07,2014-03-07,2014-03-07,COMPLETE,100530347: FOUNDATION ONLY FOR A 15 STORY NEW CONSTRUCTION MIXED USE BUILDING TO INCLUDE TWO (2) BELOW GRADE LEVELS OF PARKING AS ASSOCIATED SITE WORK AS PER PLANS.,0,,NA,NA,no_unit_count
commercial_20114050130000,permit_chain_100547874,1,1,100547874,5105 S HARPER AVE,5105 S HARPER,2014-07-02,2014-07-24,2014-07-24,COMPLETE,100547874: INSTALL FREE STANDING PEINER SK415 PER PLAN,0,,NA,NA,no_unit_count
commercial_20114050130000,permit_chain_100560443,6,1,100560443/100607587/100615092/100642250/B100630540/B100633675,5104 S LAKE PARK AVE / 5105 S HARPER AVE / 5118 S LAKE PARK AVE,5104 S LAKE PARK/5105 S HARPER/5118 S LAKE PARK,2014-09-15,2014-09-15,2016-03-30,COMPLETE,"100560443: FULL BUILDING PERMIT FOR A 15 STORY NEW CONSTRUCTION MIXED USE BUILDING WITH 180 DWELLING UNITS (36 UNITS ARE AFFORDABLE HOUSING UNITS) TO INCLUDE TWO (2) BELOW GRADE LEVELS OF PARKING AS ASSOCIATED SITE WORK AS PER PLANS.  ****GREEN ROOF 7,700 SF || 100607587: NEW INTERIOR BUILDOUT TO RETAIL SPACE 2B IN NEW BUILDING.  BUILDING SHELL AND STRUCTURE TO REMAIN.  ORIGINAL APPROVED FOUNDATION PERMIT #:  D13040-01; BUILDING PERMIT #:  100560443.INTERIOR BUILDOUT CONSISTS OF NON-LOAD BEARING WALLS, CEILINGS, PLUMBING FIXTURES, MECHANICAL DUCTWORK, AND ELECTRICAL. || 100615092: PROPOSED INTERIOR BUIDOUT TO SUBMITTED SHELL BUILDING'S RETAIL SPACE 1A.  EXISTING SHELL BUILDING AND STRUCTURE TO REMAIN.  ORIGINAL APPROVED FOUNDATION PERMIT #: D13040-01: SHELL BUILDING PERMIT #: 100560443.INTERIOR BUILDOUT PERMIT SUBMITTAL CONSISTS OF NON-LOAD BEARING WALLS, CEILINGS, PLUMBING FIXTURES, MECHANICAL DUCTWORK AND ELECTRICAL FOR A PROPOSED WHOLE FOODS MARKET- GROCERY/ MERCHANTILE [USE/ OCCUPANCY]. || B100630540: PLEASE CHANGE ELECTRICAL CONTRACTORS NAME ON PERMIT #100615092 TO MTS TITAN ELECTRIC || B100633675: CHANGE OF ELECTRICAL CONTRACTOR FOR ORIGINAL BUILDING PERMIT #100607587 || 100642250: CHANGE PLUMBER TO EWING-DOHERTY FOR PERMIT 100607587",2,36/180,100560443: 180 [FULL BUILDING PERMIT FOR A 15 STORY NEW CONSTRUCTION MIXED USE BUILDING WITH 180 DWELLING UNITS (36 UNITS ARE AFFORDABLE HOUSING UNITS) TO INCLUDE TWO (2) BELOW GRADE LEVELS OF PARKING AS ASSOCIA] || 100560443: 36 [FULL BUILDING PERMIT FOR A 15 STORY NEW CONSTRUCTION MIXED USE BUILDING WITH 180 DWELLING UNITS (36 UNITS ARE AFFORDABLE HOUSING UNITS) TO INCLUDE TWO (2) BELOW GRADE LEVELS OF PARKING AS ASSOCIATED SITE W],NA,conflicting_unit_counts
commercial_20114050130000,permit_chain_100575582,1,1,100575582,5105 S HARPER AVE,5105 S HARPER,2015-01-12,2015-02-23,2015-02-23,COMPLETE,100575582: INSTALLATION OF SINGLE 8000LBS TEMPORARY CONSTRUCTION HOIST,0,,NA,NA,no_unit_count
commercial_20143060140000,permit_chain_100764007,5,3,100764007/100773049/100796476/100850476/B100773229,1156 E 61ST ST,1156 E 61ST,2018-05-24,2018-05-25,2020-06-25,COMPLETE,"100764007: CAISSONS ONLY: CAISSONS FOR PROPOSED 7 & 16 STORY TOWERS SET ON AND CONNECTED BY A 1 STORY PODIUM. BUILDING WILL BE A 1309 BED DORMITORY WITH COMMONS AREAS, DINING AND MECHANICAL PENTHOUSE ON 16 STORY TOWER ALL AS PER PLANS. NO GRADE BEAMS, SLAB ON GRADE OR CAISSON CAPS IN THIS PERMIT SCOPE. NO UNDERGROUND ELECTRICAL OR PLUMBING IN PERMIT SCOPE. || 100773049: PD-43 DEVELOPER SERVICES 1156 E 61ST ST-FULL BUILDING PERMIT, NEW CONST. SCOPE INCLUDES CAISSON CAPS, GRADE BEAMS, BUILDING AND SITE WORK FOR PROPOSED 7 & 16 STORY TOWERS SET ATOP A 1 STORY PODIUM, 1309 BED DORMITORY WITH MECH. PENTHOUSE PER PLANS. CAFETERIA, SERVERY AND KITCHEN BUILD OUT NIC UNDER SEPARATE PERMIT SCOPE. CAISSON PERMIT #100764007. || 100796476: **DEVELOPER SERVICES** INTERIOR BUILD-OUT OF GROUND FLOOR DINING COMMONS KITCHEN AND SERVERY AND ASSOCIATED MEP ONLY. DINING COMMONS ASSOCIATED WITH NEW CONNECTED 7 & 16 STORY TOWERS OF A 1309 BED DORMITORY BUILDING THAT IS UNDER SEPARATE PERMIT.CAISSON ONLY PERMIT #:100764007  FULL BUILDING PERMIT #:100773049 || 100850476: ***DIRECT DEVELOPER SERVICES*** REVISION TO FULL BUILDING PERMIT #100773049 FOR PROPOSED 7 & 16 STORY , DORMITORY FOR THE UNIVERSITY OF CHICAGO TO INCLUDE CONVERTING PREVIOUSLY APPROVED STUDY ROOM INTO A COMMUNITY ROOM. || B100773229: 'TEMPORARY SVC.'-INSTALL (1) 2000 AMP. TEMP.SVC FOR CRANES & TEMPORARY LIGHTING, DURING CONSTRUCTION -  FULL BLDG. PERMIT - # 100773049,    CAISSONS-PERMIT # 100764007.        UNIVERSITY OF CHICAGO BUILDING",0,,NA,NA,no_unit_count
commercial_20143060140000,permit_chain_100772406,1,1,100772406,1156 E 61ST ST,1156 E 61ST,2018-07-30,2018-08-07,2018-08-07,COMPLETE,"100772406: WEST TOWER CRANE: FOUNDATION DESIGN AND SET-UP FOR THE INSTALLATION AND OPERATION OF A PEINER SK415 TEMPORARY TOWER CRANE, AS PER PLANS",0,,NA,NA,no_unit_count
commercial_20143060140000,permit_chain_100772401,1,1,100772401,1156 E 61ST ST,1156 E 61ST,2018-08-09,2018-08-17,2018-08-17,COMPLETE,"100772401: EAST TOWER CRANE: FOUNDATION DESIGN AND SET-UP FOR THE INSTALLATION AND OPERATION OF A PEINER SK415 TEMPORARY TOWER CRANE, AS PER PLANS.",0,,NA,NA,no_unit_count
commercial_20143060140000,permit_chain_100789285,1,1,100789285,1156 E 61ST ST,1156 E 61ST,2018-10-25,2018-11-08,2018-11-08,COMPLETE,100789285: *** HOIST PERMIT *** DUAL 8000LB RACK AND PINION ELEVATOR,0,,NA,NA,no_unit_count
commercial_20143060140000,permit_chain_100793407,1,1,100793407,1156 E 61ST ST,1156 E 61ST,2018-11-19,2018-11-28,2018-11-28,COMPLETE,100793407: *** HOIST PERMIT *** SINGLE 8000LB RACK AND PINION ELEVATOR,0,,NA,NA,no_unit_count
commercial_20143060140000,permit_chain_100794797,1,1,100794797,1156 E 61ST ST,1156 E 61ST,2018-12-12,2019-03-15,2019-03-15,COMPLETE,100794797: *** HOIST PERMIT *** SINGLE 8000LB RACK AND PINION ELEVATOR,0,,NA,NA,no_unit_count
commercial_20151060280000,permit_chain_100157103,1,1,100157103,333 E 55TH PL,333 E 55TH,2007-01-10,2007-01-10,2007-01-10,COMPLETE,100157103: CONSTRUCT NEW 4-STORY 27 UNIT APARTMENT BUILDING PER PLANS.,1,27,100157103: 27 [CONSTRUCT NEW 4-STORY 27 UNIT APARTMENT BUILDING PER PLANS.],27,single_unit_count
commercial_20151060280000,permit_chain_100157104,1,1,100157104,338 E 56TH ST,338 E 56TH,2007-01-10,2007-01-10,2007-01-10,COMPLETE,100157104: CONSTRUCT NEW 4-STORY 27 UNIT APARTMENT BUILDING PER PLANS.,1,27,100157104: 27 [CONSTRUCT NEW 4-STORY 27 UNIT APARTMENT BUILDING PER PLANS.],27,single_unit_count
commercial_20153010080000,permit_chain_100163994,1,1,100163994,46 E 60TH ST,46 E 60TH,2009-12-17,2009-12-18,2009-12-18,COMPLETE,100163994: NEW 3-STORY RESIDENCE WITH 9 DWELLING UNITS AND PARKING ON GRADE,1,9,100163994: 9 [NEW 3-STORY RESIDENCE WITH 9 DWELLING UNITS AND PARKING ON GRADE],9,single_unit_count
commercial_20153020050000,permit_chain_100185626,1,1,100185626,108 E 60TH ST,108 E 60TH,2007-06-22,2009-12-18,2009-12-18,COMPLETE,100185626: NEW 3-STORY RESIDENTIAL WITH 16 DU BUILDING AS PER PLANS,1,16,100185626: 16 [NEW 3-STORY RESIDENTIAL WITH 16 DU BUILDING AS PER PLANS],16,single_unit_count
commercial_20153020050000,permit_chain_100185763,1,1,100185763,120 E 60TH ST,120 E 60TH,2007-06-25,2009-12-18,2009-12-18,COMPLETE,100185763: NEW 3-STORY RESIDENTIAL BUILDING WITH 19 DWELLING UNITS,1,19,100185763: 19 [NEW 3-STORY RESIDENTIAL BUILDING WITH 19 DWELLING UNITS],19,single_unit_count
commercial_20153100130000,permit_chain_100578560,1,1,100578560,310 E 61ST ST,310 E 61ST,2015-06-25,2015-09-30,2015-09-30,COMPLETE,"100578560: 12 DU, 3 STORY  METAL STUD WALL BEARING WITH BRICK VENEER NEW CONSTRUCTION.",1,12,"100578560: 12 [12 DU, 3 STORY METAL STUD WALL BEARING WITH BRICK VENEER NEW CONSTRUCTION.]",12,single_unit_count
commercial_20153150080000,permit_chain_100578678,1,1,100578678,6153 S INDIANA AVE,6153 S INDIANA,2015-09-29,2015-09-29,2015-09-29,COMPLETE,"100578678: 14 DU, 3 STORY METAL STUD WALL BEARING WITH MASONRY VENEER NEW CONSTRUCTION.",1,14,"100578678: 14 [14 DU, 3 STORY METAL STUD WALL BEARING WITH MASONRY VENEER NEW CONSTRUCTION.]",14,single_unit_count
commercial_20153150350000,permit_chain_100578842,1,1,100578842,6118 S PRAIRIE AVE,6118 S PRAIRIE,2015-06-25,2015-09-29,2015-09-29,COMPLETE,"100578842: 27DU, 3 STORY METAL STUD WALL  BEARING WITH BRICK VENEER NEW CONSTRUCTION.",1,27,"100578842: 27 [27DU, 3 STORY METAL STUD WALL BEARING WITH BRICK VENEER NEW CONSTRUCTION.]",27,single_unit_count
commercial_20163250190000,permit_chain_100185216,2,1,100185216/100267287,6352 S NORMAL BLVD,6352 S NORMAL,2008-01-23,2008-07-16,2009-04-16,COMPLETE,100185216: ERECT A THREE-STORY 8-UNIT BUILDING. || 100267287: REVISION TO PERMIT # 100185216. CHANGE FROM BRICK AND BLOCK TO BRICK AND METAL STUDS.,0,,NA,NA,no_unit_count
commercial_20232000180000,permit_chain_100707581,2,1,100707581/100867276,1208 E 64TH ST,1208 E 64TH,2017-06-15,2018-01-26,2020-05-26,COMPLETE,"100707581: ERECT 4 STORY 18 DU BUILDING WITH BASEMENT (3B CONSTRUCTION), ROOF TOP DECK, 18 CAR INTERIOR GARAGE AT 1ST FLOOR, ONE EXTERIOR LOADING BERTH, FRONT & SIDE DECKS AT 2ND/3RD/4TH FLOORS, ROOF TOP STAIR ENCLOSURES & ELEVATOR ENCLOSURE, 6' HIGH 3'-6"" BY 13'-10"" MASONRY TRASH ENCLOSURE, 6' HIGH 160' LONG WOOD FENCE  AS PER PLAN.**CERTIFIED CORRECTIONS- - SUBJECT TO FIELD INSPECTIONS & AUDIT ** || 100867276: REVISION TO EXISTING PERMIT #100707581 TO DISCONTINUE ELEVATOR ACCESS UP TO ROOF, REMOVE ROOFTOP DECK, REMOVE AUDIO AND VISUAL DEVICES IN COMMON CORRIDORS AND STAIRWELLS (TYP.), ELECTRICAL POWER RISER DIAGRAM REVISIONS AT EXISTING 4 STORY 18 D.U. BUILDING (3B CONSTRUCTION) AS PER PLAN.**CERTIFIED CORRECTIONS- - SUBJECT TO FIELD INSPECTIONS & AUDIT **",1,18,"100707581: 18 [ERECT 4 STORY 18 DU BUILDING WITH BASEMENT (3B CONSTRUCTION), ROOF TOP DECK, 18 CAR INTERIOR GARAGE AT 1ST FLOOR, ONE E] || 100867276: 18 [OMMON CORRIDORS AND STAIRWELLS (TYP.), ELECTRICAL POWER RISER DIAGRAM REVISIONS AT EXISTING 4 STORY 18 D.U. BUILDING (3B CONSTRUCTION) AS PER PLAN.**CERTIFIED CORRECTIONS- - SUBJECT TO FIELD INSPECTIONS & A]",18,single_unit_count
commercial_20262050130000,permit_chain_100623052,4,1,100623052/100633573/100658770/100689753,7156 S DORCHESTER AVE,7156 S DORCHESTER,2015-11-10,2015-11-10,2017-02-08,COMPLETE,"100623052: NEW 140 UNIT RESIDENTIAL SUPPORTIVE LIVING FACILITY WITH PARKING FOR 43 CARS ON-SITE 7156 SOUTH DORCHESTER AVENUE || 100633573: REVISION TO PERMIT # 100623052 TO CHANGE MASON CONTRACTOR TO BATTEAST & COMPANY || 100658770: REVISION TO PERMIT #100623052 TO CHANGE THE PLUMBER OF RECORD TO RYAN'S PLUMBING, INC. || 100689753: REVISION TO PERMIT #100623052 TO CHANGE THE MASON OF RECORD TO BATISTE MASONRY.",1,140,100623052: 140 [NEW 140 UNIT RESIDENTIAL SUPPORTIVE LIVING FACILITY WITH PARKING FOR 43 CARS ON-SITE 7156 SOUTH DORCHESTER AVENU],140,single_unit_count
commercial_24131000010000,permit_chain_100805756,5,1,100805756/100871290/B100869893/B100875345/B100915978,3151 W 103RD ST,3151 W 103RD,2019-04-05,2019-10-31,2021-04-02,COMPLETE/EXPIRED,100805756: CONSTRUCT NEW 2 STORY W/ GROUND FLOOR RETAIL AND 2ND FLOOR 3 DWELLING UNITS || B100869893: CONTRACTOR NAME CHANGE FOR PERMIT #100805756 || B100875345: NEW ELECTRICAL CONTRACTOR...REFER TO 100805756 || 100871290: REVISION TO PERMIT 100805756 TO CHANGE STRUCTURAL MATERIAL TO UPGRADECONSTRUCTION TYPE TO 1C AND REVISE DWELLING UNIT FLOOR PLANS AND ELIMINATE ONE STAIR FROM SECOND FLOOR FOR 3 DU 2 STORY BUILDING WITH COMMERCIAL FIRST FLOOR || B100915978: CONTRACTOR NAME CHANGE FOR PERMIT #100805756,1,3,100805756: 3 [CONSTRUCT NEW 2 STORY W/ GROUND FLOOR RETAIL AND 2ND FLOOR 3 DWELLING UNITS] || 100871290: 3 [CTION TYPE TO 1C AND REVISE DWELLING UNIT FLOOR PLANS AND ELIMINATE ONE STAIR FROM SECOND FLOOR FOR 3 DU 2 STORY BUILDING WITH COMMERCIAL FIRST FLOOR],3,single_unit_count
commercial_25222100020000,permit_chain_100716482,2,1,100716482/100849871,11135 S LANGLEY AVE,11135 S LANGLEY,2017-08-11,2018-02-06,2020-02-27,COMPLETE/EXPIRED,"100716482: NEW CONSTRUCTION OF A 26 UNIT MULTI-FAMILY RESIDENTIAL BUILDING, 3 STORIES, WITH NEW PARKING AND ASSOCIATED SITE IMPROVEMENTS.  THIS IS A LANDMARKS PROJECT. || 100849871: THIS IS A REVISION TO PERMIT NO. 100716482. AS REQUESTED BY THE CITY BUILDING INSPECTOR, RELEVANT MECHANICAL AND ELECTRICAL DRAWINGS HAVE BEEN REVISED TO DOCUMENT THE REMOVAL OF THE MAKE-UP AIR UNIT (MAU) FROM THE SCOPE OF THE PROJECT",1,26,"100716482: 26 [NEW CONSTRUCTION OF A 26 UNIT MULTI-FAMILY RESIDENTIAL BUILDING, 3 STORIES, WITH NEW PARKING AND ASSOCIATED SITE IMPROVEMENTS. T]",26,single_unit_count
