case_number,project_id,address,in_main_500ft_sample,current_units,current_land_sqft,recommended_units,recommended_land_sqft,recommendation,evidence,permit_numbers,source_urls,remaining_issue,assessor_row_ids,assessor_history,review_date,adopted,permit_evidence,current_construction_year,current_building_sqft,other_measurement_concern,followup_reviewed,recommended_construction_year,recommended_building_sqft,followup_evidence,proposed_sample_action
1,commercial_11323190080000,1217 W ALBION CHICAGO,FALSE,29,22692,29,22692,Retain,"Original permit specifies 29 dwellings, matching the newer Assessor count. Both assessments cover the same two parcels and report the same lot.",100449927;100466026,,The 2015 year has not been recertified by this count review.,44949;70754,"11323190080000 cardNA classNA built2015: 29 homes / 44856 floor / 22692 land, assessment 2024; 11323190080000 cardNA classNA built2016: 30 homes / 44856 floor / 22692 land, assessment 2021",2026-09-15,TRUE,"100449927 | COMPLETE | 2012-07-18T00:00:00.000 | 1219 W ALBION AVE | 1219-39 WEST ALBION-LOYOLA-NEW CONSTRUCTION-3 STORY 29 DWELLING UNITS-29 ACCESSORY 27 NON-ACCESSORY PARKING SPACES
100466026 | COMPLETE | 2012-11-08T00:00:00.000 | 1219 W ALBION AVE | REVISION TO PERMIT #100449927- REVISED PARKING LAYOUT ; LANDSCAPE AND CIVIL REVISIONS ONLY -1219-39 WEST ALBION-LOYOLA",2015,44856,,FALSE,,,,Keep
2,commercial_11323190150000,6556 N SHERIDAN CHICAGO,TRUE,41,15000,41,15000,Retain,The original Loyola project announcement describes 41 apartments; the architect describes a 41-bed residence. This supports 41 over 52. The two recorded parcels retain the reported 15000-square-foot lot.,100441103,https://www.dnainfo.com/chicago/20130201/rogers-park/loyola-hotel-university-eyes-empty-lot-on-albion-avenue/;https://app.dcoz.dc.gov/Exhibits/2010/BZA/20832/Exhibit26.pdf,Shared nearby university parking is not added to this building's recorded lot.,44950;72977,"11323190150000 cardNA classNA built2014: 41 homes / 43500 floor / 15000 land, assessment 2024; 11323190150000 cardNA classNA built2017: 52 homes / 43500 floor / 15000 land, assessment 2021",2026-09-15,TRUE,100441103 | COMPLETE | 2013-05-30T00:00:00.000 | 6550 N SHERIDAN RD | ERECT NEW FOUR (4) STORY MIXED USED BUILDING PER ARCH PLANS.-6550 NORTH SHERIDAN ROAD,2014,43500,,FALSE,,,,Keep
3,commercial_13114290270000,3300 W LAWRENCE CHICAGO,TRUE,4,18750,6,18750,Hold year,"The original permit specifies six apartments plus two offices, but it expired. A later listing advertising six has a different parcel number. Four in the current assessment remains unconfirmed; do not choose six merely from the similar listing.",100211769,https://www.scribd.com/document/309749082/2250-W-Foster-pdf;https://www.realtor.com/realestateandhomes-detail/3300-W-Lawrence-Ave_Chicago_IL_60625_M87067-16187,"Recommend withholding density because construction timing remains unresolved. Retain the reported 18750-square-foot lot as evidence; do not adopt 2008, 2011 or 2012 by guesswork.",25834;46404,"13114290270000 cardNA classNA built2008: 4 homes / 12455 floor / 18750 land, assessment 2024; 13114290270000 cardNA classNA built2011: 6 homes / 12455 floor / 18750 land, assessment 2021",2026-09-15,TRUE,"100211769 | EXPIRED | 2008-07-21T00:00:00.000 | 3300 W LAWRENCE AVE | ERECT 6 D.U. WITH (2) FIRST FLOOR OFFICE SPACES MASONRY BUILDING.  6 EXTERIOR PARKING SPACES ON CONCRETE PAD.  6' HIGH 9' BY 4' MASONRY TRASH ENCLOSURE, 74' LONG 6' HIGH WOOD FENCE AS PER PLANS",2008,12455,,TRUE,,12455,"Six is the preferred original count: the exact-address new-building permit and earlier Assessor both report six. A broker sales-comparison document also implies six from its stated total and per-unit prices, but calls the property built in 2012 and vacant at its 2012 REO sale. The earlier Assessor says 2011, the selected record says 2008, and an elevator was permitted in October 2009. The search does not establish a completion year. The broker comparison is supporting evidence, not a substitute exact-parcel assessment.",Withhold density
4,commercial_13144070270000,4302 N KEDZIE CHICAGO,FALSE,9,6250,9,6250,Retain,"The completed-building MLS listing reports nine apartments and a 50-by-125-foot lot, using the exact recorded parcel. This supports the current nine and the Assessor's 6250-square-foot lot over the older count of ten.",100323448,https://www.realtor.com/realestateandhomes-detail/4300-N-Kedzie-Ave-Unit-303_Chicago_IL_60618_M81047-18910,Lot dimensions are corroboration; retain the Assessor area rather than creating a new measured area.,26258;46829,"13144070270000 cardNA classNA built2009: 9 homes / 19940 floor / 6250 land, assessment 2024; 13144070270000 cardNA classNA built2011: 10 homes / 19940 floor / 6250 land, assessment 2021",2026-09-15,TRUE,100323448 |  | 2009-12-10T00:00:00.000 | 4300 N KEDZIE AVE | REVISION TO PERMTI # 100129497 TO CHANGE THE PLUMBER OF RECORD TO GEORGE'S HEATING & PLUMBING.,2009,19940,,FALSE,,,,Keep
5,commercial_13362150350000,2229 N MILWAUKEE CHICAGO,FALSE,120,34554,120,34554,Retain,Original completed new-building permit specifies 120 apartments. Reuse the existing documented correction from 140 to 120 and the same six-parcel Assessor site.,100588900,,Existing correction already applied in production.,59391;79717,"13362150350000 cardNA classNA built2015: 140 homes / 145871 floor / 34554 land, assessment 2024; 13362150350000 cardNA classNA built2017: 120 homes / 145871 floor / 34554 land, assessment 2021",2026-09-15,TRUE,"100588900 | COMPLETE | 2015-04-06T00:00:00.000 | 2211 N MILWAUKEE AVE | NEW 120 UNIT APARTMENT BUILDING WITH GROUND FLOOR RETAIL.   - PV PANELS, LEED CERTIFICATION, PLANNED DEVELOPMENT. GREEN PERMIT PROGRAM BENEFIT TIER II",2015,145871,,FALSE,,,,Keep
6,commercial_13364270320000,2656 W NORTH CHICAGO,TRUE,33,6539,27,,Exclude conversion,"The City's agreement distinguishes 27 apartments in a converted warehouse at this parcel from six newly built apartments on other lots. The later 33 is the larger development. This observation is the warehouse conversion, not a new building.",100422195,https://occprodstoragev1.blob.core.usgovcloudapi.net/lsmatterattachmentspublic/c726e9dd-4985-437e-8b69-4ab3357e7f52.pdf;https://news.wttw.com/sites/default/files/10.5.11%20Two%20Affordable%20Housing%20Projects%20Proposed%20By%20Mayor%20Emanuel%20for%20West%20Town%20Neighborhood.pdf,6539 square feet belongs to the warehouse parcel and cannot be paired with the 33-home development. Do not manufacture six new observations from the announcement.,59463;83630,"13364270320000 cardNA classNA built2013: 33 homes / 30480 floor / 6539 land, assessment 2024; 13364270320000 cardNA classNA built2014: 27 homes / 30480 floor / 6539 land, assessment 2021",2026-09-15,TRUE,"100422195 | COMPLETE | 2011-12-15T00:00:00.000 | 1605 N WASHTENAW AVE | RENOVATION ALTERATION, CONVERSION OF A WAREHOUSE TO 27 UNITS, 5 STORY MULTI-FAMILY RESIDENTIAL APARTMENTS. DEEP FOUNDATIONS",2013,30480,,FALSE,,,,Exclude: not new construction
7,commercial_13364270350000,2644 W NORTH CHICAGO,TRUE,53,16134,53,16134,Retain,"Permit and City housing report both describe a newly built 53-apartment senior building, supporting the current count rather than 54. Keep the reported five-parcel land for that building.",100176487,https://www.chicagorehab.org/content/cms/documents/4q_2006.pdf,The adjacent family-building conversion is a separate project and is not added.,59465;83631,"13364270350000 cardNA classNA built2007: 53 homes / 51989 floor / 16134 land, assessment 2024; 13364270350000 cardNA classNA built2008: 54 homes / 51989 floor / 16134 land, assessment 2021",2026-09-15,TRUE,100176487 | COMPLETE | 2007-06-19T00:00:00.000 | 1600 N TALMAN AVE | CONSTRUCT NEW 5-STORY 53 UNIT APARTMENT BUILDING WITH PARTIAL BASEMENT PER PLANS.CONDITIONAL PERMIT SUBJECT TO FIELD INSPECTION.,2007,51989,,FALSE,,,,Keep
8,commercial_14313080700000,1920 N MILWAUKEE CHICAGO,TRUE,44,11444,44,11444,Retain,The completed foundation and full-building permits specify 44 apartments. The existing documented correction agrees with the 2021 Assessor count; the 2024 count of 55 has no supporting building change. Both assessments report the same single parcel and 11444-square-foot lot.,100652264;100666018,https://images1.showcase.com/d2/fULlE3NGbw8dKVBJbgiN-d_0QgySJzxJf2CMcl_UQU4/document.pdf,Reuse the original correction evidence; no second correction needed.,59505;79822,"14313080700000 cardNA classNA built2018: 55 homes / 62719 floor / 11444 land, assessment 2024; 14313080700000 cardNA classNA built2020: 44 homes / 62719 floor / 11444 land, assessment 2021",2026-09-15,TRUE,"100652264 | COMPLETE | 2016-09-16T00:00:00.000 | 1920 N MILWAUKEE AVE | FOUNDATION AND SUPERSTRUCTURE ONLY FOR NEW 7-STORY, 44 UNIT RESIDENTIAL BUILDING WITH GROUND FLOOR RETAIL.*******NO ELECTRICAL OR HVAC WORK******
100666018 | COMPLETE | 2016-12-15T00:00:00.000 | 1920 N MILWAUKEE AVE | FULL BUILDING PHASE- INTERIOR BUILD-OUT OF NEW 7 STORY 44 UNIT RESIDENTIAL BUILDING WITH GROUND FLOOR RETAIL AND INSTALLATION OF 3,775 SF GREEN ROOF AND BOCCE BALL COURT AT ROOF. FOUNDATION AND SUPERSTRUCTURE (GREEN ROOF STRUCTURE) PERMITTED UNDER 100652264",2018,62719,,FALSE,,,,Keep
9,commercial_14313220560000,1743 N LEAVITT CHICAGO,FALSE,94,57237,94,57237,Retain,"The 2018 sale announcement and completed-building rental listings describe 94 apartments at 1743 N Leavitt, supporting the newer count. Keep its two recorded parcels and reported 57237-square-foot site.",,https://therealdeal.com/chicago/2018/11/29/harlington-realty-buys-bucktown-apartment-complex-for-51m/;https://www.chicagospropertyshop.com/property-search/detail/28/12721137/1743-n-leavitt-st-chicago-il-60647/,Independent reporting supports the count; lot retention relies on Assessor parcel coverage.,59516;79833,"14313220560000 cardNA classNA built2017: 94 homes / 83302 floor / 57237 land, assessment 2024; 14313220560000 cardNA classNA built2020: 92 homes / 83302 floor / 57237 land, assessment 2021",2026-09-15,TRUE,,2017,83302,,FALSE,,,,Keep
10,commercial_16111020190000,740 N AVERS CHICAGO,TRUE,7,6000,7,6000,Retain,Original permit describes six; the documented 2020 revision specifies seven. Reuse the approved seven-unit completed-project decision and its individual 6000-square-foot parcel.,100744642;100828527,,Existing seven-unit correction remains supported; later ten is not supported.,60055;80337,"16111020190000 cardNA classNA built2019: 10 homes / 8307 floor / 6000 land, assessment 2024; 16111020190000 cardNA classNA built2020: 7 homes / 8307 floor / 6000 land, assessment 2021",2026-09-15,TRUE,"100744642 | COMPLETE | 2018-03-26T00:00:00.000 | 738 N AVERS AVE | ERECT A 3 STORY IIIB MASONRY 6 DWELLING  UNIT  BUILDING WITH BASEMENT PER PLANS[SEE PERMIT #100828527 TO CONVERT TO 7 DWELLING UNITS]
100828527 | COMPLETE | 2020-04-02T00:00:00.000 | 738 N AVERS AVE | CONVERSION FROM  6 UNIT  TO 7 UNIT APARMENT BUILDING  WITH 6 OPEN PARKING  STALLS  , PERPLANS",2020,8307,,FALSE,,,,Keep
11,commercial_17042140160000,321 W EVERGREEN CHICAGO,TRUE,15,7650,15,7650,Retain,"The original new-building permit specifies 15 apartments, agreeing with the newer Assessor count and the individual parcel.",100667281,,Permit gross floor area differs from the Assessor floor measure; this review does not replace floor area.,43121;68826,"17042140160000 cardNA classNA built2017: 15 homes / 15416 floor / 7650 land, assessment 2024; 17042140160000 cardNA classNA built2020: 8 homes / 15416 floor / 7650 land, assessment 2021",2026-09-15,TRUE,"100667281 | COMPLETE | 2016-12-19T00:00:00.000 | 317 W EVERGREEN AVE | NEW CONSTRUCTION 15 UNIT, 4 STORY, 3B, 19,909 S.F. BUILDING WITH BASEMENT & INDOOR GARAGE.",2017,15416,,FALSE,,,,Keep
12,commercial_17043040290000,531 W DIVISION CHICAGO,FALSE,112,30195,111,30195,Correct count; retain year,Original new-building permit explicitly specifies 112 apartments. Retain the same reported parcel group and lot.,100186134;100349748,https://www.thecha.org/sites/default/files/2025-06/Cabrini-NOW-Appendix-Vol-1-for-Public-Comment_06.25_Development.pdf;https://clearinghouse-umich-production.s3.amazonaws.com/media/doc/132960.pdf;https://www.loopnet.com/property/531-w-division-st-chicago-il-60610/17031-17043040290000/,The earlier 112/2011 recommendation was for the wrong phase and is superseded. Retain the Division parcel and its existing location; do not relocate this record to Oak Street.,42879;68911,"17043040290000 cardNA classNA built2009: 112 homes / 171458 floor / 30195 land, assessment 2024; 17043040290000 cardNA classNA built2011: 111 homes / 171458 floor / 30195 land, assessment 2021",2026-09-15,TRUE,"100349748 | COMPLETE | 2010-06-23T00:00:00.000 | 544 W OAK ST | NEW CONSTRUCTION- 8 STORY 112 UNIT/COMMERCIAL BUILDING WITH INDOOR PARKING. | Adoption check: permit 100186134, COMPLETE, CERTIFICATE OF OCCUPANCY ISSUED, issued 2007-07-02, 545 W Division: NEW CONSTRUCTION; ERECT 8-STORY MID-RISE, 111-DWELLING UNITS WITH FIRST FLOOR COMMERCIAL SPACE AND PRIVATE GARAGE. Coordinate (-87.64307539539742, 41.90360900854368). The original cited 100349748 is at 544 W Oak, not this building.",2009,171458,Construction year,TRUE,2009,171458,"Adoption check corrected an erroneous building match in the earlier review. Permit 100349748 describes 544 W Oak, the separate 112-apartment Parkside IIA building; its PIN field points to the Division parcel but its address and coordinate do not. The original completed permit 100186134 at 545 W Division specifies 111 apartments, matching the earlier Assessor count for 531 W Division. CHA's May 2025 Cabrini NOW table identifies Parkside IB-Rental as 111 units completed in 2009. Use 111 and retain the selected Assessor year 2009, with its 171458-square-foot floor and 30195-square-foot lot.",Keep
13,commercial_17043060300000,465 W DIVISION CHICAGO,FALSE,106,28001,106,28001,Retain,"The completed-building LISC account reports 106 apartments. Reuse the recorded correction, which supersedes the initial 94-unit permit. Keep the Assessor site for the completed building.",100547342,https://map.lisc-cnda.org/2017/driehaus/459-terrace-at-parkside-of-old-town/,Existing documented completed-building decision already applied.,42880;68968,"17043060300000 cardNA classNA built2015: 106 homes / 118924 floor / 28001 land, assessment 2024; 17043060300000 cardNA classNA built2017: 94 homes / 118924 floor / 28001 land, assessment 2021",2026-09-15,TRUE,100547342 | COMPLETE | 2014-06-25T00:00:00.000 | 459 W DIVISION ST | CONSTRUCT A 9 STORY 94 UNIT BUILDING- 459 WEST DIVISION STREET,2015,118924,,FALSE,,,,Keep
14,commercial_17043230020000,943 N CROSBY CHICAGO,FALSE,27,10400,27,10400,Retain,"Original new-building permit specifies 27 dwellings and office space. It supports 27 apartments, not the older 28, on the recorded parcel.",100544624,,Do not count the office as another apartment.,43145;68835,"17043230020000 cardNA classNA built2017: 27 homes / 29578 floor / 10400 land, assessment 2024; 17043230020000 cardNA classNA built2020: 28 homes / 29578 floor / 10400 land, assessment 2021",2026-09-15,TRUE,100544624 | COMPLETE | 2016-10-07T00:00:00.000 | 943 N CROSBY ST | NEW 27 UNIT RESIDENTIAL / COMMERCIAL OFFICE AT GRADE MIXED USE BUILDING WITH 22-REQUIRED ENCLOSED PARKING PER PLANS,2017,29578,,FALSE,,,,Keep
15,commercial_17044480130000,801 N LA SALLE CHICAGO,FALSE,292,28593,292,28593,Correct year,"Completed-building descriptions report 292 apartments, supporting the newer Assessor count over 296. Keep the recorded ten-parcel site.",,https://www.luxurychicagoapartments.com/properties/805-n-lasalle-st/;https://yochicago.com/805-north-lasalle-805-n-lasalle-st-near-north-side/,Recommend 2015; retain the selected 292 apartments and recorded building/site areas.,43181;68854,"17044480130000 cardNA classNA built2016: 292 homes / 330644 floor / 28593 land, assessment 2024; 17044480130000 cardNA classNA built2017: 296 homes / 330644 floor / 28593 land, assessment 2021",2026-09-15,TRUE,,2016,330644,Construction year,TRUE,2015,330644,"The Eight O Five building account records first occupancy in June 2015 and completion in 2015. Its narrative and separate rental marketing support 292 apartments. The same page has an inconsistent 295-unit sidebar, so that sidebar is not an additional count confirmation. Prefer documented occupancy to the competing 2016/2017 Assessor years. Adoption location check: Location checked against completed full-building permit 100539813 at 805 N LaSalle. Its underlying PIN 1704448009 belongs to the reported parcel group; the separate foundation permit repeats the same point.",Keep
16,commercial_17044490470000,833 N CLARK CHICAGO,FALSE,368,37399,368,37399,Correct year,The full-building permit and developer Daiwa House completed-project data both specify 368 rental homes. The developer records completion in July 2017. Retain 368 and the Assessor floor and lot areas.,100608737;100631673,https://www.daiwahouse.com/English/global/americas/united_states/aurelien.html,Recommend 2017; retain 368. Conflicting publicity is documented rather than treated as independent proof of 373.,43186;68857,"17044490470000 cardNA classNA built2015: 368 homes / 531961 floor / 37399 land, assessment 2024; 17044490470000 cardNA classNA built2017: 373 homes / 531961 floor / 37399 land, assessment 2021",2026-09-15,TRUE,"100608737 | COMPLETE | 2015-08-10T00:00:00.000 | 833 N CLARK ST | FOUNDATION AND SUPERSTRUCTURE ONLY FOR A NEW 31-STORY RESIDENTIAL TOWER WITH THREE LEVELS OF PARKING AND 369 DWELLING UNITS
100631673 | COMPLETE | 2016-01-25T00:00:00.000 | 833 N CLARK ST | NEW 31-STPU. 368-UNIT RESIDENTIAL TOWER WITH 3 LEVELS OF PARKING, AS PER PLANS",2015,531961,Construction year,TRUE,2017,531961,"Daiwa House distinguishes the completed-project data (368 homes, July 2017) from unrevised proposal prose on the same page (373). Other publicity repeats 373, as does the older Assessor. The final project data and 368-home full permit support retaining the newer count. Neither the 2015 start year nor proposed 373 should automatically replace the completed figures.",Keep
17,commercial_17044510080000,228 W HILL CHICAGO,TRUE,456,64231,456,64231,Retain,"Original full-building permit and revision both specify 456 apartments, supporting the newer count over 458. Retain the same recorded site.",100819099;100866514,,,43192;68952,"17044510080000 cardNA classNA built2021: 456 homes / 602197 floor / 64231 land, assessment 2024; 17044510080000 cardNA classNA built2020: 458 homes / 602197 floor / 64231 land, assessment 2021",2026-09-15,TRUE,"100819099 | COMPLETE | 2019-12-31T00:00:00.000 | 228 W HILL ST | *DIRECT DEVELOPER SERVICES* NEW CONSTRUCTION FOR A 41 STORY BUILDING.  456 DWELLING UNITS AS PER PLANS. 209 PARKING SPACES, A 6-STORY PODIUM WITH 3,694 SF OF GROUND FLOOR RETAIL, 4TH & 5TH FLOOR OFFICE SPACES, AND A 6TH FLOOR AMENITY DECK WITH A GREEN ROOF.* FOUNDATION AND PARTIAL SUPERSTRUCTURE UNDER 100814234
100866514 | COMPLETE | 2020-05-28T00:00:00.000 | 228 W HILL ST | *DIRECT DEVELOPER SERVICES* REVISION TO PERMIT #100819099 TO UPDATE UNIT 3910, 4001-4003 AND PRIVATE ROOF DECK W/ POOL AS PER PLANS. EXISTING 41 STORY BUILDING WITH A 6 STORY PODIUM. 456 DWELLING UNITS.",2021,602197,,FALSE,,,,Keep
18,commercial_17062350680000,1640 W DIVISION CHICAGO,FALSE,146,21959,146,21959,Retain,Original 140-unit permit plus the documented six-unit revision yields the completed 146. Reuse the existing correction. Both commercial snapshots independently report 21959 square feet for the same parcel group.,100695536;100722337,,"The old correction reason mentions polygons, but the current numeric lot area is also reported by both Assessor sources.",60729;80981,"17062350680000 cardNA classNA built2017: 150 homes / 143054 floor / 21959 land, assessment 2024; 17062350680000 cardNA classNA built2020: 142 homes / 143054 floor / 21959 land, assessment 2021",2026-09-15,TRUE,"100695536 | COMPLETE | 2017-04-26T00:00:00.000 | 1640 W DIVISION ST | ***DIRECT DEVELOPER SERVICES*** FULL BUILDING PERMIT FOR A PROPOSED 15 STORY RESIDENTIAL BUILDING WITH 140 DWELLING UNITS, 50 PARKING SPACES AND RETAIL ON THE GROUND FLOOR; AS PER PLANS.  REFERENCE FOUNDATION PERMIT #100669848.  [SEE REVISION #100722337 TO ADD (6) DWELLING UNITS (TOTAL 146)]
100722337 | COMPLETE | 2017-12-07T00:00:00.000 | 1640 W DIVISION ST | ***DIRECT DEVELOPER SERVICES*** REVISION TO FULL BUILDING PERMIT 100695536; LEVEL 1 LAYOUT REVISION TO RELOCATE THE RESIDENTIAL LOBBY TO THE WEST FACE OF THE BUILDING.  SIX ADDITIONAL RESIDENTIAL UNITS ADDED TO LEVEL 2. LEVEL 2 ADDITIONAL BUSINESS CENTER AMENITY SPACE AND A SMALLER COMMERCIAL SPACE. AS PER PLANS.",2018,143054,,FALSE,,,,Keep
19,commercial_17062351420000,1664 W DIVISION CHICAGO,FALSE,65,19987,60,19987,Correct count and year,"Original foundation and full-building permits specify 60 apartments. A 2018 permit converts a fitness center into the 61st apartment, proving a later change. Use 60 for the original building, not the later 65.",100618763;100633291;100654380;100755351,https://rejournals.com/wicker-park-connection-adds-retail-users-hits-the-market/,"Recommend original count 60 and completion proxy 2016, with the recorded 19987-square-foot parcel and 56667-square-foot building.",60731;80983,"17062351420000 cardNA classNA built2019: 65 homes / 56667 floor / 19987 land, assessment 2024; 17062351420000 cardNA classNA built2020: 60 homes / 56667 floor / 19987 land, assessment 2021",2026-09-15,TRUE,"100618763 | COMPLETE | 2015-10-14T00:00:00.000 | 1664 W DIVISION ST | FOUNDATION,SUPERSTRUCTURE AND STAIRS FOR PROPOSED 6-STORY RESIDENTIAL BUILDING WITH 60 DWELLING UNITS
100633291 | COMPLETE | 2016-01-29T00:00:00.000 | 1664 W DIVISION ST | FULL BUILDING FOR NEW 6-STORY WITH RETAIL ON THE GROUND FLOOR AND 60 DWELLING UNITS ON THE FLOORS ABOVE, MIXED USE BUILDING
100654380 | COMPLETE | 2016-06-22T00:00:00.000 | 1664 W DIVISION ST | ***DIRECT DEVELOPER SERVICES*** REVISION TO PERMIT NUMBER 100633291; REVISIONS INCLUDE: UNIT HVAC HAS BEEN REVISED TO BE GAS-FIRED FORCED AIR FURNACES; UNIT LAYOUTS HAVE BEEN REVISED TO REFLECT HVAC REVISION; EXTERIOR ELEVATIONS HAVE BEEN REVISED TO REFLECT HVAC REVISION; 2ND FLOOR ROOF TERRACES / GREEN ROOF REVISED THRU V.E. PROCESS; AMENITY AND FITNESS ROOMS RELOCATED TO 6TH FLOOR; BLACK IRON DUCT ADDED; ALL AS PER PLANS
100755351 | COMPLETE | 2018-08-17T00:00:00.000 | 1664 W DIVISION ST | SELF-CERT: CONVERSION OF EXISTING FITNESS CENTER TO RESIDENTIAL UNIT IN EXISTING 6-STORY, 60-RESIDENTIAL UNIT INCREASED TO 61 D.U. MIXED-USE BUILDING OF TYPE 1-C CONSTRUCTION. ALL WORK TO BE PERFORMED AS PER PLANS.",2019,56667,Construction year,TRUE,2016,56667,"A November 2018 completed-property account explicitly distinguishes 60-unit Centrum Wicker Park at 1664 W Division, opened in 2016, from the newer 146-unit building at 1640. This supports the original 60 and 2016; the 2018 fitness-center conversion adds an apartment later.",Keep
20,commercial_17064360090000,1834 W CHICAGO CHICAGO,FALSE,59,37362,59,37362,Correct year,"Original new-building permit specifies 59 apartments, supporting the newer count and the same five-parcel Assessor site.",100593850,https://www.multihousingnews.com/cushman-wakefield-represents-fifield-cos-in-chicago-deal/;https://kassmanagement.com/news/luxury-living-neighborhood-feeling-boutique-west-town-building,Recommend 2016; retain 59 and the recorded five-parcel site and building area.,60795;81044,"17064360090000 cardNA classNA built2014: 59 homes / 84306 floor / 37362 land, assessment 2024; 17064360090000 cardNA classNA built2017: 56 homes / 84306 floor / 37362 land, assessment 2021",2026-09-15,TRUE,100593850 | COMPLETE | 2015-05-06T00:00:00.000 | 1838 W CHICAGO AVE | NEW 4 STORY MIXED USE BUILDING; 59 DWELLING UNITS WITH 1ST FLOOR RETAIL- 1838 WEST CHICAGO AVE,2014,84306,Construction year,TRUE,2016,84306,The 2019 sale account describes Luxe on Chicago at 1838 W Chicago as a 59-apartment building completed in 2016. A November 2016 management-company news item already describes the new building. This fits the May 2015 building permit and rules out selected year 2014. Adoption location check: Location checked against completed original 59-apartment permit 100593850 at 1838 W Chicago on exact base PIN 1706436009. The later daycare buildout is not used as the building location.,Keep
21,commercial_17074170400000,1805 W LAKE CHICAGO,FALSE,14,22290,,,Hold identity,The Assessor switches from eight to fourteen while floor and land stay fixed. Existing notes infer an eight-unit and a six-unit building. The located six-unit permit is at 156 N Wood; no matching eight-unit construction permit establishes that both belong to this parcel and its 9450-square-foot floor measure.,100143189;100853644,https://projects.propublica.org/hud/properties/IL002132000,"Recommend withholding density; the physical coverage of the count, floor and lot is unresolved. Do not sum apartments on the strength of nearby addresses.",60834;83676,"17074170400000 cardNA classNA built2010: 14 homes / 9450 floor / 22290 land, assessment 2024; 17074170400000 cardNA classNA built2012: 8 homes / 9450 floor / 22290 land, assessment 2021",2026-09-15,TRUE,"100143189 | COMPLETE | 2006-10-19T00:00:00.000 | 156 N WOOD ST | CONSTRUCT NEW 6 UNIT BUILDING PER PLANS. WESTHAVEN PARK IIB BUILDING 15, BUILDING TYPE A.
100853644 | COMPLETE | 2020-01-29T00:00:00.000 | 1813 W LAKE ST | INTERIOR FIRE DAMAGE REPAIRS TO 2 DWELLING UNITS AS PER PLANS CONDITIONAL PERMIT SUBJECT TO FIELD INSPECTIONS.",2008,9450,,TRUE,,9450,"The additional exact-address searches do not establish the suggested eight-plus-six building combination. The preserved six-unit permit names 156 N Wood, while later work names 1813 W Lake. The assessment of the combined PIN repeats only 9450 square feet of building while changing eight to fourteen apartments. No located source assigns both building measurements and the 22290-square-foot site to a coherent new-construction observation.",Withhold density
22,commercial_17074220480000,1804 W WASHINGTON CHICAGO,FALSE,6,14645,6,14645,Retain,"Exact-address original permit specifies a new six-unit Westhaven building, matching the newer Assessor count. Keep the site's reported parcel and land.",100143313,,The original permit is from 2006; selected completion proxy remains 2010 and has not been newly established.,60843;83683,"17074220480000 cardNA classNA built2010: 6 homes / 11280 floor / 14645 land, assessment 2024; 17074220480000 cardNA classNA built2012: 7 homes / 11280 floor / 14645 land, assessment 2021",2026-09-15,TRUE,"100143313 | COMPLETE | 2006-10-19T00:00:00.000 | 1804 W WASHINGTON BLVD | CONSTRUCT NEW 6 UNIT BUILDING PER PLANS.  WESTHAVEN PARK IIB BUILDING 2, BUILDING TYPE E.",2010,11280,,FALSE,,,,Keep
23,commercial_17082440010000,505 N MILWAUKEE CHICAGO,FALSE,48,17987,48,17987,Retain,"Original new-building permit specifies 48 apartments plus commercial space, supporting the current count and its recorded nine-parcel site.",100613760,,,60905;83179,"17082440010000 cardNA classNA built2015: 48 homes / 55076 floor / 17987 land, assessment 2024; 17082440010000 cardNA classNA built2017: 47 homes / 55076 floor / 17987 land, assessment 2021",2026-09-15,TRUE,100613760 | COMPLETE | 2015-09-11T00:00:00.000 | 505 N GREEN ST | NEW CONSTRUCTION OF MULTI-FAMILY LOW RISE RESIDENTIAL BUILDING WITH 48 DWELLINGS UNITS WITH FIRST FLOOR COMMERCIAL SPACE,2015,55076,,FALSE,,,,Keep
24,commercial_17084400130000,922 W WASHINGTON CHICAGO,FALSE,149,29519,104,,Hold land,"Original permit and developer distinguish 104 newly built apartments from 45 existing converted lofts. The selected 149 includes both. The reported three-parcel lot covers the combined site, so 104 cannot automatically be paired with the whole lot.",100509838;100558049;100101888,https://workwithfocus.com/portfolio/circa-922/,Recommend withholding density because no source-reported new-building lot was found. No land allocation or map calculation is proposed.,60945;83208,"17084400130000 cardNA classNA built2014: 149 homes / 157250 floor / 29519 land, assessment 2024; 17084400130000 cardNA classNA built2017: 104 homes / 157250 floor / 29519 land, assessment 2021",2026-09-15,TRUE,"100509838 | COMPLETE | 2013-09-20T00:00:00.000 | 922 W WASHINGTON BLVD | NEW CONSTRUCTION OF AN 11 STORY STORY ADDITION WITH 104 DU'S RESIDENTIAL APARTMENT WITH PARKING LEVELS (1-3) TO AN EXISTING 7-STORY 45 DU BLDG FOR A TOTAL OF 149 DWELLING UNITS WITH 130 PARKING SPACES ON SITE AND ASSOCIATED SITEWORK.LEED CERTIFIED - 922 WEST WASHINGTON STREET. CERTIFIED CORRECTIONS - CONDITIONAL APPROVAL. SUBJECT TO FIELD INSPECTION.
100558049 | COMPLETE | 2014-08-29T00:00:00.000 | 922 W WASHINGTON BLVD | REVISION TO PERMIT# 100509838 TO ENCLOSE THE PARKING GARAGE, EXTERIOR FACADE CHANGES, MINOR LANDSCAPING MODIFICATION AS WELL AS FLOOR PLAN CHANGE ON THE 11TH FLOOR (NO CHANGE TO TOTAL NUMBER OF DWELLING UNITS) AS PER PLANS.
100101888 | COMPLETE | 2006-03-15T00:00:00.000 | 123 N SANGAMON ST | 7-STORY EXISTING CONCRETE OFFICE BUILDING FOR INTERIOR/EXTERIOR RENOVATION, 45 CONDOMINIUM UNITS AND PARKING -- CONDITIONAL PERMIT",2014,157250,Construction year,TRUE,2015,157250,The developer identifies 104 new apartments and 45 existing lofts and dates completion to 2015. Earlier marketing anticipated or began leasing in 2014; use the developer completion year for the proposed new-building record. The reported lot still covers both old and new buildings. A completed-building date does not solve that denominator.,Withhold density
25,commercial_17084440270000,1100 W MADISON CHICAGO,TRUE,81,4599,9,4599,Correct count and year,"Building-specific reporting supports nine apartments at 1100 W Madison, matching the earlier assessment. The later 81 is the community total. Keep the individual building's recorded two-parcel 4599-square-foot lot.",,https://yochicago.com/madison-aberdeen-place-apartments-3-n-aberdeen-west-loop/;https://www.taylorjohnson.com/tj-news/waterton-acquires-81-unit-apartment-community-in-chicagos-west-loop/,Retain 16094 square feet of building and the individual 4599-square-foot lot. The count 81 describes all four community buildings.,60951;83214,"17084440270000 cardNA classNA built2012: 81 homes / 16094 floor / 4599 land, assessment 2024; 17084440270000 cardNA classNA built2014: 9 homes / 16094 floor / 4599 land, assessment 2021",2026-09-15,TRUE,,2012,16094,Construction year,TRUE,2013,16094,The December 2013 building account identifies the nine-apartment building at 4 N Aberdeen and the eighteen-apartment building at 3 N Aberdeen as completed in 2013. Exact-parcel permits link 4 N Aberdeen to 1100 W Madison. Electrical/masonry/elevator work continued into 2013 after the 2012 building permit. Recommend nine apartments and year 2013.,Keep
26,commercial_17084450160000,1048 W MADISON CHICAGO,TRUE,81,10000,18,10000,Correct count and year,"Building-specific reporting supports eighteen apartments at 1048 W Madison. Both Assessor counts, twenty-four and eighty-one, are inconsistent with this building. Retain its reported individual 10000-square-foot lot.",,https://yochicago.com/madison-aberdeen-place-apartments-3-n-aberdeen-west-loop/;https://www.taylorjohnson.com/tj-news/waterton-acquires-81-unit-apartment-community-in-chicagos-west-loop/,Retain 35051 square feet of building and the individual 10000-square-foot lot.,60952;83215,"17084450160000 cardNA classNA built2012: 81 homes / 35051 floor / 10000 land, assessment 2024; 17084450160000 cardNA classNA built2014: 24 homes / 35051 floor / 10000 land, assessment 2021",2026-09-15,TRUE,,2012,35051,Construction year,TRUE,2013,35051,"The December 2013 account explicitly assigns eighteen apartments to 3 N Aberdeen, the corner building identified by exact-parcel permits as 1048 W Madison, and dates completion to 2013. Its elevator, masonry and electrical permits continued into 2013. Recommend eighteen and 2013; neither 24 nor the later community-wide 81 is the supported building count.",Keep
27,commercial_17091230110000,452 W ERIE CHICAGO,FALSE,221,30422,221,30422,Retain,"Original new-building permit explicitly specifies 221 dwellings at 469 W Huron, supporting the newer Assessor count and reported site.",100272755,,Other permits linked by nearby addresses are not evidence about this building.,43205;68862,"17091230110000 cardNA classNA built2009: 221 homes / 348949 floor / 30422 land, assessment 2024; 17091230110000 cardNA classNA built2011: 207 homes / 348949 floor / 30422 land, assessment 2021",2026-09-15,TRUE,"100272755 | COMPLETE | 2008-12-31T00:00:00.000 | 469 W HURON ST | ERECT 21 STORY, 221 DWELLING UNIT RESIDENTIAL TOWER WITH 4 FLOORS OF ENCLOSED PARKING GARAGE AND BASEMENT AS PER PLANS (CERTIFICATE OF OCCUPANCY REQUIRED)",2009,348949,,FALSE,,,,Keep
28,commercial_17094000350000,341 W KINZIE CHICAGO,FALSE,698,178133,698,,Hold land,"Original full-building permit and architect support 698 apartments. The Assessor's 178133-square-foot land total repeats on Wolf Point West and includes the larger development. The developer describes a shared four-acre setting, not a separate East lot.",100697993;100732257,https://rlepartners.com/projects/wolf-point-east/;https://www.pappageorgehaymes.com/projects/wolf-point-east/;https://www.hines.com/properties/wolf-point-east-chicago,"Recommend withholding density. Record 698 and the 2020 completion evidence, but do not subtract West or allocate the shared site.",43242;68948,"17094000350000 cardNA classNA built2019: 698 homes / 781284 floor / 178133 land, assessment 2024; 17094000350000 cardNA classNA built2020: 686 homes / 781284 floor / 178133 land, assessment 2021",2026-09-15,TRUE,"100697993 | COMPLETE | 2017-06-21T00:00:00.000 | 313 W WOLF POINT PLZ | DIRECT DEVELOPER SERVICES: FOUNDATION AND STRUCTURE UP TO GRADE FOR PROPOSED 60-STORY RESIDENTIAL BUILDING WITH 6 BASEMENT PAKING LEVELS AND 698 DWELLING UNITS.
100732257 | COMPLETE | 2018-02-20T00:00:00.000 | 313 W WOLF POINT PLZ | DIRECT DEVELOPER SERVICES: NEW CONSTRUCTION OF 60-STORY RESIDENTIAL BUILDING WITH 698 UNITS. TO INCLUDE 6 LEVELS OF BELOW GRADE PARKING AND AMENITIES ON FLOORS 2,3, & 40. FOUNDATION AND SUPERSTRUCTURE LL6 UP TO 1ST FLOOR PERMITTED UNDER 100697993",2019,781284,,TRUE,2020,781284,"The construction project manager reports completion in 2020 and 698 apartments. Its land description is the entire 3.85-acre Wolf Point development, not the East tower lot; the architect and owner likewise describe the larger site. These additional sources do not supply the missing denominator.",Withhold density
29,commercial_17094000370000,343 W WOLF POINT  PLAZA CHICAGO,FALSE,504,178133,509,40653,"Correct count, land and year",Developer reports 509 apartments and a 40653-square-foot site for Wolf Point West. This supports the older count and replaces the repeated 178133-square-foot development total with a reported building-specific denominator.,,https://www.magellandevelopment.com/projects/wolf-point-west/,"Recommend 509 apartments, 40653 square feet of reported land and 2016; retain 571560 square feet of Assessor building area.",43243;68873,"17094000370000 cardNA classNA built2014: 504 homes / 571560 floor / 178133 land, assessment 2024; 17094000370000 cardNA classNA built2017: 509 homes / 571560 floor / 178133 land, assessment 2021",2026-09-15,TRUE,,2014,571560,Construction year,TRUE,2016,571560,"The developer directly reports initial occupancy in 2016, 509 rental homes and a 40653-square-foot site. Construction began in 2014, explaining why that year cannot represent occupancy. These building-specific figures support the proposed correction. Keep the Assessor gross floor measure: the developer building total uses an unspecified coverage definition and differs by about 3 percent. Adoption location check: Use the preserved 2025 exact-PIN parcel point for 17094000370000, whose County address is 343 W Wolf Point Plaza and whose recorded owner is BIT WOLF POINT WEST. This is the recorded parcel-location proxy for the independently identified West building, not a measured building footprint. The 2014 construction-permit point lies farther east on the shared development and is not used. The reported 40653-square-foot developer lot remains the density denominator.",Keep
30,commercial_17102100210000,345 E OHIO CHICAGO,FALSE,481,47588,481,47588,Retain,"The 2013 building account and current broker description both report 481 apartments, supporting the newer count. Retain its individual Assessor parcel and 47588-square-foot lot.",,https://yochicago.com/the-streeter-apartments-345-e-ohio-st-streeterville/;https://www.luxurychicagoapartments.com/properties/345-e-ohio-st/,The neighboring 355 E Ohio tower is separate despite linked permit addresses.,43254;68880,"17102100210000 cardNA classNA built2007: 481 homes / 695703 floor / 47588 land, assessment 2024; 17102100210000 cardNA classNA built2009: 467 homes / 695703 floor / 47588 land, assessment 2021",2026-09-15,TRUE,,2007,695703,,FALSE,,,,Keep
31,commercial_17102100220000,355 E ERIE CHICAGO,FALSE,484,38860,480,38860,Correct count,"Original permit for 355 E Ohio specifies 480 apartments, agreeing with the earlier assessment. A 2017 permit adds three apartments on the 54th floor. Use the original 480, not later 484, with its recorded individual lot.",100219337;100674643,,"Assessor street label says 355 E Erie, while the residential construction permit is 355 E Ohio. Preserve the exact parcel evidence and document the address discrepancy.",43255;68881,"17102100220000 cardNA classNA built2009: 484 homes / 765599 floor / 38860 land, assessment 2024; 17102100220000 cardNA classNA built2011: 480 homes / 765599 floor / 38860 land, assessment 2021",2026-09-15,TRUE,"100219337 | COMPLETE | 2008-01-11T00:00:00.000 | 355 E OHIO ST | CONSTRUCT A NEW 54 STORY RESIDENTIAL BUILDING- 480 UNITS WITH 11 STORY PARKING GARAGE AND 12TH LEVEL AMENITY FLOOR.
100674643 | COMPLETE | 2017-01-30T00:00:00.000 | 355 E OHIO ST | CONVERTING THE EXISTING 54TH FLOOR TO THREE NEW DWELLING UNITS AS PER PLANS **CERTIFIED PLANS CORRECTIONS: CONDITIONAL PERMIT SUBJECT TO FIELD INSPECTIONS **",2009,765599,,FALSE,,,,Keep
32,commercial_17161000490000,1 S HALSTED CHICAGO,TRUE,492,42324,492,42324,Retain,Original new-building permit supports 492 apartments. Reuse the current documented correction from 488 and the reported lot for 727 W Madison.,100685260,,Existing correction already applied.,60972;83232,"17161000490000 cardNA classNA built2020: 492 homes / 679914 floor / 42324 land, assessment 2024; 17161000490000 cardNA classNA built2020: 488 homes / 679914 floor / 42324 land, assessment 2021",2026-09-15,TRUE,"100685260 | COMPLETE | 2017-07-19T00:00:00.000 | 727 W MADISON ST | DIRECT DEV SERVICES - FULL BUILDING PERMIT FOR PROPOSED 45-LEVEL, 492 UNIT RESIDENTIAL TOWER WITH 376 PROPOSED PARKING SPACES. FOUNDATIONS AND STRUCTURAL ONLY TO UNDERSIDE OF 8TH FLOOR PERMITTED UNDER 100655010.",2018,679914,,FALSE,,,,Keep
33,commercial_17164040230000,730 S CLARK CHICAGO,FALSE,299,34382,298,34382,Correct count and year,"Original permit, owner's completed-building account and contemporaneous marketing support 298 apartments. Keep the same recorded four-parcel land and replace 299.",100151473;100178460;100244498,https://www.intercontinental.net/property/burnham-pointe/;https://chicagoagentmagazine.com/vol-4-iss-1-new-construction-the-residences-at-burnham-pointe-printers-row/,"Recommend 298 and 2008, retaining the reported four-parcel site and Assessor building area.",45792;74436,"17164040230000 cardNA classNA built2007: 299 homes / 496464 floor / 34382 land, assessment 2024; 17164040230000 cardNA classNA built2008: 298 homes / 496464 floor / 34382 land, assessment 2021",2026-09-15,TRUE,"100151473 | COMPLETE | 2006-12-04T00:00:00.000 | 730 S CLARK ST | ERECT FOUNDATION ONLY FOR A 29-STORY, 298-DWELLING UNIT, RESIDENTIAL BUILDING WITH FIRST FLOOR COMMERCIAL SPACE
100178460 | COMPLETE | 2007-05-15T00:00:00.000 | 730 S CLARK ST | NEW 29 STORY RESIDENTIAL HIGH RISE WITH 298 DWELLING UNITS
100244498 | COMPLETE | 2008-06-27T00:00:00.000 | 730 S CLARK ST | REVISION TO PERMIT 100178460 TO CHANGE THE UNDERGROUND PLUMBING SERVICE AT THE GROUND FLOOR, ELEMINATE CLADE XTERIOR W2ALLS AND WALL SHETHING, DECREASING THE NUMBER OF UNITS INTERIOR AND MEP CHANGES",2007,496464,Construction year,TRUE,2008,496464,The owner describes the completed Burnham Pointe building as 298 apartments completed in 2008. That agrees with the older assessment year and count and resolves the current 2007/299 combination.,Keep
34,commercial_17172240290000,1000 W VAN BUREN CHICAGO,FALSE,26,12000,26,12000,Correct year,"Original new-building permit specifies 26 apartments, supporting the newer count and individual reported lot.",100497041,https://yochicago.com/the-list-thats-depressing-downtown-chicago-apartment-rents/;https://www.redfin.com/IL/Chicago/1000-W-Van-Buren-St-60607/home/113058200,Recommend 2014 with the stated timing qualification; retain 26 apartments and recorded floor/lot measurements.,60999;83258,"17172240290000 cardNA classNA built2012: 26 homes / 42042 floor / 12000 land, assessment 2024; 17172240290000 cardNA classNA built2014: 27 homes / 42042 floor / 12000 land, assessment 2021",2026-09-15,TRUE,100497041 | COMPLETE | 2013-09-27T00:00:00.000 | 1002 W VAN BUREN ST | NEW 4- STORY 26 UNIT TYPE III-B BUILDING WITH 26 PARKING SPACES AT GROUND FLOOR - PER PLANS BUILDING IS FULLY SPRINKLED,2012,42042,Construction year,TRUE,2014,42042,"Prefer the earlier Assessor 2014 year to the selected 2012, which precedes the September 2013 new-building permit. Contemporary marketing places the building in its 2014 opening list, although the same article also lists it among 2013 deliveries. The large assessment increase in 2015 is consistent with completion in 2014. This is a supported Assessor proxy, not a located occupancy certificate.",Keep
35,commercial_17172290130000,1123 W VAN BUREN CHICAGO,TRUE,198,9520,198,9520,Retain,Final construction revision expressly corrects the count to 198. Reuse the existing documented decision and recorded land.,100836738;100916243,,Existing correction already applied.,61005;83265,"17172290130000 cardNA classNA built2021: 198 homes / 175808 floor / 9520 land, assessment 2024; 17172290130000 cardNA classNA built2020: 172 homes / 175808 floor / 9520 land, assessment 2021",2026-09-15,TRUE,"100836738 | COMPLETE | 2020-02-11T00:00:00.000 | 1125 W VAN BUREN ST | *DIRECT DEV SERVICES* NEW CONSTRUCTION OF A 20-STORY HIGH RISE APARTMENT BUILDING ON DEEP FOUNDATIONS.
100916243 |  | 2021-04-12T00:00:00.000 | 1125 W VAN BUREN ST | REVISION TO 100836738 TO REFLECT CORRECT NUMBER OF DWELLING UNITS (198) AND OFF-STREET PARKING SPACES (7) *2018 CHICAGO BUILDING CODE*",2021,175808,,FALSE,,,,Keep
36,commercial_17181130470000,2300 W JACKSON CHICAGO,FALSE,9,7920,9,7920,Hold year,"Original new-building permit specifies nine apartments, supporting the newer count and individual reported lot.",100105381;100433921,https://www.loopnet.com/Listing/2310-W-Jackson-Blvd-Chicago-IL/28231909/,Recommend withholding density rather than treating either permit issuance or reinstatement as completion. No supported replacement year is proposed.,61064;83329,"17181130470000 cardNA classNA built2006: 9 homes / 15300 floor / 7920 land, assessment 2024; 17181130470000 cardNA classNA built2009: 10 homes / 15300 floor / 7920 land, assessment 2021",2026-09-15,TRUE,"100105381 | COMPLETE | 2006-08-30T00:00:00.000 | 2310 W JACKSON BLVD | ERECT 9 D.U. MASONRY BUILDING WITH DETACHED 6 CAR MASONRY GARAGE AND 6' HIGH 31'-3"" LONG WOOD FENCE
100433921 |  | 2012-04-02T00:00:00.000 | 2310 W JACKSON BLVD | 1ST. REINSTATEMENT OF  PERMIT # 100105381 FOR 50% OF THE ORIGINAL COST + $50. CHAGNE GC TO ALON'S CONSTRUCTION, MASON TO ALPINE CONSTRUCTION, HVAC & REFRIGERATION TO JERZY KOLODZIEJ & PLUMBER TO BDP CONSTRUCTION INC.",2006,15300,Construction year,TRUE,,15300,"The original nine-apartment permit was issued in 2006 and reinstated in April 2012 with new construction contractors. The older Assessor gives 2009. A broker listing for the exact PIN, using 2310 W Jackson, reports nine apartments and 2011, but does not explain the subsequent reinstatement. These sources support nine but cannot settle original completion.",Withhold density
37,commercial_17213280040000,2109 S HALSTED CHICAGO,TRUE,18,8561,18,8561,Retain,"Original new-building permit specifies eighteen apartments and two commercial units. Keep eighteen, not twelve, and its individual recorded lot.",100638085,,The subsequent commercial-to-amenity change does not add apartments.,61233;83506,"17213280040000 cardNA classNA built2017: 18 homes / 44510 floor / 8561 land, assessment 2024; 17213280040000 cardNA classNA built2020: 12 homes / 44510 floor / 8561 land, assessment 2021",2026-09-15,TRUE,100638085 | COMPLETE | 2017-04-13T00:00:00.000 | 2111 S HALSTED ST | NEW CONSTRUCTION OF A FOUR STORY MIXED USE TYPE III-B BUILDING WITH TWO COMMERCIAL SPACES AND INTERIOR PARKING GARAGE AT GROUND FLOOR WITH 18 D.U.'S ABOVE(CONDITIONAL PERMIT SUBJECT TO FIELD INSPECTIONS),2017,44510,,FALSE,,,,Keep
38,commercial_17221070890000,1464 S MICHIGAN CHICAGO,TRUE,7,212611,,,Exclude partial building,"Seven class-397 parcels at 1464 S Michigan are commercial-assessed holdings within a much larger condominium tower, not a separately established seven-home building. The 212611-square-foot land figure and 5394-square-foot floor area cannot be accepted as a coherent building site.",100083194,https://www.compass.com/listing/1464-south-michigan-avenue-unit-702-chicago-il-60605/1495035623392634833/,Recommend excluding this partial ownership record. This does not claim that condominium construction generally is excluded.,45815;74457,"17221070890000 cardNA classNA built2008: 7 homes / 5394 floor / 212611 land, assessment 2024; 17221070890000 cardNA classNA built2011: 6 homes / 5394 floor / 212611 land, assessment 2021",2026-09-15,TRUE,"100083194 | COMPLETE | 2006-09-28T00:00:00.000 | 1464 S MICHIGAN AVE | NEW 25-STORY HIGH-RISE, CONDOMINIUMS WITH LANDMARK COMPONENT, 208-DWELLING UNITS, FIRST & SECOND FLOOR COMMERCIAL SPACE.",2008,5394,,TRUE,,5394,"The exact-address permit describes a 208-dwelling condominium tower, while this commercial record groups only seven class-397 holdings. Its 5394-square-foot floor and 212611-square-foot land do not measure that tower. Do not retain seven as a stand-alone construction project or create a 208-home replacement without coherent source measurements.",Exclude: partial building
39,commercial_17221071000000,51 E 14TH ST (commercial source address missing),FALSE,199,34215,199,34215,Retain,"Original full-building permit at 51 E 14th explicitly totals 199 residences, supporting the newer Assessor count over 261. Retain the two recorded parcels and reported land.",100752521,,Recorded commercial address is missing; permit supplies the building address.,45816;74458,"17221071000000 cardNA classNA built2018: 199 homes / 264800 floor / 34215 land, assessment 2024; 17221071000000 cardNA classNA built2020: 261 homes / 264800 floor / 34215 land, assessment 2021",2026-09-15,TRUE,100752521 | COMPLETE | 2018-08-21T00:00:00.000 | 51 E 14TH ST | *DIRECT DEVELOPER SERVICES* FULL BUILDING PERMIT.  NEW CONSTRUCTION FOR A 15 STORY BUILDING. NO 13TH FLOOR. 68 EFFICIENCY UNITS. 131 DWELLING UNITS. 88 PARKING SPACES. GROUND FLOOR RETAIL AS PER PLANS.  FOUNDATION PERMIT #100744797,2018,264800,,FALSE,,,,Keep
40,commercial_19192130370000,6614 W 65TH CHICAGO,FALSE,29,47539,29,47539,Correct year,Original apartment-building permit explicitly specifies 29 units. The earlier 2006 six-townhouse proposal is a different expired project. Keep 29 and the same reported lot.,100569838;100097556,https://kaufmanrealty.com/listings/237269654/6614%2BW%2B65th%2BStreet%2C%2BIL%2B60638/;https://www.atproperties.com/9580404/6614-w-65th-street-3g-chicago-illinois-60638-nei,"Recommend 29 apartments in 2017, retaining 36297 square feet of building and the single recorded 47539-square-foot parcel.",31824;52479,"19192130370000 cardNA classNA built2014: 29 homes / 36297 floor / 47539 land, assessment 2024; 19192130370000 cardNA classNA built2017: 30 homes / 36297 floor / 47539 land, assessment 2021",2026-09-15,TRUE,"100569838 | COMPLETE | 2016-01-19T00:00:00.000 | 6614 W 65TH ST | NEW 29 UNIT BUILDING APARTMENT BUILDING WITHOUT ELEVATOR.
100097556 | EXPIRED | 2006-02-23T00:00:00.000 | 6614 W 65TH ST | ERECT NEW 2 STORY WITH BASEMENT AND GARAGE 6 UNIT TOWNHOUSE BUILDING. THIS PERMIT IS CONDITIONAL ON LANDSCAPING WHICH NEEDS TO BE COMPLETED.",2014,36297,Construction year,TRUE,2017,36297,"The property broker distinguishes 6614 as a 29-apartment building built in 2017 from neighboring 6636, a sixteen-apartment building built in 2010. A March 2017 rental listing for 6614 also reports new construction in 2017. This agrees with the older Assessor year and follows the January 2016 full-building permit.",Keep
41,commercial_20044050390000,4307 S DEARBORN CHICAGO,FALSE,138,223573,138,223573,Retain,"Builder identifies Savoy Square as nineteen new buildings with 138 apartments. HUD's address list matches the recorded Dearborn/State/44th Street site. Retain the Assessor's aggregate seven-parcel land with the aggregate phase count, not an individual building's count.",100302415;100302571,https://powersandsons.com/portfolio/mixed-use-residential/legends-south/;https://projects.propublica.org/hud/properties/IL002146000,Reported land covers the assessed phase; this does not establish nineteen individual lot areas. Year 2009 remains the existing proxy.,31521;53718,"20044050390000 cardNA classNA built2009: 138 homes / 186885 floor / 223573 land, assessment 2024; 20044050390000 cardNA classNA built2010: 139 homes / 186885 floor / 223573 land, assessment 2021",2026-09-15,TRUE,"100302415 | COMPLETE | 2009-07-24T00:00:00.000 | 4340 S STATE ST | LEGENDS SOUTH BUILDING TYPE B - ERECT 3 STORY 12 DU, TYPE 3B RESIDENTIAL BUILDING W/ 12 PARKING SPACES.  GREEN PERMIT PROGRAM.  C OF O REQUIRED.
100302571 | COMPLETE | 2009-07-24T00:00:00.000 | 4404 S STATE ST | LEGENDS SOUTH- BUILDING TYPE C- ERECT  A 3 STORY 9 DU TYPE IIIB RESIDENTIAL BUILDING WITH 9 SURFACE PARKING SPACES. GREEN PERMIT PROGRAM BENEFIT TIER I- CERTIFICATE OF OCCUPANCY REQUIRED.",2009,186885,,FALSE,,,,Keep
42,residential_13122160080000,5439 N LINCOLN AVE,FALSE,3,2377,2,2377,Correct count,Original new-building permit specifies two dwellings and commercial space. The Assessor's 2009-2011 count of two is the supported residential count; three likely counts the shop. Keep the individual parcel's 2377-square-foot lot.,100076099,,,1312216008000012003;1312216008000012004;1312216008000012006;1312216008000012007;1312216008000012008;1312216008000012009;1312216008000012010;1312216008000012011;1312216008000012015;1312216008000012016;1312216008000012017;1312216008000012018;1312216008000012019;1312216008000012020;1312216008000012021;1312216008000012022;1312216008000012023;1312216008000012024;1312216008000012025;1312216008000012026,"13122160080000 card1 class211 built1927: NA homes / NA floor / NA land, assessment 2003,2004; 13122160080000 card1 class211 built1927: 4 homes / 8027 floor / 2377 land, assessment 2006; 13122160080000 card1 class212 built2006: 3 homes / 7200 floor / 2377 land, assessment 2007; 13122160080000 card1 class212 built2006: 3 homes / 5025 floor / 2377 land, assessment 2008,2015,2016,2017,2018,2019,2020,2021,2022,2023,2024,2025,2026; 13122160080000 card1 class212 built2006: 2 homes / 5025 floor / 2377 land, assessment 2009,2010,2011",2026-09-15,TRUE,100076099 | COMPLETE | 2006-02-02T00:00:00.000 | 5439 N LINCOLN AVE | ERECT NEW 3 STORY BRICK COMMERCIAL  AND 2 DU PER PLAN,2006,5025,,FALSE,,,,Keep
43,residential_13144290260000,3332 W IRVING PARK RD,TRUE,3,3125,3,3125,Retain,Original permit specifies three dwellings plus a business. A 2023 permit converts the business to a fourth dwelling after original construction. Keep three and the original individual lot.,100823068;101000510,,Later four is not the original construction count.,1314429026000012000;1314429026000012001;1314429026000012002;1314429026000012003;1314429026000012004;1314429026000012005;1314429026000012006;1314429026000012007;1314429026000012008;1314429026000012009;1314429026000012010;1314429026000012011;1314429026000012012;1314429026000012013;1314429026000012014;1314429026000012015;1314429026000012016;1314429026000012017;1314429026000012018;1314429026000012019;1314429026000012021;1314429026000012022;1314429026000012023;1314429026000012024;1314429026000012025;1314429026000012026,"13144290260000 card1 class218 built1901: NA homes / NA floor / NA land, assessment 2000,2001,2002; 13144290260000 card1 class211 built1904: 3 homes / 1764 floor / NA land, assessment 2003; 13144290260000 card1 class212 built1904: 4 homes / 1764 floor / NA land, assessment 2004,2005; 13144290260000 card1 class212 built1904: 4 homes / 1764 floor / 3125 land, assessment 2006,2007,2008; 13144290260000 card1 class212 built1904: 2 homes / 1764 floor / 3125 land, assessment 2009,2010,2011,2012,2013,2014,2015,2016,2017,2018,2019; 13144290260000 card1 class212 built2021: 3 homes / 6753 floor / 3125 land, assessment 2021,2022,2023,2024; 13144290260000 card1 class211 built2021: 4 homes / 6753 floor / 3125 land, assessment 2025,2026",2026-09-15,TRUE,"100823068 | COMPLETE | 2020-05-27T00:00:00.000 | 3332 W IRVING PARK RD | ERECT A 4 STORY MASONRY BUILDING WITH 3 DWELLING UNITS AND BUSINESS UNIT AT 1ST FLOOR, 4 PARKING SPACES, TRASH ENCLOSURE AND FENCE AS PER PLANS.
101000510 | COMPLETE | 2023-02-16T00:00:00.000 | 3332 W IRVING PARK RD | REVISION TO A PERMIT # 100823068 TO CONVERT BUSINESS UNIT AT FIRST FLOOR TO DWELLING UNIT, (4 UNITS TOTAL); REMOVE ROOF TOP DECKING FROM SCOPE AS PER REVISED PLANS",2021,6753,,FALSE,,,,Keep
44,residential_13222210340000,3600 N KEELER AVE,TRUE,1,5772,2,5772,Correct count,"Original new-building permit specifies two dwellings. The 2020 sale describes a completed home with a separate legal lower-level apartment and two kitchens. Prefer two original dwellings over the later single-family class, retaining the Assessor lot.",100788995;100732345,https://www.oldirvingpark.com/wp-content/uploads/2020/04/OIPA-News-Feb-2020-12720-2.pdf;https://www.redfin.com/IL/Chicago/3600-N-Keeler-Ave-60641/home/147819243,A single owner can occupy both dwellings. Broker floor area includes the lower level; this review does not replace the Assessor floor measure.,1322221034000011999;1322221034000012000;1322221034000012001;1322221034000012002;1322221034000012003;1322221034000012004;1322221034000012005;1322221034000012006;1322221034000012007;1322221034000012008;1322221034000012009;1322221034000012010;1322221034000012011;1322221034000012012;1322221034000012013;1322221034000012014;1322221034000012015;1322221034000012016;1322221034000012017;1322221034000012018;1322221034000012019;1322221034000012020;1322221034000012021;1322221034000012022;1322221034000012023;1322221034000012024;1322221034000012025;1322221034000012026,"13222210340000 card1 class211 built1886: 2 homes / 1632 floor / NA land, assessment 1999,2000,2001,2002,2003,2004,2005; 13222210340000 card1 class211 built1886: 2 homes / 1632 floor / 5772 land, assessment 2006,2007,2008,2009,2010,2011,2012,2013,2014,2015,2016,2017,2018; 13222210340000 card1 class211 built1886: 2 homes / 3250 floor / 5772 land, assessment 2019,2020; 13222210340000 card1 class211 built1887: 2 homes / 3250 floor / 5772 land, assessment 2021,2022,2023; 13222210340000 card1 class278 built1887: 1 homes / 3250 floor / 5772 land, assessment 2024; 13222210340000 card1 class278 built2020: 1 homes / 3250 floor / 5772 land, assessment 2025,2026",2026-09-15,TRUE,"100788995 | COMPLETE | 2018-11-14T00:00:00.000 | 3600 N KEELER AVE | SELF-CERT: NEW 2 STORY FRAME 2 DWELLING UNIT RESIDENTIAL WITH BASEMENT, A DETACHED 2 CAR GARAGE AND 1-PARKING ON SLAB PER PLANS.
100732345 |  | 2018-10-23T00:00:00.000 | 3600 N KEELER AVE | WRECK AND REMOVE A 2 STORY FRAME MULTI UNIT RESIDENCE AND A DETACHED FRAME GARAGE",2020,3250,,FALSE,,,,Keep
45,residential_13254280100000,2425 N ROCKWELL ST,TRUE,1,4725,,,Exclude addition,"Same 1344-square-foot building was assessed as an 1888 two-flat before the selected 2015 year. The 2014 permit is an addition and interior modification, not a wholly new building.",100537131,,No new-building count/land combination should be created from this renovation record.,1325428010000011999;1325428010000012000;1325428010000012001;1325428010000012002;1325428010000012003;1325428010000012004;1325428010000012005;1325428010000012006;1325428010000012007;1325428010000012008;1325428010000012009;1325428010000012010;1325428010000012011;1325428010000012012;1325428010000012013;1325428010000012014;1325428010000012015;1325428010000012016;1325428010000012017;1325428010000012018;1325428010000012019;1325428010000012020;1325428010000012021;1325428010000012022;1325428010000012023;1325428010000012024;1325428010000012025;1325428010000012026,"13254280100000 card1 class211 built1888: 2 homes / 1344 floor / NA land, assessment 1999,2000,2001,2002,2003,2004,2005; 13254280100000 card1 class211 built1888: 2 homes / 1344 floor / 4725 land, assessment 2006,2007,2008,2009,2010,2011,2012,2013,2014,2015; 13254280100000 card1 class278 built2015: 2 homes / 1344 floor / 4725 land, assessment 2016,2017; 13254280100000 card1 class207 built2014: 2 homes / 1344 floor / 4725 land, assessment 2018,2019,2020; 13254280100000 card1 class207 built2015: 2 homes / 1344 floor / 4725 land, assessment 2021,2022,2023,2024,2025,2026",2026-09-15,TRUE,100537131 | COMPLETE | 2014-08-07T00:00:00.000 | 2425 N ROCKWELL ST | CONSTRUCT NEW ADDITION AND  INTERIOR MODIFICATIONS TO AN EXISTING 2 STORY 2 DWELLING FRAME BUILDING WITH BASEMENT PER PLANS.,2015,1344,,FALSE,,,,Exclude: not new construction
46,residential_13302030300000,6625 W BELMONT AVE,FALSE,6,3100,3,3100,Correct count,"Exact-address original permit at 6625 W Belmont specifies three apartments, matching early completed assessments. Keep three rather than the later six and the individual 3100-square-foot parcel.",100249608;100399464,,Neighboring similar buildings are not a reason to assign six to each.,1330203030000012012;1330203030000012013;1330203030000012014;1330203030000012015;1330203030000012016;1330203030000012017;1330203030000012018;1330203030000012019;1330203030000012020;1330203030000012021;1330203030000012022;1330203030000012023;1330203030000012024;1330203030000012025;1330203030000012026,"13302030300000 card1 class211 built2008: 3 homes / 3792 floor / 3100 land, assessment 2012; 13302030300000 card1 class211 built2008: 3 homes / 3592 floor / 3100 land, assessment 2013; 13302030300000 card1 class211 built2008: 6 homes / 3592 floor / 3100 land, assessment 2014,2015,2016,2017,2018,2019,2020,2021; 13302030300000 card1 class211 built2010: 6 homes / 3592 floor / 3100 land, assessment 2022,2023,2024,2025,2026",2026-09-15,TRUE,"100249608 | COMPLETE | 2008-08-18T00:00:00.000 | 6625 W BELMONT AVE | NEW 3 STORY MASONRY 3 UNITS REAR 3 STORY OPEN PORCH 3 PARKING SPACES AND 6 FT TALL FENCE. APPROVED FOR PERMIT SUBJECT TO AUDIT AND FIELD INSPECTION.
100399464 |  | 2011-06-21T00:00:00.000 | 6625 W BELMONT AVE | REINSTATE PERMIT # 100249608. CHANGE OWNER, GC, , HVAC CONT. & PLUMB CONT",2010,3592,,FALSE,,,,Keep
47,residential_13302030310000,6623 W BELMONT AVE,FALSE,6,3100,3,3100,Correct count,"Exact-address original permit at 6623 W Belmont specifies three apartments, matching early completed assessments. Keep three rather than six and the separate 3100-square-foot parcel.",100249523,,The permit at 6619 is another building; it is not the governing permit for 6623.,1330203031000012012;1330203031000012013;1330203031000012014;1330203031000012015;1330203031000012016;1330203031000012017;1330203031000012018;1330203031000012019;1330203031000012020;1330203031000012021;1330203031000012022;1330203031000012023;1330203031000012024;1330203031000012025;1330203031000012026,"13302030310000 card1 class211 built2008: 3 homes / 3792 floor / 3100 land, assessment 2012; 13302030310000 card1 class211 built2008: 3 homes / 3592 floor / 3100 land, assessment 2013; 13302030310000 card1 class211 built2008: 6 homes / 3592 floor / 3100 land, assessment 2014,2015,2016,2017,2018,2019; 13302030310000 card1 class211 built2011: 6 homes / 3592 floor / 3100 land, assessment 2020; 13302030310000 card1 class211 built2009: 6 homes / 3592 floor / 3100 land, assessment 2021,2022,2023,2024,2025,2026",2026-09-15,TRUE,100249523 | COMPLETE | 2008-08-05T00:00:00.000 | 6623 W BELMONT AVE | 3 STORY MASONRY 3 UNIT  REAR 3 STORY OPEN PORCH 3 PARKING SPACES AND  6FT TALL FENCE.  APPROVED FOR PERMIT SUBJECT TO AUDIT AND FIELD INSPECTION.,2009,3592,,FALSE,,,,Keep
48,residential_13362130310000,2237 N CAMPBELL AVE,TRUE,1,2876,2,2876,Correct count,Original permit is a new multi-unit residence; the 2022-2023 seller listing expressly describes a two-flat and lists both apartments. This agrees with earlier assessments and contradicts the later single-family class.,100253454,https://www.redfin.com/IL/Chicago/2237-N-Campbell-Ave-60647/home/13416321,Keep Assessor lot 2876; listing headline's 2750 is less well supported than the recorded exact-parcel figure.,1336213031000012009;1336213031000012010;1336213031000012011;1336213031000012012;1336213031000012013;1336213031000012014;1336213031000012015;1336213031000012016;1336213031000012017;1336213031000012018;1336213031000012019;1336213031000012020;1336213031000012021;1336213031000012022;1336213031000012023;1336213031000012024;1336213031000012025;1336213031000012026,"13362130310000 card1 class211 built2008: 2 homes / 2280 floor / 2876 land, assessment 2009,2010,2011,2012,2013,2014,2015,2016,2017; 13362130310000 card1 class278 built2008: 1 homes / 2280 floor / 2876 land, assessment 2018,2019,2020,2021,2022,2023,2024,2025,2026",2026-09-15,TRUE,100253454 | COMPLETE | 2008-12-15T00:00:00.000 | 2237 N CAMPBELL AVE | ERECT TWO STORY MULTI-UNIT RESIDENCE + 2 CAR GARAGE. CHICAGO GREEN PROJECT. CONDITIONAL PERMIT SUBJECT TO FIELD INSPECTION.,2008,2280,,FALSE,,,,Keep
49,residential_13362280340000,2704 W ARMITAGE AVE,FALSE,2,3000,2,3000,Retain,Original permit specifies two dwellings plus commercial space. Keep the later residential count of two and the same individual lot.,100397328,,Earlier three likely combines residential and commercial units.,1336228034000012012;1336228034000012013;1336228034000012014;1336228034000012015;1336228034000012016;1336228034000012017;1336228034000012018;1336228034000012019;1336228034000012020;1336228034000012021;1336228034000012022;1336228034000012023;1336228034000012024;1336228034000012025;1336228034000012026,"13362280340000 card1 class212 built2011: 3 homes / 2880 floor / 3000 land, assessment 2012; 13362280340000 card1 class212 built2011: 2 homes / 2880 floor / 3000 land, assessment 2013,2014,2015,2016,2017,2018,2019,2020,2021,2022,2023,2024,2025,2026",2026-09-15,TRUE,100397328 | COMPLETE | 2011-11-23T00:00:00.000 | 2704 W ARMITAGE AVE | NEW CONSTRUCTION (4) STORY MIXED-USE (2) D.U. BUILDING. (1ST) FLOOR COMMERCIAL.  SCOPE OF WORK INCLUDES NEW (3) CAR DETACHED GARAGE.*** NO GREEN ROOF ***,2011,2880,,FALSE,,,,Keep
50,residential_13363030060000,1939 N WHIPPLE ST,TRUE,1,3800,,,Exclude addition,Old assessments describe the same 1901 building; the located work is renovation and a two-story addition to an existing home. Later single-family classification and year do not establish a new building.,100323639,,"Permit status is expired; the affirmative evidence is of alteration, not proof of a replacement building.",1336303006000011999;1336303006000012000;1336303006000012001;1336303006000012002;1336303006000012003;1336303006000012004;1336303006000012005;1336303006000012006;1336303006000012007;1336303006000012008;1336303006000012009;1336303006000012010;1336303006000012011;1336303006000012012;1336303006000012013;1336303006000012014;1336303006000012015;1336303006000012016;1336303006000012017;1336303006000012018;1336303006000012019;1336303006000012020;1336303006000012021;1336303006000012022;1336303006000012023;1336303006000012024;1336303006000012025;1336303006000012026,"13363030060000 card1 class211 built1901: 2 homes / 1052 floor / NA land, assessment 1999,2000,2001,2002,2003,2004,2005; 13363030060000 card1 class211 built1901: 2 homes / 1052 floor / 3800 land, assessment 2006,2007,2008,2009,2010; 13363030060000 card1 class211 built1901: 2 homes / 2236 floor / 3800 land, assessment 2011,2012; 13363030060000 card1 class278 built2011: 1 homes / 2236 floor / 3800 land, assessment 2013,2014,2015,2016,2017,2018,2019; 13363030060000 card1 class278 built2014: 1 homes / 2236 floor / 3800 land, assessment 2020; 13363030060000 card1 class278 built2012: 1 homes / 2236 floor / 3800 land, assessment 2021; 13363030060000 card1 class278 built2013: 1 homes / 2236 floor / 3800 land, assessment 2022,2023,2024,2025,2026",2026-09-15,TRUE,100323639 | EXPIRED | 2010-04-15T00:00:00.000 | 1939 N WHIPPLE ST | INTERIOR RENOVATION OF AND (2) STORY ADDITION TO EXISTING (2) STORY WITH BASEMENT SINGLE FAMILY RESIDENCE.  INCLUDES FRONT PORCH REPLACEMENT.  INCLUDES NEW REAR PORCH.  INCLUDES (2) CAR DETACHED GARAGE REPLACEMENT.  GREEN PERMIT PROGRAM BENEFIT TIER II.  SELF-CERTIFICATION PROJECT.  CONDITIONAL PERMIT SUBJECT TO FIELD INSPECTION AND AUDIT.,2013,2236,,FALSE,,,,Exclude: not new construction
51,residential_14183050060000,4351 N LINCOLN AVE,FALSE,5,3125,3,3125,Correct count,Original new-building plans and completed revisions describe three apartments plus a business. Neither Assessor count four nor five is the supported apartment total. Keep the recorded individual lot.,100602947;100627863;100655878,,,1418305006000012000;1418305006000012001;1418305006000012002;1418305006000012003;1418305006000012004;1418305006000012005;1418305006000012006;1418305006000012007;1418305006000012008;1418305006000012009;1418305006000012010;1418305006000012011;1418305006000012012;1418305006000012013;1418305006000012014;1418305006000012015;1418305006000012017;1418305006000012018;1418305006000012019;1418305006000012020;1418305006000012021;1418305006000012022;1418305006000012023;1418305006000012024;1418305006000012025;1418305006000012026,"14183050060000 card1 class218 built1897: NA homes / NA floor / NA land, assessment 2000,2001,2002; 14183050060000 card1 class211 built1900: 2 homes / 3042 floor / NA land, assessment 2003; 14183050060000 card1 class212 built1900: 3 homes / 3042 floor / NA land, assessment 2004,2005; 14183050060000 card1 class212 built1900: 3 homes / 3042 floor / 3125 land, assessment 2006,2007,2008,2009,2010,2011,2012,2013,2014,2015; 14183050060000 card1 class212 built1900: 4 homes / 5168 floor / 3125 land, assessment 2017; 14183050060000 card1 class212 built1900: 5 homes / 5168 floor / 3125 land, assessment 2018,2019,2020; 14183050060000 card1 class212 built2016: 5 homes / 5168 floor / 3125 land, assessment 2021,2022,2023,2024,2025,2026",2026-09-15,TRUE,"100602947 | EXPIRED | 2015-11-06T00:00:00.000 | 4351 N LINCOLN AVE | NEW 4 STORY MIXED USE BUILDING - DEMO EXISTING BUILDING 2 1/2 STORY BUILDING & BUILD NEW 4 STORY MIXED USE - 1 BUSINESS UNIT & 3 RESIDENTIAL UNITS W/NEW EXTERIOR PARKING STALL - ALL WORK AS PER DRAWINGS
100627863 | COMPLETE | 2015-12-21T00:00:00.000 | 4351 N LINCOLN AVE | REVISION TO EXITING PERMIT 100602947 - BUILD NEW 4 STORY MIXED USE BUILDING  - 1 BUSINESS UNIT & 3 RESIDENTIAL UNITS W/NEW EXTERIOR PARKING STALL - ALL WORK AS PER REVISED APPROVED DRAWINGS
100655878 | COMPLETE | 2016-06-20T00:00:00.000 | 4351 N LINCOLN AVE | REVISION TO EXITING PERMITS #100602947 (11/6/15) AND #100627863 (12/21/15) - NEW 4 STORY MIXED USE MASONRY BUILDING W/ONE  BUSINESS UNIT & THREE RESIDENTIAL UNITS W/NEW EXTERIOR PARKING - ALL OTHER PREVIOUSLY APPROVED PLANS VALID FOR THE PLANS/DETAILS THAT WERE NOT CHANGED - ALL WORK AS PER REVISED APPROVED DRAWINGS",2016,5168,,FALSE,,,,Keep
52,residential_14204180230000,3307 N SHEFFIELD AVE,FALSE,4,3250,4,3250,Retain,"Original new-building permit specifies four apartments, agreeing with the current count rather than six. Keep the individual recorded lot.",100189037,,"Permit is now expired, so support also relies on the completed Assessor record. This is a count recommendation, not newly certified completion timing.",1420418023000011999;1420418023000012000;1420418023000012001;1420418023000012002;1420418023000012003;1420418023000012004;1420418023000012005;1420418023000012006;1420418023000012007;1420418023000012014;1420418023000012015;1420418023000012016;1420418023000012017;1420418023000012018;1420418023000012019;1420418023000012020;1420418023000012021;1420418023000012022;1420418023000012023;1420418023000012024;1420418023000012025;1420418023000012026,"14204180230000 card1 class211 built1878: 2 homes / 2530 floor / NA land, assessment 1999,2000,2001,2002,2003,2004,2005; 14204180230000 card1 class211 built1878: 2 homes / 2530 floor / 3250 land, assessment 2006,2007; 14204180230000 card1 class211 built1878: 6 homes / 6000 floor / 3250 land, assessment 2014,2015,2016,2017,2018,2019,2020; 14204180230000 card1 class211 built2008: 4 homes / 6000 floor / 3250 land, assessment 2021; 14204180230000 card1 class211 built2009: 4 homes / 6000 floor / 3250 land, assessment 2022,2023,2024,2025,2026",2026-09-15,TRUE,100189037 | EXPIRED | 2008-01-14T00:00:00.000 | 3307 N SHEFFIELD AVE | NEW FOUR UNIT RESIDENTIAL BUILDING WITH ATTACHED GARAGE AS PER PLANS. CONDITIONAL PERMIT SUBJECT TO FIELD INSPECTIONS.,2009,6000,,FALSE,,,,Keep
53,residential_14311170300000,2008 W WEBSTER AVE,FALSE,3,2616,2,2616,Correct count,Completed original permit specifies two apartments and an office. The Assessor sequence of four then three does not establish more residential units. Keep two and the individual 2616-square-foot lot.,100701397;100617758;100673280,,,1431117030000011999;1431117030000012000;1431117030000012001;1431117030000012002;1431117030000012003;1431117030000012004;1431117030000012005;1431117030000012006;1431117030000012007;1431117030000012008;1431117030000012009;1431117030000012010;1431117030000012011;1431117030000012012;1431117030000012013;1431117030000012014;1431117030000012015;1431117030000012016;1431117030000012018;1431117030000012019;1431117030000012020;1431117030000012021;1431117030000012022;1431117030000012023;1431117030000012024;1431117030000012025;1431117030000012026,"14311170300000 card1 class211 built1901: 2 homes / 2895 floor / NA land, assessment 1999,2000,2001,2002,2003,2004,2005; 14311170300000 card1 class211 built1901: 2 homes / 2895 floor / 2616 land, assessment 2006,2007,2008,2009,2010,2011,2012,2013,2014,2015,2016; 14311170300000 card1 class212 built2017: 4 homes / 7776 floor / 2616 land, assessment 2018; 14311170300000 card1 class212 built2017: 3 homes / 7776 floor / 2616 land, assessment 2019,2020; 14311170300000 card1 class212 built2018: 3 homes / 7776 floor / 2616 land, assessment 2021,2022,2023,2024,2025,2026",2026-09-15,TRUE,"100701397 | COMPLETE | 2017-08-24T00:00:00.000 | 2008 W WEBSTER AVE | NEW CONSTRUCTION 5,606 SQ.FT. 3 STORY W/BASEMENT MIXED USE DEVELOPMENT WITH 2 RESIDENTIAL UNITS, OFFICE SPACE, AND TRASH ENCLOSURE.   **CERTIFIED PLAN CORRECTIONS PROJECT - CONDITIONAL PERMIT: SUBJECT TO FIELD INSPECTIONS **
100617758 | CANCELLED | 2016-03-01T00:00:00.000 | 2008 W WEBSTER AVE | NEW 5,744 SQ.FT. 3 STORY MIXED USE DEVELOPMENT WITH 2 RESIDENTIAL UNITS, OFFICE SPACE, AND TRASH ENCLOSURE.
100673280 |  | 2016-11-28T00:00:00.000 | 2008 W WEBSTER AVE | WRECK AND REMOVE A 2 STORY MULTI UNIT MASONRY RESIDENCE AND DETACHED FRAME GARAGE",2018,7776,,FALSE,,,,Keep
54,residential_14313070460000,1914 N DAMEN AVE,FALSE,4,2400,3,2400,Correct count,Original new-building permit specifies three apartments plus one commercial unit. The earlier three-unit Assessor snapshot is consistent with that residential count; four includes an unsupported extra dwelling.,100071198,,Permit currently marked expired; recorded three-apartment assessment provides completed-building corroboration.,1431307046000011999;1431307046000012000;1431307046000012001;1431307046000012002;1431307046000012003;1431307046000012004;1431307046000012005;1431307046000012006;1431307046000012007;1431307046000012008;1431307046000012009;1431307046000012010;1431307046000012011;1431307046000012012;1431307046000012013;1431307046000012014;1431307046000012015;1431307046000012016;1431307046000012017;1431307046000012018;1431307046000012019;1431307046000012020;1431307046000012021;1431307046000012022;1431307046000012023;1431307046000012024;1431307046000012025;1431307046000012026,"14313070460000 card1 class211 built1891: 3 homes / 2713 floor / NA land, assessment 1999,2000,2001,2002,2003,2004,2005; 14313070460000 card1 class211 built1891: 3 homes / 2713 floor / 2400 land, assessment 2006; 14313070460000 card1 class212 built2006: 4 homes / 6156 floor / 2400 land, assessment 2007,2008,2012,2013,2014,2015,2016,2017,2018,2019,2020,2021,2022,2023,2024,2025,2026; 14313070460000 card1 class212 built2006: 3 homes / 6156 floor / 2400 land, assessment 2009,2010,2011",2026-09-15,TRUE,100071198 | EXPIRED | 2006-05-22T00:00:00.000 | 1914 N DAMEN AVE | ERECT NEW MASONRY 3 DU AND 1 COMMERCIAL UNIT BUILDING AS PER PLANS,2006,6156,,FALSE,,,,Keep
55,residential_14322100150000,2223 N BISSELL ST,TRUE,1,3720,,,Exclude addition,The 2006 permit explicitly adds a bedroom/bath third floor to an existing single-family residence; 2010 work adds roof terrace/breezeway. Old assessments retain an 1888 building. This does not support selected 2009 new construction.,100090638;100339616,,Do not use the later class change to date a wholly new building.,1432210015000011999;1432210015000012000;1432210015000012001;1432210015000012002;1432210015000012003;1432210015000012004;1432210015000012005;1432210015000012006;1432210015000012007;1432210015000012008;1432210015000012009;1432210015000012010;1432210015000012011;1432210015000012012;1432210015000012013;1432210015000012014;1432210015000012015;1432210015000012016;1432210015000012017;1432210015000012018;1432210015000012019;1432210015000012020;1432210015000012021;1432210015000012022;1432210015000012023;1432210015000012024;1432210015000012025;1432210015000012026,"14322100150000 card1 class211 built1888: 2 homes / 4088 floor / NA land, assessment 1999,2000,2001,2002,2003,2004,2005; 14322100150000 card1 class211 built1888: 2 homes / 4088 floor / 3720 land, assessment 2006,2007,2008; 14322100150000 card1 class211 built1888: 2 homes / 4268 floor / 3720 land, assessment 2009,2010,2011,2012,2013,2014,2015,2016,2017,2018,2019,2020,2021,2022,2023; 14322100150000 card1 class206 built2009: 1 homes / 4268 floor / 3720 land, assessment 2024,2025,2026",2026-09-15,TRUE,"100090638 | COMPLETE | 2006-01-19T00:00:00.000 | 2223 N BISSELL ST | ERECT BEDROOM AND BATH ADDITION AS 3RD FL. TO EXG. S.F.R. AND REAR BREEZE WAY ADDITION AT REAR PER PLAN
100339616 | EXPIRED | 2010-10-04T00:00:00.000 | 2223 N BISSELL ST | EXISTING ROOF TERRACE RENOVATION.  SCOPE OF WORK INCLUDES INSTALLATION OF 280 S.F. GREEN ROOF AND A DECK AND OPEN STAIR ADDITION.  ALSO INCLUDES ADDITION OF EXTERIOR LIGHTING AND ENCLOSURE OF EXISTING (1) STORY REAR OPEN BREEZEWAY CONNECTING THE SINGLE FAMILY RESIDENCE TO THE EXISTING (3) CAR GARAGE.  EXISTING RESIDENCE IS (3) STORIES WITH BASEMENT.  GREEN PERMIT PROGRAM.",2009,4268,,FALSE,,,,Exclude: not new construction
56,residential_14322220040000,2051 N CLIFTON AVE,TRUE,2,3100,3,3100,Correct count,Original new-building permit and first completed sale report three apartments; later assessments also say three at the same new-building area. Replace the selected incomplete two.,100929134;100924271,https://lowegroupchicago.com/properties/2051-n-clifton-avenue,Retain individual 3100-square-foot lot.,1432222004000011999;1432222004000012000;1432222004000012001;1432222004000012002;1432222004000012003;1432222004000012004;1432222004000012005;1432222004000012006;1432222004000012007;1432222004000012008;1432222004000012009;1432222004000012010;1432222004000012011;1432222004000012012;1432222004000012013;1432222004000012014;1432222004000012015;1432222004000012016;1432222004000012017;1432222004000012018;1432222004000012019;1432222004000012020;1432222004000012021;1432222004000012022;1432222004000012023;1432222004000012024;1432222004000012025;1432222004000012026,"14322220040000 card1 class211 built1888: 2 homes / 2420 floor / NA land, assessment 1999,2000,2001,2002,2003,2004,2005; 14322220040000 card1 class211 built1888: 2 homes / 2420 floor / 3100 land, assessment 2006,2007,2008,2009,2010,2011,2012,2013,2014,2015,2016,2017,2018,2019,2020,2021; 14322220040000 card1 class211 built2022: 2 homes / 3765 floor / 3100 land, assessment 2022,2023; 14322220040000 card1 class211 built2022: 3 homes / 3765 floor / 3100 land, assessment 2024,2025,2026",2026-09-15,TRUE,"100929134 | EXPIRED | 2021-07-23T00:00:00.000 | 2051 N CLIFTON AVE | ERECT 3 STORY IIIA MASONRY 3 DWELING UNIT  BUILDING WITH BASEMENT AND FIRST FLOOR OPEN REAR DECK , SECOND ,THIRD  FLOOR  FRONT DECKS, REAR OPEN PORCH, ROOF DECK W/ ROOFTOP STAIRWAY ENCL., AND DETACHED 3 CAR GARAGE WITH ROOF DECK, OPEN STAIRS AND PERGOLA PER PLANS.
100924271 |  | 2021-07-22T00:00:00.000 | 2051 N CLIFTON AVE | WRECK AND REMOVE A 2 STORY MASONRY MULTI UNIT RESIDENCE AND A DETACHED FRAME GARAGE",2022,3765,,FALSE,,,,Keep
57,residential_16012120060000,1445 N ROCKWELL ST,TRUE,3,3150,3,3150,Retain,"Original new-building permit specifies three apartments. It agrees with the current count, not the initial four. Keep the individual recorded lot.",100754414;100793633,,,1601212006000012019;1601212006000012020,"16012120060000 card1 class211 built2018: 4 homes / 5054 floor / 3150 land, assessment 2019; 16012120060000 card1 class211 built2018: 3 homes / 5054 floor / 3150 land, assessment 2020",2026-09-15,TRUE,"100754414 | COMPLETE | 2018-08-31T00:00:00.000 | 1445 N ROCKWELL ST | SELF CERTIFICATION REVIEW: ERECT 3 STORY 3 D.U. BUILDING (3B CONSTRUCTION) WITH BASEMENT, ROOFTOP DECK, ROOFTOP STAIR ENCLOSURE, DETACHED 3 CAR GARAGE (3B CONSTRUCTION) WITH ROOFTOP DECK AS PER PLAN.
100793633 |  | 2018-11-16T00:00:00.000 | 1445 N ROCKWELL ST | REVISION TO PERMIT NO 100754414; FOR (2) ALTERNATIVE CODE APPROVALS TO USE NEW MATERIAL FOR DRAINAGE AND VENT PIPE AND PIPE FITTTINGS AND INSTALL CPVC WATER PIPE AND PIPE FITTINGS",2018,5054,,FALSE,,,,Keep
58,residential_16022250290000,3338 W CRYSTAL ST,FALSE,3,3100,3,3100,Exclude pre-period,Three apartments are recorded with the same 2712-square-foot building by the 2006 assessment and a 2005 construction year. The current 2007 year first appears much later. A listing also reports 2005. Recommend treating the original building as pre-period unless stronger completion evidence supports 2006 or later.,,https://www.compass.com/homedetails/3338-W-Crystal-St-Chicago-IL-60651/1W2ROT_pid/,"Recommend recording 2005 and keeping the building outside the 2006–2022 study period. Its count and lot remain recorded, not erased.",1602225029000011999;1602225029000012000;1602225029000012001;1602225029000012002;1602225029000012003;1602225029000012004;1602225029000012005;1602225029000012006;1602225029000012007;1602225029000012008;1602225029000012009;1602225029000012010;1602225029000012011;1602225029000012012;1602225029000012013;1602225029000012014;1602225029000012015;1602225029000012016;1602225029000012017;1602225029000012018;1602225029000012019;1602225029000012020;1602225029000012021;1602225029000012022;1602225029000012023;1602225029000012024;1602225029000012025;1602225029000012026,"16022250290000 card1 class202 built1893: 1 homes / 814 floor / NA land, assessment 1999,2000,2001,2002,2003,2004,2005; 16022250290000 card1 class211 built2005: 3 homes / 2712 floor / 3100 land, assessment 2006,2007,2008,2009,2010,2011,2012,2013,2014,2015,2016,2017,2018,2019,2020,2021; 16022250290000 card1 class211 built2007: 3 homes / 2712 floor / 3100 land, assessment 2022; 16022250290000 card1 class278 built2007: 1 homes / 2712 floor / 3100 land, assessment 2023,2024,2025,2026",2026-09-15,TRUE,,2007,2712,Construction year,TRUE,2005,2712,"Use the early completed-building assessment: the new 2712-square-foot, three-apartment building appears in 2006 with construction year 2005 and retains that year until the much later change to 2007. A listing agrees with 2005. There is no located replacement-building evidence supporting 2007 for the same measured object.",Outside study period
59,residential_16082030050000,5953 W SUPERIOR ST,FALSE,1,4840,3,4840,Correct count,Original new-building permit specifies three apartments and the completed 2024 onward assessments report three at the same new-building area. The selected one comes from a temporary OA2 classification in 2022-2023.,100929686,https://www.homes.com/property/5955-w-superior-st-chicago-il-unit-2/nye8mmkplghyw/;https://www.realtor.com/rentals/details/5955-W-Superior-St-2_Chicago_IL_60644_M97566-03505,"Recommend three apartments and retain year 2022, 3598 square feet of Assessor building area and 4840 square feet of land. The exact completion month/year within 2021–2022 is not independently certified.",1608203005000012022;1608203005000012023;1608203005000012024;1608203005000012025;1608203005000012026,"16082030050000 card1 classOA2 built2022: 1 homes / 3598 floor / 4840 land, assessment 2022,2023; 16082030050000 card1 class211 built2022: 3 homes / 3598 floor / 4840 land, assessment 2024,2025,2026",2026-09-15,TRUE,100929686 | EXPIRED | 2021-08-24T00:00:00.000 | 5955 W SUPERIOR ST | SPR 2019 CBC. PROPOSED NEW TWO STORY THREE DWELLING UNITS BUILDING WITH REAR METAL PORCH WITH ROOF ABOVE AND FRONT METAL STAIRS WITH CANOPY ABOVE. NEW 3 PARKING STALLS. ALL WORK AS PER PLANS.,2022,3598,Construction year,TRUE,2022,3598,"A rental record documents an available apartment on May 4, 2022 and a completed lease on June 1, 2022. Its building description specifies three apartments. That establishes a completed residential use by the study cutoff despite the original permit now being marked expired. Listings say built 2021, while the completed Assessor says 2022; retain 2022 as the Assessor proxy because no 2021 occupancy evidence was located.",Keep
60,residential_16231030110000,1233 S AVERS AVE,FALSE,4,3125,2,3125,Correct count,"A later 2008 exact-parcel new-building permit specifies two dwellings, superseding an earlier single-family proposal. The 2017 seller listing separately describes two apartments. This supports two over both Assessor counts three and four.",100249650;100221582,https://www.redfin.com/IL/Chicago/1233-S-Avers-Ave-60623/home/39576565,"Retain exact-parcel Assessor lot 3125, also explicitly given by seller.",1623103011000012009;1623103011000012010;1623103011000012011;1623103011000012012;1623103011000012013;1623103011000012014;1623103011000012015;1623103011000012016;1623103011000012017;1623103011000012018;1623103011000012019;1623103011000012020;1623103011000012021;1623103011000012022;1623103011000012023;1623103011000012024;1623103011000012025;1623103011000012026,"16231030110000 card1 class211 built2008: 3 homes / 3744 floor / 3125 land, assessment 2009,2010,2011,2012,2013,2014,2015,2016,2017; 16231030110000 card1 class211 built2008: 4 homes / 3744 floor / 3125 land, assessment 2018,2019,2020; 16231030110000 card1 class211 built2009: 4 homes / 3744 floor / 3125 land, assessment 2021,2022,2023,2024,2025,2026",2026-09-15,TRUE,"100249650 | COMPLETE | 2008-08-20T00:00:00.000 | 1233 S AVERS AVE | ERECT A NEW 2-DWELLING-UNIT, FRAME BUILDING AND A DETACHED, FRAME GARAGE PER PLANS.                                                                                                                                           -CONDITIONAL PERMIT, SUBJECT TO FIELD VERIFICATION.
100221582 | COMPLETE | 2008-02-27T00:00:00.000 | 1233 S AVERS AVE | ERECT NEW SINGLE FAMILY RESIDENCE WITH BASEMENT AS PER PLANS..NO GARAGE. CONDITIONAL PERMIT SUBJECT TO FIELD INSPECTION.",2009,3744,,FALSE,,,,Keep
61,residential_16232040100000,1217 S HOMAN AVE,FALSE,2,5002,2,5002,Retain,Original new-building permit specifies a two-flat. Keep two over the first assessment's three and retain the individual reported lot.,100170331,,,1623204010000012009;1623204010000012010;1623204010000012011;1623204010000012012;1623204010000012013;1623204010000012014;1623204010000012015;1623204010000012016;1623204010000012017;1623204010000012018;1623204010000012019;1623204010000012020;1623204010000012021;1623204010000012022;1623204010000012023;1623204010000012024;1623204010000012025;1623204010000012026,"16232040100000 card1 class211 built2008: 3 homes / 3666 floor / 5002 land, assessment 2009; 16232040100000 card1 class211 built2008: 2 homes / 3666 floor / 5002 land, assessment 2010,2011,2012,2013,2014,2015,2016,2017,2018,2019,2020,2021,2022,2023,2024,2025,2026",2026-09-15,TRUE,100170331 | COMPLETE | 2007-04-17T00:00:00.000 | 1217 S HOMAN AVE | ERECT NEW 2-FLAT BRICK & FRAME RESIDENCE ON SLAB PER PLANS.  SELF CERT / PROTOTYPE PLANS - CONDITIONAL PERMIT - CONTINGENT UPON FIELD INSPECTIONS (BASED ON PROTOTYPE: 2920 W. FILLMORE),2008,3666,,FALSE,,,,Keep
62,residential_16232060250000,1214 S SAWYER AVE,FALSE,1,3102,2,3102,Correct count,Early completed assessments report two dwellings. A 2014 permit explicitly deconverts the two-flat to a single-family house. Use the original two for new construction and the unchanged individual lot.,100554025,,"Later one is a real conversion, not a correction to original construction.",1623206025000012007;1623206025000012008;1623206025000012009;1623206025000012010;1623206025000012011;1623206025000012012;1623206025000012013;1623206025000012014;1623206025000012015;1623206025000012016;1623206025000012017;1623206025000012018;1623206025000012019;1623206025000012020;1623206025000012021;1623206025000012022;1623206025000012023;1623206025000012024;1623206025000012025;1623206025000012026,"16232060250000 card1 class211 built2006: 2 homes / 2691 floor / 3102 land, assessment 2007,2008,2009,2010,2011,2012,2013,2014; 16232060250000 card1 class278 built2006: 1 homes / 2691 floor / 3102 land, assessment 2015,2016,2017,2018,2019,2020,2021,2022,2023,2024,2025,2026",2026-09-15,TRUE,100554025 | COMPLETE | 2014-10-28T00:00:00.000 | 1214 S SAWYER AVE | DECONVERT EXISTING 2 DWELLING UNITS BUILDING TO SINGLE FAMILY RESIDENCE W/ INTERIOR RENOVATION AS PER PLANS. **CERTIFIED PLANS CORRECTIONS: CONDITIONAL PERMIT SUBJECT TO FIELD INSPECTIONS **,2006,2691,,FALSE,,,,Keep
63,residential_16232060420000,1224 S SAWYER AVE,FALSE,2,3125,2,3125,Retain with qualification,"The first assessment says three, but every assessment from 2008 onward says two; land and floor area are stable. Current property records repeat two. No independent original permit or seller description was found.",,https://www.redfin.com/IL/Chicago/1224-S-Sawyer-Ave-60623/home/18935465,"This remains a judgment about an isolated early Assessor discrepancy, not independent verification. Recommend retaining the existing two rather than silently calling the discrepancy resolved.",1623206042000012007;1623206042000012008;1623206042000012009;1623206042000012010;1623206042000012011;1623206042000012012;1623206042000012013;1623206042000012014;1623206042000012015;1623206042000012016;1623206042000012017;1623206042000012018;1623206042000012019;1623206042000012020;1623206042000012021;1623206042000012022;1623206042000012023;1623206042000012024;1623206042000012025;1623206042000012026,"16232060420000 card1 class211 built2006: 3 homes / 2694 floor / 3125 land, assessment 2007; 16232060420000 card1 class211 built2006: 2 homes / 2694 floor / 3125 land, assessment 2008,2009,2010,2011,2012,2013,2014,2015,2016,2017,2018,2019,2020,2021,2022,2023,2024,2025,2026",2026-09-15,TRUE,,2006,2694,,TRUE,2006,2694,"Retain two as the Assessor-based recommendation: only the first 2007 assessment says three; the same floor, lot and construction year recur with two in every assessment from 2008 onward. The added searches found no original-building permit or seller description that independently settles two versus three. The 2024 porch permit does not specify an apartment count.",Keep with qualification
64,residential_16232060430000,1222 S SAWYER AVE,FALSE,2,3126,2,3126,Retain with qualification,"The first assessment says three, but every assessment from 2008 onward says two. Retain 3126 as the source-reported lot. No independent original-building count was found.",,https://www.realtor.com/realestateandhomes-detail/1222-S-Sawyer-Ave_Chicago_IL_60623_M78975-75848,"This is the same qualified judgment as 1224 Sawyer, not a general rule that the most frequent count must be correct.",1623206043000012007;1623206043000012008;1623206043000012009;1623206043000012010;1623206043000012011;1623206043000012012;1623206043000012013;1623206043000012014;1623206043000012015;1623206043000012016;1623206043000012017;1623206043000012018;1623206043000012019;1623206043000012020;1623206043000012021;1623206043000012022;1623206043000012023;1623206043000012024;1623206043000012025;1623206043000012026,"16232060430000 card1 class211 built2006: 3 homes / 2694 floor / 3126 land, assessment 2007; 16232060430000 card1 class211 built2006: 2 homes / 2694 floor / 3126 land, assessment 2008,2009,2010,2011,2012,2013,2014,2015,2016,2017,2018,2019,2020,2021,2022,2023,2024,2025,2026",2026-09-15,TRUE,,2006,2694,,TRUE,2006,2694,Retain two as the Assessor-based recommendation. The lone initial 2007 count of three changes to two in 2008 and remains two through the preserved history with unchanged area and year. The located garage and deck permits do not establish original apartment count. Listings repeating public records add no independent confirmation.,Keep with qualification
65,residential_16243050340000,3016 W CULLERTON ST,FALSE,1,2905,1,2905,Retain,"Original permit specifies a new single-family residence, supporting the current one over an early two-unit classification. Keep its individual recorded lot.",100187551,,,1624305034000012009;1624305034000012010;1624305034000012011;1624305034000012012;1624305034000012013;1624305034000012014;1624305034000012015;1624305034000012016;1624305034000012017;1624305034000012018;1624305034000012019;1624305034000012020;1624305034000012021;1624305034000012022;1624305034000012023;1624305034000012024;1624305034000012025;1624305034000012026,"16243050340000 card1 class211 built2007: 2 homes / 1626 floor / 2905 land, assessment 2009,2010,2011,2012,2013,2014,2015,2016,2017; 16243050340000 card1 class207 built2007: 2 homes / 1626 floor / 2905 land, assessment 2018,2019,2020,2021,2022,2023,2024,2025,2026",2026-09-15,TRUE,100187551 | COMPLETE | 2007-07-13T00:00:00.000 | 3016 W CULLERTON ST | ERECT NEW SINGLE FAMILY RESIDENTIAL 2 STORY WITH BASEMENT TYPE IVA CONSTRUCTION AS PER PLANS.,2007,1626,,FALSE,,,,Keep
66,residential_16262000140000,2243 S CENTRAL PARK AVE,TRUE,2,3127,2,3127,Retain,"Original permit specifies two dwellings, matching the newer Assessor count. Reuse the existing 2012 completion decision and retain the reported individual lot.",100199081;100433768,,Earlier manual decision addressed year; the original permit now supplies count support.,1626200014000012012;1626200014000012013;1626200014000012014;1626200014000012015;1626200014000012016;1626200014000012017;1626200014000012018;1626200014000012019;1626200014000012020;1626200014000012021;1626200014000012022;1626200014000012023;1626200014000012024;1626200014000012025;1626200014000012026,"16262000140000 card1 class211 built2011: 3 homes / 2583 floor / 3127 land, assessment 2012,2013,2014,2015,2016,2017,2018,2019,2020; 16262000140000 card1 class211 built2012: 2 homes / 2583 floor / 3127 land, assessment 2021,2022,2023,2024,2025,2026",2026-09-15,TRUE,"100199081 | COMPLETE | 2007-09-25T00:00:00.000 | 2243 S CENTRAL PARK AVE | ERECT A 3 STORY 2 DWELLING  UNITS MULTI FAMILY RESIDENCE NO GARAGE AS PER PLANS
100433768 |  | 2012-03-30T00:00:00.000 | 2243 S CENTRAL PARK AVE | REINSTATEMENT TO PERMIT # 100199081. ALL CONTRACTORS TO REMAIN",2012,2583,,FALSE,,,,Keep
67,residential_16364170250000,2742 W 38TH ST,FALSE,1,3150,1,3150,Hold floor area,A demolition permit followed by a new single-family permit establishes a replacement building. The old three-unit assessment is a different building even though the floor-area number repeats.,100822612;100823067,https://www.redfin.com/IL/Chicago/2742-W-38th-St-60632/unit-2/home/14126698;https://www.zillow.com/homedetails/2742-W-38th-St-2-Chicago-IL-60632/337756682_zpid/,"Recommend withholding FAR. Under the agreed common FAR-and-DUPAC sample, the observation would stay out of both regressions until the replacement floor area is supported. Preserve one dwelling and the reported lot.",1636417025000011999;1636417025000012000;1636417025000012001;1636417025000012002;1636417025000012003;1636417025000012004;1636417025000012005;1636417025000012006;1636417025000012007;1636417025000012008;1636417025000012009;1636417025000012010;1636417025000012011;1636417025000012012;1636417025000012013;1636417025000012014;1636417025000012015;1636417025000012016;1636417025000012017;1636417025000012018;1636417025000012019;1636417025000012020;1636417025000012021;1636417025000012022;1636417025000012023;1636417025000012024;1636417025000012025;1636417025000012026,"16364170250000 card1 class211 built1888: 3 homes / 2600 floor / NA land, assessment 1999,2000,2001,2002,2003,2004,2005; 16364170250000 card1 class211 built1888: 3 homes / 2600 floor / 3150 land, assessment 2006,2007,2008,2009,2010,2011,2012,2013,2014,2015,2016,2017,2018,2019; 16364170250000 card1 class278 built2019: 1 homes / 2600 floor / 3150 land, assessment 2020,2021,2022,2023,2024,2025,2026",2026-09-15,TRUE,"100822612 |  | 2019-08-07T00:00:00.000 | 2742 W 38TH ST | WRECK AND REMOVE A 2 STORY FRAME MULTI UNIT RESIDENCE
100823067 | COMPLETE | 2019-07-19T00:00:00.000 | 2742 W 38TH ST | ERECT A NEW 2 STORY ON SLAB MASONRY SINGLE FAMILY HOME AND FRAME 2 CAR GARAGE AS PER PLANS.",2019,2600,Building area copied from earlier building,TRUE,2019,,"The 2019 demolition and new-house permits establish a different building from the old three-flat. Located Zillow information repeats 2600 square feet, while the 2019 MLS sale describes the old two-flat. Neither provides an independently identified floor measure for the replacement. An unchanged number could be correct, but these sources cannot establish that.",Withhold density
68,residential_17041220420000,1428 N CLEVELAND AVE,TRUE,1,2928,1,2928,Exclude lodging,"The new-building permit says single-family residence, but original-use evidence identifies the completed building as The Sono bed-and-breakfast. Its present Assessor floor number also repeats the demolished building. The permit alone did not establish an ordinary one-home construction observation.",100578338,https://www.thesonochicago.com/rooms;https://www.theghostguest.com/2016/10/a-chicago-staycation.html;https://www.urbanrealestate.com/property/1428-N-Cleveland-Chicago-IL-60610-6W3okaPTBWyT.html,"Recommend exclusion as original lodging use, subject to the residential-sample definition. Do not substitute the old 1600-square-foot floor or listing totals for a verified house measure.",1704122042000011999;1704122042000012000;1704122042000012001;1704122042000012002;1704122042000012003;1704122042000012004;1704122042000012005;1704122042000012006;1704122042000012007;1704122042000012008;1704122042000012009;1704122042000012010;1704122042000012011;1704122042000012012;1704122042000012013;1704122042000012014;1704122042000012015;1704122042000012018;1704122042000012019;1704122042000012020;1704122042000012021;1704122042000012022;1704122042000012023;1704122042000012024;1704122042000012025;1704122042000012026,"17041220420000 card1 class211 built1876: 2 homes / 1600 floor / NA land, assessment 1999,2000,2001,2002,2003,2004,2005; 17041220420000 card1 class211 built1876: 3 homes / 1600 floor / 2928 land, assessment 2006,2007,2008,2009,2010,2011,2012,2013,2014,2015; 17041220420000 card1 class219 built2014: NA homes / NA floor / 2928 land, assessment 2018,2019; 17041220420000 card1 class219 built2014: NA homes / 0 floor / 2928 land, assessment 2020; 17041220420000 card1 class219 built2014: 3 homes / 1600 floor / 2928 land, assessment 2021,2022,2023,2024,2025,2026",2026-09-15,TRUE,"100578338 | COMPLETE | 2015-04-13T00:00:00.000 | 1428 N CLEVELAND AVE | ERECT A 3 STORY ,IIIB MASONRY SINGLE FAMILY RESIDENCE WITH BASEMENT AND REAR PATIO. PER PLANS",2015,1600,Building area copied from earlier building,TRUE,,,"An October 2016 guest account describes the newly built Sono as seven guest rooms plus owners living on site. The operator today confirms guest-room lodging at 1428 N Cleveland. The property seller describes B&B operation since 2016, rather than a later apartment conversion. Recommend excluding this lodging building; seven guest rooms must not be treated as seven dwelling units. The owner residence creates a scope judgment, so this recommendation is not an automatic numeric correction.",Exclude: lodging
69,residential_17071210070000,2045 W OHIO ST,TRUE,1,2208,1,2208,Hold floor area,"Original permit and revision describe a new single-family house. Keep one and the individual recorded lot, not the old two-flat count.",100562582;100594765,https://www.redfin.com/IL/Chicago/2045-W-Ohio-St-60612/home/14105752/,"Recommend withholding FAR, hence exclusion from the common density sample, while retaining one dwelling and 2208 square feet of reported land. Do not silently replace above-grade area with an estimated total including basement rooms.",1707121007000011999;1707121007000012000;1707121007000012001;1707121007000012002;1707121007000012003;1707121007000012004;1707121007000012005;1707121007000012006;1707121007000012007;1707121007000012008;1707121007000012009;1707121007000012010;1707121007000012011;1707121007000012012;1707121007000012013;1707121007000012014;1707121007000012016;1707121007000012017;1707121007000012018;1707121007000012019;1707121007000012020;1707121007000012021;1707121007000012022;1707121007000012023;1707121007000012024;1707121007000012025;1707121007000012026,"17071210070000 card1 class211 built1907: 2 homes / 2030 floor / NA land, assessment 1999,2000,2001,2002,2003,2004,2005; 17071210070000 card1 class211 built1907: 2 homes / 2030 floor / 2208 land, assessment 2006,2007,2008,2009,2010,2011,2012,2013,2014; 17071210070000 card1 class278 built2014: 1 homes / 2030 floor / 2208 land, assessment 2016,2017,2018,2019,2020; 17071210070000 card1 class278 built2015: 1 homes / 2030 floor / 2208 land, assessment 2021; 17071210070000 card1 class278 built2016: 1 homes / 2030 floor / 2208 land, assessment 2022,2023,2024,2025,2026",2026-09-15,TRUE,"100562582 | COMPLETE | 2015-03-04T00:00:00.000 | 2045 W OHIO ST | SELF CERTIFICATION - NEW SINGLE FAMILY RESIDENCE - 2-STORY FRAME CONSTRUCTION HOUSE WITH BASEMENT; 1 - ERECT NEW 2-STORY FRAME BUILDING WITH BASEMENT, 2 - INSTALL PLUMBING, MECHANICAL, ELECTRICAL EQUIPMENT, SERVICE AND WIRING, 3 - INSTALL ALL FINISHES PER PLAN, 4 - ERECT NEW FRAME GARAGE AS PER ARCHITECTURAL PLANS.
100594765 | COMPLETE | 2015-07-16T00:00:00.000 | 2045 W OHIO ST | SELF CERTIFICATION - REVISION TO PERMIT #100562582: TO MAKE INTERIOR ADJUSTMENTS AT THIS NEW CONSTRUCTION 2 STORY S.F.R FRAME BUILDING. CHANGES TO DIMENSIONS ON THE SETBACKS IN REAR (FROM HOUSE TO ALLEY) AND EAST ELEVATION AS PER ARCHITECTURAL PLANS.",2016,2030,Building area copied from earlier building,TRUE,2016,,The demolition and new-house permits establish replacement construction. Seller marketing reports an estimated 3400 square feet and describes finished lower-level rooms; it does not isolate the Assessor-comparable above-grade area. The selected 2030 repeats the earlier two-flat. Neither fact establishes a reliable replacement floor measure. The 2016 Assessor year is consistent with the February 2016 sale; late-2015 marketing alone does not prove occupancy in 2015.,Withhold density
70,residential_17083290180000,116 N ELIZABETH ST,FALSE,3,6588,,,Exclude renovation,"The 2012 original work and 2013 revision renovate an existing two-story mixed-use building, with four existing residential units upstairs. It is not a new building, and neither Assessor two nor three describes those four units.",100439271;100467869,,No new-construction density should be created from this renovation.,1708329018000012013;1708329018000012014;1708329018000012015;1708329018000012016;1708329018000012017;1708329018000012018;1708329018000012019;1708329018000012020;1708329018000012021;1708329018000012022;1708329018000012023;1708329018000012024;1708329018000012025;1708329018000012026,"17083290180000 card1 class212 built2011: 2 homes / 7824 floor / 6588 land, assessment 2013,2014,2015,2016,2017,2018; 17083290180000 card1 class212 built2011: 3 homes / 7824 floor / 6588 land, assessment 2019,2020; 17083290180000 card1 class212 built2012: 3 homes / 7824 floor / 6588 land, assessment 2021,2022,2023,2024,2025,2026",2026-09-15,TRUE,"100439271 | COMPLETE | 2012-08-01T00:00:00.000 | 114 N ELIZABETH ST | INTERIOR RENOVATIONS TO EXISTING 2 STORY TYPE III-B MASONRY BUILDING INCLUDING COMMERCIAL SPACE AT GROUND FLOOR AND 4 RESIDENTIAL UNITS AT SECOND FLOOR AS PER PLANS
100467869 | COMPLETE | 2013-02-04T00:00:00.000 | 114 N ELIZABETH ST | AMENDED PERMIT TO BUILDING PERMIT # 100439271. INTERIOR RENOVATIONS TO EXISTING 2 STORY TYPE III-B BUILDING INCLUDING COMMERCIAL SPACE AT GROUND FLOOR AND 4 RESIDNTIAL UNITS AT SECOND FLOOR AS PER PLANS.",2012,7824,,FALSE,,,,Exclude: not new construction
71,residential_17084260420000,813 W FULTON MARKET ST,FALSE,3,2607,1,2607,Correct count,"Original permit constructs one commercial and one residential unit; the following elevator permit explicitly serves a single residence. Use one home, not Assessor two or three, and retain the recorded individual lot.",100143334;100192772,,,1708426042000012015;1708426042000012016;1708426042000012017;1708426042000012018;1708426042000012019;1708426042000012020;1708426042000012021;1708426042000012022;1708426042000012023;1708426042000012024;1708426042000012025;1708426042000012026,"17084260420000 card1 class212 built2006: 2 homes / 4370 floor / 2607 land, assessment 2015,2016,2017,2018; 17084260420000 card1 class212 built2006: 3 homes / 4370 floor / 2607 land, assessment 2019,2020,2021,2022,2023,2024; 17084260420000 card1 class212 built2006: 3 homes / 4572 floor / 2607 land, assessment 2025,2026",2026-09-15,TRUE,"100143334 | COMPLETE | 2006-12-22T00:00:00.000 | 813 W FULTON MARKET | ERECT A NEW ONE COMERCIAL AND ONE RESIDENTIAL BUILDING WITH AN ATTACHED TWO CAR GARAGE AS PER PLANS.
100192772 |  | 2007-08-03T00:00:00.000 | 813 W FULTON MARKET | FURNISH AND INSTALL ONE PRIVATE RESIDENCE ELEVATOR AS PER PLANS (SINGLE FAMILY USE ONLY)",2006,4370,,FALSE,,,Adoption location check: Use completed original building permit 100143334 at 813 W Fulton Market for location. The following single-residence elevator permit has the same point. Correcting the residential count to one should not require the erroneous Assessor count to match a later assessment.,Keep
72,residential_17164070170000,747 S DEARBORN ST,FALSE,3,3566,1,3566,Correct count,Original new-building permit describes one residence on floors two through four above ground-floor commercial space. Neither Assessor three nor later two is the residential count. Keep one and the individual lot.,100691145;101029853,,,1716407017000012019;1716407017000012020;1716407017000012021;1716407017000012022;1716407017000012023;1716407017000012024;1716407017000012025;1716407017000012026,"17164070170000 card1 class212 built2018: NA homes / NA floor / 3566 land, assessment 2019; 17164070170000 card1 class212 built2018: 3 homes / 9627 floor / 3566 land, assessment 2020; 17164070170000 card1 class212 built2018: 3 homes / 9377 floor / 3566 land, assessment 2021,2022,2023; 17164070170000 card1 class212 built2018: 2 homes / 9377 floor / 3566 land, assessment 2024,2025,2026",2026-09-15,TRUE,"100691145 | COMPLETE | 2017-07-18T00:00:00.000 | 751 S DEARBORN ST | NEW CONSTRUCTION OF 4-STORY BUILDING WITH GROUND FLOOR COMMERCIAL SPACE AND SINGLE FAMILY RESIDENCE ON FLOORS 2-4. NO BASEMENT.     **CERTIFIED PLAN CORRECTIONS PROJECT - CONDITIONAL PERMIT: SUBJECT TO FIELD INSPECTIONS **
101029853 | EXPIRED | 2023-10-24T00:00:00.000 | 747 S DEARBORN ST | SPR 2019 CBRC: INSTALL NEW PREFABRICATED SKYLIGHT IN EXISTING 4TH FLOOR ROOF IN EXISTING DWELLING UNIT WITHIN 4-STORY MIXED USE BUILDING. ASSOCIATED ROOF DRAIN, MECHANICAL AND ELECTRICAL LAYOUT ALTERATIONS TO ACCOMODATE LOCATION OF NEW SKYLIGHT. (OCCUPANCY GROUPS R-2, B; TYPE IIA CONSTRUCTION). **CERTIFIED PLANS CORRECTIONS: CONDITIONAL PERMIT SUBJECT TO FIELD INSPECTIONS **",2018,9377,,FALSE,,,,Keep
73,residential_17204140110000,920 W 18TH PL,FALSE,2,2050,2,2050,Retain,Original permit specifies a two-unit apartment building over an existing foundation. This supports two and the recorded individual lot; reusing a foundation is distinct from merely renovating an existing building.,100196714,,,1720414011000011999;1720414011000012000;1720414011000012001;1720414011000012002;1720414011000012003;1720414011000012008;1720414011000012009;1720414011000012010;1720414011000012011;1720414011000012012;1720414011000012013;1720414011000012014;1720414011000012015;1720414011000012016;1720414011000012017;1720414011000012018;1720414011000012019;1720414011000012020;1720414011000012021;1720414011000012022;1720414011000012023;1720414011000012024;1720414011000012025;1720414011000012026,"17204140110000 card1 class202 built1883: 1 homes / 544 floor / NA land, assessment 1999,2000,2001,2002,2003; 17204140110000 card1 class211 built2007: 3 homes / 2674 floor / 2050 land, assessment 2008; 17204140110000 card1 class211 built2007: 2 homes / 2674 floor / 2050 land, assessment 2009,2010,2011,2012,2013,2014,2015,2016,2017,2018,2019,2020,2021,2022,2023,2024,2025,2026",2026-09-15,TRUE,100196714 | COMPLETE | 2007-09-12T00:00:00.000 | 920 W 18TH PL | ERECT A 2 SORY 3B MASONRY 2 UNIT APARMENT BUILDING OVER EXISTING FOUNDATION PER PLANS.,2007,2674,,FALSE,,,,Keep
74,residential_17293110280000,2904 S ARCHER AVE,FALSE,6,3984,5,3984,Correct count and year,"Original new-building permit specifies five dwellings plus commercial space. A later same-area Assessor record reports five. Use five, not six, and the individual recorded lot.",100758397;100882993,https://www.homes.com/property/2910-s-archer-ave-chicago-il-unit-2a/hkq3r3bt04zq7/,"Recommend five and 2021, retaining 13340 square feet of building and 3984 square feet of land for PIN 17293110280000. Do not import 2904 work on adjacent PIN 17293110270000.",1729311028000012020;1729311028000012021;1729311028000012022;1729311028000012023;1729311028000012024;1729311028000012025;1729311028000012026,"17293110280000 card1 class212 built2019: 6 homes / 13340 floor / 3984 land, assessment 2020,2021,2022,2023; 17293110280000 card1 class212 built1881: 5 homes / 13340 floor / 3984 land, assessment 2024,2025,2026",2026-09-15,TRUE,"100758397 | EXPIRED | 2019-11-21T00:00:00.000 | 2910 S ARCHER AVE | ERECT 4 STORY 5 DWELLING UNIT IIIB MASONRY APARMENT  BUILDING WITH GROUD FLOOR COMMERCIAL AND 4 CAR  ATTACHED GARAGES
100882993 |  | 2020-07-20T00:00:00.000 | 2910 S ARCHER AVE | REVISION TO PERMIT NO 100758397 TO CHANGE HVAC CONTRACTOR TO VIP HEATING & COOLING",2019,13340,Construction year,TRUE,2021,13340,"The exact-PIN new-building permit uses 2910 S Archer rather than the selected 2904 address. A June 2021 apartment listing at 2910 describes newly completed units ready for occupancy, followed by an August 2021 rental. This follows late-2020 elevator installation and supports 2021. The permit and later Assessor agree on five apartments plus commercial space. Adoption location check: Use the preserved 2025 exact-PIN point for 17293110280000, whose County property address still says 2904 but whose taxpayer mailing address is 2910 S Archer; the exact-PIN new-building permit supplies 2910. The original permit and 2021 occupied-building evidence identify the same replacement; this does not use adjacent 2904 parcel 17293110270000. The point is a parcel-location proxy, not a new area measurement.",Keep
75,residential_17331210240000,3361 S LOWE AVE HSE,FALSE,3,3520,3,3520,Retain,"All assessments after the initial four say three, and the City's later garage permits explicitly identify three existing dwellings. Keep three and the individual reported lot.",101060500;101073759,,Later permits corroborate three but do not by themselves date original completion.,1733121024000011999;1733121024000012000;1733121024000012001;1733121024000012002;1733121024000012003;1733121024000012004;1733121024000012005;1733121024000012006;1733121024000012007;1733121024000012008;1733121024000012009;1733121024000012010;1733121024000012011;1733121024000012012;1733121024000012013;1733121024000012014;1733121024000012015;1733121024000012016;1733121024000012017;1733121024000012018;1733121024000012019;1733121024000012020;1733121024000012021;1733121024000012022;1733121024000012023;1733121024000012024;1733121024000012025;1733121024000012026,"17331210240000 card1 class202 built1892: 1 homes / 828 floor / NA land, assessment 1999,2000,2001,2002,2003,2004,2005; 17331210240000 card1 class202 built1892: 1 homes / 828 floor / 3520 land, assessment 2006; 17331210240000 card1 class211 built2006: 4 homes / 5160 floor / 3520 land, assessment 2007; 17331210240000 card1 class211 built2006: 3 homes / 5160 floor / 3520 land, assessment 2008,2009,2010,2011,2012,2013,2014,2015,2016,2017,2018,2019,2020,2021,2022,2023,2024,2025,2026",2026-09-15,TRUE,"101060500 | ACTIVE | 2025-03-17T00:00:00.000 | 3361 S LOWE AVE | SPR 2019 CBRC: NEW 3 CAR DETATCHED GARAGE TO SERVE EXISTING 3 DWELLING UNITS (OCCUPANCY GROUP; R-5, TYPE IIIA CONSTRUCTION)
101073759 | ACTIVE | 2025-10-09T00:00:00.000 | 3361 S LOWE AVE | SELF CERT: REVISION OF PERMIT 101060500 FOR A NEW 3 CAR DETACHED GARAGE TO SERVE EXISTING 3 DWELLING UNITS (OCCCUPANCY R-5; CONSTRUCTION III-A)",2006,5160,,FALSE,,,,Keep
76,residential_19102040040000,4151 W 47TH ST,TRUE,1,2500,1,2500,Retain,Original permit explicitly specifies a restaurant downstairs and one dwelling upstairs. Reuse the current recorded one-home correction and individual lot.,100094913,,Existing correction already applied.,1910204004000012009;1910204004000012010;1910204004000012011;1910204004000012012;1910204004000012013;1910204004000012014;1910204004000012015;1910204004000012016;1910204004000012017;1910204004000012018;1910204004000012019;1910204004000012020;1910204004000012021;1910204004000012022;1910204004000012023;1910204004000012024;1910204004000012025;1910204004000012026,"19102040040000 card1 class212 built2008: 3 homes / 2584 floor / 2500 land, assessment 2009; 19102040040000 card1 class212 built2008: 2 homes / 2584 floor / 2500 land, assessment 2010,2011,2012,2013,2014,2015,2016,2017,2018,2019,2020,2021,2022,2023,2024,2025,2026",2026-09-15,TRUE,100094913 | COMPLETE | 2007-02-26T00:00:00.000 | 4151 W 47TH ST | ERECT NEW 2 STORY MIXED USE WITH RESTAURANT IN THE FIRST FLOOR AND ONE DU IN THE SECOND FLOOR.,2008,2584,,FALSE,,,,Keep
77,residential_20032180540000,660 E 42ND ST (retired parcel),FALSE,2,2968,,,Retire duplicate,"The retired PIN 20032180540000 and successor 20032180670000 both identify 660 E 42nd. The successor first appears in 2009 immediately after the old record ends in 2008. Its recorded 2009 parcel point lies inside the old 2006 polygon, 6.15 feet from its centroid. Together these support retiring this obsolete observation, not counting a second building.",,,"The successor remains unresolved in case 78: original count and construction year are not established. Sources: preserved historical address rows for PIN 20032180540000; predecessor_parcel_history.csv row 200321806700002009; historical_project_parcel_source.gpkg, 2006 parcel 20032180540000, object 568566. Geometry was used to check identity, not calculate land.",2003218054000012007;2003218054000012008,"20032180540000 card1 class211 built2006: 3 homes / 2150 floor / 2968 land, assessment 2007; 20032180540000 card1 class211 built2006: 2 homes / 2150 floor / 2968 land, assessment 2008",2026-09-15,TRUE,,2006,2150,,FALSE,,,,Retire duplicate
78,residential_20032180670000,660 E 42ND ST,FALSE,2,4427,,4427,Hold identity,"The later parcel point lies inside the retired 660 E 42nd parcel, and the assessment histories are consecutive. Treat cases 77 and 78 as one property. The later land is source-reported 4427 square feet; original two versus three dwellings and construction years 2005/2006/2007 remain contradictory.",,https://www.redfin.com/IL/Chicago/660-E-42nd-St-60653/home/39558457;https://www.zillow.com/homedetails/660-E-42nd-St-Chicago-IL-60653/441094777_zpid/,"Recommend withholding the successor from density and retiring only the duplicate old record. No guessed count, year or lot allocation is proposed.",2003218067000012009;2003218067000012010;2003218067000012011;2003218067000012012;2003218067000012013;2003218067000012014;2003218067000012015;2003218067000012016;2003218067000012017;2003218067000012018;2003218067000012019;2003218067000012020;2003218067000012021;2003218067000012022;2003218067000012023;2003218067000012024;2003218067000012025;2003218067000012026,"20032180670000 card1 class211 built2005: 3 homes / 2308 floor / 4427 land, assessment 2009,2010,2011,2012,2013,2014,2015,2016; 20032180670000 card1 class211 built2005: 2 homes / 2308 floor / 4427 land, assessment 2017,2018,2019,2020,2021; 20032180670000 card1 class211 built2007: 2 homes / 2308 floor / 4427 land, assessment 2022,2023,2024,2025,2026",2026-09-15,TRUE,,2007,2308,Construction year,TRUE,,2308,"Additional listings repeat two apartments, year 2007 and the successor lot, without original completion evidence. They do not reconcile the old/new parcel histories showing 2005/2006/2007 and two/three apartments. The demonstrated parcel succession still supports retiring the old duplicate (case 77), but does not certify the successor count, construction year or original lot coverage.",Withhold density
79,residential_20041290270000,552 W 43RD ST,FALSE,2,3125,1,3125,Exclude pre-period,The same 2104-square-foot house is already in the 2005 assessment with construction year 2004. A 2020 listing describes a single-family home with a nonconforming garden apartment. Current two and year2007 should not overwrite the earlier original building without evidence.,,https://www.redfin.com/IL/Chicago/552-W-43rd-St-60609/home/13960268,Recommend pre-period exclusion. Uncertainty about when the garden apartment was added does not turn the original house into new construction in 2007.,2004129027000012005;2004129027000012006;2004129027000012007;2004129027000012008;2004129027000012009;2004129027000012010;2004129027000012011;2004129027000012012;2004129027000012013;2004129027000012014;2004129027000012015;2004129027000012016;2004129027000012017;2004129027000012018;2004129027000012019;2004129027000012020;2004129027000012021;2004129027000012022;2004129027000012023;2004129027000012024;2004129027000012025;2004129027000012026,"20041290270000 card1 class278 built2004: 1 homes / 2104 floor / NA land, assessment 2005; 20041290270000 card1 class278 built2004: 1 homes / 2104 floor / 3125 land, assessment 2006,2007,2008,2009,2010,2011,2012,2013,2014; 20041290270000 card1 class278 built2004: 2 homes / 2104 floor / 3125 land, assessment 2015; 20041290270000 card1 class211 built2007: 2 homes / 2104 floor / 3125 land, assessment 2016,2017,2018,2019,2020,2021,2022,2023,2024,2025,2026",2026-09-15,TRUE,,2007,2104,Construction year,TRUE,2004,2104,"The same 2104-square-foot house is already assessed in 2005 with year built 2004, before the study period. Later assessments change count and eventually year to 2007 without a located replacement-building record. The seller describes a house with a nonconforming garden apartment. Use 2004 for the original construction and keep it out of the study period.",Outside study period
80,residential_20102060190000,4749 S EVANS AVE,FALSE,4,2925,3,2925,Correct count,"Early assessments report three, and a 2013 gut-rehabilitation permit explicitly describes an existing three-dwelling building. This supports three over the later four, with the same reported individual lot.",100476695,https://affordablehousinghub.org/housing/illinois/cook-county/chicago/shops-and-lofts-at-47th-26381-public-housing,The 2013 work is rehabilitation; the earlier original 2008 construction date is not established solely by that permit.,2010206019000012010;2010206019000012011;2010206019000012012;2010206019000012013;2010206019000012014;2010206019000012015;2010206019000012016;2010206019000012017;2010206019000012018;2010206019000012019;2010206019000012020;2010206019000012021;2010206019000012022;2010206019000012023;2010206019000012024;2010206019000012025;2010206019000012026,"20102060190000 card1 class211 built2008: 3 homes / 6145 floor / 2925 land, assessment 2010,2011,2012,2013; 20102060190000 card1 class211 built2008: 3 homes / 5318 floor / 2925 land, assessment 2014,2015,2016,2017; 20102060190000 card1 class211 built2008: 4 homes / 5318 floor / 2925 land, assessment 2018,2019,2020,2021,2022,2023,2024,2025,2026",2026-09-15,TRUE,"100476695 | COMPLETE | 2013-02-05T00:00:00.000 | 4749 S EVANS AVE | INTERIOR ALTERATION OF EXISTING 4 STORY W/ BSMT VACANT BUILDING (GUT REHAB) RESIDENTIAL 3 DU (5,200SF)",2008,5318,,FALSE,,,,Keep
81,residential_20171100280000,5604 S BISHOP ST,FALSE,1,3125,1,3125,Retain,Original permit specifies a new single-family residence. Keep the current one over early two-unit classification and retain the individual lot.,100139661,,,2017110028000012008;2017110028000012009;2017110028000012010;2017110028000012011;2017110028000012012;2017110028000012013;2017110028000012014;2017110028000012015;2017110028000012016;2017110028000012017;2017110028000012018;2017110028000012019;2017110028000012020;2017110028000012021;2017110028000012022;2017110028000012023;2017110028000012024;2017110028000012025;2017110028000012026,"20171100280000 card1 class211 built2007: 2 homes / 1900 floor / 3125 land, assessment 2008,2009,2010; 20171100280000 card1 class207 built2007: 1 homes / 1900 floor / 3125 land, assessment 2011,2012,2013,2014,2015,2016,2017,2018,2019,2020,2021,2022,2023,2024,2025,2026",2026-09-15,TRUE,100139661 | COMPLETE | 2006-10-23T00:00:00.000 | 5604 S BISHOP ST | ERECT 2 STRY W/ BASEMENT; 3B CONSTRUCTION; SFR W/ 2CAR CONCRETE PARKING PAD AS PER PLANS (CONDITIONAL PERMIT SUBJECT TO FIELD INSPECTION),2007,1900,,FALSE,,,,Keep
82,residential_25281260330000,638 W 123RD ST,FALSE,3,3664,3,3664,Retain,"Completed original building permit specifies three apartments, supporting the current count over two in early assessments. Retain the individual recorded lot.",100227697;100085369,,A much later deck permit's single-family wording is not evidence of a dwelling conversion.,2528126033000012009;2528126033000012010;2528126033000012011;2528126033000012012;2528126033000012013;2528126033000012014;2528126033000012015;2528126033000012016;2528126033000012017;2528126033000012018;2528126033000012019;2528126033000012020;2528126033000012021;2528126033000012022;2528126033000012023;2528126033000012024;2528126033000012025;2528126033000012026,"25281260330000 card1 class211 built2008: 2 homes / 3368 floor / 3664 land, assessment 2009,2010,2011,2012; 25281260330000 card1 class211 built2008: 3 homes / 3368 floor / 3664 land, assessment 2013,2014,2015,2016,2017,2018,2019,2020,2021,2022,2023,2024,2025,2026",2026-09-15,TRUE,"100227697 | COMPLETE | 2008-04-15T00:00:00.000 | 638 W 123RD ST | ERECT 2 1/2 STORY RESIDENTIAL BLDG CONTAOINIGN 3 UNITS
100085369 | CANCELLED | 2006-01-31T00:00:00.000 | 638 W 123RD ST | ERECT NEW THREE STORY MASONRY BUILDING WITH 3 DWELLING UNITS.  CONDITIONAL PERMIT, SUBJECT TO FIELD INSPECTION.",2008,3368,,FALSE,,,,Keep
83,residential_25281260340000,640 W 123RD ST,FALSE,3,3250,3,3250,Retain,Completed original building permit specifies three apartments. Keep three and this building's separate recorded lot.,100227720;100096465,,A later deck permit's single-family wording does not establish a count change.,2528126034000012009;2528126034000012010;2528126034000012011;2528126034000012012;2528126034000012013;2528126034000012014;2528126034000012015;2528126034000012016;2528126034000012017;2528126034000012018;2528126034000012019;2528126034000012020;2528126034000012021;2528126034000012022;2528126034000012023;2528126034000012024;2528126034000012025;2528126034000012026,"25281260340000 card1 class211 built2008: 2 homes / 3368 floor / 3250 land, assessment 2009,2010,2011,2012; 25281260340000 card1 class211 built2008: 3 homes / 3368 floor / 3250 land, assessment 2013,2014,2015,2016,2017,2018,2019,2020,2021,2022,2023,2024,2025,2026",2026-09-15,TRUE,"100227720 | COMPLETE | 2008-04-15T00:00:00.000 | 640 W 123RD ST | ERECT 2 1/2 STORY RESIDENTIAL BLDG CONTAINING 3 UNITS
100096465 | CANCELLED | 2006-03-09T00:00:00.000 | 640 W 123RD ST | ERECT NEW THREE (3)STORY MASONRY RESIDENTIAL BLDG SLAB ON GRADE THREE (3) DWELLIGN UNITSM AS PER PLANS. CONDITIONAL PERMIT PENDING FIELD VERIFICATION",2008,3368,,FALSE,,,,Keep
84,residential_multicard_14203030190000,3542 N SOUTHPORT AVE,FALSE,4,3000,3,3000,Correct count and year,"New-building permit and completed first retail buildout describe three dwellings plus retail. Use three homes, not the mixed-use Assessor total four, and the individual parcel's lot.",100827228;100908959,https://www.coldwellbankerhomes.com/il/chicago/3542-n-southport-ave-2/pid_61226332/;https://ambergibson.com/Magazine%20PDFs/20211112Chicago.pdf,"Recommend three apartments and 2021, retaining 7266 square feet of building and 3000 square feet of reported land.",1420303019000012000;1420303019000022000;1420303019000012001;1420303019000012002;1420303019000012003;1420303019000012004;1420303019000012005;1420303019000012006;1420303019000012007;1420303019000012008;1420303019000012009;1420303019000012010;1420303019000012011;1420303019000012012;1420303019000012013;1420303019000012014;1420303019000012015;1420303019000012016;1420303019000012017;1420303019000012018;1420303019000012019;1420303019000012021;1420303019000012022;1420303019000012023;1420303019000012024;1420303019000012025;1420303019000012026,"14203030190000 card1 class219 built1899: NA homes / NA floor / NA land, assessment 2000,2001,2002; 14203030190000 card2 class219 built1899: NA homes / NA floor / NA land, assessment 2000; 14203030190000 card1 class211 built1899: 2 homes / 3360 floor / NA land, assessment 2003; 14203030190000 card1 class212 built1899: 3 homes / 3360 floor / NA land, assessment 2004,2005; 14203030190000 card1 class212 built1899: 3 homes / 3360 floor / 3000 land, assessment 2006,2007,2008,2009,2010,2011,2012,2013,2014,2015,2016,2017,2018,2019; 14203030190000 card1 class297 built2021: 3 homes / 7266 floor / 3000 land, assessment 2021; 14203030190000 card1 class212 built2022: 4 homes / 7266 floor / 3000 land, assessment 2022,2023,2024,2025,2026",2026-09-15,TRUE,"100827228 | EXPIRED | 2020-06-29T00:00:00.000 | 3542 N SOUTHPORT AVE | SELF-CERTIFICATION REVIEW: ERECT 4 STORY 3 D.U. BUILDING (3B CONSTRUCTION), 1ST FLOOR RETAIL, 2 CAR GARAGE AT 1ST FLOOR, ROOFTOP DECK WITH TRELLIS, ROOFTOP STAIR ENCLOSURES, 6' HIGH MASONRY TRASH ENCLOSURE AS PER PLAN.
100908959 | COMPLETE | 2021-02-26T00:00:00.000 | 3542 N SOUTHPORT AVE | SELF-CERT 2019 CBRC: FIRST TIME INTERIOR BUILD-OUT AT 1ST FLOOR RETAIL SPACE FOR CLOTHES STORE IN EXISTING 4 STORY 3 D.U./RETAIL BUILDING AS PER PLAN (OCCUPANCY GROUP M, TYPE IIIA CONSTRUCTION).",2022,7266,Construction year,TRUE,2021,7266,"The new building already appears in the 2021 assessment as three apartments, year 2021 and 7266 square feet. The February 2021 retail-buildout permit describes an existing four-story three-dwelling building. Rental marketing independently gives three apartments and year 2021, and the retail tenant was open by late 2021. The later four combines residential and retail uses. Adoption location check: Use the preserved 2025 exact-PIN point for 14203030190000 at 3542 N Southport. The same parcel contains the 2021 three-apartment building identified by the assessment and first retail buildout. The point is a parcel-location proxy; no lot or floor area is computed from it.",Keep
85,residential_multicard_14203110570000,3440 N SOUTHPORT AVE,FALSE,4,6032,,,Exclude addition,"The construction permit adds residential floors to existing office/restaurant buildings at 3438-3440 Southport. This is an addition, not a wholly new building. Other old cards remain on the same 6032-square-foot parcel.",100387626,,Three new apartments in an addition do not meet the agreed new-building definition; do not assign the whole mixed old/new site to a new building.,1420311057000012012;1420311057000022012;1420311057000012013;1420311057000022013;1420311057000012014;1420311057000022014;1420311057000012015;1420311057000022015;1420311057000012016;1420311057000022016;1420311057000012017;1420311057000022017;1420311057000012018;1420311057000022018;1420311057000012019;1420311057000022019;1420311057000012020;1420311057000022020;1420311057000012021;1420311057000022021;1420311057000012022;1420311057000022022;1420311057000012023;1420311057000022023;1420311057000012024;1420311057000022024;1420311057000012025;1420311057000022025;1420311057000012026;1420311057000022026,"14203110570000 card1 class212 built1909: 2 homes / 3423 floor / 6032 land, assessment 2012,2013,2014,2015,2016,2017,2018,2019,2020,2021,2022,2023,2024,2025,2026; 14203110570000 card2 class212 built2011: 3 homes / 7275 floor / 6032 land, assessment 2012; 14203110570000 card2 class212 built2011: 4 homes / 7275 floor / 6032 land, assessment 2013,2014,2015,2016,2017,2018,2019,2020,2021,2022,2023,2024,2025,2026",2026-09-15,TRUE,"100387626 | COMPLETE | 2011-09-30T00:00:00.000 | 3438 N SOUTHPORT AVE | 2 STORY A2 TYPE III-B ADDITION TO EXISTING 2-STORY, III-B, TYPE E & F BUILDING; TOTAL OF 3 STORIES; FIRST FLOOR OF 3440 IS EXISTING RESTAURANT; FIRST AND SECOND FLOOR OF 3438 IS EXISTING OFFICE ,SECOND FLOOR OF 3440 IS A NEW 1 DU;THIRD FLOOR TWO NEW DWELLING UNITS, NEW TRASH ENCLOSURE",2011,7275,,FALSE,,,,Exclude: not new construction
86,residential_tieback_13224160090000,3408 N MILWAUKEE AVE,TRUE,2,5000,6,5000,Correct count and year,"Original permit specifies six apartments, agreeing with both early Assessor component records. The later two is unsupported. Use six with the source-reported combined land of the two parcels.",100490799,https://www.zillow.com/apartments/chicago-il/milwaukee-avenue/CrvhSh/;https://www.realtor.com/rentals/details/3408-N-Milwaukee-Ave_Chicago_IL_60641_M76644-91837,"Recommend six and 2014, retaining 8355 square feet of building and the two reported 2500-square-foot lots (5000 total).",1322416009000012014;1322416009000012015;1322416009000012016;1322416009000012017;1322416009000012018;1322416009000012019;1322416009000012020;1322416009000012021;1322416009000012022;1322416009000012023;1322416009000012024;1322416009000012025;1322416009000012026;1322416010000012014;1322416010000012015;1322416010000012016;1322416010000012017;1322416010000012018;1322416010000012019;1322416010000012020;1322416010000012021;1322416010000012022;1322416010000012023;1322416010000012024;1322416010000012025;1322416010000012026,"13224160090000 card1 class211 built2011: 6 homes / 8355 floor / 2500 land, assessment 2014; 13224160090000 card1 class211 built2011: 2 homes / 8355 floor / 2500 land, assessment 2015,2016,2017,2018,2019,2020; 13224160090000 card1 class211 built2012: 2 homes / 8355 floor / 2500 land, assessment 2021,2022,2023,2024,2025,2026; 13224160100000 card1 class211 built2011: 6 homes / 8355 floor / 2500 land, assessment 2014; 13224160100000 card1 class211 built2011: 2 homes / 8355 floor / 2500 land, assessment 2015,2016,2017,2018,2019,2020; 13224160100000 card1 class211 built2012: 2 homes / 8355 floor / 2500 land, assessment 2021,2022,2023,2024,2025,2026",2026-09-15,TRUE,"100490799 | COMPLETE | 2013-07-23T00:00:00.000 | 3408 N MILWAUKEE AVE | ERECT A NEW 3 STORY MASONRY RESIDENTIAL BUILDING 6 DWELLING UNITS AND A NEW 6 CAR DETACHED MASONRY 57'-1"" X 20' AS PER PLANS.",2012,8355,Construction year,TRUE,2014,8355,"The exact-parcel new-building permit specifies six apartments in July 2013, with construction electrical work in January 2014. The building first appears in the 2014 Assessor history with six. Rental-community marketing reports 2014. Use that supported completion proxy for this six-apartment building; the 36-unit community marketing total includes other buildings and must not replace its count. Adoption location check: Use completed original six-apartment permit 100490799 at 3408 N Milwaukee, which lists both component base PINs 1322416009 and 1322416010, for location.",Keep
87,residential_tieback_19241040080000,2935-2937 W 63RD ST,FALSE,4,7257,,,Unresolved,"Preserved addresses identify the retired parcel pair as 2935-2937 W 63rd. The four/five-unit conflict continues in successor parcels 19241040420000 and 19241040430000: both report five apartments with the same 8700-square-foot building, tied to parcel 042 at one-half each. Their reported lots sum to 7411, versus 7257 on the old pair. The January 2006 new-building permit at 2935 specifies two dwellings plus commercial space.",100076538,https://www.countyoffice.org/w-63rd-st-chicago-il-property-records/,"Recommend withholding density. Do not add two presumed buildings or substitute successor land without evidence that count, floor and lot describe the same original project.",1924104008000012007;1924104008000012008;1924104009000012007;1924104009000012008,"19241040080000 card1 class212 built2006: 5 homes / 8700 floor / 3125 land, assessment 2007; 19241040080000 card1 class212 built2006: 4 homes / 8700 floor / 3125 land, assessment 2008; 19241040090000 card1 class212 built2006: 4 homes / 8700 floor / 4132 land, assessment 2007,2008",2026-09-15,TRUE,100076538 | COMPLETE | 2006-01-03T00:00:00.000 | 2935 W 63RD ST | ERECT 2 STORY BUILDING 1 COMMERCIAL 2 DU AS PER PLAN,2006,8700,,TRUE,,8700,"The additional searches identify the medical practice at 2935–2937 and repeat public-record measurements, without resolving which apartments belong to the combined building. The preserved new permit at 2935 specifies two apartments plus a commercial space. That cannot establish four or five for the combined old parcel pair, nor explain the successor pair with different land. A commercial address range is not proof of residential building coverage.",Withhold density
