target_year,pin10
2006,0925304043
2006,0925321010
2006,0936202033
2006,0936225033
2006,0936410014
2006,1025319004
2006,1025411010
2006,1029306026
2006,1031412004
2006,1032119033
2006,1036229004
2006,1036300021
2006,1036300022
2006,1036326012
2006,1130322008
2006,1131111016
2006,1131203017
2006,1131210041
2006,1132104018
2006,1132104020
2006,1132104021
2006,1201308008
2006,1212103018
2006,1212105002
2006,1212226026
2006,1212227003
2006,1212227033
2006,1214104021
2006,1223222011
2006,1223222017
2006,1223225022
2006,1223225023
2006,1223415032
2006,1223426018
2006,1224210009
2006,1224210010
2006,1224303039
2006,1224308015
2006,1224316007
2006,1224317014
2006,1224321006
2006,1224421052
2006,1224421053
2006,1224430039
2006,1225203033
2006,1225207038
2006,1225209042
2006,1301126027
2006,1301126055
2006,1301318001
2006,1302114047
2006,1302204052
2006,1302416019
2006,1302416020
2006,1303205013
2006,1303315032
2006,1303315033
2006,1303402001
2006,1303402014
2006,1304217026
2006,1304411001
2006,1304411002
2006,1304411043
2006,1304411044
2006,1305315013
2006,1306103025
2006,1306103030
2006,1306103033
2006,1306103051
2006,1306106016
2006,1306116014
2006,1306208007
2006,1306216004
2006,1306219024
2006,1306305053
2006,1306311033
2006,1306312029
2006,1307103038
2006,1307103039
2006,1307201021
2006,1307205040
2006,1307406003
2006,1307409008
2006,1307417053
2006,1308305013
2006,1308310016
2006,1308418060
2006,1308428043
2006,1309109012
2006,1309314039
2006,1310308066
2006,1310308067
2006,1310312011
2006,1310312094
2006,1310312095
2006,1311403047
2006,1312216007
2006,1312216008
2006,1312403024
2006,1312411042
2006,1312411043
2006,1312411044
2006,1312411045
2006,1312411046
2006,1312411102
2006,1312411103
2006,1312411104
2006,1312411105
2006,1312411106
2006,1312411107
2006,1312411108
2006,1312411109
2006,1312411110
2006,1312411111
2006,1312411112
2006,1312411113
2006,1312411114
2006,1312411115
2006,1312411116
2006,1312411117
2006,1312411118
2006,1312411119
2006,1312411120
2006,1312411122
2006,1312411123
2006,1312411124
2006,1313302018
2006,1313322031
2006,1313327002
2006,1313327021
2006,1313328014
2006,1313402034
2006,1313404060
2006,1313406004
2006,1313408035
2006,1313412038
2006,1313417005
2006,1313419009
2006,1314124007
2006,1314124044
2006,1314214018
2006,1314214019
2006,1314305024
2006,1314400005
2006,1314417042
2006,1315101031
2006,1315104002
2006,1315104035
2006,1315112032
2006,1315112033
2006,1315123007
2006,1315129041
2006,1315129042
2006,1315225024
2006,1315310011
2006,1315310014
2006,1315310016
2006,1315310027
2006,1315310030
2006,1315310031
2006,1315310033
2006,1315401018
2006,1315402019
2006,1315410010
2006,1316102027
2006,1316102028
2006,1316108043
2006,1316112033
2006,1316112034
2006,1316113015
2006,1316113037
2006,1316113038
2006,1316115011
2006,1316115012
2006,1316115049
2006,1316115050
2006,1316117046
2006,1317109071
2006,1317117023
2006,1317209041
2006,1317216038
2006,1317216039
2006,1317309093
2006,1317313010
2006,1319121009
2006,1319123050
2006,1319409036
2006,1319415047
2006,1319433047
2006,1320109034
2006,1321209013
2006,1321224034
2006,1321301012
2006,1322102050
2006,1322102051
2006,1322102052
2006,1322102057
2006,1322102058
2006,1322102061
2006,1322102079
2006,1322102080
2006,1322102081
2006,1322102084
2006,1322102090
2006,1322102091
2006,1322102097
2006,1322102098
2006,1322102099
2006,1322102100
2006,1322102102
2006,1322202011
2006,1322202026
2006,1322217001
2006,1323121038
2006,1323121039
2006,1323204045
2006,1323204046
2006,1323204047
2006,1323204048
2006,1323204049
2006,1323204051
2006,1323204052
2006,1323204053
2006,1323204054
2006,1323218038
2006,1323303003
2006,1323314040
2006,1323314041
2006,1324105006
2006,1324122044
2006,1324200032
2006,1324200033
2006,1324200034
2006,1324200035
2006,1324200036
2006,1324200037
2006,1324200038
2006,1324200039
2006,1324200040
2006,1324200041
2006,1324200042
2006,1324200043
2006,1324200044
2006,1324200045
2006,1324200046
2006,1324200047
2006,1324200048
2006,1324200049
2006,1324200050
2006,1324200051
2006,1324200052
2006,1324200053
2006,1324200054
2006,1324200055
2006,1324200056
2006,1324200057
2006,1324200058
2006,1324200059
2006,1324200060
2006,1324200061
2006,1324200062
2006,1324200063
2006,1324200064
2006,1324200065
2006,1324200066
2006,1324200067
2006,1324200068
2006,1324200069
2006,1324200070
2006,1324200071
2006,1324200072
2006,1324200073
2006,1324200074
2006,1324200075
2006,1324200076
2006,1324200077
2006,1324200078
2006,1324200079
2006,1324200080
2006,1324200081
2006,1324200082
2006,1324200083
2006,1324200084
2006,1324200085
2006,1324200086
2006,1324200087
2006,1324212004
2006,1324212005
2006,1324212006
2006,1324212007
2006,1324212009
2006,1324212010
2006,1324213001
2006,1324213002
2006,1324213003
2006,1324213004
2006,1324213006
2006,1324213007
2006,1324213008
2006,1324213011
2006,1324213012
2006,1324302033
2006,1324302034
2006,1324302035
2006,1324303043
2006,1324303044
2006,1324305006
2006,1324305010
2006,1324307003
2006,1324318037
2006,1324318038
2006,1324321008
2006,1324321014
2006,1324321018
2006,1324322007
2006,1325110013
2006,1325121022
2006,1325133001
2006,1325203041
2006,1325203047
2006,1325203048
2006,1325203049
2006,1325203050
2006,1325203051
2006,1325203052
2006,1325203053
2006,1325216051
2006,1325216052
2006,1325315025
2006,1325315026
2006,1325400026
2006,1325410017
2006,1325416009
2006,1325420019
2006,1325422032
2006,1325422033
2006,1325428040
2006,1325430041
2006,1325430042
2006,1326106006
2006,1326126045
2006,1326205049
2006,1326205050
2006,1326229039
2006,1326314039
2006,1328305011
2006,1328327009
2006,1330219061
2006,1330219062
2006,1330219063
2006,1330219064
2006,1330219065
2006,1330219066
2006,1330219067
2006,1330219068
2006,1330219069
2006,1330219070
2006,1330219071
2006,1330219072
2006,1330219073
2006,1330219074
2006,1330219075
2006,1330219076
2006,1330219077
2006,1330219078
2006,1330219079
2006,1330219080
2006,1330219081
2006,1330219082
2006,1330223041
2006,1330223042
2006,1330225040
2006,1330302019
2006,1330317039
2006,1330317040
2006,1330403057
2006,1331108012
2006,1332215002
2006,1332215049
2006,1333402024
2006,1333419010
2006,1334117009
2006,1334122050
2006,1334212012
2006,1334228021
2006,1334230051
2006,1334401035
2006,1334414027
2006,1334415012
2006,1334418034
2006,1334422025
2006,1335112043
2006,1335211012
2006,1335224047
2006,1335301016
2006,1335409045
2006,1335409047
2006,1335409048
2006,1335409049
2006,1335409050
2006,1335409051
2006,1335409052
2006,1335409053
2006,1335409054
2006,1335409055
2006,1335409056
2006,1335409057
2006,1335409058
2006,1335409059
2006,1335409060
2006,1335409061
2006,1335409062
2006,1335412034
2006,1335413037
2006,1335413038
2006,1335413044
2006,1335419024
2006,1335420028
2006,1336104003
2006,1336104027
2006,1336104028
2006,1336107027
2006,1336107035
2006,1336107036
2006,1336107037
2006,1336107038
2006,1336107051
2006,1336113056
2006,1336113057
2006,1336115022
2006,1336116028
2006,1336119015
2006,1336119023
2006,1336119024
2006,1336201026
2006,1336203010
2006,1336203059
2006,1336204015
2006,1336219028
2006,1336220018
2006,1336227072
2006,1336314043
2006,1336315046
2006,1336315047
2006,1336315048
2006,1336315049
2006,1336315050
2006,1336315051
2006,1336315052
2006,1336320036
2006,1336320037
2006,1336331018
2006,1336402027
2006,1336406029
2006,1336406032
2006,1336406033
2006,1336407023
2006,1336407027
2006,1336408018
2006,1336408035
2006,1336408041
2006,1336409045
2006,1336409046
2006,1336410015
2006,1336416023
2006,1336419032
2006,1336419035
2006,1336420038
2006,1336421030
2006,1336422052
2006,1336423010
2006,1336424008
2006,1336428006
2006,1336430019
2006,1336430020
2006,1336430023
2006,1336431005
2006,1336431010
2006,1336432003
2006,1405125036
2006,1405128030
2006,1405312020
2006,1405316067
2006,1405318012
2006,1406225010
2006,1406404017
2006,1406404018
2006,1406405017
2006,1406407062
2006,1406411004
2006,1407113011
2006,1407213021
2006,1407215007
2006,1407217006
2006,1407221022
2006,1407221023
2006,1407222021
2006,1407304007
2006,1407304031
2006,1407304033
2006,1407319023
2006,1407401004
2006,1407407026
2006,1407407027
2006,1407408016
2006,1407413025
2006,1407421047
2006,1407423045
2006,1408308021
2006,1408310013
2006,1417304009
2006,1417305004
2006,1417314068
2006,1418104015
2006,1418105015
2006,1418118006
2006,1418122029
2006,1418122030
2006,1418126016
2006,1418200023
2006,1418201021
2006,1418201022
2006,1418210055
2006,1418210056
2006,1418214006
2006,1418217023
2006,1418217024
2006,1418219005
2006,1418221043
2006,1418221044
2006,1418300029
2006,1418301016
2006,1418301019
2006,1418308003
2006,1418309011
2006,1418309030
2006,1418309068
2006,1418314012
2006,1418317008
2006,1418317018
2006,1418317026
2006,1418317034
2006,1418321011
2006,1418321012
2006,1418323007
2006,1418323008
2006,1418401013
2006,1418408031
2006,1418414006
2006,1418414007
2006,1418416038
2006,1418416041
2006,1418423016
2006,1419101020
2006,1419114008
2006,1419114013
2006,1419119023
2006,1419120027
2006,1419122008
2006,1419122014
2006,1419122031
2006,1419128019
2006,1419130002
2006,1419131018
2006,1419213005
2006,1419214028
2006,1419215047
2006,1419305014
2006,1419306020
2006,1419308030
2006,1419311034
2006,1419313045
2006,1419314016
2006,1419315013
2006,1419316028
2006,1419316038
2006,1419317049
2006,1419322016
2006,1419324022
2006,1419325038
2006,1419326035
2006,1419327021
2006,1419327030
2006,1419331010
2006,1419401047
2006,1419409017
2006,1419410019
2006,1419419008
2006,1419419009
2006,1419419027
2006,1419423009
2006,1419427010
2006,1419429016
2006,1419429042
2006,1419432018
2006,1419434007
2006,1420100039
2006,1420100048
2006,1420101019
2006,1420101033
2006,1420101035
2006,1420105034
2006,1420105037
2006,1420108027
2006,1420112006
2006,1420113005
2006,1420113024
2006,1420113025
2006,1420121019
2006,1420228011
2006,1420228012
2006,1420309005
2006,1420318036
2006,1420319039
2006,1420320038
2006,1420322012
2006,1420322013
2006,1420323069
2006,1420323070
2006,1420323071
2006,1420323072
2006,1420323073
2006,1420325004
2006,1420325039
2006,1420327003
2006,1420410049
2006,1420426016
2006,1420426017
2006,1428104032
2006,1428304040
2006,1428304053
2006,1428304054
2006,1428304083
2006,1428304087
2006,1428311042
2006,1428311079
2006,1429105004
2006,1429105016
2006,1429109025
2006,1429114033
2006,1429115016
2006,1429115041
2006,1429116016
2006,1429118027
2006,1429118063
2006,1429119039
2006,1429119040
2006,1429129006
2006,1429130010
2006,1429227033
2006,1429300045
2006,1429300064
2006,1429301010
2006,1429306018
2006,1429315062
2006,1429323003
2006,1429403023
2006,1429405020
2006,1429407008
2006,1429407016
2006,1429407066
2006,1429407067
2006,1429407095
2006,1429407096
2006,1429408027
2006,1429410044
2006,1429412067
2006,1429413002
2006,1429414004
2006,1429414016
2006,1429414023
2006,1429414024
2006,1429421027
2006,1429423026
2006,1429423027
2006,1430102027
2006,1430102028
2006,1430103040
2006,1430104001
2006,1430104002
2006,1430104048
2006,1430106051
2006,1430106053
2006,1430106055
2006,1430106065
2006,1430106069
2006,1430111007
2006,1430113027
2006,1430118036
2006,1430118037
2006,1430118038
2006,1430118039
2006,1430118040
2006,1430202027
2006,1430202030
2006,1430205014
2006,1430209007
2006,1430210021
2006,1430210022
2006,1430210027
2006,1430213011
2006,1430213019
2006,1430213022
2006,1430214001
2006,1430218012
2006,1430220022
2006,1430220045
2006,1430221037
2006,1430222032
2006,1430222033
2006,1430223161
2006,1430223258
2006,1430223259
2006,1430223260
2006,1430223265
2006,1430223268
2006,1430223269
2006,1430224039
2006,1430224042
2006,1430224043
2006,1430224044
2006,1430224046
2006,1430224048
2006,1430224049
2006,1430403101
2006,1430403104
2006,1430403106
2006,1430403117
2006,1430403127
2006,1430403132
2006,1430403133
2006,1430403139
2006,1430403140
2006,1430403142
2006,1430403148
2006,1430403152
2006,1430403169
2006,1430403175
2006,1430403178
2006,1430403184
2006,1430403185
2006,1430403187
2006,1430403196
2006,1430403197
2006,1430403199
2006,1430404012
2006,1430404016
2006,1430404033
2006,1430404057
2006,1430404085
2006,1430404104
2006,1430405043
2006,1430405044
2006,1430405065
2006,1430407004
2006,1430407050
2006,1430409002
2006,1430409004
2006,1430410005
2006,1430410006
2006,1431106008
2006,1431106019
2006,1431111011
2006,1431120038
2006,1431124015
2006,1431124030
2006,1431127012
2006,1431127035
2006,1431129043
2006,1431132020
2006,1431139017
2006,1431207015
2006,1431208028
2006,1431213009
2006,1431213010
2006,1431303030
2006,1431304028
2006,1431306026
2006,1431306044
2006,1431306045
2006,1431306057
2006,1431307005
2006,1431307046
2006,1431311030
2006,1431313005
2006,1431313006
2006,1431313007
2006,1431313008
2006,1431313009
2006,1431316015
2006,1431317012
2006,1431323002
2006,1431325019
2006,1431328065
2006,1431400022
2006,1431402036
2006,1431409052
2006,1431411041
2006,1431411042
2006,1431411048
2006,1431416023
2006,1431417033
2006,1431417036
2006,1431417037
2006,1431419041
2006,1431420019
2006,1431420020
2006,1431420049
2006,1431420050
2006,1431420052
2006,1431421003
2006,1431425063
2006,1431427008
2006,1431427032
2006,1431429011
2006,1431430031
2006,1431430034
2006,1432102036
2006,1432103024
2006,1432106013
2006,1432111009
2006,1432126034
2006,1432211039
2006,1432213030
2006,1432214016
2006,1432215038
2006,1432219043
2006,1432226028
2006,1432226039
2006,1432226057
2006,1432228010
2006,1432403033
2006,1432408018
2006,1432409034
2006,1432409035
2006,1432409043
2006,1432410035
2006,1432426042
2006,1433107016
2006,1433111068
2006,1433121082
2006,1433301070
2006,1433302039
2006,1433302092
2006,1433302163
2006,1433302167
2006,1433304047
2006,1433304048
2006,1433306028
2006,1433307014
2006,1433308019
2006,1433308020
2006,1433308062
2006,1433314043
2006,1433317021
2006,1433318036
2006,1433406047
2006,1601202040
2006,1601204035
2006,1601205016
2006,1601205019
2006,1601207038
2006,1601207039
2006,1601207042
2006,1601217044
2006,1601227032
2006,1601313043
2006,1601313044
2006,1601313045
2006,1601326052
2006,1601326053
2006,1601400001
2006,1601400002
2006,1601407041
2006,1601409029
2006,1601411017
2006,1601418020
2006,1602112020
2006,1602113022
2006,1602214001
2006,1602219022
2006,1602228020
2006,1602228021
2006,1602228022
2006,1602228023
2006,1602228027
2006,1602228028
2006,1602228029
2006,1602228030
2006,1602308023
2006,1602312010
2006,1602318025
2006,1602408037
2006,1602408038
2006,1602408049
2006,1602417015
2006,1602423001
2006,1603202028
2006,1603209019
2006,1603209033
2006,1603209034
2006,1603307028
2006,1603307029
2006,1603403032
2006,1603411002
2006,1604317039
2006,1604322002
2006,1604322006
2006,1604326014
2006,1604327012
2006,1604327013
2006,1608401005
2006,1608408032
2006,1608408033
2006,1608408034
2006,1609104017
2006,1609113001
2006,1609120021
2006,1609307017
2006,1609312046
2006,1609312047
2006,1609313054
2006,1609422030
2006,1609422031
2006,1609422032
2006,1609422033
2006,1609422034
2006,1610325026
2006,1610325027
2006,1610410035
2006,1610413022
2006,1610416006
2006,1610416011
2006,1611114029
2006,1611122003
2006,1611303026
2006,1611304028
2006,1611304041
2006,1611306054
2006,1612203038
2006,1612206005
2006,1612206007
2006,1612207019
2006,1612213041
2006,1612306048
2006,1612320035
2006,1612324043
2006,1612324044
2006,1612325006
2006,1612325050
2006,1613110004
2006,1613208027
2006,1613212016
2006,1613212042
2006,1613217013
2006,1613217017
2006,1613233010
2006,1613234005
2006,1613235018
2006,1613305028
2006,1613305049
2006,1613307055
2006,1613308001
2006,1613308002
2006,1613308003
2006,1613308004
2006,1613308037
2006,1613308046
2006,1613308061
2006,1613308062
2006,1613308063
2006,1613308064
2006,1613308065
2006,1613312002
2006,1613312003
2006,1613312044
2006,1613312046
2006,1613312056
2006,1613312057
2006,1613312058
2006,1613317048
2006,1613322005
2006,1613323012
2006,1613324042
2006,1613324043
2006,1613324044
2006,1613324045
2006,1613324046
2006,1613324047
2006,1613324048
2006,1613324049
2006,1613325024
2006,1613406010
2006,1613408015
2006,1613420039
2006,1613426050
2006,1613427013
2006,1613429009
2006,1613429013
2006,1614109034
2006,1614112040
2006,1614112041
2006,1614220001
2006,1614220021
2006,1614220022
2006,1614220023
2006,1614220024
2006,1614220025
2006,1614306007
2006,1614312011
2006,1614324020
2006,1614324021
2006,1614324032
2006,1614324033
2006,1614325041
2006,1614327004
2006,1614404046
2006,1614405041
2006,1614427010
2006,1615106038
2006,1615106039
2006,1615207037
2006,1615215039
2006,1615215047
2006,1615215048
2006,1615221021
2006,1615221042
2006,1615221043
2006,1615226040
2006,1615316009
2006,1615317018
2006,1615317025
2006,1615401012
2006,1615401038
2006,1615401039
2006,1615401040
2006,1615401041
2006,1615404005
2006,1615404022
2006,1615412040
2006,1615422021
2006,1615422045
2006,1615422046
2006,1615426011
2006,1615426013
2006,1615426018
2006,1616110071
2006,1616110072
2006,1616208052
2006,1616208053
2006,1616409064
2006,1622200044
2006,1622200045
2006,1622200046
2006,1622200047
2006,1622201014
2006,1622201015
2006,1622201025
2006,1622201039
2006,1622202022
2006,1622202035
2006,1622206022
2006,1622208027
2006,1622209015
2006,1622210006
2006,1622210008
2006,1622210009
2006,1622210010
2006,1622210011
2006,1622210017
2006,1622210031
2006,1622210045
2006,1622210046
2006,1622213025
2006,1622218040
2006,1622220029
2006,1622220046
2006,1622220047
2006,1622220049
2006,1622223022
2006,1622223038
2006,1622223040
2006,1622223041
2006,1622225024
2006,1622225027
2006,1622225030
2006,1622226013
2006,1622226014
2006,1622227019
2006,1622227024
2006,1622227026
2006,1622227027
2006,1622227028
2006,1622228001
2006,1622228002
2006,1622228010
2006,1622228014
2006,1622229024
2006,1622405024
2006,1622405047
2006,1622405048
2006,1622407016
2006,1622415019
2006,1623101041
2006,1623108002
2006,1623108038
2006,1623115001
2006,1623116042
2006,1623116043
2006,1623116044
2006,1623116046
2006,1623122023
2006,1623123001
2006,1623123002
2006,1623123004
2006,1623124014
2006,1623125026
2006,1623125027
2006,1623126008
2006,1623129022
2006,1623202036
2006,1623202045
2006,1623203049
2006,1623203073
2006,1623203078
2006,1623205042
2006,1623206011
2006,1623206014
2006,1623206015
2006,1623206025
2006,1623206026
2006,1623206027
2006,1623206030
2006,1623206034
2006,1623206036
2006,1623206037
2006,1623206038
2006,1623206039
2006,1623206042
2006,1623206043
2006,1623212015
2006,1623215021
2006,1623219019
2006,1623223035
2006,1623224008
2006,1623225040
2006,1623226039
2006,1623228017
2006,1623304042
2006,1623313054
2006,1623321029
2006,1623401024
2006,1623401025
2006,1623401027
2006,1623401034
2006,1623401045
2006,1623402003
2006,1623402004
2006,1623402015
2006,1623402021
2006,1623402040
2006,1623402045
2006,1623402046
2006,1623403045
2006,1623403046
2006,1623406014
2006,1624302049
2006,1624302050
2006,1624302051
2006,1624302052
2006,1624302053
2006,1624302054
2006,1624302055
2006,1624302056
2006,1624302057
2006,1624302058
2006,1624302059
2006,1624302060
2006,1624302062
2006,1624400033
2006,1625103042
2006,1625126022
2006,1625218052
2006,1625218053
2006,1626207010
2006,1626207020
2006,1626221012
2006,1626426022
2006,1627102007
2006,1635407058
2006,1635407059
2006,1635407060
2006,1635407061
2006,1635407062
2006,1635407063
2006,1635407064
2006,1635407065
2006,1635407066
2006,1635407068
2006,1635407069
2006,1635407070
2006,1635407071
2006,1635407072
2006,1635407073
2006,1635407074
2006,1635407075
2006,1635407076
2006,1635407077
2006,1635407078
2006,1635407079
2006,1636201009
2006,1636306027
2006,1636308012
2006,1636308036
2006,1636308037
2006,1636413016
2006,1636413020
2006,1636427057
2006,1704122001
2006,1704122021
2006,1704202028
2006,1704203045
2006,1704211001
2006,1704224024
2006,1704305042
2006,1704305043
2006,1704305044
2006,1704305045
2006,1704305046
2006,1704305047
2006,1704305048
2006,1704305049
2006,1704305050
2006,1704305051
2006,1704305052
2006,1704305053
2006,1704305054
2006,1704305055
2006,1704305056
2006,1704306032
2006,1704306033
2006,1704306034
2006,1704306035
2006,1704306036
2006,1704306037
2006,1704306038
2006,1704306048
2006,1704306049
2006,1704306050
2006,1704306051
2006,1704306052
2006,1704306053
2006,1704306054
2006,1704306055
2006,1705107055
2006,1705107056
2006,1705115007
2006,1705309041
2006,1705319031
2006,1705320009
2006,1705322024
2006,1705322027
2006,1705412010
2006,1705414004
2006,1705414006
2006,1705414036
2006,1705417004
2006,1706112055
2006,1706112056
2006,1706112057
2006,1706112058
2006,1706112059
2006,1706112060
2006,1706112061
2006,1706129019
2006,1706200037
2006,1706202013
2006,1706209003
2006,1706217047
2006,1706229003
2006,1706229004
2006,1706229018
2006,1706313003
2006,1706417053
2006,1707111009
2006,1707112024
2006,1707113020
2006,1707113031
2006,1707113033
2006,1707114022
2006,1707116002
2006,1707116049
2006,1707117042
2006,1707120041
2006,1707121035
2006,1707121055
2006,1707122014
2006,1707123016
2006,1707124003
2006,1707127015
2006,1707201031
2006,1707201048
2006,1707204010
2006,1707205011
2006,1707205023
2006,1707205028
2006,1707206013
2006,1707206014
2006,1707209008
2006,1707209013
2006,1707209053
2006,1707209054
2006,1707210044
2006,1707210056
2006,1707219007
2006,1707219010
2006,1707221042
2006,1707222019
2006,1707224015
2006,1707224018
2006,1707327024
2006,1707327025
2006,1707327026
2006,1707327038
2006,1707327039
2006,1707327040
2006,1707330043
2006,1707330047
2006,1707330058
2006,1707330059
2006,1707330063
2006,1707330064
2006,1707429013
2006,1707429014
2006,1707429015
2006,1707429016
2006,1707429017
2006,1707429026
2006,1708102025
2006,1708111009
2006,1708116007
2006,1708118010
2006,1708132045
2006,1708422016
2006,1708422017
2006,1708426042
2006,1709119030
2006,1709119035
2006,1709119040
2006,1709119042
2006,1709120019
2006,1709120020
2006,1709120021
2006,1709120022
2006,1709120025
2006,1709130008
2006,1717105072
2006,1717113031
2006,1717113034
2006,1717113035
2006,1717201012
2006,1717201013
2006,1717201014
2006,1717201015
2006,1717201016
2006,1717201017
2006,1717201018
2006,1717201019
2006,1717201020
2006,1717201021
2006,1717201022
2006,1717201023
2006,1717201024
2006,1717201025
2006,1717201026
2006,1717201027
2006,1717201028
2006,1717201029
2006,1717201030
2006,1717201031
2006,1717201032
2006,1717201033
2006,1717201034
2006,1717201035
2006,1717201036
2006,1717201037
2006,1717201038
2006,1717201039
2006,1717201040
2006,1717201041
2006,1717201042
2006,1717201043
2006,1717201044
2006,1717201045
2006,1717205018
2006,1717205019
2006,1717205020
2006,1717210041
2006,1717210048
2006,1717210052
2006,1717210065
2006,1717210068
2006,1717210078
2006,1717210095
2006,1717210098
2006,1717226019
2006,1717226020
2006,1717226021
2006,1717226022
2006,1717226023
2006,1717226024
2006,1717303016
2006,1717323002
2006,1717323006
2006,1717323021
2006,1717323025
2006,1717323029
2006,1717323040
2006,1717323042
2006,1717323044
2006,1717323046
2006,1717334009
2006,1717334021
2006,1717334023
2006,1717334024
2006,1717334025
2006,1717334026
2006,1717334027
2006,1717334028
2006,1717334029
2006,1717334030
2006,1717334031
2006,1717334032
2006,1717334034
2006,1717334044
2006,1717409053
2006,1718101005
2006,1718101006
2006,1718101028
2006,1718101049
2006,1718109042
2006,1718113010
2006,1718113011
2006,1718113047
2006,1718113065
2006,1718113067
2006,1718127065
2006,1718219017
2006,1718328021
2006,1720200077
2006,1720200080
2006,1720207058
2006,1720232072
2006,1720403015
2006,1720405031
2006,1720405032
2006,1720428027
2006,1720432004
2006,1721117036
2006,1721117037
2006,1721117039
2006,1721117040
2006,1721117041
2006,1721117042
2006,1721117043
2006,1721117044
2006,1721117046
2006,1721117047
2006,1721120034
2006,1721120035
2006,1721120037
2006,1721120038
2006,1721120039
2006,1721120040
2006,1721120042
2006,1721120043
2006,1721123025
2006,1721123032
2006,1721123044
2006,1721125008
2006,1721125009
2006,1721125010
2006,1721125011
2006,1721125012
2006,1721125013
2006,1721133005
2006,1721436005
2006,1721436006
2006,1721436007
2006,1721436008
2006,1721436009
2006,1721436010
2006,1721436011
2006,1721436012
2006,1721436013
2006,1721436014
2006,1721436017
2006,1721436018
2006,1721436019
2006,1721436020
2006,1721436021
2006,1721436022
2006,1721436023
2006,1721436028
2006,1721436029
2006,1721436030
2006,1721436031
2006,1721436032
2006,1721436033
2006,1721436034
2006,1721436035
2006,1721436036
2006,1721436037
2006,1722102024
2006,1722106097
2006,1722106102
2006,1722106103
2006,1722106106
2006,1722106108
2006,1722106109
2006,1722106111
2006,1722106112
2006,1722302091
2006,1722304066
2006,1722304069
2006,1722304085
2006,1722307093
2006,1727109001
2006,1727109005
2006,1727109019
2006,1727129006
2006,1728131040
2006,1728208069
2006,1728208075
2006,1728303006
2006,1728311047
2006,1728415012
2006,1728415014
2006,1728415020
2006,1729309048
2006,1729309063
2006,1729309066
2006,1729309067
2006,1729313022
2006,1729314017
2006,1729321011
2006,1729326036
2006,1729402037
2006,1729402038
2006,1729403055
2006,1729403056
2006,1729403060
2006,1729403061
2006,1729403062
2006,1729403064
2006,1729403067
2006,1729403068
2006,1729404033
2006,1729404034
2006,1729404035
2006,1729404038
2006,1729404039
2006,1729404040
2006,1729404041
2006,1729404042
2006,1729404043
2006,1729404044
2006,1729404045
2006,1729404046
2006,1729404047
2006,1729404048
2006,1729404049
2006,1729404051
2006,1729404052
2006,1729404054
2006,1729404056
2006,1729404057
2006,1729409026
2006,1729409027
2006,1729410055
2006,1729411021
2006,1729411022
2006,1729419007
2006,1729419008
2006,1729419054
2006,1729420029
2006,1729425093
2006,1730124016
2006,1731104027
2006,1731107022
2006,1731114025
2006,1731116035
2006,1731116036
2006,1731213024
2006,1731300027
2006,1731304001
2006,1731304002
2006,1731306006
2006,1731306007
2006,1731310001
2006,1731406009
2006,1731409026
2006,1731415006
2006,1731429016
2006,1732110005
2006,1732111027
2006,1732111028
2006,1732117007
2006,1732117013
2006,1732117021
2006,1732117022
2006,1732117029
2006,1732117031
2006,1732117035
2006,1732117037
2006,1732118003
2006,1732118016
2006,1732118017
2006,1732118020
2006,1732119003
2006,1732119017
2006,1732119018
2006,1732119026
2006,1732119049
2006,1732119070
2006,1732119073
2006,1732201011
2006,1732201012
2006,1732203019
2006,1732203048
2006,1732203049
2006,1732206031
2006,1732217068
2006,1732217096
2006,1732218037
2006,1732224041
2006,1732403005
2006,1732412020
2006,1732416033
2006,1732416034
2006,1732416035
2006,1732416036
2006,1732416037
2006,1732416038
2006,1732416039
2006,1732416040
2006,1733100025
2006,1733106030
2006,1733113038
2006,1733113039
2006,1733113043
2006,1733113044
2006,1733113045
2006,1733113054
2006,1733121024
2006,1733122085
2006,1733123121
2006,1733200053
2006,1733200065
2006,1733200066
2006,1733200067
2006,1733200068
2006,1733200071
2006,1733200073
2006,1733303020
2006,1733312002
2006,1733312021
2006,1733319047
2006,1733319051
2006,1733319052
2006,1733320044
2006,1733320046
2006,1733320047
2006,1733320048
2006,1733320049
2006,1733320053
2006,1733320060
2006,1733320062
2006,1733320063
2006,1733324020
2006,1733329003
2006,1733329004
2006,1733329008
2006,1733330005
2006,1733330010
2006,1733424005
2006,1734110041
2006,1734110043
2006,1734121110
2006,1734122019
2006,1734321011
2006,1734321012
2006,1734321013
2006,1734321014
2006,1734321015
2006,1734409003
2006,1734409013
2006,1734423009
2006,1734423016
2006,1734423017
2006,1734423018
2006,1734423019
2006,1734423020
2006,1734424005
2006,1734424006
2006,1734424007
2006,1734424008
2006,1734424012
2006,1734424014
2006,1734424015
2006,1734424016
2006,1734424017
2006,1734424018
2006,1734424019
2006,1734424020
2006,1734425001
2006,1734426001
2006,1734426002
2006,1734426008
2006,1734426009
2006,1734426011
2006,1734426012
2006,1734427023
2006,1734427031
2006,1734428008
2006,1734428009
2006,1734428010
2006,1734428017
2006,1734429008
2006,1735109002
2006,1735109005
2006,1735109006
2006,1901211074
2006,1901212087
2006,1901400002
2006,1901421011
2006,1902415004
2006,1903300035
2006,1903300036
2006,1903305038
2006,1903409009
2006,1904427029
2006,1907309037
2006,1907404043
2006,1908310073
2006,1908311038
2006,1908314026
2006,1908316022
2006,1908317063
2006,1908319047
2006,1908404029
2006,1908406030
2006,1908406038
2006,1908406085
2006,1908406086
2006,1909308070
2006,1909308071
2006,1909310028
2006,1909321025
2006,1909323038
2006,1909323039
2006,1909328006
2006,1910216017
2006,1910318022
2006,1910325046
2006,1910407050
2006,1910416005
2006,1911111027
2006,1911120013
2006,1911325047
2006,1912409031
2006,1912429021
2006,1913404037
2006,1914413013
2006,1915323045
2006,1915324044
2006,1915324045
2006,1917101020
2006,1917101021
2006,1917101052
2006,1917203051
2006,1917206009
2006,1917206010
2006,1917206026
2006,1917307031
2006,1917419041
2006,1917427042
2006,1918112036
2006,1918204048
2006,1918205050
2006,1918212050
2006,1918219038
2006,1918226030
2006,1918228024
2006,1918418069
2006,1919115029
2006,1919115031
2006,1919115032
2006,1919115033
2006,1919115034
2006,1919115035
2006,1919115036
2006,1919115037
2006,1919115039
2006,1919115040
2006,1919115041
2006,1919115042
2006,1919115045
2006,1919115046
2006,1919115047
2006,1919115048
2006,1919115049
2006,1919115050
2006,1919115051
2006,1919115052
2006,1919115053
2006,1919115054
2006,1919115055
2006,1919115056
2006,1919115057
2006,1919115058
2006,1919115059
2006,1919115060
2006,1919115061
2006,1919115062
2006,1919115063
2006,1919115064
2006,1919115065
2006,1919115066
2006,1919115067
2006,1919115068
2006,1919115075
2006,1919115076
2006,1919115077
2006,1919115078
2006,1919115079
2006,1919115080
2006,1919213005
2006,1919213006
2006,1919213007
2006,1919213024
2006,1919213025
2006,1919213026
2006,1919213027
2006,1919213028
2006,1920112050
2006,1920112051
2006,1920112052
2006,1920112053
2006,1920112054
2006,1920112055
2006,1920112057
2006,1923105043
2006,1923107011
2006,1923216009
2006,1924104008
2006,1924104009
2006,1925115001
2006,1925212046
2006,2002102014
2006,2002102015
2006,2002102016
2006,2002103015
2006,2002103016
2006,2002116048
2006,2002116049
2006,2002116050
2006,2002122017
2006,2002122018
2006,2002122019
2006,2002122020
2006,2002122021
2006,2002122022
2006,2002122024
2006,2002122025
2006,2002122026
2006,2002122027
2006,2002129003
2006,2002129004
2006,2002129005
2006,2002129006
2006,2002129009
2006,2002129010
2006,2002129011
2006,2002129014
2006,2002129015
2006,2002129016
2006,2002129017
2006,2002303057
2006,2002305021
2006,2002313016
2006,2002313045
2006,2002318043
2006,2002318077
2006,2002318078
2006,2002318079
2006,2002318080
2006,2002318081
2006,2003102027
2006,2003102028
2006,2003102029
2006,2003108024
2006,2003115016
2006,2003115031
2006,2003115039
2006,2003115040
2006,2003115041
2006,2003115042
2006,2003115043
2006,2003115044
2006,2003115045
2006,2003115046
2006,2003116003
2006,2003116004
2006,2003116005
2006,2003116006
2006,2003118006
2006,2003118007
2006,2003118008
2006,2003118009
2006,2003119008
2006,2003120008
2006,2003120012
2006,2003120013
2006,2003120025
2006,2003120026
2006,2003121011
2006,2003121012
2006,2003122002
2006,2003214023
2006,2003214024
2006,2003214060
2006,2003218054
2006,2003218066
2006,2003316037
2006,2003401028
2006,2003408007
2006,2003408024
2006,2003408031
2006,2003409019
2006,2003409033
2006,2003416023
2006,2003417013
2006,2003417026
2006,2003423014
2006,2003423029
2006,2004116022
2006,2004117039
2006,2004117042
2006,2004117043
2006,2004120022
2006,2004120023
2006,2004120024
2006,2004120025
2006,2004120026
2006,2004120028
2006,2004122009
2006,2004122033
2006,2004126075
2006,2004127004
2006,2004128035
2006,2004128036
2006,2004128037
2006,2004128039
2006,2004128041
2006,2004128042
2006,2004128044
2006,2004214044
2006,2004215092
2006,2004215098
2006,2004215099
2006,2004215101
2006,2004215104
2006,2004216085
2006,2004216091
2006,2004216093
2006,2004216094
2006,2004216095
2006,2004216097
2006,2004226003
2006,2004226004
2006,2004226010
2006,2004302004
2006,2004302005
2006,2004302040
2006,2004303003
2006,2004304016
2006,2004316054
2006,2004322055
2006,2004327036
2006,2004327046
2006,2004327047
2006,2005304013
2006,2005304025
2006,2005304039
2006,2005305046
2006,2006409043
2006,2006415042
2006,2007116014
2006,2007120019
2006,2007219013
2006,2007305015
2006,2007430020
2006,2007430021
2006,2007430022
2006,2008111022
2006,2008121022
2006,2008201043
2006,2008319026
2006,2008404002
2006,2008404004
2006,2008404005
2006,2008427040
2006,2009101026
2006,2009106016
2006,2009111027
2006,2009111035
2006,2009111036
2006,2009111037
2006,2009111039
2006,2009111040
2006,2009111043
2006,2009111044
2006,2009111045
2006,2009414026
2006,2010107021
2006,2010110025
2006,2010203033
2006,2010207040
2006,2010211029
2006,2010213051
2006,2010216047
2006,2010301070
2006,2010301071
2006,2010301072
2006,2010301073
2006,2010309052
2006,2011100048
2006,2011107038
2006,2011109018
2006,2011109020
2006,2011109021
2006,2011109022
2006,2011109023
2006,2011109024
2006,2011109029
2006,2011109031
2006,2011109033
2006,2011109035
2006,2011207028
2006,2011423032
2006,2011423062
2006,2014311030
2006,2014314037
2006,2014314038
2006,2014314039
2006,2014314040
2006,2014314041
2006,2014314042
2006,2014314043
2006,2014314044
2006,2014314045
2006,2014314046
2006,2014407039
2006,2014409018
2006,2014412026
2006,2015108019
2006,2015110024
2006,2015110033
2006,2015110034
2006,2015112004
2006,2015313001
2006,2015313003
2006,2015313004
2006,2015313005
2006,2016101010
2006,2016101011
2006,2016407035
2006,2016407036
2006,2017102003
2006,2017305029
2006,2017320030
2006,2017320032
2006,2017320046
2006,2017321015
2006,2017321016
2006,2017326001
2006,2017326032
2006,2017327029
2006,2017329011
2006,2017329017
2006,2017329018
2006,2017329020
2006,2017329023
2006,2017329025
2006,2017329031
2006,2019211011
2006,2021106007
2006,2021112024
2006,2021112030
2006,2021112031
2006,2021112032
2006,2021113009
2006,2021120022
2006,2021120023
2006,2021120029
2006,2021129025
2006,2021206033
2006,2021324024
2006,2021328038
2006,2021328039
2006,2022106027
2006,2022227053
2006,2022313042
2006,2022313043
2006,2022313044
2006,2022313045
2006,2022319029
2006,2023103037
2006,2023104080
2006,2023105020
2006,2023114042
2006,2023114043
2006,2023116022
2006,2023213051
2006,2023213095
2006,2023213099
2006,2023213100
2006,2023401002
2006,2023401008
2006,2023406001
2006,2023406003
2006,2023409018
2006,2023411009
2006,2023414001
2006,2024323021
2006,2024408031
2006,2024429003
2006,2025114034
2006,2026102027
2006,2026102044
2006,2026102045
2006,2026105042
2006,2026105043
2006,2026106009
2006,2026106031
2006,2026106034
2006,2026106035
2006,2026121002
2006,2026121003
2006,2026121007
2006,2026121008
2006,2026121009
2006,2026121010
2006,2026121011
2006,2026121032
2006,2026122038
2006,2026122041
2006,2026122046
2006,2026122047
2006,2026126026
2006,2026126027
2006,2026208009
2006,2026208026
2006,2026212005
2006,2026212016
2006,2026224032
2006,2026228042
2006,2026304021
2006,2026315027
2006,2026322028
2006,2026322029
2006,2026323095
2006,2026418006
2006,2026425025
2006,2027213033
2006,2027214019
2006,2027217010
2006,2027220028
2006,2027228052
2006,2027403029
2006,2027406015
2006,2028125015
2006,2028125030
2006,2028335011
2006,2028411051
2006,2029209051
2006,2029209052
2006,2029420020
2006,2031117006
2006,2031226004
2006,2032202022
2006,2032202029
2006,2032210032
2006,2032322052
2006,2032324047
2006,2032420035
2006,2033107008
2006,2033208025
2006,2033305056
2006,2033305059
2006,2033305069
2006,2033305072
2006,2033305073
2006,2033305078
2006,2033305089
2006,2033305091
2006,2033305093
2006,2033305095
2006,2033305097
2006,2033305101
2006,2033305103
2006,2033305107
2006,2033305109
2006,2033305111
2006,2033305115
2006,2033310020
2006,2033319017
2006,2034302001
2006,2035105026
2006,2035227027
2006,2036108005
2006,2036120016
2006,2036217012
2006,2036308010
2006,2130106056
2006,2130106057
2006,2130106058
2006,2130106059
2006,2130106060
2006,2130106061
2006,2130106062
2006,2130106063
2006,2130106064
2006,2130310021
2006,2130310022
2006,2130310023
2006,2130310024
2006,2131101023
2006,2131107021
2006,2131107022
2006,2131110034
2006,2131200006
2006,2131200007
2006,2131204009
2006,2131232025
2006,2131317010
2006,2131326025
2006,2131327002
2006,2131327003
2006,2131327054
2006,2131327055
2006,2413110023
2006,2413221015
2006,2413301027
2006,2413305036
2006,2413305037
2006,2413306125
2006,2414103055
2006,2414316085
2006,2414415057
2006,2414421012
2006,2414422065
2006,2423206021
2006,2423206022
2006,2423207047
2006,2423207048
2006,2423215076
2006,2423403053
2006,2423403055
2006,2423406033
2006,2424103006
2006,2424109024
2006,2424109025
2006,2501323004
2006,2501410034
2006,2501410035
2006,2501410036
2006,2501419005
2006,2501419026
2006,2501421030
2006,2502100028
2006,2502105013
2006,2502110037
2006,2502302026
2006,2502302050
2006,2502304014
2006,2502304021
2006,2502306008
2006,2502308013
2006,2502310031
2006,2502411042
2006,2502415013
2006,2503101018
2006,2503101024
2006,2503119020
2006,2503119021
2006,2503119022
2006,2503415037
2006,2503416007
2006,2503425024
2006,2504109012
2006,2504408042
2006,2507120007
2006,2507211014
2006,2508107020
2006,2508113042
2006,2509304040
2006,2509310020
2006,2509310021
2006,2510305026
2006,2510416020
2006,2512423023
2006,2512423024
2006,2515120066
2006,2515120075
2006,2515303001
2006,2515323011
2006,2516103036
2006,2516105009
2006,2516105010
2006,2516105014
2006,2516215060
2006,2516420020
2006,2516429017
2006,2517320017
2006,2517326001
2006,2517326002
2006,2517331030
2006,2518120031
2006,2519205009
2006,2519209014
2006,2519226017
2006,2519403001
2006,2519403002
2006,2519403003
2006,2519403030
2006,2519403031
2006,2519403032
2006,2519403033
2006,2519403034
2006,2519403035
2006,2519403036
2006,2519403037
2006,2519403038
2006,2519403039
2006,2519403040
2006,2519403041
2006,2519403042
2006,2519403043
2006,2519403044
2006,2519405052
2006,2519406048
2006,2519406049
2006,2519414050
2006,2519414051
2006,2521224025
2006,2521415024
2006,2521415025
2006,2521422028
2006,2521423023
2006,2521423024
2006,2521424009
2006,2527116001
2006,2528112032
2006,2528113029
2006,2528218024
2006,2528304016
2006,2529107031
2006,2532210032
2006,2606124018
2006,2606227044
2006,2606319023
2006,2606406034
2006,2606406035
2006,2606415014
2006,2607106024
2006,2617307085
2006,2617307090
2006,2617307098
2006,2617307099
2006,2617307100
2006,2617307101
2006,2617307102
2006,2617307103
2006,2617307104
2006,2617307105
2006,2617307106
2006,2617307107
2006,2617307108
2006,2618406038
2006,2618421001
2006,2618421079
2006,2632101020
2006,2632101021
2006,2632303004
2007,0925305043
2007,0925414041
2007,0925418052
2007,0936109042
2007,0936200005
2007,0936419052
2007,0936419053
2007,0936419054
2007,0936419055
2007,0936419056
2007,0936419057
2007,0936419097
2007,1025319005
2007,1032111028
2007,1032210005
2007,1032210006
2007,1032210007
2007,1032302023
2007,1032302024
2007,1033119011
2007,1033323001
2007,1036300023
2007,1130317024
2007,1201107045
2007,1201208018
2007,1201208062
2007,1211205028
2007,1212217003
2007,1214403057
2007,1223203046
2007,1223212029
2007,1223404050
2007,1224202015
2007,1224210022
2007,1224210023
2007,1224222020
2007,1224311016
2007,1224312001
2007,1224316010
2007,1224316026
2007,1224411016
2007,1225203032
2007,1225204051
2007,1225209041
2007,1301103025
2007,1301103026
2007,1301103058
2007,1301103059
2007,1301103060
2007,1301103061
2007,1301103062
2007,1301103063
2007,1301103064
2007,1301126062
2007,1301126064
2007,1301406009
2007,1302114052
2007,1302410002
2007,1302428008
2007,1303100078
2007,1303100082
2007,1303213037
2007,1303214042
2007,1303219012
2007,1303228020
2007,1303401012
2007,1303402003
2007,1304308009
2007,1304308010
2007,1304308011
2007,1304312030
2007,1304312034
2007,1304312035
2007,1304312057
2007,1304312069
2007,1304312071
2007,1304312072
2007,1304312076
2007,1304312079
2007,1304312086
2007,1305323033
2007,1306115006
2007,1306118013
2007,1306311032
2007,1306404025
2007,1307409022
2007,1307421004
2007,1308323033
2007,1308425046
2007,1309128049
2007,1309128050
2007,1309128051
2007,1309303063
2007,1309309050
2007,1309309051
2007,1309311021
2007,1309311022
2007,1309311028
2007,1309313056
2007,1309314038
2007,1309415029
2007,1309429033
2007,1309429034
2007,1310312010
2007,1311322024
2007,1312403009
2007,1312403011
2007,1312410016
2007,1312411121
2007,1313114027
2007,1313313019
2007,1313313039
2007,1313313040
2007,1313314042
2007,1313404022
2007,1313404059
2007,1313406017
2007,1313406033
2007,1313414013
2007,1314214039
2007,1314215022
2007,1314215023
2007,1314315019
2007,1315123046
2007,1315130029
2007,1315214019
2007,1315221042
2007,1315234036
2007,1315311015
2007,1315401031
2007,1316108028
2007,1316108045
2007,1316304025
2007,1317121009
2007,1317210027
2007,1317302100
2007,1317302101
2007,1317309103
2007,1317309104
2007,1317309105
2007,1317309106
2007,1317309107
2007,1317309108
2007,1317309109
2007,1317309110
2007,1317309111
2007,1317309112
2007,1318409085
2007,1319124018
2007,1320219024
2007,1321231036
2007,1322102048
2007,1322102049
2007,1322102053
2007,1322102054
2007,1322102055
2007,1322102056
2007,1322102059
2007,1322102060
2007,1322102062
2007,1322102065
2007,1322102066
2007,1322102067
2007,1322102068
2007,1322102070
2007,1322102071
2007,1322102073
2007,1322102074
2007,1322102077
2007,1322102078
2007,1322102082
2007,1322102083
2007,1322102085
2007,1322102086
2007,1322102087
2007,1322102088
2007,1322102089
2007,1322102092
2007,1322102093
2007,1322102094
2007,1322102095
2007,1322102103
2007,1322108011
2007,1322110040
2007,1322110041
2007,1322115011
2007,1322216031
2007,1322308048
2007,1322425020
2007,1323204050
2007,1323300005
2007,1324111038
2007,1324120016
2007,1324212001
2007,1324212002
2007,1324213009
2007,1324304047
2007,1324304048
2007,1324304049
2007,1324304050
2007,1324304051
2007,1324304052
2007,1324305030
2007,1324305031
2007,1324305032
2007,1324305033
2007,1324305034
2007,1324305035
2007,1324305036
2007,1324305037
2007,1324305038
2007,1324305039
2007,1324305040
2007,1324305041
2007,1324305042
2007,1324305043
2007,1324305044
2007,1324305045
2007,1324305046
2007,1324305047
2007,1324305048
2007,1324305049
2007,1324305050
2007,1324305051
2007,1324305052
2007,1324305053
2007,1324305054
2007,1324305055
2007,1324310032
2007,1324322040
2007,1324322042
2007,1325203046
2007,1325216053
2007,1325322037
2007,1325412029
2007,1325412033
2007,1325416011
2007,1325421021
2007,1325422023
2007,1325422034
2007,1325422035
2007,1325427046
2007,1326412038
2007,1330217049
2007,1330302053
2007,1330302054
2007,1331102016
2007,1333327001
2007,1333327002
2007,1333327003
2007,1333327004
2007,1333327005
2007,1333327006
2007,1333327007
2007,1333327008
2007,1333327009
2007,1333327010
2007,1333327016
2007,1333327017
2007,1333327018
2007,1333327019
2007,1333327020
2007,1333327021
2007,1333327022
2007,1333327023
2007,1333327024
2007,1333327025
2007,1333327026
2007,1333327027
2007,1333327028
2007,1333327033
2007,1333327034
2007,1333327035
2007,1333327036
2007,1333327037
2007,1333327038
2007,1333327039
2007,1333327040
2007,1333327041
2007,1333327042
2007,1333327043
2007,1333327044
2007,1333327053
2007,1333327054
2007,1333327055
2007,1333327056
2007,1333327057
2007,1333327058
2007,1333327059
2007,1333327060
2007,1333327061
2007,1333327062
2007,1333327063
2007,1333327064
2007,1333327065
2007,1333327066
2007,1333327067
2007,1333327068
2007,1333327069
2007,1333327070
2007,1333327071
2007,1333327072
2007,1333327073
2007,1333327074
2007,1333327075
2007,1333327076
2007,1333327077
2007,1333327078
2007,1333327079
2007,1333327080
2007,1333327081
2007,1333327082
2007,1333327083
2007,1333327084
2007,1333327086
2007,1333327087
2007,1333327088
2007,1333327089
2007,1333327090
2007,1333327091
2007,1333327096
2007,1333327097
2007,1333327098
2007,1333327099
2007,1333327100
2007,1333327101
2007,1333327102
2007,1333327103
2007,1333327104
2007,1333327105
2007,1333327106
2007,1333327107
2007,1333327108
2007,1333327109
2007,1333327110
2007,1333327111
2007,1333327112
2007,1333327113
2007,1333327114
2007,1333327124
2007,1333327125
2007,1333327126
2007,1333327127
2007,1333327128
2007,1333327129
2007,1333327130
2007,1333327131
2007,1333327132
2007,1333327133
2007,1333327134
2007,1333327135
2007,1333327136
2007,1333327137
2007,1333327138
2007,1333327139
2007,1333327140
2007,1333327145
2007,1333327146
2007,1333327147
2007,1333327150
2007,1333327152
2007,1333327153
2007,1333327154
2007,1333327155
2007,1333327156
2007,1333327157
2007,1333327158
2007,1333327159
2007,1333327160
2007,1333327161
2007,1333402023
2007,1333405010
2007,1333407039
2007,1333407040
2007,1334424015
2007,1335220002
2007,1335224045
2007,1335305014
2007,1335402037
2007,1335402038
2007,1335409024
2007,1335415025
2007,1335415026
2007,1335415027
2007,1335415028
2007,1335419053
2007,1336107088
2007,1336107089
2007,1336203060
2007,1336216015
2007,1336219029
2007,1336229013
2007,1336229014
2007,1336229015
2007,1336229016
2007,1336229017
2007,1336229060
2007,1336229061
2007,1336229062
2007,1336229063
2007,1336229064
2007,1336229065
2007,1336229066
2007,1336229067
2007,1336229068
2007,1336229069
2007,1336229070
2007,1336229071
2007,1336229072
2007,1336229073
2007,1336229074
2007,1336229075
2007,1336230040
2007,1336230041
2007,1336317013
2007,1336317046
2007,1336317047
2007,1336317053
2007,1336320035
2007,1336402028
2007,1336407030
2007,1336409030
2007,1336411024
2007,1336413001
2007,1336413002
2007,1336413049
2007,1336418007
2007,1336420028
2007,1336420029
2007,1336420035
2007,1336427035
2007,1336427036
2007,1336427037
2007,1336427038
2007,1336427039
2007,1336431009
2007,1336431021
2007,1336431032
2007,1405328036
2007,1406406028
2007,1406408055
2007,1406408056
2007,1407212013
2007,1407215016
2007,1407314028
2007,1407407025
2007,1407407029
2007,1407408091
2007,1407413073
2007,1407422059
2007,1408310012
2007,1408415058
2007,1408415059
2007,1408415060
2007,1408415061
2007,1408415062
2007,1408415063
2007,1408415064
2007,1408415065
2007,1408415066
2007,1408415067
2007,1408415068
2007,1408415069
2007,1408415070
2007,1417305026
2007,1417314010
2007,1418104019
2007,1418107012
2007,1418120009
2007,1418122023
2007,1418122032
2007,1418123016
2007,1418207030
2007,1418208024
2007,1418219009
2007,1418220001
2007,1418220002
2007,1418300015
2007,1418300024
2007,1418306016
2007,1418309034
2007,1418311028
2007,1418315043
2007,1418316033
2007,1418317003
2007,1418317044
2007,1418318007
2007,1418320017
2007,1418321032
2007,1418329003
2007,1418401021
2007,1418407021
2007,1418411035
2007,1418416034
2007,1418418006
2007,1418421005
2007,1418421006
2007,1418421010
2007,1418423007
2007,1419100029
2007,1419100030
2007,1419101012
2007,1419101041
2007,1419104013
2007,1419112039
2007,1419113006
2007,1419119033
2007,1419120035
2007,1419208005
2007,1419212011
2007,1419214025
2007,1419215052
2007,1419216048
2007,1419216049
2007,1419216050
2007,1419216051
2007,1419216052
2007,1419219005
2007,1419219006
2007,1419221011
2007,1419306010
2007,1419311036
2007,1419313019
2007,1419314019
2007,1419316024
2007,1419316025
2007,1419319042
2007,1419322014
2007,1419323019
2007,1419325037
2007,1419326034
2007,1419330007
2007,1419421032
2007,1419427047
2007,1419427048
2007,1419428005
2007,1420102034
2007,1420105021
2007,1420106029
2007,1420111022
2007,1420112054
2007,1420113052
2007,1420117011
2007,1420119024
2007,1420120008
2007,1420124023
2007,1420302009
2007,1420307025
2007,1420309018
2007,1420309026
2007,1420318026
2007,1420323078
2007,1420323081
2007,1420323082
2007,1420325005
2007,1420329011
2007,1420425034
2007,1428304047
2007,1428312063
2007,1428317007
2007,1429105031
2007,1429112032
2007,1429112039
2007,1429114022
2007,1429114042
2007,1429121038
2007,1429123012
2007,1429124025
2007,1429129009
2007,1429129010
2007,1429130016
2007,1429130019
2007,1429202006
2007,1429208015
2007,1429208016
2007,1429216011
2007,1429216020
2007,1429301048
2007,1429309039
2007,1429310004
2007,1429314028
2007,1429320005
2007,1429403017
2007,1429405028
2007,1429412068
2007,1429414025
2007,1429416062
2007,1430103030
2007,1430103042
2007,1430104001
2007,1430104002
2007,1430106052
2007,1430106067
2007,1430106107
2007,1430106108
2007,1430111003
2007,1430120017
2007,1430202001
2007,1430202026
2007,1430202028
2007,1430205021
2007,1430206023
2007,1430207030
2007,1430208015
2007,1430208023
2007,1430213021
2007,1430214023
2007,1430215021
2007,1430221017
2007,1430222031
2007,1430223142
2007,1430223155
2007,1430223158
2007,1430223218
2007,1430223254
2007,1430223256
2007,1430224040
2007,1430224041
2007,1430224047
2007,1430314037
2007,1430403138
2007,1430403157
2007,1430403158
2007,1430403159
2007,1430403160
2007,1430403161
2007,1430403162
2007,1430403163
2007,1430403164
2007,1430403165
2007,1430403212
2007,1430403213
2007,1430403214
2007,1430403215
2007,1430403219
2007,1430403220
2007,1430403225
2007,1430403226
2007,1430403227
2007,1430403228
2007,1430403232
2007,1430403234
2007,1430403235
2007,1430403237
2007,1430403240
2007,1430403241
2007,1430403242
2007,1430403245
2007,1430403246
2007,1430403249
2007,1430403251
2007,1430403252
2007,1430403254
2007,1430404103
2007,1430404105
2007,1430404110
2007,1430404113
2007,1430408005
2007,1431103016
2007,1431103037
2007,1431113024
2007,1431118012
2007,1431120039
2007,1431124031
2007,1431124032
2007,1431126034
2007,1431135027
2007,1431213032
2007,1431215020
2007,1431216065
2007,1431302006
2007,1431314037
2007,1431317024
2007,1431322010
2007,1431328031
2007,1431331014
2007,1431401018
2007,1431401033
2007,1431401034
2007,1431403045
2007,1431403048
2007,1431409012
2007,1431409029
2007,1431409051
2007,1431411050
2007,1431413019
2007,1431413030
2007,1431414012
2007,1431414022
2007,1431414057
2007,1431428035
2007,1431430011
2007,1432109009
2007,1432110020
2007,1432110024
2007,1432111016
2007,1432112035
2007,1432134011
2007,1432134015
2007,1432222007
2007,1432408044
2007,1432409076
2007,1432409078
2007,1432409079
2007,1432412034
2007,1432412035
2007,1432412041
2007,1432412073
2007,1432413019
2007,1432423016
2007,1432423045
2007,1433108043
2007,1433111065
2007,1433111066
2007,1433111067
2007,1433121083
2007,1433128017
2007,1433128084
2007,1433129033
2007,1433300040
2007,1433300055
2007,1433300060
2007,1433302087
2007,1433302088
2007,1433302089
2007,1433304063
2007,1433306012
2007,1433314020
2007,1433404029
2007,1433404030
2007,1601204030
2007,1601217053
2007,1601222029
2007,1601400027
2007,1601402049
2007,1601404042
2007,1601408006
2007,1601413004
2007,1601418038
2007,1601425019
2007,1601427032
2007,1602105027
2007,1602225029
2007,1602305006
2007,1602314009
2007,1602408044
2007,1602408047
2007,1602408048
2007,1602419010
2007,1603220026
2007,1603222010
2007,1603225029
2007,1603226014
2007,1603410018
2007,1604319023
2007,1604321002
2007,1604409039
2007,1604413010
2007,1604417032
2007,1604423027
2007,1605203021
2007,1608401031
2007,1609201033
2007,1609406005
2007,1609411034
2007,1610410040
2007,1611107029
2007,1611304020
2007,1611308022
2007,1611404038
2007,1612207051
2007,1612207052
2007,1612320025
2007,1612323016
2007,1613123026
2007,1613201004
2007,1613233008
2007,1613233022
2007,1613301023
2007,1613301059
2007,1613301060
2007,1613303028
2007,1613303029
2007,1613304002
2007,1613304003
2007,1613304004
2007,1613304023
2007,1613305037
2007,1613312009
2007,1613312025
2007,1613323032
2007,1613325049
2007,1613326050
2007,1613326051
2007,1613408017
2007,1613408018
2007,1613425001
2007,1613429014
2007,1614200001
2007,1614200006
2007,1614301034
2007,1614307030
2007,1614307031
2007,1614307032
2007,1614307033
2007,1614307043
2007,1614325057
2007,1614327039
2007,1614327040
2007,1614412013
2007,1615114021
2007,1615114022
2007,1615211018
2007,1615216038
2007,1615219030
2007,1615402013
2007,1615417013
2007,1615427045
2007,1616118033
2007,1616208055
2007,1617203041
2007,1622203020
2007,1622206021
2007,1622208022
2007,1622208025
2007,1622209039
2007,1622210047
2007,1622210048
2007,1622210049
2007,1622210050
2007,1622213024
2007,1622219015
2007,1622219017
2007,1622220023
2007,1622227020
2007,1622227021
2007,1622227046
2007,1622228027
2007,1622228029
2007,1622228042
2007,1622228043
2007,1622228044
2007,1622228045
2007,1623101030
2007,1623101044
2007,1623104025
2007,1623116004
2007,1623116047
2007,1623116048
2007,1623123040
2007,1623123041
2007,1623125020
2007,1623204034
2007,1623205014
2007,1623205019
2007,1623205020
2007,1623205021
2007,1623205024
2007,1623205026
2007,1623205045
2007,1623205046
2007,1623206041
2007,1623215035
2007,1623219014
2007,1623219020
2007,1623223022
2007,1623224031
2007,1623225041
2007,1623227046
2007,1623227047
2007,1623227049
2007,1623314005
2007,1623326029
2007,1623404043
2007,1623406002
2007,1623411017
2007,1623416040
2007,1623421045
2007,1623421046
2007,1623421047
2007,1624100035
2007,1624100036
2007,1624103009
2007,1624206069
2007,1624304029
2007,1624305034
2007,1624309052
2007,1624400020
2007,1624400021
2007,1624422005
2007,1625126013
2007,1626107019
2007,1626419010
2007,1635405020
2007,1635407022
2007,1635412007
2007,1635413029
2007,1636201037
2007,1636201038
2007,1636201040
2007,1636201041
2007,1636201042
2007,1636201043
2007,1636201044
2007,1636201045
2007,1636201046
2007,1636201047
2007,1636201048
2007,1636201049
2007,1636201050
2007,1636201051
2007,1636201052
2007,1636201053
2007,1636201054
2007,1636201055
2007,1636201056
2007,1636201057
2007,1636201058
2007,1636201059
2007,1636201060
2007,1636201061
2007,1636201062
2007,1636201063
2007,1636201064
2007,1636201065
2007,1636201066
2007,1636201067
2007,1636201068
2007,1636201069
2007,1636201070
2007,1636201072
2007,1636201073
2007,1636201074
2007,1636201075
2007,1636201076
2007,1636201077
2007,1636201078
2007,1636201079
2007,1636201080
2007,1636308055
2007,1636308056
2007,1636308057
2007,1636308058
2007,1636308059
2007,1636308060
2007,1636403004
2007,1636406016
2007,1636407019
2007,1636413039
2007,1636413040
2007,1636413041
2007,1636413042
2007,1636413043
2007,1636413044
2007,1636413045
2007,1636413046
2007,1636413047
2007,1636413048
2007,1636413049
2007,1636413050
2007,1636413051
2007,1636413052
2007,1636413053
2007,1636413054
2007,1704122002
2007,1704122009
2007,1704122070
2007,1704202041
2007,1704202061
2007,1704212020
2007,1704217027
2007,1704305033
2007,1704305034
2007,1704305035
2007,1704305036
2007,1704305037
2007,1704305038
2007,1704305039
2007,1704305040
2007,1704307034
2007,1704307035
2007,1704307036
2007,1704307037
2007,1704307038
2007,1704307039
2007,1704307040
2007,1704307041
2007,1704307042
2007,1704307043
2007,1704307044
2007,1704307045
2007,1704307046
2007,1704307047
2007,1704307048
2007,1704307049
2007,1704307050
2007,1704307051
2007,1704424057
2007,1704424058
2007,1704424059
2007,1704424060
2007,1704424061
2007,1704424062
2007,1704424063
2007,1704424064
2007,1704424065
2007,1704426007
2007,1705321012
2007,1705321013
2007,1706101043
2007,1706117001
2007,1706120003
2007,1706120004
2007,1706120005
2007,1706120006
2007,1706202017
2007,1706209004
2007,1706214001
2007,1706217043
2007,1706228019
2007,1706229008
2007,1706229019
2007,1706229038
2007,1706234046
2007,1706421020
2007,1707113014
2007,1707113032
2007,1707115020
2007,1707121002
2007,1707121009
2007,1707121038
2007,1707121048
2007,1707121056
2007,1707122015
2007,1707123019
2007,1707201049
2007,1707201050
2007,1707204042
2007,1707205030
2007,1707207041
2007,1707207042
2007,1707207043
2007,1707208004
2007,1707208048
2007,1707209009
2007,1707209035
2007,1707210023
2007,1707210036
2007,1707211035
2007,1707212040
2007,1707215036
2007,1707216029
2007,1707219051
2007,1707219054
2007,1707220009
2007,1707221041
2007,1707325032
2007,1707325049
2007,1707326045
2007,1707326046
2007,1707327055
2007,1707421045
2007,1707430025
2007,1708111006
2007,1708117003
2007,1708120032
2007,1708121021
2007,1708221013
2007,1708221014
2007,1708228050
2007,1708334021
2007,1708334023
2007,1708334024
2007,1708334025
2007,1708334052
2007,1708334058
2007,1708422008
2007,1708422029
2007,1708422031
2007,1708422034
2007,1708426017
2007,1708426018
2007,1708426019
2007,1709119036
2007,1709305045
2007,1710210021
2007,1710318082
2007,1716404023
2007,1716404024
2007,1716404025
2007,1716404033
2007,1717105114
2007,1717205046
2007,1717205047
2007,1717210045
2007,1717210073
2007,1717210097
2007,1717210101
2007,1717323008
2007,1717323030
2007,1717323038
2007,1717410023
2007,1718101093
2007,1718127035
2007,1719110025
2007,1719312004
2007,1720101010
2007,1720101011
2007,1720101012
2007,1720101040
2007,1720102054
2007,1720207055
2007,1720207062
2007,1720301008
2007,1720309011
2007,1720309012
2007,1720414011
2007,1720419009
2007,1720424015
2007,1721117038
2007,1721120036
2007,1721120044
2007,1721123042
2007,1721123043
2007,1721125014
2007,1721132007
2007,1721132008
2007,1721132009
2007,1721132013
2007,1721132014
2007,1721132017
2007,1721132018
2007,1721132019
2007,1721132020
2007,1721132021
2007,1721132024
2007,1721133003
2007,1721133014
2007,1721133015
2007,1721133016
2007,1721133017
2007,1721133018
2007,1721300030
2007,1721304026
2007,1721506004
2007,1721506045
2007,1722304079
2007,1722304082
2007,1722319032
2007,1727109029
2007,1727109030
2007,1727109031
2007,1727109032
2007,1727109034
2007,1727109035
2007,1727109036
2007,1727109037
2007,1727109038
2007,1727109039
2007,1727109040
2007,1727109041
2007,1727109042
2007,1727109043
2007,1727109044
2007,1727109045
2007,1727109046
2007,1727109047
2007,1727109048
2007,1727109049
2007,1727109050
2007,1727109051
2007,1727109052
2007,1727109053
2007,1727109055
2007,1727109056
2007,1727109057
2007,1727109058
2007,1727109059
2007,1727109060
2007,1727109061
2007,1727109062
2007,1727109063
2007,1727109064
2007,1727109065
2007,1727109066
2007,1727109067
2007,1727109069
2007,1727109070
2007,1727109071
2007,1727109072
2007,1727109073
2007,1727109074
2007,1727109075
2007,1727109076
2007,1727109077
2007,1727109078
2007,1727109079
2007,1727109080
2007,1727109081
2007,1727109082
2007,1727109083
2007,1727109084
2007,1727109085
2007,1727109086
2007,1727109087
2007,1727109088
2007,1727109089
2007,1727109090
2007,1727129014
2007,1727129015
2007,1727129016
2007,1727129020
2007,1728332020
2007,1728436014
2007,1728436015
2007,1729309052
2007,1729309055
2007,1729309056
2007,1729309057
2007,1729309058
2007,1729309059
2007,1729312013
2007,1729401038
2007,1729403058
2007,1729403063
2007,1729403065
2007,1729403066
2007,1729404036
2007,1729404037
2007,1729404050
2007,1729404055
2007,1729404058
2007,1729411016
2007,1729411017
2007,1729420041
2007,1729420042
2007,1729424025
2007,1731107041
2007,1731107042
2007,1731118039
2007,1731306038
2007,1731306039
2007,1731306040
2007,1731306041
2007,1731306042
2007,1731306043
2007,1731306044
2007,1731306045
2007,1731306046
2007,1731306047
2007,1731306048
2007,1731306049
2007,1731306050
2007,1731306051
2007,1731306052
2007,1731306053
2007,1731306054
2007,1731306055
2007,1731306056
2007,1731306057
2007,1731306058
2007,1731306059
2007,1731306060
2007,1731306061
2007,1731306063
2007,1731306064
2007,1731306065
2007,1731306066
2007,1731306067
2007,1731306068
2007,1731310031
2007,1731310032
2007,1731310033
2007,1731310034
2007,1731310035
2007,1731310036
2007,1731310037
2007,1731310038
2007,1731310039
2007,1731310040
2007,1731310041
2007,1731310042
2007,1731310043
2007,1731310044
2007,1731400040
2007,1732104041
2007,1732106003
2007,1732119042
2007,1732119051
2007,1732119053
2007,1732119054
2007,1732119055
2007,1732119058
2007,1732119059
2007,1732119060
2007,1732119061
2007,1732119062
2007,1732119065
2007,1732119066
2007,1732119067
2007,1732119069
2007,1732119071
2007,1732119072
2007,1732224044
2007,1732225020
2007,1733113032
2007,1733120060
2007,1733122050
2007,1733200069
2007,1733200070
2007,1733200072
2007,1733200074
2007,1733203020
2007,1733210034
2007,1733317049
2007,1733319059
2007,1733319061
2007,1733320045
2007,1733324042
2007,1733324044
2007,1733324045
2007,1733329007
2007,1733404103
2007,1733404104
2007,1733404105
2007,1733404106
2007,1733404107
2007,1733404108
2007,1733404109
2007,1733404110
2007,1733423005
2007,1733423006
2007,1733423007
2007,1733423008
2007,1733423010
2007,1733423011
2007,1733423012
2007,1733423013
2007,1733423014
2007,1733423015
2007,1733423016
2007,1733423017
2007,1733423018
2007,1733424012
2007,1733424013
2007,1734113001
2007,1734120106
2007,1734121111
2007,1734225008
2007,1734312023
2007,1734312024
2007,1734312025
2007,1734312026
2007,1734312027
2007,1734312094
2007,1734312095
2007,1734410048
2007,1734410049
2007,1734410050
2007,1734410051
2007,1734410052
2007,1734410053
2007,1734410054
2007,1734419013
2007,1734419015
2007,1734422001
2007,1734422002
2007,1734422003
2007,1734422004
2007,1734422005
2007,1734422006
2007,1734422007
2007,1734422008
2007,1734422009
2007,1734423001
2007,1734423002
2007,1734423003
2007,1734423004
2007,1734423008
2007,1734423010
2007,1734423021
2007,1734424009
2007,1734424011
2007,1734425001
2007,1734425003
2007,1734425004
2007,1734425005
2007,1734426013
2007,1734426014
2007,1734426015
2007,1734426016
2007,1734426017
2007,1734426018
2007,1734426019
2007,1734426020
2007,1735101113
2007,1735101114
2007,1735101115
2007,1735108015
2007,1735108016
2007,1735108017
2007,1735108018
2007,1735108019
2007,1735108020
2007,1735108021
2007,1735108022
2007,1735109007
2007,1735109008
2007,1735109009
2007,1735109010
2007,1735109011
2007,1735109012
2007,1735109013
2007,1735109014
2007,1901203009
2007,1901211075
2007,1901311047
2007,1902415003
2007,1902415005
2007,1903301043
2007,1903301044
2007,1903305037
2007,1907308029
2007,1907406044
2007,1908303079
2007,1911111011
2007,1911111026
2007,1911121014
2007,1911121021
2007,1911121022
2007,1911121023
2007,1911121024
2007,1911123002
2007,1911123003
2007,1911123008
2007,1911123010
2007,1911123011
2007,1911123013
2007,1911123014
2007,1911123015
2007,1911123016
2007,1911123017
2007,1911123018
2007,1911123019
2007,1911123020
2007,1911333049
2007,1911333050
2007,1912222044
2007,1912222045
2007,1912222046
2007,1912222047
2007,1912222048
2007,1912222049
2007,1914122040
2007,1917203050
2007,1917206015
2007,1917206028
2007,1917405023
2007,1917405024
2007,1917417005
2007,1917419042
2007,1917419043
2007,1917420008
2007,1917427043
2007,1917427044
2007,1918123062
2007,1918127034
2007,1918205051
2007,1918208081
2007,1918220027
2007,1918226016
2007,1918230019
2007,1918231020
2007,1919115022
2007,1919115026
2007,1919115038
2007,1919213004
2007,1919213018
2007,1919213019
2007,1919213020
2007,1919213021
2007,1919213036
2007,1920211005
2007,1922116038
2007,1923207010
2007,1923220047
2007,1924205022
2007,1924222007
2007,1924411017
2007,1925232001
2007,1925232003
2007,1925232004
2007,1925232005
2007,1925232006
2007,1925232007
2007,1925232008
2007,1925232009
2007,1925232010
2007,1925320011
2007,1935317004
2007,1935318063
2007,1936401026
2007,2002102044
2007,2002102045
2007,2002102046
2007,2002102047
2007,2002102048
2007,2002102049
2007,2002102050
2007,2002102051
2007,2002102052
2007,2002102055
2007,2002102056
2007,2002102057
2007,2002115048
2007,2002115054
2007,2002115056
2007,2002115061
2007,2002115063
2007,2002115065
2007,2002115072
2007,2002118047
2007,2002118049
2007,2002118057
2007,2002118058
2007,2002118064
2007,2002122023
2007,2002126016
2007,2002126017
2007,2002126018
2007,2002126019
2007,2002126020
2007,2002126021
2007,2002126022
2007,2002126023
2007,2002126024
2007,2002300005
2007,2002300006
2007,2002302016
2007,2002305023
2007,2002305024
2007,2002305025
2007,2002305026
2007,2002305027
2007,2002305028
2007,2002305029
2007,2002305030
2007,2002305031
2007,2002400026
2007,2002400074
2007,2002402023
2007,2002403001
2007,2002403061
2007,2003109034
2007,2003113011
2007,2003113012
2007,2003119009
2007,2003121032
2007,2003210006
2007,2003211018
2007,2003218038
2007,2003218039
2007,2003218067
2007,2003220011
2007,2003225043
2007,2003226017
2007,2003400078
2007,2003400079
2007,2003408018
2007,2003408019
2007,2003408029
2007,2003409032
2007,2003417049
2007,2003423030
2007,2004117044
2007,2004120020
2007,2004122032
2007,2004128038
2007,2004129027
2007,2004129042
2007,2004223061
2007,2004302041
2007,2004303040
2007,2004309027
2007,2004406043
2007,2004407006
2007,2004414024
2007,2004415004
2007,2004415017
2007,2005304027
2007,2005305054
2007,2006409038
2007,2006424019
2007,2006424021
2007,2007102026
2007,2007114015
2007,2007123004
2007,2007229027
2007,2007401045
2007,2007404042
2007,2007405020
2007,2008100014
2007,2008107049
2007,2008114019
2007,2008121023
2007,2008127007
2007,2008129021
2007,2008201031
2007,2008203039
2007,2008203040
2007,2008203041
2007,2008203042
2007,2008404001
2007,2008404003
2007,2008427056
2007,2008427057
2007,2008427058
2007,2008427059
2007,2009422048
2007,2010107002
2007,2010116030
2007,2010203009
2007,2010203013
2007,2010216042
2007,2010217022
2007,2010301009
2007,2010306036
2007,2010313006
2007,2010313018
2007,2010313019
2007,2011100052
2007,2011100053
2007,2011100054
2007,2011100055
2007,2011100056
2007,2011100057
2007,2011100058
2007,2011100059
2007,2011100060
2007,2011101007
2007,2011101040
2007,2011101041
2007,2011109016
2007,2011109027
2007,2014407040
2007,2015106028
2007,2015106029
2007,2015108039
2007,2015303004
2007,2016102058
2007,2016102061
2007,2016206070
2007,2016206075
2007,2016220006
2007,2016220032
2007,2017108043
2007,2017109009
2007,2017110028
2007,2017110046
2007,2017207005
2007,2017207006
2007,2017207007
2007,2017209051
2007,2017320044
2007,2017321019
2007,2017321022
2007,2017321023
2007,2017329024
2007,2018116019
2007,2018408012
2007,2019400033
2007,2020101015
2007,2020111032
2007,2020216002
2007,2020301014
2007,2020311039
2007,2020311040
2007,2020327019
2007,2021129028
2007,2021129029
2007,2021308033
2007,2021319039
2007,2021319040
2007,2021323026
2007,2022202033
2007,2022202034
2007,2022222025
2007,2022319028
2007,2022404026
2007,2022405013
2007,2023103039
2007,2023104079
2007,2023105076
2007,2023106087
2007,2023106088
2007,2023106089
2007,2023106090
2007,2023106091
2007,2023106093
2007,2023112034
2007,2023114011
2007,2023118016
2007,2023119018
2007,2023123040
2007,2023213096
2007,2023220037
2007,2023220038
2007,2023220039
2007,2023401005
2007,2023410010
2007,2023411022
2007,2023411026
2007,2023411027
2007,2025114052
2007,2025408046
2007,2025421026
2007,2026100018
2007,2026100032
2007,2026104003
2007,2026104023
2007,2026105001
2007,2026105005
2007,2026109011
2007,2026109013
2007,2026114023
2007,2026114033
2007,2026114034
2007,2026114035
2007,2026115017
2007,2026121025
2007,2026122019
2007,2026122039
2007,2026122040
2007,2026122048
2007,2026122049
2007,2026212015
2007,2026212026
2007,2026212027
2007,2026309010
2007,2026309040
2007,2026309041
2007,2026309042
2007,2026309043
2007,2026310019
2007,2026311020
2007,2026311023
2007,2026311040
2007,2026312043
2007,2026323098
2007,2027215016
2007,2027229004
2007,2027311020
2007,2027315019
2007,2028213049
2007,2028213050
2007,2028213051
2007,2029204005
2007,2029204006
2007,2029228028
2007,2029318036
2007,2029318037
2007,2029415018
2007,2029417017
2007,2029426032
2007,2029426033
2007,2030219049
2007,2032200029
2007,2032322054
2007,2032322055
2007,2032418043
2007,2032421035
2007,2032427020
2007,2032429020
2007,2032429024
2007,2032429036
2007,2032429037
2007,2033104004
2007,2033104007
2007,2033104028
2007,2033104029
2007,2033104031
2007,2033109002
2007,2033109003
2007,2033116025
2007,2033116028
2007,2033118001
2007,2033305108
2007,2033305117
2007,2033309029
2007,2033310014
2007,2033310015
2007,2033310016
2007,2034109044
2007,2034117003
2007,2035105028
2007,2035300033
2007,2036118030
2007,2036118043
2007,2036118044
2007,2036119023
2007,2130301033
2007,2130325020
2007,2130331025
2007,2130331039
2007,2130402029
2007,2131101020
2007,2131105057
2007,2131107020
2007,2131202017
2007,2131202019
2007,2131202053
2007,2131326026
2007,2413105037
2007,2413105038
2007,2413106050
2007,2413301057
2007,2413302002
2007,2414209037
2007,2414411006
2007,2423203027
2007,2423203038
2007,2423206090
2007,2423208003
2007,2423215037
2007,2423215091
2007,2423403054
2007,2423406018
2007,2424202010
2007,2502105025
2007,2502105026
2007,2502116023
2007,2502117013
2007,2502302027
2007,2502306035
2007,2502311001
2007,2502311002
2007,2502317018
2007,2502400025
2007,2502400026
2007,2502404031
2007,2502417018
2007,2503115021
2007,2503115030
2007,2503115031
2007,2503426009
2007,2503433041
2007,2504109029
2007,2504109034
2007,2504405032
2007,2504408050
2007,2504409006
2007,2504409007
2007,2505106038
2007,2505106039
2007,2506424020
2007,2507413020
2007,2507413021
2007,2507413022
2007,2508112025
2007,2508200046
2007,2508200047
2007,2508207003
2007,2508217011
2007,2508307021
2007,2509112085
2007,2509112086
2007,2509123023
2007,2509123024
2007,2509123029
2007,2510109009
2007,2510109011
2007,2510109012
2007,2512447024
2007,2515111030
2007,2515111031
2007,2515111032
2007,2515111034
2007,2515111035
2007,2515111036
2007,2515111037
2007,2515111046
2007,2515111047
2007,2515113001
2007,2515120034
2007,2515120035
2007,2515120068
2007,2515120078
2007,2515120095
2007,2515323046
2007,2516107022
2007,2517121017
2007,2517121018
2007,2517121019
2007,2517121020
2007,2517122044
2007,2517124021
2007,2517124025
2007,2519410018
2007,2519413050
2007,2519414049
2007,2520216010
2007,2520216011
2007,2520216012
2007,2520402003
2007,2520402004
2007,2520402005
2007,2520402006
2007,2521301016
2007,2521301017
2007,2521301018
2007,2527104037
2007,2527104038
2007,2527104046
2007,2528204030
2007,2528205013
2007,2528211006
2007,2528213003
2007,2606412034
2007,2607105003
2007,2617412002
2007,2617412003
2007,2617412004
2007,2617412005
2007,2617412006
2008,0925411029
2008,0936208032
2008,0936404016
2008,0936415032
2008,0936425049
2008,1025315039
2008,1025315041
2008,1031304024
2008,1032107036
2008,1032209002
2008,1032209003
2008,1036114026
2008,1036314024
2008,1036316033
2008,1036426029
2008,1036426032
2008,1036426033
2008,1036428009
2008,1036428035
2008,1130320033
2008,1130322012
2008,1131110012
2008,1131113055
2008,1131301024
2008,1132113026
2008,1132113030
2008,1132113032
2008,1132331034
2008,1201404018
2008,1211205036
2008,1212222014
2008,1212309025
2008,1223203047
2008,1223216042
2008,1223230016
2008,1223426016
2008,1223426038
2008,1224101064
2008,1224107022
2008,1224229013
2008,1224311042
2008,1224314007
2008,1224316009
2008,1224322035
2008,1301101046
2008,1301320007
2008,1301320008
2008,1301320009
2008,1301320010
2008,1301320011
2008,1301320012
2008,1301321018
2008,1301413047
2008,1301413048
2008,1301425018
2008,1302208041
2008,1302208042
2008,1302421020
2008,1302433023
2008,1303100083
2008,1303134043
2008,1303206043
2008,1303213002
2008,1303216013
2008,1303316001
2008,1303316168
2008,1303325059
2008,1303400009
2008,1303400017
2008,1303402013
2008,1304208037
2008,1304312029
2008,1304312051
2008,1304312052
2008,1304312054
2008,1304312073
2008,1304312078
2008,1305216033
2008,1306221040
2008,1306305009
2008,1306311019
2008,1306416004
2008,1307128054
2008,1307201020
2008,1307409020
2008,1308117022
2008,1308330030
2008,1308425001
2008,1308425002
2008,1308425003
2008,1309220040
2008,1309313055
2008,1309316069
2008,1309409005
2008,1310309022
2008,1311205011
2008,1311429027
2008,1312301015
2008,1312403020
2008,1312412018
2008,1313109018
2008,1313224005
2008,1313233011
2008,1313307027
2008,1313307036
2008,1313328015
2008,1313403011
2008,1313419010
2008,1314122032
2008,1314203020
2008,1314203021
2008,1314203022
2008,1314203023
2008,1314214038
2008,1314326034
2008,1314401021
2008,1314408009
2008,1314410032
2008,1315120032
2008,1315129039
2008,1315129040
2008,1315132019
2008,1315214018
2008,1315310012
2008,1315310015
2008,1315310034
2008,1315318075
2008,1315318076
2008,1315401040
2008,1315401041
2008,1315403012
2008,1316105031
2008,1316108044
2008,1316117047
2008,1316203001
2008,1316203002
2008,1316224052
2008,1317210026
2008,1319133005
2008,1319308049
2008,1319412007
2008,1321318049
2008,1322102064
2008,1322102069
2008,1322102072
2008,1322102075
2008,1322107030
2008,1322110018
2008,1322209022
2008,1322211005
2008,1322211015
2008,1322213013
2008,1322216002
2008,1322323007
2008,1323121027
2008,1323121034
2008,1323121040
2008,1323128034
2008,1323128035
2008,1323128036
2008,1323128046
2008,1323128047
2008,1323203019
2008,1323300004
2008,1323300028
2008,1324106024
2008,1324106025
2008,1324108043
2008,1324116043
2008,1324122029
2008,1324122047
2008,1324203005
2008,1324204012
2008,1324205026
2008,1324212003
2008,1324212008
2008,1324212011
2008,1324212012
2008,1324213005
2008,1324213010
2008,1324306064
2008,1324309022
2008,1325203054
2008,1325203055
2008,1325220016
2008,1325228012
2008,1325315023
2008,1325315024
2008,1325400025
2008,1325430043
2008,1326206011
2008,1326429044
2008,1327304001
2008,1327304002
2008,1327304003
2008,1327304004
2008,1327304005
2008,1327304006
2008,1327304007
2008,1327304008
2008,1327304009
2008,1327304010
2008,1329121040
2008,1329121041
2008,1330405037
2008,1331104010
2008,1331104011
2008,1331104012
2008,1331323050
2008,1332210013
2008,1334219038
2008,1334409029
2008,1334413010
2008,1335224048
2008,1335301034
2008,1335301036
2008,1335406010
2008,1335411051
2008,1335411052
2008,1335419025
2008,1335422022
2008,1336107034
2008,1336109011
2008,1336115037
2008,1336115067
2008,1336125014
2008,1336125015
2008,1336125016
2008,1336202062
2008,1336204022
2008,1336204037
2008,1336213031
2008,1336224019
2008,1336227038
2008,1336229058
2008,1336229059
2008,1336229076
2008,1336229077
2008,1336229078
2008,1336229079
2008,1336229080
2008,1336229081
2008,1336229082
2008,1336229083
2008,1336229084
2008,1336302007
2008,1336309020
2008,1336317050
2008,1336317051
2008,1336326001
2008,1336326009
2008,1336327012
2008,1336329003
2008,1336402036
2008,1336408055
2008,1336409013
2008,1336409014
2008,1336413028
2008,1336414005
2008,1336416003
2008,1336416040
2008,1336420026
2008,1336420027
2008,1336420034
2008,1336420048
2008,1336422039
2008,1336423032
2008,1336423033
2008,1336424009
2008,1336424025
2008,1336431033
2008,1406401061
2008,1407109020
2008,1407117023
2008,1407117025
2008,1407117026
2008,1407214044
2008,1407218023
2008,1407407028
2008,1407408017
2008,1407408092
2008,1407421001
2008,1407421010
2008,1407421048
2008,1408310034
2008,1408315016
2008,1416304052
2008,1417106010
2008,1417106011
2008,1417217039
2008,1417302010
2008,1417308023
2008,1417309027
2008,1417310033
2008,1418108003
2008,1418108009
2008,1418108019
2008,1418121035
2008,1418122034
2008,1418124037
2008,1418128002
2008,1418128013
2008,1418131006
2008,1418132008
2008,1418134012
2008,1418205009
2008,1418208023
2008,1418215017
2008,1418302015
2008,1418303026
2008,1418306021
2008,1418309055
2008,1418309056
2008,1418310011
2008,1418311027
2008,1418315007
2008,1418315036
2008,1418317009
2008,1418318008
2008,1418318017
2008,1418319001
2008,1418326018
2008,1418329020
2008,1418407004
2008,1418414018
2008,1418414019
2008,1418414052
2008,1418420043
2008,1419102004
2008,1419102020
2008,1419106037
2008,1419115008
2008,1419115009
2008,1419119032
2008,1419120002
2008,1419128007
2008,1419207011
2008,1419217049
2008,1419227012
2008,1419230033
2008,1419231026
2008,1419302035
2008,1419304038
2008,1419310033
2008,1419312008
2008,1419313016
2008,1419314035
2008,1419319034
2008,1419321010
2008,1419322019
2008,1419323028
2008,1419323029
2008,1419330022
2008,1419331006
2008,1419408033
2008,1419410014
2008,1419411023
2008,1419419028
2008,1419420025
2008,1419421026
2008,1419421028
2008,1419422034
2008,1419430008
2008,1419433005
2008,1419434042
2008,1420105058
2008,1420111024
2008,1420113004
2008,1420113053
2008,1420114002
2008,1420124031
2008,1420124034
2008,1420220028
2008,1420220046
2008,1420310021
2008,1420316026
2008,1420318009
2008,1420318039
2008,1420323004
2008,1420323016
2008,1420323036
2008,1420323079
2008,1420324007
2008,1420326013
2008,1420326014
2008,1420326027
2008,1420326034
2008,1420328047
2008,1420329037
2008,1420412003
2008,1420412004
2008,1421305013
2008,1421305035
2008,1428202034
2008,1428303011
2008,1428303012
2008,1428304055
2008,1428304056
2008,1429107014
2008,1429109039
2008,1429125028
2008,1429200025
2008,1429201002
2008,1429223015
2008,1429227058
2008,1429310041
2008,1429310053
2008,1429313006
2008,1429315010
2008,1429320006
2008,1429405022
2008,1429407063
2008,1429407103
2008,1429409002
2008,1429416032
2008,1430106023
2008,1430106044
2008,1430108047
2008,1430111018
2008,1430111034
2008,1430118041
2008,1430118042
2008,1430118043
2008,1430118044
2008,1430118045
2008,1430118046
2008,1430121034
2008,1430207027
2008,1430207028
2008,1430207036
2008,1430207037
2008,1430208016
2008,1430209013
2008,1430211036
2008,1430212005
2008,1430219039
2008,1430220046
2008,1430221008
2008,1430222183
2008,1430222184
2008,1430224045
2008,1430400003
2008,1430400004
2008,1430400005
2008,1430400006
2008,1430403130
2008,1430403198
2008,1430403200
2008,1430403201
2008,1430403202
2008,1430403216
2008,1430403218
2008,1430403222
2008,1430403223
2008,1430403229
2008,1430403230
2008,1430403231
2008,1430403233
2008,1430403236
2008,1430403238
2008,1430403239
2008,1430403243
2008,1430403244
2008,1430403247
2008,1430403248
2008,1430403250
2008,1430403253
2008,1430403255
2008,1430403256
2008,1430404112
2008,1430407011
2008,1430407045
2008,1431106032
2008,1431113003
2008,1431119020
2008,1431122048
2008,1431130038
2008,1431132051
2008,1431135014
2008,1431137022
2008,1431137023
2008,1431139018
2008,1431301029
2008,1431304010
2008,1431304011
2008,1431304012
2008,1431304026
2008,1431306053
2008,1431307036
2008,1431313036
2008,1431316038
2008,1431327020
2008,1431328063
2008,1431400028
2008,1431400029
2008,1431403058
2008,1431404031
2008,1431404047
2008,1431409013
2008,1431409014
2008,1431411045
2008,1431411051
2008,1431414056
2008,1431415013
2008,1431415014
2008,1431419007
2008,1431419008
2008,1431420059
2008,1431423008
2008,1431424020
2008,1431425011
2008,1431426013
2008,1431426015
2008,1431426016
2008,1431426040
2008,1431426048
2008,1432102006
2008,1432102022
2008,1432103017
2008,1432108034
2008,1432112012
2008,1432213028
2008,1432213029
2008,1432215049
2008,1432220008
2008,1432222019
2008,1432223024
2008,1432226030
2008,1432228019
2008,1432408047
2008,1432409075
2008,1432409077
2008,1432410023
2008,1432410024
2008,1432412010
2008,1432412031
2008,1432412046
2008,1432422024
2008,1432425038
2008,1433108035
2008,1433111064
2008,1433121081
2008,1433129030
2008,1433129088
2008,1433300058
2008,1433300127
2008,1433300129
2008,1433301037
2008,1433301038
2008,1433301039
2008,1433303006
2008,1433303024
2008,1601212013
2008,1601213008
2008,1601214031
2008,1601220023
2008,1601221016
2008,1601226016
2008,1601405001
2008,1601418039
2008,1602112004
2008,1602315029
2008,1602408045
2008,1602408065
2008,1604419017
2008,1605424010
2008,1608206034
2008,1608408031
2008,1609227019
2008,1609317017
2008,1609411031
2008,1610319008
2008,1610324034
2008,1610415022
2008,1610417013
2008,1610417025
2008,1611129043
2008,1611129044
2008,1611129045
2008,1611132045
2008,1611132046
2008,1611209015
2008,1611212019
2008,1611215001
2008,1611215002
2008,1611215003
2008,1611215004
2008,1611217020
2008,1611217021
2008,1611217022
2008,1611217023
2008,1611218010
2008,1611218011
2008,1611218018
2008,1611218019
2008,1611218020
2008,1611218021
2008,1611220002
2008,1611220003
2008,1611220004
2008,1611220005
2008,1611220006
2008,1611308021
2008,1612202037
2008,1612210020
2008,1612306052
2008,1612310004
2008,1612310052
2008,1612320036
2008,1612324006
2008,1612325004
2008,1612325049
2008,1612331025
2008,1612331048
2008,1612331051
2008,1613109007
2008,1613114043
2008,1613115061
2008,1613219045
2008,1613219047
2008,1613219050
2008,1613219051
2008,1613220050
2008,1613220051
2008,1613220056
2008,1613232026
2008,1613234006
2008,1613301055
2008,1613303040
2008,1613304043
2008,1613304044
2008,1613304045
2008,1613304046
2008,1613304047
2008,1613304048
2008,1613304049
2008,1613304050
2008,1613304051
2008,1613304052
2008,1613304053
2008,1613312026
2008,1613312061
2008,1613315005
2008,1613315006
2008,1613315007
2008,1613315008
2008,1613315019
2008,1613315055
2008,1613315056
2008,1613315057
2008,1613322026
2008,1613328002
2008,1613331042
2008,1613408019
2008,1613429018
2008,1613429019
2008,1614112036
2008,1614112038
2008,1614112039
2008,1614113018
2008,1614113045
2008,1614200029
2008,1614307042
2008,1614309039
2008,1614404048
2008,1614407013
2008,1614407046
2008,1614410039
2008,1614410040
2008,1614410041
2008,1614410042
2008,1615206034
2008,1615220017
2008,1615221040
2008,1615222008
2008,1615226031
2008,1615226032
2008,1615226043
2008,1615404050
2008,1615404051
2008,1616112026
2008,1622110008
2008,1622209028
2008,1622209042
2008,1622209043
2008,1622213008
2008,1622213026
2008,1622214045
2008,1622214046
2008,1622219018
2008,1622219032
2008,1622220054
2008,1622221007
2008,1622221049
2008,1622225029
2008,1622228048
2008,1622228049
2008,1623100026
2008,1623101026
2008,1623101031
2008,1623101033
2008,1623101046
2008,1623101047
2008,1623103010
2008,1623108037
2008,1623108039
2008,1623108040
2008,1623116023
2008,1623116031
2008,1623118020
2008,1623125009
2008,1623125010
2008,1623125011
2008,1623125024
2008,1623125025
2008,1623127025
2008,1623200027
2008,1623201014
2008,1623202008
2008,1623202010
2008,1623202016
2008,1623202023
2008,1623202025
2008,1623202030
2008,1623202033
2008,1623202035
2008,1623202041
2008,1623202043
2008,1623202044
2008,1623202046
2008,1623204010
2008,1623204033
2008,1623204041
2008,1623210016
2008,1623210017
2008,1623210018
2008,1623211014
2008,1623211024
2008,1623213011
2008,1623216037
2008,1623225009
2008,1623225044
2008,1623312044
2008,1623313014
2008,1623314082
2008,1623322007
2008,1623327044
2008,1623412007
2008,1623413045
2008,1623413046
2008,1623415059
2008,1623416037
2008,1624100049
2008,1624202009
2008,1624206051
2008,1624207062
2008,1624304022
2008,1624416008
2008,1626211043
2008,1626422027
2008,1626426009
2008,1635407067
2008,1636308054
2008,1636419020
2008,1636419021
2008,1703110006
2008,1703202011
2008,1704121044
2008,1704131001
2008,1704200043
2008,1704221012
2008,1704318032
2008,1704424056
2008,1705308054
2008,1705308055
2008,1705308108
2008,1705310067
2008,1706118038
2008,1706200035
2008,1706203007
2008,1706203027
2008,1706208048
2008,1706233016
2008,1706235077
2008,1706235090
2008,1706235091
2008,1706235092
2008,1706326015
2008,1706326016
2008,1706326046
2008,1706417009
2008,1706434028
2008,1706434029
2008,1707105035
2008,1707105036
2008,1707107011
2008,1707111030
2008,1707117047
2008,1707121016
2008,1707124014
2008,1707124015
2008,1707205027
2008,1707207001
2008,1707209015
2008,1707209039
2008,1707210003
2008,1707210030
2008,1707416042
2008,1707430051
2008,1708104022
2008,1708106014
2008,1708108033
2008,1708114136
2008,1708334048
2008,1708334049
2008,1708334050
2008,1708334051
2008,1708422035
2008,1708426016
2008,1708426034
2008,1708426037
2008,1708426038
2008,1708426040
2008,1708434022
2008,1709119024
2008,1709303002
2008,1709303009
2008,1709303020
2008,1716404019
2008,1716404020
2008,1716411015
2008,1716411016
2008,1717105011
2008,1717105074
2008,1717105076
2008,1717105078
2008,1717105080
2008,1717105082
2008,1717105084
2008,1717105086
2008,1717105088
2008,1717105090
2008,1717105092
2008,1717105094
2008,1717105096
2008,1717105097
2008,1717105098
2008,1717105099
2008,1717105100
2008,1717105101
2008,1717105102
2008,1717105103
2008,1717105104
2008,1717105105
2008,1717105106
2008,1717105107
2008,1717105108
2008,1717105109
2008,1717105110
2008,1717105111
2008,1717105113
2008,1717105115
2008,1717105116
2008,1717200012
2008,1717200013
2008,1717303039
2008,1717303044
2008,1717305008
2008,1717332007
2008,1717332016
2008,1717332021
2008,1717332024
2008,1717333035
2008,1717335012
2008,1717335013
2008,1717409037
2008,1717409055
2008,1718113014
2008,1718113068
2008,1719308040
2008,1720102056
2008,1720102058
2008,1720102060
2008,1720102062
2008,1720102064
2008,1720103051
2008,1720103053
2008,1720103060
2008,1720306021
2008,1720326008
2008,1720429002
2008,1720433014
2008,1721117045
2008,1721120041
2008,1721120045
2008,1721123026
2008,1721123027
2008,1721123028
2008,1721123029
2008,1721123030
2008,1721123031
2008,1721123045
2008,1721128003
2008,1721132034
2008,1721132040
2008,1721306045
2008,1721317036
2008,1722103044
2008,1722103045
2008,1722103048
2008,1722106062
2008,1722106067
2008,1722107089
2008,1722107090
2008,1722107091
2008,1722107092
2008,1722107093
2008,1722107094
2008,1722107095
2008,1722310023
2008,1722310024
2008,1727109006
2008,1727109007
2008,1727129035
2008,1727129036
2008,1727129050
2008,1727129065
2008,1727129073
2008,1727129077
2008,1727129081
2008,1727129092
2008,1727129096
2008,1727129098
2008,1727129099
2008,1727129100
2008,1727129102
2008,1727129103
2008,1727129104
2008,1727129105
2008,1727129106
2008,1727129107
2008,1728320009
2008,1728329036
2008,1728424006
2008,1729307056
2008,1729309036
2008,1729330001
2008,1729330002
2008,1729330003
2008,1729330005
2008,1729330006
2008,1729403054
2008,1729403057
2008,1729403059
2008,1729404053
2008,1729423054
2008,1729424005
2008,1729426012
2008,1730111002
2008,1730118012
2008,1730118030
2008,1731107025
2008,1731107040
2008,1731107046
2008,1731107047
2008,1731107048
2008,1731107050
2008,1731212051
2008,1731212052
2008,1731212063
2008,1731212064
2008,1731308032
2008,1731308033
2008,1731312019
2008,1731312036
2008,1731312037
2008,1731312038
2008,1731312039
2008,1731312040
2008,1731312041
2008,1731312042
2008,1731312043
2008,1731312044
2008,1731312045
2008,1731312046
2008,1731312047
2008,1731312048
2008,1731312049
2008,1731420046
2008,1732104020
2008,1732105021
2008,1732110004
2008,1732118022
2008,1732119047
2008,1732119052
2008,1732119057
2008,1732119063
2008,1732119064
2008,1732119068
2008,1732201016
2008,1732219014
2008,1732222048
2008,1732222049
2008,1732222050
2008,1732222052
2008,1732222053
2008,1732222054
2008,1732224042
2008,1732408028
2008,1732408029
2008,1732408035
2008,1732408036
2008,1732408038
2008,1732408039
2008,1732408041
2008,1732408042
2008,1732408043
2008,1732408044
2008,1732408045
2008,1732408047
2008,1732408048
2008,1732408049
2008,1732408050
2008,1732408051
2008,1732408053
2008,1732408054
2008,1732408055
2008,1732408056
2008,1732408057
2008,1732408058
2008,1732408059
2008,1732408060
2008,1732408062
2008,1732408063
2008,1732408064
2008,1732408065
2008,1732408066
2008,1732408067
2008,1732408068
2008,1732408069
2008,1732408071
2008,1732408072
2008,1732408073
2008,1732408074
2008,1732408075
2008,1732408076
2008,1732408077
2008,1732408078
2008,1733114032
2008,1733121042
2008,1733121043
2008,1733121103
2008,1733122086
2008,1733122087
2008,1733312012
2008,1733317051
2008,1733318001
2008,1733318002
2008,1733324043
2008,1733324046
2008,1733328026
2008,1733328027
2008,1733328028
2008,1733328029
2008,1733328030
2008,1733328031
2008,1734121002
2008,1734121003
2008,1734122083
2008,1734225009
2008,1734225010
2008,1734312009
2008,1734426010
2008,1901109028
2008,1901213037
2008,1901213038
2008,1901223002
2008,1901311046
2008,1902424018
2008,1903409045
2008,1904422006
2008,1904422007
2008,1908304052
2008,1908407048
2008,1910204004
2008,1911121026
2008,1911404025
2008,1912221010
2008,1912221011
2008,1914400065
2008,1917101055
2008,1917323029
2008,1918103027
2008,1918113016
2008,1918123033
2008,1918209044
2008,1918218002
2008,1919115027
2008,1919115028
2008,1919115030
2008,1920112056
2008,1923206010
2008,1924218034
2008,1924410008
2008,1925233001
2008,1935423005
2008,1936107056
2008,2002102043
2008,2002107010
2008,2002107068
2008,2002107069
2008,2002107070
2008,2002108001
2008,2002115073
2008,2002127014
2008,2002127015
2008,2002127016
2008,2002127017
2008,2002127020
2008,2002127021
2008,2002127022
2008,2002127023
2008,2002400031
2008,2002400032
2008,2002400077
2008,2002400078
2008,2002400079
2008,2003108040
2008,2003201053
2008,2003201054
2008,2003213016
2008,2003215017
2008,2003219031
2008,2003219032
2008,2003402050
2008,2003414039
2008,2003416042
2008,2003416043
2008,2004110033
2008,2004120005
2008,2004121023
2008,2004122040
2008,2004128043
2008,2004128045
2008,2004128047
2008,2004302017
2008,2004330035
2008,2004407007
2008,2004407016
2008,2007101004
2008,2007101005
2008,2007114016
2008,2007114017
2008,2007306007
2008,2008121021
2008,2008128010
2008,2008203036
2008,2008203037
2008,2008203043
2008,2008404006
2008,2009111038
2008,2010206019
2008,2010212054
2008,2010219008
2008,2014312027
2008,2014312029
2008,2014312035
2008,2014412010
2008,2015120008
2008,2015303003
2008,2015313032
2008,2015313033
2008,2015313034
2008,2015313035
2008,2015313036
2008,2015313069
2008,2015313070
2008,2016205038
2008,2016205044
2008,2016206008
2008,2016321082
2008,2016321083
2008,2016325019
2008,2016325020
2008,2016325022
2008,2016325023
2008,2016325024
2008,2016325026
2008,2016325027
2008,2016325029
2008,2016325030
2008,2016326015
2008,2016326016
2008,2016326017
2008,2016326018
2008,2016326019
2008,2016326020
2008,2016326023
2008,2016326025
2008,2016326026
2008,2016326027
2008,2017107036
2008,2017107037
2008,2017110030
2008,2017305032
2008,2017320019
2008,2017320033
2008,2017320043
2008,2017321041
2008,2017330002
2008,2018230018
2008,2018400005
2008,2018400006
2008,2018401009
2008,2018401010
2008,2018404035
2008,2018406047
2008,2018412038
2008,2018413038
2008,2019204022
2008,2019204023
2008,2019218003
2008,2019218004
2008,2020311046
2008,2021104008
2008,2021104009
2008,2021104010
2008,2021104012
2008,2021104013
2008,2021104014
2008,2021104027
2008,2021105001
2008,2021105002
2008,2021105003
2008,2021105004
2008,2021105005
2008,2021105020
2008,2021105021
2008,2021105022
2008,2021105024
2008,2021105026
2008,2021105036
2008,2021105037
2008,2021106001
2008,2021106002
2008,2021106003
2008,2021106015
2008,2021106016
2008,2021106017
2008,2021106018
2008,2021107001
2008,2021107002
2008,2021107004
2008,2021107005
2008,2021107006
2008,2021107019
2008,2021107020
2008,2021107036
2008,2021127010
2008,2021129026
2008,2021129030
2008,2021214032
2008,2021215014
2008,2021215018
2008,2021304032
2008,2021304033
2008,2021310024
2008,2021310025
2008,2021400045
2008,2021400048
2008,2021400049
2008,2022105036
2008,2022105063
2008,2022201016
2008,2022201017
2008,2022212015
2008,2023104025
2008,2023104041
2008,2023104086
2008,2023105012
2008,2023105048
2008,2023105050
2008,2023106024
2008,2023106025
2008,2023106033
2008,2023106036
2008,2023115014
2008,2023116004
2008,2023116005
2008,2023116021
2008,2023117023
2008,2023118026
2008,2023119013
2008,2023119014
2008,2023119051
2008,2023124020
2008,2023213037
2008,2023421020
2008,2024317003
2008,2025119027
2008,2025119031
2008,2025119032
2008,2025119033
2008,2026103015
2008,2026111005
2008,2026111010
2008,2026114044
2008,2026116039
2008,2026121001
2008,2026121012
2008,2026213032
2008,2026213033
2008,2026303030
2008,2027317002
2008,2028317017
2008,2028317018
2008,2028317019
2008,2030118039
2008,2030118040
2008,2033104024
2008,2033104027
2008,2033104030
2008,2033123001
2008,2033305084
2008,2033310019
2008,2035105025
2008,2035314056
2008,2036402015
2008,2130108016
2008,2130108017
2008,2131101021
2008,2131101022
2008,2131107044
2008,2412437013
2008,2413213009
2008,2413216001
2008,2413305050
2008,2413413014
2008,2413419011
2008,2414112032
2008,2414113121
2008,2414215160
2008,2414409017
2008,2423205025
2008,2423207039
2008,2423215063
2008,2424224050
2008,2502306016
2008,2503115032
2008,2503115033
2008,2503115052
2008,2503115054
2008,2503115056
2008,2503115058
2008,2503432014
2008,2503432015
2008,2504302084
2008,2504317009
2008,2506411001
2008,2507311008
2008,2507404009
2008,2508207002
2008,2508304008
2008,2510416029
2008,2515113034
2008,2516411037
2008,2517121002
2008,2517121009
2008,2517121014
2008,2517121016
2008,2517121021
2008,2517122007
2008,2517122009
2008,2517122011
2008,2517122032
2008,2517122033
2008,2517122034
2008,2517122038
2008,2517122045
2008,2517124012
2008,2517124013
2008,2517124024
2008,2517124029
2008,2517301037
2008,2517304009
2008,2518104021
2008,2518200042
2008,2519112004
2008,2519406003
2008,2519414021
2008,2519414052
2008,2520328032
2008,2522103043
2008,2528126033
2008,2528126034
2008,2605115038
2008,2605115039
2008,2606406022
2008,2606412019
2008,2606412020
2008,2606414005
2008,2607105014
2008,2607105015
2008,2607105035
2008,2607105037
2008,2618206014
2008,2618406054
2008,2618406055
2008,2631210016
2008,2632303006
2009,0936201024
2009,0936223004
2009,1031308035
2009,1032214001
2009,1032214002
2009,1131201079
2009,1131201080
2009,1201109037
2009,1201221035
2009,1201313039
2009,1223413024
2009,1224101065
2009,1224325008
2009,1301126065
2009,1301413001
2009,1303115025
2009,1303223002
2009,1304308008
2009,1304308013
2009,1304312053
2009,1304312074
2009,1304312075
2009,1304312080
2009,1304312081
2009,1306204022
2009,1306218030
2009,1306305016
2009,1306315010
2009,1308117028
2009,1309322035
2009,1309415012
2009,1312401018
2009,1312403045
2009,1314214040
2009,1314220025
2009,1314407027
2009,1315310010
2009,1315310017
2009,1315310018
2009,1315310024
2009,1315310025
2009,1315310026
2009,1315310028
2009,1315310029
2009,1315310032
2009,1316108046
2009,1316224053
2009,1317202007
2009,1322102063
2009,1322102076
2009,1322102101
2009,1322216013
2009,1323128044
2009,1324100040
2009,1324106036
2009,1324108031
2009,1324302027
2009,1325129042
2009,1325315070
2009,1325427045
2009,1325428041
2009,1325428042
2009,1326214067
2009,1330203031
2009,1330217048
2009,1332122007
2009,1333215022
2009,1333406011
2009,1334418030
2009,1335204006
2009,1335304037
2009,1335406031
2009,1335411048
2009,1335416021
2009,1335416048
2009,1336224032
2009,1336309018
2009,1336319007
2009,1336409038
2009,1336411049
2009,1406401022
2009,1407223003
2009,1407223004
2009,1407413072
2009,1408117009
2009,1416304051
2009,1417217038
2009,1417303021
2009,1417310057
2009,1418122016
2009,1418122033
2009,1418124038
2009,1418127005
2009,1418131008
2009,1418207031
2009,1418209013
2009,1418300027
2009,1418302010
2009,1418302016
2009,1418302022
2009,1418316034
2009,1418317045
2009,1418319023
2009,1418320043
2009,1418326030
2009,1418414008
2009,1419100037
2009,1419106038
2009,1419110005
2009,1419112028
2009,1419113012
2009,1419113013
2009,1419210006
2009,1419307020
2009,1419312001
2009,1419312034
2009,1419314010
2009,1419319043
2009,1419319044
2009,1419326051
2009,1419418015
2009,1419422031
2009,1419429043
2009,1419429051
2009,1420106046
2009,1420113007
2009,1420113013
2009,1420113041
2009,1420120022
2009,1420220020
2009,1420311004
2009,1420312039
2009,1420319033
2009,1420322018
2009,1420322024
2009,1420329008
2009,1420418023
2009,1420423005
2009,1421305007
2009,1421305034
2009,1421311049
2009,1428300036
2009,1428311015
2009,1429114009
2009,1429115014
2009,1429123015
2009,1429229013
2009,1429300113
2009,1429410021
2009,1429418065
2009,1429418066
2009,1430105015
2009,1430119028
2009,1430206028
2009,1430208020
2009,1430208032
2009,1430209012
2009,1430213038
2009,1430220020
2009,1430220036
2009,1430225023
2009,1430225024
2009,1430403217
2009,1430403221
2009,1430403224
2009,1430407012
2009,1431122046
2009,1431203019
2009,1431214003
2009,1431302058
2009,1431311031
2009,1431315007
2009,1431323001
2009,1431402017
2009,1431410040
2009,1431411025
2009,1431429022
2009,1432103019
2009,1432103020
2009,1432109001
2009,1432210015
2009,1432412013
2009,1432413016
2009,1433129019
2009,1433306066
2009,1433309006
2009,1433311037
2009,1433331016
2009,1601231026
2009,1601313054
2009,1601418040
2009,1602408043
2009,1604427040
2009,1605416027
2009,1608226022
2009,1608401032
2009,1610327032
2009,1611408007
2009,1612310051
2009,1612324012
2009,1613233018
2009,1613312060
2009,1613315017
2009,1613315018
2009,1613315020
2009,1613327045
2009,1613406015
2009,1613406062
2009,1613429017
2009,1614306047
2009,1614307041
2009,1614325056
2009,1614325059
2009,1614404047
2009,1614406039
2009,1614407014
2009,1614407015
2009,1614408042
2009,1614410002
2009,1615111027
2009,1615427044
2009,1616102024
2009,1616104010
2009,1622110005
2009,1622204024
2009,1622204035
2009,1622206039
2009,1622209027
2009,1622209038
2009,1622210014
2009,1622214026
2009,1622214047
2009,1622214048
2009,1622220053
2009,1622220055
2009,1623100027
2009,1623101045
2009,1623103011
2009,1623123043
2009,1623315069
2009,1623401033
2009,1623404042
2009,1623408019
2009,1623408035
2009,1624201014
2009,1624201015
2009,1624206048
2009,1624206049
2009,1624207015
2009,1624207016
2009,1624207018
2009,1624207019
2009,1624207020
2009,1624207021
2009,1624207022
2009,1624207027
2009,1624416009
2009,1627202031
2009,1635104007
2009,1636201039
2009,1636308053
2009,1704121040
2009,1704200046
2009,1704200047
2009,1704202015
2009,1704202016
2009,1704304029
2009,1705100040
2009,1705101091
2009,1705124018
2009,1705309057
2009,1705315060
2009,1705324048
2009,1705324065
2009,1705324068
2009,1706216089
2009,1706217051
2009,1706435024
2009,1707208021
2009,1708108012
2009,1708121027
2009,1708126014
2009,1708325027
2009,1708426015
2009,1708426035
2009,1708426036
2009,1709119039
2009,1709123011
2009,1709216003
2009,1709216004
2009,1709216005
2009,1709216016
2009,1709216020
2009,1709217004
2009,1709217005
2009,1709217006
2009,1709217007
2009,1709301012
2009,1709302002
2009,1709455023
2009,1709455024
2009,1710123016
2009,1710210022
2009,1710318051
2009,1710318071
2009,1710318074
2009,1715304065
2009,1717105112
2009,1717227001
2009,1717227002
2009,1717227003
2009,1717227004
2009,1717227005
2009,1717333034
2009,1717333047
2009,1717412031
2009,1717419011
2009,1720207062
2009,1720321021
2009,1720402013
2009,1720433015
2009,1721123038
2009,1721123039
2009,1721123041
2009,1721317035
2009,1722310026
2009,1722310027
2009,1722310028
2009,1722310029
2009,1722310030
2009,1722310031
2009,1722310032
2009,1722310033
2009,1722310034
2009,1727129061
2009,1728312007
2009,1729317030
2009,1729317031
2009,1729320033
2009,1731111003
2009,1731213045
2009,1731213046
2009,1731213047
2009,1731408029
2009,1732107023
2009,1732119056
2009,1732220028
2009,1732222055
2009,1732408027
2009,1732408032
2009,1732408037
2009,1732412023
2009,1733108006
2009,1733108007
2009,1733108008
2009,1733114002
2009,1733323015
2009,1733329001
2009,1734120107
2009,1734120108
2009,1901211017
2009,1907406045
2009,1907426006
2009,1908302019
2009,1908310003
2009,1908318007
2009,1908404031
2009,1910113053
2009,1911406039
2009,1913220013
2009,1914308016
2009,1922300011
2009,1925232002
2009,2002102053
2009,2002127018
2009,2002403062
2009,2003121019
2009,2003121020
2009,2003121021
2009,2003121022
2009,2003400052
2009,2004128048
2009,2004320034
2009,2004405039
2009,2004413035
2009,2004413036
2009,2004420077
2009,2004422023
2009,2004422024
2009,2004450001
2009,2006419014
2009,2008203038
2009,2009106003
2009,2009106027
2009,2014313019
2009,2015301008
2009,2015302005
2009,2015302006
2009,2015302007
2009,2015302016
2009,2015302017
2009,2015302018
2009,2015309029
2009,2019418022
2009,2019425004
2009,2021129001
2009,2021129002
2009,2021129009
2009,2021129010
2009,2021215011
2009,2023103050
2009,2023123008
2009,2026417046
2009,2027411003
2009,2033104026
2009,2033105007
2009,2130325041
2009,2131107046
2009,2131202052
2009,2414103031
2009,2414103104
2009,2414110074
2009,2414112034
2009,2414209032
2009,2414412069
2009,2423210017
2009,2424215033
2009,2507211035
2009,2507320017
2009,2518200060
2009,2518200061
2009,2518200062
2009,2518200063
2009,2518200064
2009,2520216013
2009,2520216014
2010,1031313031
2010,1131220005
2010,1132116036
2010,1201111033
2010,1223421030
2010,1302113017
2010,1302113018
2010,1302113019
2010,1302114050
2010,1303323013
2010,1305413022
2010,1306107021
2010,1306222002
2010,1307417044
2010,1309406023
2010,1310420033
2010,1310420034
2010,1312411125
2010,1313419001
2010,1315310013
2010,1315310019
2010,1317105110
2010,1318409087
2010,1319204036
2010,1322110023
2010,1322215023
2010,1322221027
2010,1328212023
2010,1330203030
2010,1330203032
2010,1336317021
2010,1336406042
2010,1336407025
2010,1336413030
2010,1406401060
2010,1407315018
2010,1417304039
2010,1417304043
2010,1417310056
2010,1418103017
2010,1418309067
2010,1418310027
2010,1418316020
2010,1418320044
2010,1418324029
2010,1418416029
2010,1418419024
2010,1418420024
2010,1419100013
2010,1419110017
2010,1419200023
2010,1419217048
2010,1419221015
2010,1419307017
2010,1419314017
2010,1419315003
2010,1419318032
2010,1419401037
2010,1419429019
2010,1420112009
2010,1420125008
2010,1420321029
2010,1420321030
2010,1420323007
2010,1420329038
2010,1428202035
2010,1428300037
2010,1428303008
2010,1428304096
2010,1429108021
2010,1429110025
2010,1429114019
2010,1429119007
2010,1429201055
2010,1429202014
2010,1429304061
2010,1429304062
2010,1429304066
2010,1429304067
2010,1429308036
2010,1429316001
2010,1429320015
2010,1429321018
2010,1429414034
2010,1429418024
2010,1430106071
2010,1430200036
2010,1430211018
2010,1430211033
2010,1430213015
2010,1430215018
2010,1430215039
2010,1430220021
2010,1430403131
2010,1430409025
2010,1430409103
2010,1431129017
2010,1431139014
2010,1431309021
2010,1431309022
2010,1431319092
2010,1431319093
2010,1431319094
2010,1431319095
2010,1431319096
2010,1431319097
2010,1431319098
2010,1431319099
2010,1431319100
2010,1431319101
2010,1431400046
2010,1431411005
2010,1431419011
2010,1431428041
2010,1431428042
2010,1432214021
2010,1432216006
2010,1432216058
2010,1432224017
2010,1432224025
2010,1432224026
2010,1432411063
2010,1433306038
2010,1433308032
2010,1601409053
2010,1601409054
2010,1601409055
2010,1602200005
2010,1602408042
2010,1613214072
2010,1613219046
2010,1613219052
2010,1613219055
2010,1613219056
2010,1613219058
2010,1613219059
2010,1613219063
2010,1613219064
2010,1613312059
2010,1613322019
2010,1613420015
2010,1616105002
2010,1616200010
2010,1622206031
2010,1622209026
2010,1622209044
2010,1622209045
2010,1622210053
2010,1623225011
2010,1623313007
2010,1624201017
2010,1624202009
2010,1624202017
2010,1624206048
2010,1624206049
2010,1624206051
2010,1624207010
2010,1624207015
2010,1624207016
2010,1624207031
2010,1635413018
2010,1636403007
2010,1704435039
2010,1706117008
2010,1706204003
2010,1706423007
2010,1706434049
2010,1707108027
2010,1707203038
2010,1707217044
2010,1707417040
2010,1707417053
2010,1707417056
2010,1707422039
2010,1707422043
2010,1707422044
2010,1707422046
2010,1707422048
2010,1708108028
2010,1708117025
2010,1708338024
2010,1708422029
2010,1708422034
2010,1709119044
2010,1709204013
2010,1709404001
2010,1709404002
2010,1709404003
2010,1709404011
2010,1709404016
2010,1709416004
2010,1709416005
2010,1709416006
2010,1710318070
2010,1717317034
2010,1718316022
2010,1720403040
2010,1721128004
2010,1721128005
2010,1721128006
2010,1721128007
2010,1721128008
2010,1721132011
2010,1721132012
2010,1721132022
2010,1721132023
2010,1721132027
2010,1721132028
2010,1721132029
2010,1721132030
2010,1721132031
2010,1721132032
2010,1721132033
2010,1721132035
2010,1721132037
2010,1721132038
2010,1721132039
2010,1721132041
2010,1721317027
2010,1727129101
2010,1728221003
2010,1729310001
2010,1729310002
2010,1729330004
2010,1731107045
2010,1731230012
2010,1731230044
2010,1731405025
2010,1731410001
2010,1732222051
2010,1732408033
2010,1732408034
2010,1733328034
2010,1734322070
2010,1734422020
2010,1734422021
2010,1734422022
2010,1734422023
2010,1734422024
2010,1734422025
2010,1734422026
2010,1734422027
2010,1734422028
2010,1734432010
2010,1734432011
2010,1734432012
2010,1734432013
2010,1734432014
2010,1734433006
2010,1734433007
2010,1734433008
2010,1734433009
2010,1734433010
2010,1901211072
2010,1917121057
2010,1918101033
2010,1922118025
2010,2002107071
2010,2002127019
2010,2002404041
2010,2002404042
2010,2003118036
2010,2003118037
2010,2003118038
2010,2003118039
2010,2003118040
2010,2003118041
2010,2003118042
2010,2003121031
2010,2003121043
2010,2003309049
2010,2003416021
2010,2004127009
2010,2004128029
2010,2004128030
2010,2010203047
2010,2010306072
2010,2010306073
2010,2010306074
2010,2010306076
2010,2010306077
2010,2010306078
2010,2010306079
2010,2019403040
2010,2022222058
2010,2026311021
2010,2026322023
2010,2029228029
2010,2131107045
2010,2413210007
2010,2413301041
2010,2517122041
2011,0925432044
2011,0936219011
2011,0936404002
2011,0936405016
2011,1025310035
2011,1025310036
2011,1025310045
2011,1025314025
2011,1025314026
2011,1025328011
2011,1025328012
2011,1033330065
2011,1036300018
2011,1036300019
2011,1036300041
2011,1036300042
2011,1036300043
2011,1036300044
2011,1036300045
2011,1036300049
2011,1036300050
2011,1036300051
2011,1130322011
2011,1132100017
2011,1132116012
2011,1132116013
2011,1201105088
2011,1212105039
2011,1212112019
2011,1223229011
2011,1224101063
2011,1224107058
2011,1301432039
2011,1301432040
2011,1302203012
2011,1302203013
2011,1304217015
2011,1304312032
2011,1304312043
2011,1304312055
2011,1304312058
2011,1304312060
2011,1304312061
2011,1304312068
2011,1304312077
2011,1304312083
2011,1304312085
2011,1304312094
2011,1304312095
2011,1304312096
2011,1305111027
2011,1305430034
2011,1306305012
2011,1307309042
2011,1307411007
2011,1307418005
2011,1308322038
2011,1308432001
2011,1308432002
2011,1309313041
2011,1309317012
2011,1309416033
2011,1309420012
2011,1312400042
2011,1312401028
2011,1312403014
2011,1312403030
2011,1312415002
2011,1313208037
2011,1313211024
2011,1313302029
2011,1313306021
2011,1313322033
2011,1313326003
2011,1313327032
2011,1314122032
2011,1314124019
2011,1314127025
2011,1314306005
2011,1314306006
2011,1314313036
2011,1314326031
2011,1314326033
2011,1314424009
2011,1314425049
2011,1315222009
2011,1315222010
2011,1317112066
2011,1317112067
2011,1317117022
2011,1317120006
2011,1317209040
2011,1317302073
2011,1319112057
2011,1320221016
2011,1322105017
2011,1322111029
2011,1322112016
2011,1322203007
2011,1322206003
2011,1322304033
2011,1322304034
2011,1322304035
2011,1322416004
2011,1322416005
2011,1323115036
2011,1323128042
2011,1323213043
2011,1323321035
2011,1324100010
2011,1324100038
2011,1324104026
2011,1324116018
2011,1324116019
2011,1324116020
2011,1324122012
2011,1324131043
2011,1324131047
2011,1324131049
2011,1324131050
2011,1324204011
2011,1324208011
2011,1324304042
2011,1324304043
2011,1324304044
2011,1324304045
2011,1324304046
2011,1324305060
2011,1324305061
2011,1324305062
2011,1324305063
2011,1324305064
2011,1324305065
2011,1324311033
2011,1324406029
2011,1325103025
2011,1325203062
2011,1325203063
2011,1325216012
2011,1325216036
2011,1325216037
2011,1325217015
2011,1325228017
2011,1325302012
2011,1325315070
2011,1325320088
2011,1325430012
2011,1326116060
2011,1326116061
2011,1326126003
2011,1326126004
2011,1326203024
2011,1326211022
2011,1326214081
2011,1326218069
2011,1326218108
2011,1330227003
2011,1330227006
2011,1330227007
2011,1330227008
2011,1330227009
2011,1330227010
2011,1330301047
2011,1331213005
2011,1335103022
2011,1335120040
2011,1335303038
2011,1335303039
2011,1335303040
2011,1335303041
2011,1335303042
2011,1335400027
2011,1335401045
2011,1335402001
2011,1335402002
2011,1335402003
2011,1335408011
2011,1335408012
2011,1335413047
2011,1336106009
2011,1336116005
2011,1336116017
2011,1336119030
2011,1336119031
2011,1336119032
2011,1336119033
2011,1336119034
2011,1336119035
2011,1336119036
2011,1336119037
2011,1336202034
2011,1336202065
2011,1336202066
2011,1336202067
2011,1336203041
2011,1336204038
2011,1336218011
2011,1336219045
2011,1336221039
2011,1336227056
2011,1336228020
2011,1336228034
2011,1336303005
2011,1336305029
2011,1336306011
2011,1336314034
2011,1336314035
2011,1336316022
2011,1336316023
2011,1336317006
2011,1336317027
2011,1336318047
2011,1336318048
2011,1336319001
2011,1336319020
2011,1336323016
2011,1336325002
2011,1336326004
2011,1336326006
2011,1336327008
2011,1336327011
2011,1336400033
2011,1336400034
2011,1336408058
2011,1336408059
2011,1336408061
2011,1336409021
2011,1336409022
2011,1336418006
2011,1336419014
2011,1336419016
2011,1336421011
2011,1336422029
2011,1336423030
2011,1336426018
2011,1406407030
2011,1406409026
2011,1407112046
2011,1407113044
2011,1407115016
2011,1407115050
2011,1407205014
2011,1407227015
2011,1407314025
2011,1407315011
2011,1407315031
2011,1407407031
2011,1407418002
2011,1408315064
2011,1408315065
2011,1408315066
2011,1408315067
2011,1408315068
2011,1408315069
2011,1408315070
2011,1408315071
2011,1408315072
2011,1408315073
2011,1408315074
2011,1408315075
2011,1408315076
2011,1408315077
2011,1417301024
2011,1417302024
2011,1417308019
2011,1417308033
2011,1417313004
2011,1418108018
2011,1418125012
2011,1418128010
2011,1418133017
2011,1418300031
2011,1418301034
2011,1418301048
2011,1418301049
2011,1418303022
2011,1418310029
2011,1418311005
2011,1418315019
2011,1418315045
2011,1418316021
2011,1418316041
2011,1418318020
2011,1418326035
2011,1418410045
2011,1418413013
2011,1418414026
2011,1418414027
2011,1418414053
2011,1418414054
2011,1418414056
2011,1418416010
2011,1418417007
2011,1418419019
2011,1418424035
2011,1419109025
2011,1419109038
2011,1419110003
2011,1419110018
2011,1419114004
2011,1419114022
2011,1419200020
2011,1419207059
2011,1419211020
2011,1419213011
2011,1419214003
2011,1419229021
2011,1419232006
2011,1419232021
2011,1419309019
2011,1419311007
2011,1419312045
2011,1419314025
2011,1419316029
2011,1419317018
2011,1419318013
2011,1419322027
2011,1419325018
2011,1419326021
2011,1419327019
2011,1419421024
2011,1419429035
2011,1420113010
2011,1420115024
2011,1420118026
2011,1420118027
2011,1420123019
2011,1420222028
2011,1420229018
2011,1420302011
2011,1420311057
2011,1420321008
2011,1420321034
2011,1420322027
2011,1420327018
2011,1420327019
2011,1420407030
2011,1420418024
2011,1428202032
2011,1428300039
2011,1428312036
2011,1428312037
2011,1429107010
2011,1429107012
2011,1429108025
2011,1429110039
2011,1429116015
2011,1429116047
2011,1429119013
2011,1429120037
2011,1429120038
2011,1429122020
2011,1429126015
2011,1429129003
2011,1429209018
2011,1429304058
2011,1429304059
2011,1429304063
2011,1429304064
2011,1429304065
2011,1429305039
2011,1429305050
2011,1429305056
2011,1429312010
2011,1429315059
2011,1429315074
2011,1429317046
2011,1429317047
2011,1429317048
2011,1429317052
2011,1429317053
2011,1429317054
2011,1429317055
2011,1429317057
2011,1429317058
2011,1429317059
2011,1429317061
2011,1429319002
2011,1429320019
2011,1429402028
2011,1429414036
2011,1429417010
2011,1429426002
2011,1430105020
2011,1430110019
2011,1430110025
2011,1430111042
2011,1430113029
2011,1430114026
2011,1430119025
2011,1430120002
2011,1430121026
2011,1430200030
2011,1430205012
2011,1430207012
2011,1430208044
2011,1430209008
2011,1430209023
2011,1430211012
2011,1430218014
2011,1430220032
2011,1430220035
2011,1430221014
2011,1430223148
2011,1430223149
2011,1431113020
2011,1431127008
2011,1431127022
2011,1431127049
2011,1431127050
2011,1431132049
2011,1431138004
2011,1431316044
2011,1431325008
2011,1431326026
2011,1431411002
2011,1431413048
2011,1431419033
2011,1431419034
2011,1431419035
2011,1431425040
2011,1431425041
2011,1431428055
2011,1431429021
2011,1432110027
2011,1432110060
2011,1432221015
2011,1432221027
2011,1432223042
2011,1432227054
2011,1432403068
2011,1432414010
2011,1432425048
2011,1432425049
2011,1432425050
2011,1432426088
2011,1433301112
2011,1433301113
2011,1433303020
2011,1433303021
2011,1433309052
2011,1433310039
2011,1433310040
2011,1433314005
2011,1433314006
2011,1433314007
2011,1433317033
2011,1433317034
2011,1433404031
2011,1433404032
2011,1601212020
2011,1601213028
2011,1601227019
2011,1601314016
2011,1601314018
2011,1601325042
2011,1601325050
2011,1601325051
2011,1602228045
2011,1604309016
2011,1604322005
2011,1609202019
2011,1612206026
2011,1612207020
2011,1612214011
2011,1612218058
2011,1613204005
2011,1613208007
2011,1613214068
2011,1613214073
2011,1613214075
2011,1613214076
2011,1613215073
2011,1613219054
2011,1613415019
2011,1613415020
2011,1624201015
2011,1626428009
2011,1636201081
2011,1636201082
2011,1636201083
2011,1636201084
2011,1636201085
2011,1636201086
2011,1636201087
2011,1636201088
2011,1636201089
2011,1636201091
2011,1636201092
2011,1636201093
2011,1636201094
2011,1636201095
2011,1636201096
2011,1636201097
2011,1636201098
2011,1636201099
2011,1636201101
2011,1636201102
2011,1636201103
2011,1636201104
2011,1636201105
2011,1636201106
2011,1636201107
2011,1636201108
2011,1636307018
2011,1636315028
2011,1636403006
2011,1636409009
2011,1636409010
2011,1636419022
2011,1636419023
2011,1704109007
2011,1704201003
2011,1704201004
2011,1704201005
2011,1704208035
2011,1704437015
2011,1704437016
2011,1704437017
2011,1705110016
2011,1705116011
2011,1705116012
2011,1705124034
2011,1705124035
2011,1705214016
2011,1705215011
2011,1705215021
2011,1705300029
2011,1705320041
2011,1705322017
2011,1706103002
2011,1706210027
2011,1706221027
2011,1706230020
2011,1706230021
2011,1706233005
2011,1706408014
2011,1706408017
2011,1707106003
2011,1707107006
2011,1707107014
2011,1707109034
2011,1707111055
2011,1707113017
2011,1707116023
2011,1707116057
2011,1707120028
2011,1707121010
2011,1707121032
2011,1707122003
2011,1707122004
2011,1707123020
2011,1707123021
2011,1707123022
2011,1707124016
2011,1707124017
2011,1707205025
2011,1707208025
2011,1707208050
2011,1707208051
2011,1707208054
2011,1707209029
2011,1707209033
2011,1707210046
2011,1707212022
2011,1707212026
2011,1707212051
2011,1707215019
2011,1707215057
2011,1707215089
2011,1707215090
2011,1707216005
2011,1707216019
2011,1707216024
2011,1707216032
2011,1707218006
2011,1707218019
2011,1707219057
2011,1707220012
2011,1707221007
2011,1707321033
2011,1708103030
2011,1708106009
2011,1708114146
2011,1708222040
2011,1708338026
2011,1708338027
2011,1709119043
2011,1710318061
2011,1716411020
2011,1716411021
2011,1717426037
2011,1719411001
2011,1719411002
2011,1719411019
2011,1719411020
2011,1720305065
2011,1720406015
2011,1720410024
2011,1728125057
2011,1728125059
2011,1728125060
2011,1728412028
2011,1728412029
2011,1728413010
2011,1729306004
2011,1729307060
2011,1729310055
2011,1729310056
2011,1729310057
2011,1729310058
2011,1729314001
2011,1729320045
2011,1729320046
2011,1729330009
2011,1729330010
2011,1729330011
2011,1729330012
2011,1729330013
2011,1729330014
2011,1729330018
2011,1729401011
2011,1729401036
2011,1729403002
2011,1729423061
2011,1729424043
2011,1729424078
2011,1729425011
2011,1729425065
2011,1729425079
2011,1729425080
2011,1729425096
2011,1729426014
2011,1730200038
2011,1731107053
2011,1731107054
2011,1731107055
2011,1731112016
2011,1731112033
2011,1731113001
2011,1731215018
2011,1731413007
2011,1731413045
2011,1732105011
2011,1732106016
2011,1732107021
2011,1732107022
2011,1732110003
2011,1732110035
2011,1732206002
2011,1732206003
2011,1732222018
2011,1732222029
2011,1732408080
2011,1732408081
2011,1732408082
2011,1732408083
2011,1732408084
2011,1732408085
2011,1732408086
2011,1732408087
2011,1732408088
2011,1732408089
2011,1732408090
2011,1732408091
2011,1732408092
2011,1732408093
2011,1732408094
2011,1732408095
2011,1732408096
2011,1732408097
2011,1732408098
2011,1732408099
2011,1732408100
2011,1732408101
2011,1732408102
2011,1732408103
2011,1732412013
2011,1732412014
2011,1732412026
2011,1732412027
2011,1732412028
2011,1732412029
2011,1732412030
2011,1732412031
2011,1732412032
2011,1732412035
2011,1732412036
2011,1732412037
2011,1732416032
2011,1732416041
2011,1732416042
2011,1732416043
2011,1732416044
2011,1732416045
2011,1732416046
2011,1732416047
2011,1732416048
2011,1733100031
2011,1733103035
2011,1733303007
2011,1733306034
2011,1733310036
2011,1733315015
2011,1733316041
2011,1733327066
2011,1733327067
2011,1733328040
2011,1733328041
2011,1734113036
2011,1734120031
2011,1734120032
2011,1734121131
2011,1734121132
2011,1734121133
2011,1734121134
2011,1734417028
2011,1734419023
2011,1734419024
2011,1734419025
2011,1734419026
2011,1734430001
2011,1734430002
2011,1734431001
2011,1734431002
2011,1734431003
2011,1734431008
2011,1734432007
2011,1734432019
2011,1734433004
2011,1734433005
2011,1734433011
2011,1735108011
2011,1735108012
2011,1735108013
2011,1907320020
2011,1907418032
2011,1907428049
2011,1907428050
2011,1908416063
2011,1908416064
2011,1908416065
2011,1908416066
2011,1918218003
2011,1919115023
2011,1919115024
2011,1919115025
2011,1922300016
2011,2003123025
2011,2003123026
2011,2003205034
2011,2003205036
2011,2003205039
2011,2003220048
2011,2003220049
2011,2003416024
2011,2004129039
2011,2004302042
2011,2004302044
2011,2004303001
2011,2004330036
2011,2006425050
2011,2010109041
2011,2010111038
2011,2010111039
2011,2010306075
2011,2011327008
2011,2011327009
2011,2014307019
2011,2014307021
2011,2015116018
2011,2015116020
2011,2015423036
2011,2016411042
2011,2017112008
2011,2021126023
2011,2023111017
2011,2023111018
2011,2023111019
2011,2023211021
2011,2025415018
2011,2414113088
2011,2414201123
2011,2414408026
2011,2414409038
2011,2414415020
2011,2424102026
2011,2503323007
2011,2508225006
2011,2517121004
2011,2517121006
2011,2517121008
2011,2517121011
2011,2517121013
2011,2517121022
2011,2517121023
2011,2517124027
2011,2522106041
2011,2528102043
2011,2528102044
2011,2528109010
2012,0925425031
2012,0936414025
2012,1025328013
2012,1031304030
2012,1031412025
2012,1032122017
2012,1032127006
2012,1032302020
2012,1036300046
2012,1036300047
2012,1036300048
2012,1132112002
2012,1132114013
2012,1132114014
2012,1212108015
2012,1223415029
2012,1224107059
2012,1224107060
2012,1224107061
2012,1224107062
2012,1225205016
2012,1304308012
2012,1304312036
2012,1304312039
2012,1304312042
2012,1304312046
2012,1304312047
2012,1304312050
2012,1304312056
2012,1304312084
2012,1304312088
2012,1304312089
2012,1304312090
2012,1304312091
2012,1305119020
2012,1307117018
2012,1307309041
2012,1310312087
2012,1312402028
2012,1312402035
2012,1313304030
2012,1313311031
2012,1313327033
2012,1313327034
2012,1313406030
2012,1314402016
2012,1314425050
2012,1315310020
2012,1315310021
2012,1315310022
2012,1315310023
2012,1316229005
2012,1319412026
2012,1319412037
2012,1322111028
2012,1322211010
2012,1322304032
2012,1322416009
2012,1322416010
2012,1324100011
2012,1324100012
2012,1324131044
2012,1324131045
2012,1324131048
2012,1324202018
2012,1324204010
2012,1324208014
2012,1324306066
2012,1324309006
2012,1325107009
2012,1325107010
2012,1325116002
2012,1325116030
2012,1325124019
2012,1325201006
2012,1325201007
2012,1325201008
2012,1325201009
2012,1325201010
2012,1325201011
2012,1325201012
2012,1326409007
2012,1330301048
2012,1335236021
2012,1335236022
2012,1335236023
2012,1335401009
2012,1335405009
2012,1336105003
2012,1336107045
2012,1336107080
2012,1336108014
2012,1336109046
2012,1336202056
2012,1336209014
2012,1336219044
2012,1336228021
2012,1336233009
2012,1336233017
2012,1336305017
2012,1336310001
2012,1336310002
2012,1336314036
2012,1336317033
2012,1336317038
2012,1336318007
2012,1336318034
2012,1336319006
2012,1336320018
2012,1336320019
2012,1336321012
2012,1336327023
2012,1336328028
2012,1336409026
2012,1336411010
2012,1336427028
2012,1336427042
2012,1336427043
2012,1336427044
2012,1336429013
2012,1336430002
2012,1336430003
2012,1336430012
2012,1336432011
2012,1336432012
2012,1407106016
2012,1407217019
2012,1407222002
2012,1407308003
2012,1407323005
2012,1407404020
2012,1407422040
2012,1417305034
2012,1417308035
2012,1417314070
2012,1418109005
2012,1418109012
2012,1418131015
2012,1418214010
2012,1418219001
2012,1418222004
2012,1418222011
2012,1418301014
2012,1418302039
2012,1418306010
2012,1418309013
2012,1418309025
2012,1418311002
2012,1418311004
2012,1418316043
2012,1418317001
2012,1418317029
2012,1418318006
2012,1418318014
2012,1418318025
2012,1418318038
2012,1418321024
2012,1418326021
2012,1418326024
2012,1418402017
2012,1418410046
2012,1418411024
2012,1418414055
2012,1419101009
2012,1419102011
2012,1419105030
2012,1419109023
2012,1419109037
2012,1419110024
2012,1419113020
2012,1419122025
2012,1419123024
2012,1419128024
2012,1419200021
2012,1419207056
2012,1419207058
2012,1419215022
2012,1419232043
2012,1419302027
2012,1419310003
2012,1419312010
2012,1419313004
2012,1419314024
2012,1419317047
2012,1419319038
2012,1419320016
2012,1419320040
2012,1419321038
2012,1419322038
2012,1419322041
2012,1419329023
2012,1419331012
2012,1419400035
2012,1419401010
2012,1419406021
2012,1419406028
2012,1419407014
2012,1419407016
2012,1420106041
2012,1420112024
2012,1420114037
2012,1420125010
2012,1420126006
2012,1420217012
2012,1420228006
2012,1420230016
2012,1420230020
2012,1420301022
2012,1420302004
2012,1420303004
2012,1420327015
2012,1420327016
2012,1428202042
2012,1428303015
2012,1428303040
2012,1428304019
2012,1428304039
2012,1428312027
2012,1428313052
2012,1429102072
2012,1429103021
2012,1429105039
2012,1429106033
2012,1429110045
2012,1429112022
2012,1429115034
2012,1429116046
2012,1429123021
2012,1429125032
2012,1429208017
2012,1429208025
2012,1429301040
2012,1429304069
2012,1429304070
2012,1429304071
2012,1429305045
2012,1429305047
2012,1429305048
2012,1429312014
2012,1429312021
2012,1429315024
2012,1429317049
2012,1429317051
2012,1429317056
2012,1429317060
2012,1429319062
2012,1429321010
2012,1429407032
2012,1429407033
2012,1429417037
2012,1430102024
2012,1430118054
2012,1430118055
2012,1430118056
2012,1430118057
2012,1430118058
2012,1430118059
2012,1430118060
2012,1430118061
2012,1430118062
2012,1430118063
2012,1430118064
2012,1430118065
2012,1430118066
2012,1430118067
2012,1430118068
2012,1430121007
2012,1430200041
2012,1430203012
2012,1430203013
2012,1430203038
2012,1430205048
2012,1430207011
2012,1430209002
2012,1430215040
2012,1430217011
2012,1430219036
2012,1430221009
2012,1431107010
2012,1431107011
2012,1431113033
2012,1431214047
2012,1431214048
2012,1431217029
2012,1431217037
2012,1431319102
2012,1431327011
2012,1431400027
2012,1431403057
2012,1431408007
2012,1431416025
2012,1431417007
2012,1431420010
2012,1431420011
2012,1431427003
2012,1431427027
2012,1431428014
2012,1431428025
2012,1432101031
2012,1432104021
2012,1432108004
2012,1432110021
2012,1432112019
2012,1432127008
2012,1432212010
2012,1432214032
2012,1432219019
2012,1432220004
2012,1432312030
2012,1432409027
2012,1432422028
2012,1433124033
2012,1433130003
2012,1433130004
2012,1433130005
2012,1433300062
2012,1433300088
2012,1433301090
2012,1433302037
2012,1433302085
2012,1433302091
2012,1433302117
2012,1433305001
2012,1433308042
2012,1433309007
2012,1433310033
2012,1433311020
2012,1601207034
2012,1601212045
2012,1601220026
2012,1601314022
2012,1601422013
2012,1602228046
2012,1611404048
2012,1611404049
2012,1612202058
2012,1612206038
2012,1612210002
2012,1612210003
2012,1613403060
2012,1623224043
2012,1624201017
2012,1626200014
2012,1636201090
2012,1636307019
2012,1636319023
2012,1636409038
2012,1705300012
2012,1705322012
2012,1706107002
2012,1706118020
2012,1706126056
2012,1706202032
2012,1706302011
2012,1706318009
2012,1706319032
2012,1706400041
2012,1706422047
2012,1706436017
2012,1706436018
2012,1707104034
2012,1707104035
2012,1707107005
2012,1707111005
2012,1707111019
2012,1707112003
2012,1707114009
2012,1707116019
2012,1707116021
2012,1707116027
2012,1707116028
2012,1707116056
2012,1707120027
2012,1707201034
2012,1707201035
2012,1707204013
2012,1707204015
2012,1707204034
2012,1707207028
2012,1707207030
2012,1707208015
2012,1707208016
2012,1707208052
2012,1707209027
2012,1707212003
2012,1707212052
2012,1707212053
2012,1707213010
2012,1707215038
2012,1707215039
2012,1707217019
2012,1707217020
2012,1707217021
2012,1707217022
2012,1707217024
2012,1707218009
2012,1707218017
2012,1707220011
2012,1707221039
2012,1708109003
2012,1708112009
2012,1708124019
2012,1708213009
2012,1708213011
2012,1708329018
2012,1708444027
2012,1708444028
2012,1708445016
2012,1709261028
2012,1709261029
2012,1709331008
2012,1709331009
2012,1709331010
2012,1709331011
2012,1709331012
2012,1709331013
2012,1710212036
2012,1710218007
2012,1717224029
2012,1717412045
2012,1720305051
2012,1720431016
2012,1721304037
2012,1728125055
2012,1728213040
2012,1728412009
2012,1729329002
2012,1729330015
2012,1729330016
2012,1729330017
2012,1729401008
2012,1729423063
2012,1729425004
2012,1729425094
2012,1729425095
2012,1729425097
2012,1731105017
2012,1731107043
2012,1731107044
2012,1731108011
2012,1731115006
2012,1731212050
2012,1731219017
2012,1731222017
2012,1731300031
2012,1731305037
2012,1731305038
2012,1731401006
2012,1731410013
2012,1732119006
2012,1732119009
2012,1732222014
2012,1732408026
2012,1732408031
2012,1732408040
2012,1732412033
2012,1733114021
2012,1733303035
2012,1733311037
2012,1733313045
2012,1733327052
2012,1733327068
2012,1733328033
2012,1733328035
2012,1733328036
2012,1733328037
2012,1733328038
2012,1901215177
2012,1901220004
2012,1902305016
2012,1907428048
2012,1910217030
2012,1934201019
2012,2002127030
2012,2003220037
2012,2003311024
2012,2004121033
2012,2004122038
2012,2004129041
2012,2004315035
2012,2004404026
2012,2008201040
2012,2010109040
2012,2411300022
2012,2413309099
2012,2413310107
2012,2414215053
2012,2414401041
2013,0936422001
2013,1036300024
2013,1036300040
2013,1131122033
2013,1224312012
2013,1225205017
2013,1301432031
2013,1303213036
2013,1304312031
2013,1304312063
2013,1304312065
2013,1304312082
2013,1304312092
2013,1306309032
2013,1307202010
2013,1307309040
2013,1308327006
2013,1310322010
2013,1312403019
2013,1313302011
2013,1313323013
2013,1313414010
2013,1313417017
2013,1314306005
2013,1314306006
2013,1314314031
2013,1314408034
2013,1315113036
2013,1319124005
2013,1320325017
2013,1322111017
2013,1322113040
2013,1322406006
2013,1322416007
2013,1322416008
2013,1323115037
2013,1323128037
2013,1323128038
2013,1323322001
2013,1324106031
2013,1324114037
2013,1324131046
2013,1324204009
2013,1324316011
2013,1324319015
2013,1325109019
2013,1325217014
2013,1325228007
2013,1325228011
2013,1325320009
2013,1326218107
2013,1326305014
2013,1329116027
2013,1335306012
2013,1335411036
2013,1336106018
2013,1336107056
2013,1336108003
2013,1336213029
2013,1336220013
2013,1336227068
2013,1336302019
2013,1336303006
2013,1336316039
2013,1336317005
2013,1336317028
2013,1336318002
2013,1336321019
2013,1336322014
2013,1336322027
2013,1336322032
2013,1336330028
2013,1336330029
2013,1336331013
2013,1336408050
2013,1336410011
2013,1336411035
2013,1336414015
2013,1336420008
2013,1336420021
2013,1336421010
2013,1336421012
2013,1336426023
2013,1336427021
2013,1336427032
2013,1406400038
2013,1407115004
2013,1407115005
2013,1407316039
2013,1407323014
2013,1407325016
2013,1407407030
2013,1417304044
2013,1417308045
2013,1417309015
2013,1417314071
2013,1418107006
2013,1418124039
2013,1418127032
2013,1418301012
2013,1418301029
2013,1418305027
2013,1418310004
2013,1418318033
2013,1418318042
2013,1418321016
2013,1418327001
2013,1418411010
2013,1418422037
2013,1419109013
2013,1419109014
2013,1419109031
2013,1419110031
2013,1419120036
2013,1419122018
2013,1419128020
2013,1419207018
2013,1419207057
2013,1419212022
2013,1419213003
2013,1419213004
2013,1419214033
2013,1419214046
2013,1419221003
2013,1419231003
2013,1419302020
2013,1419303018
2013,1419303020
2013,1419303029
2013,1419306033
2013,1419306034
2013,1419310004
2013,1419317046
2013,1419318011
2013,1419320028
2013,1419320034
2013,1419327017
2013,1419331001
2013,1419331016
2013,1419409022
2013,1419409052
2013,1419418018
2013,1419418035
2013,1419419013
2013,1419420022
2013,1419421009
2013,1419429003
2013,1420100026
2013,1420109032
2013,1420115023
2013,1420124009
2013,1420124012
2013,1420124013
2013,1420124027
2013,1420124048
2013,1420125014
2013,1420301011
2013,1420319028
2013,1420330015
2013,1428311052
2013,1428312064
2013,1429104019
2013,1429105040
2013,1429107011
2013,1429108032
2013,1429111029
2013,1429113006
2013,1429120019
2013,1429128012
2013,1429128060
2013,1429128061
2013,1429129004
2013,1429201028
2013,1429208011
2013,1429209028
2013,1429209034
2013,1429216006
2013,1429223007
2013,1429224024
2013,1429228006
2013,1429304050
2013,1429304051
2013,1429304055
2013,1429304073
2013,1429305040
2013,1429305041
2013,1429305044
2013,1429305046
2013,1429305049
2013,1429316015
2013,1429319010
2013,1429319061
2013,1429401031
2013,1429408011
2013,1429409043
2013,1429409044
2013,1430109008
2013,1430109015
2013,1430118005
2013,1430118006
2013,1430118022
2013,1430118024
2013,1430119031
2013,1430120026
2013,1430205047
2013,1430209027
2013,1430212022
2013,1430212029
2013,1430215011
2013,1430215030
2013,1430217026
2013,1430217040
2013,1430218032
2013,1430219029
2013,1430219040
2013,1430221038
2013,1430223141
2013,1430404018
2013,1430407006
2013,1430409014
2013,1431103025
2013,1431105024
2013,1431126022
2013,1431302036
2013,1431315015
2013,1431317009
2013,1431402022
2013,1431402028
2013,1431409045
2013,1431413042
2013,1431413043
2013,1431413044
2013,1431414036
2013,1431414037
2013,1431415009
2013,1432110008
2013,1432110019
2013,1432219011
2013,1432222016
2013,1432227005
2013,1432423018
2013,1432426012
2013,1432426089
2013,1433300048
2013,1433300049
2013,1433301118
2013,1433302145
2013,1433310017
2013,1433314099
2013,1433317023
2013,1433317030
2013,1433404028
2013,1601204032
2013,1601220032
2013,1601228021
2013,1601406011
2013,1601426020
2013,1604201035
2013,1612203039
2013,1612203040
2013,1624202011
2013,1624202012
2013,1624202013
2013,1624202014
2013,1624207041
2013,1624207042
2013,1624207043
2013,1624207044
2013,1624207045
2013,1624207046
2013,1624207052
2013,1624207053
2013,1624207054
2013,1624207056
2013,1624207057
2013,1624207076
2013,1624228001
2013,1636201100
2013,1704201015
2013,1704202048
2013,1705110017
2013,1706117039
2013,1706227084
2013,1706233025
2013,1706410023
2013,1706417012
2013,1706436017
2013,1707108033
2013,1707109038
2013,1707111038
2013,1707115036
2013,1707116020
2013,1707116022
2013,1707116026
2013,1707122001
2013,1707122009
2013,1707208033
2013,1707208053
2013,1707208055
2013,1707208056
2013,1707209026
2013,1707209032
2013,1707212021
2013,1707213016
2013,1707215055
2013,1707216004
2013,1707218008
2013,1707218014
2013,1707218020
2013,1707218021
2013,1707219055
2013,1707220035
2013,1708125029
2013,1708125030
2013,1708336023
2013,1709300009
2013,1709419002
2013,1709419003
2013,1709419004
2013,1709419005
2013,1709419006
2013,1709419007
2013,1709419008
2013,1710219036
2013,1710219037
2013,1710219038
2013,1710219039
2013,1710219040
2013,1710219041
2013,1710219042
2013,1710219043
2013,1710219044
2013,1710219045
2013,1710219046
2013,1710219047
2013,1710219048
2013,1710219049
2013,1710219050
2013,1710219051
2013,1710306004
2013,1710306005
2013,1716416014
2013,1716416025
2013,1717203010
2013,1719414034
2013,1720405034
2013,1720410023
2013,1728125056
2013,1728125058
2013,1728412030
2013,1729410021
2013,1729423062
2013,1731104012
2013,1731114045
2013,1731115031
2013,1731227001
2013,1731305035
2013,1731401007
2013,1732201007
2013,1732224043
2013,1732412034
2013,1732412038
2013,1733101042
2013,1733306033
2013,1733306035
2013,1733310008
2013,1733316040
2013,1733327069
2013,1733328039
2013,1733408049
2013,1733408050
2013,1733408071
2013,1733408072
2013,1734322068
2013,1901215001
2013,1910218019
2013,2002101005
2013,2002101006
2013,2002303003
2013,2003419028
2013,2004122037
2013,2004122039
2013,2004302043
2013,2004319022
2013,2010206013
2013,2010206014
2013,2010206016
2013,2010206017
2013,2010206020
2013,2010206034
2013,2010206035
2013,2017414024
2013,2017414025
2013,2017414026
2013,2017414027
2013,2017414028
2013,2017414029
2013,2017414030
2013,2017414031
2013,2017414032
2013,2017414033
2013,2017414034
2013,2017414035
2013,2414410110
2013,2423206037
2013,2517121015
2013,2517122040
2013,2517304049
2013,2518106019
2013,2518106020
2013,2917414031
2014,0936225018
2014,0936227028
2014,0936303036
2014,0936307048
2014,0936314027
2014,0936409022
2014,0936410013
2014,0936412023
2014,0936415003
2014,1025313051
2014,1025315015
2014,1025315016
2014,1025315017
2014,1025315054
2014,1025325020
2014,1025326046
2014,1029305012
2014,1032413025
2014,1032414025
2014,1036300072
2014,1036300073
2014,1130418010
2014,1131214034
2014,1132319015
2014,1132319016
2014,1132330040
2014,1132330041
2014,1132330042
2014,1132330043
2014,1201208005
2014,1201208006
2014,1212112001
2014,1223230009
2014,1223230027
2014,1223403017
2014,1223419022
2014,1223421003
2014,1224309020
2014,1224314019
2014,1224418047
2014,1225205043
2014,1225205044
2014,1225205045
2014,1225205046
2014,1225205047
2014,1301209011
2014,1302203047
2014,1303131005
2014,1303225012
2014,1303225013
2014,1303225027
2014,1303225028
2014,1303225029
2014,1303225030
2014,1303225031
2014,1303225033
2014,1303225034
2014,1303225035
2014,1303225037
2014,1303401013
2014,1303401026
2014,1304312033
2014,1304312037
2014,1304312059
2014,1304312062
2014,1304312066
2014,1304312067
2014,1306104060
2014,1308111030
2014,1308111031
2014,1308425168
2014,1308425169
2014,1309317009
2014,1309325024
2014,1309406009
2014,1309406024
2014,1309408032
2014,1309416013
2014,1309430009
2014,1310308033
2014,1310402024
2014,1310403034
2014,1311205012
2014,1311314017
2014,1311322028
2014,1311322029
2014,1311431026
2014,1312402034
2014,1312403058
2014,1312406012
2014,1312406047
2014,1312411053
2014,1312411054
2014,1312415047
2014,1312415057
2014,1312415058
2014,1313200044
2014,1313208042
2014,1313318024
2014,1313318028
2014,1313319005
2014,1313321001
2014,1313324017
2014,1313327009
2014,1313327010
2014,1313406056
2014,1313406060
2014,1313408050
2014,1313411024
2014,1313417016
2014,1314109047
2014,1314124043
2014,1314125010
2014,1314226022
2014,1314318014
2014,1314323012
2014,1314326016
2014,1314326032
2014,1314327030
2014,1314327031
2014,1314420042
2014,1314426023
2014,1314429042
2014,1314430006
2014,1315214023
2014,1315214034
2014,1315223024
2014,1315223025
2014,1315304007
2014,1315321057
2014,1316430037
2014,1319310006
2014,1321206039
2014,1321206040
2014,1321206041
2014,1321401052
2014,1321404068
2014,1322104006
2014,1322115036
2014,1322122042
2014,1322124037
2014,1322124071
2014,1322124073
2014,1322124076
2014,1322124077
2014,1322125053
2014,1322125054
2014,1322125055
2014,1322125056
2014,1322125057
2014,1322125058
2014,1322125059
2014,1322125060
2014,1322125061
2014,1322125062
2014,1322125063
2014,1322125064
2014,1322126001
2014,1322126002
2014,1322126003
2014,1322126004
2014,1322126005
2014,1322126006
2014,1322126007
2014,1322126009
2014,1322126010
2014,1322126011
2014,1322126012
2014,1322126013
2014,1322126014
2014,1322126018
2014,1322126026
2014,1322126030
2014,1322203026
2014,1322215003
2014,1322215004
2014,1322319028
2014,1322320049
2014,1322320050
2014,1322400037
2014,1322400038
2014,1322402025
2014,1322416006
2014,1323101039
2014,1323107021
2014,1323107022
2014,1323107023
2014,1323107024
2014,1323128039
2014,1323128041
2014,1323128048
2014,1323128050
2014,1323128054
2014,1323214008
2014,1323214026
2014,1323214027
2014,1323214028
2014,1323214030
2014,1323228029
2014,1323301035
2014,1323301036
2014,1323306031
2014,1323322045
2014,1323322046
2014,1324104006
2014,1324106005
2014,1324106006
2014,1324118018
2014,1324122041
2014,1324203016
2014,1324204016
2014,1324208012
2014,1324208017
2014,1324209015
2014,1324209041
2014,1324209043
2014,1324209044
2014,1324213016
2014,1324213017
2014,1324213018
2014,1324305058
2014,1324305059
2014,1324305067
2014,1324305068
2014,1324305069
2014,1324305070
2014,1324305071
2014,1324305072
2014,1324305073
2014,1324305075
2014,1324305076
2014,1324305077
2014,1324305078
2014,1324305079
2014,1324305081
2014,1324305082
2014,1324305083
2014,1324305084
2014,1324305085
2014,1324305088
2014,1324305089
2014,1324305090
2014,1324310037
2014,1324314052
2014,1325116004
2014,1325203061
2014,1325204022
2014,1325208007
2014,1325208008
2014,1325210032
2014,1325210033
2014,1325211025
2014,1325216038
2014,1325218031
2014,1325218032
2014,1325220001
2014,1325220002
2014,1325220003
2014,1325302004
2014,1325302028
2014,1325307005
2014,1325402015
2014,1325405013
2014,1325410011
2014,1325420027
2014,1325421025
2014,1325421026
2014,1325427010
2014,1325427011
2014,1325428017
2014,1325430005
2014,1325430027
2014,1325431013
2014,1326107038
2014,1326115026
2014,1326122073
2014,1326122074
2014,1326122075
2014,1326122076
2014,1326122077
2014,1326122078
2014,1326130019
2014,1326202014
2014,1326214010
2014,1326214052
2014,1326216009
2014,1326216059
2014,1326302033
2014,1326311022
2014,1326311024
2014,1326311025
2014,1326311026
2014,1326311027
2014,1326311028
2014,1326311029
2014,1326311030
2014,1326311031
2014,1326311032
2014,1326311033
2014,1326311034
2014,1326311035
2014,1326311036
2014,1326311037
2014,1326311038
2014,1326311039
2014,1326311040
2014,1326311041
2014,1326311042
2014,1326311043
2014,1326311044
2014,1326311045
2014,1326311046
2014,1326311047
2014,1326311048
2014,1326311049
2014,1326311050
2014,1326311051
2014,1326311052
2014,1326311053
2014,1326311054
2014,1326419032
2014,1327305019
2014,1327305020
2014,1328116008
2014,1328116009
2014,1328116042
2014,1328116044
2014,1328116046
2014,1328116047
2014,1329408027
2014,1330118035
2014,1330216023
2014,1330303030
2014,1330303031
2014,1330405032
2014,1331205069
2014,1331210047
2014,1331212008
2014,1331212009
2014,1331212010
2014,1331213006
2014,1332210040
2014,1333327092
2014,1335105012
2014,1335113035
2014,1335124018
2014,1335125001
2014,1335218004
2014,1335220018
2014,1335220022
2014,1335223019
2014,1335229009
2014,1335231029
2014,1335301038
2014,1335301039
2014,1335301040
2014,1335301041
2014,1335301042
2014,1335301043
2014,1335301044
2014,1335301045
2014,1335303018
2014,1335306015
2014,1335321022
2014,1335321049
2014,1335321050
2014,1335321051
2014,1335321052
2014,1335321053
2014,1335321054
2014,1335321055
2014,1335321056
2014,1335321057
2014,1335401025
2014,1335401033
2014,1335408001
2014,1335412016
2014,1335412046
2014,1335416034
2014,1335418038
2014,1335418039
2014,1335418040
2014,1335418041
2014,1335418042
2014,1335418043
2014,1335418045
2014,1335418046
2014,1335418047
2014,1335418048
2014,1335419054
2014,1335420057
2014,1335420058
2014,1335423017
2014,1335423018
2014,1336107026
2014,1336116062
2014,1336121006
2014,1336203029
2014,1336203040
2014,1336207008
2014,1336207009
2014,1336207018
2014,1336207021
2014,1336207022
2014,1336207029
2014,1336207031
2014,1336207032
2014,1336209027
2014,1336209028
2014,1336210001
2014,1336210002
2014,1336210003
2014,1336210004
2014,1336210005
2014,1336210006
2014,1336210011
2014,1336210012
2014,1336210013
2014,1336210014
2014,1336212011
2014,1336219040
2014,1336224007
2014,1336227034
2014,1336227073
2014,1336227074
2014,1336228018
2014,1336230047
2014,1336230063
2014,1336233005
2014,1336233013
2014,1336300024
2014,1336301012
2014,1336301022
2014,1336311004
2014,1336311005
2014,1336315019
2014,1336315053
2014,1336317037
2014,1336318026
2014,1336319045
2014,1336319046
2014,1336320024
2014,1336321007
2014,1336322026
2014,1336323029
2014,1336325005
2014,1336326011
2014,1336328039
2014,1336328040
2014,1336328043
2014,1336328044
2014,1336403016
2014,1336407003
2014,1336416019
2014,1336422025
2014,1336423016
2014,1336423021
2014,1336423024
2014,1336423025
2014,1336423026
2014,1336423029
2014,1336425036
2014,1336425037
2014,1336425038
2014,1405105014
2014,1405105028
2014,1406215014
2014,1406219009
2014,1406221029
2014,1406401016
2014,1406401040
2014,1406409074
2014,1406409075
2014,1406409077
2014,1406409078
2014,1406409079
2014,1406409080
2014,1406409081
2014,1406409082
2014,1406409083
2014,1406409084
2014,1407108043
2014,1407108044
2014,1407113038
2014,1407115013
2014,1407115014
2014,1407117001
2014,1407206002
2014,1407212022
2014,1407212023
2014,1407222013
2014,1407222014
2014,1407225006
2014,1407300015
2014,1407308017
2014,1407311012
2014,1407316002
2014,1407316047
2014,1407325019
2014,1407325030
2014,1407402023
2014,1407402024
2014,1407403043
2014,1407409026
2014,1407409033
2014,1407413029
2014,1408120020
2014,1408306013
2014,1408313005
2014,1408315078
2014,1408315079
2014,1408315080
2014,1408315081
2014,1408315082
2014,1408315083
2014,1408315084
2014,1408315085
2014,1408315086
2014,1417102002
2014,1417115022
2014,1417115031
2014,1417121010
2014,1417121011
2014,1417121012
2014,1417308037
2014,1417401040
2014,1418108016
2014,1418109006
2014,1418119006
2014,1418120013
2014,1418122021
2014,1418125017
2014,1418128008
2014,1418128048
2014,1418133039
2014,1418203016
2014,1418204043
2014,1418209006
2014,1418215021
2014,1418218026
2014,1418222005
2014,1418223009
2014,1418301017
2014,1418301020
2014,1418302019
2014,1418316027
2014,1418318040
2014,1418319005
2014,1418403010
2014,1418405024
2014,1418412002
2014,1418412024
2014,1418415036
2014,1418424031
2014,1419104018
2014,1419105033
2014,1419106040
2014,1419107012
2014,1419113014
2014,1419114007
2014,1419118010
2014,1419120021
2014,1419120022
2014,1419123001
2014,1419128037
2014,1419129023
2014,1419213002
2014,1419213042
2014,1419217015
2014,1419218026
2014,1419223043
2014,1419224004
2014,1419224010
2014,1419225010
2014,1419232044
2014,1419304025
2014,1419304030
2014,1419305029
2014,1419305030
2014,1419305031
2014,1419305032
2014,1419306030
2014,1419308019
2014,1419309011
2014,1419311017
2014,1419313013
2014,1419317011
2014,1419320037
2014,1419320045
2014,1419321013
2014,1419321036
2014,1419409013
2014,1419410005
2014,1419414046
2014,1419414047
2014,1419414048
2014,1419418041
2014,1419420013
2014,1419420033
2014,1419428032
2014,1419434031
2014,1420101036
2014,1420103056
2014,1420108016
2014,1420109013
2014,1420111026
2014,1420112013
2014,1420113003
2014,1420115020
2014,1420121040
2014,1420124014
2014,1420223051
2014,1420303007
2014,1420316036
2014,1420319050
2014,1420321035
2014,1420322029
2014,1420323011
2014,1420325002
2014,1420326020
2014,1420401005
2014,1420401006
2014,1420404034
2014,1420409030
2014,1421308072
2014,1421313027
2014,1428114028
2014,1428115011
2014,1428304057
2014,1428304058
2014,1428319078
2014,1428319079
2014,1428319080
2014,1428319081
2014,1428319082
2014,1428319083
2014,1428319084
2014,1428319085
2014,1428319086
2014,1428319088
2014,1428319089
2014,1428319090
2014,1428319091
2014,1428319092
2014,1428319094
2014,1428319095
2014,1428319096
2014,1428319116
2014,1428319117
2014,1429107015
2014,1429112031
2014,1429112037
2014,1429116027
2014,1429116034
2014,1429116035
2014,1429209048
2014,1429218030
2014,1429218031
2014,1429218032
2014,1429304054
2014,1429304057
2014,1429304075
2014,1429304077
2014,1429305022
2014,1429305023
2014,1429313051
2014,1429313052
2014,1429313053
2014,1429315046
2014,1429315063
2014,1429318021
2014,1429319029
2014,1429319030
2014,1429320012
2014,1429321014
2014,1429406025
2014,1429416103
2014,1429416104
2014,1429417015
2014,1429418013
2014,1429422051
2014,1429422052
2014,1429422053
2014,1429422054
2014,1429422055
2014,1429426013
2014,1430104043
2014,1430106073
2014,1430109007
2014,1430111041
2014,1430111043
2014,1430111044
2014,1430114014
2014,1430114047
2014,1430118073
2014,1430118076
2014,1430122044
2014,1430203021
2014,1430203069
2014,1430203070
2014,1430205009
2014,1430206018
2014,1430207032
2014,1430208017
2014,1430211002
2014,1430404032
2014,1430404111
2014,1430408014
2014,1431104040
2014,1431104045
2014,1431107030
2014,1431109007
2014,1431109008
2014,1431109009
2014,1431117044
2014,1431118021
2014,1431120001
2014,1431129003
2014,1431129005
2014,1431134038
2014,1431134039
2014,1431135023
2014,1431135044
2014,1431135047
2014,1431138013
2014,1431209011
2014,1431215003
2014,1431215007
2014,1431302042
2014,1431308040
2014,1431308041
2014,1431308042
2014,1431308043
2014,1431309014
2014,1431320017
2014,1431320018
2014,1431320019
2014,1431320021
2014,1431320022
2014,1431320023
2014,1431320024
2014,1431320025
2014,1431320026
2014,1431320027
2014,1431320028
2014,1431320030
2014,1431320031
2014,1431320032
2014,1431320033
2014,1431320034
2014,1431320035
2014,1431320036
2014,1431320037
2014,1431320038
2014,1431320039
2014,1431320040
2014,1431321068
2014,1431321069
2014,1431321072
2014,1431325041
2014,1431326085
2014,1431328014
2014,1431409027
2014,1431409028
2014,1431411053
2014,1431413049
2014,1431416003
2014,1431416004
2014,1431416031
2014,1431416032
2014,1431418019
2014,1431418020
2014,1431420006
2014,1431425002
2014,1431426046
2014,1431426047
2014,1431427020
2014,1431428003
2014,1431428004
2014,1431429038
2014,1432210024
2014,1432215012
2014,1432216059
2014,1432216063
2014,1432219034
2014,1432219046
2014,1432219047
2014,1432223009
2014,1432223010
2014,1432223030
2014,1432227058
2014,1432403050
2014,1432403070
2014,1432403085
2014,1432403086
2014,1432403088
2014,1432403089
2014,1432408065
2014,1432409056
2014,1432413020
2014,1432413021
2014,1432413022
2014,1433302069
2014,1433302173
2014,1433302174
2014,1433313087
2014,1433318033
2014,1433318034
2014,1433319004
2014,1433319005
2014,1433319009
2014,1601201041
2014,1601209009
2014,1601215017
2014,1601217042
2014,1601224002
2014,1601227028
2014,1601227031
2014,1601303007
2014,1601315016
2014,1601324052
2014,1601324053
2014,1601325063
2014,1601325064
2014,1601325065
2014,1601325066
2014,1601325067
2014,1601325068
2014,1601400037
2014,1601406039
2014,1601419004
2014,1601428011
2014,1602105006
2014,1602207043
2014,1602210017
2014,1602210018
2014,1602228015
2014,1602228048
2014,1602408041
2014,1603232039
2014,1610416004
2014,1611104013
2014,1611304020
2014,1612202024
2014,1612205013
2014,1612205031
2014,1612210023
2014,1612214031
2014,1612214045
2014,1612214054
2014,1612214055
2014,1612218010
2014,1612218059
2014,1612423071
2014,1613420047
2014,1613420053
2014,1613427020
2014,1613428027
2014,1613428029
2014,1613428030
2014,1613428031
2014,1613428032
2014,1613428035
2014,1614321010
2014,1624207056
2014,1624207057
2014,1624207076
2014,1626124009
2014,1636202042
2014,1636202043
2014,1636202047
2014,1636319024
2014,1636405020
2014,1636405021
2014,1636405022
2014,1636405023
2014,1636405024
2014,1636405025
2014,1636405026
2014,1636405027
2014,1636405028
2014,1636405029
2014,1636405030
2014,1636405031
2014,1636405032
2014,1636405033
2014,1636405034
2014,1636405035
2014,1636405036
2014,1636405037
2014,1636405040
2014,1636405041
2014,1636405042
2014,1636405043
2014,1636405044
2014,1636405045
2014,1636405046
2014,1636405047
2014,1636405048
2014,1636405049
2014,1636405050
2014,1636405051
2014,1636405052
2014,1636405053
2014,1636405054
2014,1636405055
2014,1636405056
2014,1636405057
2014,1636405060
2014,1636405061
2014,1636405062
2014,1636405063
2014,1636405064
2014,1636405065
2014,1636405066
2014,1636405067
2014,1636405068
2014,1636405069
2014,1636405070
2014,1636405071
2014,1636405072
2014,1636405073
2014,1636405074
2014,1636405075
2014,1636405076
2014,1636405077
2014,1636405079
2014,1636414053
2014,1636414054
2014,1636414055
2014,1636414056
2014,1636423036
2014,1636429002
2014,1636429003
2014,1636429004
2014,1636429006
2014,1636429007
2014,1636429008
2014,1636429010
2014,1636429012
2014,1703200036
2014,1704108024
2014,1704221099
2014,1704221100
2014,1704221101
2014,1704221102
2014,1704320008
2014,1704320009
2014,1704320010
2014,1704320011
2014,1704320012
2014,1704320013
2014,1704320014
2014,1704320015
2014,1704320016
2014,1704320017
2014,1704320018
2014,1704320019
2014,1704320020
2014,1704320021
2014,1704320022
2014,1704320023
2014,1704320024
2014,1704320025
2014,1704320026
2014,1704320027
2014,1704320028
2014,1704320029
2014,1704320030
2014,1704320031
2014,1704320032
2014,1704320033
2014,1704320034
2014,1704320035
2014,1704320036
2014,1704320037
2014,1704320038
2014,1704320039
2014,1704320040
2014,1704320041
2014,1704320042
2014,1704320043
2014,1704320044
2014,1704320045
2014,1704320046
2014,1704320047
2014,1704320048
2014,1704320049
2014,1704320050
2014,1704320051
2014,1704320052
2014,1704320053
2014,1704320055
2014,1705116095
2014,1705315038
2014,1705315039
2014,1706100005
2014,1706112039
2014,1706112040
2014,1706116025
2014,1706116045
2014,1706116047
2014,1706118031
2014,1706201019
2014,1706217029
2014,1706227050
2014,1706227078
2014,1706227079
2014,1706227080
2014,1706227082
2014,1706230025
2014,1706402006
2014,1706402013
2014,1706436009
2014,1706436010
2014,1706436011
2014,1706436012
2014,1706436013
2014,1707105024
2014,1707107016
2014,1707109015
2014,1707109054
2014,1707114031
2014,1707114053
2014,1707114055
2014,1707120007
2014,1707120018
2014,1707122018
2014,1707208031
2014,1707212001
2014,1707212004
2014,1707212014
2014,1707216009
2014,1707216037
2014,1707220002
2014,1707222017
2014,1707222020
2014,1707228005
2014,1707228008
2014,1707228023
2014,1707430048
2014,1707430049
2014,1707435035
2014,1708114052
2014,1708220021
2014,1708220022
2014,1708220023
2014,1708226011
2014,1708440013
2014,1708440014
2014,1708440015
2014,1708444013
2014,1708444014
2014,1708444015
2014,1708444016
2014,1708444017
2014,1708444018
2014,1709115012
2014,1709130011
2014,1709210004
2014,1709210005
2014,1709318003
2014,1709322017
2014,1709322019
2014,1709400037
2014,1710211030
2014,1710303042
2014,1716416013
2014,1717426032
2014,1718128035
2014,1718128036
2014,1719300041
2014,1719407008
2014,1719428028
2014,1720102059
2014,1720103054
2014,1720310010
2014,1720310011
2014,1720326007
2014,1720406007
2014,1720428001
2014,1720434006
2014,1721304009
2014,1721304067
2014,1721304068
2014,1721305045
2014,1721306049
2014,1721313010
2014,1721318012
2014,1722303059
2014,1722303060
2014,1722303061
2014,1722303062
2014,1722303063
2014,1722303064
2014,1722303065
2014,1722303066
2014,1722303067
2014,1722303068
2014,1722303069
2014,1722303070
2014,1722303071
2014,1722303072
2014,1722303074
2014,1722303075
2014,1722303076
2014,1722303077
2014,1722303088
2014,1722303089
2014,1722303090
2014,1722303091
2014,1722303092
2014,1722303093
2014,1722303094
2014,1722303095
2014,1722303096
2014,1722303097
2014,1722303098
2014,1722303099
2014,1722303100
2014,1722303101
2014,1722303102
2014,1722303103
2014,1722303104
2014,1722303105
2014,1722303106
2014,1722303107
2014,1722303108
2014,1722303109
2014,1722303110
2014,1722303111
2014,1722303112
2014,1722305015
2014,1722309123
2014,1722309124
2014,1722309125
2014,1722309126
2014,1722309127
2014,1722309128
2014,1722309129
2014,1728325017
2014,1728325059
2014,1728325083
2014,1728329027
2014,1728432031
2014,1728432032
2014,1728432033
2014,1728432034
2014,1729305006
2014,1729307044
2014,1729307059
2014,1729307074
2014,1729310059
2014,1729310060
2014,1729310061
2014,1729310062
2014,1729310063
2014,1729310064
2014,1729311021
2014,1729313036
2014,1729313037
2014,1729314032
2014,1729320049
2014,1729324020
2014,1729331001
2014,1729331002
2014,1729331003
2014,1729331004
2014,1729331005
2014,1729331006
2014,1729331007
2014,1729331008
2014,1729331009
2014,1729331010
2014,1729402006
2014,1729403025
2014,1729403027
2014,1729403071
2014,1729409065
2014,1729419046
2014,1729425023
2014,1729425025
2014,1730124013
2014,1731104062
2014,1731107051
2014,1731114005
2014,1731123001
2014,1731123065
2014,1731123066
2014,1731123067
2014,1731123068
2014,1731123069
2014,1731123070
2014,1731123071
2014,1731123072
2014,1731123073
2014,1731307019
2014,1731415012
2014,1731418017
2014,1731429053
2014,1731429054
2014,1731429055
2014,1731429056
2014,1731429060
2014,1731429062
2014,1731429063
2014,1731429065
2014,1731429066
2014,1732107001
2014,1732107002
2014,1732119050
2014,1732217003
2014,1732217039
2014,1732217128
2014,1732220019
2014,1732221021
2014,1732222015
2014,1732222019
2014,1732408001
2014,1732408105
2014,1732408106
2014,1732408107
2014,1732408108
2014,1732408109
2014,1732408110
2014,1732408111
2014,1732408112
2014,1732408113
2014,1732408114
2014,1732408115
2014,1732408116
2014,1732408117
2014,1732408118
2014,1732408119
2014,1732408120
2014,1732408121
2014,1732408122
2014,1732408123
2014,1732408124
2014,1732408125
2014,1732412025
2014,1732414020
2014,1732414029
2014,1732414030
2014,1732414031
2014,1732414032
2014,1732414033
2014,1732414034
2014,1732414035
2014,1732414036
2014,1732414037
2014,1732414038
2014,1732414039
2014,1732414041
2014,1732414042
2014,1732414043
2014,1732414044
2014,1732414045
2014,1732414046
2014,1732414047
2014,1732414048
2014,1732414053
2014,1732414054
2014,1732414055
2014,1732414056
2014,1732414057
2014,1732414058
2014,1732414059
2014,1732414060
2014,1732414061
2014,1732414062
2014,1732414063
2014,1732414064
2014,1732414065
2014,1732414066
2014,1732414067
2014,1732414068
2014,1732414069
2014,1732414070
2014,1732414071
2014,1732414072
2014,1732416049
2014,1732416050
2014,1732416051
2014,1732416052
2014,1732416054
2014,1732416055
2014,1733109002
2014,1733109003
2014,1733117020
2014,1733122071
2014,1733122072
2014,1733122080
2014,1733202046
2014,1733305041
2014,1733305042
2014,1733305044
2014,1733305045
2014,1733305046
2014,1733305047
2014,1733305048
2014,1733305049
2014,1733305050
2014,1733305051
2014,1733305052
2014,1733317018
2014,1733325003
2014,1733326056
2014,1733326057
2014,1733326059
2014,1733326061
2014,1733327070
2014,1733327072
2014,1733327076
2014,1733327080
2014,1733408068
2014,1733408069
2014,1733416053
2014,1734104023
2014,1734104025
2014,1734104026
2014,1734104056
2014,1734104057
2014,1734123031
2014,1734123032
2014,1734123034
2014,1734123035
2014,1734123060
2014,1734123061
2014,1734123063
2014,1901201017
2014,1901212026
2014,1901303009
2014,1901315037
2014,1901427031
2014,1901427032
2014,1907314043
2014,1907315038
2014,1908302073
2014,1908400052
2014,1917113010
2014,1917201080
2014,1917304035
2014,1917304037
2014,1918128035
2014,1918207047
2014,1918207052
2014,1918213040
2014,1918221004
2014,1918221034
2014,1918227041
2014,1918227042
2014,1919115069
2014,1919115070
2014,1919115071
2014,1919115072
2014,1919115073
2014,1919115074
2014,1919213032
2014,1919213033
2014,1919213035
2014,1919213037
2014,1919215018
2014,2002117045
2014,2002302051
2014,2002302052
2014,2002302054
2014,2002302055
2014,2002302056
2014,2002314014
2014,2002405089
2014,2002405090
2014,2002405091
2014,2002405092
2014,2002405093
2014,2002405094
2014,2002405095
2014,2002405096
2014,2002405097
2014,2002405098
2014,2003108021
2014,2003116025
2014,2003205037
2014,2003210051
2014,2003210052
2014,2003210053
2014,2003212074
2014,2003212076
2014,2003213019
2014,2003213027
2014,2003214014
2014,2003216024
2014,2003216025
2014,2003218018
2014,2003224049
2014,2003224050
2014,2003309010
2014,2003311013
2014,2003315022
2014,2003315048
2014,2003315049
2014,2003317003
2014,2003317004
2014,2003403024
2014,2003404011
2014,2003405039
2014,2003407024
2014,2003407025
2014,2003414004
2014,2003423037
2014,2003423047
2014,2003423048
2014,2003425015
2014,2003425016
2014,2003425019
2014,2003426009
2014,2004115032
2014,2004115033
2014,2004115034
2014,2004115035
2014,2004115036
2014,2004121006
2014,2004122036
2014,2004315005
2014,2004316045
2014,2004322026
2014,2010111040
2014,2010111041
2014,2010113040
2014,2010113041
2014,2010114022
2014,2010211028
2014,2010211031
2014,2010211033
2014,2010211049
2014,2010211050
2014,2010211051
2014,2010211052
2014,2010211054
2014,2010211055
2014,2010211056
2014,2010211057
2014,2010212052
2014,2010225004
2014,2010225016
2014,2010226002
2014,2011212144
2014,2011405013
2014,2011408061
2014,2014200011
2014,2014316036
2014,2014316037
2014,2014408025
2014,2015415036
2014,2023119052
2014,2023119053
2014,2023213098
2014,2023224024
2014,2026205013
2014,2026205027
2014,2026205028
2014,2131306016
2014,2412429053
2014,2413111052
2014,2413114039
2014,2413114040
2014,2413211007
2014,2413311027
2014,2413413034
2014,2413424001
2014,2414209035
2014,2414213223
2014,2414214138
2014,2414214141
2014,2414215189
2014,2414404119
2014,2423200036
2014,2423201034
2014,2423204032
2014,2424107072
2014,2505311035
2014,2505311036
2014,2507205024
2014,2507326010
2014,2517121001
2014,2517121003
2014,2517121007
2014,2517121024
2014,2517121025
2014,2517121026
2014,2517121027
2014,2517121028
2014,2517122003
2014,2517122010
2014,2517122030
2014,2517122031
2014,2517122039
2014,2517122042
2014,2517122043
2014,2517122046
2014,2517124005
2014,2517124006
2014,2517124011
2014,2517124014
2014,2517124015
2014,2517124016
2014,2517124017
2014,2517124019
2014,2517124020
2014,2517124022
2014,2517124023
2014,2517124026
2014,2527127083
2014,2528102045
2014,2528102046
2014,2528102047
2014,2528102049
2014,2528102050
2014,2528102051
2014,2528102052
2014,2528102053
2014,2529110057
2015,0936210011
2015,0936211002
2015,0936224034
2015,0936225028
2015,0936313024
2015,0936325025
2015,0936404026
2015,0936409009
2015,0936412024
2015,0936412025
2015,0936413005
2015,0936415008
2015,1032116034
2015,1032127016
2015,1033309005
2015,1132319008
2015,1132319009
2015,1212108017
2015,1212115006
2015,1212221012
2015,1223223044
2015,1223402014
2015,1224404032
2015,1302205030
2015,1303130005
2015,1304312038
2015,1306104059
2015,1307203036
2015,1307309029
2015,1309203005
2015,1309406025
2015,1310408030
2015,1310408031
2015,1310417017
2015,1310417018
2015,1312403057
2015,1312407058
2015,1313122013
2015,1313200045
2015,1313217024
2015,1313303021
2015,1313317033
2015,1313322027
2015,1313330010
2015,1313408028
2015,1313411025
2015,1313412039
2015,1313414019
2015,1313414026
2015,1313418005
2015,1314305021
2015,1314306027
2015,1314326037
2015,1314326038
2015,1314400038
2015,1314401034
2015,1314411010
2015,1314411011
2015,1314411020
2015,1314417044
2015,1314427001
2015,1314429008
2015,1314431004
2015,1314431005
2015,1314431006
2015,1315215016
2015,1315220038
2015,1317111068
2015,1317311039
2015,1319106047
2015,1319113074
2015,1319122021
2015,1319122022
2015,1320223019
2015,1322124015
2015,1322124036
2015,1322124038
2015,1322124040
2015,1322124074
2015,1322124075
2015,1322126008
2015,1322200033
2015,1322200034
2015,1322203002
2015,1322203030
2015,1322209020
2015,1322209023
2015,1322217026
2015,1322427021
2015,1322430027
2015,1323107020
2015,1323123017
2015,1323128049
2015,1323210003
2015,1323214029
2015,1324106030
2015,1324113007
2015,1324120006
2015,1324128038
2015,1324208003
2015,1324208013
2015,1324208026
2015,1324208027
2015,1324208037
2015,1324209010
2015,1324209042
2015,1325120007
2015,1325203064
2015,1325226003
2015,1325302027
2015,1325307064
2015,1325416019
2015,1325420026
2015,1325422025
2015,1325422026
2015,1325423013
2015,1325427024
2015,1325427035
2015,1325428010
2015,1325428045
2015,1325429028
2015,1325430028
2015,1325430029
2015,1326115001
2015,1326115002
2015,1326115003
2015,1326115004
2015,1326126023
2015,1326126038
2015,1326128044
2015,1326212036
2015,1326216058
2015,1326223026
2015,1326316025
2015,1326326022
2015,1326410001
2015,1328223029
2015,1328223030
2015,1328223031
2015,1328223032
2015,1328223033
2015,1331210046
2015,1333225011
2015,1334406004
2015,1334406010
2015,1334406042
2015,1334407017
2015,1335124019
2015,1335201019
2015,1335212013
2015,1335231009
2015,1335231013
2015,1335301037
2015,1335305015
2015,1335321002
2015,1335321003
2015,1335321020
2015,1335321021
2015,1335406011
2015,1335417042
2015,1335420009
2015,1335421048
2015,1336109007
2015,1336115035
2015,1336115043
2015,1336115044
2015,1336115045
2015,1336115046
2015,1336115053
2015,1336204004
2015,1336207006
2015,1336207007
2015,1336207013
2015,1336207014
2015,1336207020
2015,1336207030
2015,1336215014
2015,1336215018
2015,1336215035
2015,1336215036
2015,1336215037
2015,1336215038
2015,1336215039
2015,1336215044
2015,1336216004
2015,1336216005
2015,1336216022
2015,1336216035
2015,1336224039
2015,1336227081
2015,1336227082
2015,1336228012
2015,1336230046
2015,1336306042
2015,1336307012
2015,1336307019
2015,1336308023
2015,1336315056
2015,1336315057
2015,1336315058
2015,1336315059
2015,1336315060
2015,1336315061
2015,1336316008
2015,1336317007
2015,1336326027
2015,1336328041
2015,1336406010
2015,1336407002
2015,1336408013
2015,1336408014
2015,1336408031
2015,1336410034
2015,1336410041
2015,1336418015
2015,1336418019
2015,1336422020
2015,1336422048
2015,1336430013
2015,1336432027
2015,1405317008
2015,1406202009
2015,1406202026
2015,1406409076
2015,1406410011
2015,1406410029
2015,1407107032
2015,1407113008
2015,1407115003
2015,1407115032
2015,1407116007
2015,1407213023
2015,1407222018
2015,1407301007
2015,1407302003
2015,1407302021
2015,1407305024
2015,1407313026
2015,1407318003
2015,1407319042
2015,1407409034
2015,1417113006
2015,1417303018
2015,1417304028
2015,1417305030
2015,1417310021
2015,1417310058
2015,1417314013
2015,1417314014
2015,1417418004
2015,1418122002
2015,1418124040
2015,1418126019
2015,1418128049
2015,1418132003
2015,1418210063
2015,1418210064
2015,1418217008
2015,1418301007
2015,1418311044
2015,1418314028
2015,1418315028
2015,1418315040
2015,1418317011
2015,1418317048
2015,1418318032
2015,1418319029
2015,1418321014
2015,1418321036
2015,1418324039
2015,1418326011
2015,1418327006
2015,1418403025
2015,1418403026
2015,1418411023
2015,1418412027
2015,1418414021
2015,1418415043
2015,1418417024
2015,1418418037
2015,1418421041
2015,1419101013
2015,1419102025
2015,1419102028
2015,1419105009
2015,1419105014
2015,1419105027
2015,1419106007
2015,1419106039
2015,1419107005
2015,1419109019
2015,1419109026
2015,1419112005
2015,1419121003
2015,1419123023
2015,1419125005
2015,1419127028
2015,1419129005
2015,1419131007
2015,1419131010
2015,1419208006
2015,1419208047
2015,1419210014
2015,1419217038
2015,1419222047
2015,1419222048
2015,1419225028
2015,1419227022
2015,1419230016
2015,1419230017
2015,1419303010
2015,1419303033
2015,1419304019
2015,1419306037
2015,1419307027
2015,1419309021
2015,1419310002
2015,1419310032
2015,1419315009
2015,1419322042
2015,1419325033
2015,1419326029
2015,1419327022
2015,1419327033
2015,1419329003
2015,1419330006
2015,1419331002
2015,1419407023
2015,1419419005
2015,1419420018
2015,1419422017
2015,1419422029
2015,1419427027
2015,1419428013
2015,1419428025
2015,1419428034
2015,1419429038
2015,1419433038
2015,1420100038
2015,1420101038
2015,1420108033
2015,1420109015
2015,1420112012
2015,1420113022
2015,1420113028
2015,1420113045
2015,1420113046
2015,1420113047
2015,1420116002
2015,1420116014
2015,1420116023
2015,1420121009
2015,1420125004
2015,1420316025
2015,1420316038
2015,1420319014
2015,1420319030
2015,1420319032
2015,1420325022
2015,1420325027
2015,1420326015
2015,1420326030
2015,1420329014
2015,1420330006
2015,1420330014
2015,1428113019
2015,1428113020
2015,1428302038
2015,1428304011
2015,1428304059
2015,1428311021
2015,1428319087
2015,1429101027
2015,1429109029
2015,1429110033
2015,1429111007
2015,1429112040
2015,1429121033
2015,1429125015
2015,1429125030
2015,1429125031
2015,1429130014
2015,1429200037
2015,1429210017
2015,1429216027
2015,1429223035
2015,1429223043
2015,1429228026
2015,1429229022
2015,1429300059
2015,1429304072
2015,1429304074
2015,1429304076
2015,1429304078
2015,1429305043
2015,1429306014
2015,1429310017
2015,1429315006
2015,1429315076
2015,1429318028
2015,1429318029
2015,1429318030
2015,1429318031
2015,1429408007
2015,1429408025
2015,1429413018
2015,1429413039
2015,1429417014
2015,1429419001
2015,1429419002
2015,1429419008
2015,1429419009
2015,1429421044
2015,1430102036
2015,1430104016
2015,1430105008
2015,1430106041
2015,1430110009
2015,1430110020
2015,1430110022
2015,1430111014
2015,1430118052
2015,1430121003
2015,1430121008
2015,1430121019
2015,1430204008
2015,1430205017
2015,1430205035
2015,1430205050
2015,1430205051
2015,1430205052
2015,1430207025
2015,1430208025
2015,1430209021
2015,1430211004
2015,1430214011
2015,1430214031
2015,1430215041
2015,1430218016
2015,1430220012
2015,1430221020
2015,1430223253
2015,1430225008
2015,1430225010
2015,1430225011
2015,1430315008
2015,1430315009
2015,1430407052
2015,1430408009
2015,1430408017
2015,1430410008
2015,1431103040
2015,1431106026
2015,1431107033
2015,1431117045
2015,1431119010
2015,1431119011
2015,1431119024
2015,1431129041
2015,1431131007
2015,1431131024
2015,1431135007
2015,1431137014
2015,1431138016
2015,1431138036
2015,1431215005
2015,1431215006
2015,1431307023
2015,1431307030
2015,1431311006
2015,1431320020
2015,1431320029
2015,1431321074
2015,1431324004
2015,1431328035
2015,1431328097
2015,1431332005
2015,1431332006
2015,1431332007
2015,1431332008
2015,1431402035
2015,1431409043
2015,1431409056
2015,1431411052
2015,1431413045
2015,1431419042
2015,1431420042
2015,1431426038
2015,1431427021
2015,1431428021
2015,1431428054
2015,1432110015
2015,1432112026
2015,1432113012
2015,1432126026
2015,1432211015
2015,1432212015
2015,1432214028
2015,1432215033
2015,1432216062
2015,1432219035
2015,1432226006
2015,1432227055
2015,1432227057
2015,1432228014
2015,1432228015
2015,1432409005
2015,1432409024
2015,1432410006
2015,1432412020
2015,1432412022
2015,1432413007
2015,1432413072
2015,1432414011
2015,1432425039
2015,1433129085
2015,1433301119
2015,1433302171
2015,1433302172
2015,1433303054
2015,1433303144
2015,1433309050
2015,1433313072
2015,1433314027
2015,1433314028
2015,1433317024
2015,1433317031
2015,1601205040
2015,1601222019
2015,1601227016
2015,1601227017
2015,1601303004
2015,1601305001
2015,1601305002
2015,1601305003
2015,1601305004
2015,1601305005
2015,1601305006
2015,1601305007
2015,1601305008
2015,1601305009
2015,1601324020
2015,1601400038
2015,1601407022
2015,1601407024
2015,1601407029
2015,1601408019
2015,1601424038
2015,1602100001
2015,1602100002
2015,1602100003
2015,1602100004
2015,1602206025
2015,1602210019
2015,1602216047
2015,1602225010
2015,1602408032
2015,1602408066
2015,1611208015
2015,1611209037
2015,1611209038
2015,1611213041
2015,1611215021
2015,1611215037
2015,1611215038
2015,1611217001
2015,1612106036
2015,1612107026
2015,1612107027
2015,1612107028
2015,1612107031
2015,1612107032
2015,1612109003
2015,1612213007
2015,1612213017
2015,1612214053
2015,1613218001
2015,1613232033
2015,1613232034
2015,1613428028
2015,1613428033
2015,1613428034
2015,1613428036
2015,1613428037
2015,1613428038
2015,1614316036
2015,1614316037
2015,1614322017
2015,1614322018
2015,1636202038
2015,1636202040
2015,1636202046
2015,1636414012
2015,1636414013
2015,1636414014
2015,1636414015
2015,1636414016
2015,1636414017
2015,1636414018
2015,1636414019
2015,1636423038
2015,1636429001
2015,1636429011
2015,1703202012
2015,1704122042
2015,1704202020
2015,1704220015
2015,1704306030
2015,1704449047
2015,1705100022
2015,1705100024
2015,1705100049
2015,1705214015
2015,1705301019
2015,1705301020
2015,1705414029
2015,1705415007
2015,1705415011
2015,1705415025
2015,1706117017
2015,1706225026
2015,1706227081
2015,1706229040
2015,1706229041
2015,1706230016
2015,1706232020
2015,1706232021
2015,1706232022
2015,1706232023
2015,1706232024
2015,1706232025
2015,1706235082
2015,1706323029
2015,1706327004
2015,1706327021
2015,1706327026
2015,1706327031
2015,1706403001
2015,1706403002
2015,1706403003
2015,1706403004
2015,1706403005
2015,1707105026
2015,1707111002
2015,1707113016
2015,1707114016
2015,1707114044
2015,1707116039
2015,1707120045
2015,1707122050
2015,1707122051
2015,1707204048
2015,1707208017
2015,1707208032
2015,1707211027
2015,1707211028
2015,1707211029
2015,1707211030
2015,1707211040
2015,1707212013
2015,1707212024
2015,1707216008
2015,1707216028
2015,1707221011
2015,1707221012
2015,1707224011
2015,1707224012
2015,1707435011
2015,1707435012
2015,1707435022
2015,1708114054
2015,1708114055
2015,1708126008
2015,1708243007
2015,1708243013
2015,1708243014
2015,1708243015
2015,1708243016
2015,1708243018
2015,1708244001
2015,1708244002
2015,1708244003
2015,1708244004
2015,1708244005
2015,1708244006
2015,1708244007
2015,1708244008
2015,1708244009
2015,1708338023
2015,1708338025
2015,1709224015
2015,1709244023
2015,1709318001
2015,1709318002
2015,1710103009
2015,1710103010
2015,1710211031
2015,1710212037
2015,1715300014
2015,1715300022
2015,1715300028
2015,1715300029
2015,1715300030
2015,1715300031
2015,1715300032
2015,1716109034
2015,1716410004
2015,1716410005
2015,1716410006
2015,1716410007
2015,1716410008
2015,1717209021
2015,1717410029
2015,1717420047
2015,1718314043
2015,1720405033
2015,1720406005
2015,1720428032
2015,1720428033
2015,1721304032
2015,1721317022
2015,1722305043
2015,1722305044
2015,1722309041
2015,1728202024
2015,1728202025
2015,1728325024
2015,1728415017
2015,1729307064
2015,1729320048
2015,1729320050
2015,1729326018
2015,1729330007
2015,1729402005
2015,1731113040
2015,1731415013
2015,1731429058
2015,1731429059
2015,1731429067
2015,1732105004
2015,1732119007
2015,1732119074
2015,1732216014
2015,1732216164
2015,1732217041
2015,1732217060
2015,1732218033
2015,1732222045
2015,1732225016
2015,1732405022
2015,1732412024
2015,1732414049
2015,1732414050
2015,1732414051
2015,1732416056
2015,1733120032
2015,1733200075
2015,1733300048
2015,1733302003
2015,1733304005
2015,1733305028
2015,1733305029
2015,1733305043
2015,1733309050
2015,1733309051
2015,1733310023
2015,1733310051
2015,1733311036
2015,1733326038
2015,1733326060
2015,1733327073
2015,1733327077
2015,1733327079
2015,1734316002
2015,1734421103
2015,1901111048
2015,1903310052
2015,1907313053
2015,1907314044
2015,1908302074
2015,1908311071
2015,1918207046
2015,1918207050
2015,1918207051
2015,1919213031
2015,1919213034
2015,2002303047
2015,2002314017
2015,2003113007
2015,2003212044
2015,2003212045
2015,2003213020
2015,2003214019
2015,2003218001
2015,2003222009
2015,2003301014
2015,2003302004
2015,2003302006
2015,2003302010
2015,2003302028
2015,2003303021
2015,2003309050
2015,2003416044
2015,2003425020
2015,2003426007
2015,2003426008
2015,2004120006
2015,2004120008
2015,2004127010
2015,2004127011
2015,2004128005
2015,2004313032
2015,2004323004
2015,2010104024
2015,2010104025
2015,2010104026
2015,2010109038
2015,2010109039
2015,2010110021
2015,2010110022
2015,2010211048
2015,2010211053
2015,2010212015
2015,2010212016
2015,2010222005
2015,2011314004
2015,2011331027
2015,2023213111
2015,2023224004
2015,2026417045
2015,2413300028
2015,2413404024
2015,2414113039
2015,2414215055
2015,2414410167
2015,2423204053
2015,2423211082
2015,2424107074
2015,2507322034
2015,2517121005
2015,2517121010
2015,2517121012
2015,2517122001
2015,2517122005
2015,2517122012
2015,2517122037
2015,2517124004
2015,2517124028
2015,2520422045
2015,2528102048
2015,2529110060
2016,0936315002
2016,0936325028
2016,0936409023
2016,0936412022
2016,0936415031
2016,1025315001
2016,1025315002
2016,1025315003
2016,1032116021
2016,1033305016
2016,1036300020
2016,1036300075
2016,1201216002
2016,1212111016
2016,1212114013
2016,1212124009
2016,1223214032
2016,1223222025
2016,1224101021
2016,1224315007
2016,1224418048
2016,1225205038
2016,1302209036
2016,1302209049
2016,1303130027
2016,1303130028
2016,1303225032
2016,1303225036
2016,1303225038
2016,1304209056
2016,1306120003
2016,1306120004
2016,1307214020
2016,1307309030
2016,1309224003
2016,1309409006
2016,1309416014
2016,1313318025
2016,1313326010
2016,1313406012
2016,1313413028
2016,1313414023
2016,1313416014
2016,1314223029
2016,1314305023
2016,1314323013
2016,1314401018
2016,1314401036
2016,1314418031
2016,1314428008
2016,1315114031
2016,1315220042
2016,1315230013
2016,1315312024
2016,1316416009
2016,1317109047
2016,1317304023
2016,1319110029
2016,1320224016
2016,1321206018
2016,1322124039
2016,1322124072
2016,1322203031
2016,1322427020
2016,1323101038
2016,1323128040
2016,1323128051
2016,1324103029
2016,1324107017
2016,1324110004
2016,1324121043
2016,1324122042
2016,1324122045
2016,1324208018
2016,1324209009
2016,1324305074
2016,1324305080
2016,1324323001
2016,1324323002
2016,1325201014
2016,1325203065
2016,1325203066
2016,1325216041
2016,1325226002
2016,1325307058
2016,1325307059
2016,1325418015
2016,1325425015
2016,1325427022
2016,1325429038
2016,1325429039
2016,1326211015
2016,1326212023
2016,1326212024
2016,1326214066
2016,1326216008
2016,1326227013
2016,1330405033
2016,1331128030
2016,1331304006
2016,1333407004
2016,1335212016
2016,1335231028
2016,1335417043
2016,1335422013
2016,1336115030
2016,1336115049
2016,1336115050
2016,1336115051
2016,1336115052
2016,1336115054
2016,1336116019
2016,1336202014
2016,1336207010
2016,1336207011
2016,1336209002
2016,1336215013
2016,1336216034
2016,1336301024
2016,1336314039
2016,1336315016
2016,1336315018
2016,1336322025
2016,1336323007
2016,1336407001
2016,1336407018
2016,1336408030
2016,1336411017
2016,1336412011
2016,1336413037
2016,1336416009
2016,1336416013
2016,1336423034
2016,1336431007
2016,1336431013
2016,1406401067
2016,1407217017
2016,1407221001
2016,1407305015
2016,1407316042
2016,1407319021
2016,1407319043
2016,1407408060
2016,1408315087
2016,1417304025
2016,1418120010
2016,1418128006
2016,1418128047
2016,1418131016
2016,1418133040
2016,1418218027
2016,1418305006
2016,1418305030
2016,1418311043
2016,1418314015
2016,1418317049
2016,1418318043
2016,1418319006
2016,1418326031
2016,1418329012
2016,1418413021
2016,1418421012
2016,1418421042
2016,1419108031
2016,1419109012
2016,1419110030
2016,1419111013
2016,1419111023
2016,1419112017
2016,1419112020
2016,1419112032
2016,1419114020
2016,1419116028
2016,1419118003
2016,1419118024
2016,1419119001
2016,1419129002
2016,1419129015
2016,1419130004
2016,1419203010
2016,1419205024
2016,1419214027
2016,1419218029
2016,1419222017
2016,1419223015
2016,1419223017
2016,1419301033
2016,1419303019
2016,1419304028
2016,1419307018
2016,1419317025
2016,1419318030
2016,1419320012
2016,1419320041
2016,1419321035
2016,1419325011
2016,1419326022
2016,1419401001
2016,1419406007
2016,1419410017
2016,1419410037
2016,1419414051
2016,1419423029
2016,1419428006
2016,1419428030
2016,1419430007
2016,1419433002
2016,1420105029
2016,1420106008
2016,1420106033
2016,1420108005
2016,1420113037
2016,1420115022
2016,1420115038
2016,1420115044
2016,1420116036
2016,1420121002
2016,1420121015
2016,1420121041
2016,1420125003
2016,1420125005
2016,1420223052
2016,1420303039
2016,1420310003
2016,1420310018
2016,1420317019
2016,1420320040
2016,1420321007
2016,1420323020
2016,1420325030
2016,1420327035
2016,1420329004
2016,1420329009
2016,1421305018
2016,1428303050
2016,1428312023
2016,1429105009
2016,1429106005
2016,1429106035
2016,1429110038
2016,1429110040
2016,1429111054
2016,1429112041
2016,1429119012
2016,1429121016
2016,1429121035
2016,1429121043
2016,1429124044
2016,1429125011
2016,1429129013
2016,1429129015
2016,1429208044
2016,1429209047
2016,1429222028
2016,1429313049
2016,1429313050
2016,1429315028
2016,1429319028
2016,1429319031
2016,1429323002
2016,1429407036
2016,1429407041
2016,1429413016
2016,1429416103
2016,1429421045
2016,1429422044
2016,1430106077
2016,1430107011
2016,1430111015
2016,1430114046
2016,1430201008
2016,1430207018
2016,1430208031
2016,1430208033
2016,1430211044
2016,1430212036
2016,1430213017
2016,1430217020
2016,1430403271
2016,1430404015
2016,1430405033
2016,1430407044
2016,1430407049
2016,1430407055
2016,1430410009
2016,1431116012
2016,1431116032
2016,1431121023
2016,1431124038
2016,1431125015
2016,1431126030
2016,1431135032
2016,1431214001
2016,1431300021
2016,1431301027
2016,1431306002
2016,1431307012
2016,1431309013
2016,1431328068
2016,1431403026
2016,1431404021
2016,1431404027
2016,1431409040
2016,1431409055
2016,1431414031
2016,1431416059
2016,1431417030
2016,1431418055
2016,1431418056
2016,1431419032
2016,1431419043
2016,1431427018
2016,1432111013
2016,1432112038
2016,1432113005
2016,1432113013
2016,1432126037
2016,1432127004
2016,1432215040
2016,1432216060
2016,1432216064
2016,1432220012
2016,1432226012
2016,1432226013
2016,1432226022
2016,1432312021
2016,1432402027
2016,1432409038
2016,1432410011
2016,1432410022
2016,1432413075
2016,1433113008
2016,1433300131
2016,1433302086
2016,1433303035
2016,1433303140
2016,1433309026
2016,1601203054
2016,1601215029
2016,1601215030
2016,1601226018
2016,1601411030
2016,1602216045
2016,1602408046
2016,1612423072
2016,1613218001
2016,1613218003
2016,1613233009
2016,1613233011
2016,1613428026
2016,1613428039
2016,1613428040
2016,1622230034
2016,1636202039
2016,1636202044
2016,1636202045
2016,1636405059
2016,1636405080
2016,1636405081
2016,1636405082
2016,1636405083
2016,1636405084
2016,1636405085
2016,1636405086
2016,1636405087
2016,1636405088
2016,1636405089
2016,1636429005
2016,1636429009
2016,1636429013
2016,1703223032
2016,1703223033
2016,1703223035
2016,1704141032
2016,1704202010
2016,1704202040
2016,1704222064
2016,1704222066
2016,1704222068
2016,1704303001
2016,1704303002
2016,1704303003
2016,1704303010
2016,1704303019
2016,1704320054
2016,1704429009
2016,1704429016
2016,1704436058
2016,1704448009
2016,1704448010
2016,1704448011
2016,1704448012
2016,1704448013
2016,1704448014
2016,1704448015
2016,1704448016
2016,1704448017
2016,1704448018
2016,1705414030
2016,1705414031
2016,1706100010
2016,1706116026
2016,1706116046
2016,1706200007
2016,1706204029
2016,1706227037
2016,1706230012
2016,1706234003
2016,1706234077
2016,1706234078
2016,1706331029
2016,1707100019
2016,1707102023
2016,1707104027
2016,1707105025
2016,1707106004
2016,1707114034
2016,1707114039
2016,1707114054
2016,1707117038
2016,1707120044
2016,1707121007
2016,1707122017
2016,1707209030
2016,1707209031
2016,1707210049
2016,1707211025
2016,1707212012
2016,1707212023
2016,1707212033
2016,1707213014
2016,1707213019
2016,1707214039
2016,1707217039
2016,1708114053
2016,1708130011
2016,1708253037
2016,1708253038
2016,1709210001
2016,1709210002
2016,1709210003
2016,1709210007
2016,1709210016
2016,1709223007
2016,1709223008
2016,1709223009
2016,1709223010
2016,1709223011
2016,1709223012
2016,1709223013
2016,1709430006
2016,1709430007
2016,1709430008
2016,1709430009
2016,1709451036
2016,1709451037
2016,1709451038
2016,1715306010
2016,1715306011
2016,1715306012
2016,1715306013
2016,1715306014
2016,1715306030
2016,1715306031
2016,1715306038
2016,1716118016
2016,1716118027
2016,1717105001
2016,1717105002
2016,1717105003
2016,1717105004
2016,1717105005
2016,1717105006
2016,1717105007
2016,1717117002
2016,1717117003
2016,1717117004
2016,1717117005
2016,1717117006
2016,1717117007
2016,1717117008
2016,1717117009
2016,1717117031
2016,1717302089
2016,1718109012
2016,1718316060
2016,1720313034
2016,1720406008
2016,1720434007
2016,1720434009
2016,1721306039
2016,1722104006
2016,1722104007
2016,1722104008
2016,1722104009
2016,1722104010
2016,1728311036
2016,1728320034
2016,1728325084
2016,1728415018
2016,1729320047
2016,1729324014
2016,1729325031
2016,1729326019
2016,1729328013
2016,1729403072
2016,1729425024
2016,1731104061
2016,1731107052
2016,1731115034
2016,1731214019
2016,1731226022
2016,1731316016
2016,1731429061
2016,1731429064
2016,1732105005
2016,1732107025
2016,1732119048
2016,1732217067
2016,1732405021
2016,1732407008
2016,1732408004
2016,1732408005
2016,1732408006
2016,1732408007
2016,1732408008
2016,1732408127
2016,1732408128
2016,1732408129
2016,1732408130
2016,1732408131
2016,1732408132
2016,1732408133
2016,1732408134
2016,1732408135
2016,1732408136
2016,1732408137
2016,1732408138
2016,1732408139
2016,1732408140
2016,1732408141
2016,1732408142
2016,1732408143
2016,1732408144
2016,1732408145
2016,1732408146
2016,1732408147
2016,1732414040
2016,1733109055
2016,1733123021
2016,1733300047
2016,1733305031
2016,1733305032
2016,1733305033
2016,1733310050
2016,1733324030
2016,1733326058
2016,1733327075
2016,1733327078
2016,1733327081
2016,1733327082
2016,1733328042
2016,1901201018
2016,1907320027
2016,1908318044
2016,1908318045
2016,1911124012
2016,1911124013
2016,1911127001
2016,1911127002
2016,1918104047
2016,1918104048
2016,1918114029
2016,1918207048
2016,1918207049
2016,1923200017
2016,1923200018
2016,1923200019
2016,1923200020
2016,2002101004
2016,2002302021
2016,2002309023
2016,2002405050
2016,2003309051
2016,2004127012
2016,2004128006
2016,2004313001
2016,2010111018
2016,2010212053
2016,2413101031
2016,2413101056
2016,2413406028
2016,2413417011
2016,2414103067
2016,2414103068
2016,2414103073
2016,2414410168
2016,2423204013
2016,2423403022
2016,2424107073
2016,2517122002
2016,2517122035
2016,2517124018
2016,2518301023
2017,0925418018
2017,0936408034
2017,0936409024
2017,0936409025
2017,1032209030
2017,1032212036
2017,1032406008
2017,1201316025
2017,1223411006
2017,1224211007
2017,1225215021
2017,1225215022
2017,1225215023
2017,1302416032
2017,1303129032
2017,1303129053
2017,1303225014
2017,1303225020
2017,1303225025
2017,1303225040
2017,1303225041
2017,1303412021
2017,1304312064
2017,1304312070
2017,1308117007
2017,1309307051
2017,1309316041
2017,1310312033
2017,1310312034
2017,1312410011
2017,1313122006
2017,1313125024
2017,1313214028
2017,1313214029
2017,1313303032
2017,1313325007
2017,1313326004
2017,1313329003
2017,1313329009
2017,1313416016
2017,1314109048
2017,1314118023
2017,1314118081
2017,1314314004
2017,1314400014
2017,1314416039
2017,1314426010
2017,1315319045
2017,1315319046
2017,1315415005
2017,1316112035
2017,1316112036
2017,1317311001
2017,1317311002
2017,1317311003
2017,1317311004
2017,1317311005
2017,1321206038
2017,1321303037
2017,1321303038
2017,1322126015
2017,1322126016
2017,1322126017
2017,1322126020
2017,1322126022
2017,1322126024
2017,1322126027
2017,1322126028
2017,1322126029
2017,1322126034
2017,1322126035
2017,1322126036
2017,1322214023
2017,1322311016
2017,1322311017
2017,1322316053
2017,1322316054
2017,1323128045
2017,1323128052
2017,1323128055
2017,1323312024
2017,1323318010
2017,1323322025
2017,1323322026
2017,1324118002
2017,1324121007
2017,1324121027
2017,1324131055
2017,1324213019
2017,1324213020
2017,1324213021
2017,1324305091
2017,1324305092
2017,1324305093
2017,1324305094
2017,1324311037
2017,1325104033
2017,1325120040
2017,1325129008
2017,1325216039
2017,1325305026
2017,1325322027
2017,1325405011
2017,1325405012
2017,1325410003
2017,1325410004
2017,1325426009
2017,1325430044
2017,1325430045
2017,1325431015
2017,1326106003
2017,1326106004
2017,1326116027
2017,1326117012
2017,1326202012
2017,1326216061
2017,1326218021
2017,1326220044
2017,1326222033
2017,1326225029
2017,1326227029
2017,1328428023
2017,1328428036
2017,1330305001
2017,1330308016
2017,1330308017
2017,1330308018
2017,1330308019
2017,1330308020
2017,1330308047
2017,1330308050
2017,1330308051
2017,1331205069
2017,1331210045
2017,1331214001
2017,1331214004
2017,1331214005
2017,1331214006
2017,1331214007
2017,1332104060
2017,1334129009
2017,1335305016
2017,1335400015
2017,1335400028
2017,1336103036
2017,1336103037
2017,1336103038
2017,1336103039
2017,1336103040
2017,1336103041
2017,1336103042
2017,1336103043
2017,1336103044
2017,1336108012
2017,1336116030
2017,1336206012
2017,1336208013
2017,1336208014
2017,1336208015
2017,1336208016
2017,1336212019
2017,1336216031
2017,1336221080
2017,1336233008
2017,1336303014
2017,1336305001
2017,1336305002
2017,1336305003
2017,1336305004
2017,1336305005
2017,1336306024
2017,1336315024
2017,1336315056
2017,1336315057
2017,1336315058
2017,1336315059
2017,1336317010
2017,1336317040
2017,1336326016
2017,1336326038
2017,1336401020
2017,1336404020
2017,1336404021
2017,1336404022
2017,1336404025
2017,1336404034
2017,1336406051
2017,1336407012
2017,1336407013
2017,1336407034
2017,1336407035
2017,1336407036
2017,1336407037
2017,1336407038
2017,1336407039
2017,1336407040
2017,1336414054
2017,1336419021
2017,1405102023
2017,1405311037
2017,1406401066
2017,1407223033
2017,1407223034
2017,1407312006
2017,1407316006
2017,1407422004
2017,1408400004
2017,1408400008
2017,1408400009
2017,1417310059
2017,1417415006
2017,1417415007
2017,1418119005
2017,1418126008
2017,1418131018
2017,1418133003
2017,1418204005
2017,1418301013
2017,1418306029
2017,1418317005
2017,1418415002
2017,1418415003
2017,1418416023
2017,1419104035
2017,1419104036
2017,1419122020
2017,1419128026
2017,1419223010
2017,1419325035
2017,1419419037
2017,1419423004
2017,1420121042
2017,1420403004
2017,1420403005
2017,1420403007
2017,1420403008
2017,1420403022
2017,1420403023
2017,1420403024
2017,1420403025
2017,1420403064
2017,1420403065
2017,1420403067
2017,1420403070
2017,1420412010
2017,1420413075
2017,1420426034
2017,1420426058
2017,1421100012
2017,1421312038
2017,1428123020
2017,1428312044
2017,1429118012
2017,1429209036
2017,1429301036
2017,1429302029
2017,1429305019
2017,1429305062
2017,1429319005
2017,1429407073
2017,1429407094
2017,1429416070
2017,1429419058
2017,1429419061
2017,1429419065
2017,1429423065
2017,1430105034
2017,1430110015
2017,1430121009
2017,1430122001
2017,1430210003
2017,1430213044
2017,1430217015
2017,1430217016
2017,1430221019
2017,1430409044
2017,1431100041
2017,1431110008
2017,1431110009
2017,1431110010
2017,1431110011
2017,1431110012
2017,1431110013
2017,1431110014
2017,1431110015
2017,1431110016
2017,1431120027
2017,1431120028
2017,1431122017
2017,1431127005
2017,1431128036
2017,1431132008
2017,1431203002
2017,1431215030
2017,1431215031
2017,1431310013
2017,1431314022
2017,1431322044
2017,1431322056
2017,1431322060
2017,1431402042
2017,1431410032
2017,1431414017
2017,1431417012
2017,1431417013
2017,1431427033
2017,1431430006
2017,1431430007
2017,1432214029
2017,1432214036
2017,1432216021
2017,1432416031
2017,1433128087
2017,1433128088
2017,1433301029
2017,1433301069
2017,1433301120
2017,1433302007
2017,1433302008
2017,1433302009
2017,1433302010
2017,1433302011
2017,1433302050
2017,1433302051
2017,1433302154
2017,1433302159
2017,1433302160
2017,1433303110
2017,1433305018
2017,1433318025
2017,1433318071
2017,1433318072
2017,1433318074
2017,1601225006
2017,1601225007
2017,1601227035
2017,1601303035
2017,1601317027
2017,1601317028
2017,1602212043
2017,1602216046
2017,1602217004
2017,1602223013
2017,1602228047
2017,1612218035
2017,1612321034
2017,1612423073
2017,1612423074
2017,1613221001
2017,1613232004
2017,1613232035
2017,1613232036
2017,1613424038
2017,1613424040
2017,1622409037
2017,1622409040
2017,1636202008
2017,1636202041
2017,1636429014
2017,1636429016
2017,1636429017
2017,1703109010
2017,1704202011
2017,1704202029
2017,1704202105
2017,1704214016
2017,1704214017
2017,1704306040
2017,1704306041
2017,1704306042
2017,1704306043
2017,1704306044
2017,1704306045
2017,1704306046
2017,1704306047
2017,1704323002
2017,1705117009
2017,1706100036
2017,1706204027
2017,1706234023
2017,1706234024
2017,1706234042
2017,1706235068
2017,1706235069
2017,1706235070
2017,1706235136
2017,1706235145
2017,1707112004
2017,1707112005
2017,1707114043
2017,1707115015
2017,1707207017
2017,1707207048
2017,1707216010
2017,1707217060
2017,1707217062
2017,1708131104
2017,1708220001
2017,1708336022
2017,1708429001
2017,1708429002
2017,1708429003
2017,1708429006
2017,1708429007
2017,1708429008
2017,1709119045
2017,1710219030
2017,1710219035
2017,1710219057
2017,1715308021
2017,1715308022
2017,1716411013
2017,1717231002
2017,1717231003
2017,1717231004
2017,1717231005
2017,1717231007
2017,1717231008
2017,1717231009
2017,1717231010
2017,1717231012
2017,1717233002
2017,1717325028
2017,1717325054
2017,1717410019
2017,1717410020
2017,1717412046
2017,1718107025
2017,1718305004
2017,1718316065
2017,1719304046
2017,1719311020
2017,1719410025
2017,1719410026
2017,1719411022
2017,1719412035
2017,1720301010
2017,1720404011
2017,1720414006
2017,1720414007
2017,1720414008
2017,1721114019
2017,1721114025
2017,1721133004
2017,1721304002
2017,1721304031
2017,1721306042
2017,1721328004
2017,1721328005
2017,1721328006
2017,1722303083
2017,1722303084
2017,1722303085
2017,1722303086
2017,1722303087
2017,1722309132
2017,1722309133
2017,1722309135
2017,1722309136
2017,1722309139
2017,1722309140
2017,1722309141
2017,1722309143
2017,1722309144
2017,1722309145
2017,1728209020
2017,1729305019
2017,1729311020
2017,1729324019
2017,1729331011
2017,1729331012
2017,1729331013
2017,1729331015
2017,1730122028
2017,1731116027
2017,1731116028
2017,1731217019
2017,1731217020
2017,1731221035
2017,1731405037
2017,1731413033
2017,1731415011
2017,1731420023
2017,1731420024
2017,1731420025
2017,1731425003
2017,1731425058
2017,1731425060
2017,1731425061
2017,1731425062
2017,1731425063
2017,1732119036
2017,1732212038
2017,1732222016
2017,1732225007
2017,1732225008
2017,1732402020
2017,1732414073
2017,1732414074
2017,1732414075
2017,1732414076
2017,1732416053
2017,1733111013
2017,1733308007
2017,1733311003
2017,1733324018
2017,1734121038
2017,1734310008
2017,1901222032
2017,1901303008
2017,1907315039
2017,1907315040
2017,1909203002
2017,1909203003
2017,1909203006
2017,1909203007
2017,1909203008
2017,1909203041
2017,1917403013
2017,2002101002
2017,2002101003
2017,2002300026
2017,2002302053
2017,2002405079
2017,2002405080
2017,2002405081
2017,2002405082
2017,2002405083
2017,2002405084
2017,2002405085
2017,2002405086
2017,2002405087
2017,2002405088
2017,2003119006
2017,2003214020
2017,2003214041
2017,2003218012
2017,2003317039
2017,2003317040
2017,2003317041
2017,2003423049
2017,2003423051
2017,2004129044
2017,2004130007
2017,2004130008
2017,2004304030
2017,2004310012
2017,2004322053
2017,2004324012
2017,2010204027
2017,2010219038
2017,2010224006
2017,2010224014
2017,2010224015
2017,2013100020
2017,2014310088
2017,2014310089
2017,2014311031
2017,2015315035
2017,2015315036
2017,2015315037
2017,2015315038
2017,2015315039
2017,2015315040
2017,2023213049
2017,2023213097
2017,2413111023
2017,2413111024
2017,2413427006
2017,2414113151
2017,2414214129
2017,2414404178
2017,2414414006
2017,2423200064
2017,2423200065
2017,2423212098
2017,2424216002
2017,2507105001
2017,2507105002
2017,2507105003
2017,2517121029
2017,2517121030
2017,2517121031
2017,2517122024
2017,2517122025
2017,2517122026
2017,2517122027
2017,2517122028
2017,2517122029
2017,2517122036
2017,2518107052
2017,2518403025
2017,2528102016
2017,2632105016
2018,0936104060
2018,0936105261
2018,0936105262
2018,0936225034
2018,0936325036
2018,0936408035
2018,0936413039
2018,0936415025
2018,0936418009
2018,0936418010
2018,1025313020
2018,1025313021
2018,1031409039
2018,1033316013
2018,1036227053
2018,1129300016
2018,1129300017
2018,1129300018
2018,1129300019
2018,1201108017
2018,1201209048
2018,1201216042
2018,1223212026
2018,1223405012
2018,1224222027
2018,1224330001
2018,1224403011
2018,1301121007
2018,1302114035
2018,1302114045
2018,1302123020
2018,1302123021
2018,1302206015
2018,1302206016
2018,1303225007
2018,1303225008
2018,1303225009
2018,1303225010
2018,1303225011
2018,1303225017
2018,1303225019
2018,1303225021
2018,1303225024
2018,1303225026
2018,1303316023
2018,1303323021
2018,1305201007
2018,1306219007
2018,1306409010
2018,1306409011
2018,1307220027
2018,1307221019
2018,1307411006
2018,1308103011
2018,1308129030
2018,1308310037
2018,1308425044
2018,1308425138
2018,1309203003
2018,1309304047
2018,1309304048
2018,1309413049
2018,1310312009
2018,1313202004
2018,1313205002
2018,1313205003
2018,1313205004
2018,1313303011
2018,1313303017
2018,1313306030
2018,1313310027
2018,1313310028
2018,1313321037
2018,1313324019
2018,1313326006
2018,1313403051
2018,1313403052
2018,1313403053
2018,1313405005
2018,1313412027
2018,1313414004
2018,1313418013
2018,1314108038
2018,1314124018
2018,1314211018
2018,1314318011
2018,1314318030
2018,1314326035
2018,1314326036
2018,1314329019
2018,1314402030
2018,1314417017
2018,1314429025
2018,1315123008
2018,1315206047
2018,1315215021
2018,1315220041
2018,1315305003
2018,1315320083
2018,1315419009
2018,1315419025
2018,1316105005
2018,1316105006
2018,1317107056
2018,1317309012
2018,1317309013
2018,1317309014
2018,1320227027
2018,1321109006
2018,1321206042
2018,1321206043
2018,1321206044
2018,1321206045
2018,1321206046
2018,1322109020
2018,1322126019
2018,1322126021
2018,1322126023
2018,1322126025
2018,1322126031
2018,1322126032
2018,1322126033
2018,1322203027
2018,1322215025
2018,1322221028
2018,1322221035
2018,1322221036
2018,1322304031
2018,1322307028
2018,1322307039
2018,1322307040
2018,1322307041
2018,1322323006
2018,1322413002
2018,1322413014
2018,1322413015
2018,1322421020
2018,1323123011
2018,1323128053
2018,1324100019
2018,1324100020
2018,1324105028
2018,1324106010
2018,1324130012
2018,1324131054
2018,1324203018
2018,1324204015
2018,1324314031
2018,1325116016
2018,1325117012
2018,1325119038
2018,1325120041
2018,1325218047
2018,1325228013
2018,1325302033
2018,1325302034
2018,1325310002
2018,1325323014
2018,1325400022
2018,1325410034
2018,1325410035
2018,1325423017
2018,1325426010
2018,1325431011
2018,1326111016
2018,1326207048
2018,1326214085
2018,1326214086
2018,1326215017
2018,1326215030
2018,1326217067
2018,1326218068
2018,1326220040
2018,1326302015
2018,1326303030
2018,1326329012
2018,1330101001
2018,1330226002
2018,1330227004
2018,1332118012
2018,1332204032
2018,1332219056
2018,1333230006
2018,1333230007
2018,1334102031
2018,1334122005
2018,1335112010
2018,1335122011
2018,1335124023
2018,1335303025
2018,1335304019
2018,1335306033
2018,1335306034
2018,1335306035
2018,1335306050
2018,1335306051
2018,1335306052
2018,1335306053
2018,1335306054
2018,1335306055
2018,1335306056
2018,1335400014
2018,1335401016
2018,1335406038
2018,1335409020
2018,1335410021
2018,1335410022
2018,1335410027
2018,1335410035
2018,1335411042
2018,1335413002
2018,1335413004
2018,1335413005
2018,1335413011
2018,1335419002
2018,1335419003
2018,1336204001
2018,1336204002
2018,1336204003
2018,1336205022
2018,1336216016
2018,1336216036
2018,1336216038
2018,1336223022
2018,1336225043
2018,1336225044
2018,1336227083
2018,1336232033
2018,1336233014
2018,1336316030
2018,1336319042
2018,1336319043
2018,1336319044
2018,1336323033
2018,1336323034
2018,1336326043
2018,1336330051
2018,1336330052
2018,1336407041
2018,1336407042
2018,1336407043
2018,1336407044
2018,1336407045
2018,1336407046
2018,1336407047
2018,1336407048
2018,1336407049
2018,1336407050
2018,1336407051
2018,1336407052
2018,1336407053
2018,1336407054
2018,1336407055
2018,1336407056
2018,1336407057
2018,1336407058
2018,1336407059
2018,1336407060
2018,1336407061
2018,1336407062
2018,1336407063
2018,1336407064
2018,1336407065
2018,1336407066
2018,1336407067
2018,1336407068
2018,1336407069
2018,1336407070
2018,1336407073
2018,1336407074
2018,1336407075
2018,1336407076
2018,1336407077
2018,1336407078
2018,1336407079
2018,1336407080
2018,1336407081
2018,1336407082
2018,1336407083
2018,1336407084
2018,1336407085
2018,1336407086
2018,1336407087
2018,1336407088
2018,1336407089
2018,1336407090
2018,1336407091
2018,1336407092
2018,1336408029
2018,1336410031
2018,1336410040
2018,1336413040
2018,1336414055
2018,1336423015
2018,1336431003
2018,1405316010
2018,1406401064
2018,1406409085
2018,1406412041
2018,1407114016
2018,1407117002
2018,1407213039
2018,1407221016
2018,1407312038
2018,1407316037
2018,1407322005
2018,1407325013
2018,1407407007
2018,1408102023
2018,1417220001
2018,1417229008
2018,1417229014
2018,1417229015
2018,1417229016
2018,1417229017
2018,1417229018
2018,1417229019
2018,1417313052
2018,1417313053
2018,1418102039
2018,1418108010
2018,1418109004
2018,1418125020
2018,1418127024
2018,1418131004
2018,1418133008
2018,1418214017
2018,1418214018
2018,1418218009
2018,1418302032
2018,1418305034
2018,1418306032
2018,1418306033
2018,1418317015
2018,1418321008
2018,1418321033
2018,1418405023
2018,1418412031
2018,1418412032
2018,1418412033
2018,1418416009
2018,1419109027
2018,1419112025
2018,1419216014
2018,1419306017
2018,1419311015
2018,1419318023
2018,1419322018
2018,1419326041
2018,1419327012
2018,1419327026
2018,1419327036
2018,1419328006
2018,1419413018
2018,1419416045
2018,1419416046
2018,1419429009
2018,1420100020
2018,1420116006
2018,1420125007
2018,1420317039
2018,1420403075
2018,1420403076
2018,1428312091
2018,1429110046
2018,1429115035
2018,1429116032
2018,1429305020
2018,1429305063
2018,1429311025
2018,1429401029
2018,1429421025
2018,1429427084
2018,1430102029
2018,1430106063
2018,1430106090
2018,1430115003
2018,1430117028
2018,1430120013
2018,1430206021
2018,1431113011
2018,1431117030
2018,1431125006
2018,1431126005
2018,1431126025
2018,1431128041
2018,1431129009
2018,1431137005
2018,1431138009
2018,1431215016
2018,1431300050
2018,1431300051
2018,1431300052
2018,1431308070
2018,1431315034
2018,1431316009
2018,1431316011
2018,1431324002
2018,1431324003
2018,1431326001
2018,1431326002
2018,1431326003
2018,1431326004
2018,1431326005
2018,1431424024
2018,1431424036
2018,1431424037
2018,1431425026
2018,1431427035
2018,1432212016
2018,1432215034
2018,1432221019
2018,1432403069
2018,1432409044
2018,1432413011
2018,1432425024
2018,1433101019
2018,1433101020
2018,1433101021
2018,1433300011
2018,1433300126
2018,1433301121
2018,1433302175
2018,1433303165
2018,1433303166
2018,1433318073
2018,1433318075
2018,1601202026
2018,1601202027
2018,1601202047
2018,1601202048
2018,1601203038
2018,1601205017
2018,1601209029
2018,1601212006
2018,1601212018
2018,1601214015
2018,1601220033
2018,1601223032
2018,1601227036
2018,1601227037
2018,1601325060
2018,1601326037
2018,1601404052
2018,1601404053
2018,1602115013
2018,1602212023
2018,1602219001
2018,1602225044
2018,1611226030
2018,1612206012
2018,1612207025
2018,1612207036
2018,1612214021
2018,1612214056
2018,1612214057
2018,1612214058
2018,1612418034
2018,1612421055
2018,1612423075
2018,1612423076
2018,1612423077
2018,1613208028
2018,1613208029
2018,1613232005
2018,1613232006
2018,1613232007
2018,1613232008
2018,1613233012
2018,1613415036
2018,1613424039
2018,1613428043
2018,1614214024
2018,1614214028
2018,1614214029
2018,1614214030
2018,1636202009
2018,1636204028
2018,1636315013
2018,1636412001
2018,1636414064
2018,1636414065
2018,1636414067
2018,1636414068
2018,1636414070
2018,1636417001
2018,1636417002
2018,1636417003
2018,1636429015
2018,1703108018
2018,1704110066
2018,1704110073
2018,1704112061
2018,1704112062
2018,1704112063
2018,1704112064
2018,1704112070
2018,1704142002
2018,1704142004
2018,1704142006
2018,1704142007
2018,1704142008
2018,1704142009
2018,1704142010
2018,1704142011
2018,1704142012
2018,1704142013
2018,1704142014
2018,1704142015
2018,1704201002
2018,1704201008
2018,1704201009
2018,1704201010
2018,1704201034
2018,1704204003
2018,1704215018
2018,1704215053
2018,1704215054
2018,1704448019
2018,1705110006
2018,1705309002
2018,1705309003
2018,1705309004
2018,1705309005
2018,1705309006
2018,1705309007
2018,1706117022
2018,1706225019
2018,1706226014
2018,1706226015
2018,1706226016
2018,1706226017
2018,1706327028
2018,1707105021
2018,1707105022
2018,1707111026
2018,1707111044
2018,1707112039
2018,1707112050
2018,1707115016
2018,1707116003
2018,1707204023
2018,1707212015
2018,1707213011
2018,1707217061
2018,1708106039
2018,1708114022
2018,1708252001
2018,1708252003
2018,1708252034
2018,1708336020
2018,1709122011
2018,1709258029
2018,1710218017
2018,1716407017
2018,1717101033
2018,1717204002
2018,1717204003
2018,1717204004
2018,1717204005
2018,1717204038
2018,1717205001
2018,1717205002
2018,1717205003
2018,1717205004
2018,1717205005
2018,1717205007
2018,1717205008
2018,1717205009
2018,1717205010
2018,1717205011
2018,1717205025
2018,1717221021
2018,1717228015
2018,1717228016
2018,1717326011
2018,1718116001
2018,1718215002
2018,1719301034
2018,1719311003
2018,1720224062
2018,1720224063
2018,1720224064
2018,1720224065
2018,1720224066
2018,1720224069
2018,1720224070
2018,1720318008
2018,1720318036
2018,1720318037
2018,1720318038
2018,1720318039
2018,1720401054
2018,1720401055
2018,1720434011
2018,1721114008
2018,1721114009
2018,1721114010
2018,1721114011
2018,1721114012
2018,1721114013
2018,1721114014
2018,1721114015
2018,1721114016
2018,1721114027
2018,1721114028
2018,1721114029
2018,1721114031
2018,1721133026
2018,1721133027
2018,1721133028
2018,1721133029
2018,1721133031
2018,1721133032
2018,1721133033
2018,1721133034
2018,1721306026
2018,1721322021
2018,1721322046
2018,1722102030
2018,1722104020
2018,1722104021
2018,1722107100
2018,1722107101
2018,1722303052
2018,1722303053
2018,1722303054
2018,1722303055
2018,1722303056
2018,1722303057
2018,1722303058
2018,1722303078
2018,1722303079
2018,1722303080
2018,1722303081
2018,1722303082
2018,1722309131
2018,1722309138
2018,1728132022
2018,1729331016
2018,1729331017
2018,1729402001
2018,1729408006
2018,1729418036
2018,1729418049
2018,1729419017
2018,1729419018
2018,1729419019
2018,1729419038
2018,1729419039
2018,1729419040
2018,1729419047
2018,1729419048
2018,1729419057
2018,1729419058
2018,1729420026
2018,1729422042
2018,1729422043
2018,1729423025
2018,1729425037
2018,1729425089
2018,1730122036
2018,1731116029
2018,1731217028
2018,1731217029
2018,1731217030
2018,1731217031
2018,1731301011
2018,1731316046
2018,1731420052
2018,1731420053
2018,1731420054
2018,1731420055
2018,1731420056
2018,1731425034
2018,1731425036
2018,1732215018
2018,1732215019
2018,1732216015
2018,1732216016
2018,1732216017
2018,1732216130
2018,1732217091
2018,1732219032
2018,1732411022
2018,1733104012
2018,1733111015
2018,1733208010
2018,1733208011
2018,1733208012
2018,1733208033
2018,1733210008
2018,1733305040
2018,1733308019
2018,1733318024
2018,1733321035
2018,1733324031
2018,1734104001
2018,1734104018
2018,1734110046
2018,1734116009
2018,1734116010
2018,1734116011
2018,1734121079
2018,1734121080
2018,1734310005
2018,1901111022
2018,1901214152
2018,1901215014
2018,1902311003
2018,1902408014
2018,1903309019
2018,1915322022
2018,1917100058
2018,1920211020
2018,1923208002
2018,1935328058
2018,2002300047
2018,2002300048
2018,2002300049
2018,2002300050
2018,2002300051
2018,2002300053
2018,2002300054
2018,2003115048
2018,2003115049
2018,2003115050
2018,2003115051
2018,2003208015
2018,2003208046
2018,2003208047
2018,2003210043
2018,2003212078
2018,2003212080
2018,2003212082
2018,2003218011
2018,2003218034
2018,2003220012
2018,2003221010
2018,2003225049
2018,2003305001
2018,2003305002
2018,2003305054
2018,2003309052
2018,2003309053
2018,2003311054
2018,2003315023
2018,2003315027
2018,2003315033
2018,2003315050
2018,2003317042
2018,2003320032
2018,2003320033
2018,2003321045
2018,2003321046
2018,2003323001
2018,2003403047
2018,2003403048
2018,2003409021
2018,2003417051
2018,2003417052
2018,2003419068
2018,2003423050
2018,2003425017
2018,2003425018
2018,2003425034
2018,2003425036
2018,2003426016
2018,2003426046
2018,2003426047
2018,2004110027
2018,2004115028
2018,2004115040
2018,2004115051
2018,2004129043
2018,2004129047
2018,2004129048
2018,2004129050
2018,2004129052
2018,2004129054
2018,2004202005
2018,2004307037
2018,2004313010
2018,2004313024
2018,2004316040
2018,2004319042
2018,2004322016
2018,2004322023
2018,2004330027
2018,2010116032
2018,2010116033
2018,2010119028
2018,2010210034
2018,2010219036
2018,2012107015
2018,2012107017
2018,2012107018
2018,2012107019
2018,2014222033
2018,2014307001
2018,2014307022
2018,2014311005
2018,2014312036
2018,2014312037
2018,2014412007
2018,2014412021
2018,2015310013
2018,2015310014
2018,2015310015
2018,2015310016
2018,2015310017
2018,2015315004
2018,2015315008
2018,2015315009
2018,2015413022
2018,2019105047
2018,2023213110
2018,2413115003
2018,2413115043
2018,2414208013
2018,2414213005
2018,2414213006
2018,2414415042
2018,2423202060
2018,2423210085
2018,2501324039
2018,2505119016
2018,2505119018
2018,2505119019
2018,2505119020
2018,2505119021
2018,2505119022
2018,2505119030
2018,2505119031
2018,2507320025
2018,2522210002
2018,2528108026
2019,0925404049
2019,0936307012
2019,1025305005
2019,1025305006
2019,1025321025
2019,1025321026
2019,1029304019
2019,1032116030
2019,1032209055
2019,1032408014
2019,1036230051
2019,1036300074
2019,1131117002
2019,1131117012
2019,1131206001
2019,1132118018
2019,1132331036
2019,1201109041
2019,1201315048
2019,1212118015
2019,1212118046
2019,1212118047
2019,1223428008
2019,1224232028
2019,1224326015
2019,1301120023
2019,1301228025
2019,1302209045
2019,1302209046
2019,1303225015
2019,1303225022
2019,1303225023
2019,1303225039
2019,1303314064
2019,1303325022
2019,1303325068
2019,1303401019
2019,1303402002
2019,1304208041
2019,1304208042
2019,1305114045
2019,1305114046
2019,1305400001
2019,1306215003
2019,1306415001
2019,1307122030
2019,1308103030
2019,1308210073
2019,1308215051
2019,1308304003
2019,1309301019
2019,1309309032
2019,1309419012
2019,1310403048
2019,1310427016
2019,1310427039
2019,1310427040
2019,1312406046
2019,1313317010
2019,1313318008
2019,1313322026
2019,1313404049
2019,1313407029
2019,1313408051
2019,1313408052
2019,1313408053
2019,1313408054
2019,1313408055
2019,1313408056
2019,1313408057
2019,1313414008
2019,1313414020
2019,1313416009
2019,1313418003
2019,1314124006
2019,1314124045
2019,1314124046
2019,1314225011
2019,1314301015
2019,1314306033
2019,1314311025
2019,1314311031
2019,1314311032
2019,1314314032
2019,1314319009
2019,1314332028
2019,1314402005
2019,1314402006
2019,1314402007
2019,1314402008
2019,1314417002
2019,1314419011
2019,1314419013
2019,1314429047
2019,1315415004
2019,1315418024
2019,1316106020
2019,1316106021
2019,1316106039
2019,1316106041
2019,1316106042
2019,1316127041
2019,1316127042
2019,1316230032
2019,1316230033
2019,1317118017
2019,1319412008
2019,1320125014
2019,1322122031
2019,1322122032
2019,1322203028
2019,1322211011
2019,1322216003
2019,1322216004
2019,1322302004
2019,1322304030
2019,1322307012
2019,1322307042
2019,1322307043
2019,1322313012
2019,1322400013
2019,1322425014
2019,1322425016
2019,1323223018
2019,1323307034
2019,1323307035
2019,1323330031
2019,1323406040
2019,1323408045
2019,1323408046
2019,1323409022
2019,1324122006
2019,1324122013
2019,1324131052
2019,1324205041
2019,1324205042
2019,1324208016
2019,1325120042
2019,1325203030
2019,1325218048
2019,1325228040
2019,1325228041
2019,1325302024
2019,1325310011
2019,1325314064
2019,1325314074
2019,1325314075
2019,1325322021
2019,1325419011
2019,1325426020
2019,1325427016
2019,1325428046
2019,1326127009
2019,1326216006
2019,1326216062
2019,1326218062
2019,1326302014
2019,1326320030
2019,1326410034
2019,1327207030
2019,1327207031
2019,1327207032
2019,1327207033
2019,1327207034
2019,1327207035
2019,1327207036
2019,1327207037
2019,1327207046
2019,1327207047
2019,1327207048
2019,1327207049
2019,1327207050
2019,1327207051
2019,1328300059
2019,1328312008
2019,1329426031
2019,1330125037
2019,1330134007
2019,1331106023
2019,1331208010
2019,1333313005
2019,1334123042
2019,1335108006
2019,1335112011
2019,1335122033
2019,1335204027
2019,1335229010
2019,1335232027
2019,1335232028
2019,1335300036
2019,1335303023
2019,1335320033
2019,1335325050
2019,1335325051
2019,1335325052
2019,1335400047
2019,1335415031
2019,1335416013
2019,1335420049
2019,1336108038
2019,1336216010
2019,1336221078
2019,1336223018
2019,1336229049
2019,1336229050
2019,1336229051
2019,1336233023
2019,1336233036
2019,1336303011
2019,1336310014
2019,1336318006
2019,1336325018
2019,1336326024
2019,1336401001
2019,1336404026
2019,1336404027
2019,1336409025
2019,1336409037
2019,1336409039
2019,1336410003
2019,1336414056
2019,1336422005
2019,1336422031
2019,1336432025
2019,1336432028
2019,1405200001
2019,1405200002
2019,1406215046
2019,1406401065
2019,1406409086
2019,1406409087
2019,1407106003
2019,1407106004
2019,1407213038
2019,1407311002
2019,1407325020
2019,1407407032
2019,1407407033
2019,1407408086
2019,1408101044
2019,1408309022
2019,1408309025
2019,1408309026
2019,1408309027
2019,1408400001
2019,1408400002
2019,1417100001
2019,1417225021
2019,1417225039
2019,1417225040
2019,1417313029
2019,1417404070
2019,1418109003
2019,1418114014
2019,1418114021
2019,1418119012
2019,1418131009
2019,1418209029
2019,1418209030
2019,1418214007
2019,1418215002
2019,1418218030
2019,1418300033
2019,1418303008
2019,1418303009
2019,1418308014
2019,1418315034
2019,1418316048
2019,1418317037
2019,1418318030
2019,1418318031
2019,1418319003
2019,1418324019
2019,1418324022
2019,1418326002
2019,1418326012
2019,1418402063
2019,1418403011
2019,1418403029
2019,1418409022
2019,1418412040
2019,1418412041
2019,1418415035
2019,1418416003
2019,1418424019
2019,1419110036
2019,1419114011
2019,1419116026
2019,1419122027
2019,1419124022
2019,1419128012
2019,1419207013
2019,1419208013
2019,1419214048
2019,1419224033
2019,1419224034
2019,1419304013
2019,1419304029
2019,1419306019
2019,1419307030
2019,1419310034
2019,1419311002
2019,1419314003
2019,1419314013
2019,1419314030
2019,1419320023
2019,1419321024
2019,1419401006
2019,1419408007
2019,1419409020
2019,1419409021
2019,1419418026
2019,1419418027
2019,1419418034
2019,1419435029
2019,1419435030
2019,1420106044
2019,1420108034
2019,1420112016
2019,1420115025
2019,1420119027
2019,1420120011
2019,1420122017
2019,1420123004
2019,1420123005
2019,1420202007
2019,1420202008
2019,1420218023
2019,1420218024
2019,1420311016
2019,1420316027
2019,1420329005
2019,1420329042
2019,1420402010
2019,1420404030
2019,1420404031
2019,1420407031
2019,1420418020
2019,1421314033
2019,1421314034
2019,1428104084
2019,1428310024
2019,1428311016
2019,1428311017
2019,1429112014
2019,1429112034
2019,1429114007
2019,1429118042
2019,1429204004
2019,1429204047
2019,1429305065
2019,1429407120
2019,1429413012
2019,1429420044
2019,1430106056
2019,1430114025
2019,1430117029
2019,1430118071
2019,1430122027
2019,1430122028
2019,1430122029
2019,1430122030
2019,1430122046
2019,1430206024
2019,1430207014
2019,1430219028
2019,1430403272
2019,1430404014
2019,1430407048
2019,1430410014
2019,1430410015
2019,1431113010
2019,1431113038
2019,1431121005
2019,1431121010
2019,1431215008
2019,1431316004
2019,1431319001
2019,1431319002
2019,1431326084
2019,1431415020
2019,1431420031
2019,1432127006
2019,1432219051
2019,1432220005
2019,1432221024
2019,1432408037
2019,1432408052
2019,1432410005
2019,1432410027
2019,1432412051
2019,1433128086
2019,1433208023
2019,1433208024
2019,1433300011
2019,1433301077
2019,1433301122
2019,1433302170
2019,1433303163
2019,1433303167
2019,1433308031
2019,1433309034
2019,1433310080
2019,1433314021
2019,1601208011
2019,1601209028
2019,1601215015
2019,1601221004
2019,1601221037
2019,1601221038
2019,1601221039
2019,1601326007
2019,1601422032
2019,1602227010
2019,1603222009
2019,1604100022
2019,1604217018
2019,1605207016
2019,1605213021
2019,1608218024
2019,1608218025
2019,1611102018
2019,1611102019
2019,1611102020
2019,1612203023
2019,1612203033
2019,1612308009
2019,1612418019
2019,1613206010
2019,1613206011
2019,1613232020
2019,1613234018
2019,1613406048
2019,1613410042
2019,1613410044
2019,1613410045
2019,1613410046
2019,1613410047
2019,1613410049
2019,1613410051
2019,1613410052
2019,1613410055
2019,1613410056
2019,1613412023
2019,1613424007
2019,1613428021
2019,1613428022
2019,1613428023
2019,1613428024
2019,1613428025
2019,1613428041
2019,1613428042
2019,1613428045
2019,1613428046
2019,1613428049
2019,1635405044
2019,1636317003
2019,1636317004
2019,1636317005
2019,1636318003
2019,1636320010
2019,1636404014
2019,1636412002
2019,1636414063
2019,1636417025
2019,1636417049
2019,1636417050
2019,1636417051
2019,1636417052
2019,1636417053
2019,1636417054
2019,1636429019
2019,1636429020
2019,1636429021
2019,1636429022
2019,1636429025
2019,1636429026
2019,1636429029
2019,1636429030
2019,1704103048
2019,1704104018
2019,1704200012
2019,1704202017
2019,1704202035
2019,1704202106
2019,1704205048
2019,1704205058
2019,1704205059
2019,1704205060
2019,1704206010
2019,1704223034
2019,1704324117
2019,1704324118
2019,1704436013
2019,1704436014
2019,1705115073
2019,1705115074
2019,1705115098
2019,1705308060
2019,1705328018
2019,1705328019
2019,1706211035
2019,1706234053
2019,1706235142
2019,1706235146
2019,1706433024
2019,1707111012
2019,1707112051
2019,1707201002
2019,1707207026
2019,1707208040
2019,1707216006
2019,1707216022
2019,1707224007
2019,1707325011
2019,1707430001
2019,1707430002
2019,1707430003
2019,1707430004
2019,1707430005
2019,1707430006
2019,1707430007
2019,1707430008
2019,1707430009
2019,1707430010
2019,1708114089
2019,1708207002
2019,1708207006
2019,1708207011
2019,1708207012
2019,1708207013
2019,1708207014
2019,1708207015
2019,1708207019
2019,1708207020
2019,1708207021
2019,1708207022
2019,1708207023
2019,1708324005
2019,1708324006
2019,1708324007
2019,1708324008
2019,1708324012
2019,1708332001
2019,1708332002
2019,1708332003
2019,1708332004
2019,1708419005
2019,1708419006
2019,1708419007
2019,1708447041
2019,1708447042
2019,1708447043
2019,1708447044
2019,1708447045
2019,1708447046
2019,1708447047
2019,1708447048
2019,1709102022
2019,1709102023
2019,1709102024
2019,1709102025
2019,1709102029
2019,1709102030
2019,1709217017
2019,1709250003
2019,1709250004
2019,1709250005
2019,1709250006
2019,1709400035
2019,1715305061
2019,1715305062
2019,1715305063
2019,1716401021
2019,1717105012
2019,1717106030
2019,1717113040
2019,1717113047
2019,1717113049
2019,1717308015
2019,1717329079
2019,1718117007
2019,1718314026
2019,1718317016
2019,1719109016
2019,1719310026
2019,1719417031
2019,1719427006
2019,1720309018
2019,1720318017
2019,1720323025
2019,1720401042
2019,1720401043
2019,1720407045
2019,1720411001
2019,1720423019
2019,1720427026
2019,1720434012
2019,1720434013
2019,1721114030
2019,1721306025
2019,1721306029
2019,1728213021
2019,1728213022
2019,1728222035
2019,1728230015
2019,1728311020
2019,1728311022
2019,1729303005
2019,1729303006
2019,1729303007
2019,1729303008
2019,1729303009
2019,1729303010
2019,1729303011
2019,1729303012
2019,1729303013
2019,1729303014
2019,1729303015
2019,1729303016
2019,1729303017
2019,1729307075
2019,1729311028
2019,1729312023
2019,1729312024
2019,1729313021
2019,1729325045
2019,1729327043
2019,1729331014
2019,1729401027
2019,1729402041
2019,1729402042
2019,1729402043
2019,1729402044
2019,1729402045
2019,1729402046
2019,1729402047
2019,1729402048
2019,1729402049
2019,1729402050
2019,1729402051
2019,1729413014
2019,1729413015
2019,1729420044
2019,1729422083
2019,1729422084
2019,1729424004
2019,1729426032
2019,1729426049
2019,1730121004
2019,1730122030
2019,1730122031
2019,1730122032
2019,1730122033
2019,1730122034
2019,1730122035
2019,1730122037
2019,1730122038
2019,1730122039
2019,1730122040
2019,1730122041
2019,1730122042
2019,1730122043
2019,1730122044
2019,1730122045
2019,1730122046
2019,1730202031
2019,1731114049
2019,1731212022
2019,1731214036
2019,1731228002
2019,1731420016
2019,1731420051
2019,1731425047
2019,1731425048
2019,1731425049
2019,1731425050
2019,1731425051
2019,1731425052
2019,1731425053
2019,1731425054
2019,1731425056
2019,1731425057
2019,1731425059
2019,1732111042
2019,1732111043
2019,1732111044
2019,1732111045
2019,1732111046
2019,1732111047
2019,1732111048
2019,1732111073
2019,1732111074
2019,1732111075
2019,1732111076
2019,1732111077
2019,1732111078
2019,1732111079
2019,1732111080
2019,1732111081
2019,1732111082
2019,1732111083
2019,1732111084
2019,1732111085
2019,1732111086
2019,1732111087
2019,1732111088
2019,1732216035
2019,1732217040
2019,1732218032
2019,1732226001
2019,1733104056
2019,1733111014
2019,1733112024
2019,1733122073
2019,1733122074
2019,1733208035
2019,1733208036
2019,1733208037
2019,1733208038
2019,1733208039
2019,1733208040
2019,1733208041
2019,1733208043
2019,1733208044
2019,1733208045
2019,1733208046
2019,1733208047
2019,1733208048
2019,1733305053
2019,1733305054
2019,1733305057
2019,1733305060
2019,1733305062
2019,1733305063
2019,1733308008
2019,1734110070
2019,1734121117
2019,1734310007
2019,1901202006
2019,1901308023
2019,1901308024
2019,1902408013
2019,1902429017
2019,1902429018
2019,1902429019
2019,1902429020
2019,1902429021
2019,1908401077
2019,1908401078
2019,1909303049
2019,1909304026
2019,1909313003
2019,1911407030
2019,1914204010
2019,1917100054
2019,1918117001
2019,1918203032
2019,1919115043
2019,1936408060
2019,2002116014
2019,2002300046
2019,2002305019
2019,2002405100
2019,2002405101
2019,2002405102
2019,2002405103
2019,2002405104
2019,2002405105
2019,2002405106
2019,2002405107
2019,2002405108
2019,2002405109
2019,2002405110
2019,2002405111
2019,2002405112
2019,2002405113
2019,2002405114
2019,2002405115
2019,2002405116
2019,2002405117
2019,2002405118
2019,2002405119
2019,2003102017
2019,2003102018
2019,2003111005
2019,2003207007
2019,2003212079
2019,2003214046
2019,2003221034
2019,2003221035
2019,2003221036
2019,2003221037
2019,2003305044
2019,2003305045
2019,2003305046
2019,2003305047
2019,2003305048
2019,2003305050
2019,2003305051
2019,2003305053
2019,2003309054
2019,2003311018
2019,2003316020
2019,2003323031
2019,2003401052
2019,2003401054
2019,2003401056
2019,2003401057
2019,2003401059
2019,2003401060
2019,2003401061
2019,2003402004
2019,2003402005
2019,2003419031
2019,2003419038
2019,2003419052
2019,2003419055
2019,2003423013
2019,2003423052
2019,2003423053
2019,2003425035
2019,2003426010
2019,2003426011
2019,2003428008
2019,2004110035
2019,2004110036
2019,2004123009
2019,2004123022
2019,2004123023
2019,2004129033
2019,2004201014
2019,2004307038
2019,2004314031
2019,2004319034
2019,2004329045
2019,2004330026
2019,2004331008
2019,2004331017
2019,2004332005
2019,2004332050
2019,2010102020
2019,2010102021
2019,2010102034
2019,2010102035
2019,2010104039
2019,2010210049
2019,2010219034
2019,2010219035
2019,2010219037
2019,2010310023
2019,2011205042
2019,2011205043
2019,2011205044
2019,2011205045
2019,2011205046
2019,2011205047
2019,2011205048
2019,2011205049
2019,2011205050
2019,2011205051
2019,2011205052
2019,2011205053
2019,2011205054
2019,2011205055
2019,2011213042
2019,2011327010
2019,2011402005
2019,2014309024
2019,2014309025
2019,2014309026
2019,2014309027
2019,2014310087
2019,2014313022
2019,2014412006
2019,2014412011
2019,2014412042
2019,2014412043
2019,2015101008
2019,2015101009
2019,2015101010
2019,2015101011
2019,2015404039
2019,2015404040
2019,2023101013
2019,2023102013
2019,2023111005
2019,2023111006
2019,2023125014
2019,2023200018
2019,2023200023
2019,2023213107
2019,2023213108
2019,2023222016
2019,2023222041
2019,2023222042
2019,2031227010
2019,2413104040
2019,2413300066
2019,2414103103
2019,2414111096
2019,2414112038
2019,2414218040
2019,2414408028
2019,2423212082
2019,2423212105
2019,2505304047
2019,2505304048
2019,2507411006
2019,2517122014
2019,2517122015
2019,2517122016
2019,2517122017
2019,2517122018
2019,2517122020
2019,2517122023
2019,2528101029
2019,2528102009
2019,2528102012
2019,2528102013
2019,2528102014
2019,2528108027
2019,2528108028
2019,2528108029
2019,2528108030
2019,2528108031
2019,2528108044
2019,2631214045
2020,0936202027
2020,0936203009
2020,0936314033
2020,1201113029
2020,1212111021
2020,1303205023
2020,1303225016
2020,1303225018
2020,1303307058
2020,1303401011
2020,1306116005
2020,1306224003
2020,1306409037
2020,1307102019
2020,1307126001
2020,1309109008
2020,1309309033
2020,1309317007
2020,1309417008
2020,1309417034
2020,1313121022
2020,1313302015
2020,1313404053
2020,1313407003
2020,1314109026
2020,1314306029
2020,1314324009
2020,1314331030
2020,1314332029
2020,1314332030
2020,1314413029
2020,1317112008
2020,1317208042
2020,1321201012
2020,1321404092
2020,1321404093
2020,1322221034
2020,1323213040
2020,1323306010
2020,1323406041
2020,1324114003
2020,1324121028
2020,1324131053
2020,1325120043
2020,1325421023
2020,1325428013
2020,1326218066
2020,1326304009
2020,1327207038
2020,1327207039
2020,1327207040
2020,1327207041
2020,1327207042
2020,1327207043
2020,1327207044
2020,1327207045
2020,1331205018
2020,1331214001
2020,1331500002
2020,1335212014
2020,1335229017
2020,1335232030
2020,1335326012
2020,1335400048
2020,1336106035
2020,1336108028
2020,1336202002
2020,1336205026
2020,1336206006
2020,1336216037
2020,1336231009
2020,1336233035
2020,1336300019
2020,1336300020
2020,1336314038
2020,1336323003
2020,1336326042
2020,1336406013
2020,1336408051
2020,1336413036
2020,1336414042
2020,1336414043
2020,1405208007
2020,1405208033
2020,1405304004
2020,1405310025
2020,1407104013
2020,1407106005
2020,1407107019
2020,1407215017
2020,1407321042
2020,1407321043
2020,1408108058
2020,1417229003
2020,1418127023
2020,1418133009
2020,1418204009
2020,1418218029
2020,1418306017
2020,1418315027
2020,1418316003
2020,1418324018
2020,1418405003
2020,1418407028
2020,1418412038
2020,1418412039
2020,1418412042
2020,1418412043
2020,1418412044
2020,1418412045
2020,1418415005
2020,1419101026
2020,1419116030
2020,1419128004
2020,1419214014
2020,1419221021
2020,1419227036
2020,1419227037
2020,1419302038
2020,1419308022
2020,1419314012
2020,1419318020
2020,1419321052
2020,1419427022
2020,1419428028
2020,1420102021
2020,1420120010
2020,1420300031
2020,1420300032
2020,1420300033
2020,1420417004
2020,1420417005
2020,1421102043
2020,1428311100
2020,1428312093
2020,1429124056
2020,1429124057
2020,1429125024
2020,1429227012
2020,1429305021
2020,1430105019
2020,1430111035
2020,1430111049
2020,1430111050
2020,1430123006
2020,1430123010
2020,1430302025
2020,1430302027
2020,1430407031
2020,1431134033
2020,1431138011
2020,1431138012
2020,1431311004
2020,1431311005
2020,1431322046
2020,1431424042
2020,1431424048
2020,1431424049
2020,1432126036
2020,1432215029
2020,1433123015
2020,1433301066
2020,1433301067
2020,1433309033
2020,1433310045
2020,1433310047
2020,1601209030
2020,1601325041
2020,1601408029
2020,1602110027
2020,1602200009
2020,1602200010
2020,1611226021
2020,1612109005
2020,1612209023
2020,1612214059
2020,1612325012
2020,1613206012
2020,1613206074
2020,1613206075
2020,1613206076
2020,1613206077
2020,1613206079
2020,1613411023
2020,1613412025
2020,1613415035
2020,1613428044
2020,1635412001
2020,1636316026
2020,1636316027
2020,1636318044
2020,1636318045
2020,1636404031
2020,1636414069
2020,1636429023
2020,1636429024
2020,1636429027
2020,1636429028
2020,1704202037
2020,1704204004
2020,1704204005
2020,1704204006
2020,1704215050
2020,1704451006
2020,1705110062
2020,1706213047
2020,1706218054
2020,1707115014
2020,1707117036
2020,1707120040
2020,1707212017
2020,1708204001
2020,1708204002
2020,1708204003
2020,1708204004
2020,1708204005
2020,1708204006
2020,1708204026
2020,1708204031
2020,1708204037
2020,1708204038
2020,1708205012
2020,1708205013
2020,1708205021
2020,1708220019
2020,1708220020
2020,1708332008
2020,1708332011
2020,1710218014
2020,1710306019
2020,1715305015
2020,1715305016
2020,1716100049
2020,1716401022
2020,1716401023
2020,1716405011
2020,1716405099
2020,1717322013
2020,1717420014
2020,1718101011
2020,1718101012
2020,1718101063
2020,1718328043
2020,1719301033
2020,1719301034
2020,1719324001
2020,1719324002
2020,1719416034
2020,1719429041
2020,1720127004
2020,1720127005
2020,1720127006
2020,1720127007
2020,1720127008
2020,1720127009
2020,1720127010
2020,1720127011
2020,1720127012
2020,1720127013
2020,1720127014
2020,1720127015
2020,1720127016
2020,1720127018
2020,1720301016
2020,1720316043
2020,1720316044
2020,1720316045
2020,1720407056
2020,1720407057
2020,1721324005
2020,1721324006
2020,1721324007
2020,1721324019
2020,1722108099
2020,1722108102
2020,1722318029
2020,1722318030
2020,1728305024
2020,1728309023
2020,1728312042
2020,1728314010
2020,1728315020
2020,1728425006
2020,1729414035
2020,1729418037
2020,1729418038
2020,1729418048
2020,1729418050
2020,1729424055
2020,1730122048
2020,1730122049
2020,1730122050
2020,1730122051
2020,1730122052
2020,1730122053
2020,1730122054
2020,1730122055
2020,1730122056
2020,1730122057
2020,1730122058
2020,1730122059
2020,1730122060
2020,1730122061
2020,1730122062
2020,1730122063
2020,1730122064
2020,1731118034
2020,1731214038
2020,1731214039
2020,1731301012
2020,1732216036
2020,1732217088
2020,1732226042
2020,1733104055
2020,1733104057
2020,1733121040
2020,1733208034
2020,1733208042
2020,1733305056
2020,1733305058
2020,1733305059
2020,1734110069
2020,1734310006
2020,1734311018
2020,1734410016
2020,1901215052
2020,1910107014
2020,1910107015
2020,1910107016
2020,1910107017
2020,1910107018
2020,1910107021
2020,1910107022
2020,1910107051
2020,1910107052
2020,1917100060
2020,1918117038
2020,2002300052
2020,2002302040
2020,2002303019
2020,2003111040
2020,2003111041
2020,2003218046
2020,2003218052
2020,2003305049
2020,2003305052
2020,2003311053
2020,2003315034
2020,2003315051
2020,2003323032
2020,2003323033
2020,2003323034
2020,2003401053
2020,2003401058
2020,2003416012
2020,2004123038
2020,2004123039
2020,2004123044
2020,2004306015
2020,2004319029
2020,2010211025
2020,2010211026
2020,2014306014
2020,2014306024
2020,2014306025
2020,2014306026
2020,2014306027
2020,2014306028
2020,2014311029
2020,2017421022
2020,2023102017
2020,2023105005
2020,2023105006
2020,2413307021
2020,2413406021
2020,2414208012
2020,2414408027
2020,2517122013
2020,2517122019
2020,2517122021
2020,2517124007
2020,2517125001
2020,2528102010
2020,2528102015
2021,0936200011
2021,0936200012
2021,0936203047
2021,0936210008
2021,0936314017
2021,0936325043
2021,0936325044
2021,1025319016
2021,1025319017
2021,1025320005
2021,1025320039
2021,1031411005
2021,1032412030
2021,1033328021
2021,1036103038
2021,1036108007
2021,1036108036
2021,1130413007
2021,1132320006
2021,1201105091
2021,1201105092
2021,1201404011
2021,1211211098
2021,1223220025
2021,1223225019
2021,1223426006
2021,1224308017
2021,1224311041
2021,1224415040
2021,1301103068
2021,1301103069
2021,1301103070
2021,1301311049
2021,1302115028
2021,1302217012
2021,1303226003
2021,1305114047
2021,1305114048
2021,1305302033
2021,1306103052
2021,1307206029
2021,1307211016
2021,1307310004
2021,1307411033
2021,1308122017
2021,1308210072
2021,1308425045
2021,1308427042
2021,1308427043
2021,1308427044
2021,1308427045
2021,1309100033
2021,1309131006
2021,1309301018
2021,1309310048
2021,1309313025
2021,1309314011
2021,1309328014
2021,1309421033
2021,1309421034
2021,1310421031
2021,1310421032
2021,1310421033
2021,1310421034
2021,1310421035
2021,1312218026
2021,1312406009
2021,1313105021
2021,1313320010
2021,1313327025
2021,1313330025
2021,1313401015
2021,1313407020
2021,1313408033
2021,1313408048
2021,1313417027
2021,1313418012
2021,1313418044
2021,1314107020
2021,1314211010
2021,1314214022
2021,1314302024
2021,1314302025
2021,1314310012
2021,1314332042
2021,1314418033
2021,1314429026
2021,1315113050
2021,1315130018
2021,1315408032
2021,1315418031
2021,1315418032
2021,1315424045
2021,1316109019
2021,1316109052
2021,1316109053
2021,1317123010
2021,1317208045
2021,1317208046
2021,1317302112
2021,1317302113
2021,1317311044
2021,1317314043
2021,1317427020
2021,1320301027
2021,1320328012
2021,1320328013
2021,1320328014
2021,1320328015
2021,1321415026
2021,1322218010
2021,1322221002
2021,1322307017
2021,1322317005
2021,1322407012
2021,1322434030
2021,1322434031
2021,1322435022
2021,1322435023
2021,1322435024
2021,1322435025
2021,1322435026
2021,1322435036
2021,1322435037
2021,1323218006
2021,1323218007
2021,1323227036
2021,1323320010
2021,1323331035
2021,1324117028
2021,1324320038
2021,1325104009
2021,1325104010
2021,1325104011
2021,1325104012
2021,1325104013
2021,1325104014
2021,1325108016
2021,1325108018
2021,1325109023
2021,1325228042
2021,1325228043
2021,1325305012
2021,1325310003
2021,1325322019
2021,1325409011
2021,1325417012
2021,1325419019
2021,1325421018
2021,1325422018
2021,1325428005
2021,1326211016
2021,1326215109
2021,1326215110
2021,1326227046
2021,1326227047
2021,1326329030
2021,1326405004
2021,1326408045
2021,1330225041
2021,1330225042
2021,1331209022
2021,1332412001
2021,1334202029
2021,1334217029
2021,1335222001
2021,1335227001
2021,1335230006
2021,1335232029
2021,1335235018
2021,1335304025
2021,1335313022
2021,1335315034
2021,1335315037
2021,1335316015
2021,1335401038
2021,1335401057
2021,1335401058
2021,1335401059
2021,1335404031
2021,1335407001
2021,1335407002
2021,1335407003
2021,1335407041
2021,1335418010
2021,1335422047
2021,1336101023
2021,1336106039
2021,1336107050
2021,1336108029
2021,1336203018
2021,1336203019
2021,1336205027
2021,1336211004
2021,1336213028
2021,1336230082
2021,1336233024
2021,1336314014
2021,1336316021
2021,1336328031
2021,1336328035
2021,1336329015
2021,1336331010
2021,1336406048
2021,1336406053
2021,1336406057
2021,1336413052
2021,1336416006
2021,1336420046
2021,1336424013
2021,1336424042
2021,1336424043
2021,1336424044
2021,1336424045
2021,1336424046
2021,1336424047
2021,1336424048
2021,1406203021
2021,1406203022
2021,1406216022
2021,1406216023
2021,1406216025
2021,1406409088
2021,1406410018
2021,1406410048
2021,1407300023
2021,1407304011
2021,1407313004
2021,1407317030
2021,1407321038
2021,1407325023
2021,1408305054
2021,1408317040
2021,1417101018
2021,1417201007
2021,1417203016
2021,1418108012
2021,1418121030
2021,1418203021
2021,1418203044
2021,1418203045
2021,1418210065
2021,1418221045
2021,1418309016
2021,1418309021
2021,1418309042
2021,1418309043
2021,1418313016
2021,1418316047
2021,1418320012
2021,1418320013
2021,1418324034
2021,1418324045
2021,1418329021
2021,1418401004
2021,1418403030
2021,1418404005
2021,1418409023
2021,1419101023
2021,1419102027
2021,1419110012
2021,1419112031
2021,1419113010
2021,1419113011
2021,1419113040
2021,1419128018
2021,1419201004
2021,1419208012
2021,1419211025
2021,1419223024
2021,1419225022
2021,1419225023
2021,1419225041
2021,1419231011
2021,1419303025
2021,1419303030
2021,1419305018
2021,1419310037
2021,1419312021
2021,1419314001
2021,1419317026
2021,1419318014
2021,1419318019
2021,1419321053
2021,1419322039
2021,1419323024
2021,1419328008
2021,1419329015
2021,1419407009
2021,1419412002
2021,1419423032
2021,1419429005
2021,1419435041
2021,1420106007
2021,1420113042
2021,1420119035
2021,1420206001
2021,1420206002
2021,1420215029
2021,1420218010
2021,1420220001
2021,1420220002
2021,1420314004
2021,1420316037
2021,1420317002
2021,1420317003
2021,1420319015
2021,1420319020
2021,1420322039
2021,1420324024
2021,1420330018
2021,1420330019
2021,1420330020
2021,1420400002
2021,1420400003
2021,1420408022
2021,1420411008
2021,1420418036
2021,1420420046
2021,1420426006
2021,1421106047
2021,1421106048
2021,1421308005
2021,1421309027
2021,1428115021
2021,1428300034
2021,1428312020
2021,1428312028
2021,1428312029
2021,1428312094
2021,1429101048
2021,1429103009
2021,1429103010
2021,1429103023
2021,1429109006
2021,1429109007
2021,1429109008
2021,1429113020
2021,1429115038
2021,1429120039
2021,1429120040
2021,1429121015
2021,1429122036
2021,1429123019
2021,1429126020
2021,1429128034
2021,1429129025
2021,1429206037
2021,1429300071
2021,1429300073
2021,1429300121
2021,1429301003
2021,1429301004
2021,1429301005
2021,1429301031
2021,1429301106
2021,1429302009
2021,1429303022
2021,1429305026
2021,1429306002
2021,1429308023
2021,1429310035
2021,1429315002
2021,1429315007
2021,1429315008
2021,1429322020
2021,1429403010
2021,1429409039
2021,1429409040
2021,1429412012
2021,1429418017
2021,1429420048
2021,1429420049
2021,1429425017
2021,1430101039
2021,1430103004
2021,1430103005
2021,1430106024
2021,1430106057
2021,1430107013
2021,1430108038
2021,1430108040
2021,1430109005
2021,1430111002
2021,1430121011
2021,1430121020
2021,1430122025
2021,1430207040
2021,1430210004
2021,1430219017
2021,1430220043
2021,1430222002
2021,1430314046
2021,1430315011
2021,1430315017
2021,1430404049
2021,1431116037
2021,1431117027
2021,1431118022
2021,1431118030
2021,1431124047
2021,1431124049
2021,1431126017
2021,1431128026
2021,1431132010
2021,1431134036
2021,1431134037
2021,1431212020
2021,1431212021
2021,1431216046
2021,1431301024
2021,1431305012
2021,1431305035
2021,1431411046
2021,1431413007
2021,1431420014
2021,1431425039
2021,1432113009
2021,1432210032
2021,1432211027
2021,1432212033
2021,1432214013
2021,1432215031
2021,1432219018
2021,1432220031
2021,1432226005
2021,1432403012
2021,1432403060
2021,1432403061
2021,1432408042
2021,1432409012
2021,1432409013
2021,1432409014
2021,1432411008
2021,1432412050
2021,1432413014
2021,1433109012
2021,1433300021
2021,1433300022
2021,1433300023
2021,1433300024
2021,1433303152
2021,1433304025
2021,1433304055
2021,1433305036
2021,1433306009
2021,1601210042
2021,1601215025
2021,1601224016
2021,1601325052
2021,1601402033
2021,1601415018
2021,1601420013
2021,1601424027
2021,1601424039
2021,1602118029
2021,1602204032
2021,1602226017
2021,1602226043
2021,1602226044
2021,1602414039
2021,1602414040
2021,1602420019
2021,1603216043
2021,1603228038
2021,1603232018
2021,1603406035
2021,1604416004
2021,1604425001
2021,1605406012
2021,1608203009
2021,1609107033
2021,1609107034
2021,1609107035
2021,1609107036
2021,1611131025
2021,1611207004
2021,1612107009
2021,1612107010
2021,1612218017
2021,1612218018
2021,1612218019
2021,1612320034
2021,1612327003
2021,1612331047
2021,1612418024
2021,1613109011
2021,1613124006
2021,1613132050
2021,1613132051
2021,1613132052
2021,1613132053
2021,1613132054
2021,1613132055
2021,1613132056
2021,1613319003
2021,1613403023
2021,1613406026
2021,1613406027
2021,1613406028
2021,1613406038
2021,1613406041
2021,1613410043
2021,1613410048
2021,1613410050
2021,1613410053
2021,1613410054
2021,1613411022
2021,1613411032
2021,1613412024
2021,1613428019
2021,1613428020
2021,1624207047
2021,1624401028
2021,1626101022
2021,1626209044
2021,1626412013
2021,1626425019
2021,1627233004
2021,1635409035
2021,1636313035
2021,1636318029
2021,1636322047
2021,1704202019
2021,1704202022
2021,1704212001
2021,1704212002
2021,1704212003
2021,1704212004
2021,1704212005
2021,1704212038
2021,1704212046
2021,1704311042
2021,1704311043
2021,1704311044
2021,1704311045
2021,1704451008
2021,1705301031
2021,1705301032
2021,1705308023
2021,1705325035
2021,1705325036
2021,1705414007
2021,1705414008
2021,1706100002
2021,1706100003
2021,1706114006
2021,1706118040
2021,1706200044
2021,1706200045
2021,1706215041
2021,1706221031
2021,1706221032
2021,1706235154
2021,1706235155
2021,1706235156
2021,1706235157
2021,1706235158
2021,1706235160
2021,1706235161
2021,1706235162
2021,1706235163
2021,1706235164
2021,1706235165
2021,1706403006
2021,1706403007
2021,1706407012
2021,1707110016
2021,1707120012
2021,1707206003
2021,1707206021
2021,1707207014
2021,1707217028
2021,1707219017
2021,1707325031
2021,1708126012
2021,1708132046
2021,1708436001
2021,1708436002
2021,1709131004
2021,1709206039
2021,1709242005
2021,1709242009
2021,1709242010
2021,1710130027
2021,1710300030
2021,1710306021
2021,1710400054
2021,1717102043
2021,1717106020
2021,1717106021
2021,1717106034
2021,1717208001
2021,1717208002
2021,1717208005
2021,1717208006
2021,1717208007
2021,1717208008
2021,1717208009
2021,1717208010
2021,1717208016
2021,1717208017
2021,1717208018
2021,1717214005
2021,1717214006
2021,1717229013
2021,1717229014
2021,1717229015
2021,1717229016
2021,1717229050
2021,1717301025
2021,1717410027
2021,1718103014
2021,1718103015
2021,1718123068
2021,1719306049
2021,1719320042
2021,1719415019
2021,1719423028
2021,1719424031
2021,1720125012
2021,1720125013
2021,1720125014
2021,1720125015
2021,1720310005
2021,1720411002
2021,1720419006
2021,1721318002
2021,1727115001
2021,1727115002
2021,1727115003
2021,1727115004
2021,1727400007
2021,1727400009
2021,1727407057
2021,1727407058
2021,1727407060
2021,1727407061
2021,1728131036
2021,1728132021
2021,1728209007
2021,1728209017
2021,1728220030
2021,1728233021
2021,1728300028
2021,1728401020
2021,1728432002
2021,1728432019
2021,1729327044
2021,1729402061
2021,1729402062
2021,1729402063
2021,1729402064
2021,1729402066
2021,1729402067
2021,1729402068
2021,1729402069
2021,1729410029
2021,1729422085
2021,1729422086
2021,1729424001
2021,1729424042
2021,1731116015
2021,1731120030
2021,1731406011
2021,1731412032
2021,1731427001
2021,1732113006
2021,1732216105
2021,1732217075
2021,1732225018
2021,1733110006
2021,1733120084
2021,1733121045
2021,1733122026
2021,1733208001
2021,1733208002
2021,1733208003
2021,1733208004
2021,1733208050
2021,1733208051
2021,1733208052
2021,1733208053
2021,1733208054
2021,1733208055
2021,1733208056
2021,1733208057
2021,1733208058
2021,1733208059
2021,1733208060
2021,1733208061
2021,1733305055
2021,1733305061
2021,1733305064
2021,1733309049
2021,1733312022
2021,1733316033
2021,1734120035
2021,1734121136
2021,1734121137
2021,1734121138
2021,1734121139
2021,1734121140
2021,1734312013
2021,1734318005
2021,1901417039
2021,1907309024
2021,1907412038
2021,1909313010
2021,1935319023
2021,1935319024
2021,1935319025
2021,2002314004
2021,2002400056
2021,2002400057
2021,2002404056
2021,2002404057
2021,2003103007
2021,2003108043
2021,2003108044
2021,2003110031
2021,2003110033
2021,2003110051
2021,2003110052
2021,2003116036
2021,2003116037
2021,2003116038
2021,2003116039
2021,2003116040
2021,2003116041
2021,2003117036
2021,2003117037
2021,2003117038
2021,2003117039
2021,2003117040
2021,2003117041
2021,2003207019
2021,2003207041
2021,2003207042
2021,2003218051
2021,2003223012
2021,2003225055
2021,2003303011
2021,2003303035
2021,2003310036
2021,2003310037
2021,2003311017
2021,2003311056
2021,2003314021
2021,2003316003
2021,2003400032
2021,2003400033
2021,2003400084
2021,2003400085
2021,2003400086
2021,2003400087
2021,2003400088
2021,2003401055
2021,2003405014
2021,2003413051
2021,2003413055
2021,2004121019
2021,2004123040
2021,2004123041
2021,2004123042
2021,2004123043
2021,2004123045
2021,2004123047
2021,2004129017
2021,2004308018
2021,2004329040
2021,2008112048
2021,2008112049
2021,2009106047
2021,2010102038
2021,2010102039
2021,2010110037
2021,2010210023
2021,2010210024
2021,2010212010
2021,2010213021
2021,2010213023
2021,2010217059
2021,2010219005
2021,2010219033
2021,2010301029
2021,2011308011
2021,2011416011
2021,2014310086
2021,2014316001
2021,2014316024
2021,2014316025
2021,2014316039
2021,2014316040
2021,2014316041
2021,2014316042
2021,2014316043
2021,2014316044
2021,2014316045
2021,2014412014
2021,2015306045
2021,2015411039
2021,2015411040
2021,2016300086
2021,2017405035
2021,2017405036
2021,2017405041
2021,2017405046
2021,2017406018
2021,2017406035
2021,2017406043
2021,2017406046
2021,2017415041
2021,2017415042
2021,2017415043
2021,2020206045
2021,2022202012
2021,2022222029
2021,2022222030
2021,2022222045
2021,2022222055
2021,2022222056
2021,2022222057
2021,2022223012
2021,2022223018
2021,2023105078
2021,2023105079
2021,2023106096
2021,2023106097
2021,2023116036
2021,2023116037
2021,2023117024
2021,2023117044
2021,2023117045
2021,2023201023
2021,2023201038
2021,2023201039
2021,2023201040
2021,2023213109
2021,2023223022
2021,2023224016
2021,2023224017
2021,2023224018
2021,2023224019
2021,2023224020
2021,2023224021
2021,2023224022
2021,2026111012
2021,2413100001
2021,2413100002
2021,2413100003
2021,2413110048
2021,2413301011
2021,2413305022
2021,2413311014
2021,2413311015
2021,2413417036
2021,2414111046
2021,2414320014
2021,2414402010
2021,2414409014
2021,2423212109
2021,2423212112
2021,2424403022
2021,2517122004
2021,2517122006
2021,2517122008
2021,2517122022
2021,2517124001
2021,2517124002
2021,2517124003
2021,2517124008
2021,2517124009
2021,2517124010
2021,2517125002
2021,2517125003
2021,2520209002
2021,2521213029
2021,2528101030
2021,2528101036
2022,0936221004
2022,0936405017
2022,0936409026
2022,0936409027
2022,0936413024
2022,0936414035
2022,1032116033
2022,1032121021
2022,1201115004
2022,1201115005
2022,1212115015
2022,1214405077
2022,1223401018
2022,1223402021
2022,1224310031
2022,1224403001
2022,1225210008
2022,1301110011
2022,1303104012
2022,1303106020
2022,1303209029
2022,1303215025
2022,1303220023
2022,1306103054
2022,1306306035
2022,1306306038
2022,1306406016
2022,1307407034
2022,1307420008
2022,1308121023
2022,1308210074
2022,1308210075
2022,1308425083
2022,1309114009
2022,1309115026
2022,1309307013
2022,1309316040
2022,1309400025
2022,1309406029
2022,1310312006
2022,1310409012
2022,1311420007
2022,1312103089
2022,1312400076
2022,1312400077
2022,1312400078
2022,1312403047
2022,1312403048
2022,1312403049
2022,1312407048
2022,1312415045
2022,1312415046
2022,1312415064
2022,1312415065
2022,1312415066
2022,1312425004
2022,1313107014
2022,1313116010
2022,1313221004
2022,1313227020
2022,1313228011
2022,1313310016
2022,1313319041
2022,1313319042
2022,1313319043
2022,1313319044
2022,1313319045
2022,1313319046
2022,1313319047
2022,1313319048
2022,1313319049
2022,1313321007
2022,1313326027
2022,1313327017
2022,1313407035
2022,1313408047
2022,1313414032
2022,1313417028
2022,1314102045
2022,1314225024
2022,1314307038
2022,1314315033
2022,1314402020
2022,1314403021
2022,1314403035
2022,1314403036
2022,1314409008
2022,1314410033
2022,1314413041
2022,1314413042
2022,1314423030
2022,1314423031
2022,1314427015
2022,1315215027
2022,1315407024
2022,1315407050
2022,1315407051
2022,1315410016
2022,1316107030
2022,1316107031
2022,1316113042
2022,1316113043
2022,1316200030
2022,1316217020
2022,1317105109
2022,1317105111
2022,1317105112
2022,1317105113
2022,1317107023
2022,1317107165
2022,1317205012
2022,1319434052
2022,1321404094
2022,1321404095
2022,1322209013
2022,1322214015
2022,1322221037
2022,1322221038
2022,1322311006
2022,1322400028
2022,1322400029
2022,1322420025
2022,1322420026
2022,1322436041
2022,1323111031
2022,1323224016
2022,1323305034
2022,1323305035
2022,1323305036
2022,1323317034
2022,1324101035
2022,1324101036
2022,1324117047
2022,1324117048
2022,1324121026
2022,1324124017
2022,1324124018
2022,1324131051
2022,1324203029
2022,1324208021
2022,1324213015
2022,1324301016
2022,1324307021
2022,1324311043
2022,1324314062
2022,1324316016
2022,1324316017
2022,1324316018
2022,1324319022
2022,1324322031
2022,1324322032
2022,1325120024
2022,1325134018
2022,1325135016
2022,1325219005
2022,1325228038
2022,1325228039
2022,1325229011
2022,1325322014
2022,1325406018
2022,1325407011
2022,1325416029
2022,1325421006
2022,1325427012
2022,1325428008
2022,1325429027
2022,1325430009
2022,1325431001
2022,1325431007
2022,1326104023
2022,1326104024
2022,1326104025
2022,1326104026
2022,1326104027
2022,1326111014
2022,1326111015
2022,1326200012
2022,1326202033
2022,1326205036
2022,1326210030
2022,1326215077
2022,1326302039
2022,1326302040
2022,1326407013
2022,1327204001
2022,1327204002
2022,1327204003
2022,1327204004
2022,1328215002
2022,1329118039
2022,1332218027
2022,1332218028
2022,1332405036
2022,1334124013
2022,1334419017
2022,1335116030
2022,1335207008
2022,1335212009
2022,1335305013
2022,1335308026
2022,1335313005
2022,1335327028
2022,1335407040
2022,1335421021
2022,1335421026
2022,1336101020
2022,1336104008
2022,1336107030
2022,1336107031
2022,1336107032
2022,1336107033
2022,1336108031
2022,1336115021
2022,1336115068
2022,1336115069
2022,1336121019
2022,1336202049
2022,1336202050
2022,1336202059
2022,1336203045
2022,1336212012
2022,1336213010
2022,1336213011
2022,1336227028
2022,1336227029
2022,1336227042
2022,1336227059
2022,1336319017
2022,1336320017
2022,1336324012
2022,1336406026
2022,1336414041
2022,1336418032
2022,1336419037
2022,1336421004
2022,1336424057
2022,1405117004
2022,1406407007
2022,1407113004
2022,1407113048
2022,1407117013
2022,1407202036
2022,1407216016
2022,1407229013
2022,1407304003
2022,1407304042
2022,1407311026
2022,1407311027
2022,1407311028
2022,1407311029
2022,1407315022
2022,1407315023
2022,1407320007
2022,1407322030
2022,1407322031
2022,1407322032
2022,1407322033
2022,1407322034
2022,1407402009
2022,1407408038
2022,1408102047
2022,1408117016
2022,1408307024
2022,1408404001
2022,1417115025
2022,1417115026
2022,1417120025
2022,1417211014
2022,1417302006
2022,1417308038
2022,1418103013
2022,1418106048
2022,1418126005
2022,1418216007
2022,1418221019
2022,1418221046
2022,1418300016
2022,1418315026
2022,1418316009
2022,1418317010
2022,1418326004
2022,1418326034
2022,1418400022
2022,1418401009
2022,1418405010
2022,1418418041
2022,1419102023
2022,1419102033
2022,1419111004
2022,1419116020
2022,1419116021
2022,1419116023
2022,1419118031
2022,1419120031
2022,1419122016
2022,1419123028
2022,1419127029
2022,1419131043
2022,1419131044
2022,1419206025
2022,1419217005
2022,1419218030
2022,1419223037
2022,1419225002
2022,1419226006
2022,1419226008
2022,1419301014
2022,1419302036
2022,1419303037
2022,1419311030
2022,1419313020
2022,1419315024
2022,1419318039
2022,1419318040
2022,1419321011
2022,1419321026
2022,1419322045
2022,1419327018
2022,1419329035
2022,1420100007
2022,1420104006
2022,1420104007
2022,1420110012
2022,1420112031
2022,1420114036
2022,1420115032
2022,1420211004
2022,1420219015
2022,1420224019
2022,1420224020
2022,1420303019
2022,1420308010
2022,1420308031
2022,1420308033
2022,1420309013
2022,1420314014
2022,1420318023
2022,1420319002
2022,1420325029
2022,1420406011
2022,1420408017
2022,1420420055
2022,1420423015
2022,1421304011
2022,1421304012
2022,1421304032
2022,1428302020
2022,1428311056
2022,1428311057
2022,1428311077
2022,1428311078
2022,1428316052
2022,1428316053
2022,1429100014
2022,1429100038
2022,1429106011
2022,1429107023
2022,1429108024
2022,1429113007
2022,1429114016
2022,1429114021
2022,1429115001
2022,1429119009
2022,1429123030
2022,1429125022
2022,1429126025
2022,1429203015
2022,1429210008
2022,1429227015
2022,1429301070
2022,1429303027
2022,1429310008
2022,1429310027
2022,1429312027
2022,1429314022
2022,1429319015
2022,1429323008
2022,1429409009
2022,1429412052
2022,1429417007
2022,1429418023
2022,1429421001
2022,1429421008
2022,1430102018
2022,1430105003
2022,1430111040
2022,1430114040
2022,1430114041
2022,1430118074
2022,1430211042
2022,1430213014
2022,1430215020
2022,1430220029
2022,1430221001
2022,1430302029
2022,1430409106
2022,1430409107
2022,1431100021
2022,1431105025
2022,1431105026
2022,1431113036
2022,1431118028
2022,1431124048
2022,1431136008
2022,1431136009
2022,1431213034
2022,1431214027
2022,1431312015
2022,1431312016
2022,1431328022
2022,1431403013
2022,1431408018
2022,1431418001
2022,1431418002
2022,1431418003
2022,1431418015
2022,1431420035
2022,1431423012
2022,1431425030
2022,1431425031
2022,1431430016
2022,1432127016
2022,1432207025
2022,1432214010
2022,1432219015
2022,1432222004
2022,1432224028
2022,1432226021
2022,1432227020
2022,1432312038
2022,1432410073
2022,1432422019
2022,1432422020
2022,1433108034
2022,1433301023
2022,1433302015
2022,1433303145
2022,1433303146
2022,1433303147
2022,1433303148
2022,1433308057
2022,1433331030
2022,1601208044
2022,1601208046
2022,1601208047
2022,1601208048
2022,1601208049
2022,1601211004
2022,1601217054
2022,1601217055
2022,1601224015
2022,1601224017
2022,1601314019
2022,1601324041
2022,1601408041
2022,1601409043
2022,1601413044
2022,1601415023
2022,1601427037
2022,1601427053
2022,1601428015
2022,1601430004
2022,1601430005
2022,1601430006
2022,1601430007
2022,1601430008
2022,1601430009
2022,1602119001
2022,1602119002
2022,1602120039
2022,1602122039
2022,1602122040
2022,1602122041
2022,1602122042
2022,1602122043
2022,1602122044
2022,1602201031
2022,1602205013
2022,1602207021
2022,1602209012
2022,1602210012
2022,1602218022
2022,1602223026
2022,1602227014
2022,1602313031
2022,1602315034
2022,1602328008
2022,1602409020
2022,1602415006
2022,1604128027
2022,1604200029
2022,1604200030
2022,1604200038
2022,1604200039
2022,1604304016
2022,1604322051
2022,1604410004
2022,1604416042
2022,1604416043
2022,1608203005
2022,1608204013
2022,1608206014
2022,1609417025
2022,1609417026
2022,1611116004
2022,1611131007
2022,1611131014
2022,1611217010
2022,1612202054
2022,1612202066
2022,1612213019
2022,1612427017
2022,1613111036
2022,1613200018
2022,1613200019
2022,1613206078
2022,1613217024
2022,1613217025
2022,1613410059
2022,1613410060
2022,1613410061
2022,1613410062
2022,1613410063
2022,1613410064
2022,1613410065
2022,1613410067
2022,1613410068
2022,1613410069
2022,1613410070
2022,1613410071
2022,1617202037
2022,1623303008
2022,1623303009
2022,1624207077
2022,1625211006
2022,1635412033
2022,1636203008
2022,1636317017
2022,1636317018
2022,1636414057
2022,1636414058
2022,1636414059
2022,1636414060
2022,1636414061
2022,1636414062
2022,1636414066
2022,1636414071
2022,1704112071
2022,1704202018
2022,1704220022
2022,1704220045
2022,1704224036
2022,1704224037
2022,1704224038
2022,1704224039
2022,1704224040
2022,1704446002
2022,1704446003
2022,1704446004
2022,1704446014
2022,1704446015
2022,1704446016
2022,1704446017
2022,1704451007
2022,1705415012
2022,1705415013
2022,1705415014
2022,1705415016
2022,1705415027
2022,1705415028
2022,1706118024
2022,1706235153
2022,1706306014
2022,1706407004
2022,1706414042
2022,1706424040
2022,1706431012
2022,1707106015
2022,1707106025
2022,1707106041
2022,1707107023
2022,1707109012
2022,1707110013
2022,1707111010
2022,1707112030
2022,1707112031
2022,1707114037
2022,1707115017
2022,1707117035
2022,1707202018
2022,1707205042
2022,1707209021
2022,1707210039
2022,1707217008
2022,1707218005
2022,1707219015
2022,1707322040
2022,1707327009
2022,1708106018
2022,1708106019
2022,1708113006
2022,1708115023
2022,1708131010
2022,1708134033
2022,1708138007
2022,1708322010
2022,1708322011
2022,1708322012
2022,1708322013
2022,1708322018
2022,1708322019
2022,1708323002
2022,1708323003
2022,1708323004
2022,1708323005
2022,1708444010
2022,1708444011
2022,1708444012
2022,1709206035
2022,1709206037
2022,1710400046
2022,1710400049
2022,1710400051
2022,1717409039
2022,1717419007
2022,1717419008
2022,1718102063
2022,1718106032
2022,1718114025
2022,1718114027
2022,1718123069
2022,1719406035
2022,1719406036
2022,1719406037
2022,1719414016
2022,1719414030
2022,1719420018
2022,1719421038
2022,1720323030
2022,1720404017
2022,1720404018
2022,1720412002
2022,1720419023
2022,1721306023
2022,1721329035
2022,1722103032
2022,1722106026
2022,1722106027
2022,1722106028
2022,1728218033
2022,1728314004
2022,1728315037
2022,1728315038
2022,1728427026
2022,1728433010
2022,1729303018
2022,1729303019
2022,1729303020
2022,1729303021
2022,1729309060
2022,1729309061
2022,1729309062
2022,1729309064
2022,1729309065
2022,1729310065
2022,1729313020
2022,1729320015
2022,1729324002
2022,1729324006
2022,1729324007
2022,1729401053
2022,1729401054
2022,1729402058
2022,1729402059
2022,1729402060
2022,1729402065
2022,1729403001
2022,1729413026
2022,1729420017
2022,1729424041
2022,1730201017
2022,1731222016
2022,1731311052
2022,1731311053
2022,1731422022
2022,1732102007
2022,1732102008
2022,1732102009
2022,1732102010
2022,1732102011
2022,1732102012
2022,1732102013
2022,1732102014
2022,1732102015
2022,1732102016
2022,1732102017
2022,1732102018
2022,1732102019
2022,1732102020
2022,1732102021
2022,1732102022
2022,1732102023
2022,1732102024
2022,1732110051
2022,1733117045
2022,1733123040
2022,1733123041
2022,1733123122
2022,1733123123
2022,1733123124
2022,1733123125
2022,1733123126
2022,1733200010
2022,1733200011
2022,1733304032
2022,1733307020
2022,1733308017
2022,1733308018
2022,1733317034
2022,1733407061
2022,1733407062
2022,1733427004
2022,1734103022
2022,1734105001
2022,1734105002
2022,1734105003
2022,1734120109
2022,1734120110
2022,1734120111
2022,1734120112
2022,1734120113
2022,1734120114
2022,1734120115
2022,1734121141
2022,1734308007
2022,1734312096
2022,1734312097
2022,1734312098
2022,1734312099
2022,1734312100
2022,1734410011
2022,1735102011
2022,1735102016
2022,1735104027
2022,1735104028
2022,1735104029
2022,1735104030
2022,1735104031
2022,1735104033
2022,1735104034
2022,1735104035
2022,1735104036
2022,1735104037
2022,1901213082
2022,1901213117
2022,1901213118
2022,1901424003
2022,1901424004
2022,1902306032
2022,1902408010
2022,1902408011
2022,1902408012
2022,1902416025
2022,1902418019
2022,1903310053
2022,1908309062
2022,1908309077
2022,1908324022
2022,1909230044
2022,1909303050
2022,1911301063
2022,1912204041
2022,1912204042
2022,1912204043
2022,1912204049
2022,1912204050
2022,1917100059
2022,1917305030
2022,2002111001
2022,2002111002
2022,2002111003
2022,2002113001
2022,2002120019
2022,2002305032
2022,2002305033
2022,2002305035
2022,2002305036
2022,2002305037
2022,2002305038
2022,2002305039
2022,2002305040
2022,2002305041
2022,2002305042
2022,2002305043
2022,2002305044
2022,2002305045
2022,2002305046
2022,2003117042
2022,2003117043
2022,2003117044
2022,2003122001
2022,2003200022
2022,2003200023
2022,2003223016
2022,2003303036
2022,2003303037
2022,2003303038
2022,2003305003
2022,2003309022
2022,2003311055
2022,2003316007
2022,2003316040
2022,2003320027
2022,2003401022
2022,2003418002
2022,2003418003
2022,2004222031
2022,2004222032
2022,2004305009
2022,2004305010
2022,2004309039
2022,2004309040
2022,2004309041
2022,2004332038
2022,2008107026
2022,2010102036
2022,2010102037
2022,2010110038
2022,2010121029
2022,2010210032
2022,2010213022
2022,2010215008
2022,2010217037
2022,2010217050
2022,2010217058
2022,2010217066
2022,2010217067
2022,2010218045
2022,2010218046
2022,2010218047
2022,2010301079
2022,2010301080
2022,2010301081
2022,2014316059
2022,2014316060
2022,2014316061
2022,2014316063
2022,2014317034
2022,2014317035
2022,2014317036
2022,2014317037
2022,2014317038
2022,2015405007
2022,2015412009
2022,2015420003
2022,2022212022
2022,2022212028
2022,2022212029
2022,2023102016
2022,2023103027
2022,2023103032
2022,2023104089
2022,2023106035
2022,2023114024
2022,2023114040
2022,2023114041
2022,2023117004
2022,2023125032
2022,2023125033
2022,2023222021
2022,2026111029
2022,2029422001
2022,2413311049
2022,2413425014
2022,2414102079
2022,2414111104
2022,2414206026
2022,2414215076
2022,2414404050
2022,2414417004
2022,2423212110
2022,2423212111
2022,2423212113
2022,2423212114
2022,2423213102
2022,2507214019
2022,2518307009
2022,2528101027
2022,2528101028
2022,2528101035
2022,2528101044
2022,2528101045
2022,2528101046
2022,2528108033
2022,2528108034
