project_id,review_status,google_visual_type,external_building_count,external_unit_count,external_building_sqft,source_1_url,source_2_url,supports_building_type,supports_final_units,reviewer_notes,review_date
residential_multicard_20211200290000,complete,single_apartment_building,1,10,11050,https://www.crexi.com/property-records/20211200290000-CHICAGO-IL-60621-2608/d0caa43adc7491025adeee405a575a8895b7acc0,https://www.loopnet.com/property/500-w-66th-st-chicago-il-60621/17031-20211200290000/,TRUE,TRUE,"Google Street View shows one three-story apartment building. Crexi reports one 10-unit, 11,050-square-foot apartment building; LoopNet reports apartment use and 11,050 square feet.",2026-07-24
residential_multicard_11303200330000,complete,townhouse_development,9,9,17334,https://www.redfin.com/IL/Chicago/7215-N-Oakley-Ave-60645/home/13572243,https://www.homes.com/property/7215-n-oakley-ave-chicago-il/vew9grc7gveqx/,TRUE,TRUE,"The development is identified as the nine-unit 9North Townhomes. The project total equals nine 1,926-square-foot townhouse cards and is not one multifamily building.",2026-07-24
residential_multicard_13344090290000,complete,two_family_property,2,2,1702,https://www.countyoffice.org/property-record-1822-n-kildare-ave-chicago-il-60639-f52/,,TRUE,TRUE,"The external property record reports two units, 1,702 square feet, and two buildings, matching the selected construction card.",2026-07-24
residential_multicard_14302210010000,complete,new_two_unit_rear_component,1,2,1987,https://www.zillow.com/homedetails/2825-N-Damen-Ave-APT-2r-Chicago-IL-60618/2111116349_zpid/,https://www.redfin.com/IL/Chicago/2825-N-Damen-Ave-60618/home/13358997,TRUE,TRUE,"The parcel retains four older units and adds two newly constructed rear units. The 2022 two-unit card is the new component rather than the full six-unit parcel.",2026-07-24
residential_multicard_14323120380000,complete,single_mixed_use_apartment_building,1,4,6780,https://augrented.com/chicago/14323120380000-1544-w-north-ave,https://www.loopnet.com/property/1544-w-north-ave-chicago-il-60642/17031-14323120380000/,TRUE,TRUE,"The current exact-PIN records report four units and 6,780 square feet. An older three-unit construction permit predates the assessor's current four-unit classification.",2026-07-24
residential_multicard_14324110080000,complete,single_condominium_building,1,3,5001,https://www.realtor.com/realestateandhomes-detail/1841-N-Sheffield-Ave-3_Chicago_IL_60614_M93289-12075,https://www.redfin.com/IL/Chicago/1841-N-Sheffield-Ave-60614/home/13350973,TRUE,TRUE,"The external listing and current three-unit condo lineage support one three-unit building and the 5,001-square-foot assessor value.",2026-07-24
residential_multicard_14324160310000,complete,new_three_unit_component,1,3,3429,https://www.redfin.com/IL/Chicago/1813-N-Clybourn-Ave-60614/home/13350275,,TRUE,TRUE,"Redfin's property details report one building with three units and 3,429 square feet, matching the selected construction card. Current parcel totals also include older improvements.",2026-07-24
residential_multicard_16014200130000,complete,single_condominium_building,1,3,,https://www.redfin.com/IL/Chicago/2429-W-Augusta-Blvd-60622/unit-1FL/home/13286996,https://www.compass.com/listing/2429-west-augusta-boulevard-unit-3-chicago-il-60622/1662437613086428513/,TRUE,FALSE,"The permit, three successor condo PINs, and multiple listings all establish a three-unit building. The selected assessor card's four-unit value is incorrect and requires correction.",2026-07-24
residential_multicard_16152150390000,complete,two_adjacent_apartment_buildings,2,8,9272,https://www.crexi.com/property-records/16-15-215-047-0000-CHICAGO-IL-60624/3d7048df6d9ad9faf580259dc94b1d49fc60ca1c,https://www.redfin.com/IL/Chicago/4016-W-Jackson-Blvd-60624/home/40378280,TRUE,TRUE,"The historical parent parcel split into 4016 and 4018 W Jackson. Each successor is a four-unit, 4,636-square-foot building, so the two identical cards are distinct buildings.",2026-07-24
residential_multicard_16152210210000,complete,two_adjacent_apartment_buildings,2,8,9272,https://www.crexi.com/property-records/16-15-221-042-0000-CHICAGO-IL-60624/8e9d3f413e4cc83584e1fd072847a6c817ae46eb,https://www.crexi.com/property-records/16152210430000-CHICAGO-IL-60624-2876/e8aad7d0ee3a10dc2d41403bb50f46b2369011fa,TRUE,TRUE,"The historical parent parcel split into 4201 and 4203 W Gladys. Each successor is a four-unit, 4,636-square-foot building, so the two identical cards are distinct buildings.",2026-07-24
residential_multicard_17081150230000,complete,single_condominium_building,1,3,,https://www.buildzoom.com/contractor/consortian-construction-inc,https://www.zillow.com/homedetails/1514-W-Ohio-St-3-Chicago-IL-60642/463069485_zpid/,TRUE,FALSE,"The exact-address permit and three successor condo PINs establish a three-unit building. The selected assessor card's two-unit value is incorrect and requires correction.",2026-07-24
residential_multicard_20251190270000,complete,three_adjacent_apartment_buildings,3,9,13662,https://www.redfin.com/IL/Chicago/7252-S-Bennett-Ave-60649/home/39574665,https://www.crexi.com/property-records/20-25-119-031-0000-CHICAGO-IL-60649/048eb8a1917cd1f6479b07b381d6afb7e6bee6c8,TRUE,TRUE,"The parent record reports nine units in three buildings. Three same-year successor parcels each contain three units and 4,554 square feet; the fourth nearby successor is an older building.",2026-07-24
residential_multicard_13141270250000,complete,four_adjacent_apartment_buildings,4,24,,https://www.rent.com/illinois/chicago-apartments/highpoint-albany-park-on-montrose-4-lc5897049,https://www.zillow.com/homedetails/3648-W-Montrose-Ave-APT-3E-Chicago-IL-60618/2115619880_zpid/,TRUE,TRUE,"The property is marketed as a 24-unit apartment community. Four exact-address construction permits authorize six units each at 3634, 3640, 3644, and 3648 W Montrose, matching the four six-unit assessor cards.",2026-07-24
residential_multicard_13322180280000,complete,two_of_three_adjacent_three_unit_buildings,2,6,8448,https://www.redfin.com/IL/Chicago/5614-W-Grand-Ave-60639/home/191887108,https://www.loopnet.com/Listing/5618-W-Grand-Ave-Chicago-IL/29410605/,TRUE,TRUE,"The block contains three new three-unit buildings on two parcels. PIN 13-32-218-028 contains two cards totaling six units and 8,448 square feet; separate PIN 13-32-218-027 contains the third three-unit building and is already a separate project. The nine-unit LoopNet listing covers both parcels, so assigning all nine units to this multicard PIN would double count the third building.",2026-07-24
residential_multicard_14301010390000,complete,two_adjacent_six_unit_apartment_buildings,2,12,24812,https://www.loopnet.com/property/3118-n-clybourn-ave-chicago-il-60618/17031-1430101039/,https://www.buildzoom.com/contractor/derrig-builders-inc,TRUE,TRUE,"LoopNet reports 24,812 square feet for the exact parcel. Separate permits authorize six-unit buildings at 3116 and 3122 N Clybourn, and current rental listings show the north/south unit numbering. The two equal assessor cards are distinct buildings.",2026-07-24
residential_multicard_16242070770000,complete,three_adjacent_three_unit_apartment_buildings,3,9,,https://www.redfin.com/IL/Chicago/1239-S-Fairfield-Ave-60608/apartment/39948218,https://www.redfin.com/IL/Chicago/1243-S-Fairfield-Ave-60608/home/182333723,TRUE,TRUE,"Listings identify newly constructed three-unit buildings at 1239 and 1243 S Fairfield, and the 1241 listing reports the same three-unit layout. These three addresses share the recorded parent parcel and match the three three-unit assessor cards.",2026-07-24
residential_multicard_17072210390000,complete,two_adjacent_two_unit_condominium_buildings,2,4,,https://www.redfin.com/IL/Chicago/534-N-Hermitage-Ave-60622/unit-2/home/113044307,https://www.realtor.com/realestateandhomes-detail/532-N-Hermitage-Ave-1_Chicago_IL_60622_M88803-67713,TRUE,TRUE,"The 532 and 534 addresses each contain a two-unit condominium building. Listings describe two-unit new construction and the four successor condo PINs divide evenly across the two addresses, matching the two two-unit assessor cards.",2026-07-24
residential_multicard_17083340210000,complete,three_adjacent_four_unit_apartment_buildings,3,12,21525,https://www.loopnet.com/Listing/21-N-Bishop-St-Chicago-IL/17536597/,https://www.redfin.com/IL/Chicago/25-N-Bishop-St-60607/home/52637687,TRUE,TRUE,"The historical parent maps to three successor parcels at 19, 21, and 25 N Bishop, each with a four-unit, 7,175-square-foot building. Those three successor projects already appear separately in the candidate dataset, so the parent multicard row must be suppressed as a duplicate even though its 12-unit project total is correct.",2026-07-24
residential_multicard_17174100290000,complete,single_six_unit_condominium_building,1,6,7503,https://hotpads.com/715-s-may-st-chicago-il-60607-vx9e/2s/pad,https://www.realtyhop.com/property-records/search/jaclyn-m-hoeg,TRUE,TRUE,"Six successor condo PINs at 715 S May use the 1N, 1S, 2N, 2S, 3N, and 3S unit pattern. Listings confirm newer construction at the address, supporting one six-unit building and the selected assessor card.",2026-07-24
residential_multicard_20102190080000,complete,vacant_site_no_completed_project,0,0,0,"https://www.google.com/maps/place/4951+S+St+Lawrence+Ave,+Chicago,+IL+60615",https://www.redfin.com/IL/Chicago/4951-S-Saint-Lawrence-Ave-60615/home/39576578,FALSE,FALSE,"The two six-unit cards occur only in tax year 2009. Google Street View shows the four-lot 4951-4959 site vacant in both July 2007 and May 2011, with the neighboring 4949 building unchanged. No corresponding completed-project permit or successor apartment building was found. The 2008 multicard observation should be suppressed.",2026-07-24
residential_multicard_20222220450000,complete,three_adjacent_two_unit_buildings,3,6,8298,https://www.coldwellbankerhomes.com/il/chicago/6552-s-evans-ave/pid_70066038/,https://www.crexi.com/property-records/20222220570000-CHICAGO-IL-60637-3414/cf87794c2c9af95a9c26592a9fc21f127eedb611,TRUE,TRUE,"The 6552, 6554, and 6556 successor parcels each contain a two-unit building. Listings for 6552 and 6556 independently report two units, and the three successor assessor totals reproduce the three two-unit cards.",2026-07-24
residential_multicard_25194060030000,complete,two_adjacent_three_unit_apartment_buildings,2,6,7296,https://www.redfin.com/IL/Chicago/11613-S-Vincennes-Ave-60643/home/28505611,,TRUE,TRUE,"The listing explicitly describes two three-flats sold together and reports six total units. Its public facts report 3,648 square feet for one component, matching two equal 3,648-square-foot assessor cards and a 7,296-square-foot project total.",2026-07-24
residential_multicard_11303220080000,complete,eight_unit_townhouse_development,8,8,14392,https://www.homesbymarco.com/subdivisions/7223_n_hamilton_in_chicago_il,https://www.compass.com/building/7223-n-hamilton-ave-chicago-il-60645/592993462576081389/,TRUE,TRUE,"Independent building pages identify an eight-unit townhouse community. Eight successor condo PINs labeled A through H reproduce the eight one-unit cards. This is a collection of attached single-family townhouses, not one multifamily building.",2026-07-24
residential_multicard_13042080370000,complete,two_detached_single_family_houses,2,2,,https://www.redfin.com/IL/Chicago/6232-N-Lenox-Ave-60646/home/21777217/,https://www.zillow.com/homedetails/6236-N-Lenox-Ave-Chicago-IL-60646/3624285_zpid/,TRUE,TRUE,"External listings identify separate single-family houses at 6232 and 6236 N Lenox. Separate permits issued February 28, 2007 authorize one new single-family house at each address, matching the two one-unit cards. Later assessor rows report 2019 for the successor PINs, but no later new-construction episode is evident; that distant-year duplication requires correction.",2026-07-24
residential_multicard_13154010310000,complete,five_attached_single_family_townhouses,5,5,7270,https://www.redfin.com/IL/Chicago/4247-W-Montrose-Ave-60641/home/39551457,https://www.countyoffice.org/property-record-4251-w-montrose-ave-chicago-il-60641-517/,TRUE,TRUE,"Townhouse listings cover the development. Two permits issued May 21, 2007 authorize three townhouses at 4251/4253/4255 and two townhouses at 4249/4251, exactly reproducing five one-unit cards of 1,454 square feet each.",2026-07-24
residential_multicard_13222210280000,complete,two_detached_single_family_houses,2,2,5244,https://www.zillow.com/homedetails/3624-N-Keeler-Ave-Chicago-IL-60641/2085790394_zpid/,https://www.redfin.com/IL/Chicago/3626-N-Keeler-Ave-60641/home/13458900,TRUE,TRUE,"Separate permits issued June 6, 2018 authorize single-family houses at 3624 and 3626 N Keeler. Listings identify each as a single-family house. Two successor parcels reproduce the two cards and 5,244 assessor square feet; the successor project rows are suppressed in the adjudicated sample.",2026-07-24
residential_multicard_13223070280000,complete,three_detached_single_family_houses,3,3,6246,https://www.redfin.com/IL/Chicago/3406-N-Keating-Ave-60641/home/178520491,https://www.redfin.com/IL/Chicago/3408-N-Keating-Ave-60641/home/178520490,TRUE,TRUE,"Three January 2019 permits authorize separate single-family houses at 3406, 3408, and 3410 N Keating. External records identify the addresses as detached single-family houses built in 2018-2019. Three successor parcels reproduce the three one-unit cards and 6,246 assessor square feet.",2026-07-24
residential_multicard_13252030410000,complete,townhouse_components_within_larger_development,2,2,,https://www.compass.com/building/2452-w-fletcher-st-chicago-il-60618/593239525983764845/,https://www.trulia.com/home/2452-w-fletcher-st-a-chicago-il-60618-2144731678,TRUE,FALSE,"External sources identify the Fletcher/Campbell site as a townhouse development, so the cards do not represent a multifamily building. The historical parent contains two one-unit cards, but the broader development and successor lineage contain additional townhouses. External sources do not independently isolate the two-card parent total, so the unit total remains a lineage-based rather than web-verified count.",2026-07-24
residential_multicard_13254120290000,complete,two_detached_single_family_houses,2,2,5270,https://www.redfin.com/IL/Chicago/2623-N-Rockwell-St-60647/home/12731486,https://www.apartments.com/2619-n-rockwell-st-chicago-il/gf61v1y/,TRUE,TRUE,"Separate permits issued in 2007 authorize single-family houses at 2619 and 2623 N Rockwell. Redfin identifies 2623 as a 2007 single-family house, and the two successor parcels reproduce the two one-unit cards. The 5,270-square-foot total is retained from the contemporaneous cards.",2026-07-24
residential_multicard_13254280400000,complete,two_detached_single_family_houses,2,2,4964,https://www.redfin.com/IL/Chicago/2419-N-Rockwell-St-60647/home/26806370,https://www.zillow.com/homedetails/2417-N-Rockwell-St-Chicago-IL-60647/337756351_zpid/,TRUE,TRUE,"The parent contains two one-unit class-278 cards. External records identify the successor addresses as large detached single-family houses, and two successor parcels each report 2,482 square feet. The successor rows' 2009 year is a later assessor report of the same two houses rather than evidence of a separate multifamily project.",2026-07-24
residential_multicard_13263110220000,complete,sixteen_unit_townhouse_development,16,16,34272,https://www.realtor.com/realestateandhomes-detail/2643-N-Hamlin-Ave_Chicago_IL_60647_M78307-47129,https://www.zillow.com/homedetails/2629-N-Hamlin-Ave-Chicago-IL-60647/245566342_zpid/,TRUE,TRUE,"External records identify representative addresses at both ends of the site as 2,142-square-foot townhouses built in 2014. Sixteen successor parcels and addresses reproduce sixteen equal one-unit cards and 34,272 square feet. This is a townhouse development, not one multifamily building.",2026-07-24
residential_multicard_13221240150000,complete,four_detached_single_family_houses,4,4,,https://www.redfin.com/IL/Chicago/4603-W-Patterson-Ave-60641/home/101673379,https://www.zillow.com/homedetails/4607-W-Patterson-Ave-Chicago-IL-60641/253422236_zpid/,TRUE,FALSE,"The historical parent has three one-unit cards, while parcel lineage identifies four successor addresses at 4601, 4603, 4607, and 4609 W Patterson. External records identify representative successors as separate single-family homes built in 2015-2016. The evidence establishes a single-family collection but does not support the parent total of three units; this component requires a separate episode-count review.",2026-07-24
residential_multicard_13354010380000,complete,three_detached_single_family_houses,3,3,,https://www.redfin.com/IL/Chicago/3520-W-Cortland-St-60647/home/176340021,https://www.realtor.com/realestateandhomes-detail/3520-W-Cortland-St_Chicago_IL_60647_M91211-48932,TRUE,TRUE,"Three exact permit records authorize separate single-family residences at 3518 W Cortland Unit 1, 3518 W Cortland Unit 2, and 3520 W Cortland. Redfin describes 3520 as part of the seven-home 606 Seven single-family development. The three cards therefore describe three single-family homes, not one multifamily building.",2026-07-24
residential_multicard_13354080010000,complete,townhouse_development,4,4,,https://www.redfin.com/IL/Chicago/1851-N-Saint-Louis-Ave-60647/home/144510982,https://www.redfin.com/IL/Chicago/1855-N-Saint-Louis-Ave-60647/home/144510985,TRUE,TRUE,"The exact permit authorizes four townhomes, and successor condominium records identify 1849, 1851, 1853, and 1855 N Saint Louis as four townhouse units in one four-unit development. This is an attached single-family collection rather than one multifamily building.",2026-07-24
residential_multicard_13354110480000,complete,single_condominium_building,1,2,,https://www.realtor.com/realestateandhomes-detail/1857-N-Sawyer-Ave-A_Chicago_IL_60647_M70187-88550,https://www.zillow.com/b/1857-n-sawyer-ave-chicago-il-9hKH8N/,TRUE,TRUE,"The exact permit authorizes one two-dwelling-unit building at 1857 N Sawyer. External records identify the address as one condo building and Unit A as a condo duplex. The two one-unit cards are two dwellings in one physical building, so this project belongs in the multifamily sample.",2026-07-24
residential_multicard_13361150350000,complete,single_six_unit_condominium_building,1,6,,https://www.compass.com/building/2005-n-albany-ave-chicago-il-60647/593396409571331701/,https://www.redfin.com/IL/Chicago/2005-N-Albany-Ave-60647/unit-2005/home/100815692,TRUE,TRUE,"The exact permit authorizes one six-dwelling-unit masonry building. Compass identifies 2005 N Albany as a six-unit, three-story townhouse-condo building, and Redfin reports six units in the building. Although the units have townhouse layouts, the evidence supports one six-unit physical building and the project belongs in the multifamily sample.",2026-07-24
residential_multicard_14071170230000,complete,two_attached_single_family_townhouses,2,2,3965,https://www.redfin.com/IL/Chicago/2130-W-Foster-Ave-60625/unit-A/home/45510692,https://www.redfin.com/IL/Chicago/2130-W-Foster-Ave-60625/unit-B/home/45510701,TRUE,TRUE,"External records identify Units A and B as two fee-simple townhomes, with 1,856 and 2,109 square feet respectively. Their combined 3,965 square feet exactly reproduces the two one-unit cards. This is a pair of attached single-family townhouses rather than one multifamily building.",2026-07-24
residential_multicard_14074070070000,complete,two_detached_single_family_houses,2,2,,https://www.redfin.com/IL/Chicago/5055-N-Wolcott-Ave-60640/home/13403976,https://www.google.com/maps/search/?api=1&query=5053%20N%20Wolcott%20Ave%20Chicago%20IL,TRUE,TRUE,"Two exact permits authorize separate single-family residences at 5053 and 5055 N Wolcott. Redfin identifies 5055 as a new single-family house, and parcel lineage identifies one successor parcel at each address. The two cards describe two single-family homes.",2026-07-24
residential_multicard_14201050210000,complete,two_detached_single_family_houses,2,2,,https://www.redfin.com/IL/Chicago/3830-N-Greenview-Ave-60613/home/39562950,https://www.realtor.com/realestateandhomes-detail/3830-N-Greenview-Ave_Chicago_IL_60613_M73949-58709,TRUE,TRUE,"Two exact permits authorize separate single-family houses at 3828 and 3830 N Greenview. External records identify 3830 as a detached single-family house, and parcel lineage identifies a separate successor parcel at each address. The two cards describe two single-family homes.",2026-07-24
residential_multicard_14311240470000,complete,two_detached_single_family_houses,2,2,,https://www.noahchicago.com/pastprojects,https://www.redfin.com/IL/Chicago/2341-W-Shakespeare-Ave-60647/home/13357578,TRUE,TRUE,"The developer's project archive lists both 2339 and 2341 W Shakespeare under single-family homes, and Redfin identifies 2341 as new-construction single-family housing. Parcel lineage identifies separate successor parcels at the two addresses. The two cards describe two single-family homes.",2026-07-24
residential_multicard_16013240200000,complete,two_detached_single_family_houses,2,2,3900,https://www.redfin.com/IL/Chicago/823-N-Richmond-St-60622/home/167610999,https://www.redfin.com/IL/Chicago/825-N-Richmond-St-60622/home/105494703,TRUE,TRUE,"The permit uses the phrase two-dwelling-unit building, but the completed project is two separately parceled single-family houses at 823 and 825 N Richmond. External listings identify both as single-family homes, and their two 1,950-square-foot assessor rows exactly reproduce the two cards. This site should not enter the multifamily-building sample.",2026-07-24
residential_multicard_16122070190000,complete,two_detached_single_family_houses,2,2,,https://www.redfin.com/IL/Chicago/2417-W-Superior-St-60612/home/26811001,https://www.zillow.com/homedetails/2419-W-Superior-St-Chicago-IL-60612/89892827_zpid/,TRUE,TRUE,"External records identify 2417 and 2419 W Superior as separate single-family houses built in 2007, each on its own successor parcel. The two one-unit cards therefore describe two single-family homes rather than a multifamily building.",2026-07-24
residential_multicard_17072080330000,complete,two_detached_single_family_houses,2,2,,https://www.redfin.com/IL/Chicago/1930-W-Erie-St-60622/home/113098142,https://www.redfin.com/IL/Chicago/1932-W-Erie-St-60622/home/113098646,TRUE,TRUE,"Separate exact permits authorize new single-family residences at 1930 and 1932 W Erie. Redfin identifies each completed property as a single-family house, and parcel lineage identifies separate successor parcels. The two cards describe two single-family homes.",2026-07-24
residential_multicard_13353210020000,complete,eight_unit_townhouse_development,8,8,,https://www.redfin.com/IL/Chicago/1757-N-Monticello-Ave-60647/home/18584014,https://www.redfin.com/IL/Chicago/1758-N-Central-Park-Ave-60647/unit-1/home/18584016,TRUE,FALSE,"Redfin identifies one eight-townhome project spanning Monticello and Central Park. This parent is one component of that attached single-family development, but the external evidence does not support assigning exactly three of the eight units to this parent. Building type is resolved; component counts remain an episode-level issue.",2026-07-24
residential_multicard_13353210200000,complete,eight_unit_townhouse_development,8,8,,https://www.redfin.com/IL/Chicago/1757-N-Monticello-Ave-60647/home/18584014,https://www.redfin.com/IL/Chicago/1758-N-Central-Park-Ave-60647/unit-1/home/18584016,TRUE,FALSE,"Redfin identifies one eight-townhome project spanning Monticello and Central Park. This parent is one component of that attached single-family development, but the external evidence does not support assigning exactly three of the eight units to this parent. Building type is resolved; component counts remain an episode-level issue.",2026-07-24
residential_multicard_17171050720000,complete,townhouse_development,32,32,,https://www.homesbymarco.com/subdivisions/1234-w-monroe-in-chicago-il,https://www.redfin.com/IL/Chicago/1234-W-Monroe-St-60607/unit-1/home/21832292,TRUE,TRUE,"Homes by Marco identifies 1234 W Monroe as a 32-unit townhouse community, and Redfin identifies a representative unit as a three-story townhome. The 32 cards match that project exactly. The parcel-lineage links to the separate 34-unit building at 1228 W Monroe are therefore overbroad and do not change this project's classification.",2026-07-24
residential_multicard_17211230250000,complete,townhouse_development,5,,,https://www.redfin.com/IL/Chicago/1460-S-Emerald-St-60607/home/26819438,https://www.redfin.com/IL/Chicago/1459-S-Emerald-St-60607/home/39569947,TRUE,FALSE,"External records identify representative Emerald addresses as individual University Village townhomes or rowhouses. The overlapping successor-address sets do not isolate this parent's five cards, so the external review supports the attached single-family classification but not the parent unit count.",2026-07-24
residential_multicard_17211250140000,complete,townhouse_development,4,,,https://www.redfin.com/IL/Chicago/1459-S-Emerald-St-60607/home/39569947,https://www.redfin.com/IL/Chicago/1460-S-Emerald-St-60607/home/26819438,TRUE,FALSE,"External records identify representative Emerald addresses as individual University Village townhomes or rowhouses. The overlapping successor-address sets do not isolate this parent's four cards, so the external review supports the attached single-family classification but not the parent unit count.",2026-07-24
residential_multicard_17211330030000,complete,townhouse_development,5,,,https://www.redfin.com/IL/Chicago/701-W-15th-St-60607/home/39569733,https://www.apartments.com/701-w-15th-st-chicago-il/cf6ryee/,TRUE,FALSE,"Redfin and Apartments.com identify 701 W 15th as an individual University Village townhome with the feel of a single-family home. The broader successor set contains more addresses than this parent's five cards, so building type is supported but the parent unit count is not externally isolated.",2026-07-24
residential_multicard_17215060040000,complete,townhouse_development,12,,,https://www.redfin.com/IL/Chicago/606-W-16th-St-60616/unit-E26/home/144960582,https://www.zillow.com/homedetails/648-W-16th-St-B2-Chicago-IL-60616/2132155800_zpid/,TRUE,FALSE,"External listings identify the 16th Street successors as individual University Village rowhomes or townhomes. The successor set overlaps nearby parent projects and does not independently support assigning exactly twelve units to this parent.",2026-07-24
residential_multicard_17215060456002,complete,townhouse_development,7,,,https://www.zillow.com/homedetails/648-W-16th-St-B2-Chicago-IL-60616/2132155800_zpid/,https://www.redfin.com/IL/Chicago/644-W-16th-St-60616/unit-1/home/26831066,TRUE,FALSE,"External listings identify the 16th Street successors as individual rowhomes or townhomes. The successor set overlaps nearby parent projects and does not independently support assigning exactly seven units to this parent.",2026-07-24
residential_multicard_17223090410000,complete,townhouse_development,7,,,https://www.zillow.com/homedetails/1834-S-Calumet-Ave-Chicago-IL-60616/306334449_zpid/,https://www.redfin.com/IL/Chicago/1834-S-Calumet-Ave-60616/unit-2/home/178678526,TRUE,FALSE,"External records identify the Calumet successors as individual multi-level townhomes. The records establish an attached single-family development but do not independently verify the historical parent's seven-card allocation.",2026-07-24
residential_multicard_17271090010000,complete,townhouse_development,59,,,https://yochicago.com/work-in-progress-wabash-club-brings-townhomes-condos-to-near-south-side/,https://www.redfin.com/IL/Chicago/2301-S-WABASH-Ave-60616/home/16900419,TRUE,FALSE,"Contemporaneous reporting identifies the Wabash Club as a 59- to 62-townhome development, and Redfin identifies 2301 S Wabash as an individual fee-simple-style townhome. The three historical Wabash parents contain 59 cards in total, but the external source does not allocate nineteen units specifically to this parent.",2026-07-24
residential_multicard_17271090050000,complete,townhouse_development,59,,,https://yochicago.com/work-in-progress-wabash-club-brings-townhomes-condos-to-near-south-side/,https://www.apartments.com/2335-s-wabash-ave-chicago-il/m8mp71j/,TRUE,FALSE,"Contemporaneous reporting identifies the Wabash Club as a 59- to 62-townhome development, and Apartments.com identifies 2335 S Wabash as an individual townhome. The three historical Wabash parents contain 59 cards in total, but the external source does not allocate twenty-five units specifically to this parent.",2026-07-24
residential_multicard_17271090190000,complete,townhouse_development,59,,,https://yochicago.com/work-in-progress-wabash-club-brings-townhomes-condos-to-near-south-side/,https://www.redfin.com/IL/Chicago/2311-S-Wabash-Ave-60616/home/17462399,TRUE,FALSE,"Contemporaneous reporting identifies the Wabash Club as a 59- to 62-townhome development, and Redfin identifies 2311 S Wabash as an attached, fee-simple townhome. The three historical Wabash parents contain 59 cards in total, but the external source does not allocate fifteen units specifically to this parent.",2026-07-24
residential_multicard_17271290060000,complete,townhouse_development,3,,,https://www.homes.com/property/354-e-finsbury-ct-chicago-il/4qff5l47plfgb/,https://www.redfin.com/IL/Chicago/354-E-Finsbury-Ct-60616/home/39573704,TRUE,FALSE,"The successor addresses are part of Eastgate Village, and external records identify representative Finsbury Court properties as individual multi-level townhomes. The broad successor set does not independently support the parent's three-card count.",2026-07-24
residential_multicard_17271290140000,complete,townhouse_development,60,,,https://www.compass.com/building/2502-s-calumet-ave-chicago-il-60616/593178088154170437/,https://www.redfin.com/IL/Chicago/2502-S-Calumet-Ave-60616/home/39573498,TRUE,FALSE,"Compass identifies the surrounding 2502 S Calumet townhouse-condominium development as 60 units, and Redfin identifies 2502 S Calumet as an individual townhome. This resolves the attached single-family building type, but the development-wide count does not validate this parent's thirteen-card allocation.",2026-07-24
residential_multicard_17271290150000,complete,townhouse_development,29,,,https://www.redfin.com/IL/Chicago/344-E-Eastgate-Pl-60616/unit-13C/home/39573698,https://www.zillow.com/homedetails/348-E-Eastgate-Pl-1-Chicago-IL-60616/2079890803_zpid/,TRUE,FALSE,"External listings identify representative Eastgate Place successors as individual multi-level townhomes. The very broad successor set does not independently verify that twenty-nine units belong to this historical parent.",2026-07-24
residential_multicard_17271290160000,complete,townhouse_development,4,,,https://www.homes.com/property/354-e-finsbury-ct-chicago-il/4qff5l47plfgb/,https://www.redfin.com/IL/Chicago/344-E-Eastgate-Pl-60616/unit-13C/home/39573698,TRUE,FALSE,"The successor set falls within the Eastgate Village townhouse development. External records identify representative successors as individual townhomes, but the predecessor's unusually broad lineage does not isolate four completed units to this parent.",2026-07-24
residential_multicard_17311230010000,complete,townhouse_development,10,,,https://occprodstoragev1.blob.core.usgovcloudapi.net/lsmatterattachmentspublic/81854353-b4d8-4583-a0ef-9887cbd11275.pdf,https://www.redfin.com/IL/Chicago/3401-S-Hoyne-Ave-60608/home/113109546,TRUE,FALSE,"The zoning application states that the site would contain two buildings with seven and three townhome dwelling units. That establishes a ten-townhome development. The historical parent has nine cards and the successor set has ten addresses, so the external evidence does not validate the nine-unit parent count.",2026-07-24
residential_multicard_17312170200000,complete,detached_single_family_collection,4,4,11120,https://www.redfin.com/IL/Chicago/1814-W-33rd-Pl-60608/home/175664506,https://www.countyoffice.org/w-33rd-pl-chicago-il-property-records/,TRUE,TRUE,"Four exact permits authorize separate single-family residences at 1814, 1816, 1820, and 1822 W 33rd Place. External records identify the addresses as separate single-family homes of 2,780 square feet each, exactly reproducing the four cards and 11,120 square feet.",2026-07-24
residential_multicard_17341211170000,complete,townhouse_development,5,5,,https://www.buildzoom.com/contractor/gracek-contractors-llc,https://www.zillow.com/homedetails/3301-S-Prairie-Ave-Chicago-IL-60616/2081184987_zpid/,TRUE,TRUE,"The permit record describes one five-unit townhouse project covering 241, 243, and 245 E 33rd Boulevard and 3301 S Prairie, and external records identify a representative successor as a townhouse. The five one-unit cards describe five attached townhomes rather than one multifamily building.",2026-07-24
residential_multicard_19083090620000,complete,expired_unbuilt_single_family_permits,0,0,828,https://www.zillow.com/homedetails/5249-S-Mulligan-Ave-Chicago-IL-60638/3920962_zpid/,https://www.google.com/maps/search/?api=1&query=5249%20S%20Mulligan%20Ave%20Chicago%20IL,TRUE,FALSE,"Both 2021 new-house permits linked to this PIN are marked expired. Zillow and the city footprint identify the surviving structure as the 1920s 828-square-foot house at 5249 S Mulligan. The two 2022 assessor cards do not represent completed new construction and this project should be suppressed.",2026-07-24
residential_multicard_19111200130000,complete,townhouse_development,7,,,https://yochicago.com/we-love-lists-one-more-time-with-the-townhouses/,https://www.redfin.com/IL/Chicago/3609-W-50th-Pl-60632/home/64226836,TRUE,FALSE,"YoChicago identifies Park Place Homes at 3630 W 51st as a townhouse development, and Redfin identifies a representative successor as a fee-simple attached townhome. The shared 39-address successor set does not isolate this parent's seven-card count.",2026-07-24
residential_multicard_19111230100000,complete,townhouse_development,4,,,https://yochicago.com/we-love-lists-one-more-time-with-the-townhouses/,https://www.redfin.com/IL/Chicago/3609-W-50th-Pl-60632/home/64226836,TRUE,FALSE,"YoChicago identifies Park Place Homes at 3630 W 51st as a townhouse development, and Redfin identifies 3609 W 50th Place as a fee-simple attached townhome. The shared 39-address successor set does not isolate this parent's four-card count.",2026-07-24
residential_multicard_19111230110000,complete,townhouse_development,4,,,https://yochicago.com/we-love-lists-one-more-time-with-the-townhouses/,https://www.redfin.com/IL/Chicago/3609-W-50th-Pl-60632/home/64226836,TRUE,FALSE,"YoChicago identifies Park Place Homes at 3630 W 51st as a townhouse development, and external records identify the development as fee-simple attached townhomes. The shared 39-address successor set does not isolate this parent's four-card count.",2026-07-24
residential_multicard_19113250470000,complete,townhouse_development,34,34,,https://yochicago.com/we-love-lists-one-more-time-with-the-townhouses/,https://www.zillow.com/apartments/chicago-il/3601-w-53rd/CqnjXQ/,TRUE,FALSE,"Contemporaneous reporting identifies 53rd and Millard as a 34-townhouse project, and current listings describe the address components as multi-level townhouse buildings. This resolves the attached-townhouse classification. The historical parent has sixteen cards and seventeen selected units, so neither value is validated by the development-wide count.",2026-07-24
residential_multicard_20032210100000,complete,townhouse_development,4,4,8668,https://www.redfin.com/IL/Chicago/508-E-42nd-Pl-60653/home/178523492,https://www.countyoffice.org/e-42nd-pl-chicago-il-property-records/,TRUE,TRUE,"Two exact permits each authorize a two-dwelling-unit townhome building, for four attached townhomes total. Four successor parcels reproduce the unit count, and external records identify the completed properties as individual townhomes. These are attached single-family units, not one multifamily building.",2026-07-24
residential_multicard_20034230370000,complete,two_detached_single_family_houses,2,2,4824,https://www.redfin.com/IL/Chicago/542-E-46th-Pl-60653/home/103981657,https://www.realtor.com/realestateandhomes-detail/542-E-46th-Pl_Chicago_IL_60653_M86752-46548,TRUE,TRUE,"Two exact permits authorize separate single-family residences at 542 and 544 E 46th Place. Two successor parcels reproduce two units and 4,824 square feet, and external records identify 542 as a detached single-family house.",2026-07-24
residential_multicard_20043320380000,complete,three_detached_single_family_houses,3,3,6720,https://www.zillow.com/homedetails/445-W-46th-Pl-Chicago-IL-60609/444801392_zpid/,https://www.google.com/maps/search/?api=1&query=445%20W%2046th%20Pl%20Chicago%20IL,TRUE,TRUE,"Three exact permits authorize separate single-family residences at 445, 447, and 449 W 46th Place. Zillow describes the site as a three-home development, and three successor parcels reproduce the three-unit count.",2026-07-24
residential_multicard_20084270400000,complete,four_detached_single_family_houses,4,4,5412,https://www.redfin.com/IL/Chicago/941-W-54th-St-60609/home/26823514,https://www.zillow.com/homedetails/941-W-54th-St-Chicago-IL-60609/89896796_zpid/,TRUE,TRUE,"Four successor parcels at 931, 935, 939, and 941 W 54th Street each contain a one-unit house of about 1,353 square feet. External records identify 941 and the neighboring addresses as separate single-family homes, reproducing four units and approximately the card total.",2026-07-24
residential_multicard_20102110280000,complete,detached_single_family_collection,3,3,6657,https://www.zillow.com/homedetails/4814-S-Champlain-Ave-Chicago-IL-60615/119087615_zpid/,https://www.compass.com/homedetails/4814-S-Champlain-Ave-Chicago-IL-60615/1XGF40_pid/,TRUE,FALSE,"Exact permits authorize separate single-family houses at 4814 and 4818 S Champlain, while parcel lineage identifies a third contemporaneous house at 4812. External records identify 4814 as a detached single-family residence. The parent has only two cards, so building type is resolved but the correct episode count requires reconciliation.",2026-07-24
residential_multicard_20231170240000,complete,two_detached_single_family_houses,2,2,4668,https://www.zillow.com/homedetails/6500-S-University-Ave-Chicago-IL-60637/159040026_zpid/,https://www.google.com/maps/search/?api=1&query=6502%20S%20University%20Ave%20Chicago%20IL,TRUE,TRUE,"Two completed exact permits authorize separate single-family houses at 6500 and 6502 S University. Two successor parcels reproduce two units and 4,668 square feet. Zillow identifies the completed 6500 property as a single-family residence.",2026-07-24
residential_multicard_25031150210000,complete,four_detached_single_family_houses,4,4,7952,https://www.compass.com/homedetails/8-E-90th-St-Chicago-IL-60619/1XWIKS_pid/,https://www.countyoffice.org/e-90th-st-chicago-il-property-records/,TRUE,TRUE,"Four successor parcels reproduce four one-unit cards and 7,952 square feet. External records identify 8 E 90th and neighboring addresses as separate single-family residences. The fifth nearby footprint at 4 E 90th is not part of the four-card episode.",2026-07-24
residential_multicard_25194030010000,complete,townhouse_development,6,,,https://www.redfin.com/IL/Chicago/11501-S-Vincennes-Ave-60643/home/105707782,https://www.realtor.com/realestateandhomes-detail/1825-W-115th-St-Unit-7_Chicago_IL_60643_M85196-58945,TRUE,FALSE,"External records identify the Vincennes and 1825 W 115th successors as individual townhomes. The three parent projects jointly cover the development, but the external evidence does not independently validate assigning exactly six units to this parent.",2026-07-24
residential_multicard_25194030020000,complete,townhouse_development,5,,,https://www.redfin.com/IL/Chicago/11501-S-Vincennes-Ave-60643/home/105707782,https://www.redfin.com/IL/Chicago/11513-S-Vincennes-Ave-60643/home/105708406,TRUE,FALSE,"External records identify representative Vincennes successors as individual fee-simple townhomes. The three parent projects jointly cover the development, but the external evidence does not independently validate assigning exactly five units to this parent.",2026-07-24
residential_multicard_25194030030000,complete,townhouse_development,4,,,https://www.redfin.com/IL/Chicago/11513-S-Vincennes-Ave-60643/home/105708406,https://www.realtor.com/realestateandhomes-detail/1825-W-115th-St-Unit-7_Chicago_IL_60643_M85196-58945,TRUE,FALSE,"External records identify representative Vincennes and 115th Street successors as individual fee-simple townhomes. The three parent projects jointly cover the development, but the external evidence does not independently validate assigning exactly four units to this parent.",2026-07-24
residential_multicard_12252050380000,complete,townhouse_development,5,5,10338,https://www.redfin.com/IL/Chicago/3144-N-Octavia-Ave-60707/home/26829034,https://www.zillow.com/homedetails/3144-N-Octavia-Ave-Chicago-IL-60707/306332307_zpid/,TRUE,TRUE,"Redfin describes brand-new townhomes and Zillow identifies the reviewed successor as a 2016 townhouse. Five successor addresses and five parent cards reproduce the five-unit development.",2026-07-24
residential_multicard_13014130010000,complete,two_adjacent_apartment_buildings,2,4,5780,https://www.redfin.com/IL/Chicago/5857-N-Maplewood-Ave-60659/home/25700519,https://www.redfin.com/IL/Chicago/5859-N-Maplewood-Ave-60659/home/45511884,TRUE,TRUE,"External records identify 5857 and 5859 N Maplewood as separate two-unit buildings of 2,890 square feet each. The two records exactly reproduce the parent total of four units and 5,780 square feet.",2026-07-24
residential_multicard_13104270160000,complete,two_detached_single_family_houses,2,2,3750,https://www.redfin.com/IL/Chicago/4850-N-Keystone-Ave-60630/home/13494579,https://www.zillow.com/homedetails/4850-N-Keystone-Ave-Chicago-IL-60630/3639838_zpid/,TRUE,TRUE,"The listing states that the developer offered two new homes and identifies 4850 as detached single-family construction. The two exact successor addresses and two one-unit cards reproduce two houses; Zillow also lists neighboring 4852 as a separate four-bedroom home.",2026-07-24
residential_multicard_13124150460000,complete,two_detached_single_family_houses,2,2,6208,https://www.zillow.com/homedetails/2450-W-Ainslie-St-Chicago-IL-60625/2081055355_zpid/,https://www.trulia.com/home/2450-w-ainslie-st-chicago-il-60625-463085237,TRUE,TRUE,"External records identify 2450 W Ainslie as a 2022 single-family home. The parent splits into two successor parcels at 2450 and 2452, matching two one-unit cards and the exact-permit evidence for detached houses.",2026-07-24
residential_multicard_13124150470000,complete,two_detached_single_family_houses,2,2,6005,https://www.redfin.com/IL/Chicago/2446-W-Ainslie-St-60625/home/68598689,https://www.redfin.com/IL/Chicago/2448-W-Ainslie-St-60625/home/68598694,TRUE,TRUE,"Redfin identifies both 2446 and 2448 W Ainslie as separate new detached single-family homes. The two successor parcels reproduce two units; their current assessor areas differ from the historical card total but do not change the building type.",2026-07-24
residential_multicard_13141240180000,complete,two_detached_single_family_houses,2,2,3793,https://www.redfin.com/IL/Chicago/4454-N-Hamlin-Ave-60625/home/178538507,https://www.redfin.com/IL/Chicago/4458-N-Hamlin-Ave-60625/home/178538508,TRUE,TRUE,"Redfin identifies 4454 and 4458 N Hamlin as separate 2019 single-family residences. Exact permits, two footprints, and two successor parcels corroborate the two-house parent.",2026-07-24
residential_multicard_13143260160000,complete,two_detached_single_family_houses,2,2,5226,https://www.trulia.com/home/4028-n-harding-ave-chicago-il-60618-332931202,https://www.redfin.com/IL/Chicago/4030-N-Harding-Ave-60618/home/13484207,TRUE,TRUE,"External listings identify 4028 and 4030 N Harding as separate detached single-family homes completed in 2015-2016. Two exact permits, two footprints, and two successor parcels reproduce the two-house parent.",2026-07-24
residential_multicard_13161090190000,complete,two_detached_single_family_houses,2,2,4142,https://www.redfin.com/IL/Chicago/5334-W-Leland-Ave-60630/home/13480448,https://www.exprealty.com/chicago-il-real-estate/5334-w-leland-ave,TRUE,TRUE,"Redfin identifies the parent listing as two single-family lots and the completed 5334 house as single-family construction. Exact permits and successor parcels at 5334 and 5336 reproduce two detached houses.",2026-07-24
residential_multicard_13224130020000,complete,two_detached_single_family_houses,2,2,4686,https://www.redfin.com/IL/Chicago/4169-W-Cornelia-Ave-60641/home/178520497,https://occprodstoragev1.blob.core.usgovcloudapi.net/lsmatterattachmentspublic/96c108a9-5591-4eea-8e85-78ae267d0a04.pdf,TRUE,TRUE,"Redfin identifies 4169 W Cornelia as a 2018 single-family residence; the official zoning plan identifies the adjacent 4167 project as a proposed single-family home. Two exact permits and successor parcels reproduce two houses.",2026-07-24
residential_multicard_13243050060000,complete,townhouse_development,10,10,19306,https://www.compass.com/building/3455-n-whipple-st-chicago-il-60618/593075521047072413/,https://www.compass.com/homedetails/3455-N-Whipple-St-Unit-12-Chicago-IL-60618/1VSA3X_pid/,TRUE,FALSE,"Compass identifies 3455 N Whipple as a 2006 townhouse development and individual successors as fee-simple townhouses. The parent cards describe ten townhouse components, but the 26-unit building page and overlapping successor lineage do not independently validate the parent-specific count.",2026-07-24
residential_multicard_13243050100000,complete,townhouse_development,4,4,7610,https://www.zillow.com/homedetails/3011-W-Cornelia-Ave-Chicago-IL-60618/89973690_zpid/,https://www.compass.com/building/3455-n-whipple-st-chicago-il-60618/593075521047072413/,TRUE,FALSE,"Zillow identifies 3011 W Cornelia as a fee-simple townhome in Cornelia Court. The parent is part of the larger 2006-2007 townhouse development; external evidence resolves type but not whether exactly four units belong uniquely to this parent.",2026-07-24
residential_multicard_13243050580000,complete,townhouse_development,6,6,11892,https://www.zillow.com/homedetails/3445-N-Whipple-St-Chicago-IL-60618/245563987_zpid/,https://www.countyoffice.org/n-whipple-st-chicago-il-property-records/,TRUE,FALSE,"External records identify the 3435-3445 N Whipple successors as 2014 fee-simple townhouses of 1,982 square feet each. The six-card parent matches six listed addresses, but the surrounding development has overlapping historical parents, so the parent-specific episode count remains subject to the lineage audit.",2026-07-24
residential_multicard_13243050590000,complete,townhouse_development,3,3,5946,https://www.compass.com/building/3433-n-whipple-st-chicago-il-60618/592974745721084877/,https://www.countyoffice.org/n-whipple-st-chicago-il-property-records/,TRUE,FALSE,"Compass and CountyOffice identify 3429-3433 N Whipple as part of the same 2014 townhouse development. The three-card parent matches three addresses, but overlapping historical parents prevent treating the count as independently verified.",2026-07-24
residential_multicard_13243050670000,complete,townhouse_development,8,8,15856,https://www.realtor.com/realestateandhomes-detail/3036-W-Newport-Ave_Chicago_IL_60618_M82029-66302,https://www.compass.com/building/3433-n-whipple-st-chicago-il-60618/592974745721084877/,TRUE,FALSE,"A representative Newport successor is a fee-simple townhouse in the same gated Avondale development. The parent cards and successor addresses establish townhouse use, but one additional successor and overlapping lineage leave the parent-specific count unresolved.",2026-07-24
residential_multicard_13243050680000,complete,townhouse_development,3,3,5946,https://www.realtor.com/realestateandhomes-detail/3036-W-Newport-Ave_Chicago_IL_60618_M82029-66302,https://www.compass.com/building/3433-n-whipple-st-chicago-il-60618/592974745721084877/,TRUE,FALSE,"External sources identify the Newport and Whipple successors as fee-simple townhouses within the same development. The three-card parent is not independently isolated from the broader successor set, so type is resolved but the count is not.",2026-07-24
residential_multicard_13353010370000,complete,detached_single_family_collection,6,6,,https://www.zillow.com/homedetails/1904-N-Springfield-Ave-Chicago-IL-60647/306331085_zpid/,https://www.realtor.com/realestateandhomes-detail/1904-N-Springfield-Ave_Chicago_IL_60647_M84225-86455,TRUE,FALSE,"External sources identify representative successors at 1904 and neighboring Springfield addresses as detached single-family homes. Six successor parcels indicate six houses, but the three-card historical parent does not independently reproduce that count.",2026-07-24
residential_multicard_13354070010000,complete,two_detached_single_family_houses,2,2,4162,https://www.zillow.com/homedetails/3537-W-Cortland-St-Chicago-IL-60647/338834298_zpid/,https://www.google.com/maps/search/?api=1&query=3535%20W%20Cortland%20St%20Chicago%20IL,TRUE,TRUE,"Two exact permits authorize detached single-family houses at 3535 and 3537 W Cortland. Two successor parcels and the external property page corroborate two completed houses.",2026-07-24
residential_multicard_13354090450000,complete,townhouse_development,16,16,30432,https://www.apartments.com/1800-n-spaulding-ave-chicago-il/qynlb0y/,https://www.homesbymarco.com/parks/julia_de_burgos_park_in_chicago_il,TRUE,FALSE,"External sources identify Spaulding Avenue as a 16-unit townhouse development and the reviewed address as a three-story townhome. The 16 one-unit cards support the reported count, but 17 successor records require the separate lineage reconciliation.",2026-07-24
residential_multicard_13362020650000,complete,two_detached_single_family_houses,2,2,3700,https://luxurychicagocondos.com/tag/logan-square/,https://www.google.com/maps/search/?api=1&query=2150%20N%20Rockwell%20St%20Chicago%20IL,TRUE,TRUE,"The external listing identifies 2150 N Rockwell as a contemporary single-family home. Exact permits and successor parcels at 2150 and 2152 reproduce two detached houses.",2026-07-24
residential_multicard_13362030180000,complete,townhouse_development,7,7,12143,https://www.redfin.com/IL/Chicago/2249-N-Rockwell-St-60647/home/13417841,https://chicago.legistar.com/ViewReport.ashx?Extra=WithText&GID=106&GUID=A307891E-B570-4020-907A-002DCBD73E5C&ID=3056339&M=R&N=Master&Title=Legislation+Details+%28With+Text%29,TRUE,FALSE,"Redfin identifies 2249 N Rockwell as a townhouse, and the official zoning record covers the 2245-2249 townhouse site. This parent overlaps a second seven-card parent and a 14-unit successor set, so building type is resolved but its unique count is not.",2026-07-24
residential_multicard_13362030190000,complete,townhouse_development,7,7,12143,https://www.zillow.com/homedetails/2245-N-Rockwell-St-2-Chicago-IL-60647/2079184131_zpid/,https://chicago.legistar.com/ViewReport.ashx?Extra=WithText&GID=106&GUID=A307891E-B570-4020-907A-002DCBD73E5C&ID=3056339&M=R&N=Master&Title=Legislation+Details+%28With+Text%29,TRUE,FALSE,"Zillow and the official zoning record identify the 2245-2249 site as attached townhouse construction. This parent overlaps the neighboring seven-card parent and lacks a separate successor set, so its unique episode count remains unresolved.",2026-07-24
residential_multicard_13362160310000,complete,three_detached_single_family_houses,3,3,7640,https://www.redfin.com/IL/Chicago/2202-N-Campbell-Ave-60647/home/140045665,https://www.zillow.com/homedetails/2504-W-Palmer-St-Chicago-IL-60647/332930449_zpid/,TRUE,TRUE,"External sources identify 2202 N Campbell and 2504 W Palmer as detached single-family homes; the third exact permit is at 2206 N Campbell. Three permits, footprints, successor parcels, and cards reproduce three houses.",2026-07-24
residential_multicard_13363170210000,complete,two_family_property,1,2,2850,https://www.padmapper.com/rentals/9425316p/2-bedroom-2-bath-apartment-at-1701-n-troy-st-chicago-il-60647,https://www.google.com/maps/search/?api=1&query=1701%20N%20Troy%20St%20Chicago%20IL,TRUE,TRUE,"The external rental record and the A/B successor addresses identify one two-unit residential building. Two cards and two unit-designated successors reproduce the two-unit count.",2026-07-24
residential_multicard_13364070340000,complete,two_attached_single_family_townhouses,2,2,4752,https://www.zillow.com/homedetails/2518-W-Cortland-St-Chicago-IL-60647/332930782_zpid/,https://www.redfin.com/IL/Chicago/2518-W-Cortland-St-60647/unit-41/home/146242935,TRUE,TRUE,"External sources identify the Cortland development as attached fee-simple townhouses. Two one-unit cards and two successor parcels reproduce two townhouse components.",2026-07-24
residential_multicard_13364080550000,complete,townhouse_development,3,3,6843,https://www.redfin.com/IL/Chicago/2455-W-Homer-St-60647/home/40374903,https://www.google.com/maps/search/?api=1&query=2455%20W%20Homer%20St%20Chicago%20IL,TRUE,TRUE,"Redfin identifies 2455 W Homer as a fee-simple townhome. Three one-unit cards and successor addresses at 2455, 2457, and 2459 reproduce three attached homes.",2026-07-24
residential_multicard_14072180230000,complete,single_apartment_building,1,2,,https://www.zillow.com/b/1724-w-berwyn-ave-chicago-il-9s6r/,https://www.google.com/maps/search/?api=1&query=1724%20W%20Berwyn%20Ave%20Chicago%20IL,TRUE,TRUE,"Zillow identifies 1724 W Berwyn as one apartment building and separately lists Units 1 and 2. The two one-unit cards therefore represent two dwellings in one physical multifamily building.",2026-07-24
residential_multicard_14193060100000,complete,townhouse_development,3,3,,https://www.redfin.com/IL/Chicago/2033-W-Addison-St-60618/unit-B/home/13387731,https://www.google.com/maps/search/?api=1&query=2033%20W%20Addison%20St%20Chicago%20IL,TRUE,FALSE,"Redfin identifies 2033 W Addison Unit B as a townhouse. Parcel lineage identifies three townhouse successors, while the historical parent has two one-unit cards. The site should be excluded from multifamily, but the parent-specific count remains unresolved.",2026-07-24
residential_multicard_14193110360000,complete,two_attached_single_family_townhouses,2,2,,https://www.apartments.com/2224-w-roscoe-st-chicago-il/lvzw2rd/,https://www.realtor.com/realestateandhomes-detail/2224-W-Roscoe-St-A_Chicago_IL_60618_M71264-20328,TRUE,TRUE,"External listings identify 2224 W Roscoe Unit A as a townhouse and the paired Roscoe/Bell addresses as two attached homes. The two cards describe townhouse components rather than one multifamily building.",2026-07-24
residential_multicard_14203030190000,complete,single_mixed_use_apartment_building,1,4,7266,https://www.crexi.com/lease/properties/108148/illinois-3542-n-southport-ave,https://www.google.com/maps/search/?api=1&query=3542%20N%20Southport%20Ave%20Chicago%20IL,TRUE,TRUE,"Crexi identifies 3542 N Southport as one mixed-use building with four apartments and 7,266 square feet. The selected assessor record reproduces the four residential units and building area, so this belongs in the multifamily sample.",2026-07-24
residential_multicard_14203110570000,complete,single_apartment_building,1,4,,https://www.zillow.com/b/3440-north-southport-avenue-2-chicago-il-Bjvw/,https://www.google.com/maps/search/?api=1&query=3440%20N%20Southport%20Ave%20Chicago%20IL,TRUE,TRUE,"Zillow identifies 3440 N Southport as one apartment building and exposes separate unit listings at the address. The assessor record reports four dwellings in the physical building, so the project belongs in the multifamily sample.",2026-07-24
residential_multicard_14204230050000,complete,single_apartment_building,1,3,4729,https://www.crexi.com/property-records/14204230050000-CHICAGO-IL-60657-7978/e11e992f312ed3fcd239d5255c47d4f14a545e3d,https://www.google.com/maps/search/?api=1&query=3247%20N%20Seminary%20Ave%20Chicago%20IL,TRUE,TRUE,"Crexi identifies the exact PIN at 3247 N Seminary as one three-unit, 4,729-square-foot multifamily building. Those values exactly reproduce the selected assessor record.",2026-07-24
residential_multicard_14302050090000,complete,townhouse_development,3,3,,https://www.zillow.com/homedetails/3101-N-Damen-Ave-Chicago-IL-60618/245677521_zpid/,https://www.google.com/maps/search/?api=1&query=1952%20W%20Barry%20Ave%20Chicago%20IL,TRUE,TRUE,"Zillow identifies 3101 N Damen as a townhouse, and parcel lineage identifies townhouse successors at 1952, 1954, and 1956 W Barry. The three one-unit cards describe three attached homes rather than one multifamily building.",2026-07-24
residential_multicard_14304040490000,complete,single_six_unit_condominium_building,1,6,,https://www.zillow.com/homedetails/1656-W-Wrightwood-Ave-3-Chicago-IL-60614/2059768255_zpid/,https://www.google.com/maps/search/?api=1&query=1656%20W%20Wrightwood%20Ave%20Chicago%20IL,TRUE,TRUE,"The address is a condominium building with separately identified unit records, including Unit 3. The assessor record reports six dwellings in one physical building, so the project belongs in the multifamily sample rather than being treated as six houses.",2026-07-24
residential_multicard_14313250410000,complete,single_mixed_use_one_dwelling_building,1,1,3085,https://chicago.legistar.com/LegislationDetail.aspx?From=RSS&FullText=1&G=503964DF-290E-455B-86CC-7B03A231E984&GUID=EBD8C809-7AFE-4E5F-85C7-215B41E81447&ID=1423009,https://www.crexi.com/lease/properties/998809/illinois-1708-n-damen-avenue-1,TRUE,FALSE,"The official zoning application specifies ground-floor retail with one dwelling above. Crexi identifies one 3,085-square-foot mixed-use building and labels two total units, evidently one commercial and one residential. The assessor's two-unit value is not a count of two dwellings; this site should not enter the multifamily sample.",2026-07-24
residential_multicard_14324100350000,complete,single_detached_single_family_house,1,1,7896,https://www.zillow.com/homedetails/1962-N-Halsted-St-Chicago-IL-60614/2123257043_zpid/,https://www.google.com/maps/search/?api=1&query=1962%20N%20Halsted%20St%20Chicago%20IL,TRUE,FALSE,"Zillow identifies 1962 N Halsted as one 7,896-square-foot single-family residence. The two assessor cards do not describe two residential buildings or two dwellings, so this site should be excluded from the multifamily sample and its residential unit count requires correction to one.",2026-07-24
residential_multicard_14333180250000,complete,townhouse_development,5,5,,https://www.redfin.com/IL/Chicago/1756-N-Cleveland-Ave-60614/home/13345699,https://www.google.com/maps/search/?api=1&query=1756%20N%20Cleveland%20Ave%20Chicago%20IL,TRUE,TRUE,"Redfin identifies 1756 N Cleveland as an attached townhouse, and the five one-unit cards correspond to the row's townhouse components. The site is a collection of attached single-family homes rather than one multifamily building.",2026-07-24
residential_multicard_16113080220000,complete,two_adjacent_apartment_buildings,2,5,5910,https://www.crexi.com/property-records/16113080750000-CHICAGO-IL-60624-2355/c3e247ae4e8f0e601a5c36a1e5a36efdc78f9c9c,https://www.redfin.com/IL/Chicago/3860-W-West-End-Ave-60624/home/13292480,TRUE,FALSE,"Crexi identifies 3858 W West End as a three-unit, 2,955-square-foot building, and Redfin identifies adjacent 3860 as a legal two-flat of approximately the same size. The site contains two multifamily buildings and belongs in the multifamily sample, but current external evidence supports five rather than the historical six-unit total.",2026-07-24
residential_multicard_16133040040000,complete,townhouse_development,6,6,,https://www.compass.com/building/713-s-kedzie-ave-chicago-il-60612/593300757067458613/,https://www.google.com/maps/search/?api=1&query=713%20S%20Kedzie%20Ave%20Chicago%20IL,TRUE,FALSE,"Compass identifies 713 S Kedzie as a six-unit townhouse condominium development. The historical parent has five cards and shares successor addresses with the adjoining Kedzie development, so townhouse use is clear but the parent-specific five-unit count is not independently supported.",2026-07-24
residential_multicard_16133120440000,complete,townhouse_development,1,1,,https://www.zillow.com/homedetails/805-S-Kedzie-Ave-Chicago-IL-60612/123561517_zpid/,https://www.google.com/maps/search/?api=1&query=805%20S%20Kedzie%20Ave%20Chicago%20IL,TRUE,FALSE,"Zillow identifies 805 S Kedzie as a townhome. The two-card historical parent is part of a larger attached-home development, so the site should be excluded from multifamily, but the parent-specific two-unit count is not independently verified.",2026-07-24
residential_multicard_16133120460000,complete,townhouse_development,10,10,,https://ilfls.com/listing/821-s-kedzie-ave-unit-2-chicago-il-60612-403359,https://www.redfin.com/IL/Chicago/805-S-Kedzie-Ave-60612/home/64226794,TRUE,FALSE,"External listings identify the Kedzie addresses as townhouse or rowhouse units, and parcel lineage identifies ten physical townhouse successors. The historical parent has five cards and reports fifteen units, so building type is resolved but its parent-specific unit total is not.",2026-07-24
residential_multicard_16133080040000,complete,townhouse_development,2,2,,https://www.compass.com/building/3149-w-lexington-st-chicago-il-60612/592962061927802045/,https://www.zillow.com/homedetails/3149-W-Lexington-St-UNIT-4-Chicago-IL-60612/117891619_zpid/,TRUE,FALSE,"Compass identifies the successor address at 3149 W Lexington as a five-unit townhouse development, and Zillow identifies an individual successor as a fee-simple townhouse. The parent links to one Lexington unit and 743 S Kedzie, resolving townhouse use but not independently proving that exactly two components belong to this historical parent.",2026-07-24
residential_multicard_16134250010000,complete,detached_single_family_collection,17,17,,https://www.redfin.com/IL/Chicago/2543-W-Grenshaw-St-60612/home/39563538,https://www.realtor.com/realestateandhomes-detail/2507-W-Grenshaw-St_Chicago_IL_60612_M71375-62844,TRUE,TRUE,"External listings at both ends of the exact permit-address range identify detached single-family houses built in 2008-2009. Seventeen exact new-construction permits at distinct Grenshaw addresses reproduce the seventeen one-unit cards. The parent overlaps a much larger later parcel lineage, but this construction episode is a seventeen-house collection rather than multifamily construction.",2026-07-24
residential_multicard_16142200010000,complete,townhouse_development,5,5,16250,https://www.redfin.com/IL/Chicago/3325-W-Jackson-Blvd-60624/home/45510984,https://www.redfin.com/IL/Chicago/3317-W-Jackson-Blvd-60624/home/45510988,TRUE,FALSE,"Redfin identifies 3317 and 3325 W Jackson as individual three-story townhouses of approximately 3,250 square feet. The five equal one-unit cards therefore describe a row of attached single-family townhouses, not one multifamily building. Current successor addresses do not independently isolate all five historical components, so the parent count remains lineage-based.",2026-07-24
residential_multicard_16362010090000,complete,townhouse_development,70,70,,https://www.zillow.com/homedetails/2416-W-32nd-Pl-Chicago-IL-60608/89961325_zpid/,https://www.redfin.com/IL/Chicago/2416-W-32nd-Pl-60608/home/26812214,TRUE,FALSE,"Zillow and Redfin identify 2416 W 32nd Place as an individual townhouse in a seventy-townhouse community. The historical parent contains forty-three one-unit cards and should be excluded from multifamily, but the parent-specific forty-three-unit count cannot be independently isolated from the broader seventy-home development.",2026-07-24
residential_multicard_16362010900000,complete,townhouse_development,9,9,,https://www.redfin.com/IL/Chicago/2430-W-Bross-Ave-60608/home/52208650,https://www.redfin.com/IL/Chicago/2440-W-Bross-Ave-60608/unit-9/home/105709367,TRUE,FALSE,"Redfin identifies 2430 W Bross as an individual townhome and the neighboring nine-unit component at 2440 W Bross as McKinley Gardens townhomes. The historical parent is part of the larger development and should be excluded from multifamily, but its nine-card count is not independently isolated from the thirty-six successor parcels.",2026-07-24
residential_multicard_16362011000000,complete,townhouse_development,8,8,13288,https://www.redfin.com/IL/Chicago/2442-W-Bross-Ave-60608/home/113044321,https://www.redfin.com/IL/Chicago/2440-W-Bross-Ave-60608/unit-9/home/105709367,TRUE,TRUE,"The exact Redfin property record reports eight structures totaling 13,288 square feet at 2442 W Bross. The adjacent, contemporaneous McKinley Gardens records identify the same structural form as fee-simple townhouses. The eight cards therefore describe eight attached homes rather than one multifamily building.",2026-07-24
residential_multicard_16364050590000,complete,townhouse_development,18,18,,https://www.redfin.com/IL/Chicago/3531-S-Maplewood-Ave-60632/unit-3/home/171314574,https://www.hellocondo.com/chicago-il/3515-s-maplewood-avenue-chicago-il-60632,TRUE,FALSE,"Redfin identifies the Maplewood project as McKinley Square Townhomes, and the 3515 building page identifies nine large townhouse units. The historical parent contains eighteen one-unit cards within a broader forty-nine-unit successor lineage. Townhouse use is clear, but the parent-specific eighteen-unit count is not independently isolated.",2026-07-24
residential_multicard_16364050790000,complete,townhouse_development,10,10,20600,https://www.redfin.com/IL/Chicago/3535-S-Maplewood-Ave-60632/unit-4/home/178522326,https://www.redfin.com/IL/Chicago/3531-S-Maplewood-Ave-60632/unit-3/home/171314574,TRUE,FALSE,"External listings identify 3535 S Maplewood Unit 4 and the adjoining McKinley Square development as townhouses. Ten one-unit cards totaling 20,600 square feet describe attached homes, not one multifamily building, although the parent-specific count lacks a separate current successor crosswalk.",2026-07-24
residential_multicard_16364130200000,complete,townhouse_development,12,12,,https://www.redfin.com/IL/Chicago/2501-W-36th-St-60632/unit-11/home/26812235,https://www.zillow.com/homedetails/2501-W-36th-St-UNIT-16-Chicago-IL-60632/89946650_zpid/,TRUE,FALSE,"Redfin identifies McKinley Commons as a twelve-townhouse development, and Zillow identifies Unit 16 as a townhouse and single-family residence. The historical parent contains eight one-unit cards within a larger successor set, so it should be excluded from multifamily but its eight-card episode count is not independently isolated.",2026-07-24
residential_multicard_17043200080000,complete,townhouse_development,47,47,,https://www.compass.com/building/1017-n-cleveland-ave-chicago-il-60610/593174454586667773/,https://www.redfin.com/IL/Chicago/1017-N-Cleveland-Ave-60610/unit-3/home/144509976,TRUE,FALSE,"Compass identifies Basecamp River North as a forty-seven-unit townhouse development, and Redfin identifies its individual Cleveland units as attached single-family townhouses. The historical parent has thirty-nine equal one-unit cards and overlaps a larger successor lineage. It should be excluded from multifamily, but the parent-specific count is not independently verified.",2026-07-24
residential_multicard_17071220180000,complete,two_detached_single_family_houses,2,2,4390,https://www.realtor.com/realestateandhomes-detail/2217-W-Race-Ave_Chicago_IL_60612_M87891-29070,https://www.countyoffice.org/w-race-ave-chicago-il-property-records/,TRUE,TRUE,"Realtor identifies 2217 W Race as a detached single-family house, and the street record identifies adjacent 2213 W Race as a separate 2014 house. Two exact new-construction permits and two successor parcels reproduce the two one-unit cards and establish a two-house project.",2026-07-24
residential_multicard_17073250490000,complete,single_apartment_building,1,4,4684,https://www.peakproperties.biz/apartments/il/chicago/2235-w-washington-blvd/default,https://www.loopnet.com/property/2235-w-washington-blvd-chicago-il-60612/17031-17073250490000/,TRUE,FALSE,"The property manager identifies one four-unit apartment building, while LoopNet and the current noncondominium assessor record report 4,684 square feet on the exact PIN. The two historical cards occur in different tax years and should not be summed. Replace the historical two-unit, 9,368-square-foot totals with four units and 4,684 square feet.",2026-07-24
residential_multicard_17174190080000,complete,single_apartment_building,1,4,3750,https://www.crexi.com/property-records/17174190080000-CHICAGO-IL-60607-4212/91ef824ab019a2eb5317b8165069af2145cebe85,https://www.realtor.com/realestateandhomes-detail/919-S-Aberdeen-St_Chicago_IL_60607_M86671-63050,TRUE,TRUE,"Crexi and Realtor identify one completed four-unit multifamily building with 3,750 square feet, built in 2022. The 2021 permit described two units but expired; the completed assessor and external property records consistently report four units, so the final four-unit record is supported.",2026-07-24
residential_multicard_17183280210000,complete,single_apartment_building,1,2,5799,https://www.redfin.com/IL/Chicago/1000-S-Oakley-Blvd-60612/home/12584489,https://www.zillow.com/homedetails/1000-S-Oakley-Blvd-Chicago-IL-60612/441076213_zpid/,TRUE,TRUE,"Redfin reports one two-unit apartment building with 5,799 square feet on the exact PIN; Zillow independently reports a 5,799-square-foot multifamily property. The external record matches the retained assessor totals.",2026-07-24
residential_multicard_17201020590000,complete,townhouse_components_within_larger_development,1,1,2448,https://www.redfin.com/IL/Chicago/1348-W-Washburne-Ave-60608/home/13144034,https://chicago.legistar.com/View.ashx?GUID=234BB5D9-E459-4024-8357-0515E0DCD09E&ID=2319116&M=F,TRUE,FALSE,"Redfin identifies the exact PIN as a 2,448-square-foot Roosevelt Square townhouse. The city record places 1348 W Washburne within a larger scattered-site disposition. The audit's two identical 2,448-square-foot cards sum to 4,896 square feet and two units, but the exact property record supports one townhouse and 2,448 square feet. Exclude it from multifamily and treat the card sum as unsupported.",2026-07-24
residential_multicard_17201030540000,complete,townhouse_components_within_larger_development,2,2,4896,https://www.compass.com/homedetails/1244-W-Washburne-Ave-Chicago-IL-60608/1XODB1_pid/,https://www.redfin.com/IL/Chicago/1256-W-Washburne-Ave-60608/home/26795576,TRUE,TRUE,"Compass reports 4,896 square feet and six baths at the exact Roosevelt Square public-use parcel, while the adjoining 1256 W Washburne record identifies the component form as 2,448-square-foot townhouses. The two equal assessor cards are therefore consistent with two attached single-dwelling components, not one apartment building. The larger set of seven two-unit permits geocoded to the historical parent is not used to inflate this exact parcel.",2026-07-24
residential_multicard_17211230320000,complete,townhouse_components_within_larger_development,1,1,2320,https://www.redfin.com/IL/Chicago/1455-S-Halsted-St-60607/home/40381642,https://www.zillow.com/b/1455-s-halsted-st-chicago-il-65cPx7/,TRUE,FALSE,"Redfin identifies 1455 S Halsted as an individual University Village townhome. The historical parent has two one-unit cards, while its successor area contains both townhouses and condominium PINs. Townhouse use is clear, but the exact two-card episode and summed 3,384 square feet are not established by the current address record.",2026-07-24
residential_multicard_17211330050000,complete,townhouse_development,5,5,,https://www.redfin.com/IL/Chicago/763-W-15th-St-60607/home/26819456,https://www.redfin.com/IL/Chicago/747-W-15th-St-60607/home/26819454,TRUE,FALSE,"Redfin identifies 763 W 15th and the adjacent row as fee-simple University Village townhouses. The five one-unit historical cards therefore describe attached single-dwelling homes rather than an apartment building, but the exact five-card parent count is not independently reproduced by current successor records.",2026-07-24
residential_multicard_17271290200000,complete,townhouse_development,6,6,,https://www.zillow.com/homedetails/348-E-Finsbury-Ct-1-D-Chicago-IL-60616/448623535_zpid/,https://www.atproperties.com/10162447/352-e-finsbury-court-3-d-chicago-illinois-60616-nei,TRUE,FALSE,"Listings identify the Finsbury Court components as Eastgate Village townhomes with private entrances and attached garages. The historical parent has six one-unit cards within a much larger mixed successor lineage. The physical type supports exclusion from multifamily, but the exact six-unit parent count and 9,856-square-foot sum are not independently isolated.",2026-07-24
residential_multicard_17271290980000,complete,townhouse_development,9,9,,https://www.zillow.com/homedetails/343-E-25th-St-Chicago-IL-60616/124875257_zpid/,https://illinoisanswers.org/2016/03/13/taxpayers-first-pay-to-build-then-lease-luxury-homes/,TRUE,FALSE,"Zillow identifies 343 E 25th as a townhouse and single-family residence; reporting on Eastgate Village likewise describes the development's three-story townhomes. The nine one-unit cards and current assessor totals agree internally, but the web evidence does not independently enumerate the historical parent's nine components.",2026-07-24
residential_multicard_17282090070000,complete,single_mixed_use_apartment_building,1,3,5280,https://www.loopnet.com/Listing/255-W-22nd-Pl-Chicago-IL/23837348/,https://occprodstoragev1.blob.core.usgovcloudapi.net/lsmeetingattachmentspublic/851f34c6-3333-4010-a2d3-e75df49e1ad1.pdf,TRUE,FALSE,"LoopNet identifies one four-story, 5,280-square-foot storefront retail/residential building on the exact PIN. The official zoning application describes three dwelling units above one ground-floor commercial unit. Replace the assessor card's four-unit count with three units and retain 5,280 square feet.",2026-07-24
residential_multicard_17294020010000,complete,townhouse_development,27,27,,https://www.redfin.com/IL/Chicago/2615-S-Throop-St-60608/unit-T8/home/177706944,https://www.realtor.com/local/property-records/illinois/cook-county/chicago/s-throop-st,TRUE,FALSE,"The exact parent PIN is used by listings for AAA Residences, a 27-townhouse development spanning Hillock and Throop addresses. The seven historical cards belong to this attached single-family development and should be excluded from multifamily, but they cannot be equated to all twenty-seven successor homes or independently isolated as a seven-home phase.",2026-07-24
residential_multicard_17313050350000,complete,two_attached_single_family_townhouses,2,2,3312,https://www.redfin.com/IL/Chicago/3559-S-Hamilton-Ave-60609/unit-A/home/113096282,https://www.realtor.com/realestateandhomes-detail/3559-S-Hamilton-Ave-A_Chicago_IL_60609_M79546-73753,TRUE,TRUE,"The exact successor addresses are Units A and B. Redfin and Realtor identify Unit A as a fee-simple row townhouse, while the whole-address record reports two components. The two one-unit cards represent two attached single-family homes, not a multifamily building; the external 3,312-square-foot total is close to but not identical to the 3,240-square-foot historical sum.",2026-07-24
residential_multicard_17313100010000,complete,townhouse_development,8,8,,https://www.countyoffice.org/s-oakley-ave-chicago-il-property-records/,https://www.zillow.com/homedetails/3537-S-Oakley-Ave-Chicago-IL-60609/89919293_zpid/,TRUE,FALSE,"Current records identify the Oakley successor row, including 3535, 3537, 3539, and 3541, as fee-simple townhouses built in 2007. The historical parent has eight one-unit cards inside a broader successor lineage. It should be excluded from multifamily, but the web evidence does not independently isolate the exact eight-card phase.",2026-07-24
residential_multicard_17313120190000,complete,two_attached_single_family_townhouses,2,2,3454,https://www.zillow.com/homedetails/3619-S-Blake-St-Chicago-IL-60609/113499905_zpid/,https://www.redfin.com/IL/Chicago/3615-S-Blake-St-60609/unit-D/home/64226938,TRUE,TRUE,"Zillow identifies 3619 S Blake as a 1,727-square-foot townhouse built in 2010, and Redfin describes Blake Station as attached single-family townhomes. The two successor addresses and two equal one-unit cards sum to 3,454 square feet, supporting two attached single-family homes rather than a multifamily building.",2026-07-24
residential_multicard_17333260380000,complete,townhouse_development,6,6,,https://www.redfin.com/IL/Chicago/3849-S-Parnell-Ave-60609/home/167702560,https://www.homes.com/property/3859-s-parnell-ave-chicago-il/ng6b9s9jnhq8m/,TRUE,FALSE,"External records identify the exact and successor addresses as individual townhouses. The permit and six one-unit assessor cards indicate a six-home episode, but the web evidence does not independently enumerate every component or verify the 8,880-square-foot historical sum.",2026-07-24
residential_multicard_17344230090000,complete,townhouse_development,5,5,,https://www.redfin.com/IL/Chicago/717-E-38th-St-60653/unit-C4-105/home/39588024,https://www.redfin.com/IL/Chicago/729-E-38th-St-60653/home/12637511,TRUE,FALSE,"External records identify components along the exact successor row as townhouses. The historical parent has five one-unit cards inside a seven-address successor lineage, so townhouse use is clear but the exact five-card phase and 10,049-square-foot sum are not independently isolated.",2026-07-24
residential_multicard_17344240060000,complete,two_attached_single_family_townhouses,2,2,,https://www.redfin.com/IL/Chicago/722-E-Pershing-Rd-60653/home/105708901,https://www.countyoffice.org/e-pershing-rd-chicago-il-property-records/,TRUE,TRUE,"Redfin and the street property record identify 720 and 722 E Pershing as row townhouses. The two successor addresses match the two one-unit historical cards, supporting two attached single-family homes rather than one multifamily building.",2026-07-24
residential_multicard_17344240070000,complete,two_attached_single_family_townhouses,2,2,,https://www.zillow.com/homedetails/714-E-Pershing-Rd-Chicago-IL-60653/245565608_zpid/,https://www.countyoffice.org/e-pershing-rd-chicago-il-property-records/,TRUE,TRUE,"Zillow and the street property record identify the Pershing Road components as townhouses. The 716 and 718 successor addresses match the two one-unit historical cards, supporting two attached single-family homes rather than one multifamily building.",2026-07-24
residential_multicard_17344240080000,complete,two_attached_single_family_townhouses,2,2,,https://www.zillow.com/homedetails/714-E-Pershing-Rd-Chicago-IL-60653/245565608_zpid/,https://www.countyoffice.org/e-pershing-rd-chicago-il-property-records/,TRUE,TRUE,"Zillow and the street property record identify 712 and 714 E Pershing as townhouses. The two successor addresses match the two one-unit historical cards, supporting two attached single-family homes rather than one multifamily building.",2026-07-24
residential_multicard_19174190410000,complete,two_detached_single_family_houses,2,2,,https://www.zillow.com/homedetails/6159-S-Monitor-Ave-Chicago-IL-60638/89903096_zpid/,https://www.redfin.com/IL/Chicago/6155-S-Monitor-Ave-60638/home/26823356,TRUE,TRUE,"Zillow and Redfin identify 6159 and 6155 S Monitor as separate detached single-family houses built in 2007. The two successor addresses match the two one-unit cards, so this is a two-house project rather than multifamily construction.",2026-07-24
residential_multicard_19174270420000,complete,two_detached_single_family_houses,2,2,,https://www.zillow.com/homedetails/6159-S-Monitor-Ave-Chicago-IL-60638/89903096_zpid/,https://www.realtor.com/propertyrecord-search/60644/S-Monitor-Ave,TRUE,FALSE,"Property records identify 6201 and 6203 S Monitor as separate large single-family homes, consistent with the two one-unit cards and two successor addresses. Their physical type is resolved, but the web records do not independently reproduce the historical 5,556-square-foot total.",2026-07-24
residential_multicard_20023000260000,complete,townhouse_development,9,9,19350,https://dompropertiesinc.com/projects.html,https://www.trulia.com/home/4300-s-drexel-blvd-chicago-il-60653-159002729,TRUE,TRUE,"The developer describes 4300 S Drexel as nine three-story townhomes of approximately 2,150 square feet each. That independently reproduces the nine-unit scale and nearly exactly matches the 19,341-square-foot historical sum, so the cards represent attached single-family townhomes rather than multifamily construction.",2026-07-24
residential_multicard_20023050210000,complete,townhouse_development,9,9,,https://yochicago.com/we-love-lists-one-more-time-with-the-townhouses/,https://www.redfin.com/IL/Chicago/4450-S-Drexel-Blvd-60653/home/26823885,TRUE,TRUE,"Contemporaneous reporting identifies Drexel Square at 4450 S Drexel as a nine-townhouse development, and the exact property record identifies fee-simple townhouse use. The nine one-unit cards therefore represent nine attached single-family homes, not one apartment building.",2026-07-24
residential_multicard_20023050320000,complete,townhouse_development,12,12,,https://www.buildzoom.com/contractor/eco-development-inc,https://www.redfin.com/IL/Chicago/4434-S-Drexel-Blvd-60653/unit-D/home/177077742,TRUE,TRUE,"The completed permit revision explicitly describes four buildings containing twelve townhomes at the 4430-4448 S Drexel addresses. Redfin independently identifies the components as fee-simple townhouses. The twelve one-unit cards therefore represent attached single-family homes rather than multifamily construction.",2026-07-24
residential_multicard_20031110050000,complete,two_detached_single_family_houses,2,2,4210,https://www.redfin.com/IL/Chicago/4017-S-Calumet-Ave-60653/home/147831801,https://www.redfin.com/IL/Chicago/4021-S-Calumet-Ave-60653/home/172494823,TRUE,TRUE,"Redfin identifies the two successor addresses as separate newly built fee-simple single-family houses. The 4021 record reports 2,105 square feet, exactly half the 4,210-square-foot historical total, supporting two equal detached homes rather than one multifamily building.",2026-07-24
residential_multicard_20032070190000,complete,two_detached_single_family_houses,2,2,,https://www.redfin.com/IL/Chicago/3976-S-Langley-Ave-60653/home/13961251,https://www.redfin.com/IL/Chicago/3972-S-Langley-Ave-60653/home/174566656,TRUE,FALSE,"External records identify 3972 and 3976 S Langley as separate custom single-family houses. The two successor addresses match the two one-unit cards, but the listings do not independently reproduce the historical 4,619-square-foot assessor sum.",2026-07-24
residential_multicard_20032080150000,complete,two_attached_single_family_townhouses,2,2,,https://www.trulia.com/home/753-e-oakwood-blvd-chicago-il-60653-463084173,https://www.realtor.com/realestateandhomes-detail/755-E-Oakwood-Blvd_Chicago_IL_60653_M73045-75959,TRUE,TRUE,"Trulia and Realtor identify 753 and 755 E Oakwood as separate fee-simple row townhouses. The two successor addresses match the two one-unit cards, supporting two attached single-family homes rather than multifamily construction.",2026-07-24
residential_multicard_20143120360000,complete,townhouse_development,7,7,8696,https://www.redfin.com/IL/Chicago/6115-S-University-Ave-60637/home/28563204,https://www.zumper.com/apartment-buildings/p410484/6115-s-university-woodlawn-chicago-il,TRUE,TRUE,"Redfin identifies the property as row-type townhouse construction, and the rental building record independently reports seven townhouse units. Seven equal one-unit assessor cards sum to the externally reported project scale, so this is an attached single-family development rather than multifamily construction.",2026-07-24
residential_multicard_20143120370000,complete,townhouse_development,7,7,8696,https://www.propertyreach.com/il/chicago/6117-s-university-ave/56173491,https://www.compass.com/homedetails/6117-S-University-Ave-Unit-4-Chicago-IL-60637/1XMGPA_pid/,TRUE,TRUE,"The property record reports seven townhouse buildings totaling 8,696 square feet, and Compass identifies an individual component as a two-story townhouse. Those external totals exactly match the seven one-unit assessor cards, so this is an attached single-family development rather than multifamily construction.",2026-07-24
residential_multicard_20143160010000,complete,townhouse_development,17,17,,https://www.realtor.com/realestateandhomes-detail/6201-S-Ellis-Ave_Chicago_IL_60637_M91390-46647,https://www.chicagocityscape.com/address.php?address=6201+S+Ellis+Ave&city=Chicago&lat=41.781807&lng=-87.600624&pin=20143160640000&state=IL,TRUE,FALSE,"The exact address and successor records identify a gated row-townhouse development. The historical parent contains nine one-unit cards within a seventeen-address successor lineage, so townhouse use is resolved but the exact nine-card phase and 19,436-square-foot historical sum are not independently isolated.",2026-07-24
residential_multicard_20144120210000,complete,two_detached_single_family_houses,2,2,4416,https://www.redfin.com/IL/Chicago/6240-S-Kimbark-Ave-60637/home/178523726,https://www.redfin.com/IL/Chicago/6242-S-Kimbark-Ave-60637/home/161472880/,TRUE,TRUE,"Redfin identifies 6240 and 6242 S Kimbark as separate newly built single-family houses. The 6240 record reports 2,208 square feet and the two equal assessor cards total 4,416 square feet, independently supporting two detached homes rather than one multifamily building.",2026-07-24
residential_multicard_20151120040000,complete,two_adjacent_four_unit_apartment_buildings,2,8,,https://www.compass.com/building/5619-s-calumet-ave-chicago-il-60637/593052432888039693/,https://www.compass.com/building/5621-s-calumet-ave-chicago-il-60637/593352055301334645/,TRUE,TRUE,"Compass independently identifies 5619 and 5621 S Calumet as separate four-unit condominium buildings built in 2007. The two four-unit cards therefore represent two real multifamily buildings and the eight-unit total is supported.",2026-07-24
residential_multicard_20191050470000,complete,single_apartment_building,1,12,16438,https://www.crexi.com/property-records/20191050470000-CHICAGO-IL-60636-2005/c938c3d251cbc92c0d445f7bebf242aaccc02b54,https://www.loopnet.com/property/2101-w-63rd-st-chicago-il-60636/17031-2019105047/,TRUE,TRUE,"Crexi identifies one 12-unit, 16,438-square-foot apartment property on the exact PIN, and LoopNet independently reports apartment use and 16,438 square feet. The two assessor cards are components of one real multifamily property and their summed total is supported.",2026-07-24
residential_multicard_20211060070000,complete,two_adjacent_three_unit_apartment_buildings,2,6,6974,https://www.crexi.com/property-records/20211060070000-CHICAGO-IL-60621/2637d8463fea94138403507c6548ee2e2fd24d74,https://www.redfin.com/IL/Chicago/6737-S-Normal-Blvd-60621/home/18951709,TRUE,TRUE,"Crexi reports two apartment buildings totaling six units and 6,974 square feet on the exact PIN. Redfin independently identifies one three-unit, 3,487-square-foot component, exactly half the total. The two cards therefore represent two real three-unit apartment buildings and should remain multifamily.",2026-07-24
residential_multicard_20211120240000,complete,multifamily_building_collection,9,18,,https://www.trulia.com/home/501-w-64th-st-chicago-il-60621-441103192,https://www.zillow.com/homedetails/501-W-64th-St-A-Chicago-IL-60621/347800272_zpid/,TRUE,FALSE,"External records identify the large parent site as multifamily and describe its components as row-home apartments rather than fee-simple single-family townhouses. The nine two-unit cards plausibly represent nine two-flat buildings, but the external pages expose only individual components and do not independently verify the full eighteen-unit, 19,890-square-foot total.",2026-07-24
residential_multicard_20211120310000,complete,multifamily_building_collection,3,6,,https://www.redfin.com/IL/Chicago/6436-S-Normal-Blvd-60621/home/18951711,https://www.zillow.com/homedetails/6418-S-Normal-Blvd-Chicago-IL-60621/2084368592_zpid/,TRUE,FALSE,"The exact property record identifies a two-unit multifamily component, and neighboring records show the same row-building form. The three equal two-unit cards therefore describe multifamily buildings, but the web evidence does not independently establish that all three components and the 6,630-square-foot total belong to this historical parent.",2026-07-24
residential_multicard_20211130090000,complete,single_apartment_building,1,3,3659,https://www.redfin.com/IL/Chicago/6429-S-Normal-Blvd-60621/unit-1/home/18952836,https://www.realtor.com/local/property-records/illinois/cook-county/chicago/s-normal-blvd,TRUE,TRUE,"Redfin identifies one three-unit, 3,659-square-foot multifamily building on the exact PIN. The external record matches the retained assessor totals, so the site remains multifamily.",2026-07-24
residential_multicard_20231140240000,complete,two_adjacent_three_unit_apartment_buildings,2,6,7290,https://www.crexi.com/property-records/20231140240000-CHICAGO-IL-60637-4204/392d265f378ec733a1a3f66d74d67c60467f3eac,https://www.coldwellbankerhomes.com/il/chicago/6506-s-ingleside-ave/pid_72649133/,TRUE,TRUE,"Crexi reports two apartment buildings totaling six units and 7,290 square feet on the exact PIN. The current listing independently identifies each Ingleside component as a three-unit building. The two cards therefore represent two real multifamily buildings and the summed totals are supported.",2026-07-24
residential_multicard_20232000230000,complete,two_detached_single_family_houses,2,2,,https://www.zillow.com/homedetails/6334-S-Kimbark-Ave-Chicago-IL-60637/159040373_zpid/,https://www.zillow.com/homedetails/6336-S-Kimbark-Ave-Chicago-IL-60637/2076023631_zpid/,TRUE,FALSE,"Zillow identifies 6334 and 6336 S Kimbark as separate newly built fee-simple single-family houses. The two successor addresses match the two one-unit cards, but the listings report much larger current living areas than the 4,798-square-foot historical sum, so the physical type is resolved while the retained density total is not.",2026-07-24
residential_multicard_20232220160000,complete,single_apartment_building,1,6,9312,https://www.loopnet.com/property/6655-s-woodlawn-ave-chicago-il-60637/17031-20232220160000/,https://www.realtor.com/local/property-records/illinois/cook-county/chicago/s-woodlawn-ave,TRUE,FALSE,"LoopNet identifies an apartment property totaling 9,312 square feet on the exact PIN. The two three-unit cards are consistent with a six-unit multifamily property, but the external pages do not independently report the unit count, so only the physical use and square-foot total are externally resolved.",2026-07-24
residential_multicard_20244290030000,complete,townhouse_development,27,27,,https://www.compass.com/building/2306-e-71st-st-chicago-il-60649/593206014534816053/,https://www.realtor.com/realestateandhomes-detail/2306-E-71st-St-A_Chicago_IL_60649_M74770-74411,TRUE,FALSE,"Compass reports a 27-unit condominium development, while the unit-level record identifies the physical form as two-story attached townhouses. The twenty-seven class-295 cards and successor condo PINs therefore represent individually assessed townhouse components rather than a conventional multifamily building. Exclude the project from multifamily; the 34,748-square-foot card sum is not independently verified.",2026-07-24
residential_multicard_20331040040000,complete,multifamily_building_collection,4,8,,https://www.redfin.com/IL/Chicago/7900-S-Parnell-Ave-60620/home/144510644,https://www.realtor.com/realestateandhomes-detail/7900-S-Parnell-Ave_Chicago_IL_60620_M79642-41471,TRUE,FALSE,"Redfin and Realtor identify the 7900 S Parnell component as a two-unit multifamily building. The four equal two-unit cards are consistent with a row of four two-flats, but the web evidence and current successor lineage do not independently isolate all four historical components or verify the 9,156-square-foot sum.",2026-07-24
residential_17211330040000,complete,townhouse_development,9,9,,https://www.redfin.com/IL/Chicago/725-W-15th-St-60607/unit-20/home/183993309,https://www.zillow.com/homedetails/725-W-15th-St-Chicago-IL-60607/332931912_zpid/,TRUE,FALSE,"The exact parent PIN and successor addresses belong to the University Village row-home development. External records identify the components as newly constructed fee-simple townhouses, not a multifamily building. Nine successor addresses are visible, while the historical parent contains eight one-unit cards, so the physical type is resolved but the exact eight-card phase and 20,060-square-foot sum are not independently verified.",2026-07-24
residential_multicard_13251330010000,complete,two_attached_single_family_townhouses,2,2,,https://www.redfin.com/IL/Chicago/2953-W-George-St-60618/home/12617370,https://www.zillow.com/b/2951-w-george-st-chicago-il-B36nLz/,TRUE,TRUE,"The two successor addresses are separate fee-simple townhouses. Redfin identifies 2953 W George as an attached single-family townhouse, while the permit covers the paired 2951 and 2953 addresses. The two one-unit cards therefore describe two attached single-family homes rather than a multifamily building; the historical 3,768-square-foot sum is not independently supported.",2026-07-24
residential_multicard_16141120360000,complete,two_detached_single_family_houses,2,2,3496,https://www.zillow.com/homedetails/3900-W-Congress-Pkwy-Chicago-IL-60624/113957389_zpid/,https://www.redfin.com/IL/Chicago/3904-W-Congress-Pkwy-60624/home/40378366,TRUE,TRUE,"Zillow and Redfin identify 3900 and 3904 W Congress as separate single-family houses built in 2008. The 3904 public record reports 1,748 square feet, matching one of two equal historical cards and supporting the 3,496-square-foot project total.",2026-07-24
residential_multicard_20041290470000,complete,townhouse_development,4,4,9000,https://www.redfin.com/IL/Chicago/4250-S-Normal-Ave-60609/home/147045277,https://www.compass.com/building/4250-s-normal-ave-chicago-il-60609/593236387478483133/,TRUE,TRUE,"The exact permit and external building records identify a four-unit fee-simple townhouse development at 4250-4256 S Normal. The four one-unit cards therefore describe four attached single-family homes rather than a multifamily building. External records report approximately 2,250 square feet per townhouse, so the historical 6,772-square-foot sum understates the completed development and is not retained as externally verified.",2026-07-24
residential_multicard_20091110270000,complete,multifamily_building_collection,5,15,18300,https://www.apartments.com/718-w-50th-st-chicago-il/4lkvtsl/,https://www.crexi.com/property-records/20091110430000-CHICAGO-IL-60609-5168/aafbd016bebe1a51f8e2b368c912f94bfaba96ba,TRUE,TRUE,"The parent parcel split into five successor apartment parcels at 716, 718, 720, 728, and 732 W 50th. External records identify the components as three-unit apartment buildings, including 718 and 720, while current exact-PIN assessor records reproduce five three-unit, 3,660-square-foot buildings. The historical five-card total is a real fifteen-unit multifamily collection, but the five successor project rows are duplicate representations of the same construction episode.",2026-07-24
residential_multicard_20174210220000,lineage_pending,unresolved_public_use_site,,,,https://www.compass.com/homedetails/6106-S-Peoria-St-Chicago-IL-60621/1X1380_pid/,https://data.cityofchicago.org/api/views/6hme-q5jv/rows.pdf?accessType=DOWNLOAD,FALSE,FALSE,"The current exact parcel is a 1925 governmental/public-use property and remains in the city-owned land inventory. The historical construction records instead contain two 2020 cards associated with permits at 6100 and 6102 S Peoria. No external evidence establishes two completed houses or a defensible link between those permits and the 6106 parent parcel, so the episode remains unresolved and should not be forced into either density sample.",2026-07-24
residential_multicard_21313270020000,complete,two_detached_single_family_houses,2,2,,https://www.zillow.com/homedetails/8603-S-Kingston-Ave-Chicago-IL-60617/87705999_zpid/,https://www.realtor.com/realestateandhomes-detail/8607-S-Kingston-Ave_Chicago_IL_60617_M86638-70686,TRUE,TRUE,"External records identify 8603 and 8607 S Kingston as separate detached single-family houses constructed in 2006-2008. The two one-unit cards therefore represent two houses rather than a multifamily building. Current listings report 2,423 and 2,027 square feet, which do not reproduce the historical 4,054-square-foot sum.",2026-07-24
residential_multicard_25031150310000,complete,single_detached_single_family_house,1,1,1946,https://www.propertyreach.com/il/chicago/90th-st,https://www.countyoffice.org/e-90th-st-chicago-il-property-records/,TRUE,FALSE,"Independent property records identify 42 E 90th as one single-family house built in 2007 with 1,946 square feet on the exact PIN. The two one-unit cards and 3,934-square-foot historical sum therefore duplicate one physical house rather than represent two buildings; one card must be suppressed.",2026-07-24
residential_multicard_13132280110000,complete,expired_unbuilt_single_family_permits,0,0,0,https://www.redfin.com/IL/Chicago/2628-W-Agatite-Ave-60625/home/13488507,https://www.countyoffice.org/w-agatite-ave-chicago-il-property-records/,TRUE,TRUE,"The coach-house permit expired. Current exact-PIN records identify only the original 1922 single-family house and one physical building; there is no completed rear dwelling. Suppress the 832-square-foot card from all new-construction samples.",2026-07-24
residential_multicard_13234060400000,complete,single_detached_single_family_house,1,1,2147,https://www.realtor.com/realestateandhomes-detail/3312-N-Drake-Ave_Chicago_IL_60618_M86219-87649,,TRUE,TRUE,"The completed new-construction permit and public property record identify one detached single-family house. The exact current PIN remains one noncondominium parcel; exclude it from multifamily while retaining one all-construction observation.",2026-07-24
residential_multicard_13361160300000,complete,single_detached_single_family_house,1,1,,https://www.zillow.com/homedetails/2013-N-Whipple-St-Chicago-IL-60647/158512556_zpid/,,TRUE,TRUE,"Zillow and the completed permit identify one detached single-family house built in 2018. The listing reports 3,102 finished square feet rather than the assessor card's 2,179 above-grade square feet, so the one-unit building is verified but the external area is not used to replace the assessor measure.",2026-07-24
residential_multicard_13363020070000,complete,single_detached_single_family_house,1,1,2420,https://www.redfin.com/IL/Chicago/1943-N-Albany-Ave-60647/home/13417345,,TRUE,TRUE,"Redfin's exact-PIN public record identifies one single-family house built in 2008 and reports 2,420 square feet, matching the retained card.",2026-07-24
residential_multicard_13364160130000,complete,single_detached_single_family_house,1,1,2544,https://www.redfin.com/IL/Chicago/2431-W-Moffat-St-60647/unit-2/home/13416457,,TRUE,TRUE,"Redfin identifies one single-family house on the exact PIN, built in 2016 with 2,544 square feet. The unit-style mailing suffix does not indicate a multifamily building.",2026-07-24
residential_multicard_14071130440000,complete,single_detached_single_family_house,1,1,,https://www.redfin.com/IL/Chicago/2200-W-Farragut-Ave-60625/home/13405847,https://www.zillow.com/homedetails/2200-W-Farragut-Ave-Chicago-IL-60625/158528210_zpid/,TRUE,TRUE,"The completed permit and both property pages identify one detached single-family house. Zillow reports about 4,200 finished square feet, which is not comparable to the assessor card's 2,622 above-grade square feet; retain the assessor area but do not call it independently reproduced.",2026-07-24
residential_multicard_14193040190000,complete,single_detached_single_family_house,1,1,3574,https://www.redfin.com/IL/Chicago/3515-N-Leavitt-St-60618/home/13388130,,TRUE,TRUE,"Redfin identifies a fee-simple detached single-family new-construction house and its exact-PIN public facts report 3,574 square feet, matching the retained card.",2026-07-24
residential_multicard_14193100340000,complete,single_detached_single_family_house,1,1,2790,https://www.redfin.com/IL/Chicago/3416-N-Bell-Ave-60618/home/13388430,,TRUE,TRUE,"Redfin identifies one fee-simple single-family new-construction house. Its exact-PIN public facts report 2,790 square feet, matching the retained card.",2026-07-24
residential_multicard_14193140120000,complete,single_detached_single_family_house,1,1,2818,https://www.countyoffice.org/n-hoyne-ave-chicago-il-property-records/,https://www.houzz.com/professionals/design-build-firms/townes-glaser-development-pfvwus-pf~1511225346,TRUE,TRUE,"The address-level property record reports one house built in 2019 with 2,818 square feet, and the builder portfolio identifies 3431 N Hoyne as a house project. This matches the retained one-unit card.",2026-07-24
residential_multicard_14194010010000,complete,single_detached_single_family_house,1,1,,https://www.redfin.com/IL/Chicago/3525-N-Damen-Ave-60618/home/13386803,,TRUE,TRUE,"The completed permit and Redfin identify one single-family house. The listing reports approximately 5,200 square feet rather than the assessor card's 5,119 square feet; this is a minor measurement-definition difference, not evidence of multiple buildings.",2026-07-24
residential_multicard_14194270220000,complete,expired_unbuilt_single_family_permits,0,0,0,https://www.redfin.com/IL/Chicago/1915-W-School-St-60657/home/13385519,,TRUE,TRUE,"The parcel contains an 1892 three-flat. The only purported 2020 new-construction component is a 315-square-foot coach-house card tied to an expired permit, and current public records continue to describe the historic building. Suppress the card from all new-construction samples.",2026-07-24
residential_multicard_14194270270000,complete,single_detached_single_family_house,1,1,3335,https://www.redfin.com/IL/Chicago/1932-W-Melrose-St-60657/home/13384432,,TRUE,TRUE,"Redfin identifies a fee-simple detached single-family house and the exact-PIN public facts report 3,335 square feet, matching the retained card.",2026-07-24
residential_multicard_14201060290000,complete,single_detached_single_family_house,1,1,,https://www.zillow.com/homedetails/3828-N-Janssen-Ave-Chicago-IL-60613/3710913_zpid/,,TRUE,TRUE,"Zillow identifies one single-family residence built in 2008. Its 7,800-square-foot finished-area figure differs from the assessor card's 4,845 above-grade area, so the building and unit count are verified but the external area is not substituted.",2026-07-24
residential_multicard_14201080270000,complete,single_detached_single_family_house,1,1,4838,https://www.realtor.com/realestateandhomes-detail/3830-N-Wayne-Ave_Chicago_IL_60613_M86937-82305,,TRUE,TRUE,"Realtor identifies one single-family house built in 2006 and reports 4,838 square feet, exactly matching the retained card.",2026-07-24
residential_multicard_14203250050000,complete,single_detached_single_family_house,1,1,3027,https://www.redfin.com/IL/Chicago/1447-W-School-St-60657/home/13382196,https://www.trulia.com/home/1447-w-school-st-chicago-il-60657-89925726,TRUE,TRUE,"Redfin and Trulia identify one detached single-family house built in 2007-2008 and report 3,027 square feet, matching the retained card.",2026-07-24
residential_multicard_14203250300000,complete,single_detached_single_family_house,1,1,4233,https://www.redfin.com/IL/Chicago/1430-W-Melrose-St-60657/home/13381901,,TRUE,TRUE,"Redfin identifies one fee-simple detached single-family house and the exact-PIN public facts report 4,233 square feet, matching the retained card.",2026-07-24
residential_multicard_14291150160000,complete,single_detached_single_family_house,1,1,,https://www.countyoffice.org/property-record-1217-w-nelson-st-chicago-il-60657-23e/,,TRUE,TRUE,"The address-level property record identifies one single-family house built in 2008. The 'REAR' assessor-address suffix does not establish a separate multifamily building; the retained target is one dwelling.",2026-07-24
residential_multicard_14291150380000,complete,single_detached_single_family_house,1,1,,https://www.realtor.com/realestateandhomes-detail/1216-W-Wellington-Ave_Chicago_IL_60657_M89314-27221,https://www.zillow.com/homedetails/1216-W-Wellington-Ave-Chicago-IL-60657/3727461_zpid/,TRUE,TRUE,"Realtor and Zillow identify one detached single-family new-construction house built in 2021. Their 4,800-square-foot finished-area figure exceeds the assessor card's 2,895 above-grade area, so the external evidence validates the project and unit count but not a replacement density measure.",2026-07-24
residential_multicard_14291190130000,complete,single_detached_single_family_house,1,1,3370,https://www.zillow.com/homedetails/1225-W-Wellington-Ave-Chicago-IL-60657/87714711_zpid/,https://www.countyoffice.org/w-wellington-ave-chicago-il-property-records/,TRUE,TRUE,"Zillow and the address-level property record identify one single-family house built in 2013. The public record reports 3,370 square feet, matching the retained card.",2026-07-24
residential_multicard_14292240240000,complete,single_detached_single_family_house,1,1,2900,https://www.compass.com/homedetails/1024-W-Wolfram-St-Chicago-IL-60657/594068214391442281_lid/,,TRUE,TRUE,"Compass identifies one fee-simple detached single-family house and its public record reports 2,900 above-grade square feet, matching the retained card.",2026-07-24
residential_multicard_14293050620000,complete,single_detached_single_family_house,1,1,,https://www.redfin.com/IL/Chicago/2742-N-Magnolia-Ave-60614/home/113022186,https://www.realtor.com/realestateandhomes-detail/2744-N-Magnolia-Ave_Chicago_IL_60614_M70863-06520,TRUE,TRUE,"The listing and permit history identify one completed single-family new-construction house at 2744 N Magnolia. The external pages do not reproduce the assessor card's 2,647-square-foot above-grade measure, so only the project type and one-unit count are independently supported.",2026-07-24
residential_multicard_14293100080000,complete,single_detached_single_family_house,1,1,2816,https://www.redfin.com/IL/Chicago/2641-N-Magnolia-Ave-60614/home/13362609,,TRUE,TRUE,"The public listing still displays the demolished predecessor, but the city permit is complete and the current exact-PIN assessor record independently reports one 2022 single-family house with 2,816 square feet. The historical web page is retained to document why current listing aggregators alone are insufficient.",2026-07-24
residential_multicard_14302070180000,complete,single_detached_single_family_house,1,1,2730,https://www.homes.com/property/1715-w-fletcher-st-chicago-il/pchxes7legxe8/,,TRUE,TRUE,"Homes.com identifies one house and reports 2,730 square feet, matching the retained one-unit assessor card. The completed new-construction permit independently confirms the construction episode.",2026-07-24
residential_multicard_14314280210000,complete,single_detached_single_family_house,1,1,2628,https://www.redfin.com/IL/Chicago/1627-N-Wood-St-60622/home/13354838,,TRUE,TRUE,"Redfin identifies one fee-simple detached single-family new-construction house and its exact-PIN public facts report 2,628 square feet, matching the retained card.",2026-07-24
residential_multicard_14314290110000,complete,single_detached_single_family_house,1,1,,https://www.redfin.com/IL/Chicago/1621-N-Hermitage-Ave-60622/home/198045789,https://ilfls.com/listing/17040-cheyenne-ct-lockport-il-60441-882122,TRUE,TRUE,"Redfin and the property record identify one detached single-family house rebuilt in 2006-2008 on the exact PIN. The listing reports finished area rather than the assessor card's 3,082-square-foot above-grade measure, so the external evidence validates the project type and unit count.",2026-07-24
residential_multicard_14322210190000,complete,single_detached_single_family_house,1,1,,https://www.zillow.com/homedetails/2040-N-Clifton-Ave-Chicago-IL-60614/158607111_zpid/,,TRUE,TRUE,"Zillow identifies one single-family house built in 2018. Its 5,500-square-foot finished-area figure differs from the assessor card's 4,000 above-grade area, while the completed permit confirms the construction episode.",2026-07-24
residential_multicard_14322230300000,complete,single_detached_single_family_house,1,1,5838,https://www.redfin.com/IL/Chicago/2018-N-Kenmore-Ave-60614/home/13351464,https://www.zillow.com/homedetails/2018-N-Kenmore-Ave-Chicago-IL-60614/158607276_zpid/,TRUE,TRUE,"Redfin and Zillow identify one double-lot single-family house built in 2014. Redfin separately reports the assessor's 5,838-square-foot above-grade area, matching the retained card, while the 8,900-square-foot listing figure includes finished lower-level space.",2026-07-24
residential_multicard_14324120510000,complete,single_detached_single_family_house,1,1,3382,https://www.redfin.com/IL/Chicago/1828-N-Fremont-St-60614/home/13350970,,TRUE,TRUE,"Redfin identifies one fee-simple detached single-family new-construction house and the exact-PIN public facts report 3,382 square feet, matching the retained card. The 5,100-square-foot listing figure includes additional finished space.",2026-07-24
residential_multicard_14333170310000,complete,single_detached_single_family_house,1,1,4665,https://www.redfin.com/IL/Chicago/1718-N-Mohawk-St-60614/home/13346405,https://www.zillow.com/homedetails/1718-N-Mohawk-St-Chicago-IL-60614/306329249_zpid/,TRUE,TRUE,"Redfin identifies one fee-simple detached single-family house and its exact-PIN public facts report 4,665 square feet, matching the retained card.",2026-07-24
residential_multicard_17042020610000,complete,single_detached_single_family_house,1,1,4671,https://www.redfin.com/IL/Chicago/1442-N-Wieland-St-60610/home/183852444,https://www.trulia.com/home/1442-n-wieland-st-3-chicago-il-60610-80836560,TRUE,TRUE,"The MLS and public pages identify one custom fee-simple single-family house. The 'Unit 3' suffix is a record artifact within the same physical house; Trulia reports 7,400 finished square feet while the assessor card records 4,671 above-grade square feet.",2026-07-24
residential_multicard_17042240240000,complete,spurious_new_construction_card_existing_historic_building,0,0,0,https://www.zillow.com/homedetails/1252-N-State-St-Chicago-IL-60610/3857854_zpid/,https://www.chicagocityscape.com/address.php?address=&city=Chicago&lat=&lng=&pin=17042240240000&state=IL,TRUE,TRUE,"The exact PIN is an 1872 Potter Palmer rowhouse of roughly 5,000 finished square feet. Chicago Cityscape reports no permits since 2006. The isolated 401-square-foot assessor card labeled 2006 cannot be a new residential building and must be suppressed from all new-construction samples.",2026-07-24
residential_multicard_17061070020000,complete,single_detached_single_family_house,1,1,2142,https://www.redfin.com/IL/Chicago/1521-N-Hoyne-Ave-60622/home/14109030,https://www.apartments.com/1521-n-hoyne-ave-chicago-il-unit-ch/fjzl10t/,TRUE,TRUE,"Redfin's exact-PIN public record identifies one 2012 single-family house with 2,142 above-grade square feet, matching the retained card. A separate listing describes the property's coach-house component, but the parcel remains a single-family estate rather than a conventional multifamily building.",2026-07-24
residential_multicard_17061170390000,complete,single_detached_single_family_house,1,1,3712,https://www.redfin.com/IL/Chicago/1320-N-Leavitt-St-60622/home/14108063,,TRUE,TRUE,"Redfin identifies one detached single-family house built in 2013 and its exact-PIN public facts report 3,712 square feet, matching the retained card.",2026-07-24
residential_multicard_17062040290000,complete,single_detached_single_family_house,1,1,,https://www.zillow.com/homedetails/1620-W-Pierce-Ave-Chicago-IL-60622/158772734_zpid/,,TRUE,TRUE,"Zillow and the completed permit identify one detached single-family house built in 2016. The listing's 4,716 finished square feet differs from the assessor card's 2,227 above-grade area; this is retained as a measurement-definition difference, not evidence of another building.",2026-07-24
residential_multicard_17063060140000,complete,expired_unbuilt_single_family_permits,0,0,0,https://www.countyoffice.org/w-haddon-ave-chicago-il-property-records/,https://www.buildzoom.com/contractor/patrick-m-plunkett,TRUE,TRUE,"The parcel remains an 1890 single-family house. The 464-square-foot 2022 card corresponds to the city's first proposed ADU coach house at this address, but the permit is expired and no completed rear unit appears in current property records. Suppress the card from all new-construction samples.",2026-07-24
residential_multicard_17064170120000,complete,single_detached_single_family_house,1,1,,https://www.zillow.com/homedetails/1015-N-Wood-St-Chicago-IL-60622/80809392_zpid/,,TRUE,TRUE,"Zillow and the completed permit identify one single-family house built in 2016. The listing reports 5,000 finished square feet rather than the assessor card's 3,825 above-grade area, so the project type and one-unit count are externally verified.",2026-07-24
residential_multicard_17071110050000,complete,single_detached_single_family_house,1,1,2648,https://www.redfin.com/IL/Chicago/2147-W-Huron-St-60612/unit-1/home/14104765,https://www.zillow.com/b/2147-w-huron-st-chicago-il-9Ry82m/,TRUE,TRUE,"The exact dwelling is a fee-simple-style single-family house despite unit-style address labeling on aggregator pages. Redfin identifies one single-family house built in 2012; the completed permit and one-unit assessor card support exclusion from multifamily.",2026-07-24
residential_multicard_17071130170000,complete,single_detached_single_family_house,1,1,2935,https://www.redfin.com/IL/Chicago/2332-W-Ohio-St-60612/home/14104965,https://www.zillow.com/homedetails/2332-W-Ohio-St-Chicago-IL-60612/158776766_zpid/,TRUE,TRUE,"Redfin identifies one fee-simple detached single-family house and its exact-PIN public facts report 2,935 square feet, matching the retained card. Zillow carries stale predecessor text but also reports the current single-family structure and year.",2026-07-24
residential_multicard_17081080120000,complete,single_detached_single_family_house,1,1,2022,https://ilfls.com/listing/1507-w-superior-st-chicago-il-60622-32347,https://www.zillow.com/homedetails/1509-W-Superior-St-Chicago-IL-60642/158779066_zpid/,TRUE,TRUE,"The exact city permit is complete and explicitly describes one two-story single-family residence. Current public search records list the exact address as one house and a separately labeled component at #2; the assessor retains one one-unit 2,022-square-foot card. Exclude from multifamily.",2026-07-24
residential_multicard_17081210270000,complete,single_detached_single_family_house,1,1,6434,https://www.redfin.com/IL/Chicago/520-N-Armour-St-60642/home/14103374,,TRUE,TRUE,"Redfin identifies one single-family house built in 2009 and reports 6,434 square feet on the exact PIN, matching the retained card.",2026-07-24
residential_multicard_13103220100000,complete,spurious_small_card_existing_historic_single_family,0,0,0,https://www.redfin.com/IL/Chicago/4931-N-Kenneth-Ave-60630/home/13495409,https://ilfls.com/listing/4931-n-kenneth-ave-chicago-il-60630-139458,TRUE,TRUE,"The exact PIN is a 1948 single-family house of roughly 1,244 square feet. The separate 641-square-foot card labeled 2013 is not a new principal dwelling and is suppressed from all new-construction samples.",2026-07-24
residential_multicard_13132330110000,complete,spurious_small_card_existing_historic_multifamily,0,0,0,https://www.loopnet.com/property/4425-n-campbell-ave-chicago-il-60625/17031-13132330110000/,,TRUE,TRUE,"The exact PIN is an older apartment property with 3,461 square feet. The isolated 401-square-foot card labeled 2008 is not a new principal residential building and is suppressed.",2026-07-24
residential_multicard_13134140190000,complete,single_detached_single_family_house,1,1,2916,https://www.countyoffice.org/w-belle-plaine-ave-chicago-il-property-records/,,TRUE,TRUE,"The exact property record identifies one single-family house built in 2014 with 2,916 square feet. The completed permit and one-unit assessor card support exclusion from multifamily.",2026-07-24
residential_multicard_13143070380000,complete,spurious_small_card_existing_historic_multifamily,0,0,0,https://www.redfin.com/IL/Chicago/4304-N-Central-Park-Ave-60618/home/13484048,https://www.countyoffice.org/n-central-park-ave-chicago-il-property-records/,TRUE,TRUE,"The exact property is an older multi-unit building of roughly 2,506 square feet. The 745-square-foot card labeled 2022 is not a new principal dwelling; the Redfin year and area repeat the bad card rather than the physical building.",2026-07-24
residential_multicard_13241060300000,complete,single_detached_single_family_house,1,1,2614,https://www.redfin.com/IL/Chicago/3918-N-Mozart-St-60618/home/13453790,https://www.trulia.com/home/3918-n-mozart-st-chicago-il-60618-3667686,TRUE,TRUE,"Redfin identifies one new-construction single-family house and reports the exact PIN, one-unit use, and 2,614 assessor square feet. Trulia independently reports one unit.",2026-07-24
residential_multicard_13241220410000,complete,single_detached_single_family_house,1,1,2586,https://www.redfin.com/IL/Chicago/3710-N-Mozart-St-60618/home/13453574,,TRUE,TRUE,"The exact-PIN listing identifies one detached single-family house. Its one-unit use and assessor card support exclusion from multifamily.",2026-07-24
residential_multicard_13262180680000,complete,single_detached_single_family_house,1,1,2310,https://www.redfin.com/IL/Chicago/2860-N-Woodard-St-60618/home/28449876,https://www.redfin.com/IL/Chicago/2860-N-Woodard-St-60618/unit-2/home/13447839,TRUE,TRUE,"The exact-PIN listing describes one fee-simple new-construction single-family house. The unit-style address is not evidence of a multifamily building.",2026-07-24
residential_multicard_13282120230000,complete,two_detached_single_family_houses,2,2,2403,https://www.zillow.com/homedetails/5148-W-Wellington-Ave-1-Chicago-IL-60641/3673258_zpid/,https://www.countyoffice.org/property-record-5148-w-wellington-ave-1-chicago-il-60641-3e3/,TRUE,TRUE,"The parcel contains two houses, consistent with the two one-unit assessor cards and two mapped footprints. The 2010 card is the later one-unit house; retain one new-construction project but exclude the site from multifamily.",2026-07-24
residential_multicard_13354120460000,complete,single_detached_single_family_house,1,1,2000,https://www.trulia.com/home/1724-n-drake-ave-chicago-il-60647-2099802453,https://www.buildzoom.com/contractor/express-quality-builders,TRUE,TRUE,"The exact city permit was completed in 2014 for one two-story single-family residence. Current assessor data report one unit and 2,000 square feet; the older multifamily description on one aggregator belongs to the predecessor building.",2026-07-24
residential_multicard_13364180150000,complete,single_detached_single_family_house,1,1,1465,https://www.redfin.com/IL/Chicago/1721-N-Fairfield-Ave-60647/home/13414748,,TRUE,TRUE,"Redfin identifies the 2015 project as a rebuilt single-family home with a surviving coach-house component. The target card is one new single-family dwelling, not a conventional multifamily building.",2026-07-24
residential_multicard_14074070260000,complete,single_detached_single_family_house,1,1,1775,https://www.zillow.com/homedetails/5038-N-Ravenswood-Ave-Chicago-IL-60640/463182954_zpid/,https://www.zillow.com/homedetails/5044-N-Ravenswood-Ave-A-B-Chicago-IL-60640/89966715_zpid/,TRUE,TRUE,"The city permits describe separate single-family residences in this A/B development. For this target PIN, the two assessor cards are components of one single-family property and must not be summed into a multifamily observation.",2026-07-24
residential_multicard_14074070270000,complete,single_detached_single_family_house,1,1,1775,https://www.zillow.com/homedetails/5038-N-Ravenswood-Ave-Chicago-IL-60640/463182954_zpid/,https://www.zillow.com/homedetails/5044-N-Ravenswood-Ave-A-B-Chicago-IL-60640/89966715_zpid/,TRUE,TRUE,"The city permits describe separate single-family residences in this A/B development. For this target PIN, the two assessor cards are components of one single-family property and must not be summed into a multifamily observation.",2026-07-24
residential_multicard_14173020100000,complete,single_detached_single_family_house,1,1,3914,https://www.zillow.com/homedetails/4301-N-Greenview-Ave-Chicago-IL-60613/158546794_zpid/,https://www.countyoffice.org/property-record-4301-n-greenview-ave-chicago-il-60613-ab2/,TRUE,TRUE,"The exact property records identify one detached single-family house. The one-unit assessor card is retained and the project is excluded from multifamily.",2026-07-24
residential_multicard_14181060480000,complete,spurious_small_card_existing_historic_multifamily,0,0,0,https://www.crexi.com/property-records/14181060480000-CHICAGO-IL-60625-2006/a31259274866857335821de8fe1be4890a43ecaa,https://www.crexi.com/properties/2043568/illinois-2218-w-leland-avenue,TRUE,TRUE,"The exact PIN is an existing 1910 two-unit greystone with roughly 2,918 square feet. The 754-square-foot card labeled 2022 is not a new principal building and is suppressed.",2026-07-24
residential_multicard_14193210260000,complete,single_detached_single_family_house,1,1,2725,https://www.redfin.com/IL/Chicago/3301-N-Hamilton-Ave-60618/home/13386037,,TRUE,TRUE,"Redfin reports the exact PIN as one detached single-family house built in 2022 with 2,725 assessor square feet, matching the retained card.",2026-07-24
residential_multicard_14193220270000,complete,single_detached_single_family_house,1,1,2905,https://www.redfin.com/IL/Chicago/3303-N-Hoyne-Ave-60618/home/13385605,,TRUE,TRUE,"Redfin reports one fee-simple single-family house and the exact PIN, year, and 2,905 assessor square feet, matching the retained card.",2026-07-24
residential_multicard_14193250380000,complete,single_detached_single_family_house,1,1,2904,https://www.redfin.com/IL/Chicago/3252-N-Leavitt-St-60618/home/13386738,,TRUE,TRUE,"Redfin identifies one single-family house built in 2006 and reports the exact PIN and 2,904 assessor square feet. The REAR suffix does not denote a second dwelling.",2026-07-24
residential_multicard_14194190270000,complete,single_detached_single_family_house,1,1,4456,https://www.countyoffice.org/w-school-st-chicago-il-property-records/,,TRUE,TRUE,"The exact property record reports one 4,456-square-foot single-family house. The completed new-construction permit and one-unit assessor card support exclusion from multifamily.",2026-07-24
residential_multicard_14194200130000,complete,single_detached_single_family_house,1,1,2660,https://www.redfin.com/IL/Chicago/1819-W-Roscoe-St-60657/home/13384359,,TRUE,TRUE,"The exact-PIN listing identifies one detached single-family residence, consistent with the completed permit and one-unit assessor card.",2026-07-24
residential_multicard_14194210260000,complete,single_detached_single_family_house,1,1,3459,https://www.realtor.com/local/property-records/illinois/cook-county/chicago/w-school-st,,TRUE,TRUE,"The city permit is complete and explicitly describes one new single-family residence. The one-unit 3,459-square-foot assessor card is retained; no evidence indicates a multifamily building.",2026-07-24
residential_multicard_14194210280000,complete,single_detached_single_family_house,1,1,2760,https://www.buildzoom.com/contractor/doyle-construction-bridgeport,https://www.redfin.com/IL/Chicago/1822-W-School-St-60657/home/16881494,TRUE,TRUE,"The building record and exact-address contractor permit history identify one detached single-family house. The one-unit assessor card is retained.",2026-07-24
residential_multicard_14194230090000,complete,single_detached_single_family_house,1,1,3672,https://www.redfin.com/IL/Chicago/1739-W-Henderson-St-60657/home/18954168,https://yourlincolnparklife.com/wp-content/uploads/2022/02/JAN-LKVW-SFH-and-ATT.pdf,TRUE,TRUE,"The exact-address sales record classifies the property as a single-family home. The one-unit assessor card is retained and excluded from multifamily.",2026-07-24
residential_multicard_14203230110000,complete,single_detached_single_family_house,1,1,3946,https://www.redfin.com/IL/Chicago/1243-W-Henderson-St-60657/home/23082901,https://www.realtor.com/realestateandhomes-detail/1243-W-Henderson-St_Chicago_IL_60657_M71064-41837,TRUE,TRUE,"Redfin and Realtor identify one single-family home at the exact address. The completed permit and one-unit card support exclusion from multifamily.",2026-07-24
residential_multicard_14291120400000,complete,single_detached_single_family_house,1,1,2966,https://www.countyoffice.org/property-record-1516-w-wellington-ave-chicago-il-60657-194/,,TRUE,TRUE,"The exact property record identifies one detached single-family residence. The completed permit and one-unit assessor card support exclusion from multifamily.",2026-07-24
residential_multicard_14293050230000,complete,single_detached_single_family_house,1,1,4024,https://www.countyoffice.org/n-magnolia-ave-chicago-il-property-records/,,TRUE,TRUE,"The street-level property record reports one 4,024-square-foot house at the exact address. The completed permit and one-unit card support exclusion from multifamily.",2026-07-24
residential_multicard_14294250170000,complete,garage_card_existing_historic_building,0,0,0,https://www.redfin.com/IL/Chicago/2426-N-Seminary-Ave-60614/home/13359452,https://www.chicagomag.com/real-estate/five-chicago-row-houses-for-sale/,TRUE,TRUE,"The exact property is an 1878 rowhouse. The city permit explicitly demolishes and replaces a detached garage; the 480-square-foot 2021 card is not a new residential dwelling and is suppressed.",2026-07-24
residential_multicard_14301050190000,complete,single_detached_single_family_house,1,1,2598,https://www.redfin.com/IL/Chicago/2111-W-Fletcher-St-60618/home/13359660,,TRUE,TRUE,"Redfin identifies one new-construction single-family house and reports the exact PIN, year, and 2,598 assessor square feet.",2026-07-24
residential_multicard_14302190280000,complete,single_detached_single_family_house,1,1,3107,https://www.redfin.com/IL/Chicago/1942-W-George-St-60657/home/13358598,,TRUE,TRUE,"Redfin reports one single-family residence at the exact PIN, built in 2019 with 3,107 assessor square feet, matching the retained card.",2026-07-24
residential_multicard_14304070520000,complete,single_detached_single_family_house,1,1,2673,https://www.zillow.com/homedetails/2510-N-Marshfield-Ave-Chicago-IL-60614/3732136_zpid/,,TRUE,TRUE,"Zillow identifies one fee-simple single-family residence built in 2015 and reports the exact PIN. The completed permit and one-unit assessor card support exclusion from multifamily.",2026-07-24
residential_multicard_14314200350000,complete,single_detached_single_family_house,1,1,2798,https://www.realtor.com/realestateandhomes-detail/1724-N-Hermitage-Ave_Chicago_IL_60622_M97434-30641,,TRUE,TRUE,"The exact city permit and current listing identify one new single-family house. Older aggregator descriptions refer to the demolished predecessor; the retained card reports the current 2,798-square-foot house.",2026-07-24
residential_multicard_14314270030000,complete,single_detached_single_family_house,1,1,1838,https://www.redfin.com/IL/Chicago/1821-W-Wabansia-Ave-60622/home/183843309,,TRUE,TRUE,"The exact-address listing and completed permit identify one fee-simple single-family residence. The one-unit card is retained and excluded from multifamily.",2026-07-24
residential_multicard_14321120190000,complete,single_detached_single_family_house,1,1,3724,https://www.countyoffice.org/n-magnolia-ave-chicago-il-property-records/,,TRUE,TRUE,"The exact property record reports one 3,724-square-foot house built in 2011. The completed permit and one-unit card support exclusion from multifamily.",2026-07-24
residential_multicard_14322130300000,complete,single_detached_single_family_house,1,1,3524,https://www.countyoffice.org/property-record-2138-n-clifton-ave-chicago-il-60614-e6b/,https://www.zillow.com/homedetails/2138-N-Clifton-Ave-Chicago-IL-60614/87690445_zpid/,TRUE,TRUE,"Two exact-address sources identify one single-family house and report 3,524 square feet, matching the retained card.",2026-07-24
residential_multicard_14322140160000,complete,single_detached_single_family_house,1,1,3743,https://www.redfin.com/IL/Chicago/2127-N-Clifton-Ave-60614/home/18954030,,TRUE,TRUE,"The exact-address listing identifies one detached single-family residence. The one-unit assessor card is retained and excluded from multifamily.",2026-07-24
residential_multicard_14322150120000,complete,single_detached_single_family_house,1,1,3728,https://www.countyoffice.org/n-seminary-ave-chicago-il-property-records/,,TRUE,TRUE,"The exact property record reports one 3,728-square-foot house built in 2014. The completed permit and one-unit card support exclusion from multifamily.",2026-07-24
residential_multicard_14322160210000,complete,single_detached_single_family_house,1,1,2986,https://www.redfin.com/IL/Chicago/2107-N-Kenmore-Ave-60614/home/13352000,,TRUE,TRUE,"Redfin identifies one fee-simple detached single-family residence and reports the exact PIN, year, and 2,986 assessor square feet.",2026-07-24
residential_multicard_14322190430000,complete,single_detached_single_family_house,1,1,3376,https://www.redfin.com/IL/Chicago/2100-N-Dayton-St-60614/home/17299914,,TRUE,TRUE,"The exact-address listing identifies one detached single-family residence. The one-unit assessor card is retained and excluded from multifamily.",2026-07-24
residential_multicard_14322270050000,complete,single_detached_single_family_house,1,1,4266,https://www.redfin.com/IL/Chicago/2053-N-Fremont-St-60614/home/13352449,,TRUE,TRUE,"Redfin identifies one new fee-simple single-family residence and reports the exact PIN, year, and 4,266 assessor square feet.",2026-07-24
residential_multicard_14324080440000,complete,single_detached_single_family_house,1,1,3473,https://www.redfin.com/IL/Chicago/1928-N-Fremont-St-60614/unit-1F/home/13350479,,TRUE,TRUE,"Despite the unit-style address suffix, the exact property is a fee-simple single-family residence. The one-unit assessor card is retained and excluded from multifamily.",2026-07-24
residential_multicard_14324090380000,complete,single_detached_single_family_house,1,1,3780,https://www.redfin.com/IL/Chicago/1952-N-Dayton-St-60614/home/13351414,,TRUE,TRUE,"The city permit explicitly describes one new single-family residence. The property includes a coach-house component, but the target project is one single-family dwelling rather than a conventional multifamily building.",2026-07-24
residential_multicard_14324090440000,complete,single_detached_single_family_house,1,1,941,https://www.realtor.com/realestateandhomes-detail/1938-N-Dayton-St_Chicago_IL_60614_M72385-40618,https://www.redfin.com/IL/Chicago/1938-N-Dayton-St-60614/home/13351413,TRUE,TRUE,"The city permit explicitly erects one new two-story single-family residence. Both external sources identify one small single-family house built in 2018, so the unusually small card is retained.",2026-07-24
residential_multicard_14324100060000,complete,single_detached_single_family_house,1,1,3802,https://www.zillow.com/homedetails/1961-N-Dayton-St-Chicago-IL-60614/2062846954_zpid/,,TRUE,TRUE,"Zillow identifies one single-family residence built in 2016. The unit-style address suffix is not evidence of a multifamily building; the one-unit assessor card is retained.",2026-07-24
residential_multicard_14324120460000,complete,single_detached_single_family_house,1,1,3916,https://www.redfin.com/IL/Chicago/1840-N-Fremont-St-60614/home/13350816,https://resources.atproperties.com/docs/brochures/T4EWiMDw4I4kZ3MeV7YLhKSQdPpaXgjBdYQiidXF.pdf,TRUE,TRUE,"The exact-address listing and marketing brochure identify one detached single-family residence. The one-unit assessor card is retained.",2026-07-24
residential_multicard_14324130160000,complete,single_detached_single_family_house,1,1,4716,https://www.redfin.com/IL/Chicago/1837-N-Fremont-St-60614/home/13350938,https://www.zillow.com/homedetails/1837-N-Fremont-St-Chicago-IL-60614/158608469_zpid/,TRUE,TRUE,"Redfin and Zillow identify one custom single-family residence. Redfin reports the exact PIN and 4,716 assessor square feet, matching the retained card.",2026-07-24
residential_multicard_14324220280000,complete,single_detached_single_family_house,1,1,4189,https://www.redfin.com/IL/Chicago/1700-N-Dayton-St-60614/home/13350762,,TRUE,TRUE,"The exact-address listing identifies one detached single-family residence. The one-unit assessor card is retained and excluded from multifamily.",2026-07-24
residential_multicard_14333050180000,complete,single_detached_single_family_house,1,1,4446,https://www.countyoffice.org/property-record-1917-n-mohawk-st-chicago-il-60614-875/,,TRUE,TRUE,"The exact property record and completed permit identify one detached single-family residence. The one-unit card is retained and excluded from multifamily.",2026-07-24
residential_multicard_14333090340000,complete,single_detached_single_family_house,1,1,4537,https://www.redfin.com/IL/Chicago/1820-N-Cleveland-Ave-60614/home/13346374,,TRUE,TRUE,"The exact-address listing identifies one detached single-family residence. The completed permit and one-unit card support exclusion from multifamily.",2026-07-24
residential_multicard_14333310160000,complete,spurious_small_card_existing_historic_multifamily,0,0,0,https://www.redfin.com/IL/Chicago/1637-N-Hudson-Ave-60614/home/13346799,https://www.oldtowntriangle.com/wp-content/uploads/2024/07/OTT-Bldg-Catalog-July-11-2024.pdf,TRUE,TRUE,"The historic-building catalog dates the front and rear buildings to the 1870s. The 609-square-foot card labeled 2009 is not a new principal residential building and is suppressed.",2026-07-24
residential_multicard_16023180250000,complete,spurious_small_card_existing_historic_multifamily,0,0,0,https://www.redfin.com/IL/Chicago/952-N-Springfield-Ave-60651/home/13285260,https://www.zillow.com/homedetails/952-N-Springfield-Ave-Chicago-IL-60651/158676680_zpid/,TRUE,TRUE,"The exact property is an existing 1905 multifamily building of more than 2,200 square feet. The isolated 400-square-foot card labeled 2006 is not a new principal dwelling and is suppressed.",2026-07-24
residential_multicard_17042020190000,complete,single_detached_single_family_house,1,1,4493,https://www.redfin.com/IL/Chicago/1505-N-North-Park-Ave-60610/home/14117873,,TRUE,TRUE,"The exact PIN and city permit identify one new single-family residence delivered in 2021. Redfin reports the current one-unit use and 4,493 assessor square feet.",2026-07-24
residential_multicard_17072040480000,complete,single_detached_single_family_house,1,1,2568,https://www.realtor.com/realestateandhomes-detail/1902-W-Huron-St_Chicago_IL_60622_M89650-23096,,TRUE,TRUE,"Realtor identifies one single-family home at the exact address. The completed permit and one-unit assessor card support exclusion from multifamily.",2026-07-24
residential_multicard_17072110400000,complete,single_detached_single_family_house,1,1,2664,https://www.zillow.com/homedetails/1624-W-Erie-St-Chicago-IL-60622/3861004_zpid/,,TRUE,TRUE,"Zillow's neighboring-property record identifies 1622 W Erie as one 2,600-square-foot-class home. The completed permit and exact-PIN one-unit assessor card establish one single-family project.",2026-07-24
residential_multicard_20023050330000,complete,predecessor_townhouse_parent_duplicate,0,0,0,https://www.redfin.com/IL/Chicago/4434-S-Drexel-Blvd-60653/unit-D/home/177077742,https://www.crexi.com/property-records/20-02-305-034-0000-CHICAGO-IL-60653/31ee5bd96df2f0e5fe7531f6012ad6fc2227b172,TRUE,TRUE,"Boulevard 44 contains six fee-simple townhouses. The twelve identical class-295 cards on this historical parent parcel are not twelve multifamily buildings and duplicate the successor townhouse observations; suppress the parent project row.",2026-07-24
residential_multicard_20034000320000,complete,predecessor_townhouse_parent_duplicate,0,0,0,https://www.redfin.com/IL/Chicago/4332-S-Vernon-Ave-60653/home/175689454,https://www.chicagocityscape.com/address.php?address=&city=Chicago&lat=&lng=&pin=20034000300000&state=IL,TRUE,TRUE,"The permit describes one five-dwelling townhouse building and current records identify the fee-simple townhouse successors. The two-card historical parent row duplicates the successor project and is suppressed.",2026-07-24
residential_multicard_25221030430000,complete,addition_to_existing_single_family,0,0,0,https://www.zillow.com/homedetails/11148-S-Indiana-Ave-Chicago-IL-60628/4154786_zpid/,,TRUE,TRUE,"The exact city permit says the 2008 work erected an addition to an existing single-family residence, not a new principal dwelling. The assessor year-coded card is suppressed from all new-construction samples.",2026-07-24
