project_id,straight_boundary,simple_overlap_keep,share_based_keep,distance_to_cbd_miles,distance_to_school_miles,distance_to_park_miles,distance_to_lake_miles
commercial_11323190150000,TRUE,TRUE,TRUE,8.29187932772984,0.3838559002445921,0.1708628164091924,0.2577264601320154
commercial_11323310340000,TRUE,TRUE,TRUE,8.169877030672716,0.4463334480968138,0.1927204916377592,0.27198469431190286
commercial_11323310360000,TRUE,TRUE,TRUE,8.111787910736693,0.4833679219334235,0.14709184464875677,0.2803993431601094
commercial_13114290270000,TRUE,TRUE,FALSE,7.170547197538139,0.12409548870179236,0.2731489785900603,3.2293034886030214
commercial_13114310260000,TRUE,TRUE,FALSE,7.1234569487187755,0.11376998870279034,0.2529989102449065,3.0981242344564954
commercial_13132140280000,FALSE,TRUE,FALSE,6.388133998921131,0.13691575253889374,0.17172261297629993,2.2343332112901684
commercial_13142030200000,TRUE,TRUE,FALSE,7.1783392104643235,0.19709488268480105,0.35468086204453186,3.3670311979405216
commercial_13143060050000,TRUE,TRUE,TRUE,7.0055153028828805,0.2444337849148664,0.2767902079935543,3.8071782954852105
commercial_13143110250000,TRUE,TRUE,TRUE,7.021142311683554,0.40378377300879187,0.2914099719872348,4.116569767991072
commercial_13143310300000,FALSE,TRUE,TRUE,6.695218795857434,0.1225894293536478,0.12556624477872885,4.024799173207334
commercial_13144020050000,TRUE,TRUE,TRUE,6.843325549341341,0.1359323023604811,0.40774908195704995,3.566142002949174
commercial_13144290420000,FALSE,TRUE,TRUE,6.387731373721235,0.23454530123832262,0.47797973918283604,3.6094093617317475
commercial_13151010310000,TRUE,TRUE,FALSE,8.291563557504533,0.5202535032137251,0.11026455125385627,4.952698360362752
commercial_13151040020000,TRUE,TRUE,FALSE,8.143729700956639,0.4080606840763188,0.28503693057787355,4.75555146436555
commercial_13171051090000,TRUE,TRUE,TRUE,9.492903564629822,0.29007401434661356,0.23359743478343914,6.526705594210583
commercial_13171051100000,TRUE,TRUE,TRUE,9.482842861731037,0.287253593841505,0.22340029618121077,6.538416878834527
commercial_13171051110000,TRUE,TRUE,TRUE,9.510485942299052,0.31062000640579573,0.2118851071617591,6.548386133263099
commercial_13202270270000,TRUE,TRUE,TRUE,8.266957881143004,0.31300567778637794,0.27568695036316115,6.421232923359315
commercial_13222030300000,TRUE,FALSE,FALSE,7.054275490168316,0.18249741916074233,0.35762615466098047,4.599864112366336
commercial_13224350220000,TRUE,TRUE,FALSE,6.509132247038017,0.1757917560786119,0.2281589777475313,4.87855076631801
commercial_13224360410000,TRUE,TRUE,FALSE,6.386188664515333,0.177501631713314,0.31985364554003987,4.707401848310515
commercial_13243180370000,TRUE,FALSE,FALSE,5.442581228881865,0.030609429438096032,0.2511623228624078,3.496058868637733
commercial_13252010060000,TRUE,TRUE,FALSE,4.989518915402138,0.20548722328664215,0.06449194019824928,2.9018883452419946
commercial_13252280380000,TRUE,TRUE,TRUE,4.5646067311777285,0.28150128440329936,0.254798070392369,2.949942618882837
commercial_13252280400000,TRUE,TRUE,TRUE,4.558540060741337,0.290024842407859,0.2532066463139107,2.9414624894515056
commercial_13252280420000,TRUE,TRUE,TRUE,4.552483184803488,0.2985814176083375,0.25175758818241367,2.9329847768025616
commercial_13253140740000,FALSE,TRUE,TRUE,4.7625002446702664,0.2370466115808293,0.10300886863122771,3.7028075796985127
commercial_13262140850000,TRUE,TRUE,TRUE,5.64793030509134,0.3729427974390611,0.3633092956038914,4.125746738720306
commercial_13264080450000,TRUE,TRUE,FALSE,5.111968974924908,0.2451236456397416,0.21118446835424406,3.823035814877375
commercial_13272040010000,TRUE,TRUE,FALSE,6.461356183064401,0.20293975873207762,0.20094845086718843,4.853728540583555
commercial_13281160440000,FALSE,TRUE,TRUE,7.756477303272841,0.22773612328032997,0.5187184956601839,6.60400372742084
commercial_13283000590000,TRUE,TRUE,TRUE,7.624042206765465,0.19686949912483723,0.3614889592905503,6.5939959804547374
commercial_13302270040000,TRUE,TRUE,TRUE,8.884063169286486,0.22394448165013725,0.30813301867144693,7.911149207723505
commercial_13312050690000,TRUE,TRUE,TRUE,8.514420156435195,0.15128539551286926,0.3109151616124246,8.004744613596852
commercial_13312140010000,TRUE,TRUE,TRUE,8.499885546903046,0.0981479267027724,0.30345859069122993,8.032319167144685
commercial_13354020010000,FALSE,TRUE,TRUE,4.807877473131285,0.19557985731541877,0.19074057661232988,4.314915010481874
commercial_13361030360000,FALSE,TRUE,TRUE,4.416977823261963,0.26622332624727674,0.07898241564584187,3.4669142637605455
commercial_13361070340000,TRUE,TRUE,TRUE,4.401025965251782,0.2903502097962358,0.1598439189238316,3.5125881013922227
commercial_13361070360000,TRUE,TRUE,TRUE,4.385060225494235,0.26733707345929436,0.14520747190350713,3.4890927128488665
commercial_13361150430000,TRUE,TRUE,TRUE,4.426857151842473,0.26914503826260144,0.21173800911757884,3.8453041279874145
commercial_13361250140000,TRUE,TRUE,TRUE,4.169150708924971,0.15576801452291295,0.28499238262157944,3.50421878244782
commercial_13362040010000,TRUE,TRUE,TRUE,4.183197756636993,0.1500345017605326,0.19967504748547327,3.123954903458315
commercial_13362240070000,TRUE,TRUE,FALSE,3.9165425280034833,0.25452271692352435,0.17172345319672208,3.0378353278182515
commercial_13363200350000,TRUE,TRUE,TRUE,4.131076769194924,0.15346194534813307,0.06068694515139675,3.750862988283249
commercial_13363280310000,TRUE,TRUE,TRUE,4.0404814008199255,0.2454168770932541,0.033566500062350346,3.7734489522008157
commercial_13364000330000,TRUE,TRUE,TRUE,4.07600524522608,0.1449875284283245,0.1923864690103003,3.4813124524545986
commercial_13364040200000,TRUE,TRUE,FALSE,3.748231868793485,0.2579036768366404,0.2152686002446075,3.052621030575176
commercial_13364040260000,TRUE,TRUE,FALSE,3.7213413772869686,0.2456058460479201,0.19583803764439378,3.0350927483023615
commercial_13364090210000,FALSE,TRUE,TRUE,3.970377896059232,0.10457273725528413,0.009722873829455919,3.509887138395856
commercial_13364140420000,TRUE,TRUE,FALSE,3.622737366055839,0.3125687146728732,0.07310781399827058,3.038934468352289
commercial_13364240420000,TRUE,TRUE,FALSE,3.5184464734134013,0.4054494755134026,0.0987329433773666,3.078949496819246
commercial_13364240570000,TRUE,TRUE,FALSE,3.5707689191576617,0.3943126391711252,0.01753302732422168,3.065837040294937
commercial_13364250360000,TRUE,TRUE,FALSE,3.8290600101783308,0.13997380727923864,0.05379866565648656,3.5430134241578255
commercial_13364270350000,TRUE,TRUE,FALSE,3.7126852056988415,0.16359211552485076,0.11515997080404339,3.412461733758204
commercial_14052000010000,TRUE,TRUE,TRUE,8.02453417106202,0.4946078934442986,0.15645612231700623,0.2585130170854916
commercial_14083050540000,TRUE,TRUE,TRUE,6.472097593515683,0.14631680688358445,0.02028142730771149,0.6306536131282581
commercial_14083060130000,FALSE,TRUE,TRUE,6.535211789316143,0.560831034469102,0.19700811297755846,1.0182517507091247
commercial_14083170400000,FALSE,TRUE,TRUE,6.103741102224361,0.2926456872624005,0.15984171202066497,0.8148823512860066
commercial_14084000010000,FALSE,TRUE,TRUE,6.541421001241808,0.08209577207649753,0.10113960825881983,0.5406508494228764
commercial_14084000040000,TRUE,TRUE,TRUE,6.516808442652598,0.07060166224805589,0.09441633487280185,0.5459818131382862
commercial_14171000010000,FALSE,TRUE,FALSE,6.17246274909928,0.37701860214310223,0.01478646222094565,1.2148141566676065
commercial_14171060100000,TRUE,TRUE,TRUE,6.023675108675517,0.3548476807290763,0.029318525086707813,1.1751039881199972
commercial_14171210100000,TRUE,TRUE,TRUE,5.707734397486343,0.09909661167207741,0.2509208217088507,1.2204765698894529
commercial_14192240330000,TRUE,TRUE,FALSE,4.947040108683546,0.2397649992019829,0.054285207188963,1.5055490444247244
commercial_14192320210000,TRUE,TRUE,FALSE,4.891835674456596,0.25070548752694016,0.09961065615242023,1.5180233504088114
commercial_14193160240000,TRUE,TRUE,FALSE,4.935246271061234,0.15673928180090088,0.25496154277492217,2.5730795070803456
commercial_14194350290000,TRUE,TRUE,FALSE,4.369942439078661,0.1608290589120545,0.2890408559577802,1.711689605639799
commercial_14194350410000,TRUE,TRUE,FALSE,4.373586256958097,0.14064249000571183,0.24326077568574905,1.7665606819020696
commercial_14201080160000,TRUE,TRUE,TRUE,4.960420399577572,0.07361002522966513,0.2279130100542833,1.2016676363557834
commercial_14202200010000,TRUE,TRUE,TRUE,4.780830579129043,0.18100036482484014,0.1442454721628985,0.7226743508580149
commercial_14202220280000,TRUE,TRUE,TRUE,4.711857375911177,0.12406185124419855,0.08217705641362437,0.5436993475892488
commercial_14202300160000,TRUE,TRUE,FALSE,4.525473369601662,0.1221697902186235,0.2689883666668471,0.5870288842311101
commercial_14203000310000,TRUE,TRUE,FALSE,4.717207356673463,0.14001420294354822,0.17556584812374362,1.529227342402769
commercial_14203280470000,FALSE,TRUE,TRUE,4.322809047020027,0.2222771043113208,0.34631727114566524,1.591493242570098
commercial_14203290420000,TRUE,TRUE,FALSE,4.238816855308701,0.33055141469833305,0.21541097792200353,1.4576508994584998
commercial_14281230200000,TRUE,TRUE,TRUE,3.457040121352704,0.3252891380458966,0.14045954344318715,0.5527667138190957
commercial_14293180280000,TRUE,TRUE,FALSE,3.428920431822252,0.260026179205541,0.07326179163259972,1.9004026819653204
commercial_14294010290000,TRUE,TRUE,TRUE,3.5634580055732687,0.19931825987728624,0.2030619908623051,1.349727271710815
commercial_14294020280000,FALSE,TRUE,TRUE,3.4507808219234857,0.26334840473575677,0.08168609776389353,1.247781405033899
commercial_14301040010000,TRUE,TRUE,TRUE,4.690554128475125,0.30222091570333315,0.24176735767878144,2.522418950630159
commercial_14301220270000_building_a,TRUE,TRUE,TRUE,4.2300816964193055,0.17606054863795628,0.17372898005696394,2.354819653799972
commercial_14301220460000_building_b,TRUE,TRUE,TRUE,4.209028931966433,0.1959342442849558,0.18875889956570704,2.3472717811953987
commercial_14303140460000,FALSE,TRUE,TRUE,4.113045189332442,0.3643743485619725,0.0854168009230255,2.917281796610935
commercial_14313080700000,TRUE,TRUE,FALSE,3.649643536725693,0.22462743045652586,0.1375231072061706,2.9883081190632512
commercial_14313130050000,TRUE,TRUE,TRUE,3.4767414837546244,0.2681098974181063,0.04375262746341926,2.8846296804302236
commercial_14313130360000,TRUE,TRUE,TRUE,3.423492926360012,0.2982256578421717,0.010315211237539841,2.8513105383523834
commercial_14313190010000,TRUE,TRUE,FALSE,3.5208888300011876,0.3924751491841709,0.039878428233048026,3.0269373538699664
commercial_14313260010000,TRUE,TRUE,FALSE,3.480638716136015,0.42765090976539455,0.10814612846855207,3.0432115849280286
commercial_14313260840000,TRUE,TRUE,FALSE,3.4722484105618308,0.4129349935698121,0.12589901379413454,3.049971370690982
commercial_14313320050000,TRUE,TRUE,TRUE,3.1193588831928056,0.3193937460489895,0.13291453798999472,2.659344279828696
commercial_16012020260000,FALSE,TRUE,TRUE,3.689667339038144,0.20019148602092107,0.12675194971508796,3.421311878979841
commercial_16012150290000,FALSE,TRUE,TRUE,3.349991027850657,0.20765726510406823,0.06281278145359989,3.154051178799363
commercial_16012210370000,TRUE,TRUE,FALSE,3.2649429984178604,0.09025568062128227,0.1276063518530456,3.197471598365525
commercial_16012270350000,TRUE,TRUE,TRUE,3.3314388450267587,0.1290074060574072,0.2801896960102795,3.3854619000736283
commercial_16012270360000,TRUE,TRUE,TRUE,3.3231545272927514,0.12010783454602883,0.2779045520550293,3.3768121204299986
commercial_16013030070000,FALSE,TRUE,TRUE,3.6946693296656616,0.12181284030572083,0.027483373008953906,3.7923088251370136
commercial_16013240410000,TRUE,TRUE,TRUE,3.658325783477037,0.35730172221222756,0.21491412677372188,3.970213653261899
commercial_16014000010000,FALSE,TRUE,TRUE,3.6070273752489124,0.029838614088950173,0.03693092166908946,3.7011099741587707
commercial_16111020190000,TRUE,TRUE,TRUE,4.7773944012016045,0.17793468877605945,0.19161130170933957,5.125131293066164
commercial_16112200020000,FALSE,TRUE,TRUE,4.141571368629474,0.18084884336653648,0.2638287940040984,4.578218700298902
commercial_16112200040000,TRUE,TRUE,TRUE,4.118357860471725,0.1533612082003736,0.2581489012809665,4.551218238018618
commercial_16113040200000,TRUE,TRUE,TRUE,4.647041170876782,0.30554929975238976,0.023164494172808962,5.179039763710222
commercial_16122180170000,TRUE,TRUE,TRUE,2.922489866641907,0.20972199299494976,0.11477596733452797,3.392257138512592
commercial_16132180010000,TRUE,TRUE,TRUE,3.0963806049467366,0.20109511659383483,0.055514352566843665,3.9370969144454566
commercial_16132190540000,TRUE,TRUE,TRUE,3.0502600473870363,0.14326467541477955,0.09336274335472254,3.8954193165334092
commercial_16134200390000,FALSE,TRUE,TRUE,2.997737462769456,0.18107686207583895,0.2063372161391738,3.7020865736703157
commercial_16134200470000,TRUE,TRUE,FALSE,3.0087510660896872,0.2038366539378992,0.24283353770347638,3.7005802038856137
commercial_16242060480000,TRUE,TRUE,TRUE,3.530767451470269,0.10799873842229953,0.0509313402717831,4.143832279484148
commercial_16242060510000,TRUE,TRUE,TRUE,3.5348961648925323,0.11975467454931878,0.051020758053621815,4.144268996322465
commercial_16242070100000,TRUE,TRUE,TRUE,3.4965502811090614,0.11938924177960387,0.0878570160725711,4.1069760993803115
commercial_16242070150000,TRUE,TRUE,TRUE,3.5059486651282126,0.14396226175664759,0.08808890282378341,4.1079903160152975
commercial_16242070180000,TRUE,TRUE,TRUE,3.5127720780722695,0.16190835166411557,0.08817606257362973,4.108822442263872
commercial_16242070310000,TRUE,TRUE,TRUE,3.5324098841048275,0.21329669222490683,0.08812399284971212,4.1116255470974545
commercial_16244000200000,TRUE,TRUE,TRUE,3.759958472188393,0.20217013078322318,0.022989360678899316,4.219317194671981
commercial_17032230320000,TRUE,TRUE,TRUE,1.0081730316542448,0.15307739778324037,0.055030457355839064,0.4146016467439786
commercial_17041030480000,TRUE,TRUE,TRUE,1.9872445745705942,0.20168415523677746,0.029214397585396946,1.0145986864498344
commercial_17041120620000,FALSE,TRUE,TRUE,1.8721447947643775,0.10829975502959058,0.1190569966382083,1.1713797853028804
commercial_17041410320000,FALSE,TRUE,TRUE,1.4941116419121605,0.13607919019765014,0.09585275855831973,0.8834227777281695
commercial_17041420020000,FALSE,TRUE,TRUE,1.484230715989954,0.14093968239144988,0.06159032717594443,0.84558587827964
commercial_17042000120000,TRUE,TRUE,TRUE,1.8274264030081782,0.12788610709492634,0.2720830829487321,0.6775927443898682
commercial_17042010020000,FALSE,TRUE,FALSE,1.8974394973476805,0.21182151871552896,0.25500462003913704,0.616464528444126
commercial_17042021050000,TRUE,TRUE,FALSE,1.889403552604666,0.22602498277980737,0.21355339484686345,0.560387080876696
commercial_17042040030000,TRUE,TRUE,FALSE,1.8732259830638576,0.2739590725380702,0.1455700184721589,0.47678329108383416
commercial_17042040040000,TRUE,TRUE,FALSE,1.8825077857483947,0.2783259317567621,0.12293790664222361,0.4578563114137893
commercial_17042050480000,TRUE,TRUE,TRUE,1.7394051642609092,0.16430749272380618,0.2216990757230409,0.4802629184314154
commercial_17042120010000,FALSE,TRUE,TRUE,1.670274377641618,0.106585622761959,0.2561036142257414,0.6853353265216336
commercial_17042140160000,FALSE,TRUE,TRUE,1.5954422264778387,0.09522819867600611,0.18939368647747923,0.6500426347997454
commercial_17042150180000,FALSE,TRUE,TRUE,1.5811464306174972,0.07217251765888845,0.27102266794451046,0.48439809376700166
commercial_17042200150000,TRUE,TRUE,TRUE,1.4605846616347307,0.13482020561568106,0.150642061300989,0.5625564800980932
commercial_17042200450000,TRUE,TRUE,TRUE,1.4394547979320216,0.1660620412756184,0.08892009602598594,0.6225008549960072
commercial_17042210990000,TRUE,TRUE,TRUE,1.4744783049569905,0.13538518439657507,0.2068041145786756,0.5061360983471085
commercial_17042220640000,TRUE,TRUE,TRUE,1.421494377958254,0.2143060263270624,0.24360819718694304,0.41793440735557774
commercial_17042240390000,FALSE,TRUE,FALSE,1.421474344847065,0.2936519767267362,0.12663266456136374,0.2696676166591444
commercial_17044360580000,TRUE,TRUE,FALSE,1.0353129614537835,0.27982125865564067,0.07027821556201148,0.8438162878324745
commercial_17044460020000,TRUE,TRUE,TRUE,0.9353750334038571,0.30601282047385747,0.2104164774057462,0.7454386308398416
commercial_17044510060000,TRUE,TRUE,TRUE,1.3700718760500836,0.12465527053307315,0.13222396207216136,0.5811931100442514
commercial_17044510070000,FALSE,TRUE,TRUE,1.3128160188104092,0.06807786181782728,0.12853613827512644,0.5963919736855358
commercial_17044510080000,TRUE,TRUE,TRUE,1.3199933578806868,0.07039982826830675,0.08062464097702134,0.6428651832322113
commercial_17051000220000,TRUE,TRUE,FALSE,2.599374655082275,0.1385714510416937,0.19459454394249492,2.0796348550851604
commercial_17051150730000,TRUE,TRUE,FALSE,2.299042921645001,0.16981195783396857,0.15907931938421435,2.1621853182240818
commercial_17051160950000,TRUE,TRUE,TRUE,2.243202660974058,0.11479796058674009,0.14271481491999027,2.1199135575530574
commercial_17052140150000,TRUE,TRUE,TRUE,2.0190077588095616,0.2844502730542136,0.27504584419994915,1.3275081222952057
commercial_17052140160000,FALSE,TRUE,TRUE,1.9930659135195008,0.2393554997872897,0.24205482371473916,1.2813735125927472
commercial_17053010190000,TRUE,TRUE,TRUE,2.1892625861435313,0.1332325831126931,0.23653942903693337,2.1461086652719024
commercial_17053090020000,TRUE,TRUE,TRUE,2.168825067247749,0.09077859254540344,0.2913454347371687,2.233604616830759
commercial_17053250350000,FALSE,TRUE,TRUE,1.9868957591187117,0.10446079090217034,0.1845823381771702,2.2452273131586717
commercial_17061000020000,FALSE,TRUE,FALSE,3.393638388306114,0.2978129293926001,0.20329100088377294,3.0833223999291186
commercial_17061200030000,TRUE,TRUE,TRUE,3.013467860317366,0.10262838339158147,0.25735567985332963,2.9171070466443374
commercial_17061200050000,TRUE,TRUE,TRUE,3.0053725640094204,0.10859776752194741,0.2486965389043278,2.9080705195683216
commercial_17062260140000,TRUE,TRUE,TRUE,2.7204012734639345,0.1708783714799444,0.25494565751815107,2.7002700289620005
commercial_17064030010000,FALSE,TRUE,TRUE,2.5357984697800102,0.025197655593052655,0.28393964730974536,2.514852943659922
commercial_17064080140000,FALSE,TRUE,TRUE,2.310545179650607,0.22354142044295777,0.25921253685170437,2.241356954385039
commercial_17071240140000,FALSE,TRUE,TRUE,2.421590991440444,0.19071989537661152,0.22082872823172348,2.897736038748306
commercial_17072280050000,TRUE,TRUE,TRUE,1.9958873857013437,0.1912045768790188,0.2012390675855549,2.5089143472196755
commercial_17073270380000,TRUE,TRUE,TRUE,2.3548550601551552,0.06175181823861648,0.09570916109262186,3.1284297085586648
commercial_17074160420000,TRUE,TRUE,TRUE,2.279896446724558,0.13996695939226625,0.0269304097591332,2.9997911919473865
commercial_17074210450000,TRUE,TRUE,TRUE,2.323254514288589,0.07905171215246619,0.04993216271762408,3.0585925809404286
commercial_17074350110000,FALSE,TRUE,TRUE,1.8618432279744397,0.09383089838644809,0.04257630367351939,2.718060293395619
commercial_17083320010000,FALSE,TRUE,TRUE,1.8172712251950347,0.11892307059919191,0.02421361894299324,2.6809442453906027
commercial_17083320080000,FALSE,TRUE,TRUE,1.8216629408133214,0.1369894555328162,0.04969837405867233,2.697781554253594
commercial_17083380240000,FALSE,TRUE,TRUE,1.3792599832598593,0.21458172763019098,0.147051241684948,2.323311294357184
commercial_17083380260000,FALSE,TRUE,TRUE,1.3413677641562547,0.23020197107909982,0.17064452223884283,2.2931892077708653
commercial_17084360010000,FALSE,TRUE,TRUE,1.2421169626974213,0.3734152621079049,0.33493446186488024,2.1366960061181777
commercial_17084440130000,TRUE,TRUE,FALSE,1.2110218600475902,0.2830146251853286,0.24601051661154677,2.1769318022398947
commercial_17084440270000,TRUE,TRUE,FALSE,1.206590071650357,0.26474116677335313,0.22461950138446773,2.189948520576594
commercial_17084450160000,TRUE,TRUE,FALSE,1.1803263559441917,0.2405166774720997,0.20216059057535074,2.169237440308744
commercial_17084470410000,TRUE,TRUE,TRUE,1.0371461862004594,0.15855236223069885,0.15156061077871413,2.0357070551833907
commercial_17091150120000,FALSE,TRUE,FALSE,0.9921649511035397,0.40383854101743905,0.05813219033217726,1.0401317918498387
commercial_17091300080000,FALSE,FALSE,FALSE,0.6843822912211328,0.7597570060213336,0.15335287277990814,1.2157583100066367
commercial_17092060390000,TRUE,TRUE,TRUE,0.8685638070957293,0.263915250363355,0.18942466326880594,0.5492946475082658
commercial_17092100010000,TRUE,TRUE,TRUE,0.8126231680996588,0.38395805925626186,0.26350160271851597,0.7599591642517496
commercial_17092170170000,FALSE,TRUE,TRUE,0.749430033974339,0.44950094279994895,0.3001212874611731,0.8149668056181106
commercial_17093180010000,TRUE,FALSE,FALSE,0.821346420099394,0.3600943068752354,0.26426394045712814,1.7406976758455939
commercial_17093220170000,FALSE,TRUE,TRUE,0.6432944014139508,0.437758538196928,0.2469546874910652,1.6298325023012457
commercial_17101030090000,FALSE,TRUE,TRUE,0.8076038469407552,0.34318260956815266,0.2334526736127778,0.5711749110803087
commercial_17153080210000,TRUE,TRUE,FALSE,1.1121841940871882,0.14206654798451923,0.12288415327143312,0.5970704866301935
commercial_17161000490000,TRUE,FALSE,FALSE,0.8184379464863315,0.1607718918202538,0.16354728420854858,1.8700626619185454
commercial_17161090340000,TRUE,FALSE,FALSE,0.8556187420970459,0.20003695919501555,0.13979538981461184,1.7837291341827883
commercial_17161180160000,TRUE,TRUE,TRUE,0.7309406427893641,0.40395210285613553,0.11544371002754439,1.5780946737857442
commercial_17164010210000,TRUE,TRUE,TRUE,0.7781956446156607,0.3275376761269723,0.23049702981233414,1.0267793009385928
commercial_17164010220000_tower_a,TRUE,TRUE,TRUE,0.6848461409114908,0.350866731664943,0.24739007648794498,1.0736267915570008
commercial_17164010230000_tower_b,TRUE,TRUE,TRUE,0.6810518370951949,0.3318035336245857,0.22811962290163212,1.0552701817692325
commercial_17164100040000,TRUE,TRUE,TRUE,0.8645311587875342,0.3131595391686016,0.19185276361568993,0.9689351792864007
commercial_17164110130000,TRUE,TRUE,TRUE,0.8467915798646722,0.2729482478835125,0.15445052343145715,0.9345331915175763
commercial_17171010330000,TRUE,TRUE,TRUE,1.8184925284105269,0.17542843026693347,0.12704480360176432,2.733846468674591
commercial_17171050030000,FALSE,TRUE,TRUE,1.4360358962928677,0.15074056870999783,0.07647311036756199,2.3958143373015437
commercial_17171050120000,FALSE,TRUE,TRUE,1.3791004028086284,0.1682989694697048,0.1112058695406645,2.350901730426056
commercial_17171060200000,TRUE,TRUE,TRUE,1.7442888983668556,0.08993372468233356,0.13690050565036868,2.688163347781727
commercial_17171060300000,TRUE,TRUE,TRUE,1.7502337055114476,0.05293127848387589,0.13722392210824833,2.676734583910119
commercial_17171130340000,TRUE,TRUE,TRUE,1.4806114564320647,0.07853193860053319,0.07820134589778949,2.368296708042568
commercial_17171130400000,TRUE,TRUE,TRUE,1.441627442837727,0.09733833500964247,0.09862977764783494,2.329813279065325
commercial_17171170020000,TRUE,TRUE,TRUE,1.4765003065013378,0.12249791749418323,0.12225210465977172,2.3419727759374287
commercial_17172080010000,TRUE,TRUE,TRUE,0.935109780715079,0.051458024053049826,0.059374037262815704,1.96384753283779
commercial_17172090210000,FALSE,FALSE,FALSE,0.8827688536071531,0.10509724712714907,0.11121503242101716,1.9320762726240404
commercial_17172210210000,FALSE,TRUE,TRUE,0.988473417553248,0.12927251156117242,0.042095109851476346,1.9071886635252233
commercial_17172280150000,TRUE,TRUE,TRUE,0.956970006615057,0.26825827480901643,0.18760839028351334,1.7853228412100968
commercial_17172290130000,TRUE,TRUE,TRUE,1.3437883190732631,0.2823276837756455,0.28402308875149634,2.1604490075201057
commercial_17173230020000,TRUE,TRUE,TRUE,1.625886670412502,0.20620279010185494,0.08968323995303888,2.1853464457928857
commercial_17173230060000,TRUE,TRUE,TRUE,1.6633158887397543,0.25065929626785477,0.07864571015348464,2.234256988602682
commercial_17173230080000,TRUE,TRUE,TRUE,1.6701139416560564,0.2543063715375022,0.09106294270587957,2.233524605020339
commercial_17173230380000,TRUE,TRUE,TRUE,1.6458787405538504,0.22133844795686505,0.09745160888783481,2.1841832774802055
commercial_17173230400000,TRUE,TRUE,TRUE,1.6563527263203435,0.23253507498464915,0.10930544546460458,2.196741293460107
commercial_17173230420000,TRUE,TRUE,TRUE,1.6610135961358965,0.23760112660599897,0.1147211319346983,2.2025419801506954
commercial_17173230440000,TRUE,TRUE,TRUE,1.6659581782985953,0.24290098126059465,0.12028977032762442,2.208253167908758
commercial_17173230460000,TRUE,TRUE,TRUE,1.6802213342865788,0.258449880746511,0.11972795111576098,2.22537739720294
commercial_17173330470000,FALSE,TRUE,TRUE,1.7385984414923508,0.3163579807659573,0.15100533424595136,2.2730389627038816
commercial_17173340090000,TRUE,TRUE,TRUE,1.6919831722260317,0.2679911051240454,0.136443291078693,2.1828182677806223
commercial_17173340210000,TRUE,TRUE,TRUE,1.70856126927159,0.28286443104141634,0.15213032909707186,2.2103956858524065
commercial_17173340340000,TRUE,TRUE,TRUE,1.7278700434309258,0.24040070126699195,0.16707558659243862,2.178448440904961
commercial_17173340440000,TRUE,TRUE,TRUE,1.7102819098308903,0.2609410973780329,0.15996660160396953,2.1790722236553073
commercial_17173350130000,FALSE,TRUE,TRUE,1.795386435821193,0.2766818424815842,0.14397930257026123,2.2462223374037626
commercial_17182150020000,TRUE,TRUE,TRUE,1.9399359546424522,0.2186071671268197,0.24774088540274516,2.858279928451778
commercial_17193000410000,TRUE,TRUE,TRUE,2.9156851351936868,0.10882959347641352,0.09284915598346595,3.272740173057979
commercial_17201030600000,FALSE,TRUE,TRUE,1.8145501210537731,0.22186785403540885,0.08239671619770904,2.2209620275556636
commercial_17201250120000,TRUE,TRUE,TRUE,2.0022296180888426,0.13798251330056302,0.10207834662027711,2.225639245364472
commercial_17201270040000,TRUE,TRUE,TRUE,2.2181562769161394,0.134942766027394,0.021690121991972445,2.4896529977404462
commercial_17202000770000,FALSE,TRUE,TRUE,1.7577958582622255,0.1618035475870843,0.08412012080806978,2.1457078885381913
commercial_17213280040000,FALSE,TRUE,FALSE,2.2030448639930365,0.12034125874116494,0.18894656177763017,1.806899967265006
commercial_17213290350000,FALSE,TRUE,FALSE,2.2597381792521367,0.1651084487040447,0.24743417091953118,1.809163029790309
commercial_17221020300000,TRUE,TRUE,TRUE,1.2317259272433467,0.2859566374354466,0.04535910656168926,0.43927427643459627
commercial_17221070890000,FALSE,TRUE,TRUE,1.5208122203921506,0.38255781915831427,0.06732610457582736,0.6547283218500771
commercial_17223190320000,FALSE,TRUE,TRUE,2.145459608543398,0.27348428381041806,0.23116958599297596,0.6182623465028316
commercial_17271290960000,TRUE,TRUE,TRUE,2.667908280003849,0.1200256069155919,0.2749624323727676,0.5630321066574263
commercial_17341040010000,FALSE,TRUE,TRUE,3.194261416342379,0.15001057144985505,0.020469351502351966,0.66920288976431
commercial_17341040180000,FALSE,TRUE,TRUE,3.2000671475825233,0.13415177936793335,0.022376348576517456,0.6468720761734433
commercial_17344220040000,FALSE,TRUE,TRUE,4.2379182116434055,0.2732765657282207,0.10778870783753751,0.6130769584893337
commercial_17344220050000,FALSE,TRUE,TRUE,4.235800285962028,0.27797971038348207,0.11551089883393119,0.6211459059403199
commercial_17344220060000,FALSE,TRUE,TRUE,4.209657537529187,0.2534018151353072,0.12466642974391512,0.6046050969347899
commercial_17344220200000,FALSE,TRUE,TRUE,4.204140931462617,0.2667995244940165,0.14629723224907645,0.6244793084711444
commercial_17344280090000,TRUE,TRUE,TRUE,4.148393150507721,0.30762182008356836,0.1951353329954394,0.6822296802565933
commercial_17344280170000,FALSE,TRUE,TRUE,4.15913171097612,0.28275700124679065,0.1841866567364811,0.6554403324639135
commercial_17344290080000,FALSE,TRUE,TRUE,4.191641389298663,0.31023491513666795,0.20211394347714715,0.6789683787516786
commercial_17344300010000,FALSE,TRUE,TRUE,4.199749262120185,0.288091935061359,0.17271982854104517,0.651643195155704
commercial_17344300020000,FALSE,TRUE,TRUE,4.224965360217777,0.3093354527357443,0.16241656705615692,0.6671675837758158
commercial_19101070140000,TRUE,TRUE,FALSE,7.9361328860704035,0.2557580944403397,0.21467199944815415,7.404639041042616
commercial_20034130510000,TRUE,TRUE,TRUE,4.953919530513373,0.0688614751897894,0.1040194364869516,0.747414172603115
commercial_20043270360000,FALSE,TRUE,FALSE,5.187202334775368,0.12551917961916598,0.2294218121315568,2.6003401112251376
commercial_20102160420000,TRUE,TRUE,TRUE,5.562823890266241,0.18449985864076887,0.14093519592785256,1.4147345405591292
commercial_20102250040000,FALSE,TRUE,TRUE,5.61955541432437,0.1313559043991881,0.11189477977948091,1.2701537876125517
commercial_20121070150000,FALSE,TRUE,TRUE,6.237499098175259,0.34877825414179403,0.10225340382210567,0.2981701155599369
commercial_20151010080000,TRUE,TRUE,TRUE,6.214073346962707,0.21611074379769782,0.17387229009354932,2.156679535205651
commercial_20151060280000,TRUE,TRUE,TRUE,6.2695030328234855,0.2427879329508898,0.09265120092484279,1.9298993323767748
commercial_20202060450000,TRUE,TRUE,TRUE,7.296931699690754,0.31989130484096173,0.2882139807795161,3.599192969405219
commercial_20211270100000,TRUE,TRUE,TRUE,7.565020390888514,0.10015196403677891,0.1801647900189283,3.2094119639887886
commercial_25221060410000,TRUE,TRUE,FALSE,13.40303043852729,0.2925378811168153,0.2252748244715019,5.099104450199918
residential_10333280210000,TRUE,TRUE,FALSE,10.320855347075037,0.13161214732041585,0.14619583959655053,5.219416754557109
residential_11303220110000,TRUE,TRUE,TRUE,9.305320292061683,0.16691782132809493,0.303131895163619,1.143012155959193
residential_11303220120000,TRUE,TRUE,TRUE,9.301241873631884,0.16598703336686507,0.29509607097777707,1.1343500121519585
residential_11311110160000,TRUE,TRUE,TRUE,9.075690721779383,0.10716210609969952,0.12523584513231462,1.122838610925955
residential_11312140340000,TRUE,TRUE,TRUE,8.935556336018932,0.28370075155025165,0.048561988121576666,1.0136591046241565
residential_12244180480000,TRUE,TRUE,TRUE,10.191180418613476,0.14820801611704548,0.5650318594861177,8.845851842252138
residential_13011200230000,TRUE,TRUE,TRUE,8.356316991428393,0.14212345359650475,0.18291928539439573,2.382036818345312
residential_13011210070000,TRUE,TRUE,TRUE,8.35431025165595,0.11292194893700729,0.18964816554475272,2.344237376296806
residential_13011260650000,TRUE,TRUE,TRUE,8.347385056897998,0.2930445885731438,0.13229589219337387,2.612602695736887
residential_13014060090000,FALSE,TRUE,TRUE,7.965245236589313,0.3861117032453456,0.11537785178550995,1.9291702867980765
residential_13022170120000,TRUE,TRUE,TRUE,8.533578003534867,0.5746606861449557,0.0708801945942333,3.043272420258818
residential_13024160320000,TRUE,FALSE,FALSE,8.2173522660292,0.37353132937105765,0.01628482910456609,2.8601636758012097
residential_13024210200000,TRUE,TRUE,TRUE,8.221893096884605,0.30953485367247896,0.1734049844184114,3.0312251464904767
residential_13033160010000,TRUE,TRUE,FALSE,9.233768421927103,0.4176620206149963,0.4544170137700596,4.828728447866206
residential_13033161680000,TRUE,FALSE,FALSE,9.097270847293697,0.5287657320585514,0.44407318118636613,4.769566286852251
residential_13042090560000,TRUE,TRUE,FALSE,10.040313683255237,0.4540009217746459,0.39087946355421976,4.872480299532802
residential_13051110270000,TRUE,TRUE,FALSE,10.995786581185842,0.34115594240965075,0.2295633338575972,6.558931595595458
residential_13051190200000,TRUE,TRUE,FALSE,10.907862838323764,0.3930383408375759,0.1241803954227843,6.579363435130889
residential_13052160330000,FALSE,FALSE,FALSE,10.334845079039647,0.5860067355202615,0.3337484532410403,5.910578494663537
residential_13053020330000,TRUE,TRUE,TRUE,10.723234393509458,0.4540410982346195,0.04720947875093616,6.539434963845852
residential_13054000010000,TRUE,TRUE,TRUE,10.524272619277864,0.44674642376189805,0.18336185340239347,6.189524715079448
residential_13054130220000,TRUE,FALSE,FALSE,10.117191680968213,0.555573241017279,0.5089883088389012,5.856094224116509
residential_13064090110000,TRUE,TRUE,FALSE,10.871057321684097,0.3617242225543679,0.11407739879998134,6.810967186463142
residential_13072030360000,TRUE,TRUE,TRUE,10.689582800171314,0.170548723970733,0.3017515847957611,7.140368233918275
residential_13072060290000,TRUE,FALSE,FALSE,10.596159847712906,0.1351748488682604,0.28448276234764924,6.935542089995769
residential_13072110160000,TRUE,TRUE,TRUE,10.644488809654595,0.18983915330861523,0.44926073775571423,7.237877186214016
residential_13074110060000,TRUE,TRUE,TRUE,10.401928157045807,0.25220001032004075,0.5885318621701885,7.259107314547782
residential_13083270060000,TRUE,TRUE,TRUE,9.662063184478539,0.449896878626807,0.2666979505720944,6.567902295679523
residential_13083300300000,TRUE,TRUE,FALSE,10.059676015658486,0.22048187443024442,0.39366034914413783,6.902041668430721
residential_13094150120000,TRUE,FALSE,FALSE,8.616224722833502,0.4380724421938318,0.23969368989107673,5.01569574983993
residential_13094150290000,TRUE,FALSE,FALSE,8.595178736448593,0.44221031485256157,0.2128489995821758,5.018975421003045
residential_13094190120000,TRUE,FALSE,FALSE,8.571538904699361,0.44353919296010574,0.17783350516528418,5.030336794674207
residential_13103080330000,TRUE,FALSE,FALSE,8.400622278824658,0.41691447753285027,0.1341540709513476,4.905236774000502
residential_13103080670000,TRUE,FALSE,FALSE,8.401099145018687,0.41243460754488503,0.1388009766356435,4.90136849085961
residential_13112050110000,FALSE,TRUE,TRUE,7.8942578679745825,0.06788385230431924,0.11436733615009535,2.8958559910063495
residential_13112050120000,FALSE,TRUE,TRUE,7.889326728839809,0.06419483034024848,0.11841443968588877,2.8967023517176185
residential_13123010150000,TRUE,TRUE,TRUE,7.414051714135044,0.2936628308984013,0.07397582947628496,2.8555264845061656
residential_13124010180000,FALSE,TRUE,TRUE,7.037665521974075,0.31517786934391256,0.34995754570576587,2.0778286198213247
residential_13124010280000,TRUE,TRUE,TRUE,7.021104346258241,0.29368689211818605,0.3626307947669204,2.106464348843398
residential_13124030140000,TRUE,TRUE,TRUE,6.984287218120599,0.3107731168978652,0.34384774961244335,2.1025749120320856
residential_13124030190000,TRUE,TRUE,TRUE,6.9744704703992255,0.33364173067800174,0.3207993785601133,2.07921085967949
residential_13124030200000,TRUE,TRUE,TRUE,6.972515268494632,0.33822712195676286,0.3162025516341776,2.0745409071282643
residential_13124030240000,TRUE,TRUE,TRUE,6.964722046057007,0.3463144509923755,0.2978533837937358,2.0558576892235507
residential_13124030300000,TRUE,TRUE,TRUE,6.966585446036426,0.30913928933907003,0.34868961004780674,2.1158234564843705
residential_13124030450000,TRUE,TRUE,TRUE,6.950916314048744,0.33330964460834994,0.280912932288657,2.042074153322687
residential_13124030580000,TRUE,TRUE,TRUE,6.950438774803895,0.3489544447208364,0.30685418931235686,2.0734709628147696
residential_13124060120000,TRUE,TRUE,TRUE,6.975360644397557,0.2390383641279002,0.3391667865635215,2.220076028722811
residential_13124060470000,TRUE,TRUE,TRUE,6.970574675378148,0.2463730808707629,0.34258610616834134,2.2124005216341645
residential_13124100160000,TRUE,TRUE,TRUE,6.897196750039437,0.2922328611416926,0.22851352540600353,2.2824751541273405
residential_13124111020000,TRUE,TRUE,TRUE,6.804453756233367,0.4270893498963668,0.30048919624538656,2.1049980019788763
residential_13124111030000,TRUE,TRUE,TRUE,6.807486205326954,0.42502111478955523,0.3003118199642635,2.1041739933782284
residential_13124111040000,TRUE,TRUE,TRUE,6.810512356086944,0.42297378850324846,0.3001715738617659,2.1033564481747447
residential_13124111070000,TRUE,TRUE,TRUE,6.816578564182347,0.4189190496610976,0.30000432017309214,2.101735272197572
residential_13124111080000,TRUE,TRUE,TRUE,6.819613381144878,0.41691674043483534,0.2999756774023203,2.100930904685704
residential_13124111090000,TRUE,TRUE,TRUE,6.8226533097826945,0.41492852868461666,0.2999664068677145,2.100130441567988
residential_13124111100000,TRUE,TRUE,TRUE,6.8256903645093034,0.41296013122192815,0.29995685745698514,2.0993355295870395
residential_13124111110000,TRUE,TRUE,TRUE,6.8287849206702225,0.41098221496396864,0.29993023620027875,2.0985125930286306
residential_13124111120000,TRUE,TRUE,TRUE,6.833045577783968,0.407053892314329,0.3021335526686634,2.0998050766466467
residential_13124111130000,TRUE,TRUE,TRUE,6.828988751887311,0.4045772800482943,0.3117266967943785,2.1111982179931035
residential_13124111140000,TRUE,TRUE,TRUE,6.8346672348401505,0.3995482113406031,0.3141564248063743,2.112369673354369
residential_13124111150000,TRUE,TRUE,TRUE,6.831564438543614,0.4015940833493848,0.3141778084481443,2.1131846778079115
residential_13124111160000,TRUE,TRUE,TRUE,6.828549562386096,0.40360416138687444,0.31419070629437135,2.1139731749704898
residential_13124111170000,TRUE,TRUE,TRUE,6.8255323472928415,0.4056353625725815,0.31419963602999945,2.114762989891874
residential_13124111180000,TRUE,TRUE,TRUE,6.8225165691052165,0.4076805749964844,0.3142317731303618,2.115562354632779
residential_13124111210000,TRUE,TRUE,TRUE,6.812077676746742,0.41423193996732394,0.31603403512609607,2.1198718529762033
residential_13124111220000,TRUE,TRUE,TRUE,6.820362535030501,0.4043956478076239,0.3242887117849209,2.126845364592964
residential_13124111230000,TRUE,TRUE,TRUE,6.82194190055674,0.40150821556367666,0.3280859976879122,2.1305400003321333
residential_13124111240000,TRUE,TRUE,TRUE,6.8235147775503915,0.39875579821610807,0.33162989720794517,2.133966422764844
residential_13124111250000,TRUE,TRUE,TRUE,6.825844350415983,0.39496255959953575,0.3362940536217271,2.13841806916718
residential_13124150020000,TRUE,TRUE,TRUE,6.859344603024456,0.32928403113514115,0.19790339747126753,2.2926759054755936
residential_13131050210000,TRUE,FALSE,FALSE,6.821379538815391,0.5071993544998679,0.06700468299431618,2.7254184926434832
residential_13131160100000,TRUE,FALSE,FALSE,6.6190519498636,0.37856111571545925,0.06201136546526827,2.675928643678591
residential_13132000440000,TRUE,TRUE,FALSE,6.765546970901733,0.4441684252247435,0.06945834487440662,2.6150825625619265
residential_13132000450000,TRUE,FALSE,FALSE,6.765546970901733,0.4441684252247435,0.06945834487440662,2.6150825625619265
residential_13132080370000,TRUE,FALSE,FALSE,6.561100965465942,0.2911828317959975,0.07892759717832333,2.602951509016069
residential_13132080420000,TRUE,FALSE,FALSE,6.602736726094868,0.3235216931867364,0.04016827696655517,2.6128753105459395
residential_13132210040000,TRUE,FALSE,FALSE,6.405351917882309,0.15829104162974897,0.03108766350728478,2.5251479987374963
residential_13132270200000,TRUE,FALSE,FALSE,6.387789881375638,0.2949044705329974,0.07931311923301135,2.664475283452229
residential_13134050050000,TRUE,FALSE,FALSE,6.1229699035012155,0.3767511982626921,0.0583975153067244,2.623370549254132
residential_13134070030000,TRUE,FALSE,FALSE,6.07128116726353,0.43290327947432256,0.04568077049225062,2.6494061583335853
residential_13134070290000,TRUE,FALSE,FALSE,6.0306854445625,0.455068090434969,0.07751233506013178,2.627258460258336
residential_13134110240000,FALSE,FALSE,FALSE,5.984484039723606,0.46742117629183,0.10649056287983799,2.612558598198744
residential_13134110250000,FALSE,FALSE,FALSE,5.980405790294722,0.4660621806116893,0.1066539263327679,2.614204340185145
residential_13141080380000,TRUE,TRUE,TRUE,7.443633205625676,0.1626863048315967,0.15545041171542276,4.013736253415985
residential_13141250100000,TRUE,TRUE,TRUE,7.160584105615668,0.12907818671937002,0.14797007631301162,3.853321101540456
residential_13142230290000,TRUE,TRUE,TRUE,6.88629430965695,0.18813202097830828,0.3734146876816264,3.54631298592268
residential_13142250110000,TRUE,TRUE,TRUE,6.8442271119702385,0.22189530569083507,0.44679811796865593,3.445533772172169
residential_13142250240000,TRUE,TRUE,TRUE,6.8373568152615265,0.2256177593774879,0.4662037938193922,3.41659959746256
residential_13143010150000,TRUE,TRUE,TRUE,7.186014607194855,0.3229143278493545,0.37661326512420024,4.141021980744379
residential_13143020240000,TRUE,TRUE,TRUE,7.152061987996559,0.2549256366148638,0.3323667800284554,4.045016481814937
residential_13143020250000,TRUE,TRUE,TRUE,7.148526338891938,0.25945714815338417,0.3365212905733617,4.046568332206326
residential_13143050210000,FALSE,TRUE,TRUE,6.991563993424916,0.2941422518294652,0.3617822376168224,3.915553872996776
residential_13143050240000,TRUE,TRUE,TRUE,7.024975477884962,0.27399202873159045,0.2951824084535049,3.86787687596622
residential_13143130360000,TRUE,TRUE,TRUE,6.9369424396222366,0.33353172822072547,0.3044671221512944,3.9863711376511515
residential_13143140040000,TRUE,TRUE,TRUE,6.956895401434984,0.2913301448540833,0.3683156359859117,3.9315907077005905
residential_13143140310000,TRUE,TRUE,TRUE,6.906155158937021,0.268950707511137,0.3337643858290421,3.9225805665210505
residential_13143140320000,FALSE,TRUE,TRUE,6.902568027364861,0.2698459982091257,0.32931108542912046,3.924328880521471
residential_13143150190000,TRUE,TRUE,TRUE,6.853695481699098,0.2441667972132532,0.3135727008481288,3.9032358230412165
residential_13143180110000,TRUE,TRUE,TRUE,6.993830065521222,0.35363149523790305,0.1880132914226444,4.231381852092533
residential_13143180300000,TRUE,TRUE,TRUE,6.970253804351454,0.3305283120449692,0.17538493498440894,4.209209099155699
residential_13143190090000,TRUE,TRUE,TRUE,6.961190601278228,0.32619528760912864,0.1949361717945199,4.167561934861358
residential_13143230120000,TRUE,TRUE,TRUE,6.82551198951994,0.2634930949448032,0.20279651924673522,3.9971243782311796
residential_13143230130000,TRUE,TRUE,TRUE,6.821967295381841,0.25876270349449765,0.1985038517752072,3.9989974744146206
residential_13143240090000,TRUE,TRUE,TRUE,6.801561520291214,0.27622859779783315,0.25489955828825855,3.929978778352837
residential_13143260350000,TRUE,TRUE,TRUE,6.94769172764845,0.3200334320137129,0.12017787522269727,4.303411822586513
residential_13143260360000,TRUE,TRUE,TRUE,6.9511350955591436,0.3224746729621174,0.1235140589416832,4.301546968038619
residential_13143290190000,TRUE,TRUE,TRUE,6.81561256630313,0.1812782305228774,0.0802309100175585,4.129934407587741
residential_13143320280000,TRUE,TRUE,TRUE,6.714172259539005,0.19789796245504068,0.2088850784067374,3.9431790854867215
residential_13143320290000,TRUE,TRUE,TRUE,6.710695872787217,0.19333259345006598,0.2063643001027259,3.9451145721673964
residential_13143320300000,TRUE,TRUE,TRUE,6.7072208723805815,0.18877041222790686,0.20391754485145205,3.9470545319755446
residential_13144020300000,TRUE,TRUE,TRUE,6.808551609322589,0.097277859529291,0.43884688948435147,3.58111673607754
residential_13144030210000,TRUE,TRUE,TRUE,6.75617769740339,0.09782512154171152,0.4914802587170797,3.5617095189591015
residential_13144100330000,TRUE,TRUE,TRUE,6.700213644539055,0.07467679287632288,0.5263813258977773,3.633945385840358
residential_13144110100000,TRUE,TRUE,TRUE,6.696059065836282,0.09242630961590756,0.5494831531484454,3.591349403333792
residential_13144110110000,TRUE,TRUE,TRUE,6.692345958294896,0.09413643510212862,0.5532223157613759,3.5932347243959217
residential_13144110200000,TRUE,TRUE,TRUE,6.658985061922394,0.11725136355171836,0.5433202597910494,3.6104003321976244
residential_13144130290000,TRUE,TRUE,TRUE,6.584539209292738,0.21543538585109406,0.6362552349911575,3.5134766550247796
residential_13144130410000,TRUE,TRUE,TRUE,6.610914314349846,0.19731009454423193,0.6375133637548518,3.5111689772172383
residential_13144130420000,TRUE,TRUE,TRUE,6.608004856105132,0.20181928509012187,0.6407895068781262,3.5068808949958648
residential_13144160390000,FALSE,TRUE,TRUE,6.658240632500198,0.22593287082957936,0.33592732065927317,3.8138878581398283
residential_13144170170000,FALSE,TRUE,TRUE,6.645608695643891,0.20273514221578895,0.37465476937854497,3.7750842223586827
residential_13144170420000,FALSE,TRUE,TRUE,6.621036250388492,0.2088877638770195,0.3950221077740563,3.7549005487313085
residential_13144180310000,TRUE,TRUE,TRUE,6.606227882307989,0.18281107365030067,0.46597003349850513,3.683832157753551
residential_13144180330000,TRUE,TRUE,TRUE,6.598892649273031,0.19193448579273031,0.46221984814810957,3.68788915443215
residential_13144190110000,TRUE,TRUE,TRUE,6.58782904920787,0.19083722044414572,0.5015459022527206,3.6486039400078103
residential_13144240090000,FALSE,TRUE,TRUE,6.619041331633055,0.20425123386058075,0.2837686455059904,3.87007243109844
residential_13144250490000,FALSE,TRUE,TRUE,6.553614075727032,0.2311119615054957,0.33922961329147255,3.827690713566856
residential_13144250500000,FALSE,TRUE,TRUE,6.557073476733299,0.23363312454663043,0.3398989237985871,3.825598608947148
residential_13144260230000,TRUE,TRUE,TRUE,6.531266354717622,0.27748526188480316,0.4358700569564559,3.7263389204748156
residential_13144270010000,TRUE,TRUE,TRUE,6.533457962967614,0.2552661657322687,0.47881981520239325,3.679238987290951
residential_13144270150000,TRUE,TRUE,TRUE,6.482509807457353,0.3068662749031092,0.4551299371948596,3.7060296645067843
residential_13144280080000,TRUE,TRUE,TRUE,6.464227642487991,0.3105730632150724,0.5488952433141623,3.5918167362281372
residential_13144290080000,TRUE,TRUE,TRUE,6.413215670704313,0.26203407117784305,0.4961456945333352,3.6081427225873215
residential_13144290250000,TRUE,TRUE,TRUE,6.398245226867536,0.23886006870528012,0.46918502787987865,3.6249795452388573
residential_13144290260000,TRUE,TRUE,TRUE,6.3952392899136035,0.23751815652347086,0.4716554296517828,3.6205302796748495
residential_13144290470000,TRUE,TRUE,TRUE,6.380237822950558,0.23213822585650673,0.4845100860465436,3.598293701791754
residential_13151290390000,TRUE,FALSE,FALSE,7.836866500995341,0.4405676848239694,0.05849188158361561,4.8615926892860095
residential_13151290400000,TRUE,FALSE,FALSE,7.833533630335694,0.43836691807084777,0.06323148235311926,4.862740738448676
residential_13151290410000,TRUE,FALSE,FALSE,7.830203395292337,0.4362074768308891,0.06796978454251042,4.863893188268716
residential_13151290420000,TRUE,FALSE,FALSE,7.826874955465215,0.4340887770694278,0.07270655849507851,4.865048618539705
residential_13151300290000,TRUE,FALSE,FALSE,7.798520593306211,0.3978264974096529,0.07447646164188738,4.82361349904983
residential_13151320190000,TRUE,TRUE,TRUE,7.674162252755393,0.2583451265632019,0.21189433367669977,4.654172788390196
residential_13152230240000,TRUE,TRUE,TRUE,7.7456880850704,0.3728207249688229,0.19961620973691205,4.546235119543281
residential_13152230250000,TRUE,TRUE,TRUE,7.7422352700697195,0.36827682513144205,0.19941387573914773,4.547303825719952
residential_13152250240000,TRUE,TRUE,TRUE,7.61488247664824,0.25023256007286293,0.15983299505789217,4.500760489759476
residential_13152340360000,TRUE,TRUE,TRUE,7.515162348689465,0.1888927216171427,0.1576985346614569,4.445117402046336
residential_13153040070000,TRUE,TRUE,TRUE,7.61222239863104,0.21525702825078621,0.25358461917586356,4.713278726324102
residential_13153100100000,TRUE,TRUE,TRUE,7.8081964045917465,0.5937485109105429,0.2020706361618436,5.123626599413983
residential_13153100110000,TRUE,TRUE,TRUE,7.802810858607749,0.5931166705285059,0.19861564996117698,5.124319882697468
residential_13153100120000,TRUE,TRUE,TRUE,7.7978621567441895,0.592604266425604,0.19559289678309744,5.124965821506627
residential_13153100130000,TRUE,TRUE,TRUE,7.7936711024746,0.592220530078614,0.19313561032634957,5.12551833609588
residential_13153100140000,TRUE,TRUE,TRUE,7.789852428158628,0.5919120483616882,0.19099532094297372,5.126027200000086
residential_13153100150000,TRUE,TRUE,TRUE,7.7860348091608795,0.5916439942174111,0.18895404976639368,5.126542240732024
residential_13153100160000,TRUE,TRUE,TRUE,7.7822159502537325,0.591411908310457,0.18701116861328895,5.127058844334833
residential_13153100170000,TRUE,TRUE,TRUE,7.778399613245683,0.5912202099745953,0.18517436272786786,5.127581142258825
residential_13153100180000,TRUE,TRUE,TRUE,7.774582349656499,0.5910670078584874,0.18344401586452166,5.1281076347081775
residential_13153100190000,TRUE,TRUE,TRUE,7.770766847346035,0.5909539052038396,0.18182546756691517,5.128639544193134
residential_13153100200000,TRUE,TRUE,TRUE,7.766953419532856,0.5908794711323997,0.18032077819868683,5.129175238491134
residential_13153100210000,TRUE,TRUE,TRUE,7.763139098148448,0.5908436937248012,0.17893167483957245,5.129715161174838
residential_13153100220000,TRUE,TRUE,TRUE,7.758628861807882,0.5908542204693232,0.17744480836774407,5.130361987790613
residential_13153100230000,TRUE,TRUE,TRUE,7.754682155153547,0.5909051645174026,0.17628132221215134,5.130929784263938
residential_13153100240000,TRUE,TRUE,TRUE,7.751392105344653,0.5909821210590775,0.1754153414330873,5.131409432172767
residential_13153100250000,TRUE,TRUE,TRUE,7.75544043811498,0.6017228710291163,0.18530185482298353,5.14236751729571
residential_13153100260000,TRUE,TRUE,TRUE,7.75176033290926,0.602765430864319,0.18517270831487667,5.143860231934239
residential_13153100270000,TRUE,TRUE,TRUE,7.748196450727496,0.6039651107217565,0.18520859406923398,5.1454638806162825
residential_13153100280000,TRUE,TRUE,TRUE,7.744579150350137,0.6051664244724837,0.18519366779658195,5.14703161283934
residential_13153100290000,TRUE,TRUE,TRUE,7.7413203738693674,0.6072277572647501,0.18594015572240252,5.149424828327177
residential_13153100300000,TRUE,TRUE,TRUE,7.738846449299674,0.5929702962564809,0.17366202185162632,5.134762207538101
residential_13153100310000,TRUE,TRUE,TRUE,7.735647874714482,0.5880481578497908,0.16876116660718576,5.1298840769068015
residential_13153100320000,TRUE,TRUE,TRUE,7.732126561640303,0.5834863663382702,0.16406309485258486,5.125408334156586
residential_13153100330000,TRUE,TRUE,TRUE,7.728605733614975,0.5789268854570618,0.15936491035385597,5.120933182359792
residential_13153100340000,TRUE,TRUE,TRUE,7.721593267866147,0.5735362479249602,0.1529912030067478,5.11584707763532
residential_13154010180000,TRUE,TRUE,TRUE,7.513929962207479,0.11274747478661479,0.2609398318704874,4.538092318926736
residential_13154010400000,TRUE,TRUE,TRUE,7.518818217559081,0.1267167337790042,0.24212965631252945,4.524179096630232
residential_13154010410000,TRUE,TRUE,TRUE,7.515568825843445,0.12227140664745362,0.2457225848039815,4.52542076734091
residential_13154020190000,TRUE,TRUE,TRUE,7.450069418342913,0.10645025580512052,0.2375699964334352,4.468531014972684
residential_13154030120000,FALSE,TRUE,TRUE,7.3676846871540835,0.09022266746579533,0.30303557901162,4.453681926610972
residential_13154070240000,TRUE,FALSE,FALSE,7.412051214485422,0.1471331878923486,0.27528655848715766,4.672899990158941
residential_13154070500000,TRUE,FALSE,FALSE,7.395793246190789,0.1421614995930089,0.2909619009905418,4.660028747694094
residential_13154070510000,TRUE,FALSE,FALSE,7.397496021151306,0.1402478006796455,0.29101572824601235,4.659266856127446
residential_13154100100000,TRUE,TRUE,TRUE,7.287545110808963,0.12879280156905065,0.40630187550611335,4.480108374804685
residential_13154150040000,TRUE,FALSE,FALSE,7.292511344129115,0.15821318739197807,0.3930526493283008,4.577919552126822
residential_13154150050000,TRUE,FALSE,FALSE,7.285808061980751,0.16766979237419338,0.39305549146916524,4.5811322628969915
residential_13154180310000,FALSE,TRUE,TRUE,7.064274171288131,0.35395965106411054,0.23766507363999412,4.361943431462383
residential_13154180320000,FALSE,TRUE,TRUE,7.067586260709201,0.35030051873756257,0.24129245669216992,4.366340763044602
residential_13154240450000,TRUE,FALSE,FALSE,7.003331936806294,0.2869927672418828,0.1996769961709734,4.4080480035397
residential_13164160090000,TRUE,TRUE,TRUE,8.120882036514002,0.28515451635991745,0.17080444690825325,5.666669373712239
residential_13172050120000,TRUE,TRUE,TRUE,9.315284412855771,0.10881264447556518,0.3923916197316049,6.385688403894019
residential_13172090400000,TRUE,TRUE,TRUE,9.31347957116789,0.12885108294858072,0.3666596914851391,6.419857349618409
residential_13172090410000,TRUE,TRUE,TRUE,9.315407945513892,0.13131037990271688,0.36420091124553583,6.422248705183028
residential_13172100260000,TRUE,TRUE,TRUE,9.253507804446595,0.07796514703814486,0.4225564317433417,6.3724092384394595
residential_13172100270000,TRUE,TRUE,TRUE,9.249799177418907,0.07351663399168476,0.4272915035843899,6.367810989275588
residential_13172160380000,FALSE,TRUE,TRUE,9.014731920623431,0.2132208711665092,0.28012572156881405,6.112706308089384
residential_13172160390000,FALSE,TRUE,TRUE,9.018395140208272,0.2086979020357231,0.28324788850274957,6.117282455003343
residential_13191210090000,TRUE,TRUE,TRUE,9.898557233960236,0.24197729885812747,0.2259112802155306,8.166626782854001
residential_13191230500000,TRUE,TRUE,TRUE,9.766801229950776,0.10555660044440557,0.18582973279002926,8.016549811351094
residential_13191240050000,TRUE,TRUE,TRUE,9.754295293974003,0.05231341373164024,0.22536676027093416,7.971911711479256
residential_13194120080000,TRUE,TRUE,TRUE,9.157189225851404,0.5881511357429967,0.42683032677126725,7.680344492985799
residential_13201250140000,TRUE,TRUE,FALSE,9.02669817559611,0.41107911963160404,0.33242699956475485,7.311281879725282
residential_13202230190000,TRUE,TRUE,TRUE,8.34663769210113,0.34120075595665633,0.34979544157123865,6.470264919611399
residential_13212240340000,TRUE,TRUE,TRUE,7.740565343127932,0.15072363519531912,0.41101176658862304,5.846862575857875
residential_13213030370000,TRUE,TRUE,TRUE,7.754801636649734,0.2357670556279115,0.26151089415758594,5.992294668558157
residential_13213030380000,TRUE,TRUE,TRUE,7.7585626263898675,0.2358380393534702,0.2572229427623269,5.996483985709598
residential_13214150260000,TRUE,TRUE,FALSE,7.209129301418443,0.31099186601906303,0.16017777915239106,5.617379474936642
residential_13221020480000,FALSE,TRUE,FALSE,7.469541538917521,0.5803385122511613,0.2071220086587388,5.080634362339743
residential_13221020490000,FALSE,TRUE,FALSE,7.466157875908861,0.5769963915388165,0.2064853813279072,5.076443722390027
residential_13221020500000,FALSE,TRUE,FALSE,7.463010822836799,0.5739004382127981,0.20597841246789875,5.072544910972761
residential_13221020510000,FALSE,TRUE,FALSE,7.4598651158920495,0.5708178084823019,0.20555419267866915,5.068646388788443
residential_13221020520000,FALSE,TRUE,FALSE,7.456681676781854,0.5677116086065729,0.2052102895943901,5.0647005456221805
residential_13221020530000,FALSE,TRUE,FALSE,7.452623859064653,0.5637724708116955,0.2048974878693131,5.0596703556114075
residential_13221020540000,FALSE,TRUE,FALSE,7.449463132788017,0.560719667891947,0.20475138116596395,5.05575131680005
residential_13221020550000,FALSE,TRUE,FALSE,7.446321702142395,0.5576983413422283,0.20469044284372165,5.051854646787334
residential_13221020560000,FALSE,TRUE,FALSE,7.4431812809864715,0.5546918957473719,0.20469417161202236,5.0479584428805335
residential_13221020570000,FALSE,TRUE,FALSE,7.43994777812107,0.5516119060710623,0.20469499072846742,5.043946610549041
residential_13221020580000,FALSE,TRUE,FALSE,7.435841580353113,0.5477228294548565,0.20469553754609596,5.038850893125592
residential_13221020590000,FALSE,TRUE,FALSE,7.4326865204108,0.544751171870584,0.2046955066341053,5.034934109242231
residential_13221020600000,FALSE,TRUE,FALSE,7.429550559486308,0.5418120567161161,0.2046951273504771,5.031039803663962
residential_13221020610000,FALSE,TRUE,FALSE,7.426415239434614,0.5388895343247913,0.2046953151933264,5.027146137965283
residential_13221020620000,FALSE,TRUE,FALSE,7.423046135774334,0.5357656814657835,0.20471589607505097,5.022960590883589
residential_13221020630000,FALSE,TRUE,FALSE,7.412919080607316,0.540249901854759,0.22287825394779917,5.03175422954358
residential_13221020640000,FALSE,TRUE,FALSE,7.419355901915198,0.5447064094161307,0.22285975681492493,5.039704067945035
residential_13221020650000,FALSE,TRUE,FALSE,7.425669417554911,0.5491771967051171,0.22281778259055235,5.0474699208036675
residential_13221020660000,FALSE,TRUE,FALSE,7.431983936666838,0.5537351780793208,0.22277350892166498,5.055233955622684
residential_13221020670000,FALSE,TRUE,FALSE,7.4383053949890545,0.558382477439683,0.22280697700465749,5.063003407466254
residential_13221020680000,FALSE,TRUE,FALSE,7.419804733402139,0.5378774634006276,0.2425698157804337,5.06332478740205
residential_13221020690000,FALSE,TRUE,FALSE,7.413504515068778,0.5332027044597057,0.24257435608859498,5.055554498119554
residential_13221020700000,FALSE,TRUE,FALSE,7.407208313269501,0.5286179816792836,0.2425745089143104,5.047786005001995
residential_13221020710000,FALSE,TRUE,FALSE,7.399915412857823,0.5234195337387956,0.24257547097284524,5.038783985914855
residential_13221020740000,FALSE,TRUE,FALSE,7.400171822002586,0.5159892743468674,0.2641651133915868,5.064369801956056
residential_13221020860000,FALSE,TRUE,FALSE,7.4076158354014465,0.5205652065859031,0.26807585046709353,5.078040543382623
residential_13221020870000,FALSE,TRUE,FALSE,7.412553053903946,0.5259884630568831,0.2628131324910099,5.077923032835169
residential_13221020880000,FALSE,TRUE,FALSE,7.418197161708446,0.5321926523016447,0.2568184517306071,5.077796387917536
residential_13221020890000,FALSE,TRUE,FALSE,7.424548654877119,0.5391798462550351,0.250101758962339,5.077663690528641
residential_13221020900000,FALSE,TRUE,FALSE,7.430195568097304,0.5453965198256727,0.24415814103550873,5.077554509572611
residential_13221020910000,FALSE,TRUE,FALSE,7.4351374315845105,0.550840382623831,0.23897973380714396,5.077465745740746
residential_13221020920000,FALSE,TRUE,FALSE,7.440080320502229,0.55628840557163,0.2338232155642198,5.077383261871725
residential_13221020930000,FALSE,TRUE,FALSE,7.445024202749264,0.5617404303474302,0.22869011586737828,5.077307076299617
residential_13221020940000,FALSE,TRUE,FALSE,7.449969091358926,0.5671963599026637,0.22358202240065314,5.077237180281621
residential_13221020950000,FALSE,TRUE,FALSE,7.454914984329365,0.5726560826305589,0.2185006889528149,5.077173574078473
residential_13221070300000,TRUE,TRUE,FALSE,7.481611302520308,0.5755240406175469,0.42703108378487475,5.343816186205648
residential_13221120160000,TRUE,TRUE,FALSE,7.449751902150741,0.5701037022357318,0.39517767866590026,5.346412974490668
residential_13221220310000,TRUE,TRUE,TRUE,7.273795298682178,0.4260814046799496,0.22828297770444192,5.312575294646734
residential_13221220320000,TRUE,TRUE,TRUE,7.270073002695422,0.4214209317685084,0.22390371562708558,5.308262273803326
residential_13221220420000,TRUE,TRUE,TRUE,7.22260446550929,0.36567457169234213,0.17092296911400026,5.256107382576926
residential_13221240360000,FALSE,TRUE,TRUE,7.209898920442196,0.38763856675406155,0.18088771163430276,5.291609741453327
residential_13221240370000,TRUE,TRUE,TRUE,7.2061623390819225,0.3829062111939371,0.17619472696564725,5.2869212343711105
residential_13221240380000,FALSE,TRUE,TRUE,7.202426976006648,0.37817403250633796,0.17150413659073507,5.2822329467617894
residential_13221240390000,FALSE,TRUE,TRUE,7.198691263118293,0.37344000542857453,0.16681412951477623,5.277542861952986
residential_13221240710000,TRUE,TRUE,TRUE,7.1958955040796875,0.36876468366429915,0.16236211605528827,5.272649619791341
residential_13221240720000,FALSE,TRUE,TRUE,7.191231635287794,0.36398128073107117,0.15745168960959122,5.2681717074637495
residential_13221240730000,TRUE,TRUE,TRUE,7.188443506729744,0.3593109455462606,0.15302352839522027,5.263281290120175
residential_13221240770000,TRUE,TRUE,TRUE,7.2151833350633146,0.3753209316972294,0.17267750439156185,5.2740086592171505
residential_13221250600000,TRUE,TRUE,TRUE,7.065553447262836,0.16696772166925347,0.10160910410468725,5.0404495045333615
residential_13221250610000,TRUE,TRUE,TRUE,7.065629617545388,0.1681297850095977,0.09580163875674841,5.045031265216641
residential_13221250620000,TRUE,TRUE,TRUE,7.065712594981535,0.16936854469607754,0.09063345757598858,5.049154691945129
residential_13221250630000,TRUE,TRUE,TRUE,7.0654819115904735,0.1702793818913755,0.08609671565557248,5.052506605957597
residential_13221250640000,TRUE,TRUE,TRUE,7.06542869928794,0.17168529391831716,0.08100322373674544,5.0565026595861315
residential_13221260150000,TRUE,TRUE,TRUE,7.100537214532489,0.2062728322634997,0.09815497903655718,5.082425316699133
residential_13221260160000,TRUE,TRUE,TRUE,7.096295881768051,0.20280326104214158,0.0935229772431692,5.081348110741286
residential_13221260170000,TRUE,TRUE,TRUE,7.092135653409951,0.19947724254662297,0.08892757692904493,5.080344035559574
residential_13221260180000,TRUE,TRUE,TRUE,7.0879175173325,0.1961305142626735,0.0843700771688163,5.079232961056337
residential_13221260190000,TRUE,TRUE,TRUE,7.0836788209088395,0.19285278976915624,0.07974014898105443,5.078169275262994
residential_13221260200000,TRUE,TRUE,TRUE,7.079440994835444,0.1896462789253221,0.07513771060208081,5.077110121696405
residential_13221260210000,TRUE,TRUE,TRUE,7.075121557975942,0.1864302684356249,0.0705428972322223,5.075984394559757
residential_13221260220000,TRUE,TRUE,TRUE,7.070813440142011,0.1832744761278198,0.06607478156251882,5.074813447499425
residential_13221260230000,TRUE,TRUE,TRUE,7.065663008643528,0.17961927006843792,0.06079941930361015,5.073443419250834
residential_13221260240000,TRUE,TRUE,TRUE,7.057619699586121,0.17194346797454196,0.05759828639417842,5.067423047785831
residential_13221260250000,TRUE,TRUE,TRUE,7.050991103226584,0.16536518831578423,0.056350405452555465,5.06196836929166
residential_13221260260000,TRUE,TRUE,TRUE,7.045199175434268,0.15907278470687866,0.05721026446351714,5.0562267159808325
residential_13221260270000,TRUE,TRUE,TRUE,7.042330504147665,0.15409154665500308,0.062459581865338364,5.049983005990263
residential_13221260280000,TRUE,TRUE,TRUE,7.041700214879087,0.15093732358605694,0.06920968056475782,5.044486797603539
residential_13221260290000,TRUE,TRUE,TRUE,7.042253256265799,0.14951161338231986,0.07501244356805256,5.040615563688956
residential_13221260300000,TRUE,TRUE,TRUE,7.042149814016218,0.14790654220361807,0.07990616387357333,5.036914806362378
residential_13221260310000,TRUE,TRUE,TRUE,7.042064785069637,0.14646894958786966,0.08479250312367902,5.033237077714914
residential_13221260320000,TRUE,TRUE,TRUE,7.04198719412512,0.14518816221311312,0.08968420076901798,5.02956380877664
residential_13221260330000,TRUE,TRUE,TRUE,7.04191176762344,0.14406381178511807,0.09457710122346036,5.025893567374588
residential_13221260340000,TRUE,TRUE,TRUE,7.04183932413987,0.14309983794557815,0.099472657552891,5.022225504503985
residential_13221260350000,TRUE,TRUE,TRUE,7.0417703633330735,0.14229988715024755,0.10437093594432799,5.01855962241291
residential_13221260360000,TRUE,TRUE,TRUE,7.041696670704726,0.14159767357048886,0.1099000465574618,5.014426299648608
residential_13222030310000,TRUE,FALSE,FALSE,7.046565183089177,0.18546000674685803,0.3380597475607522,4.578294973481448
residential_13222060030000,FALSE,TRUE,TRUE,6.953511940884307,0.11506425678463292,0.27309252932831896,4.545495020438514
residential_13222110100000,FALSE,TRUE,TRUE,6.941828925922401,0.06410845178279101,0.36731601549183146,4.6656553185504865
residential_13222110150000,FALSE,TRUE,TRUE,6.9479671423069815,0.061528873372396854,0.32353706659595055,4.613377361636659
residential_13222130130000,FALSE,TRUE,TRUE,6.812097109540348,0.09277896499513812,0.23065911475426554,4.528527939986872
residential_13222170010000,FALSE,TRUE,TRUE,6.907037457577855,0.07752818752858091,0.3829781163563554,4.685571028545251
residential_13222210270000,TRUE,TRUE,TRUE,6.825560814441583,0.1620705898143669,0.33441053062292436,4.75232746804474
residential_13222210340000,TRUE,TRUE,TRUE,6.788673791208817,0.15062263902385517,0.3152232735323918,4.76028039820226
residential_13222210370000,TRUE,TRUE,TRUE,6.7956795687941005,0.1513154497674212,0.3189310932758808,4.758717164359147
residential_13222210380000,TRUE,TRUE,TRUE,6.792543909992066,0.15093579401591034,0.317302484842626,4.759390362275873
residential_13223040300000,TRUE,TRUE,TRUE,7.093464137678346,0.2978460172077004,0.08455251005684941,5.207455719556602
residential_13223040310000,TRUE,TRUE,TRUE,7.090542263544024,0.2987562279546274,0.08455835605346305,5.208133621874832
residential_13223040320000,TRUE,TRUE,TRUE,7.08762233059078,0.29973845429912066,0.08455960327500688,5.208811501591817
residential_13223040330000,TRUE,TRUE,TRUE,7.084704367203432,0.3007920241640418,0.08456086184955004,5.209489392609914
residential_13223040340000,TRUE,TRUE,TRUE,7.08178836715171,0.30191617956955996,0.08456212042408821,5.210167283627982
residential_13223040350000,TRUE,TRUE,TRUE,7.078874332862094,0.30311013516722196,0.08456337899861145,5.210845174645959
residential_13223070420000,TRUE,TRUE,FALSE,7.244787565304258,0.4536230724738586,0.31983949949882867,5.448788114772754
residential_13223070430000,TRUE,TRUE,FALSE,7.2418853318148635,0.44951731539555573,0.31972680209010124,5.449366000351268
residential_13223190280000,FALSE,TRUE,TRUE,7.078274728831247,0.2551894927422083,0.08943951577353215,5.490013090571588
residential_13223200490000,TRUE,TRUE,FALSE,7.025790562355104,0.20244270435096834,0.05246702966692584,5.4475331751589575
residential_13223200500000,TRUE,TRUE,FALSE,7.023072035611543,0.2006188633230352,0.04775401313942588,5.448241181197899
residential_13223230060000,TRUE,TRUE,FALSE,6.7418128558992345,0.18503858437129536,0.1658118092883755,5.099555697846183
residential_13224000130000,TRUE,TRUE,TRUE,6.916083510681216,0.08652493241365684,0.09115931049742454,4.983305878480606
residential_13224000370000,TRUE,TRUE,TRUE,6.868174664195494,0.10589829956674435,0.10195413737855863,4.962631534884446
residential_13224020250000,TRUE,TRUE,TRUE,6.788426963395502,0.12686398580042205,0.27931865079495677,4.791236101693449
residential_13224060060000,TRUE,TRUE,TRUE,6.69334975223505,0.2226966489956133,0.34544812753500964,4.711777188929247
residential_13224070120000,TRUE,TRUE,TRUE,6.6293889091733975,0.2803154523037338,0.42170877381588673,4.630822485754282
residential_13224250200000,TRUE,TRUE,TRUE,6.680731496098223,0.18557750126038972,0.1370149377485741,4.974342785677058
residential_13224300270000,TRUE,TRUE,FALSE,6.613732030659443,0.17727792998076214,0.20942422596484594,4.949185423331345
residential_13231070200000,TRUE,TRUE,TRUE,6.5381655465099895,0.06945561565314563,0.21001764445093687,3.986707415751578
residential_13231070210000,FALSE,TRUE,TRUE,6.5381655465099895,0.06945561565314563,0.21001764445093687,3.986707415751578
residential_13231070220000,FALSE,TRUE,TRUE,6.543418268578696,0.06895724445736529,0.21002743271039348,3.9861101423299874
residential_13231070230000,FALSE,TRUE,TRUE,6.5479286107576575,0.06802968164673152,0.20901404364780932,3.9867069808262627
residential_13231070240000,FALSE,TRUE,TRUE,6.557761396474051,0.0645462289839898,0.20435735983046557,3.9905948026081286
residential_13231110310000,TRUE,FALSE,FALSE,6.588065938741443,0.17712718419594425,0.11864705649100601,4.225430482005868
residential_13231150360000,TRUE,TRUE,TRUE,6.469958748746252,0.11339087980230199,0.1978265639190995,3.995515989293447
residential_13231150370000,TRUE,TRUE,TRUE,6.465316795754878,0.10965239534913829,0.19172113420167305,3.9961518940733955
residential_13231210380000,FALSE,TRUE,FALSE,6.486421540966426,0.20026380640633085,0.18402697797232845,4.132066592765988
residential_13231210390000,FALSE,TRUE,FALSE,6.48310000738289,0.20489355912190577,0.18816115485975707,4.132652517876012
residential_13231230110000,TRUE,TRUE,TRUE,6.374943117790373,0.1093263852709675,0.07834789224731943,4.0114785418725445
residential_13231230170000,TRUE,TRUE,TRUE,6.340406095200836,0.14201543565929267,0.0498974534636968,4.018287371015354
residential_13231280340000,FALSE,FALSE,FALSE,6.441901717732028,0.32507386131509486,0.2411552831594929,4.216817418305661
residential_13231280350000,FALSE,FALSE,FALSE,6.433028666485783,0.3255157599075252,0.23684786358136953,4.213758357449106
residential_13231280360000,FALSE,FALSE,FALSE,6.429678869483141,0.3279174107182417,0.23678036900042734,4.2143773680786225
residential_13231280390000,FALSE,FALSE,FALSE,6.419734526476324,0.33557548137267357,0.23674293228141974,4.2164028348582026
residential_13231280400000,TRUE,FALSE,FALSE,6.4164232948579425,0.3382224270742055,0.23673250333577275,4.2170779717223486
residential_13231280450000,TRUE,FALSE,FALSE,6.4102749791538844,0.3160336176413205,0.2173892900663273,4.1963398507093235
residential_13231280460000,TRUE,FALSE,FALSE,6.402074763241234,0.3181866631123764,0.21407332055484357,4.19426893783257
residential_13231280470000,TRUE,FALSE,FALSE,6.397265001656995,0.3195616054821493,0.21213721869967583,4.1930550297448885
residential_13231280480000,TRUE,FALSE,FALSE,6.392422749377092,0.3210567981161451,0.21021401419079105,4.19185632577404
residential_13231280490000,TRUE,FALSE,FALSE,6.38763439772513,0.3212365921917657,0.20734033892178613,4.189568228221115
residential_13231280500000,TRUE,FALSE,FALSE,6.382400599684253,0.31644037093277355,0.2006262463000245,4.183012210887696
residential_13231280510000,TRUE,FALSE,FALSE,6.3778027057677935,0.3129001429934698,0.19515826945663162,4.177741574895042
residential_13231280520000,TRUE,FALSE,FALSE,6.372832011263797,0.3098684818561994,0.1897581362427634,4.172623959454518
residential_13231280530000,TRUE,FALSE,FALSE,6.36350057537592,0.30441887360240333,0.1796478470665713,4.16304831522608
residential_13231280540000,TRUE,FALSE,FALSE,6.375834704563414,0.34365283866863644,0.21543578360654936,4.201168862678845
residential_13232040450000,FALSE,TRUE,TRUE,6.377167701266247,0.20969639916584776,0.43686631929164005,3.6403860090898084
residential_13232040460000,FALSE,TRUE,TRUE,6.373427540102154,0.20518684083917238,0.4327925511472384,3.640723841892403
residential_13232040470000,FALSE,TRUE,TRUE,6.3700740235479385,0.20115562309535165,0.4291522632567137,3.6410324440094772
residential_13232040480000,TRUE,TRUE,TRUE,6.366721717137818,0.19713822487983987,0.42552543312516156,3.6413462218725106
residential_13232040490000,TRUE,TRUE,TRUE,6.363027214260191,0.1927261280074903,0.4215429471979534,3.6416980990655743
residential_13232040500000,FALSE,TRUE,TRUE,6.367190863572157,0.1994900045448892,0.4317203093516386,3.6364754212521015
residential_13232040510000,TRUE,TRUE,TRUE,6.360873981131692,0.19373052231787077,0.4306478627607924,3.632243519580585
residential_13232040520000,FALSE,TRUE,TRUE,6.364228919736192,0.19781631619569984,0.4342320313477149,3.6319282425759845
residential_13232040530000,FALSE,TRUE,TRUE,6.367585053860944,0.2019133971577409,0.43783020229545544,3.631618146425804
residential_13232040540000,FALSE,TRUE,TRUE,6.371327848922194,0.20649296656595556,0.441856667411304,3.6312792672433627
residential_13232130400000,TRUE,TRUE,TRUE,6.212828934449033,0.07741212735022004,0.2834208825295956,3.659491658142932
residential_13232130430000,TRUE,TRUE,TRUE,6.199997796022198,0.08315696965240209,0.2745608882538972,3.6616892397563245
residential_13232140080000,TRUE,TRUE,TRUE,6.229895066484357,0.05224805831804458,0.3436316589893555,3.617253204543877
residential_13232140260000,TRUE,TRUE,TRUE,6.2046800526128845,0.03909740069492995,0.32471119727323694,3.621180251101969
residential_13232140270000,TRUE,TRUE,TRUE,6.2010843190372675,0.039193077980639694,0.32219495415051075,3.6217662264938952
residential_13232140280000,TRUE,TRUE,TRUE,6.197486339169208,0.03985221629045044,0.31972962789363296,3.622356137292491
residential_13232140290000,TRUE,TRUE,TRUE,6.193891169942996,0.04105349888392248,0.31731253890074224,3.622955392392201
residential_13232140300000,TRUE,TRUE,TRUE,6.19209535961895,0.04184000261078543,0.3161265097025209,3.6232553463223196
residential_13232180060000,TRUE,TRUE,TRUE,6.31052103804561,0.047971929205152856,0.09347689310841552,3.88242260720116
residential_13232180070000,TRUE,TRUE,TRUE,6.306343131491569,0.05191046228210142,0.0879711957744113,3.883198246478763
residential_13232230180000,TRUE,TRUE,TRUE,6.095408836552727,0.14868501962634773,0.27517955703685504,3.6415606935304408
residential_13232240160000,TRUE,TRUE,TRUE,6.053046636117459,0.14638969385725314,0.3378745835648292,3.5792654740289023
residential_13233030030000,TRUE,FALSE,FALSE,6.2566367114702315,0.31407331331275373,0.10792951471135481,4.094712581168644
residential_13233140400000,TRUE,TRUE,TRUE,6.178720000659726,0.16085091366829044,0.19254188504614564,4.1950081992090995
residential_13233140410000,TRUE,TRUE,TRUE,6.175494518894932,0.15650546208769012,0.1887434494656698,4.195763373718029
residential_13233210350000,FALSE,TRUE,TRUE,6.118143201237646,0.10149567784074277,0.08170274482548198,4.253156464916652
residential_13233220010000,TRUE,TRUE,TRUE,6.153549203435145,0.1276310052515845,0.16416213271324245,4.2010480172947195
residential_13233220450000,TRUE,TRUE,TRUE,6.158955704061144,0.13145833308628374,0.1591840116094791,4.208252883327158
residential_13233220460000,TRUE,TRUE,TRUE,6.150631839612685,0.12555162727484231,0.16648540565520867,4.197503254645141
residential_13233310350000,TRUE,TRUE,TRUE,5.945337336054767,0.11368785606034178,0.2021297186307251,4.16706854849087
residential_13234060410000,TRUE,TRUE,TRUE,5.934612002006519,0.15346232613661215,0.04785747597687904,4.005321181658463
residential_13242000320000,TRUE,FALSE,FALSE,5.86453785988484,0.4540014706044432,0.020542050533286456,2.7994558707352066
residential_13242000330000,TRUE,FALSE,FALSE,5.868010721196849,0.44937660317002814,0.023823326905901422,2.806098082931494
residential_13242000340000,TRUE,FALSE,FALSE,5.871634850722556,0.44473081829299577,0.023849195544201163,2.8124995610405312
residential_13242000350000,TRUE,FALSE,FALSE,5.8752637394773934,0.4401302646230956,0.023875135406646174,2.8189012123341146
residential_13242000360000,TRUE,FALSE,FALSE,5.878897484475662,0.43557628734086384,0.023901007305326866,2.8253030048049843
residential_13242000370000,TRUE,FALSE,FALSE,5.8835352738665385,0.4298425895132058,0.02391126562112994,2.8334617534285553
residential_13242000380000,TRUE,FALSE,FALSE,5.887179890801999,0.4254002262977291,0.023883904996897957,2.839863941572029
residential_13242000390000,TRUE,FALSE,FALSE,5.890829297252912,0.42100948033418784,0.02385917092525939,2.8462662761062094
residential_13242000480000,TRUE,FALSE,FALSE,5.874967234793842,0.43300841903337006,0.0038878492024915796,2.8805894895075435
residential_13242000490000,TRUE,FALSE,FALSE,5.883847874362164,0.4254094522670755,0.0214126773382716,2.8628947992307543
residential_13242000500000,TRUE,FALSE,FALSE,5.882184677579887,0.42727089328797996,0.024322643979605763,2.8600032981351844
residential_13242000510000,TRUE,FALSE,FALSE,5.880565973362014,0.4290955444749423,0.024947501586629846,2.8571805361635825
residential_13242000520000,TRUE,FALSE,FALSE,5.878948186625423,0.4309312083557822,0.024889754476877173,2.854357808995253
residential_13242000530000,TRUE,FALSE,FALSE,5.877331348821739,0.4327777158268128,0.0248320307524006,2.8515351185569946
residential_13242000540000,TRUE,FALSE,FALSE,5.875715426752859,0.43463496057105827,0.024774292934828517,2.8487124635306715
residential_13242000550000,TRUE,FALSE,FALSE,5.874100406853846,0.4365028181316982,0.0247165210386723,2.8458898501315697
residential_13242000560000,TRUE,FALSE,FALSE,5.8724863316278775,0.4383811151335645,0.024658767139998206,2.843067270559331
residential_13242000570000,TRUE,FALSE,FALSE,5.870873181850408,0.4402697320661191,0.02460098929700171,2.840244755954715
residential_13242000580000,TRUE,FALSE,FALSE,5.8683306721314334,0.4432692985166408,0.02450993157929369,2.835792788915728
residential_13242000590000,TRUE,FALSE,FALSE,5.8667199047056195,0.44518392657589567,0.024452144796357465,2.832970346266615
residential_13242000600000,TRUE,FALSE,FALSE,5.865110084850396,0.4471083952247511,0.024394375392425647,2.830147937793474
residential_13242000610000,TRUE,FALSE,FALSE,5.863501187751782,0.4490426003217623,0.02433659110179759,2.8273255691122134
residential_13242000620000,TRUE,FALSE,FALSE,5.861893235586086,0.4509863980389333,0.02427881920538132,2.8245032352591735
residential_13242000630000,TRUE,FALSE,FALSE,5.8602862157971485,0.4529396767546091,0.024221044035723168,2.8216809373898775
residential_13242000640000,TRUE,FALSE,FALSE,5.858680134456379,0.454902303588952,0.02416325140891476,2.818858708121274
residential_13242000650000,TRUE,FALSE,FALSE,5.857127609035501,0.4568075486857138,0.02412590824873975,2.816138591838039
residential_13242000660000,TRUE,FALSE,FALSE,5.855618340896009,0.458662839995064,0.023866163476432663,2.8135235460524064
residential_13242000670000,TRUE,FALSE,FALSE,5.868958307855524,0.4394467286805564,0.00580876793000642,2.8667898367591387
residential_13242000680000,TRUE,FALSE,FALSE,5.865128016584858,0.44360211215858797,0.005864038537957807,2.859832081774057
residential_13242000690000,TRUE,FALSE,FALSE,5.86150364805915,0.44759876750295413,0.005871248382744856,2.8533108589433405
residential_13242000700000,TRUE,FALSE,FALSE,5.856914634182554,0.4527527156675431,0.005879257128479624,2.8450428342134146
residential_13242000710000,TRUE,FALSE,FALSE,5.853302062916331,0.45688225774612923,0.005886649835251476,2.838522092223081
residential_13242000720000,TRUE,FALSE,FALSE,5.849694339696291,0.4610681969971529,0.005893767743200331,2.8320014679618795
residential_13242000730000,TRUE,FALSE,FALSE,5.845835765275331,0.4656181371761419,0.0059263074622625195,2.8249772302252283
residential_13242000740000,TRUE,FALSE,FALSE,5.831397797144292,0.48086206600339076,0.003441109031201643,2.8121176739287757
residential_13242000750000,TRUE,FALSE,FALSE,5.833231503888474,0.4797157158857039,0.006800269288107966,2.8088729401103705
residential_13242000760000,TRUE,FALSE,FALSE,5.8349478503854755,0.4785391877959421,0.006815445300469245,2.806678061637452
residential_13242000770000,TRUE,FALSE,FALSE,5.836666013602099,0.4773897285608497,0.006830039119556838,2.804486423891155
residential_13242000780000,TRUE,FALSE,FALSE,5.838386053996921,0.4762674612346597,0.006844783853396517,2.8022981248104863
residential_13242000790000,TRUE,FALSE,FALSE,5.840108243005505,0.47517229375180514,0.00685996417933297,2.8001133743618665
residential_13242000800000,TRUE,FALSE,FALSE,5.841832169044264,0.4741048569735185,0.006875544898779202,2.7979318045167405
residential_13242000810000,TRUE,FALSE,FALSE,5.844862503915933,0.4722984410233875,0.006906659135090754,2.794111316958119
residential_13242000820000,TRUE,FALSE,FALSE,5.8465917519690676,0.47130773915546326,0.00692290912964923,2.7919391988065456
residential_13242000830000,TRUE,FALSE,FALSE,5.848323110374832,0.4703450497178402,0.006939310104552172,2.789770599607982
residential_13242000840000,TRUE,FALSE,FALSE,5.850056191588965,0.46941095725209936,0.006955317008354876,2.7876052132795626
residential_13242000850000,TRUE,FALSE,FALSE,5.851791231115959,0.4685053447057016,0.006971421219079748,2.7854433759066537
residential_13242000860000,TRUE,FALSE,FALSE,5.853528245424994,0.46762838203005186,0.006987738232049608,2.7832850162057294
residential_13242000870000,TRUE,FALSE,FALSE,5.855446174852644,0.4667168024161986,0.00404335019942691,2.7808317389016346
residential_13243020330000,TRUE,TRUE,TRUE,5.737564066511833,0.40063824063671133,0.0336985479572159,3.4286770358408574
residential_13243020340000,TRUE,TRUE,TRUE,5.74229185268255,0.40428458358304264,0.037048981094861655,3.4315369196405325
residential_13243020350000,TRUE,TRUE,TRUE,5.747049109804246,0.40796677442492535,0.040692128258068776,3.434433472300408
residential_13243060640000,TRUE,TRUE,FALSE,5.687818258051163,0.2947204547114465,0.07230955170897885,3.5129681574250347
residential_13243060660000,TRUE,TRUE,FALSE,5.679090350214958,0.2837118069603136,0.08163513928084186,3.5152667860054483
residential_13243070030000,TRUE,TRUE,FALSE,5.680956794606714,0.32496792536751035,0.007102587332297771,3.4426624329897177
residential_13243070210000,TRUE,TRUE,TRUE,5.65644020343394,0.3140244679532236,0.02198027900701242,3.4171574382369685
residential_13243100320000,TRUE,TRUE,FALSE,5.595881178751319,0.19165310968181837,0.15666578643339282,3.50775739253423
residential_13243100370000,TRUE,TRUE,FALSE,5.577720072852851,0.16940760518980658,0.18133458882626052,3.513321766654835
residential_13243110370000,TRUE,TRUE,TRUE,5.52427289400774,0.13628596579286395,0.19427704414136635,3.454725358467816
residential_13243110430000,TRUE,TRUE,TRUE,5.5329691186508825,0.14803854104897504,0.18248201793154206,3.451965899046267
residential_13243160110000,FALSE,TRUE,TRUE,5.244156379229352,0.1954660767665322,0.012838441656607986,3.140637656668287
residential_13244060290000,TRUE,TRUE,TRUE,5.138401820577519,0.1992401556772875,0.10217416371957427,3.068403723053742
residential_13251100130000,TRUE,TRUE,TRUE,5.13150991101099,0.059366601839511535,0.16044505588551283,3.195602981742063
residential_13251160020000,TRUE,FALSE,FALSE,5.212003016855816,0.14689185380576603,0.021087790022011124,3.3826784076306073
residential_13251160040000,TRUE,FALSE,FALSE,5.202581622434514,0.14098317793324622,0.011787264187938212,3.3788231386172893
residential_13251160300000,TRUE,FALSE,FALSE,5.21889918909781,0.14931737924628435,0.02748401189936282,3.38283560695504
residential_13251190380000,TRUE,TRUE,FALSE,5.223799917751099,0.0773986169722366,0.29221668581970967,3.655021254719147
residential_13251200070000,TRUE,TRUE,FALSE,5.214925955373301,0.12047480251800825,0.2479078767314608,3.6125476799778915
residential_13251200400000,TRUE,TRUE,FALSE,5.255853134180221,0.1542298276818323,0.21550575067632555,3.59410583726944
residential_13251200410000,TRUE,TRUE,FALSE,5.252598924507611,0.15098384875155785,0.21766753765857,3.5955707357375513
residential_13251240190000,TRUE,FALSE,FALSE,5.01074854573427,0.23142107288861094,0.0907354888076495,3.3829690924214377
residential_13251290080000,TRUE,TRUE,FALSE,5.183715889588215,0.0801509002599788,0.3184109427845474,3.7079892870603284
residential_13251350160000,TRUE,TRUE,TRUE,4.885426194507398,0.21247590725188448,0.05173430904054274,3.358388950657107
residential_13252030300000,TRUE,TRUE,FALSE,4.822854080758973,0.20501122983186548,0.16352152120014213,2.692287989729999
residential_13252030460000,TRUE,TRUE,FALSE,4.840723779482438,0.1932978890801325,0.13620492087755057,2.7198934980033505
residential_13252030470000,TRUE,TRUE,FALSE,4.849694968797746,0.18595905689403475,0.12668764136491942,2.7261077485821827
residential_13252030480000,TRUE,TRUE,FALSE,4.843506591488834,0.19242995555485282,0.13117283820435818,2.7259019222509058
residential_13252030490000,TRUE,TRUE,FALSE,4.84327967698936,0.19459928628815273,0.12888790643326212,2.731042713921158
residential_13252030500000,TRUE,TRUE,FALSE,4.845507193780572,0.1936582292383646,0.12560082820906326,2.734591560433933
residential_13252030510000,TRUE,TRUE,FALSE,4.847651838731491,0.19288719892750195,0.1223908335948226,2.7381715598612613
residential_13252030540000,TRUE,TRUE,FALSE,4.85804088614596,0.1822481709106939,0.11424257444170167,2.7389162616650093
residential_13252030550000,TRUE,TRUE,FALSE,4.8612649925074125,0.17827802666290998,0.11259802002445278,2.737595758155108
residential_13252030610000,TRUE,TRUE,FALSE,4.839981694288798,0.19370939097885176,0.1373212820187789,2.718749472437151
residential_13252030620000,TRUE,TRUE,FALSE,4.836850196895747,0.1955204106834292,0.14205118011528545,2.7139202383428622
residential_13252030630000,TRUE,TRUE,FALSE,4.834066224541662,0.1972249421579642,0.14629010472774767,2.709607047013262
residential_13252030640000,TRUE,TRUE,FALSE,4.83126489697913,0.19904264447826103,0.15055566885535748,2.7053032940767947
residential_13252030650000,TRUE,TRUE,FALSE,4.828483155185394,0.2009302929851399,0.15482426592081341,2.701003494578574
residential_13252030660000,TRUE,TRUE,FALSE,4.825682625925351,0.20292338331311174,0.159125835990959,2.696697383198227
residential_13252040220000,TRUE,TRUE,TRUE,5.034206500526752,0.15399642808060351,0.19617621360258286,3.089268757694665
residential_13252080070000,TRUE,TRUE,TRUE,5.01852070418888,0.12924349809578667,0.17013763044315472,3.124507805951999
residential_13252080080000,TRUE,TRUE,TRUE,5.015313011960668,0.1339526600583951,0.1674702244047341,3.120047676171469
residential_13252160120000,TRUE,TRUE,TRUE,4.8530664364232035,0.2570492183883164,0.05603648791188141,3.1364014311380544
residential_13252160510000,TRUE,TRUE,TRUE,4.888509464325263,0.22927835667479352,0.048329682712525454,3.1212296899432475
residential_13252160520000,TRUE,TRUE,TRUE,4.893747639143501,0.22480361001255167,0.050135758211596354,3.1189942341750854
residential_13252280130000,TRUE,TRUE,TRUE,4.593659141487659,0.29394419669558325,0.23287828732342905,2.939570144535354
residential_13252290110000,TRUE,TRUE,TRUE,4.51791539993201,0.3482762044257864,0.24979018122296523,2.8843083709372257
residential_13253020240000,TRUE,TRUE,TRUE,4.982582003722438,0.2842357425974159,0.24142817517674214,3.6381818808663184
residential_13253020330000,TRUE,TRUE,TRUE,4.9940564323180565,0.2681349336552217,0.273366270494232,3.597979931176267
residential_13253020340000,TRUE,TRUE,TRUE,4.990871014738003,0.27130319611902676,0.2695071535636612,3.5994495054554343
residential_13253050120000,TRUE,TRUE,TRUE,4.8797611824960185,0.24282208573979547,0.1450018560161111,3.4410059781076976
residential_13253200090000,FALSE,TRUE,TRUE,4.866906373665375,0.2431029276321351,0.1966015032951672,3.802000320441237
residential_13253200880000,FALSE,TRUE,TRUE,4.857302231834855,0.23626616210835572,0.19117103426765755,3.797436305480158
residential_13253220140000,TRUE,TRUE,TRUE,4.61557049626804,0.3375157239679278,0.1167172033927342,3.544467035975994
residential_13253220190000,TRUE,TRUE,TRUE,4.600157976816638,0.32384551123055477,0.13522657194106963,3.554012762769734
residential_13253220210000,TRUE,TRUE,TRUE,4.594009503444093,0.31870465836696427,0.14305915979702777,3.557867885831385
residential_13253220270000,FALSE,TRUE,TRUE,4.575624557703391,0.30454559679650467,0.1675730751497413,3.569542581445011
residential_13253230140000,TRUE,TRUE,TRUE,4.5539057012593265,0.3410606509406983,0.13900892042193058,3.5327222328984225
residential_13254000220000,TRUE,FALSE,FALSE,4.729955361296962,0.056694566192402686,0.16333101941398528,3.236769717509478
residential_13254000250000,TRUE,FALSE,FALSE,4.719761088888988,0.04416699817623479,0.1739646451433368,3.241388795088414
residential_13254000260000,TRUE,FALSE,FALSE,4.716369427376452,0.04024582742914501,0.17761951175100898,3.2429420666663265
residential_13254020150000,TRUE,FALSE,FALSE,4.6102096249213655,0.07786279808441338,0.2666181256883319,3.1672322254590353
residential_13254050110000,TRUE,TRUE,TRUE,4.509949165454845,0.26450839429924855,0.1817580970591861,2.9776473610831196
residential_13254050120000,TRUE,TRUE,TRUE,4.506419139117128,0.264222475340264,0.17713729140846143,2.979349635597036
residential_13254050130000,TRUE,FALSE,FALSE,4.502888756324946,0.2640258572331996,0.1725222198816417,2.981053662315424
residential_13254060180000,TRUE,TRUE,TRUE,4.4391841407996555,0.3273178945299153,0.13712555873824625,2.9335887901231312
residential_13254070110000,TRUE,TRUE,TRUE,4.422205626043391,0.3895899650736551,0.1673176151633546,2.86338623930197
residential_13254100170000,TRUE,FALSE,FALSE,4.541610562930796,0.13535471752591996,0.212491296888597,3.1679012003008094
residential_13254160090000,FALSE,TRUE,TRUE,4.5366332751695895,0.25624971873463326,0.1366875477221959,3.3704572051660264
residential_13254160110000,FALSE,TRUE,TRUE,4.530198722223734,0.2655577209600596,0.12724494846912968,3.3742702234128554
residential_13254160190000,TRUE,TRUE,TRUE,4.523813850967394,0.24340359973324976,0.1455407206963696,3.3428922881724192
residential_13254160290000,FALSE,TRUE,TRUE,4.489640801042761,0.28302927313132664,0.10525589011819818,3.351029385510558
residential_13254170120000,TRUE,TRUE,TRUE,4.484026349979235,0.26198406844962807,0.12656238973801953,3.3174660702885888
residential_13254180150000,FALSE,TRUE,TRUE,4.4412502037059385,0.2686166962665778,0.1327751418395851,3.258525962585835
residential_13254190190000,FALSE,TRUE,TRUE,4.372430491573192,0.27479043452299845,0.12843312297676196,3.2104478970351065
residential_13254200270000,TRUE,TRUE,TRUE,4.321355341187487,0.29918058897122113,0.127170599827502,3.11927459399008
residential_13254210060000,FALSE,TRUE,TRUE,4.309040859109119,0.3268142427694578,0.09275477238826903,3.079639503040311
residential_13254210180000,FALSE,TRUE,TRUE,4.290277388066426,0.335820449685485,0.08564839877604201,3.0538614275224885
residential_13254210210000,TRUE,TRUE,TRUE,4.277500673960307,0.31954606417417974,0.09378408142827543,3.0579062975490827
residential_13254210230000,FALSE,TRUE,TRUE,4.266448465207707,0.3055641122639948,0.10153946104061293,3.0614332899613013
residential_13254210250000,TRUE,TRUE,TRUE,4.2853245075088795,0.29558341450942843,0.12367239520975301,3.087211960714171
residential_13254210260000,TRUE,TRUE,TRUE,4.281958037751194,0.29116120207016644,0.1264899941690753,3.088308790515107
residential_13254220180000,TRUE,TRUE,TRUE,4.256606316079367,0.376143915950801,0.02372785737876387,2.9896586174842086
residential_13254220250000,TRUE,TRUE,TRUE,4.22905753096281,0.3442278401287211,0.05242188826517323,2.998333581686039
residential_13254220260000,FALSE,TRUE,TRUE,4.225625547707766,0.34032601255896705,0.054971942842023905,2.9994398390100434
residential_13254220340000,TRUE,TRUE,TRUE,4.270765782448989,0.35837063313256934,0.05035751612182121,3.01669618967723
residential_13254220350000,TRUE,TRUE,TRUE,4.266474573790243,0.353155512233615,0.0525360730084003,3.0180383958215398
residential_13254230130000,TRUE,TRUE,TRUE,4.217515103954273,0.38042850767492487,0.014594545674976046,2.958627506098817
residential_13254230170000,FALSE,TRUE,TRUE,4.200254343468223,0.361876252124677,0.025546102811472498,2.964165604995826
residential_13254250150000,FALSE,TRUE,TRUE,4.401403830829504,0.23514562253709928,0.005102391257904561,3.3540814847152363
residential_13254260090000,TRUE,TRUE,TRUE,4.373829448650642,0.22676958534385735,0.039537135361382,3.2863384858355658
residential_13254260100000,TRUE,TRUE,TRUE,4.37059029723171,0.22238564477528694,0.035637411469094285,3.2874606101882082
residential_13254260200000,TRUE,TRUE,TRUE,4.373891621789011,0.24539021477942838,0.07779651819268918,3.254034430826955
residential_13254270100000,TRUE,TRUE,TRUE,4.327544716754721,0.21049343034454188,0.09015510237049654,3.2254652240481136
residential_13254270110000,TRUE,TRUE,TRUE,4.324274590226124,0.20578489685908227,0.08852321619518715,3.226612358870027
residential_13254270120000,TRUE,TRUE,TRUE,4.321002651984542,0.2010769917496733,0.08712456208245789,3.2277599126034313
residential_13254270160000,TRUE,TRUE,TRUE,4.30789061381277,0.18217042734094963,0.08398191448116328,3.232454039039206
residential_13254270220000,TRUE,TRUE,TRUE,4.322065667362999,0.22913357626494943,0.12250840878773249,3.1948569324978853
residential_13254270240000,TRUE,TRUE,TRUE,4.315470485647027,0.21966511807978395,0.11873269263081744,3.197112087987542
residential_13254270350000,TRUE,TRUE,TRUE,4.28548549312903,0.16257465003006089,0.0974367099307874,3.2205819576438084
residential_13254270450000,TRUE,TRUE,TRUE,4.3014872234195085,0.19954270731853133,0.11295160366899755,3.201989545785974
residential_13254270460000,TRUE,TRUE,TRUE,4.299847386267993,0.19717826070322514,0.11248932928447465,3.202570608821957
residential_13254280050000,TRUE,TRUE,TRUE,4.298109358799972,0.23565369619377724,0.15718335948848605,3.158780735981355
residential_13254280080000,TRUE,TRUE,TRUE,4.282365712217555,0.21355684173488085,0.1506843123832203,3.1642099005932454
residential_13254280130000,TRUE,TRUE,TRUE,4.261748050503611,0.18461939669270214,0.14700346884415436,3.1698182436746767
residential_13254280410000,TRUE,TRUE,TRUE,4.265023570711182,0.18922267436302592,0.14720647517297636,3.1695278865406684
residential_13254280420000,TRUE,TRUE,TRUE,4.26832019366267,0.19384624860900473,0.1475526021221665,3.1691980645319275
residential_13254280450000,TRUE,TRUE,TRUE,4.280673172872481,0.24356011289632962,0.17686817178772116,3.132610291814688
residential_13254280460000,TRUE,TRUE,TRUE,4.279006246393801,0.24128863500109707,0.178733254090604,3.13317810561044
residential_13254290270000,TRUE,TRUE,TRUE,4.200316128028219,0.22512401002161886,0.16332482750677588,3.0802926037518468
residential_13254290280000,TRUE,TRUE,TRUE,4.1969957859782,0.2212963152921063,0.16674243337394418,3.080594288050687
residential_13254290380000,TRUE,TRUE,TRUE,4.2228210753046636,0.21528484657572153,0.17964110209555675,3.106565969841583
residential_13254290390000,TRUE,TRUE,TRUE,4.2261522054145235,0.21944141904911388,0.17672952154133495,3.106289117472551
residential_13254300050000,TRUE,TRUE,TRUE,4.210559613499393,0.28720194501065305,0.1022960242330931,3.0362900262730848
residential_13254300090000,TRUE,TRUE,TRUE,4.191954267257519,0.2664771620085185,0.120883406888748,3.0425712574950743
residential_13254300120000,TRUE,TRUE,TRUE,4.181001325652746,0.25468939671007285,0.13303723926732938,3.0434323953307683
residential_13254300270000,TRUE,TRUE,TRUE,4.162195172398635,0.2724851314554952,0.11993570337503086,3.017056140957481
residential_13254300280000,FALSE,TRUE,TRUE,4.158814329404227,0.26917433978307004,0.12423247287005282,3.017341157388315
residential_13254300290000,FALSE,TRUE,TRUE,4.155437157031295,0.26590772953585673,0.12855808066926688,3.017633267951583
residential_13254300410000,TRUE,TRUE,TRUE,4.205478716374757,0.2814655471327634,0.10705679427913002,3.0380472944189916
residential_13254300420000,TRUE,TRUE,TRUE,4.200406768983897,0.27579210612343397,0.11206442637542614,3.0398220173029262
residential_13254300430000,TRUE,TRUE,TRUE,4.199560205872746,0.2748509634556437,0.11292247694234103,3.040119899380934
residential_13254300440000,TRUE,TRUE,TRUE,4.168959874857903,0.2792238617309031,0.11145405844046387,3.0165091026755633
residential_13254300450000,TRUE,TRUE,TRUE,4.165576166286659,0.27583454259992013,0.11567611736049917,3.0167789297248886
residential_13254310010000,FALSE,TRUE,TRUE,4.180858561838224,0.3417051354474455,0.04980562894917388,2.9706230850567192
residential_13254310070000,FALSE,TRUE,TRUE,4.156887037124678,0.3179889326353283,0.0820224976939465,2.9789544759637776
residential_13254310110000,TRUE,TRUE,TRUE,4.143246324692182,0.30521942891035175,0.1006889615356704,2.9801916962622554
residential_13254310130000,TRUE,TRUE,TRUE,4.136443636442423,0.29908123319007124,0.11005021106184507,2.9807509016588214
residential_13254310150000,FALSE,TRUE,TRUE,4.129647445285465,0.29311570132316417,0.11943147630738021,2.9813405273612577
residential_13261060060000,FALSE,TRUE,TRUE,5.9145815090845755,0.1514130321126728,0.2235957376661767,4.16717040690198
residential_13261110160000,TRUE,TRUE,TRUE,5.836353170740911,0.26739360403085916,0.29534129488414096,4.193176665692955
residential_13261160600000,FALSE,TRUE,TRUE,5.800885036399108,0.3192979894743788,0.2194837768867364,4.354668391187571
residential_13261160610000,FALSE,TRUE,TRUE,5.801042735562671,0.3166677594135251,0.21476992946386292,4.358647712393067
residential_13261170120000,TRUE,TRUE,TRUE,5.759986246737522,0.37350885010699575,0.33720448694510163,4.234725826257181
residential_13261220730000,TRUE,TRUE,TRUE,5.676654389126398,0.2696141619488562,0.2875627736325286,4.246372675771665
residential_13261220740000,TRUE,TRUE,TRUE,5.680904373267774,0.27638526526619484,0.2909887997236426,4.2442213853579815
residential_13261220750000,TRUE,TRUE,TRUE,5.684893014851499,0.2833870193237789,0.295021612961754,4.2415804091307185
residential_13261220760000,TRUE,TRUE,TRUE,5.692223676261293,0.2827283407897227,0.28762611825699713,4.250015783393234
residential_13261220770000,TRUE,TRUE,TRUE,5.687169714629846,0.27539329426723697,0.28413666723755954,4.251816594939163
residential_13261220780000,TRUE,TRUE,TRUE,5.682907531148318,0.2686006122897044,0.2806466936368899,4.2539426410483046
residential_13261260230000,TRUE,TRUE,TRUE,5.770257807170228,0.22549740262663964,0.048816240406086,4.480620898861147
residential_13261260380000,TRUE,TRUE,TRUE,5.789814056412026,0.25050578679825786,0.08062708282335275,4.4621329363208675
residential_13261260450000,TRUE,TRUE,TRUE,5.809693970117695,0.276493478070238,0.1086514293987719,4.451883214254185
residential_13261270090000,TRUE,TRUE,TRUE,5.769586446987352,0.2406865023636111,0.11546482310675558,4.423551948395365
residential_13261280440000,TRUE,TRUE,TRUE,5.680691080307877,0.17975689564238975,0.18151515232291202,4.347134342494091
residential_13261300190000,TRUE,TRUE,TRUE,5.584591708863266,0.1952007113221765,0.2825528342508946,4.231682190578001
residential_13262000120000,TRUE,TRUE,TRUE,5.819154281454082,0.21811121919211368,0.1918663031469307,4.07456573421875
residential_13262070480000,TRUE,TRUE,FALSE,5.480436837993053,0.15508645183247413,0.31806371773850767,3.6275960164691297
residential_13262120230000,TRUE,TRUE,FALSE,5.455377750980861,0.23340394294087263,0.35470347837393623,3.711127987244379
residential_13262120240000,TRUE,TRUE,FALSE,5.452167168651488,0.2288800674022864,0.3544422576268094,3.712496348510203
residential_13262120360000,TRUE,TRUE,FALSE,5.409769273456067,0.16947851434911038,0.35669507377489695,3.731121512408744
residential_13262140810000,FALSE,TRUE,TRUE,5.624222084080481,0.38297785888864916,0.3471344060485215,4.098604374080345
residential_13262200400000,TRUE,TRUE,FALSE,5.312045758038042,0.05451799657057405,0.3013618040795335,3.7761806906897983
residential_13262220330000,TRUE,TRUE,TRUE,5.572274694980753,0.28402708565896817,0.27133859959509643,4.147832247215225
residential_13263020140000,TRUE,TRUE,TRUE,5.745076006332505,0.2053651610070725,0.020674292153636722,4.523697418829627
residential_13263020150000,TRUE,TRUE,TRUE,5.742300950481947,0.20361723448719357,0.020679159978571112,4.5251670191375055
residential_13263020330000,TRUE,TRUE,TRUE,5.717477279280969,0.17663215161275395,0.04781274498056755,4.500902732355604
residential_13263020390000,TRUE,TRUE,TRUE,5.700839702875621,0.16772353914083185,0.047961368969649455,4.5097275101608645
residential_13263020400000,TRUE,TRUE,TRUE,5.698075587850896,0.16666354090076863,0.04794247678949161,4.511198013276425
residential_13263030300000,TRUE,TRUE,TRUE,5.676944720983329,0.13161723919831547,0.11097509720546944,4.435353048382622
residential_13263040090000,TRUE,TRUE,TRUE,5.635348436499294,0.11640607154140471,0.18343820051759668,4.358093754153989
residential_13263050140000,FALSE,TRUE,TRUE,5.594945667091438,0.08157331138875767,0.21012774951730934,4.34244268646159
residential_13263140390000,FALSE,TRUE,TRUE,5.412917420496479,0.1364282884510979,0.24640610695888998,4.315217093176819
residential_13263200300000,TRUE,TRUE,TRUE,5.476009271581507,0.17527756024985713,0.25236808709956565,4.455426526612143
residential_13263260220000,TRUE,TRUE,FALSE,5.5115875936457055,0.3276122056244713,0.3105167419258509,4.614261623782798
residential_13263290120000,TRUE,TRUE,FALSE,5.367899007696761,0.31082651395174266,0.3844562029515842,4.4651897186285074
residential_13263290300000,TRUE,TRUE,TRUE,5.342818541080682,0.31697042246530815,0.4018976009008326,4.441563383513009
residential_13264070130000,TRUE,TRUE,FALSE,5.132560800949905,0.20361497543152152,0.2205383614532725,3.8025669093582573
residential_13264090070000,FALSE,TRUE,TRUE,5.421423227731225,0.13146964094682934,0.20435986713209295,4.260387412097338
residential_13264100340000,FALSE,TRUE,TRUE,5.3348433390240375,0.21251465997709384,0.15330794724010705,4.223493516747289
residential_13264120380000,FALSE,TRUE,TRUE,5.21516504608252,0.3530140011600121,0.04727011675430622,4.0765270972186425
residential_13264190320000,TRUE,TRUE,TRUE,5.145353702319562,0.40162910498063004,0.15975567819871503,4.110257481971093
residential_13264290440000,FALSE,TRUE,TRUE,4.9124323112026005,0.2136783973667454,0.26608420883603906,3.9875531646236038
residential_13272070300000,TRUE,TRUE,FALSE,6.329276537754013,0.12384620086346144,0.3084071711928612,4.684820640871683
residential_13272070310000,TRUE,TRUE,FALSE,6.326852499001396,0.12227419818299783,0.3059521526886714,4.685615962030696
residential_13272070320000,TRUE,TRUE,FALSE,6.3245095358209005,0.12085514636236509,0.3036071132943796,4.686388033882837
residential_13272070330000,TRUE,TRUE,FALSE,6.322168062256823,0.11953943367133257,0.30129133187328694,4.687163168126297
residential_13272070340000,TRUE,TRUE,FALSE,6.319827941150871,0.11833033365002142,0.2990056503575228,4.687941174579323
residential_13272070350000,TRUE,TRUE,FALSE,6.3174892226102655,0.11723120433133469,0.29675071552527976,4.688722111474899
residential_13272070360000,TRUE,TRUE,FALSE,6.3151519080957135,0.11624517506334732,0.29452721038238977,4.689505995886464
residential_13272070370000,TRUE,TRUE,FALSE,6.312754114237819,0.11535367094516255,0.29227827377939614,4.6903136780058885
residential_13272070380000,TRUE,TRUE,FALSE,6.308645242382097,0.11411727406924789,0.2885025125200181,4.691706014708277
residential_13272070390000,TRUE,TRUE,FALSE,6.306234036174806,0.11356755360932357,0.2863339870450807,4.692528086270985
residential_13272070400000,TRUE,TRUE,FALSE,6.303903476347486,0.1131622853821832,0.2842724558879331,4.693325996402646
residential_13272070410000,TRUE,TRUE,FALSE,6.301574361112641,0.11288277530692663,0.2822466729478215,4.694126864100761
residential_13272070420000,TRUE,TRUE,FALSE,6.299246680694101,0.11272995247892394,0.28025741304571117,4.6949306841802
residential_13272070430000,TRUE,TRUE,FALSE,6.296920398395611,0.11270426940405527,0.27830552455507956,4.695737388729912
residential_13272070440000,TRUE,TRUE,FALSE,6.294595548008414,0.11280585782638647,0.27639175634718566,4.6965470220706775
residential_13272070450000,TRUE,TRUE,FALSE,6.292209406432718,0.11304227402480024,0.2744668565475148,4.697381537748837
residential_13272070460000,TRUE,TRUE,FALSE,6.285444239168084,0.11446337204744927,0.26919753070463076,4.699798228906715
residential_13272070470000,TRUE,TRUE,FALSE,6.283136800956057,0.11517815975434519,0.26749193763167295,4.700618460628364
residential_13272070480000,TRUE,TRUE,FALSE,6.280907261375155,0.11598177298944536,0.2658832522227309,4.701414327049429
residential_13272070490000,TRUE,TRUE,FALSE,6.278592250394933,0.11693129437557938,0.2642548106948637,4.702244040615337
residential_13283050110000,TRUE,TRUE,TRUE,7.484254055001312,0.06838485744125009,0.22183386665387123,6.487159533964724
residential_13283270090000,TRUE,TRUE,TRUE,7.318366304046336,0.08203658073457476,0.2536542685344009,6.560903222068716
residential_13294080270000,TRUE,TRUE,TRUE,8.017451790517349,0.3172762610545382,0.17874264349237118,7.147390856887093
residential_13294260310000,TRUE,TRUE,FALSE,7.858158707729385,0.21627010880701453,0.23543865663046848,7.150028569967287
residential_13302230410000,TRUE,TRUE,FALSE,8.708748565130849,0.2285228418470974,0.41742529673579637,7.653943862137904
residential_13302230420000,TRUE,TRUE,TRUE,8.711112059658982,0.22461530495975154,0.42307644247231413,7.653012077603272
residential_13302250420000,FALSE,TRUE,TRUE,9.024009071067875,0.08850800862811099,0.19630189387519123,8.039191056393767
residential_13304050330000,TRUE,TRUE,TRUE,8.903478706732267,0.40251745271905914,0.33887718496327207,8.15470843303111
residential_13312080100000,TRUE,TRUE,TRUE,8.450678992335371,0.20380160699142907,0.22887559268633995,7.9006298305465545
residential_13312100450000,TRUE,TRUE,TRUE,8.414672707427536,0.09248399938482765,0.33166079207117144,7.931792616721506
residential_13312100460000,TRUE,TRUE,TRUE,8.40879264892952,0.07441032909806286,0.34944020109813784,7.937139252778908
residential_13312130050000,TRUE,TRUE,FALSE,8.315819479185375,0.09457839317673204,0.31771593541149373,7.908027643208228
residential_13312130060000,TRUE,TRUE,FALSE,8.313925729432663,0.09720382384902493,0.3138386813970068,7.909896603121489
residential_13312140040000,TRUE,TRUE,TRUE,8.430664788024117,0.030934597737538785,0.36781959446070417,7.984353702039576
residential_13312140050000,TRUE,TRUE,TRUE,8.433727514624785,0.04000400973327682,0.3664307883636646,7.981672175995916
residential_13312140060000,TRUE,TRUE,TRUE,8.436622547001628,0.049206612638245474,0.3654653607743831,7.978860818611316
residential_13312140070000,TRUE,TRUE,TRUE,8.439560534129896,0.05849499827072994,0.36470035260198214,7.976132387006634
residential_13321180120000,TRUE,TRUE,TRUE,8.182503788227214,0.14057024487546205,0.2887574444076551,7.684754440179947
residential_13321220070000,FALSE,TRUE,TRUE,7.963886554853393,0.10243713829424843,0.09686748650007779,7.433328419888614
residential_13322040320000,TRUE,TRUE,FALSE,7.649644271555079,0.17264065213290736,0.419580856942244,6.993745936000696
residential_13322100130000,TRUE,TRUE,TRUE,7.739077329206646,0.20667880450297768,0.2133585585100343,7.179934836597022
residential_13322100400000,TRUE,TRUE,TRUE,7.717900457719292,0.22752540538610536,0.19356463009005928,7.190979055302541
residential_13322180270000,FALSE,TRUE,TRUE,7.391288313834406,0.1530468370588876,0.45753371611965316,6.916264753030996
residential_13322190560000,TRUE,TRUE,TRUE,7.762477571575796,0.272926227500203,0.09812655127809695,7.335660328074992
residential_13333270530000,FALSE,TRUE,TRUE,6.95180136657899,0.368109812200551,0.4426623942547107,6.673159139657873
residential_13333270540000,FALSE,TRUE,TRUE,6.95688471308551,0.36590194517799557,0.4384576479826835,6.677405351751636
residential_13333270550000,FALSE,TRUE,TRUE,6.96219682144883,0.3641222100919637,0.4337471371361871,6.682170570799367
residential_13333270560000,FALSE,TRUE,TRUE,6.967359806972939,0.3627311701538679,0.428989110697776,6.686990826030639
residential_13333270570000,FALSE,TRUE,TRUE,6.973023614467834,0.35959531794110755,0.42501031965081976,6.691110618347551
residential_13333270580000,FALSE,TRUE,TRUE,6.97667874924225,0.36128471547213953,0.41980077901733376,6.696295852275464
residential_13333270590000,FALSE,TRUE,TRUE,6.981307375844685,0.3606371289660368,0.41526807971027563,6.700899268793335
residential_13333270600000,FALSE,TRUE,TRUE,6.985995175889469,0.3601243898636994,0.4106307926062943,6.705613504945124
residential_13333270610000,FALSE,TRUE,TRUE,6.990653963591228,0.35964396164101997,0.4060576889797814,6.710272924959983
residential_13333270620000,FALSE,TRUE,TRUE,6.995313124293331,0.35923028237669874,0.40149296169948645,6.714932657131787
residential_13333270630000,FALSE,TRUE,TRUE,7.0010553113028395,0.35600541802802954,0.39789297458941253,6.718818291842818
residential_13333270640000,FALSE,TRUE,TRUE,7.004739286807549,0.35874224567759144,0.392183127026003,6.724454380947406
residential_13333270650000,FALSE,TRUE,TRUE,7.023118986952722,0.3517636692284209,0.37906002425197216,6.738622018009132
residential_13333270660000,FALSE,TRUE,TRUE,7.0268857171602,0.3517826003387666,0.37544312916467953,6.742393124323453
residential_13333270670000,FALSE,TRUE,TRUE,7.030469947491983,0.35184233554847094,0.3720086606855973,6.745981460239346
residential_13333270680000,FALSE,TRUE,TRUE,7.034054403668871,0.35194299977977667,0.368580981784719,6.749570134243664
residential_13333270690000,TRUE,TRUE,TRUE,7.037639157309795,0.3520842624988665,0.3651604369213539,6.753159026878588
residential_13333270700000,TRUE,TRUE,TRUE,7.041224062314259,0.3522661836386525,0.36174728404458645,6.756748065046595
residential_13333270710000,TRUE,TRUE,TRUE,7.044988415096495,0.3525009329542523,0.3581715890194767,6.760516778074594
residential_13333270720000,TRUE,TRUE,TRUE,7.0501029042817525,0.35289158819108296,0.3533274148605232,6.765637298723258
residential_13333270730000,TRUE,TRUE,TRUE,7.053871401480566,0.35323181819547966,0.3497689894416255,6.769410116563452
residential_13333270740000,TRUE,TRUE,TRUE,7.057834670777421,0.3536377077902023,0.34603674525600714,6.7733779983596
residential_13333270750000,TRUE,TRUE,TRUE,7.061344286098764,0.33906783428420834,0.35397657555429335,6.767578779387573
residential_13333270760000,TRUE,TRUE,TRUE,7.063011846527293,0.3337717690077234,0.35664615785777654,6.765836814191536
residential_13333270770000,TRUE,TRUE,TRUE,7.064682150527293,0.3284763065648993,0.35937546400917375,6.764097686065544
residential_13333270780000,TRUE,TRUE,TRUE,7.066659198126624,0.32222410436364396,0.3626724045248858,6.76204883255069
residential_13333270790000,TRUE,TRUE,TRUE,7.068337042176548,0.31693130818268905,0.3655250669285164,6.760317769921873
residential_13333270800000,TRUE,TRUE,TRUE,7.070018781499532,0.3116384546267649,0.36843292307194997,6.7585869998707215
residential_13333270810000,TRUE,TRUE,TRUE,7.072009698158373,0.30538847329457525,0.3719359247820299,6.756542910756795
residential_13333270820000,TRUE,TRUE,TRUE,7.073699318501404,0.3000976559311984,0.3749586392298017,6.754812163288279
residential_13333270830000,TRUE,TRUE,TRUE,7.075392231737334,0.29480880219340333,0.37803147656529884,6.75308172552399
residential_13333270840000,TRUE,TRUE,TRUE,7.048902524900813,0.30490455856308873,0.3914698623315644,6.734159433275796
residential_13333270860000,TRUE,TRUE,TRUE,7.045261031072164,0.31515182295312993,0.38644988996960344,6.737117140424394
residential_13333270870000,TRUE,TRUE,TRUE,7.043655092364304,0.32007367776258916,0.3839896227070847,6.738677889475373
residential_13333270880000,TRUE,TRUE,TRUE,7.04205223023591,0.32499558783944144,0.38157705740169445,6.74024186291087
residential_13333270890000,TRUE,TRUE,TRUE,7.0404523314761,0.3299175569357757,0.3792132028514781,6.7418089497297204
residential_13333270900000,FALSE,TRUE,TRUE,7.038607840398114,0.33517783241576665,0.37686765540083667,6.743351749402408
residential_13333270910000,FALSE,TRUE,TRUE,7.017629316577415,0.33528236020499935,0.3966327885866587,6.722350392816689
residential_13333270920000,TRUE,TRUE,TRUE,7.019362548302781,0.3299826168791964,0.39899106172639753,6.720662345985912
residential_13333270960000,TRUE,TRUE,TRUE,7.026917863010525,0.30917244932847315,0.40810371453683875,6.714806779011522
residential_13333270970000,TRUE,TRUE,TRUE,7.0773327789636316,0.28519951132350724,0.38460125965666936,6.748874815247968
residential_13333270980000,TRUE,TRUE,TRUE,7.072079705020085,0.2855810400389677,0.3882950535183864,6.7442052119119165
residential_13333270990000,TRUE,TRUE,TRUE,7.067029659513692,0.2860406279810078,0.3918813877532574,6.739716008396499
residential_13333271000000,TRUE,TRUE,TRUE,7.061979708627722,0.28659077458359183,0.3955012853082084,6.735226832345315
residential_13333271010000,TRUE,TRUE,TRUE,7.05692987080201,0.28723085510104057,0.39915390423090763,6.730737635262201
residential_13333271020000,TRUE,TRUE,TRUE,7.051880146708626,0.2879603433966214,0.402838291642911,6.7262484652121275
residential_13333271030000,TRUE,TRUE,TRUE,7.046830481250853,0.28877854826795246,0.40655364198335864,6.721759258962916
residential_13333271040000,TRUE,TRUE,TRUE,7.041780851645806,0.2896847961836301,0.4102990724910539,6.717270042858315
residential_13333271050000,TRUE,TRUE,TRUE,7.036539686081453,0.2907175456298609,0.4142176368522208,6.712610427055936
residential_13333271060000,TRUE,TRUE,TRUE,7.030078340111963,0.2921186583163165,0.4190905313479384,6.706866006255138
residential_13333271070000,TRUE,TRUE,TRUE,7.0248373930939865,0.2933573047828949,0.4230763889632902,6.702206362687792
residential_13333271080000,TRUE,TRUE,TRUE,7.019788257955143,0.294636258723635,0.4269435778193948,6.697717235714021
residential_13333271090000,TRUE,TRUE,TRUE,7.014739168434908,0.29599803016340404,0.43083680415009157,6.693228051247402
residential_13333271100000,TRUE,TRUE,TRUE,7.009690179387777,0.29744146109345404,0.43475533376477987,6.688738918982017
residential_13333271110000,TRUE,TRUE,TRUE,7.0046413104500544,0.29896534760768934,0.43869848595769884,6.684250506661516
residential_13333271120000,TRUE,TRUE,TRUE,6.999592512462933,0.3005685923763713,0.4426655473563179,6.679763019468932
residential_13333271130000,TRUE,TRUE,TRUE,6.994543856313025,0.3022498330277012,0.44665588934187955,6.675276468926593
residential_13333271140000,TRUE,TRUE,TRUE,6.989303541552856,0.304076075459912,0.450821776116726,6.67062047169922
residential_13334020240000,TRUE,TRUE,TRUE,6.431395277117052,0.17755984968495955,0.34202929332184373,6.091637985008607
residential_13334060110000,TRUE,TRUE,TRUE,6.62604181624743,0.2985271278471376,0.32912913134197297,6.313619175121006
residential_13334070040000,TRUE,TRUE,TRUE,6.457743424154172,0.21483326541791462,0.30052151309009845,6.1437181108011325
residential_13334070390000,FALSE,TRUE,TRUE,6.379558116295324,0.24427824389789976,0.2893227781246136,6.084323537538349
residential_13334070400000,TRUE,TRUE,TRUE,6.375134593394805,0.24524038587201197,0.29090284303265973,6.079915370357904
residential_13341020310000,TRUE,TRUE,TRUE,6.373738374670755,0.42159116568032196,0.10045538706531963,5.67492285670915
residential_13341220050000,TRUE,TRUE,TRUE,6.019000330414788,0.3065416338856388,0.1314552625928426,5.470605625107512
residential_13341220500000,TRUE,TRUE,TRUE,5.978192268427326,0.27571330447724435,0.17799254030184206,5.457999753220466
residential_13341290090000,TRUE,TRUE,TRUE,5.957278188240099,0.3159384829352413,0.25825193532628193,5.519360008978663
residential_13342020290000,TRUE,TRUE,TRUE,5.927095024989907,0.28153972557678003,0.3049764052335353,5.1972609470686635
residential_13342170290000,TRUE,TRUE,TRUE,5.924198607998014,0.2066542506766589,0.21602128187888373,5.381556044053068
residential_13342190380000,TRUE,TRUE,TRUE,5.803856285577214,0.08658260308270756,0.33531614922902053,5.2843108488557835
residential_13344010350000,TRUE,TRUE,TRUE,5.741108767957757,0.20995093523273892,0.1549903468511682,5.40239000351984
residential_13344060040000,TRUE,TRUE,TRUE,5.502217969533682,0.14641915302323055,0.22945405045926817,5.093209471777599
residential_13344060100000,FALSE,TRUE,TRUE,5.506779382175583,0.11956652908777869,0.2516189868040614,5.110522453451244
residential_13344060420000,TRUE,TRUE,TRUE,5.484734988388109,0.14166816807758761,0.22496921100672984,5.083571700652009
residential_13344070170000,TRUE,TRUE,TRUE,5.4294335049650275,0.148017378541145,0.2097946929638668,5.051913903336836
residential_13344240150000,FALSE,TRUE,TRUE,5.6321871478963,0.06440097316590247,0.022662179088468334,5.434860955634191
residential_13351030220000,TRUE,TRUE,TRUE,5.451286673554669,0.2152051748329358,0.3488742499651585,4.650626405384225
residential_13351050120000,FALSE,TRUE,TRUE,5.347016036391874,0.19722545515130743,0.3412234827235396,4.570188453040599
residential_13351120100000,FALSE,TRUE,TRUE,5.298552801203925,0.07521449199458288,0.21233562882888463,4.641985667973428
residential_13351120110000,FALSE,TRUE,TRUE,5.294469585465834,0.07913971068441873,0.21508040203710327,4.637597627577629
residential_13351130350000,FALSE,TRUE,TRUE,5.193115374305736,0.16793878967748907,0.2697525333208004,4.555235329074734
residential_13351160300000,TRUE,TRUE,TRUE,5.405962469064964,0.1663548727994059,0.03789020514855001,4.873000528575734
residential_13351220110000,TRUE,TRUE,TRUE,5.11570665087084,0.15779832945752012,0.26334565178416813,4.53710462888617
residential_13351220330000,TRUE,TRUE,TRUE,5.085763060657954,0.12632724797812583,0.2772181653522136,4.521802674653819
residential_13351240180000,TRUE,TRUE,TRUE,5.270748413145247,0.1436855446411562,0.04785629012401965,4.754211417578267
residential_13351240190000,FALSE,TRUE,TRUE,5.268482593413747,0.14840192309718722,0.047862529845909337,4.754842006991614
residential_13351240230000,FALSE,TRUE,TRUE,5.259451306343471,0.16728263144899147,0.04788541248107994,4.757413455325402
residential_13351250010000,TRUE,TRUE,TRUE,5.245624370713531,0.14721658269001622,0.07467445160580112,4.728082349633027
residential_13352070080000,TRUE,TRUE,TRUE,4.922383654584434,0.244779291212559,0.23274207360149657,4.072265864712202
residential_13352110120000,FALSE,TRUE,TRUE,4.983680945203325,0.37008880993779103,0.2736609407231117,4.264901600815056
residential_13352200220000,FALSE,TRUE,TRUE,4.8991551644752604,0.28618165282268765,0.1633752242819486,4.260988302687848
residential_13352220010000,TRUE,TRUE,TRUE,4.985560648261819,0.17690175523170903,0.25741362193230866,4.387516483178438
residential_13352230190000,FALSE,TRUE,TRUE,4.861802699848613,0.25516993597791227,0.12702184745290546,4.264587420417856
residential_13352240470000,TRUE,TRUE,TRUE,4.788724284758698,0.33575627118419243,0.055565003462762226,4.177674268403197
residential_13352240480000,TRUE,TRUE,TRUE,4.790581606302052,0.3337213905660651,0.0568593204604132,4.179838987173757
residential_13352270010000,TRUE,TRUE,TRUE,5.025341805077071,0.08609715868841607,0.3113263407889129,4.478664783223857
residential_13352290090000,FALSE,TRUE,TRUE,4.846955090972918,0.2359663406290671,0.12431714805525486,4.274485790741576
residential_13352290100000,FALSE,TRUE,TRUE,4.842890723685997,0.24038943567772025,0.1195874240947671,4.269808226316265
residential_13352290170000,FALSE,TRUE,TRUE,4.857131130942286,0.20104220065239234,0.15241892515153688,4.304352314198417
residential_13352300060000,TRUE,TRUE,TRUE,4.973331249767474,0.04354382380299752,0.2627457797310889,4.461515073507024
residential_13352310090000,TRUE,TRUE,TRUE,4.884206778161509,0.14176658166219513,0.2098310908617082,4.359424962868723
residential_13352310280000,TRUE,TRUE,TRUE,4.865674603356157,0.1629169568272023,0.18907411717500758,4.338124274136438
residential_13352310290000,FALSE,TRUE,TRUE,4.865674590927782,0.1629169640477061,0.18907411131000906,4.33812426635478
residential_13352320270000,TRUE,TRUE,TRUE,4.789926564325223,0.2500517818206327,0.10653019319043015,4.250778385699005
residential_13352320280000,TRUE,TRUE,TRUE,4.794011871799506,0.2453304344051737,0.11079359689628515,4.25550138504726
residential_13352320290000,TRUE,TRUE,TRUE,4.798095530971828,0.24061363622658286,0.11509052215943494,4.260220602774618
residential_13352320300000,TRUE,TRUE,TRUE,4.802179235322599,0.23589952658905264,0.11941863360254808,4.264937947809246
residential_13352350180000,TRUE,TRUE,FALSE,4.628803164685514,0.3529998808134858,0.08713997278559461,4.036998671725247
residential_13353000360000,TRUE,TRUE,TRUE,5.341885032731237,0.10657097456609106,0.1452530909094908,4.963732364856078
residential_13353010160000,TRUE,TRUE,TRUE,5.3174354266160595,0.0951013544916338,0.10780617680768552,4.925911170682722
residential_13353010360000,TRUE,TRUE,TRUE,5.279139678398438,0.053694255835676524,0.1253912362339221,4.902293590785849
residential_13353010380000,TRUE,TRUE,TRUE,5.297564234761423,0.0931142215262087,0.08611284119730848,4.8983704446431675
residential_13353010390000,TRUE,TRUE,TRUE,5.299578976005227,0.09751876268999937,0.08199757505353018,4.89796207078159
residential_13353010430000,TRUE,TRUE,TRUE,5.2875274741485185,0.07136767866830689,0.10719692329504898,4.900456445835537
residential_13353010440000,TRUE,TRUE,TRUE,5.289528401737142,0.07567137659102435,0.10292346447346076,4.900030374824083
residential_13353010450000,TRUE,TRUE,TRUE,5.2915729251668315,0.08009107931729942,0.09858669990815766,4.899598845013469
residential_13353030230000,FALSE,TRUE,TRUE,5.140866572059989,0.06146034138036188,0.10017213532424804,4.707503003309358
residential_13353030250000,TRUE,TRUE,TRUE,5.1364902717508905,0.05665449933337689,0.1053560322027027,4.708344598563622
residential_13353040190000,TRUE,TRUE,TRUE,5.091278226514236,0.08708264373104539,0.13984267692597224,4.674867873448969
residential_13353040250000,TRUE,TRUE,TRUE,5.080331121072652,0.11649887330175213,0.15271939712435062,4.645550301064433
residential_13353050130000,TRUE,TRUE,TRUE,5.052760412969256,0.12306338375853092,0.15425423987759254,4.608549614793906
residential_13353050150000,TRUE,TRUE,TRUE,5.048305537248474,0.1285847039855732,0.14479441995684997,4.609417213761085
residential_13353050160000,TRUE,TRUE,TRUE,5.046083741617243,0.13151624758457514,0.14006730408859522,4.609858529242521
residential_13353060500000,FALSE,TRUE,TRUE,4.9680040447549665,0.1469581906765306,0.08355882051061338,4.557925699848331
residential_13353060510000,FALSE,TRUE,TRUE,4.969828035480196,0.14320967208445393,0.08742719083238301,4.557506455174928
residential_13353060520000,TRUE,TRUE,TRUE,4.971407365053792,0.13997597700956085,0.09077765907235594,4.55714638548687
residential_13353060530000,TRUE,TRUE,TRUE,4.972988534712139,0.13675061747650893,0.09413205987115013,4.556788843581994
residential_13353060540000,TRUE,TRUE,TRUE,4.974571516821816,0.13353415850414976,0.09749002004552527,4.556433784600645
residential_13353060550000,TRUE,TRUE,TRUE,4.9761563817289405,0.1303273170891635,0.10085114673811897,4.556081305965376
residential_13353060560000,TRUE,TRUE,TRUE,4.9778807881148275,0.12685294237778008,0.10450811377225118,4.555700493037526
residential_13353130050000,FALSE,TRUE,TRUE,4.999170108143397,0.17157285200349554,0.05451709224425438,4.60996405337732
residential_13353130220000,TRUE,TRUE,TRUE,4.97314046439463,0.20552731492412654,0.014876856290384377,4.627593085098644
residential_13353200330000,TRUE,TRUE,TRUE,4.904543193700714,0.25582608004518165,0.06768633513037874,4.615323506225891
residential_13354000140000,TRUE,TRUE,TRUE,4.9307611308177846,0.08715140786407836,0.16570692986320562,4.47941936573137
residential_13354000150000,TRUE,TRUE,TRUE,4.928503290262648,0.0916343519300807,0.16173017497989103,4.479880314757448
residential_13354000280000,TRUE,TRUE,TRUE,4.89106056584471,0.11712210510253689,0.169409500044757,4.4436838043770495
residential_13354000470000,TRUE,TRUE,TRUE,4.904662142893224,0.13332474877717,0.13172128342025688,4.479797979065752
residential_13354000480000,TRUE,TRUE,TRUE,4.900466440258385,0.13460973740351473,0.13509677647524884,4.475089604005307
residential_13354010090000,FALSE,TRUE,TRUE,4.835193747875555,0.1651658803804875,0.21681566947889808,4.346114971841373
residential_13354010160000,TRUE,TRUE,TRUE,4.855116423325645,0.1422202692819115,0.17872226595943472,4.396954453994829
residential_13354010250000,TRUE,TRUE,TRUE,4.824705280356422,0.17090943810778814,0.18333242265132155,4.359395781002028
residential_13354010330000,FALSE,TRUE,TRUE,4.8434728563565415,0.16512646117823462,0.13665897688713863,4.411017196583429
residential_13354010450000,FALSE,TRUE,TRUE,4.793406419554434,0.20548563455470423,0.13644982634660466,4.354576573838775
residential_13354020370000,TRUE,TRUE,TRUE,4.761638762611592,0.23472930063383013,0.12667526216606925,4.318660737547413
residential_13354020380000,TRUE,TRUE,TRUE,4.755388065231486,0.24071227842639162,0.12372750063652782,4.31158906860211
residential_13354040310000,TRUE,TRUE,TRUE,4.5971773623974626,0.36861156351149543,0.16368406842501387,4.112379185288283
residential_13354060380000,TRUE,TRUE,TRUE,4.8219101382632985,0.18656904900446084,0.021412934797724773,4.460903799334509
residential_13354080110000,TRUE,TRUE,TRUE,4.709114989819061,0.2333189399880948,0.076352470755207,4.2854848587177425
residential_13354080120000,TRUE,TRUE,TRUE,4.7049406340781195,0.2345154080774637,0.07543475912085777,4.280776189381636
residential_13354090240000,TRUE,TRUE,TRUE,4.628826666133695,0.25351455461982986,0.0791717305177842,4.204838237830041
residential_13354100270000,TRUE,TRUE,TRUE,4.535920470013634,0.28149920846558063,0.04090449627162756,4.127542447075188
residential_13354100350000,TRUE,TRUE,TRUE,4.516590840999202,0.260859082423773,0.0024619791165976512,4.13228137584603
residential_13354110360000,TRUE,TRUE,TRUE,4.459860061728035,0.34999484719709845,0.03656220772904703,4.044802027366179
residential_13354110420000,TRUE,TRUE,TRUE,4.446400278762355,0.34573411069646554,0.017611742676177135,4.042939438495437
residential_13354130020000,TRUE,TRUE,TRUE,4.761205013759709,0.12499390351343823,0.008914376281806366,4.421334979377818
residential_13354150310000,TRUE,TRUE,TRUE,4.562716903722557,0.15843266289282054,0.043982161496648575,4.224638043299255
residential_13354160130000,TRUE,TRUE,TRUE,4.515182554366584,0.19595393124752197,0.058084148758177225,4.1814874459682425
residential_13361010200000,TRUE,TRUE,TRUE,4.649291690390157,0.10851292648403858,0.18002368058509494,3.7606254097569902
residential_13361010230000,TRUE,TRUE,TRUE,4.63794391703502,0.12153826164067177,0.18004345487406945,3.7464075862624475
residential_13361040030000,FALSE,TRUE,TRUE,4.658940578113114,0.06164701386178265,0.14640445970899466,3.801104138151084
residential_13361040080000,TRUE,TRUE,TRUE,4.637587200288532,0.087816717216243,0.14636922962975513,3.774574375800627
residential_13361040270000,FALSE,TRUE,TRUE,4.664847824668427,0.05448896127441776,0.1463998374782797,3.808443791414293
residential_13361040280000,FALSE,TRUE,TRUE,4.656037144598296,0.06496782393158425,0.14617675960400242,3.7976882711974516
residential_13361060090000,TRUE,TRUE,TRUE,4.699195071037889,0.03145601676719515,0.10715203919965292,3.8834121679271094
residential_13361060180000,FALSE,TRUE,TRUE,4.660893545149222,0.03819892908745555,0.10718193415652631,3.8363269182665265
residential_13361060350000,TRUE,TRUE,TRUE,4.590852606797521,0.11848858687235088,0.107232549942478,3.7497017664273113
residential_13361060390000,TRUE,TRUE,TRUE,4.575702575816444,0.13705382609278705,0.10722758237651714,3.73087174734658
residential_13361070800000,TRUE,TRUE,TRUE,4.387231450363494,0.29260630652485786,0.18256804387072667,3.5179909979003257
residential_13361080030000,TRUE,TRUE,TRUE,4.679719809174476,0.08839834591575274,0.05113985059502572,3.905572725136362
residential_13361080140000,FALSE,TRUE,TRUE,4.63342066789088,0.08417615872797814,0.051232359371561,3.849152229913231
residential_13361080280000,TRUE,TRUE,TRUE,4.579743227366586,0.11994805123210461,0.051337895082201115,3.78339539507489
residential_13361080380000,TRUE,TRUE,TRUE,4.5453709219053495,0.15403945991456772,0.05139022774816164,3.741080824717208
residential_13361090070000,TRUE,TRUE,TRUE,4.4891468756618895,0.2167969443681439,0.05992264803474309,3.671471791363972
residential_13361150300000,TRUE,TRUE,TRUE,4.451314965651233,0.29906995110085577,0.1755166140211739,3.8474119975549903
residential_13361150680000,TRUE,TRUE,TRUE,4.482720514078157,0.3273656127454997,0.1668453055086851,3.878214275928404
residential_13361150690000,TRUE,TRUE,TRUE,4.48559056044897,0.3310850950351157,0.1616267842923995,3.87778156343174
residential_13361160190000,TRUE,TRUE,FALSE,4.440930482849591,0.30754960628612826,0.13583661001057407,3.80542614670501
residential_13361190150000,TRUE,TRUE,TRUE,4.2404790561941565,0.2108601039714598,0.22323065119271907,3.5009661279350976
residential_13361190230000,TRUE,TRUE,TRUE,4.2285523713706095,0.19853455404632264,0.23241297352590537,3.497721967574861
residential_13361190240000,TRUE,TRUE,TRUE,4.226126040088879,0.1961675129130063,0.23520521319846138,3.494699783467879
residential_13361190300000,TRUE,TRUE,TRUE,4.250194910392352,0.22535216000652855,0.2271115109780223,3.4844733622970616
residential_13361190310000,TRUE,TRUE,TRUE,4.253142973929342,0.22778078125852796,0.2234749412701353,3.488133285175755
residential_13361190320000,TRUE,TRUE,TRUE,4.255700290959987,0.22991373754566205,0.22032198458051885,3.4913096664940872
residential_13361190330000,TRUE,TRUE,TRUE,4.258261979404384,0.2320760005984781,0.21716983021802014,3.494485150837328
residential_13361190340000,TRUE,TRUE,TRUE,4.260821841344862,0.2342595165772893,0.2140212274390523,3.4976604327979257
residential_13361190350000,TRUE,TRUE,TRUE,4.263384048803338,0.23646818039147155,0.2108735825707684,3.500836534150322
residential_13361190360000,TRUE,TRUE,TRUE,4.265948448386111,0.23870075851524014,0.20772593270639594,3.5040154122837226
residential_13361190370000,TRUE,TRUE,TRUE,4.2685143020010985,0.24095639288176546,0.20458036351533784,3.507194297255653
residential_13362020020000,TRUE,TRUE,TRUE,4.268953145754949,0.12188479355055461,0.08487597272939265,3.2416708245004746
residential_13362020140000,TRUE,TRUE,TRUE,4.244170345855194,0.10239728231431673,0.10824592046297128,3.224952780758176
residential_13362040040000,TRUE,TRUE,TRUE,4.174535855659873,0.15742277345050665,0.21144847377434,3.1121296127486646
residential_13362050260000,TRUE,TRUE,FALSE,4.093435003991408,0.22726329505880932,0.17649434767787917,3.0148572616656666
residential_13362050270000,TRUE,TRUE,FALSE,4.091743978663603,0.22615155258182276,0.17546567164066557,3.0150925707102316
residential_13362090020000,TRUE,TRUE,FALSE,4.067413855505289,0.21099882008645318,0.16474102274801924,3.020031389939977
residential_13362090140000,TRUE,TRUE,FALSE,4.0391669662257,0.22057135339094466,0.14460844111313312,3.0066289760424936
residential_13362100110000,TRUE,TRUE,TRUE,4.273704086064275,0.15193500110192895,0.16272181586092405,3.3784716639596994
residential_13362130100000,TRUE,TRUE,FALSE,4.00751109206793,0.22919715562317372,0.12826551542366996,2.998122772675004
residential_13362130110000,TRUE,TRUE,FALSE,4.003006244243908,0.2353780922605279,0.12208073754101224,2.9919915437591205
residential_13362130280000,TRUE,TRUE,FALSE,4.012018952969474,0.2230166065029264,0.13445062701423977,3.0042545046252385
residential_13362130290000,TRUE,TRUE,FALSE,4.01653538071477,0.21683393915906987,0.1406390315296036,3.0103888427836414
residential_13362130310000,TRUE,TRUE,FALSE,4.01696873530081,0.20057927134878883,0.15664350699672575,3.02847263603596
residential_13362180110000,TRUE,TRUE,TRUE,4.244334283697524,0.20762981172934358,0.2482744394028983,3.4205234492568315
residential_13362190280000,TRUE,TRUE,TRUE,4.174224343092651,0.178644544549761,0.30775605788012383,3.3892630396406407
residential_13362190290000,TRUE,TRUE,TRUE,4.169298572726868,0.17457211809905407,0.3108853439018474,3.3856821740478527
residential_13362190440000,TRUE,TRUE,TRUE,4.184275380566251,0.18707677806959508,0.3013782208594833,3.396037041300353
residential_13362190450000,TRUE,TRUE,TRUE,4.179148540787212,0.18275453390806504,0.30463228892637206,3.3927060862268945
residential_13362240190000,TRUE,TRUE,FALSE,3.9196954044369123,0.26358857220177434,0.1387269662070048,3.0017063275814384
residential_13362240320000,TRUE,TRUE,FALSE,3.8672342408162512,0.2552983375529737,0.14413986616556035,3.009466987447987
residential_13362240390000,TRUE,TRUE,FALSE,3.900565727524451,0.2685375986445084,0.1791432497352088,3.045712784432856
residential_13362270340000,TRUE,TRUE,TRUE,4.17087051747326,0.15384655087498286,0.3054212784701386,3.4161720809275913
residential_13362270380000,TRUE,TRUE,TRUE,4.142283822039585,0.12157840896163964,0.32700574452739206,3.4050469646344883
residential_13362270680000,TRUE,TRUE,TRUE,4.177377925418729,0.14866485216851472,0.28571261545219623,3.4493339056243473
residential_13362270720000,TRUE,TRUE,TRUE,4.156681778947862,0.13116078519203858,0.3094909629005775,3.42429114981392
residential_13362270730000,TRUE,TRUE,TRUE,4.128628209274685,0.10691585519173608,0.3334901518833991,3.3984903162672286
residential_13362270740000,TRUE,TRUE,TRUE,4.128962411475787,0.10550513277789997,0.3321365304296273,3.4019083345657948
residential_13362280180000,TRUE,TRUE,TRUE,4.07109366455203,0.04602641798263584,0.25967160397565003,3.398428771880871
residential_13362310090000,TRUE,TRUE,FALSE,3.7804694621764616,0.2225460390735075,0.21476258759188188,3.021565588117863
residential_13363000190000,TRUE,TRUE,TRUE,4.478498475589902,0.31965334371239784,0.18808115691502014,3.9514568609851337
residential_13363000200000,TRUE,TRUE,TRUE,4.474464192077387,0.3152958208881837,0.18702549164687995,3.946755103172968
residential_13363000240000,TRUE,TRUE,TRUE,4.457556954553455,0.2978632596666812,0.17954592845409123,3.930436062288066
residential_13363010120000,TRUE,TRUE,TRUE,4.4638520690211205,0.3119008657375257,0.15513530544086554,3.960043627500864
residential_13363010220000,TRUE,TRUE,TRUE,4.439047314650695,0.2853775711327003,0.14480130039657088,3.9343349531777605
residential_13363010240000,FALSE,TRUE,TRUE,4.434081144191225,0.2826565519530665,0.13543999379897967,3.935442246355944
residential_13363020190000,TRUE,TRUE,TRUE,4.4012336733265816,0.24679364512633184,0.13024233759937195,3.899850523815018
residential_13363030110000,TRUE,TRUE,TRUE,4.352156948369046,0.1895687158565886,0.1592874659040849,3.826670453957949
residential_13363030140000,TRUE,TRUE,TRUE,4.344559627693048,0.1829479476885798,0.14526968749448338,3.828369845135869
residential_13363060110000,TRUE,TRUE,TRUE,4.156800974677437,0.11997277134281903,0.17610424994537469,3.592482811817274
residential_13363080230000,TRUE,TRUE,TRUE,4.395554647037856,0.2720062647098364,0.06297912938392801,3.9449232369988385
residential_13363090200000,TRUE,TRUE,TRUE,4.378296649894874,0.2735943858865008,0.0331186466612811,3.949480266964276
residential_13363100010000,TRUE,TRUE,TRUE,4.381445473309574,0.2383798523129414,0.09237194854784717,3.904633479224256
residential_13363100020000,TRUE,TRUE,TRUE,4.378983185115715,0.2377250222501137,0.08763897036142956,3.9052498334311476
residential_13363100140000,TRUE,TRUE,TRUE,4.349727202412294,0.23721684344236507,0.030826327938195817,3.913095615424741
residential_13363140340000,TRUE,TRUE,TRUE,4.060373561506482,0.10340039339877799,0.03622454629936071,3.590151969240727
residential_13363140350000,TRUE,TRUE,TRUE,4.0578119477113,0.10547859556799281,0.03148972173040672,3.5909318610349628
residential_13363140360000,TRUE,TRUE,TRUE,4.055250922119821,0.10772842382484842,0.02675501474481512,3.5917138820276477
residential_13363140430000,FALSE,TRUE,TRUE,4.078333218563553,0.08447933653604224,0.03380259680252395,3.612897503913739
residential_13363150190000,TRUE,TRUE,TRUE,4.028759869114934,0.132572416369839,0.023271793083955574,3.5609163717548973
residential_13363150460000,TRUE,TRUE,TRUE,4.038866306154148,0.14678060400755272,0.07487959139612603,3.5312471449387774
residential_13363150470000,TRUE,TRUE,TRUE,4.0365084082317155,0.1468928524972381,0.07061846377937943,3.531914641559814
residential_13363150480000,TRUE,TRUE,TRUE,4.0338889743317585,0.14716591673761684,0.06588359168531567,3.5326586444963777
residential_13363150490000,TRUE,TRUE,TRUE,4.031272659442258,0.14759138216238407,0.06114878014652063,3.5334079179414384
residential_13363150500000,TRUE,TRUE,TRUE,4.028661029873462,0.1481665735947645,0.05641497307872376,3.534163526742799
residential_13363150510000,TRUE,TRUE,TRUE,4.026049458376444,0.1488940966690229,0.05168006985245191,3.534921728751196
residential_13363150520000,TRUE,TRUE,TRUE,4.023447017993563,0.14976184567933667,0.04694541028783079,3.535692063522635
residential_13363150530000,TRUE,TRUE,TRUE,4.0203271087850645,0.14475606055783458,0.041264898818755676,3.536621263885695
residential_13363160080000,TRUE,TRUE,TRUE,4.37672879652504,0.34454118407304385,0.0417080103585111,4.013287511655724
residential_13363160300000,TRUE,TRUE,TRUE,4.359724502604927,0.3224334976788066,0.03694459413879339,3.9908821116980824
residential_13363170070000,TRUE,TRUE,TRUE,4.3293536077095744,0.2949769335839813,0.041668091794583,3.9601910306852797
residential_13363170100000,TRUE,TRUE,TRUE,4.322433277164565,0.3011681758334185,0.05583578751055891,3.962602550418016
residential_13363180060000,TRUE,TRUE,TRUE,4.282609184943256,0.23844110444446712,0.03228313004119268,3.90076575572363
residential_13363180260000,TRUE,TRUE,TRUE,4.2655708048518415,0.2121601330969753,0.02287375356899167,3.8746122997233683
residential_13363180340000,TRUE,TRUE,TRUE,4.246747492198887,0.23319332173497037,0.06053552541742217,3.8811118237558633
residential_13363180470000,TRUE,TRUE,TRUE,4.221321822039168,0.26811739121130923,0.11230442799476789,3.8906114951031814
residential_13363180480000,TRUE,TRUE,TRUE,4.219186354514537,0.2713096960470423,0.11668242261522992,3.891434420402881
residential_13363190010000,TRUE,TRUE,TRUE,4.243497125536491,0.1761515266744567,0.008348831216150791,3.839143896185827
residential_13363190060000,TRUE,TRUE,TRUE,4.2315649433524385,0.1894544664917391,0.03195608255311884,3.843110701521197
residential_13363190070000,TRUE,TRUE,TRUE,4.229186886706714,0.19235282118950278,0.03668064565856794,3.8439194393010228
residential_13363190170000,TRUE,TRUE,TRUE,4.200985608858486,0.2318644620143123,0.09335756469790718,3.854078705964047
residential_13363190200000,TRUE,TRUE,TRUE,4.1940245890363475,0.24280868983181012,0.10752832895786854,3.8567447808195165
residential_13363190420000,TRUE,TRUE,TRUE,4.200925528537072,0.18157220613324193,0.04853972418404025,3.8207730649229545
residential_13363190430000,TRUE,TRUE,TRUE,4.198546291608385,0.18503416487713403,0.05327440476497765,3.8216116572403727
residential_13363190440000,TRUE,TRUE,TRUE,4.196170950009175,0.1885514744566766,0.05800915654884451,3.822455872619169
residential_13363200170000,TRUE,TRUE,TRUE,4.123756304078634,0.11397042641503155,0.027367245445978246,3.7171760683344357
residential_13363200180000,TRUE,TRUE,TRUE,4.121309469864153,0.11860683620286994,0.032100356438349395,3.71801135093491
residential_13363200190000,TRUE,TRUE,TRUE,4.1188665770858135,0.12325258175322858,0.036835277684081964,3.718853805531953
residential_13363200240000,TRUE,TRUE,TRUE,4.104292648902689,0.15124344119474467,0.0652447582137999,3.7240300722943442
residential_13363200360000,TRUE,TRUE,TRUE,4.109134258833569,0.14189536597713298,0.055775695736726666,3.722281618369076
residential_13363200370000,TRUE,TRUE,TRUE,4.111560366793156,0.13722704286357482,0.051040794462675426,3.721414998610366
residential_13363210070000,TRUE,TRUE,TRUE,4.088508508672007,0.12193628494629698,0.03675388927318897,3.6842212132255225
residential_13363210120000,TRUE,TRUE,TRUE,4.076261590401279,0.14551675356381166,0.06042670271468833,3.688557583826257
residential_13363210190000,FALSE,TRUE,TRUE,4.081883301769668,0.10031139808948718,0.008366334694772872,3.6546417029085916
residential_13363220140000,TRUE,TRUE,TRUE,4.015372565513796,0.09791607344865745,0.06865275954740792,3.6342092209290278
residential_13363220260000,TRUE,TRUE,TRUE,4.013179721807798,0.0877877315373338,0.03834648061931415,3.6056829392679206
residential_13363220270000,TRUE,TRUE,TRUE,4.010691098639069,0.08535565531066244,0.04278965280435917,3.6065740419210566
residential_13363220320000,TRUE,TRUE,TRUE,3.9933837623337736,0.07478938133037935,0.07490148332423276,3.6129793037628506
residential_13363230160000,TRUE,TRUE,TRUE,3.9716371975532065,0.046765561794181655,0.07204168325346512,3.580508563267396
residential_13363230290000,FALSE,TRUE,TRUE,3.96311327885863,0.04277203392437591,0.05236487482487312,3.555640577625503
residential_13363270080000,TRUE,TRUE,TRUE,4.164177185066422,0.2936363681482818,0.08861138304163177,3.868923924150772
residential_13363270110000,TRUE,TRUE,TRUE,4.15738377908418,0.3059388061119062,0.07437845601463984,3.871870111100499
residential_13363270120000,TRUE,TRUE,TRUE,4.155127953924871,0.3100747504124408,0.06963567996503216,3.872862478251556
residential_13363270230000,TRUE,TRUE,TRUE,4.134731536841884,0.2944281018418754,0.07430047118439728,3.8468807083946825
residential_13363280280000,TRUE,TRUE,TRUE,4.038645185742943,0.21700103060700335,0.06074702268733643,3.75073271402859
residential_13363280390000,TRUE,TRUE,TRUE,4.045575427238329,0.21068926921376732,0.07493806101256101,3.747650794637313
residential_13363280400000,TRUE,TRUE,TRUE,4.047660807647561,0.20894575406343735,0.07919514605144909,3.7467351421923487
residential_13363280410000,TRUE,TRUE,TRUE,4.049843399278969,0.2072136861186861,0.0836303927395594,3.745793329942038
residential_13363280430000,TRUE,TRUE,TRUE,4.057410641686334,0.20180022918352367,0.09902791321333287,3.7425184471821837
residential_13363280440000,TRUE,TRUE,TRUE,4.0550611933684655,0.20336077480510048,0.09426544883712254,3.74352013086134
residential_13363290030000,TRUE,TRUE,TRUE,4.045640207753517,0.15827961228421294,0.11938256019219595,3.700207644399734
residential_13363290150000,TRUE,TRUE,FALSE,4.012442073119923,0.1816474060839856,0.07048641490973752,3.714241038889863
residential_13363300280000,TRUE,TRUE,TRUE,3.941018614887097,0.11965684876227752,0.07047461395324098,3.6346993850055407
residential_13363300290000,TRUE,TRUE,TRUE,3.9386433686500686,0.12342479455897895,0.06571681264555454,3.635773793385444
residential_13363300510000,TRUE,TRUE,FALSE,3.9529972390198744,0.10203194121795424,0.09432317119273194,3.6294118431284716
residential_13363300520000,TRUE,TRUE,FALSE,3.9506125156610343,0.10533479289318562,0.08959105986223015,3.630449919911221
residential_13363310100000,TRUE,TRUE,FALSE,3.9283353902237437,0.07844039932785937,0.09890631400577271,3.5980080394915857
residential_13363310130000,TRUE,TRUE,TRUE,3.9210856371373475,0.09073704916764419,0.08460548576434035,3.601176908748814
residential_13363310180000,TRUE,TRUE,FALSE,3.9078131765862176,0.11465257018637129,0.05821974940383217,3.6071669722560604
residential_13364080180000,FALSE,TRUE,TRUE,3.707064518185527,0.2745577002285958,0.1693239289218837,3.0533467341534712
residential_13364080300000,TRUE,TRUE,FALSE,3.726510077454234,0.30819082757047955,0.1410615474664476,3.1023828051912865
residential_13364080310000,TRUE,TRUE,FALSE,3.7229005604047187,0.3122446594163339,0.14271706601118544,3.097901861443996
residential_13364090130000,TRUE,TRUE,TRUE,3.9977005948092157,0.15402529642336155,0.05865892394319335,3.50142611390737
residential_13364090140000,TRUE,TRUE,TRUE,3.993770959886582,0.14694935562446138,0.052291886443407425,3.5025938915431585
residential_13364090260000,TRUE,TRUE,TRUE,3.9966816855506115,0.19508625808006647,0.09724617164486762,3.4692160537834993
residential_13364090300000,TRUE,TRUE,TRUE,3.9860419941592813,0.17657259917997936,0.07830880071137929,3.4721892825996665
residential_13364090380000,TRUE,TRUE,TRUE,3.9649473282382686,0.13988478033753524,0.04043216545464187,3.4784378279322206
residential_13364090450000,TRUE,TRUE,TRUE,4.010936016754053,0.19467493710160458,0.11368982439427522,3.4726296550572435
residential_13364090460000,TRUE,TRUE,TRUE,4.0009949894833525,0.18905823619065654,0.113656289162077,3.460813301784654
residential_13364100110000,TRUE,TRUE,TRUE,3.9503745345690926,0.1645344774980986,0.06884415022638442,3.437829051116315
residential_13364100150000,TRUE,TRUE,TRUE,3.9371025036323464,0.14086414827145574,0.04517243456581529,3.4417951744250654
residential_13364140560000,TRUE,TRUE,FALSE,3.6867604097542688,0.3433441300619826,0.080099834746197085,3.111080007597219
residential_13364160090000,TRUE,TRUE,FALSE,3.6557924476300885,0.37001824516586845,0.04398003035438682,3.1065346525793225
residential_13364180060000,FALSE,TRUE,TRUE,3.891631504670838,0.05825103390424787,0.032720354454257874,3.4569734944562898
residential_13364230340000,TRUE,TRUE,FALSE,3.5973651189773834,0.34604578102114536,0.04920443181881749,3.126942052213255
residential_13364240130000,TRUE,TRUE,FALSE,3.5625551807685305,0.3811353427151404,0.05831606600419583,3.093887889601468
residential_13364260230000,TRUE,TRUE,FALSE,3.804486135941308,0.06896751400398424,0.15314940966802526,3.4563905531353876
residential_13364270210000,TRUE,TRUE,FALSE,3.750052756598589,0.11226281160039593,0.1141007385973446,3.395566182111139
residential_13364270280000,TRUE,TRUE,FALSE,3.7321093258502067,0.13466372071054544,0.11407885804622299,3.4036934306079245
residential_13364270420000,TRUE,TRUE,FALSE,3.7476406134135853,0.12987133396958608,0.14078828117195,3.4330081947407884
residential_13364270430000,TRUE,TRUE,FALSE,3.727159094314167,0.14171660767101327,0.11407437576567912,3.406012632946311
residential_13364270440000,TRUE,TRUE,FALSE,3.7247154078738123,0.14530827763008952,0.1140717633699949,3.4071691149123065
residential_13364280060000,TRUE,TRUE,FALSE,3.717632116263598,0.14497491126422113,0.07787314812406683,3.361147743084999
residential_13364290130000,TRUE,TRUE,FALSE,3.643663542458141,0.21883973636650433,0.014877791608740733,3.309630654827857
residential_13364300120000,TRUE,TRUE,FALSE,3.5978632685994087,0.2706534675989046,0.020964405462432164,3.2454881211550837
residential_13364300230000,FALSE,TRUE,FALSE,3.590828804608446,0.2883707666339539,0.04767221329070292,3.2125326346202407
residential_13364310090000,FALSE,TRUE,FALSE,3.552629008410536,0.3270242792936088,0.08400724998439546,3.1810834095704172
residential_13364310100000,FALSE,TRUE,FALSE,3.5499966071944846,0.32821391490400087,0.08402759535115147,3.182294914138483
residential_13364310330000,FALSE,TRUE,FALSE,3.514954322114763,0.3603370692634513,0.11081612765704722,3.1624686650885727
residential_13364320250000,TRUE,TRUE,FALSE,3.480344394513663,0.3991085986610638,0.1653282064814152,3.0958945510314786
residential_13364320270000,TRUE,TRUE,FALSE,3.4751987172468133,0.3917130979251374,0.17197792476163526,3.098298350727946
residential_13364320280000,TRUE,TRUE,FALSE,3.4726318758933736,0.3880422837096574,0.17197203391207702,3.099509520626257
residential_14051020230000,FALSE,TRUE,TRUE,8.051326717299393,0.17552257519757059,0.09198345125722232,0.6681755740069723
residential_14053160100000,TRUE,TRUE,TRUE,7.376926950130148,0.16295949706471252,0.10844773574930629,0.7486356323473653
residential_14064060280000,TRUE,TRUE,TRUE,7.484741383726099,0.19128001528875016,0.11203347958555909,0.8461830422057264
residential_14064080550000,TRUE,TRUE,TRUE,7.388182458348197,0.21533317149633557,0.04596302556212357,0.896230628687299
residential_14071120460000,TRUE,TRUE,TRUE,7.077915269905581,0.26112995960665336,0.2889413643646073,1.9246403363467661
residential_14071130380000,TRUE,TRUE,TRUE,7.018895982500176,0.12755560459632703,0.14988494833951854,1.7863132191081197
residential_14071150130000,TRUE,TRUE,TRUE,6.992854152098381,0.12397986330991413,0.15117319736900664,1.8153216275238768
residential_14071150140000,TRUE,TRUE,TRUE,6.99104799507301,0.11966780672948853,0.1466980886241133,1.8106236076524602
residential_14071150160000,TRUE,TRUE,TRUE,6.987444751553139,0.1111445521886735,0.13779718305603209,1.8012242194612202
residential_14071150500000,TRUE,TRUE,TRUE,7.009234795924307,0.16385006278719913,0.1920191272393158,1.8576240871525973
residential_14071170010000,TRUE,TRUE,TRUE,6.966876739948438,0.06712976195446493,0.08877367297818013,1.7469943781972057
residential_14072210220000,FALSE,TRUE,TRUE,6.870552047956197,0.19972999338011582,0.22309213694263375,1.3725290421423595
residential_14072210230000,FALSE,TRUE,TRUE,6.869013860365732,0.20295340662798148,0.22745376852209265,1.367842113756013
residential_14072220130000,FALSE,TRUE,TRUE,6.858045056810656,0.22796982432267737,0.25949924825406595,1.333855516427748
residential_14072220140000,FALSE,TRUE,TRUE,6.856543307374192,0.2316209185031307,0.2639789654444877,1.3291540086344946
residential_14072220210000,TRUE,TRUE,TRUE,6.846112763040655,0.25816766846355926,0.2955597349006293,1.2962626825521775
residential_14072250060000,TRUE,TRUE,TRUE,6.864911913388539,0.12142254639434205,0.12981551628451862,1.4628348911923554
residential_14072270150000,FALSE,TRUE,TRUE,6.824307176076598,0.20435220192318654,0.24734162177481095,1.3417376785665611
residential_14073000150000,TRUE,TRUE,TRUE,6.982730665651636,0.2604248497031742,0.24685312395981174,1.9700339097657562
residential_14073040070000,TRUE,TRUE,TRUE,6.8896681145441026,0.24665634712449763,0.17817725796417846,1.9475754210926552
residential_14073110260000,TRUE,TRUE,TRUE,6.721907787398087,0.3658846592392337,0.17996544921889554,1.990912080933282
residential_14073110270000,TRUE,TRUE,TRUE,6.72739920313881,0.3611410113294192,0.17841219664941294,1.9892608575000557
residential_14073110280000,TRUE,TRUE,TRUE,6.732893229948618,0.3564340403198306,0.1770489524443462,1.9876258759729797
residential_14073120060000,TRUE,TRUE,TRUE,6.693767934926493,0.33410689893330986,0.12214639202014498,1.931559411702997
residential_14073120380000,TRUE,TRUE,TRUE,6.627460997550848,0.37544907251648746,0.13698935124144937,1.9205260278733038
residential_14073130040000,TRUE,TRUE,TRUE,6.673854613662107,0.3040045668439396,0.06694926555735316,1.87008577079934
residential_14073130260000,TRUE,TRUE,TRUE,6.61796655353227,0.368117428757202,0.12468505464749027,1.898274753743338
residential_14073160370000,TRUE,TRUE,TRUE,6.554687231355097,0.2776380218351566,0.08626292216283998,1.6804497352586092
residential_14073160420000,TRUE,TRUE,TRUE,6.531568286786469,0.3016550411055124,0.11114072962630013,1.6894249743564436
residential_14073180030000,FALSE,TRUE,TRUE,6.658436836126229,0.42535048254728364,0.2761546359407231,2.077768083655638
residential_14073190210000,TRUE,TRUE,TRUE,6.607229853814022,0.4489835112274915,0.21897492453116085,2.0001604791161602
residential_14073190420000,TRUE,TRUE,FALSE,6.572665633744613,0.39359479918091905,0.27426928669681266,2.0422344623441746
residential_14073190430000,TRUE,TRUE,FALSE,6.568026770533689,0.3893172582548131,0.27427966535609133,2.044026442271773
residential_14073200070000,TRUE,TRUE,TRUE,6.5850534824168925,0.4420293935974585,0.20340283992761346,1.9689501097805422
residential_14073210420000,TRUE,TRUE,TRUE,6.534303691685463,0.4281406698806444,0.11942697642244844,1.8798504912315135
residential_14073210430000,TRUE,TRUE,TRUE,6.527146981513285,0.4264128009207182,0.11693088595703416,1.8827180725444475
residential_14073220050000,TRUE,TRUE,TRUE,6.543828879586743,0.4044346139678756,0.10726078658899653,1.8489947455319535
residential_14073250130000,TRUE,TRUE,TRUE,6.435044377280879,0.227513930280196,0.08570775874494671,1.6921251894848786
residential_14074010040000,TRUE,TRUE,TRUE,6.767571498910295,0.1086914264034683,0.15199469714687586,1.422941978788907
residential_14074020230000,TRUE,TRUE,TRUE,6.738064239987317,0.18308607651633832,0.22180674979521958,1.349350433532398
residential_14074020240000,TRUE,TRUE,TRUE,6.742547589761294,0.18373501945545273,0.22318706647930459,1.3482794132090758
residential_14074030430000,TRUE,TRUE,TRUE,6.700896967637506,0.29560698509130195,0.24477104259647248,1.2398266654083063
residential_14074040200000,TRUE,TRUE,TRUE,6.667177749495197,0.40546993569855366,0.15275361399918302,1.13375112985839
residential_14074070300000,FALSE,TRUE,TRUE,6.654609231043812,0.22109326774811514,0.2257115288189462,1.3376463696801049
residential_14074070310000,FALSE,TRUE,TRUE,6.652360156243585,0.22169701999656766,0.22495670584769492,1.3383203033302953
residential_14074080160000,TRUE,TRUE,TRUE,6.652441835954406,0.33912957335209526,0.22652870976003103,1.2073899003521633
residential_14074080170000,TRUE,TRUE,TRUE,6.651042608818783,0.34367070583847875,0.2229927443400781,1.2030446514783604
residential_14074080380000,FALSE,TRUE,TRUE,6.619276089280592,0.45024505233053597,0.15559405903978804,1.101456164745164
residential_14074080600000,TRUE,TRUE,TRUE,6.609214925012063,0.3998693874806036,0.20514389699175178,1.1595148787918985
residential_14074080860000,TRUE,TRUE,TRUE,6.60585179901031,0.41350293349892775,0.19684030222885984,1.1462356984870308
residential_14074090330000,FALSE,TRUE,FALSE,6.559393049550394,0.4564797456764189,0.2139627849833767,1.123039097409037
residential_14074090340000,TRUE,TRUE,TRUE,6.558011310993961,0.4611451553145536,0.21253676927402135,1.1186366657944034
residential_14074230450000,TRUE,TRUE,FALSE,6.258065659392677,0.35082648871440647,0.0958207410249959,1.2362213183636528
residential_14083080210000,TRUE,TRUE,TRUE,6.443299481302489,0.2061117033907509,0.029371907496136995,0.6915707214808091
residential_14083100120000,TRUE,TRUE,TRUE,6.426845220613189,0.4552661090170813,0.27672354978567776,0.9350361367281084
residential_14083100130000,TRUE,TRUE,TRUE,6.425619923618095,0.4509042354409476,0.27230500708769445,0.9309726811508108
residential_14083100340000,FALSE,TRUE,TRUE,6.401663471210585,0.4497519144508943,0.27083249755736527,0.9328749792209223
residential_14083150160000,TRUE,TRUE,FALSE,6.283234370620044,0.4103611771649987,0.13168506842935793,1.1738138379442016
residential_14083150640000,TRUE,TRUE,FALSE,6.2209348389094,0.4137072389231225,0.074998096412448,1.1770377031594563
residential_14083150650000,TRUE,TRUE,FALSE,6.2249950438920525,0.41531651822319116,0.07939684410422107,1.175736941091692
residential_14083150660000,TRUE,TRUE,FALSE,6.228061902320506,0.4161397879644179,0.08259874870262474,1.1751811588779864
residential_14083150670000,TRUE,TRUE,FALSE,6.231051765547713,0.4170384527508237,0.08574135108242652,1.1745740306312855
residential_14083150680000,TRUE,TRUE,FALSE,6.234254167533551,0.418770100766761,0.08932064995083212,1.1731932949877062
residential_14083150690000,TRUE,TRUE,FALSE,6.237701553540013,0.4197744862843488,0.09291921383892325,1.172598283087121
residential_14083150700000,TRUE,TRUE,FALSE,6.240967665016245,0.4207518493923045,0.096328291495373225,1.1720448387000548
residential_14083150710000,TRUE,TRUE,FALSE,6.244233820687813,0.42175470921442676,0.09973732405406005,1.1710970864738264
residential_14083150720000,TRUE,TRUE,FALSE,6.247227904830537,0.42269621008089825,0.10282490233769348,1.1694280500469467
residential_14083150730000,TRUE,TRUE,FALSE,6.25022194340597,0.42365896617307347,0.10590739978582514,1.1677587701489829
residential_14083150740000,TRUE,TRUE,FALSE,6.253488457012841,0.42473296691672957,0.10927299304515174,1.1659377142237222
residential_14083150750000,TRUE,TRUE,FALSE,6.256936594578635,0.4258932858135612,0.11282837851169457,1.1640155068756732
residential_14083150760000,TRUE,TRUE,FALSE,6.260385019537142,0.4270807605583937,0.11638651179906347,1.1620932853161359
residential_14083150770000,TRUE,TRUE,FALSE,6.263833485048577,0.4282952143242841,0.11994695982454533,1.1601710576404607
residential_14083150780000,TRUE,TRUE,FALSE,6.267458239204551,0.4287928949662691,0.12335748571469636,1.158929876703261
residential_14083150790000,TRUE,TRUE,FALSE,6.2705622970761725,0.42970673814308885,0.12647582613975486,1.1574194084208236
residential_14083150800000,TRUE,TRUE,FALSE,6.273557507840353,0.4308286623853519,0.1295762146263699,1.1557497432078279
residential_14083150810000,TRUE,TRUE,FALSE,6.277006762349052,0.4321445076665462,0.13314767613735565,1.1538275291761235
residential_14083150820000,TRUE,TRUE,FALSE,6.280198664538847,0.435019175240394,0.1371126083300206,1.150468726846986
residential_14083150830000,TRUE,TRUE,FALSE,6.28279252338349,0.4377928417917355,0.14051571514498,1.1473300938342426
residential_14083150860000,TRUE,TRUE,FALSE,6.289054423892916,0.4403263272441274,0.14699006370108503,1.1438347107953586
residential_14084000080000,FALSE,TRUE,TRUE,6.530961224670402,0.05194446627684634,0.1227447778616456,0.5174357582486508
residential_14084150640000,TRUE,TRUE,TRUE,6.199195045954696,0.1440792285087555,0.07633392006139098,0.5933481001670868
residential_14084150650000,TRUE,TRUE,TRUE,6.198203557107224,0.13921835910929953,0.07728470246164483,0.5884239998545671
residential_14084150660000,TRUE,TRUE,TRUE,6.197496824552514,0.13574748846218757,0.07815272885253552,0.5849030596266247
residential_14084150670000,TRUE,TRUE,TRUE,6.196792092269031,0.13228161791515067,0.07917187241401968,0.5813826655663584
residential_14084150680000,TRUE,TRUE,TRUE,6.196089296138102,0.12882111980967487,0.08033632514506074,0.5778628228489386
residential_14084150690000,TRUE,TRUE,TRUE,6.195388441581276,0.12536640756280348,0.08163989304266825,0.5743435050806945
residential_14084150700000,TRUE,TRUE,TRUE,6.194637445431719,0.12165685137885998,0.08319100255620049,0.5705576455117599
residential_14171010180000,TRUE,TRUE,FALSE,6.092202355567575,0.4131925772090583,0.05065994000362414,1.0956570645672912
residential_14171020020000,FALSE,TRUE,TRUE,6.126315267507944,0.4048644149595759,0.1028218823538708,1.045432795434185
residential_14171130060000,TRUE,TRUE,TRUE,5.901952716578543,0.252201931579097,0.1561490195844912,1.2179203628573179
residential_14173010240000,TRUE,TRUE,TRUE,5.626127328706999,0.1455062813699008,0.23981603639749216,1.2651018354016228
residential_14173020240000,TRUE,TRUE,TRUE,5.582478217780802,0.20624312285307647,0.18027711307835606,1.310800229863385
residential_14173040090000,TRUE,TRUE,TRUE,5.544752083796578,0.22783821065818594,0.14274904136593872,1.2970267097808397
residential_14173040250000,TRUE,TRUE,TRUE,5.515617014319303,0.24985373888610102,0.11463161942772385,1.28335268002218
residential_14173040280000,TRUE,TRUE,TRUE,5.51034390126834,0.24991427040512304,0.11409007116264627,1.2664233154196878
residential_14173040430000,TRUE,TRUE,TRUE,5.525468706531868,0.21022449424719497,0.14403549273823843,1.2345779544534328
residential_14173040440000,TRUE,TRUE,TRUE,5.527183176945538,0.21278567074432556,0.14296925554976317,1.2402115834984668
residential_14173050260000,TRUE,TRUE,TRUE,5.450390213198091,0.28038690442461256,0.051867712418973644,1.2615884740131347
residential_14173050300000,TRUE,TRUE,TRUE,5.442014098849435,0.2941355592147701,0.05782730563572844,1.2346384175768015
residential_14173050340000,TRUE,TRUE,TRUE,5.435014133587504,0.28739333121533883,0.07094285024348088,1.211802771332739
residential_14173090150000,TRUE,TRUE,TRUE,5.409869970565465,0.260138602728132,0.02157337902466445,1.2446569638064084
residential_14173100580000,TRUE,TRUE,TRUE,5.341047111534366,0.2386378784928456,0.05015334295670361,1.2179704330304764
residential_14173100590000,TRUE,TRUE,TRUE,5.34178340659805,0.23671331260859185,0.0480336080023625,1.2203325874221649
residential_14192160140000,FALSE,TRUE,TRUE,5.073913923531178,0.24076547026199688,0.08829707159441136,1.511400243079672
residential_14192230370000,TRUE,TRUE,FALSE,4.953338602314033,0.27745676462607455,0.04728137122548564,1.5693739238353426
residential_14192240040000,TRUE,TRUE,FALSE,4.996114038586537,0.25339425870377585,0.021110565374792844,1.5228256588354363
residential_14192240100000,TRUE,TRUE,FALSE,4.969845018084037,0.25939374178105207,0.025370911538365924,1.52763973218942
residential_14192300330000,TRUE,TRUE,TRUE,4.882064400848624,0.1754155575128589,0.12341874976369574,1.6538090568760122
residential_14192310260000,TRUE,TRUE,TRUE,4.874207564637133,0.19194802933610933,0.13330496194805325,1.5883031036713688
residential_14192320430000,TRUE,TRUE,FALSE,4.872569313880118,0.21295815212731195,0.12148267206544813,1.5498760763248698
residential_14192320440000,TRUE,TRUE,FALSE,4.86663805209134,0.2068006967601423,0.12782860689942283,1.5514576269318487
residential_14193010140000,TRUE,TRUE,TRUE,5.149447712909409,0.23125372608653222,0.33099053849657806,2.4350621577206923
residential_14193010330000,TRUE,TRUE,TRUE,5.116063909635163,0.2633786166242504,0.3575691482728509,2.4141764448915946
residential_14193020200000,TRUE,TRUE,TRUE,5.092075206859864,0.2281650445452705,0.393532535446729,2.380482869569023
residential_14193020270000,TRUE,TRUE,TRUE,5.116816922602868,0.21320041075708274,0.41992690885252154,2.3444997805815353
residential_14193020350000,TRUE,TRUE,TRUE,5.0780640588244506,0.20188796386980662,0.42004818925756815,2.3546941220020856
residential_14193020360000,TRUE,TRUE,TRUE,5.073229062212208,0.2011543548006899,0.4200631141828302,2.356027015375144
residential_14193020380000,TRUE,TRUE,TRUE,5.063561010759078,0.20016670130582254,0.4200901713955275,2.3587357609646054
residential_14193030100000,TRUE,TRUE,TRUE,5.102855075364877,0.18225828588592138,0.45590849016236407,2.3081564957476357
residential_14193030180000,TRUE,TRUE,TRUE,5.064006819648545,0.16740932336993855,0.4548360256797413,2.3183929460628905
residential_14193030190000,TRUE,TRUE,TRUE,5.059158274704702,0.16633353110145266,0.45002367946192623,2.3197309436448363
residential_14193030200000,TRUE,TRUE,TRUE,5.054312212107658,0.16544682564192498,0.44523251887360193,2.3210830035600054
residential_14193030250000,TRUE,TRUE,TRUE,5.089159585248004,0.1588430161031216,0.4816015320113477,2.282332504275507
residential_14193030290000,TRUE,TRUE,TRUE,5.069659695365341,0.14871885545102626,0.461347301084746,2.2873827080624345
residential_14193030300000,TRUE,TRUE,TRUE,5.064787967293972,0.14662714403740554,0.4563191300569013,2.2886765544480747
residential_14193030330000,TRUE,TRUE,TRUE,5.050185758179861,0.141545223185759,0.4413319422458883,2.2926452351517357
residential_14193030370000,TRUE,TRUE,TRUE,5.030740013791936,0.13778459638586393,0.421591432344687,2.2981188132814934
residential_14193040130000,TRUE,TRUE,TRUE,5.059721964998638,0.12149000509014976,0.45486549115948155,2.2501787794930084
residential_14193040250000,TRUE,TRUE,TRUE,5.058490728999659,0.11034332910159582,0.4542933735762501,2.221198160298315
residential_14193040280000,TRUE,TRUE,TRUE,5.046223265109119,0.10038211677475664,0.44508990084514816,2.224419717839369
residential_14193040290000,TRUE,TRUE,TRUE,5.041117281309904,0.09654804165871776,0.4395312996632249,2.225788836912123
residential_14193040300000,TRUE,TRUE,TRUE,5.0349900463965955,0.09223517125569437,0.43287146539182514,2.2274488712937486
residential_14193040380000,TRUE,TRUE,TRUE,5.001331754500241,0.07636967559480742,0.3965100382090164,2.236967937645425
residential_14193050140000,TRUE,TRUE,TRUE,5.023362781444012,0.0725903434801072,0.41831102180054935,2.19074325451234
residential_14193050180000,TRUE,TRUE,TRUE,5.018277889835551,0.07166646003260992,0.39181592209642047,2.162784755399086
residential_14193060170000,TRUE,TRUE,TRUE,4.988618470538852,0.061529199465262814,0.3558489278466395,2.1311426534025806
residential_14193060190000,TRUE,TRUE,TRUE,4.97997478122235,0.05246829222731192,0.35612128122558856,2.133623436851533
residential_14193060200000,TRUE,TRUE,TRUE,4.975038983139052,0.047450092086748254,0.3564012089748297,2.13506013623183
residential_14193060300000,TRUE,TRUE,TRUE,4.992057135901522,0.09077770235418321,0.3292231781944722,2.1007574411314853
residential_14193060370000,TRUE,TRUE,TRUE,4.963168331783019,0.06567589106463366,0.32980650201692063,2.1090278303340253
residential_14193070170000,TRUE,TRUE,TRUE,4.953703870256361,0.10044200764232616,0.2933707807364007,2.0718057855656045
residential_14193070180000,TRUE,TRUE,TRUE,4.949556413813057,0.09807285958886537,0.29356620135551625,2.073028433718143
residential_14193070200000,TRUE,TRUE,TRUE,4.940023938367092,0.09330940979267824,0.2943082445940781,2.0758817265111804
residential_14193070270000,TRUE,TRUE,TRUE,4.9699852706038135,0.14106342259000557,0.26661214290301916,2.037788044458818
residential_14193070300000,TRUE,TRUE,TRUE,4.957481673182915,0.13297307693950142,0.2666272269808601,2.041310203120772
residential_14193080190000,TRUE,TRUE,TRUE,5.091589536779524,0.24273818091104066,0.2953792148777675,2.4911281659836733
residential_14193080220000,TRUE,TRUE,TRUE,5.079797003039684,0.2519892373174147,0.2953735412791903,2.4946873008673274
residential_14193080300000,TRUE,TRUE,FALSE,5.048409709229424,0.23928048816396771,0.2956643051090403,2.504547572188824
residential_14193090110000,TRUE,TRUE,TRUE,5.052072193346425,0.28501748705192237,0.3313736041191142,2.462338152963239
residential_14193090190000,TRUE,TRUE,TRUE,5.07744740442707,0.26243936705852755,0.35776609614336474,2.42480076918136
residential_14193090210000,TRUE,TRUE,TRUE,5.069689617558263,0.2630257085452522,0.3577562836949002,2.4270932981678905
residential_14193100020000,TRUE,TRUE,TRUE,5.053914603087401,0.2268986642939132,0.39366359857778066,2.3912674816411186
residential_14193100030000,TRUE,TRUE,TRUE,5.049926471748749,0.22728847522092976,0.39367178540885917,2.39244891404011
residential_14193100040000,TRUE,TRUE,TRUE,5.045942406952836,0.22778212291446004,0.39367334296106826,2.3936457078496884
residential_14193100320000,TRUE,TRUE,TRUE,4.987817404928033,0.2143773964745344,0.389158282522965,2.381791082990699
residential_14193100330000,TRUE,TRUE,TRUE,4.983834297641688,0.21613525381085946,0.38585081806601434,2.3830986208361673
residential_14193110020000,TRUE,TRUE,TRUE,5.021102094177925,0.16459877271144396,0.41295931524956053,2.3307109958709264
residential_14193110070000,TRUE,TRUE,TRUE,5.0009653431491765,0.16853564679068156,0.39394245601161393,2.336853803830425
residential_14193110150000,TRUE,TRUE,TRUE,4.96880690401277,0.18119816691321552,0.3646462230800403,2.3471414055707793
residential_14193110170000,TRUE,TRUE,TRUE,4.9605282563252935,0.18558155491414652,0.35735446515768166,2.3498870616948877
residential_14193110300000,TRUE,TRUE,TRUE,4.962760188399813,0.1532814466676833,0.3551906864701196,2.319096109924987
residential_14193110340000,TRUE,TRUE,TRUE,4.946443844804445,0.16273438409983074,0.3400596119963811,2.3245332772798037
residential_14193120010000,TRUE,TRUE,TRUE,4.992003551155085,0.10203752769564249,0.3835509532388638,2.269301753778331
residential_14193120080000,TRUE,TRUE,TRUE,4.963710704693161,0.11089474796709324,0.3545940385852747,2.278150243278698
residential_14193120100000,TRUE,TRUE,TRUE,4.955643281287315,0.11505422468370848,0.3464612143122612,2.2807583855085096
residential_14193120210000,TRUE,TRUE,TRUE,4.970210468182615,0.07795718820032684,0.3633142951875872,2.2463570019261057
residential_14193120340000,TRUE,TRUE,TRUE,4.9176143463790885,0.11171178414582633,0.30858891944221684,2.2635093730248412
residential_14193130040000,TRUE,TRUE,TRUE,4.9395693448724245,0.052991228607868895,0.3363919709999657,2.2157218377335894
residential_14193130130000,TRUE,TRUE,TRUE,4.903036590773737,0.08749067528892608,0.29685464743571716,2.2278611590831727
residential_14193130190000,TRUE,TRUE,TRUE,4.938311008351555,0.02519771975021279,0.3417837479606537,2.186467071455856
residential_14193130200000,TRUE,TRUE,TRUE,4.9342337954684785,0.02937600659633973,0.33723036185995964,2.1877675509404058
residential_14193130450000,TRUE,TRUE,TRUE,4.9047175479547755,0.06202957798236423,0.30437647710012905,2.1974843463720166
residential_14193140010000,TRUE,TRUE,TRUE,4.928414141331844,0.026467859444743384,0.34345256516047107,2.1492887372036673
residential_14193140100000,TRUE,TRUE,TRUE,4.891716219363283,0.059567309272258465,0.30166719484058857,2.161386202402864
residential_14193140130000,TRUE,TRUE,TRUE,4.879480505401117,0.07279677480954036,0.28775090004833304,2.1655948732482795
residential_14193140170000,TRUE,TRUE,TRUE,4.863133418541356,0.09092562208708761,0.26917718892692183,2.171358760537088
residential_14193140190000,TRUE,TRUE,TRUE,4.915075464086323,0.05154622187623634,0.3374128528780598,2.1237676240352727
residential_14193140240000,TRUE,TRUE,TRUE,4.894677556825157,0.06160548451711887,0.3167382410282283,2.1305138141079496
residential_14193140250000,TRUE,TRUE,TRUE,4.890586125409583,0.06447469127865693,0.3120380095749408,2.1318956742794666
residential_14193140300000,TRUE,TRUE,TRUE,4.8701482710900095,0.0814457358496164,0.28854977132342413,2.1389438096890143
residential_14193140350000,TRUE,TRUE,TRUE,4.8496912216128845,0.10115530163920286,0.26502168072392157,2.1462513027993464
residential_14193150030000,TRUE,TRUE,TRUE,4.889233529007462,0.08875288428651111,0.3047856218100691,2.0918887119264915
residential_14193150090000,TRUE,TRUE,TRUE,4.864515696543137,0.09957146007653,0.30137109383753213,2.1003449579867834
residential_14193150130000,TRUE,TRUE,TRUE,4.848059102929385,0.11031732509156174,0.2824267418780682,2.1061773928375738
residential_14193150240000,TRUE,TRUE,TRUE,4.8637753859787916,0.11819464660801283,0.2840022116092199,2.0707819044220774
residential_14193160280000,TRUE,TRUE,FALSE,4.9758029418647425,0.1939279595432892,0.3074377389203021,2.5292339144733087
residential_14193160290000,TRUE,TRUE,FALSE,4.971877321347323,0.19229540812726123,0.30708203902396625,2.5306600338477736
residential_14193170110000,TRUE,TRUE,FALSE,4.955603961946965,0.22781232956139677,0.3417867868332469,2.495043937830863
residential_14193170180000,TRUE,TRUE,FALSE,4.927062447329705,0.2198880292089957,0.323214668375098,2.505699309392708
residential_14193170490000,FALSE,TRUE,TRUE,4.885628843634271,0.24377662050293486,0.3326071439167001,2.4904578850489125
residential_14193240220000,TRUE,TRUE,TRUE,4.879346296741415,0.18020471001084962,0.2446412084016864,2.577182609267538
residential_14193250180000,FALSE,TRUE,TRUE,4.809604249972056,0.32285852666403353,0.2617560995866047,2.415195783939113
residential_14193280060000,TRUE,TRUE,FALSE,4.829647752581178,0.2256746718051999,0.27065295567198433,2.555560984115814
residential_14193280080000,TRUE,TRUE,FALSE,4.8241981309881945,0.23433355874049533,0.2799969292838149,2.5466083831912925
residential_14194000350000,TRUE,TRUE,TRUE,4.916941235569677,0.2213917077933306,0.17113961739481642,1.9477406072250032
residential_14194010060000,TRUE,TRUE,TRUE,4.8952665033796805,0.14989642958981397,0.23435704061030901,2.020106928901437
residential_14194010100000,TRUE,TRUE,TRUE,4.905008704385653,0.17050753195646556,0.21450793679615918,1.9980153166164019
residential_14194010370000,TRUE,TRUE,TRUE,4.8587974188960885,0.21428638233424066,0.17223399689551896,1.9593742263639404
residential_14194010470000,TRUE,TRUE,TRUE,4.852866876446778,0.22686289656411104,0.16019795452435845,1.9473398446170516
residential_14194060210000,TRUE,TRUE,TRUE,4.793464849611578,0.08313822947398529,0.08397718483873794,1.6810176743533938
residential_14194060280000,TRUE,TRUE,TRUE,4.763990652111651,0.05631206613923916,0.08673659889674093,1.6910619326463443
residential_14194070140000,TRUE,TRUE,TRUE,4.754916784726413,0.04802200203907162,0.12084074120111364,1.6546766483210793
residential_14194070160000,TRUE,TRUE,TRUE,4.7764985641556725,0.08719633715343789,0.14759540795765988,1.6181456473597278
residential_14194070230000,TRUE,TRUE,FALSE,4.741820896598942,0.05192638692195624,0.14765254240708997,1.6300023725134947
residential_14194080070000,TRUE,TRUE,FALSE,4.757151916304338,0.09922478552938797,0.18303274533167618,1.5854531757645807
residential_14194080330000,TRUE,TRUE,FALSE,4.728618097485732,0.1038856435679666,0.19915741516572355,1.567833508127813
residential_14194090130000,TRUE,TRUE,TRUE,4.847711014247944,0.17189252002933048,0.2251384472259762,2.0115297778451393
residential_14194090170000,TRUE,TRUE,TRUE,4.838393676772223,0.1911647780302062,0.20730449782610288,1.9930588217757765
residential_14194090220000,TRUE,TRUE,TRUE,4.825086529750155,0.2189476595419154,0.18220414991497172,1.9665056456684504
residential_14194090520000,TRUE,TRUE,TRUE,4.820577112328901,0.22839035981907152,0.1738916153184428,1.9575074687883354
residential_14194100050000,TRUE,TRUE,TRUE,4.794844046898676,0.1864842365451334,0.2591815843578647,2.035419427353665
residential_14194100140000,TRUE,TRUE,TRUE,4.7743288965732935,0.2252484900119704,0.22542884524582896,1.9949458122952786
residential_14194100170000,TRUE,TRUE,TRUE,4.767557098317104,0.23846241184578262,0.21487903022100704,1.98145418847483
residential_14194100190000,TRUE,TRUE,TRUE,4.763059311531381,0.24733367212816124,0.20808885624086695,1.9724601322499993
residential_14194100370000,TRUE,TRUE,TRUE,4.7438700804470555,0.2498477775394358,0.23338326212001892,1.9890711124547455
residential_14194110230000,TRUE,TRUE,TRUE,4.762309818273558,0.22797894685341105,0.13533545082978266,1.8947278031301094
residential_14194120020000,TRUE,TRUE,TRUE,4.743519516078403,0.26521020909234494,0.181118063749438,1.932959890229915
residential_14194160450000,TRUE,TRUE,FALSE,4.636034289933347,0.07470345758427457,0.19938046649518829,1.666309661123363
residential_14194160460000,TRUE,TRUE,FALSE,4.6318211513889915,0.07909331839492906,0.20255744619642915,1.6677576266012117
residential_14194180340000,TRUE,TRUE,TRUE,4.6996540720307225,0.23948521376561896,0.19194084107402754,2.03007247932962
residential_14194190050000,TRUE,TRUE,TRUE,4.686659914162233,0.21896204908234546,0.1454040419388831,2.0772973733030837
residential_14194190370000,TRUE,TRUE,TRUE,4.637509173644722,0.17478214642989695,0.14439353286572632,2.0361085805012267
residential_14194200180000,TRUE,TRUE,TRUE,4.657839181007343,0.23285970903753486,0.23942495250499665,1.947453079144171
residential_14194280060000,TRUE,TRUE,TRUE,4.570889463823466,0.13442970658682146,0.17833108221013746,1.9793291913047866
residential_14194280130000,TRUE,TRUE,TRUE,4.55561922202484,0.14374911814030353,0.20742990337733225,1.9491292143437842
residential_14194280250000,TRUE,TRUE,TRUE,4.551924086503317,0.1066398913535368,0.15988797380874048,1.9962485054124524
residential_14194280280000,TRUE,TRUE,TRUE,4.545307870019086,0.10950272559231876,0.17286441369809813,1.983305241944901
residential_14194280300000,TRUE,TRUE,TRUE,4.540912143177174,0.11229395301592837,0.18157144508030393,1.9746740112998944
residential_14194280340000,TRUE,TRUE,TRUE,4.532168462682514,0.1197683873042261,0.19908534179492038,1.9574148872702097
residential_14194290190000,TRUE,TRUE,TRUE,4.477636259676633,0.2413997114418733,0.3072978061891534,1.7890020445491663
residential_14194290380000,TRUE,TRUE,FALSE,4.462110324439943,0.223871506489515,0.2774768366766328,1.8146842880586724
residential_14194290420000,FALSE,TRUE,TRUE,4.451778925012469,0.2148091174761506,0.28265857346568685,1.792969240829651
residential_14194290430000,FALSE,TRUE,TRUE,4.4496796735565045,0.21320509576823105,0.2838932424152157,1.788589702573836
residential_14194300070000,TRUE,TRUE,FALSE,4.4377297594593195,0.20583838936768778,0.29243854927963014,1.7632877555109034
residential_14194300080000,TRUE,TRUE,TRUE,4.43497663283761,0.2046172486209169,0.294808058188293,1.757316792053037
residential_14194330020000,TRUE,TRUE,TRUE,4.524553965898716,0.06946131162946144,0.14340906878858492,2.0160965873642978
residential_14194330380000,TRUE,TRUE,TRUE,4.463750940326585,0.09023887226279016,0.2147448187816702,1.9551920295589647
residential_14201000200000,FALSE,TRUE,TRUE,5.182552614752425,0.09480337880374208,0.25425208815798184,1.3859765078460897
residential_14201000260000,FALSE,TRUE,TRUE,5.155420364600789,0.11990730930036456,0.24699431925915197,1.3901913220113171
residential_14201000380000,FALSE,TRUE,TRUE,5.12718361845809,0.14755226835159962,0.2205997620500558,1.3955606761296229
residential_14201000390000,FALSE,TRUE,TRUE,5.12552761747307,0.1492810571504273,0.22327488106551088,1.3908755114052982
residential_14201000480000,FALSE,TRUE,TRUE,5.177729390506858,0.09911145573362781,0.2590936982365881,1.3867266465258201
residential_14201010190000,TRUE,TRUE,TRUE,5.134734677791991,0.1495460111495597,0.2679755495176378,1.3465669689748303
residential_14201010330000,TRUE,TRUE,TRUE,5.107164216102037,0.1671375390932468,0.25730391831485216,1.338366509070465
residential_14201010350000,TRUE,TRUE,TRUE,5.103939217411646,0.16220144018969604,0.2640524435798121,1.3289811222884675
residential_14201010360000,TRUE,TRUE,TRUE,5.102334289050177,0.15988933698780136,0.2674878953860221,1.324290682987788
residential_14201010380000,TRUE,TRUE,TRUE,5.107367709583666,0.16307194658472243,0.28652979543887375,1.3045777034860184
residential_14201020210000,TRUE,TRUE,TRUE,5.091133845736545,0.14868563699930615,0.28712168460077697,1.2741334332976881
residential_14201020340000,TRUE,TRUE,TRUE,5.073087197068614,0.1412542071892671,0.2923286341128595,1.236369010597572
residential_14201030560000,TRUE,TRUE,TRUE,5.0274378608243495,0.20130058513119653,0.2631690656078448,1.1033287179820581
residential_14201050290000,TRUE,TRUE,TRUE,5.015565501305069,0.17159311855948886,0.11410782260363189,1.436793264635542
residential_14201050340000,FALSE,TRUE,TRUE,5.0066314073556075,0.14698177907910373,0.13625115593520828,1.412373035523084
residential_14201050580000,FALSE,TRUE,TRUE,5.109090532828447,0.17184576902948343,0.17359062987816404,1.4358534698230176
residential_14201060080000,TRUE,TRUE,TRUE,5.068715866530333,0.13457798877277305,0.22993872050787087,1.3443348782636864
residential_14201060330000,FALSE,TRUE,TRUE,4.996220133610317,0.11793550877345957,0.14709601589694182,1.3835106036994798
residential_14201060410000,FALSE,TRUE,TRUE,4.981312257247065,0.07568417392507572,0.14730954790251294,1.341342188830885
residential_14201060440000,FALSE,TRUE,TRUE,4.976413242838002,0.0617122655753505,0.1490576426006919,1.3272873950805273
residential_14201060460000,FALSE,TRUE,TRUE,4.972885610120726,0.051644745618992155,0.1511631532384567,1.3170782007401012
residential_14201080050000,TRUE,TRUE,TRUE,5.012199117933408,0.11232278536591557,0.27179310677414065,1.193819137839847
residential_14201080330000,TRUE,TRUE,TRUE,4.9536402320774915,0.09702587392611561,0.2463807578680885,1.1760223048007716
residential_14201080340000,TRUE,TRUE,TRUE,4.947801220272313,0.09464237524025246,0.24204278526677642,1.176917894422647
residential_14201090130000,TRUE,TRUE,TRUE,4.9615332385141935,0.13774418020444992,0.2858309409856813,1.137904449038392
residential_14201090150000,TRUE,TRUE,TRUE,4.95251151952725,0.1338720128159453,0.27941762611475496,1.1392833467642882
residential_14201090320000,TRUE,TRUE,TRUE,4.967058760799971,0.16782861540864813,0.26024181360810844,1.109612239307855
residential_14201110220000,TRUE,TRUE,FALSE,4.948770042637999,0.1701582883498145,0.09448207708980202,1.4374625794222666
residential_14201110240000,TRUE,TRUE,FALSE,4.93993820127565,0.17348542610772555,0.08668117796461051,1.4392237599962385
residential_14201110260000,TRUE,TRUE,FALSE,4.93110941282695,0.17726002965921925,0.07925144005688606,1.441046338412446
residential_14201120060000,FALSE,TRUE,TRUE,4.962481601248252,0.12001203477495756,0.11097928740964226,1.389366934315153
residential_14201120090000,FALSE,TRUE,TRUE,4.957034553295643,0.10500564185592892,0.11067708460177902,1.3742222449978472
residential_14201120120000,FALSE,TRUE,TRUE,4.946351245060538,0.09865908484722338,0.10261899116099744,1.3668176498065532
residential_14201120130000,FALSE,TRUE,TRUE,4.94898724774619,0.13157594258419933,0.09469819464971888,1.3995716726901186
residential_14201120160000,FALSE,TRUE,TRUE,4.935736277298566,0.13666580625732022,0.08073043058886788,1.4021278349603628
residential_14201120240000,TRUE,TRUE,FALSE,4.900452778779697,0.15595663320970066,0.04421059244668464,1.4097464518717768
residential_14201120310000,FALSE,TRUE,TRUE,4.939516249590883,0.10671459520888843,0.09338620159418755,1.3734753551721177
residential_14201130030000,FALSE,TRUE,TRUE,4.943432571817337,0.06701387754674579,0.11330714056837901,1.3352057501946892
residential_14201130040000,FALSE,TRUE,TRUE,4.938991320034488,0.0688370418207068,0.10867057004888658,1.3360374069204892
residential_14201130050000,FALSE,TRUE,TRUE,4.934550922334198,0.07093041432281351,0.10404337896091977,1.3368854612403567
residential_14201130070000,FALSE,TRUE,TRUE,4.925046706127323,0.0762129561014884,0.0941745650328767,1.3387553934807839
residential_14201130100000,FALSE,TRUE,TRUE,4.912353285066926,0.08466461404694407,0.08109517603459886,1.3413701924426586
residential_14201130130000,FALSE,TRUE,TRUE,4.899043373870838,0.09480957211565705,0.06757636224132427,1.344253274911692
residential_14201130280000,FALSE,TRUE,TRUE,4.921123743890973,0.0526026831238966,0.10855286839583565,1.3120230403502846
residential_14201130520000,FALSE,TRUE,TRUE,4.941084135168174,0.040129663150809944,0.12786916286390818,1.3082273934944326
residential_14201130530000,FALSE,TRUE,TRUE,4.935587251365885,0.04288152077858979,0.12248849862184126,1.3092397176572537
residential_14201190240000,TRUE,TRUE,FALSE,4.860944121932302,0.21998881020262923,0.050614528125873116,1.4577088173146884
residential_14201190270000,TRUE,TRUE,FALSE,4.847748059739795,0.22991201149851684,0.051114966142827616,1.4612395057807595
residential_14201190350000,TRUE,TRUE,FALSE,4.812585992602985,0.23124129487441406,0.06779506818763248,1.4712870605623207
residential_14201200100000,TRUE,TRUE,FALSE,4.803663095697172,0.2336188107351018,0.04295506050809226,1.435538489952197
residential_14201200110000,TRUE,TRUE,FALSE,4.7992581866138755,0.23763822289724015,0.04743741563908476,1.4368801218001306
residential_14202190150000,TRUE,TRUE,TRUE,4.740362936444459,0.20316661524020868,0.11272053244815372,0.800699822871601
residential_14202200200000,TRUE,TRUE,TRUE,4.7624251116918686,0.15176632673768112,0.14928640170672491,0.6970410408920321
residential_14202200280000,TRUE,TRUE,TRUE,4.697254373079646,0.10823468357050361,0.19240018683805363,0.7179048631941201
residential_14202200460000,TRUE,TRUE,TRUE,4.688563330254358,0.10427826392658775,0.19911412894523234,0.7206490807699074
residential_14202230510000,TRUE,TRUE,TRUE,4.6872613327173145,0.062225281754200994,0.1292839511817218,0.6226202264425674
residential_14202230520000,TRUE,TRUE,TRUE,4.687261329608005,0.06222527928749857,0.12928395249248653,0.6226202243071007
residential_14202290180000,FALSE,TRUE,TRUE,4.6081080697442145,0.047322466627109094,0.2272321751101584,0.6885349965504759
residential_14203010110000,TRUE,TRUE,FALSE,4.704419776398019,0.20002825533305307,0.1480171287397385,1.4681065583611776
residential_14203090050000,TRUE,TRUE,FALSE,4.587226342448006,0.19351116586479952,0.18423333737219413,1.5075055826118302
residential_14203090130000,TRUE,TRUE,FALSE,4.545069906610478,0.2106846703581186,0.2043121546934739,1.5217790872604633
residential_14203160260000,FALSE,TRUE,TRUE,4.49149446373206,0.22617652565294835,0.28633027836915226,1.5883147836287101
residential_14203160270000,TRUE,TRUE,FALSE,4.489734897695021,0.22902632780436094,0.28268831374943004,1.5838202937664123
residential_14203160360000,FALSE,TRUE,TRUE,4.472831298971487,0.2581222585496879,0.2522898284844308,1.5435940873336833
residential_14203160370000,TRUE,TRUE,FALSE,4.470974725860555,0.26157838288155183,0.24912571493594085,1.5391230010494443
residential_14203160380000,TRUE,TRUE,FALSE,4.469119373543322,0.2650751272508668,0.24601331381674563,1.5346528922811493
residential_14203200380000,FALSE,TRUE,TRUE,4.409197707235298,0.30930906200348107,0.29372907802106846,1.549464127098716
residential_14203210290000,TRUE,TRUE,TRUE,4.3765387185661,0.35988008643179015,0.24082599734634855,1.4700446364514097
residential_14203210300000,TRUE,TRUE,TRUE,4.374719668769019,0.363122531674336,0.2360694942823967,1.465527536158819
residential_14203210340000,TRUE,TRUE,TRUE,4.367492265407043,0.36405293991855214,0.21704977303644393,1.4474643709722705
residential_14203210350000,TRUE,TRUE,TRUE,4.365698231073002,0.35930654562215253,0.21229352375349245,1.4429465735391185
residential_14203220240000,FALSE,TRUE,TRUE,4.333648856031242,0.27296934166506914,0.125701403356987,1.360752584362589
residential_14203240070000,TRUE,TRUE,FALSE,4.37514517053198,0.20864890567261954,0.35101517052016773,1.646735387204767
residential_14203250020000,FALSE,TRUE,TRUE,4.3596542870795485,0.3044489234191713,0.2841684158190648,1.521810187273981
residential_14203250040000,TRUE,TRUE,TRUE,4.355913831497514,0.3108071101385359,0.27470340608008903,1.5127979379964132
residential_14203250220000,TRUE,TRUE,FALSE,4.3312183695703945,0.2917653060537715,0.27794182549032914,1.5210947082448203
residential_14203250270000,TRUE,TRUE,FALSE,4.321914960147402,0.30937401914529716,0.25459620421471163,1.4985552491508023
residential_14203250290000,TRUE,TRUE,FALSE,4.31822366092601,0.31663870233814656,0.24528114432070483,1.4895420080270116
residential_14203250390000,FALSE,TRUE,TRUE,4.319505966841073,0.34234818843976006,0.19174153625007592,1.4345681893757651
residential_14203260200000,FALSE,TRUE,TRUE,4.287636263491708,0.2463437629184349,0.09510590559499887,1.3408282565376302
residential_14203260270000,FALSE,TRUE,TRUE,4.270891412206815,0.27662536767350687,0.12600525455531378,1.3719667055866884
residential_14203260300000,TRUE,TRUE,FALSE,4.2657662858678265,0.2631741363255447,0.11301950664103194,1.3585618930837973
residential_14203260340000,TRUE,TRUE,FALSE,4.25882172365755,0.24502096657603256,0.09592716960072598,1.3403602726656658
residential_14203270180000,TRUE,TRUE,FALSE,4.226118093618123,0.1665468173453707,0.0507133014574612,1.2582942061392441
residential_14203270190000,TRUE,TRUE,FALSE,4.226423720764732,0.16030810345018584,0.04830070761274406,1.2519573068591727
residential_14203270350000,FALSE,TRUE,FALSE,4.209538709985629,0.12208853520859515,0.06099853688712878,1.2061565535973389
residential_14203290040000,TRUE,TRUE,FALSE,4.298155858396504,0.2678156055271458,0.2867245201624139,1.532783279951756
residential_14203290050000,TRUE,TRUE,FALSE,4.2962755157357195,0.2715583078869665,0.2822002670434762,1.528296770444765
residential_14203290080000,TRUE,TRUE,TRUE,4.290666280091538,0.28296647538941705,0.2686713074593127,1.514846383026296
residential_14203290090000,TRUE,TRUE,FALSE,4.288806442552912,0.2868260263445676,0.264176387255705,1.5103649478639163
residential_14203290110000,TRUE,TRUE,TRUE,4.285100567548538,0.29462025837034017,0.25521436694841804,1.501408468557709
residential_14203290140000,TRUE,TRUE,FALSE,4.279572110803826,0.30649070943079654,0.24184104578329202,1.4879828069378498
residential_14203290370000,FALSE,TRUE,TRUE,4.249517087349436,0.30543410969034085,0.23979026759299718,1.4837821416511623
residential_14203290380000,FALSE,TRUE,TRUE,4.247688974796591,0.3096634788398961,0.235597735533309,1.4793425386358268
residential_14203300060000,TRUE,TRUE,FALSE,4.242549723180306,0.30286276883736074,0.155434738830328,1.3975410947293094
residential_14203300140000,TRUE,TRUE,FALSE,4.228795480406649,0.2686545328158683,0.1252935955456387,1.3620915585757856
residential_14203300150000,TRUE,TRUE,FALSE,4.227097594233825,0.264448822523236,0.12183024209228982,1.3576693775984279
residential_14204070300000,TRUE,TRUE,FALSE,4.4255437355381995,0.20679681918805443,0.22828263865633414,0.6183365019262077
residential_14204100490000,FALSE,TRUE,FALSE,4.33143502348997,0.29660148480747983,0.15781131398164994,0.6478552559130311
residential_14213050180000,TRUE,TRUE,TRUE,4.325925595272762,0.2714583029555193,0.16070907252282077,0.39156825267666256
residential_14213050340000,TRUE,TRUE,TRUE,4.341430698427564,0.29817982931983533,0.10295599743161186,0.3338078615810513
residential_14213050350000,TRUE,TRUE,TRUE,4.332985184305842,0.2915790679393878,0.1003799471997086,0.3314388426302556
residential_14281150210000,TRUE,TRUE,TRUE,3.531932819586725,0.25301909852530186,0.23968079959843436,0.8091929140986683
residential_14283000340000,TRUE,TRUE,TRUE,3.4283314247166654,0.1508923939154025,0.19620061982648107,0.8403076253078416
residential_14283040590000,TRUE,TRUE,TRUE,3.3716623992223522,0.1275338706050305,0.2194793987483983,0.7204410080162525
residential_14291010270000,TRUE,TRUE,FALSE,4.2013173884391355,0.2596599246499442,0.29328431181625503,1.5288047771887192
residential_14291010480000,TRUE,TRUE,FALSE,4.240051441294375,0.23507282244699051,0.3102745143040474,1.553214068597357
residential_14291020720000,TRUE,TRUE,FALSE,4.184884061934448,0.33291073603509264,0.1961838116319668,1.4204240919753
residential_14291030210000,TRUE,TRUE,TRUE,4.100416644728394,0.2387999672342396,0.17374277596687238,1.280419763499114
residential_14291050040000,FALSE,TRUE,FALSE,4.178846344263493,0.2243576553332077,0.33729338036322387,1.5682224979381578
residential_14291050090000,TRUE,TRUE,FALSE,4.169595413318584,0.24725308167220855,0.3193688172643102,1.5468576141431345
residential_14291050160000,FALSE,TRUE,TRUE,4.156443575641756,0.28036539435427604,0.29481401134695995,1.5161363301813007
residential_14291060050000,TRUE,TRUE,FALSE,4.126927923274664,0.33406649136036953,0.2661568225154261,1.4696479193001522
residential_14291060110000,TRUE,TRUE,FALSE,4.128279111048499,0.3525838134045131,0.2489986235631226,1.4498844371761683
residential_14291070140000,TRUE,TRUE,TRUE,4.059287312484655,0.3185243300424895,0.23664003388409313,1.3547522174718043
residential_14291070150000,TRUE,TRUE,TRUE,4.057606123294888,0.3161519329964515,0.23638555552501087,1.3505787709439092
residential_14291070230000,TRUE,TRUE,TRUE,4.04425741421504,0.2991164492897093,0.23618828610183829,1.3170052760340158
residential_14291110070000,TRUE,TRUE,TRUE,4.020200556496108,0.3299397899046995,0.2692066263119822,1.3588082167070252
residential_14291110290000,TRUE,TRUE,TRUE,3.9851444485599075,0.2911810572771762,0.25011988030021276,1.3462268800119441
residential_14291110540000,TRUE,TRUE,TRUE,4.009776444630296,0.3121754575276521,0.2620366812771885,1.3342287907900598
residential_14291150140000,TRUE,TRUE,TRUE,3.9517986904026787,0.2643198292560334,0.21662029229146434,1.3570811733318542
residential_14291150340000,TRUE,TRUE,TRUE,3.9296351941099097,0.25068267905983294,0.19022221695150646,1.369102742613135
residential_14291150350000,TRUE,TRUE,TRUE,3.9279292904487484,0.24710095653013298,0.1920397478552526,1.3644698318655717
residential_14291150410000,TRUE,TRUE,TRUE,3.9164435163241356,0.22388998220921313,0.2069679529999061,1.3329173800810732
residential_14291190070000,TRUE,TRUE,TRUE,3.903235171293054,0.24939381449595888,0.14515882571493585,1.4043118705336843
residential_14291190090000,TRUE,TRUE,TRUE,3.899775721140627,0.241277857873124,0.1483109758076451,1.3951906681853048
residential_14291190120000,TRUE,TRUE,TRUE,3.8946213866845385,0.22929982546847966,0.15400795120141936,1.3815225787240326
residential_14291190390000,TRUE,TRUE,TRUE,3.8804401882545356,0.19636533742991313,0.17689821424892097,1.3413098339676786
residential_14291190400000,TRUE,TRUE,TRUE,3.8762196752929454,0.19346206696990578,0.17340240193011341,1.342554033920245
residential_14291230150000,TRUE,TRUE,TRUE,3.8315836297851766,0.1881083657216945,0.11227922358068854,1.3822508469941068
residential_14291230210000,TRUE,TRUE,TRUE,3.8244003159602498,0.22709551341690914,0.06097907795036366,1.434328465936534
residential_14291230300000,TRUE,TRUE,TRUE,3.8050999021706673,0.17583224184238386,0.10060906784468576,1.3835435181030689
residential_14291300140000,FALSE,TRUE,TRUE,3.7647188680168626,0.31123247547759403,0.02216025630544978,1.5365353113406406
residential_14292000250000,TRUE,TRUE,TRUE,4.076849627898607,0.20770363060368574,0.14682054556154867,1.2008369879283538
residential_14292000370000,TRUE,TRUE,TRUE,4.010537427377804,0.27527573021102375,0.1554348395802181,1.228526525645431
residential_14292010550000,FALSE,TRUE,TRUE,4.086067839238862,0.1852343287049113,0.11233466804211983,1.1592196948815587
residential_14292080110000,TRUE,TRUE,TRUE,3.9304296343249283,0.22143696318527936,0.17615171205662203,1.2236429389694492
residential_14292080170000,TRUE,TRUE,TRUE,3.903498051842929,0.1938786690714165,0.19903932270945987,1.2305033687990472
residential_14292230070000,TRUE,TRUE,TRUE,3.73342014986117,0.11362718495758051,0.14653519360575257,1.338642859752379
residential_14292230150000,TRUE,TRUE,TRUE,3.739100492843857,0.08089423519586034,0.17871760000167872,1.303700793451129
residential_14292230350000,TRUE,TRUE,TRUE,3.705789248758586,0.0618192897342564,0.20230132009512317,1.286411664554121
residential_14292230430000,TRUE,TRUE,TRUE,3.69296410148111,0.030860341433812437,0.2403548819933852,1.2493994137453466
residential_14292270120000,TRUE,TRUE,TRUE,3.6750731726699843,0.08982877675784001,0.19403165794734079,1.3041492381014954
residential_14292270150000,TRUE,TRUE,TRUE,3.6697824218878807,0.07919773932268326,0.20929176577755404,1.2892769479594757
residential_14292270580000,TRUE,TRUE,TRUE,3.646810220538434,0.10446063387154013,0.20767999172686702,1.3022154683870575
residential_14292280060000,TRUE,TRUE,TRUE,3.6407973217872294,0.07078518655614245,0.19416160646884525,1.2049714433068852
residential_14292280260000,TRUE,TRUE,TRUE,3.6190629479152667,0.09104715315968316,0.17659927970539685,1.2225250937650944
residential_14292290130000,FALSE,TRUE,TRUE,3.5728444247401403,0.19608488170759453,0.14696622488504088,1.0798776351658965
residential_14292290220000,TRUE,TRUE,TRUE,3.572600801018713,0.23772440480951765,0.12594905409487206,1.0270595955923285
residential_14293010360000,FALSE,TRUE,TRUE,3.6394768562663087,0.14765977380268075,0.03817529838698976,1.8404294053645995
residential_14293040740000,TRUE,TRUE,TRUE,3.6691802353566754,0.3124918504365759,0.11257425769581832,1.5278119422578014
residential_14293040760000,TRUE,TRUE,TRUE,3.6792695349777165,0.30739892467318897,0.10158327478825131,1.524961832648759
residential_14293040780000,TRUE,TRUE,TRUE,3.6601389723666222,0.3173076850088795,0.12242650287275796,1.530425284186468
residential_14293050200000,TRUE,TRUE,TRUE,3.6467355024059316,0.2576840932431184,0.11965075410555502,1.4666145582214927
residential_14293050210000,TRUE,TRUE,TRUE,3.6419326644126957,0.26068051019175303,0.12443870519507262,1.4680360747362748
residential_14293050260000,TRUE,TRUE,TRUE,3.6176393825353443,0.2768556418430666,0.14909580457945915,1.4754984562691411
residential_14293050430000,TRUE,TRUE,TRUE,3.607949455937507,0.3187592916858584,0.16676159701959087,1.5151668772755547
residential_14293050630000,TRUE,TRUE,TRUE,3.6519859837028195,0.2544882725677391,0.1144587768469499,1.4650784191060993
residential_14293050650000,TRUE,TRUE,TRUE,3.6563618833257068,0.2518919894266938,0.11016956611645573,1.4638137313282427
residential_14293060020000,TRUE,TRUE,TRUE,3.6474161145755497,0.21926997356705907,0.12611341621144842,1.4275916692006174
residential_14293060140000,TRUE,TRUE,TRUE,3.5905679590730517,0.26091641322138565,0.17671223473658226,1.4455330791904955
residential_14293080230000,TRUE,TRUE,TRUE,3.575429293672048,0.3626547678569515,0.18888997802911411,1.5475993944685176
residential_14293100170000,TRUE,TRUE,TRUE,3.479675711689574,0.35922682431900016,0.09250264366038363,1.4683443838485883
residential_14293110250000,TRUE,TRUE,TRUE,3.5102466414372517,0.19208633948882642,0.03242261537145807,1.838169399302295
residential_14293120270000,TRUE,TRUE,TRUE,3.518297788290829,0.2565796762640149,0.06546480792309957,1.7390504329179923
residential_14293130490000,TRUE,TRUE,TRUE,3.4790777159858015,0.24635640475174356,0.045907204896274735,1.774555272977328
residential_14293130500000,TRUE,TRUE,TRUE,3.4814129955654636,0.24210005174540755,0.04261659797187331,1.7793423455796562
residential_14293150060000,TRUE,TRUE,TRUE,3.4617310806069788,0.3965895448413058,0.14265487929191178,1.5959579299900446
residential_14293150280000,FALSE,TRUE,TRUE,3.4421164720372346,0.40507803135957415,0.06686060357784968,1.5128500001574536
residential_14293150760000,FALSE,TRUE,TRUE,3.386597706227305,0.34959201821838626,0.03788572666652087,1.492660828835612
residential_14293190050000,TRUE,TRUE,TRUE,3.4445291340083837,0.26113979111118857,0.081242324467718,1.7901042756497174
residential_14293190150000,TRUE,TRUE,TRUE,3.3990118672474967,0.29615200407472925,0.13250832544191957,1.795239421817038
residential_14293190280000,TRUE,TRUE,TRUE,3.4069626780188247,0.29894661121208604,0.11682335716711947,1.767586802457067
residential_14293190310000,TRUE,TRUE,TRUE,3.3945056543038197,0.30818435752823137,0.1300780997485622,1.7690814912405806
residential_14293220200000,TRUE,TRUE,TRUE,3.2896570785670445,0.25177800124536476,0.0919715635732492,1.4818861731281667
residential_14293230020000,TRUE,TRUE,TRUE,3.2778597413137214,0.24547012240643848,0.1409094925675049,1.5312653105338414
residential_14293230080000,TRUE,TRUE,TRUE,3.263075337392123,0.22623988040910012,0.12821791373623317,1.4973211462766343
residential_14294010310000,TRUE,TRUE,TRUE,3.5525515176532134,0.20417897704450613,0.19156081545350584,1.344613554754451
residential_14294030170000,FALSE,TRUE,TRUE,3.495469586765126,0.2145490428074094,0.06218941001988041,1.215756733520594
residential_14294030230000,FALSE,TRUE,TRUE,3.464048164786658,0.24618616383587472,0.05315267817348695,1.2174875321155
residential_14294100440000,FALSE,TRUE,TRUE,3.385587163651855,0.33859187890660836,0.022588601725663172,1.2780242260834347
residential_14294140040000,FALSE,TRUE,TRUE,3.3944659593539956,0.3790342718127699,0.04817204602042596,1.3938046899636833
residential_14294140160000,FALSE,TRUE,TRUE,3.3682945733237584,0.37609810853358067,0.05439520282707594,1.3258220184953025
residential_14294140230000,FALSE,TRUE,TRUE,3.3672826161848035,0.3527142857226461,0.04476377100291116,1.3858522865083913
residential_14294140240000,FALSE,TRUE,TRUE,3.365544380236085,0.3525310005227701,0.04925616474110472,1.3813116264950716
residential_14294140340000,FALSE,TRUE,TRUE,3.3467818474140145,0.35438018141718997,0.060324355680405194,1.3313748703465438
residential_14294140360000,FALSE,TRUE,TRUE,3.344345323105855,0.3584981688850818,0.047324712789448914,1.3183007318884976
residential_14294170100000,FALSE,TRUE,TRUE,3.326299991734644,0.31551402615168395,0.06252899212081335,1.3693808001104464
residential_14294170150000,FALSE,TRUE,TRUE,3.3159880272757345,0.3168497656947136,0.07322148671303652,1.3421809053508211
residential_14294170370000,FALSE,TRUE,TRUE,3.296691348686886,0.289339072550248,0.08183077589164753,1.3580189066155535
residential_14294180130000,FALSE,TRUE,TRUE,3.2696854626396408,0.30174936248657164,0.04956601070398292,1.2859857046350216
residential_14294180240000,FALSE,TRUE,TRUE,3.249563603440579,0.32285386436903885,0.0480457569642622,1.2293789784354159
residential_14294180650000,FALSE,TRUE,TRUE,3.2714714889380794,0.30035540376596387,0.05096046943559855,1.2908970945030027
residential_14294180660000,FALSE,TRUE,TRUE,3.27340146516198,0.29893828117890375,0.052935683910971136,1.296184680101407
residential_14294210270000,FALSE,TRUE,FALSE,3.2383285975470617,0.23055133538383393,0.12363959410688816,1.3555187131650002
residential_14294260020000,FALSE,TRUE,FALSE,3.1825961414596207,0.21178585989950277,0.14359634664586993,1.3000530529657777
residential_14301020240000,TRUE,TRUE,TRUE,4.709991724261763,0.31740562071796397,0.24828959299259384,2.5149118979713827
residential_14301020270000,TRUE,TRUE,TRUE,4.701199120073029,0.30453636591498184,0.22925985365651858,2.4926000440236664
residential_14301020280000,TRUE,TRUE,TRUE,4.698491809873082,0.30119640068593445,0.22487233923692881,2.4881214430482874
residential_14301040430000,TRUE,TRUE,TRUE,4.610669042818434,0.21218993180753612,0.14795965024740992,2.449253733762556
residential_14301070110000,TRUE,TRUE,FALSE,4.688902991766185,0.3363452224916302,0.29058316390145517,2.6336096732287784
residential_14301070130000,TRUE,TRUE,FALSE,4.683254643888089,0.34166803470379115,0.29867836290747907,2.6246640479097896
residential_14301080380000,FALSE,TRUE,TRUE,4.526378987058403,0.15420735329635113,0.14253470499179663,2.477112086817265
residential_14301080470000,TRUE,TRUE,TRUE,4.591503167307683,0.20262208520969419,0.16363027409075723,2.4765833772628
residential_14301090070000,TRUE,TRUE,TRUE,4.572596041649507,0.2419142103686252,0.23525846170029277,2.5683516780698437
residential_14301090080000,TRUE,TRUE,TRUE,4.568778215824256,0.24117873135868279,0.23525046684673798,2.56984690491372
residential_14301090150000,TRUE,TRUE,TRUE,4.54800159570876,0.21818553575788852,0.21331643320711396,2.5520790758651737
residential_14301100090000,FALSE,TRUE,TRUE,4.5376246740913615,0.14272626352277018,0.11018569072650097,2.434831080513053
residential_14301100150000,FALSE,TRUE,TRUE,4.514317271099483,0.12744122146414222,0.11004301518024492,2.4436737326144726
residential_14301100250000,TRUE,TRUE,TRUE,4.5284828806834705,0.12790988011813728,0.08364796235378055,2.407344370421838
residential_14301110070000,TRUE,TRUE,TRUE,4.50413898308472,0.10252439066766467,0.04744929224756675,2.374487771565694
residential_14301110140000,TRUE,TRUE,TRUE,4.476721251080653,0.07546682597396409,0.047264073618499484,2.3847865361011737
residential_14301110150000,TRUE,TRUE,TRUE,4.4728108108565285,0.07201509677680809,0.04723765653998148,2.3862578005513146
residential_14301110180000,TRUE,TRUE,TRUE,4.456510762729141,0.06494875859165608,0.05655851906745155,2.4034671954375804
residential_14301110340000,TRUE,TRUE,TRUE,4.475626524003746,0.07658670696631296,0.020783264739920194,2.3543653286772592
residential_14301110410000,TRUE,TRUE,TRUE,4.4481364244440815,0.04626147085271029,0.02058611975597375,2.3646947743447106
residential_14301110420000,TRUE,TRUE,TRUE,4.4442156012098275,0.0422731151183032,0.020557776298858924,2.36619430561016
residential_14301110430000,TRUE,TRUE,TRUE,4.440296984188801,0.03845424671575417,0.0205304180536396,2.3677032449878417
residential_14301110440000,TRUE,TRUE,TRUE,4.436379472075003,0.03485924243544916,0.02050212889570467,2.3692197988363617
residential_14301140140000,TRUE,TRUE,TRUE,4.508058561695216,0.19863966493609828,0.1962324764059605,2.5460305390596845
residential_14301140250000,TRUE,TRUE,TRUE,4.488978163839523,0.2057110234373372,0.20486113453697846,2.5583340960447334
residential_14301140260000,FALSE,TRUE,TRUE,4.486138392403445,0.20103468136674946,0.200245884991188,2.5538367543358147
residential_14301140400000,TRUE,TRUE,TRUE,4.456249632322552,0.15304963774079614,0.15317450498711868,2.507538239038754
residential_14301140410000,TRUE,TRUE,TRUE,4.45242940541015,0.15428373261070372,0.1547677165028062,2.5091032540409843
residential_14301140460000,FALSE,TRUE,TRUE,4.51502610887046,0.21032561831482938,0.20786142468686764,2.5571299333804323
residential_14301140470000,TRUE,TRUE,TRUE,4.5188979555907105,0.2168106818096774,0.21431772518800132,2.5632919639579175
residential_14301150030000,TRUE,TRUE,TRUE,4.455702769983645,0.20843127651673257,0.20975038984935648,2.5635185049381275
residential_14301170280000,FALSE,TRUE,FALSE,4.414299846271631,0.39340930708053645,0.264967737600653,2.7365722350428467
residential_14301170290000,FALSE,TRUE,FALSE,4.4112969810879,0.3895398223483928,0.26678053109321725,2.732178466564063
residential_14301180710000,FALSE,TRUE,TRUE,4.38897792112619,0.2829505503600229,0.28782623458325,2.6242736484913185
residential_14301180740000,FALSE,TRUE,TRUE,4.37491688514612,0.2706304245881162,0.27607330099950833,2.6079870472867697
residential_14301190250000,TRUE,TRUE,TRUE,4.406597321649937,0.026150320435079862,0.03029332972962276,2.381182769871517
residential_14301190280000,TRUE,TRUE,TRUE,4.394927929748887,0.03441596367373966,0.04166781037490109,2.3859582249201265
residential_14301190310000,TRUE,TRUE,TRUE,4.383243423241564,0.04562402893001022,0.05426728934723283,2.390743086665362
residential_14301200020000,TRUE,TRUE,TRUE,4.327464799542614,0.08265412042072674,0.0925422840893323,2.372185665716247
residential_14301200130000,TRUE,TRUE,TRUE,4.3553404443765045,0.049200196899845644,0.040366597762455075,2.3285888021936976
residential_14301200170000,TRUE,TRUE,TRUE,4.33964734944383,0.06250721894549367,0.05927467231673253,2.335289250486488
residential_14301200260000,TRUE,TRUE,TRUE,4.300528670357262,0.10369081021773653,0.10654304721629738,2.3526201505283044
residential_14301210070000,TRUE,TRUE,TRUE,4.326837515738767,0.08525379364357495,0.050098786914981173,2.2983699721728668
residential_14301210190000,TRUE,TRUE,TRUE,4.2761174733952965,0.12596777519727845,0.11105636960949829,2.3209571555796042
residential_14301210200000,TRUE,TRUE,TRUE,4.272347844423377,0.12963987524036158,0.11559877214910626,2.3226942327150977
residential_14301210260000,TRUE,TRUE,TRUE,4.324391823276337,0.10502283950081479,0.03523894991618078,2.268310635906517
residential_14301210340000,TRUE,TRUE,TRUE,4.292663385150138,0.1200434920251519,0.07311540454940962,2.2820649380240954
residential_14301220010000,TRUE,TRUE,TRUE,4.261401851137301,0.14272379045217568,0.14049661383533907,2.3478428011634684
residential_14301220250000,TRUE,TRUE,TRUE,4.24646005397078,0.16087125497439597,0.16203889252480505,2.360809891109595
residential_14301220440000,TRUE,TRUE,TRUE,4.274743643820555,0.13598464158764895,0.14272938739064386,2.3728722553964054
residential_14302010080000,TRUE,TRUE,TRUE,4.4266161456990405,0.05174195198855612,0.17111182382132756,2.0058227784275307
residential_14302040080000,TRUE,TRUE,FALSE,4.321110951857031,0.08289913757382575,0.18664627118599958,1.794179063809975
residential_14302070140000,TRUE,TRUE,FALSE,4.32646122644698,0.122078564033358,0.11580744817731836,1.882355582546811
residential_14302080320000,FALSE,TRUE,TRUE,4.383874962196307,0.16653891367207801,0.05366430881872309,2.1667054048865375
residential_14302130110000,FALSE,TRUE,TRUE,4.360624652380658,0.16336527061703474,0.03979627059319676,2.19178053173701
residential_14302130150000,FALSE,TRUE,TRUE,4.350519575629076,0.18141059533837509,0.05874223968870283,2.1739829358659377
residential_14302130190000,FALSE,TRUE,TRUE,4.340469465873472,0.19057771450869496,0.0776900070718913,2.1562045435558663
residential_14302130210000,FALSE,TRUE,TRUE,4.335469349191175,0.18802407891934406,0.0871620449482209,2.1473239082184206
residential_14302130380000,FALSE,TRUE,TRUE,4.3126702788848315,0.20396230487411615,0.0873365884944734,2.156545613850683
residential_14302170110000,FALSE,TRUE,TRUE,4.307295755361372,0.15555258196074542,0.04631742853566872,2.213630392536347
residential_14302170400000,TRUE,TRUE,TRUE,4.256608553818535,0.21093072018025513,0.1051091732240519,2.1750581510922493
residential_14302190290000,TRUE,TRUE,TRUE,4.229090924053617,0.18950766380664222,0.12054389800120299,2.242824135602034
residential_14302190360000,TRUE,TRUE,TRUE,4.210986902302022,0.21832857591691004,0.1369309603558351,2.2124932885054207
residential_14302190390000,TRUE,TRUE,TRUE,4.203286380091312,0.23103443233200377,0.14570639033920377,2.199518362157232
residential_14302190400000,TRUE,TRUE,TRUE,4.200727724526412,0.2353077189845484,0.14881168737640046,2.195196020917833
residential_14302200200000,TRUE,TRUE,TRUE,4.177918103987966,0.24127306787850963,0.1700551504238393,2.2228590946088462
residential_14302200210000,TRUE,TRUE,TRUE,4.175330821371871,0.24519247931713148,0.16571531056890088,2.218563916366696
residential_14302200220000,TRUE,TRUE,TRUE,4.172749950888326,0.24913843422572352,0.16098710110323744,2.214269385432294
residential_14302200290000,TRUE,TRUE,TRUE,4.179060418140268,0.22613279445988985,0.17887368602123815,2.272544928118728
residential_14302200320000,TRUE,TRUE,TRUE,4.171168199326691,0.23619046987504327,0.1828687736072697,2.259681754685855
residential_14302200350000,TRUE,TRUE,TRUE,4.163308767048374,0.246656821356937,0.1842161855999418,2.2468360823896716
residential_14302200360000,TRUE,TRUE,TRUE,4.160694921106698,0.250228788644534,0.17948104003215792,2.242558319282828
residential_14302210080000,TRUE,TRUE,TRUE,4.143599944847562,0.25961377103965955,0.20295349763444018,2.2792898818844525
residential_14302210090000,TRUE,TRUE,TRUE,4.140951590452718,0.2626749247701686,0.19821937787710886,2.2750359046177864
residential_14302210140000,TRUE,TRUE,TRUE,4.127776097356959,0.27867578811058824,0.17454378690846992,2.253783415310134
residential_14302210370000,TRUE,TRUE,TRUE,4.106090054599285,0.2977611982160812,0.17562854586008234,2.266567833025964
residential_14302210380000,TRUE,TRUE,TRUE,4.10344971054256,0.3008666459429153,0.17089336101162025,2.262345945621244
residential_14303140370000,TRUE,TRUE,FALSE,4.05550857502824,0.34059415198944487,0.13396434297573798,2.850515626216202
residential_14303150080000,TRUE,TRUE,TRUE,4.05836062818421,0.3471017488189108,0.13903046741080974,2.8887337904262513
residential_14303150090000,TRUE,TRUE,TRUE,4.0552163859512165,0.34354090132558474,0.1409416969135625,2.8842008725640453
residential_14303150110000,TRUE,TRUE,TRUE,4.048935921148647,0.33649114093451765,0.14511779816559617,2.8751393392761573
residential_14303150170000,TRUE,TRUE,TRUE,4.030161461211966,0.31596983207671636,0.1457998786434329,2.847951231681602
residential_14304100090000,FALSE,TRUE,FALSE,3.5249249630623547,0.1784143312773319,0.029294222359899282,1.9770212741294444
residential_14311000210000,TRUE,TRUE,FALSE,4.012970152006719,0.3173455683650533,0.08712768899897344,2.9079538414879256
residential_14311000410000,FALSE,TRUE,TRUE,3.959057722760995,0.25108385574690945,0.06777506703724662,2.834155035118617
residential_14311030160000,TRUE,TRUE,FALSE,3.972139928687114,0.27982562569835695,0.04667748620534529,2.8840307860755834
residential_14311030250000,TRUE,TRUE,FALSE,3.9725240034933353,0.29350991678992144,0.049916675280172094,2.9090570569062417
residential_14311030370000,TRUE,TRUE,FALSE,3.9442082912360616,0.2404084537982995,0.047274484116273406,2.836278006263559
residential_14311050240000,TRUE,TRUE,FALSE,3.9292921103361294,0.27346712122163436,0.03408892570400212,2.9069265451339166
residential_14311110110000,TRUE,TRUE,FALSE,3.9113214175142077,0.27564585372725,0.04273246570785004,2.9156042057139087
residential_14311180120000,TRUE,TRUE,FALSE,3.881208583029522,0.26974063658298975,0.06841595653163897,2.9294383581468235
residential_14311180210000,TRUE,TRUE,FALSE,3.854194515502362,0.23814271296109346,0.06863171246531355,2.9339958167897744
residential_14311180280000,TRUE,TRUE,FALSE,3.8419410544324517,0.22437642317139844,0.06997948900203967,2.9362179945857365
residential_14311180300000,TRUE,TRUE,FALSE,3.8355900316500007,0.21861594951752164,0.06121565451197593,2.9274643065572286
residential_14311190100000,TRUE,TRUE,FALSE,3.8341489203218218,0.22310775773891514,0.037128307116247636,2.9023587443560173
residential_14311190110000,TRUE,TRUE,FALSE,3.83114614111759,0.21943257765284865,0.037161564802758444,2.9025760206825235
residential_14311190200000,TRUE,TRUE,FALSE,3.83558625940562,0.23401756219537165,0.014372340151924883,2.8776687620027017
residential_14311190240000,TRUE,TRUE,FALSE,3.822923373608013,0.21853812639431988,0.014471829057071062,2.8794299993803616
residential_14311240150000,TRUE,TRUE,FALSE,3.8056600707291754,0.18766328337717816,0.052744230677279534,2.916732579938904
residential_14311240300000,TRUE,TRUE,FALSE,3.780673411618439,0.16241519636889848,0.05462319572636322,2.904634161997031
residential_14311240320000,TRUE,TRUE,FALSE,3.7740466122894305,0.1560753608835676,0.049140386682730915,2.895563296800419
residential_14311280360000,TRUE,TRUE,FALSE,3.731732645214986,0.11536060814197777,0.09504563313027653,2.8905880505707513
residential_14311320080000,TRUE,TRUE,FALSE,3.7471501354769234,0.16981938055128476,0.1754937553542392,2.9680950594967244
residential_14311320100000,TRUE,TRUE,FALSE,3.7513411788210127,0.1547145685610321,0.14302967770421718,2.9471961936024273
residential_14311320200000,TRUE,TRUE,TRUE,3.717592367710095,0.1105989153759757,0.12645313391201093,2.9019631686569043
residential_14311320490000,TRUE,TRUE,TRUE,3.7265333535705754,0.1381901554495991,0.15691744326337703,2.9358622969947015
residential_14311320510000,TRUE,TRUE,TRUE,3.6959086520840954,0.09716340828997054,0.14661420024104965,2.8949262789388914
residential_14311360080000,TRUE,TRUE,FALSE,3.720362088936413,0.15783045731476494,0.17119202714762913,2.957645632345494
residential_14311360090000,TRUE,TRUE,FALSE,3.7168286349491506,0.1531424785252541,0.16783486980183726,2.952946427535815
residential_14313010290000,TRUE,TRUE,TRUE,3.6089145489312573,0.12537741217540085,0.0595782466695009,2.888735591471502
residential_14313020060000,TRUE,TRUE,TRUE,3.5912079725189767,0.10078033489889161,0.05080756401606602,2.8562336304963187
residential_14313020580000,TRUE,TRUE,TRUE,3.5886536351429514,0.10811360859353292,0.04500244362456092,2.8598504649291274
residential_14313090130000,TRUE,TRUE,FALSE,3.5765088116560952,0.28453912045144214,0.06748893512502939,2.9866043321145517
residential_14313090140000,FALSE,TRUE,TRUE,3.572903407379586,0.282097012854709,0.06750939225440415,2.982072965763515
residential_14313100130000,TRUE,TRUE,FALSE,3.532885531055818,0.29660342023491676,0.03715207172245673,2.961610510461269
residential_14313110300000,TRUE,TRUE,TRUE,3.4456303290533237,0.21035818977425366,0.046410287182666786,2.7835479541564188
residential_14313110310000,TRUE,TRUE,TRUE,3.4411770813445126,0.21701255090839608,0.05297806550977835,2.7848864002685585
residential_14313200170000,TRUE,TRUE,TRUE,3.3237404406503104,0.39300640117693003,0.022849996227977114,2.819749802357247
residential_14313200180000,TRUE,TRUE,TRUE,3.3305973685805763,0.38716011347873636,0.02982062795304079,2.8228101644471524
residential_14313200190000,TRUE,TRUE,TRUE,3.3345572527547187,0.3841451644219114,0.03373994345793315,2.824975781166874
residential_14313200200000,FALSE,TRUE,TRUE,3.3385376002732143,0.3812985377613716,0.037644074653868695,2.8273445019261256
residential_14313200210000,TRUE,TRUE,TRUE,3.3431071401362,0.37786545098018537,0.04219050148487369,2.82985513241633
residential_14313200220000,TRUE,TRUE,TRUE,3.3470877311728953,0.3747238389822101,0.04619700603080568,2.8318562383428
residential_14313200230000,TRUE,TRUE,TRUE,3.351050130207641,0.37178137686660273,0.05014704314344715,2.8340380039322044
residential_14313200240000,TRUE,TRUE,TRUE,3.3550270632854264,0.3688499712001498,0.049575072868168465,2.836234341954845
residential_14313200250000,TRUE,TRUE,TRUE,3.3608919793684042,0.36455001643825125,0.04890534840622501,2.8394658889756164
residential_14313200260000,TRUE,TRUE,TRUE,3.3648684442152597,0.36167523818205816,0.04675612597075563,2.841678196164094
residential_14313200270000,TRUE,TRUE,TRUE,3.36884873256294,0.3588271459175842,0.044064488868676394,2.843905223555193
residential_14313200280000,TRUE,TRUE,TRUE,3.372899655440823,0.3561023128488145,0.041499612406347045,2.8463357728537564
residential_14313200300000,TRUE,TRUE,TRUE,3.381635415918025,0.34978258123706213,0.03542375053437471,2.8510377769754256
residential_14313200310000,TRUE,TRUE,TRUE,3.3856027834907123,0.3470200340413696,0.032737580772708705,2.8532541696457407
residential_14313200320000,TRUE,TRUE,TRUE,3.3895688220632847,0.34428288017304953,0.03005304401292497,2.8554743511826937
residential_14313200330000,TRUE,TRUE,TRUE,3.3954377394784023,0.3402723456909134,0.026080943115930594,2.858761724202668
residential_14313200340000,TRUE,TRUE,TRUE,3.399405205486918,0.3376027026219733,0.023409457650105128,2.8609992230817056
residential_14313200350000,TRUE,TRUE,TRUE,3.403377712482955,0.33496589793157144,0.020744739846722118,2.8632535648068487
residential_14313200360000,TRUE,TRUE,TRUE,3.407425908426315,0.33245894690020533,0.018172246910632902,2.865705646379466
residential_14313200370000,TRUE,TRUE,TRUE,3.4120251399678794,0.3294561608084018,0.01506266350449308,2.868307893099547
residential_14313200380000,TRUE,TRUE,TRUE,3.416041135627518,0.3266943424883868,0.01218282848586328,2.870418426428405
residential_14313200390000,TRUE,TRUE,TRUE,3.4200109151405687,0.32415797677282493,0.009494288730185972,2.872670189399513
residential_14313200400000,TRUE,TRUE,TRUE,3.427572238285355,0.32012963949777856,0.005040019703798204,2.8776557796933395
residential_14313220100000,TRUE,TRUE,TRUE,3.258258316641745,0.37020963473495266,0.06639911327781003,2.7182950204728344
residential_14313240040000,TRUE,TRUE,TRUE,3.2319960081647685,0.31650648921721275,0.05293029860596338,2.6641683931491342
residential_14313280220000,TRUE,TRUE,FALSE,3.3378194413586857,0.317697806254932,0.12701136455004008,2.941269142414802
residential_14313280310000,TRUE,TRUE,TRUE,3.3395927067079474,0.3520377388384082,0.0874884552410159,2.906169938053932
residential_14313280350000,TRUE,TRUE,FALSE,3.324772940785189,0.32734822134155317,0.09688646419536448,2.9120544023705217
residential_14313280630000,TRUE,TRUE,TRUE,3.287318358773302,0.3107716476920429,0.07828107399966984,2.880523197054272
residential_14313280650000,TRUE,TRUE,TRUE,3.2817023151264864,0.301301734227247,0.08593345669321738,2.8829152561118105
residential_14313280680000,TRUE,TRUE,FALSE,3.273313392931104,0.28709808706989876,0.09800935344885331,2.886559040829206
residential_14313280970000,TRUE,TRUE,FALSE,3.2705679747535905,0.28237310391856724,0.10217020070109166,2.8878297551550416
residential_14313310140000,TRUE,TRUE,TRUE,3.2095699176304806,0.2702304648467118,0.10830581742262778,2.83277125870298
residential_14314130190000,FALSE,TRUE,TRUE,2.948151189567427,0.18722714803225132,0.00845054150663123,2.2214790094369268
residential_14314130300000,FALSE,TRUE,TRUE,2.951417828818557,0.19549010598824637,0.03734391505888475,2.1888150218330935
residential_14314140120000,FALSE,TRUE,TRUE,2.9630900102087305,0.22610185317037332,0.06723759863928942,2.1410717204958147
residential_14314140220000,FALSE,TRUE,TRUE,2.9287113750273814,0.18233366802299064,0.035765133030015085,2.1530402639937165
residential_14314140360000,TRUE,TRUE,TRUE,2.9215328548633988,0.1889955680315969,0.03428895170962017,2.124015593132115
residential_14314140370000,TRUE,TRUE,TRUE,2.9180807741854573,0.184486923299677,0.031246132582723393,2.1250438529947573
residential_14314150090000,TRUE,TRUE,TRUE,2.922159595032076,0.2179430010682696,0.013699920496039582,2.080461143540719
residential_14314150130000,TRUE,TRUE,TRUE,2.9082228965906194,0.19968083027294203,0.014549128378759763,2.0853973908506633
residential_14314150140000,TRUE,TRUE,TRUE,2.904743988229404,0.19511517411949958,0.01454638671717781,2.0866400773733855
residential_14314160590000,TRUE,TRUE,TRUE,3.08517665895918,0.2377896291800737,0.0829328800040224,2.5241599326147672
residential_14314170300000,TRUE,TRUE,TRUE,3.0525679660378366,0.19467556397037297,0.06252031276631849,2.458121945176374
residential_14314180150000,TRUE,TRUE,TRUE,3.020512513599574,0.197281482828559,0.07163734187881156,2.4259359209087945
residential_14314180550000,TRUE,TRUE,TRUE,3.0470219349095946,0.15881853219135117,0.03301930526909762,2.4164751604208923
residential_14314180560000,TRUE,TRUE,TRUE,3.0407614076592147,0.16786127442586282,0.0421050331224453,2.4186484876241643
residential_14314190420000,FALSE,TRUE,TRUE,2.949169954519837,0.21837650165574174,0.08089121804556712,2.340999043836421
residential_14314190430000,FALSE,TRUE,TRUE,2.9459946011838247,0.2226663559080994,0.08544569971286557,2.3422057808387327
residential_14314200420000,FALSE,TRUE,TRUE,2.9085401316867445,0.1917282514520602,0.10704988381940332,2.3177604760624964
residential_14314210030000,TRUE,TRUE,TRUE,2.9099128439234216,0.15169347294280597,0.03885561101490992,2.2347307444808657
residential_14314230080000,TRUE,TRUE,TRUE,2.8028602529692948,0.059503819793363805,0.014828845404197512,2.12092898677538
residential_14314240240000,TRUE,TRUE,TRUE,3.0424380059677816,0.29641904654768825,0.1478752333669622,2.5410736798806792
residential_14314240360000,FALSE,TRUE,TRUE,3.0048178650205917,0.2843254145202224,0.16008844775770278,2.555598079781091
residential_14314240370000,FALSE,TRUE,TRUE,3.0019074176334373,0.2798987892583353,0.1556750636285992,2.5565420244826367
residential_14314250110000,TRUE,TRUE,FALSE,2.9957826019058142,0.31391770037323347,0.17843168285884625,2.5152268686176553
residential_14314250260000,TRUE,TRUE,TRUE,3.0077212743526385,0.26550524125018055,0.1342673133724593,2.4811174644993046
residential_14314250390000,TRUE,TRUE,TRUE,2.969018039476063,0.31704454419383576,0.18761680358722463,2.4900187408414602
residential_14314250630000,TRUE,TRUE,FALSE,2.998797818408498,0.30945306194465416,0.17381671633648962,2.5141953665867884
residential_14314260130000,TRUE,TRUE,FALSE,2.9482554821307176,0.30436140397000483,0.17894051557413468,2.453502668139149
residential_14314260150000,TRUE,TRUE,FALSE,2.942379692574363,0.3131984376823894,0.18778999084466916,2.455298493527833
residential_14314260160000,TRUE,TRUE,FALSE,2.9392152845809183,0.3179702881557294,0.19256811689754186,2.4562833690482595
residential_14314260380000,TRUE,TRUE,TRUE,2.90662136988966,0.2975515226210244,0.21091175339478832,2.4333573808176445
residential_14314260400000,TRUE,TRUE,FALSE,2.9006057808173464,0.30027870854648286,0.21490302076947643,2.4353469199563818
residential_14314260480000,TRUE,TRUE,FALSE,2.9301440102240237,0.3215719606662723,0.20629775145383036,2.4591590234482412
residential_14314270080000,TRUE,TRUE,FALSE,2.9171206485984387,0.2514776135665582,0.15624559178896386,2.387268695349622
residential_14314270180000,TRUE,TRUE,TRUE,2.8834056398670027,0.2622319056340833,0.2062464474021028,2.3976813825603136
residential_14314270200000,TRUE,TRUE,FALSE,2.8773267025025953,0.26515407146803316,0.21533643852042494,2.3996807053715514
residential_14314270210000,TRUE,TRUE,TRUE,2.874218532104381,0.266760730307277,0.2199950315376165,2.400719496209574
residential_14314270320000,TRUE,TRUE,TRUE,2.8971364715923804,0.22408581632988692,0.15610172950013143,2.3601862858630995
residential_14314270330000,TRUE,TRUE,TRUE,2.89402702876255,0.22473434072517623,0.1606475510964363,2.3610972316878907
residential_14314270350000,TRUE,TRUE,TRUE,2.88781740677234,0.2262974921061827,0.16973962852460592,2.362941886022898
residential_14314280140000,TRUE,TRUE,TRUE,2.870767743278111,0.1888560309803418,0.15694934632179464,2.325337159597249
residential_14314280250000,TRUE,TRUE,TRUE,2.836455954928702,0.20296527128106917,0.2069480721839587,2.335961926603184
residential_14314280350000,TRUE,TRUE,TRUE,2.8261814384363304,0.17294300996157708,0.19347043576358014,2.3067682484772463
residential_14314280540000,TRUE,TRUE,FALSE,2.8182695896004066,0.20891375800052872,0.22906039619609592,2.33679341368103
residential_14314280550000,TRUE,TRUE,TRUE,2.8116699840088812,0.2011168255108153,0.22907227775414404,2.328042387341406
residential_14314290210000,TRUE,TRUE,TRUE,2.780805992559597,0.1172751933528719,0.1645485791772761,2.245254268652562
residential_14314290220000,TRUE,TRUE,TRUE,2.7774938248348726,0.1200319427012333,0.16843431052104585,2.2463283015299558
residential_14314290380000,TRUE,TRUE,TRUE,2.840802856240963,0.12730119874761528,0.13885447243421073,2.263198545257682
residential_14314300160000,TRUE,TRUE,FALSE,2.749558409635022,0.09582593413559039,0.14898139968734694,2.211803032386662
residential_14314300310000,TRUE,TRUE,TRUE,2.733972491942386,0.07712875846384633,0.1322719885162148,2.184394962362391
residential_14314300340000,TRUE,TRUE,TRUE,2.723443359447542,0.09071556194116916,0.1460550394987328,2.1878796581229865
residential_14321110130000,TRUE,TRUE,TRUE,3.087487889476421,0.2342133987233271,0.08489619665853207,1.6360824880087372
residential_14321120380000,TRUE,TRUE,TRUE,3.021298022068209,0.16182862745183502,0.08395028824486248,1.548395051448203
residential_14321130050000,TRUE,TRUE,TRUE,3.0753962681962594,0.10143601127467641,0.06466149726215902,1.5087778149122808
residential_14321130090000,TRUE,TRUE,TRUE,3.056087802123641,0.10518282090279768,0.0527890439567653,1.5094645473492359
residential_14321130120000,TRUE,TRUE,TRUE,3.043911147964138,0.10969741739065406,0.048860398464587354,1.5100577324351876
residential_14321130130000,TRUE,TRUE,TRUE,3.039854408206991,0.11153324264198657,0.04834219093133341,1.5102825885442233
residential_14321260260000,TRUE,TRUE,TRUE,2.982727651931646,0.18930195883743717,0.0896818232708137,1.5527713220797954
residential_14321260340000,FALSE,TRUE,TRUE,2.9399538463626307,0.22564579204131835,0.11535969547355333,1.5586146194736898
residential_14321260360000,TRUE,TRUE,TRUE,2.9316195197859445,0.2332750125926103,0.12199870870662412,1.5599336819153842
residential_14321260370000,TRUE,TRUE,TRUE,2.9274528003211384,0.23713943290375805,0.1254554882783626,1.5606113244306867
residential_14321270040000,TRUE,TRUE,TRUE,2.9683145786572944,0.16261717781283155,0.05532803734090254,1.5164302159370104
residential_14321270060000,TRUE,TRUE,TRUE,2.959938705413668,0.17012842588231328,0.06047714463935822,1.5174427851595922
residential_14321270160000,TRUE,TRUE,TRUE,2.9181598054836653,0.21005355132948494,0.09627930166568256,1.5233722599734882
residential_14322100150000,FALSE,TRUE,TRUE,2.8807586046840945,0.2797125225699637,0.23147416210528993,1.1363554161956477
residential_14322140100000,TRUE,TRUE,TRUE,2.900206832115778,0.14295580537108954,0.04553699233555378,1.3938571036475822
residential_14322140130000,TRUE,TRUE,TRUE,2.88713181531094,0.15727589110199497,0.05858102348249246,1.3957144569724933
residential_14322150380000,FALSE,TRUE,TRUE,2.806117456060574,0.23246290213665088,0.15088162560744423,1.3149677057728586
residential_14322160060000,FALSE,TRUE,TRUE,2.855678586506116,0.21121551498309066,0.17003949037057695,1.245351125190296
residential_14322160580000,FALSE,TRUE,TRUE,2.861012447762772,0.2002907248849316,0.1565435222807979,1.258887096795712
residential_14322160590000,FALSE,TRUE,TRUE,2.8216488189648867,0.22614536824731055,0.16221306329830426,1.2739375893384548
residential_14322160630000,FALSE,TRUE,TRUE,2.839451802582655,0.21192677471184188,0.1547897864895666,1.2710513930134448
residential_14322210240000,TRUE,TRUE,TRUE,2.777743176150014,0.29618866956526735,0.1583608011131041,1.4562990825763134
residential_14322210270000,FALSE,TRUE,TRUE,2.765133534840358,0.310425624632308,0.14786485842770697,1.4595671123831053
residential_14322220040000,TRUE,TRUE,TRUE,2.799333746375389,0.2543889011551873,0.1534630574283322,1.4120834685511026
residential_14322220070000,FALSE,TRUE,TRUE,2.7855553539769944,0.26974992842883483,0.1619243038190603,1.4152826246078871
residential_14322220160000,FALSE,TRUE,TRUE,2.7398307472814842,0.32092143202131496,0.11725305128319131,1.4270991189068711
residential_14322230240000,FALSE,TRUE,TRUE,2.743096546243579,0.29505613391813873,0.143511829709253,1.3290192581073594
residential_14322240170000,FALSE,TRUE,TRUE,2.689176999244234,0.34872348193773595,0.10701625395008192,1.3045984462099836
residential_14323120210000,TRUE,TRUE,FALSE,2.6539502101725962,0.10745568219930147,0.13903273658890708,2.0907673560347186
residential_14323120300000,TRUE,FALSE,FALSE,2.6479196938875678,0.11467741000092835,0.13222810362302753,2.063919965023267
residential_14324030330000,FALSE,TRUE,TRUE,2.5708651929797064,0.4025300798102114,0.06520095538702302,1.3051206471262442
residential_14324030690000,TRUE,TRUE,TRUE,2.47858437718869,0.40451886965985806,0.024354550372443863,1.3285898443443642
residential_14324120200000,FALSE,TRUE,TRUE,2.379162229123673,0.2974300792572222,0.08586406550314175,1.2497079532072897
residential_14324120220000,FALSE,TRUE,TRUE,2.3709757791719466,0.2959187999707899,0.07800962120530666,1.2518432639289834
residential_14324120310000,FALSE,TRUE,TRUE,2.3371109930499134,0.28325964327207975,0.0591313951571327,1.2510514638175592
residential_14324120500000,FALSE,TRUE,TRUE,2.3719959445585146,0.27181185806465535,0.1047215978990819,1.2223915737340345
residential_14324220190000,TRUE,TRUE,TRUE,2.264287342374804,0.20489985002840677,0.10479915990730732,1.1867797765049097
residential_14324220200000,TRUE,TRUE,TRUE,2.260122022635191,0.20566023360313082,0.10412518486129112,1.188249561774961
residential_14324250240000,TRUE,TRUE,TRUE,2.2253144854255895,0.2846539714363706,0.0672275082011582,1.2673431937591213
residential_14324250390000,TRUE,TRUE,TRUE,2.159353467654838,0.2646861756857818,0.13707287655950343,1.2350522759174156
residential_14324250480000,FALSE,TRUE,TRUE,2.315925906801503,0.30835635337088374,0.016998383509027437,1.284332270308089
residential_14324250490000,FALSE,TRUE,TRUE,2.311463778861665,0.3053126163882322,0.017000696359711437,1.2821178888831888
residential_14324250500000,FALSE,TRUE,TRUE,2.3070015650581173,0.30231324969328194,0.017000830029110136,1.2799187939663188
residential_14333021720000,TRUE,TRUE,TRUE,2.266388427280877,0.05794225485358051,0.1709007307147354,0.9487755323100061
residential_14333030540000,FALSE,TRUE,TRUE,2.200314196607049,0.09739132109940325,0.16627334034454128,0.8883125073992715
residential_14333031630000,FALSE,TRUE,TRUE,2.2415292294806277,0.09500761880468174,0.1473229704940425,0.8918380089893522
residential_14333031650000,FALSE,TRUE,TRUE,2.223521227850739,0.08717415598047572,0.16027676689039347,0.8975377875785997
residential_14333031660000,FALSE,TRUE,TRUE,2.2352513182225957,0.09191879391388397,0.15170098598944645,0.894051055715796
residential_14333031670000,FALSE,TRUE,TRUE,2.2292478429058527,0.08931368708762759,0.15602897802055316,0.8961386984737439
residential_14333130720000,TRUE,TRUE,TRUE,2.183046822762794,0.10177607850649782,0.2157828429217133,1.0758392207626406
residential_14333140210000,TRUE,TRUE,TRUE,2.1428061906691815,0.1065576941788684,0.17571435031971183,1.052972758207058
residential_14333140270000,TRUE,TRUE,TRUE,2.1112403489541274,0.13805487716163137,0.14580060045687737,1.064208706068413
residential_14333140280000,TRUE,TRUE,TRUE,2.1068077623062083,0.14256290534776497,0.14173040845522394,1.0658642018787143
residential_14333170240000,FALSE,TRUE,TRUE,2.163182789864716,0.1721603569504912,0.1551833852231404,0.8216499900175279
residential_14333310300000,TRUE,TRUE,TRUE,2.008231334729625,0.13626436781504128,0.27119925590838545,0.7008056763946626
residential_16012010410000,TRUE,TRUE,FALSE,3.723699350664071,0.17607245524156362,0.11652841416056743,3.495650179757725
residential_16012020400000,TRUE,TRUE,FALSE,3.6570211476289014,0.15568435777343118,0.1726512403641385,3.4406687818629322
residential_16012040300000,TRUE,TRUE,FALSE,3.5727501472081418,0.2554032147312446,0.08435208970318368,3.309186762801499
residential_16012040320000,TRUE,TRUE,FALSE,3.5678502202388667,0.24821113823158705,0.0938401361702865,3.311570038334619
residential_16012040350000,TRUE,TRUE,FALSE,3.560535195901362,0.23772733582733097,0.10807033221337342,3.3151912130939527
residential_16012050160000,TRUE,TRUE,TRUE,3.5339375127665686,0.2705051982328882,0.10062844644123337,3.277391472752421
residential_16012050190000,TRUE,TRUE,TRUE,3.526572508537843,0.26119570243580115,0.11461112418849703,3.2810659851991733
residential_16012070340000,FALSE,TRUE,TRUE,3.3942015667929497,0.2858942460698652,0.1346197031748249,3.1359033760397805
residential_16012070420000,FALSE,TRUE,TRUE,3.4084328555766557,0.2821496038848535,0.11454021196147639,3.1636330190713133
residential_16012080110000,TRUE,TRUE,TRUE,3.7402546087390336,0.12053203631663566,0.025278222334971852,3.617896956819496
residential_16012090280000,FALSE,TRUE,TRUE,3.672480721619376,0.0711808079392879,0.11606993944542604,3.5232901565394132
residential_16012090290000,FALSE,TRUE,TRUE,3.6702743704443783,0.06672217736900188,0.11606207599620424,3.5242898552495716
residential_16012090300000,FALSE,TRUE,TRUE,3.668074631159179,0.062308160911095464,0.11605420522931055,3.525294816369625
residential_16012100420000,FALSE,TRUE,TRUE,3.631451262243615,0.11367265261319,0.18249940460072603,3.448850131021004
residential_16012110040000,FALSE,TRUE,TRUE,3.593974119014935,0.11452249204342922,0.20934932355744895,3.4224965459080123
residential_16012120060000,TRUE,TRUE,TRUE,3.5383139172227023,0.1592409314453598,0.14926601677281837,3.363781705702346
residential_16012120180000,TRUE,TRUE,TRUE,3.510911600209934,0.13922678426302035,0.14203383433999248,3.376425865961728
residential_16012130280000,FALSE,TRUE,TRUE,3.461688922636679,0.2432480937303975,0.07171909665812212,3.27431650023568
residential_16012140150000,TRUE,TRUE,TRUE,3.4063752617970287,0.23107530993332662,0.01516802703198224,3.2496244388933966
residential_16012140310000,TRUE,TRUE,TRUE,3.3996912096290353,0.2354544944429838,0.03552812498145697,3.215844738154557
residential_16012150150000,TRUE,TRUE,TRUE,3.348932175199232,0.18282577244791118,0.02095867956040643,3.189299870821858
residential_16012150170000,TRUE,TRUE,TRUE,3.3441634269420404,0.17551429853037137,0.02108508519996029,3.1915883791971704
residential_16012170540000,TRUE,TRUE,TRUE,3.5222562699441142,0.09957506624733337,0.21424489242067168,3.449846706087149
residential_16012170550000,TRUE,TRUE,TRUE,3.5180218619329233,0.1035052534405139,0.20989856203443844,3.4452688556045015
residential_16012200260000,FALSE,TRUE,TRUE,3.351065201534551,0.17196197772386257,0.05278482637198883,3.2393808490465332
residential_16012200320000,FALSE,TRUE,TRUE,3.3373549502676787,0.16015340312622697,0.08119169054560421,3.2467342493888736
residential_16012200330000,TRUE,TRUE,TRUE,3.3350871431246554,0.15859421715541633,0.0859261970900583,3.247981493586202
residential_16012210040000,TRUE,TRUE,TRUE,3.3145316831265594,0.1357045880063439,0.06573920730542324,3.206682561014465
residential_16012210160000,TRUE,TRUE,TRUE,3.2850824197804878,0.11471625229640368,0.12527397363508633,3.223153477723334
residential_16012220190000,TRUE,TRUE,TRUE,3.6355009513154872,0.11125656895074018,0.07737900526374826,3.5976144240597483
residential_16012260180000,TRUE,TRUE,TRUE,3.398142080108754,0.19665805101089448,0.27678892008995903,3.442397897656791
residential_16012280210000,TRUE,TRUE,FALSE,3.287480130378387,0.11545644555166688,0.1880140074086516,3.2764394474130025
residential_16013030350000,TRUE,TRUE,TRUE,3.6760054680999628,0.1536415770346085,0.09693681261139486,3.818319709581606
residential_16013130430000,TRUE,TRUE,TRUE,3.956441260220713,0.22174899358491196,0.05068381683517321,4.200681174985917
residential_16013130440000,TRUE,TRUE,TRUE,3.9610385042497764,0.22022491918981665,0.05065549939442888,4.2054085243297985
residential_16013130450000,TRUE,TRUE,TRUE,3.9679417864779176,0.2181127094409418,0.05061288116333247,4.212506524551594
residential_16013250410000,TRUE,TRUE,TRUE,3.567686343787808,0.26286119889328197,0.2643783562147538,3.8650095827579385
residential_16013250420000,TRUE,TRUE,FALSE,3.5664733067058885,0.26623850009616135,0.26779531515037663,3.865823637587618
residential_16013250520000,TRUE,TRUE,TRUE,3.5913074014204898,0.3079515915933921,0.26621543387365293,3.9029482162462013
residential_16013250630000,TRUE,TRUE,FALSE,3.5528470767984746,0.2997841491368913,0.3041208739166884,3.8720309818249152
residential_16013250640000,TRUE,TRUE,FALSE,3.55261281987946,0.29472746906919833,0.30094877863525965,3.8695074295905316
residential_16013250650000,TRUE,TRUE,FALSE,3.5537494685593503,0.2910542894494792,0.2973326436601893,3.8686228007403116
residential_16013250660000,TRUE,TRUE,FALSE,3.5549159201035847,0.2874234766809858,0.29372832847789143,3.8677690506668347
residential_16013250670000,TRUE,TRUE,FALSE,3.55608774996504,0.28381897115198407,0.29015047322320964,3.8669203995951937
residential_16013250680000,TRUE,TRUE,FALSE,3.5572655750671407,0.2802288252417889,0.2865911036646876,3.866071170987436
residential_16013260520000,TRUE,TRUE,FALSE,3.5221773475170535,0.2736547049442667,0.31867841981588974,3.8369391110673403
residential_16013260530000,TRUE,TRUE,TRUE,3.517605695566158,0.27126987063917796,0.32187158510956165,3.832308418850214
residential_16014000270000,TRUE,TRUE,TRUE,3.5798826195917943,0.04159156438696941,0.06882555064055662,3.6909388193578976
residential_16014000370000,TRUE,TRUE,TRUE,3.535894620910025,0.0577268314205619,0.1055105928419791,3.6458973113449225
residential_16014000380000,TRUE,TRUE,TRUE,3.5315016099940957,0.061150052069141404,0.1096189515867504,3.641397198816525
residential_16014020330000,TRUE,TRUE,TRUE,3.341257636023204,0.14632900357719678,0.30538893769762576,3.439207414445606
residential_16014020490000,FALSE,TRUE,TRUE,3.2737590572372226,0.10522829144444065,0.31992047333403195,3.3659706011534762
residential_16014040420000,TRUE,TRUE,TRUE,3.4955034813002674,0.11847466721641124,0.15897286838763994,3.633898297549594
residential_16014040520000,TRUE,TRUE,TRUE,3.531534146859787,0.08252179754567952,0.12051427340589391,3.6597433309894933
residential_16014040530000,TRUE,TRUE,TRUE,3.5249091092846228,0.08547310719266257,0.12547525590584824,3.6526644943251925
residential_16014050010000,TRUE,TRUE,TRUE,3.4757818824576803,0.11896198785468332,0.16711705911866662,3.6001166572393677
residential_16014060110000,TRUE,TRUE,TRUE,3.3158102599436545,0.11165564443635233,0.3265087741120908,3.428200738064189
residential_16014060390000,TRUE,TRUE,TRUE,3.293119730690835,0.08239430897147733,0.29785830557736687,3.4172536125720145
residential_16014070220000,TRUE,TRUE,TRUE,3.230561248319286,0.09086916746353849,0.2646874574881678,3.3452151531048546
residential_16014070240000,TRUE,TRUE,TRUE,3.225089401764469,0.08108564051113398,0.25412913725034675,3.3453983538124756
residential_16014070290000,TRUE,TRUE,TRUE,3.2047574425175682,0.09639949653960789,0.24647625152781744,3.3218998788400307
residential_16014070410000,TRUE,TRUE,FALSE,3.1547334426246807,0.09043996462363797,0.23030962769571345,3.267743644145397
residential_16014080060000,TRUE,TRUE,TRUE,3.5567345543288424,0.11560062099438873,0.16707034731944786,3.723631213832152
residential_16014080190000,TRUE,TRUE,TRUE,3.5103856953767436,0.10460610816266305,0.17034913969924925,3.6670852434848644
residential_16014080290000,TRUE,TRUE,TRUE,3.536707935645124,0.09604957746073314,0.18144621539375602,3.70774114897016
residential_16014090290000,TRUE,TRUE,TRUE,3.426354022529482,0.09563631013845157,0.23888249828686225,3.591087204036756
residential_16014090430000,TRUE,TRUE,TRUE,3.3634577761290383,0.13608964513536687,0.28848358662236145,3.5244155509633313
residential_16014110170000,FALSE,TRUE,TRUE,3.1487826867760655,0.11354504850906282,0.19758855690789875,3.280830705996549
residential_16014110300000,TRUE,TRUE,TRUE,3.1593535010172515,0.08498028038411991,0.18021906576109564,3.3066377557360433
residential_16014130040000,TRUE,TRUE,TRUE,3.4136873217156714,0.07072158003643456,0.26683798641301965,3.5955295208407225
residential_16014130440000,TRUE,TRUE,TRUE,3.3313183556769603,0.12002770060253058,0.30171315224740797,3.5109830464415457
residential_16014150180000,TRUE,TRUE,TRUE,3.11603967398956,0.11850729243350198,0.1347611174778469,3.279924925749839
residential_16014180380000,TRUE,TRUE,TRUE,3.3967532134448035,0.0675502193918615,0.33635285944535026,3.62152067156549
residential_16014180390000,TRUE,TRUE,TRUE,3.3967559656085005,0.06754850863710238,0.3363519289271571,3.621523764930439
residential_16014180400000,TRUE,TRUE,TRUE,3.3922276647271685,0.0708495358894365,0.33848933106352264,3.616809027124215
residential_16014190040000,TRUE,TRUE,TRUE,3.2731555824783016,0.11523457669433311,0.24359548304670445,3.479206252503042
residential_16014220130000,TRUE,TRUE,TRUE,3.2099013890817014,0.1275221511454378,0.18978755423373073,3.4451098427926725
residential_16014260200000,FALSE,TRUE,TRUE,3.2662466453046206,0.1614945387411485,0.2351262406919612,3.5349930988556935
residential_16014270320000,FALSE,TRUE,TRUE,3.3049254517304036,0.22835928804409406,0.16851278792712862,3.617443702981447
residential_16014280110000,TRUE,TRUE,TRUE,3.226098660172456,0.12961398645298725,0.18613761295884498,3.5174346051803784
residential_16021120040000,TRUE,TRUE,TRUE,4.927298173113532,0.3253428779060005,0.13767160528381908,4.836015885959622
residential_16021120200000,TRUE,TRUE,TRUE,4.900601059555527,0.26286703432363157,0.15157096816770382,4.8524387615701015
residential_16021130220000,TRUE,TRUE,TRUE,4.837094832912815,0.21673132098805387,0.09737108015903345,4.794607247851032
residential_16021180290000,FALSE,TRUE,TRUE,4.903120368690227,0.22945992703965865,0.22153699125816725,4.909251694613808
residential_16023080230000,TRUE,TRUE,TRUE,4.597047213695469,0.191568242699304,0.11005519556475508,4.763096658355667
residential_16023280080000,TRUE,TRUE,TRUE,4.765481237891213,0.05391071707880296,0.2991581521688808,5.07257849547922
residential_16024080430000,FALSE,TRUE,TRUE,4.28368447807037,0.20774327964731495,0.19611190162005465,4.433360776899415
residential_16024080450000,FALSE,TRUE,TRUE,4.276426056874787,0.20924566473453024,0.1977506194126028,4.439452539252796
residential_16024080460000,FALSE,TRUE,TRUE,4.2749891020652555,0.20986675461800083,0.19841570674167852,4.440686006648198
residential_16024080470000,FALSE,TRUE,TRUE,4.273555252900712,0.21059103301947843,0.1991929893353517,4.4419226403582135
residential_16024080480000,FALSE,TRUE,TRUE,4.272126858856154,0.21141865503360655,0.20007903893051945,4.44316341897087
residential_16024080490000,FALSE,TRUE,TRUE,4.270705629985111,0.21235175526753014,0.20107022241447797,4.444411973735509
residential_16024080650000,FALSE,TRUE,TRUE,4.280040581876045,0.20815937971237855,0.1965763730576869,4.436392068693265
residential_16024080660000,FALSE,TRUE,TRUE,4.280767587607238,0.20802291004768325,0.19642583321292162,4.435784034340358
residential_16024140390000,TRUE,TRUE,TRUE,4.096931111101935,0.12693923029744458,0.05824593208099108,4.308213311859794
residential_16024140400000,TRUE,TRUE,TRUE,4.102377655736931,0.12917070188803664,0.0639290039711129,4.3138625251815
residential_16024230010000,TRUE,TRUE,TRUE,4.25400869280526,0.2842655657324692,0.18289922983705661,4.492016646573198
residential_16032020280000,TRUE,TRUE,TRUE,5.57483256966098,0.14146082026930687,0.21331330577765523,5.4781508698946375
residential_16032090330000,TRUE,TRUE,TRUE,5.266943580786126,0.17084459227462956,0.11784610502194161,5.171973824304257
residential_16032090340000,TRUE,TRUE,TRUE,5.268558468583844,0.17467798005188453,0.12138039628232056,5.171065724798541
residential_16032220090000,TRUE,TRUE,TRUE,5.327651135717115,0.018875287925599858,0.022119855655115195,5.315721417878195
residential_16032220100000,FALSE,TRUE,TRUE,5.323144488572284,0.015654217952007377,0.022131865140267847,5.311101895530953
residential_16032260140000,TRUE,TRUE,TRUE,5.2893929812986915,0.07557612441382792,0.08496510038120438,5.310001190011013
residential_16044230270000,TRUE,TRUE,FALSE,6.420000005553964,0.03543079950430607,0.1882037971678649,6.721386829099381
residential_16044270400000,FALSE,TRUE,TRUE,6.103156317545014,0.14404289338010504,0.35999393561667425,6.398860209298871
residential_16052070160000,TRUE,TRUE,FALSE,7.177839002727929,0.07126296918118818,0.3040821981370419,7.136960746511399
residential_16082060140000,TRUE,TRUE,FALSE,7.036650267835334,0.2464270588305658,0.34772477185912665,7.357434326460069
residential_16082060340000,TRUE,TRUE,FALSE,7.026471690055908,0.19914964200662483,0.27558863502389813,7.373544275714594
residential_16091040170000,TRUE,TRUE,TRUE,6.613996218510377,0.03470989451597758,0.20846759707939663,6.9710058568574675
residential_16091070330000,TRUE,TRUE,FALSE,6.904960744166934,0.17067492750158464,0.16280842853262115,7.293597983077259
residential_16091070340000,TRUE,TRUE,FALSE,6.904453916591969,0.16853648588059084,0.15813720362959158,7.294719583034858
residential_16091070350000,TRUE,TRUE,FALSE,6.903949529309347,0.16650765857961777,0.15347182414981678,7.295843346601306
residential_16091070360000,TRUE,TRUE,FALSE,6.903447258942577,0.1645927889712153,0.1488128842397016,7.296968966348993
residential_16091130010000,TRUE,TRUE,TRUE,6.482348672078254,0.16343382415507757,0.07807779375452821,6.853731746718037
residential_16091200210000,FALSE,TRUE,TRUE,6.4981519357007045,0.32630299788702316,0.09008087147805204,6.936050477850316
residential_16092010330000,TRUE,TRUE,FALSE,6.341480778863175,0.11301496667222931,0.09038430556321532,6.685514849319193
residential_16092020190000,TRUE,TRUE,FALSE,6.231029457098154,0.16229847121828364,0.19866488715984199,6.56395609840844
residential_16092270190000,FALSE,TRUE,TRUE,6.17654113901787,0.24049859804549462,0.020961191842849565,6.621753462691147
residential_16111020180000,TRUE,TRUE,TRUE,4.778599783700759,0.1729706703313118,0.1979169275120619,5.124057669158958
residential_16111290430000,FALSE,TRUE,TRUE,4.656249578041242,0.3422429235197906,0.041849093450143066,5.14978400049437
residential_16111290440000,FALSE,TRUE,TRUE,4.655837698117237,0.34011674665271713,0.03804414734532204,5.15088746452054
residential_16111290450000,FALSE,TRUE,TRUE,4.655428626985914,0.33803822776692877,0.03444113785093764,5.151994060453966
residential_16111310070000,TRUE,TRUE,TRUE,4.564082200973109,0.25566273384508925,0.11218852783970243,5.034441552407189
residential_16111310140000,TRUE,TRUE,TRUE,4.560550068468258,0.2863151359353777,0.0786208872028203,5.042157232183493
residential_16111310250000,TRUE,TRUE,TRUE,4.555495083556593,0.2518623068509446,0.02587171620598165,5.054667030133584
residential_16111320450000,TRUE,TRUE,TRUE,4.473383778310341,0.24892073269139972,0.09867452808393369,4.950336737721873
residential_16111320460000,TRUE,TRUE,TRUE,4.4728760662363785,0.2447045224733379,0.09393034669996046,4.951447909100369
residential_16112260210000,TRUE,TRUE,TRUE,4.219909160770339,0.23638409011216185,0.07612864140918003,4.713100222671195
residential_16112260300000,TRUE,TRUE,TRUE,4.2154766631228275,0.2027962037107141,0.03634409701799588,4.723483450594864
residential_16113040280000,TRUE,TRUE,TRUE,4.648826339758269,0.3082367350655389,0.027814314135559348,5.195474666371124
residential_16113040410000,TRUE,TRUE,TRUE,4.6473922362405355,0.310641922230788,0.027729860951114942,5.202201297508981
residential_16121060360000,FALSE,TRUE,TRUE,3.864227849740802,0.12728643862915642,0.051982762464501966,4.311318796870883
residential_16121070260000,FALSE,TRUE,TRUE,3.828940664841658,0.10168440027589466,0.05601161212275253,4.292929855088741
residential_16121090030000,TRUE,TRUE,TRUE,3.854045976092932,0.035988227443407385,0.1402531330243976,4.34585032725249
residential_16121090050000,TRUE,TRUE,TRUE,3.842399776805527,0.02862156051559687,0.13593961491450351,4.334481518981719
residential_16122020240000,FALSE,TRUE,TRUE,3.201158186272207,0.17533077828254112,0.0809677263411155,3.5440813872726618
residential_16122020370000,TRUE,TRUE,TRUE,3.135229645169376,0.13115823798155887,0.08068186710895915,3.4776750391858218
residential_16122020580000,TRUE,TRUE,TRUE,3.1337127572310886,0.10398247483711992,0.1068043700432341,3.462925215607601
residential_16122030330000,TRUE,TRUE,FALSE,3.0251965091117983,0.12407650648038879,0.10885944233751707,3.36677061299126
residential_16122030380000,FALSE,TRUE,TRUE,3.003278201734356,0.13474278110295218,0.12495505374640768,3.3446670839279546
residential_16122050310000,TRUE,TRUE,TRUE,3.2805242312505434,0.290176698320006,0.0904587481631767,3.653439715068881
residential_16122060070000,TRUE,TRUE,TRUE,3.1653448628866347,0.1832186278339728,0.044915968462857864,3.525658965744494
residential_16122060380000,FALSE,TRUE,TRUE,3.1102080894199498,0.18448494492845638,0.018387905843602677,3.483405240112722
residential_16122070200000,FALSE,TRUE,TRUE,3.066780402547963,0.1763025096108505,0.023109586018222668,3.439971568070816
residential_16122070360000,TRUE,TRUE,FALSE,2.9952203588323756,0.1870493439207591,0.08741416130274536,3.368309328992349
residential_16122090230000,TRUE,TRUE,TRUE,3.282887743701763,0.3340506092808705,0.10202880939444359,3.6797288579484904
residential_16122100020000,TRUE,TRUE,TRUE,3.223600204379333,0.276330544027661,0.03708960514997984,3.612604345358332
residential_16122100030000,TRUE,TRUE,TRUE,3.2191716790408718,0.27339041376233536,0.032544293798552365,3.6081985899203186
residential_16122100200000,TRUE,TRUE,TRUE,3.1975921226113315,0.2799363366726635,0.015484520674169076,3.596707254156231
residential_16122100230000,TRUE,TRUE,TRUE,3.194346692970793,0.29168515381862276,0.015474620824221559,3.600059920904706
residential_16122130070000,TRUE,TRUE,FALSE,3.0302272873049807,0.21264191308435546,0.03888944941542107,3.420993674799087
residential_16122130170000,TRUE,TRUE,FALSE,2.9860239025276005,0.22122904982700603,0.08440391067121307,3.376844295555588
residential_16122130190000,TRUE,TRUE,FALSE,2.977144972931601,0.22403510404743418,0.09354729691884839,3.367971284161023
residential_16122130410000,FALSE,TRUE,TRUE,2.975068930426171,0.239530543460371,0.0885291875447894,3.378748384422874
residential_16122140110000,FALSE,TRUE,TRUE,2.9753906553760676,0.23781225340408163,0.07977565194256045,3.3961351671314555
residential_16122140210000,FALSE,TRUE,FALSE,2.9649265845858563,0.22903426015515108,0.08380683169146476,3.3980580786936025
residential_16122140530000,TRUE,TRUE,TRUE,3.0131220036135544,0.2781698700204511,0.034541187087392886,3.445894182108879
residential_16122140540000,FALSE,TRUE,TRUE,3.0097207334960556,0.27470112916002903,0.03801645768942585,3.442519462736071
residential_16122140550000,FALSE,TRUE,TRUE,3.005510386929756,0.2704073994549262,0.042318695375687033,3.4383416463470735
residential_16122140560000,TRUE,TRUE,TRUE,3.0325592529715455,0.2979944507220001,0.014684558327652012,3.4651763150522625
residential_16122140570000,TRUE,TRUE,TRUE,3.028856542590486,0.2942176282641224,0.018466863406301503,3.4615031358463346
residential_16122140580000,TRUE,TRUE,TRUE,3.0238587494950817,0.2891202716591546,0.023572026295022686,3.456546018463128
residential_16122140590000,TRUE,TRUE,TRUE,3.018861469093744,0.28402344192457935,0.02867724664572524,3.451588498671379
residential_16122180100000,FALSE,TRUE,TRUE,2.9508169713927765,0.23276981445375972,0.08659531607305662,3.415175156693307
residential_16122180350000,TRUE,TRUE,TRUE,2.948914430041519,0.2347977399107996,0.08845068326389335,3.4174359002948216
residential_16122180590000,FALSE,TRUE,TRUE,2.9522632965379882,0.2314957225563788,0.08587436029966786,3.4134839723851718
residential_16123060520000,TRUE,TRUE,TRUE,3.543632413731938,0.0876016911296372,0.20840776268212108,4.110184034237474
residential_16123080090000,TRUE,TRUE,FALSE,3.821988863712884,0.06026942128939997,0.03473396164237176,4.39426361242426
residential_16123100040000,TRUE,TRUE,TRUE,3.595748251852563,0.09008038469126861,0.15068274941230797,4.176449409763104
residential_16123100510000,TRUE,TRUE,TRUE,3.539699884160029,0.11777737595227414,0.20678292490107203,4.122853903979153
residential_16123100520000,TRUE,TRUE,TRUE,3.5487682914712186,0.11195360680667632,0.19769679729603873,4.1315637216250245
residential_16123200350000,TRUE,TRUE,TRUE,3.679439909962409,0.17914938491168478,0.19658329019647566,4.3226947339711845
residential_16123200360000,FALSE,TRUE,TRUE,3.6487701136838226,0.14708391044775376,0.2302175674262355,4.30160903627944
residential_16123230160000,FALSE,TRUE,TRUE,3.3736367722887617,0.13848312594528242,0.3989804274337156,4.023974971092126
residential_16123240060000,TRUE,TRUE,TRUE,3.8161718203767268,0.19726323729121958,0.23864887894052744,4.468050480799573
residential_16123240120000,TRUE,TRUE,TRUE,3.7839036281361436,0.20341387051389437,0.23522710354537799,4.437229312440344
residential_16123240430000,FALSE,TRUE,TRUE,3.8486534938814945,0.1954490628747409,0.24552983605109488,4.498829611390996
residential_16123240440000,FALSE,TRUE,TRUE,3.853389290831512,0.19563520952939223,0.24687527895792352,4.503319500652359
residential_16123250060000,FALSE,TRUE,TRUE,3.694914350655631,0.19485930381893468,0.24005220857061194,4.353112485421071
residential_16123250120000,FALSE,TRUE,TRUE,3.662522102398543,0.16281841625354807,0.24831382396638976,4.32253930893798
residential_16123250490000,FALSE,TRUE,TRUE,3.700438169048579,0.20033466422858756,0.23905253162473844,4.358329098366818
residential_16123250500000,FALSE,TRUE,TRUE,3.702803944570981,0.20268049178070344,0.23866220024201973,4.360563529566732
residential_16124230710000,FALSE,TRUE,TRUE,3.0490155667562724,0.26922578668132624,0.2635439268325896,3.748245185180688
residential_16131140430000,FALSE,TRUE,TRUE,3.711162664320788,0.1286350114844328,0.12200580390639251,4.4741145036002825
residential_16131150610000,FALSE,TRUE,TRUE,3.641723737559016,0.14124021937624548,0.13986227228064926,4.404863201927439
residential_16131230260000,FALSE,TRUE,TRUE,3.4936575398313536,0.11584624023444952,0.1780920202683821,4.305869662285867
residential_16131240060000,FALSE,TRUE,TRUE,3.4040433257572293,0.11555431900059936,0.22250909493157947,4.204422713791769
residential_16131320500000,TRUE,TRUE,TRUE,3.5162845105885006,0.20736163645735062,0.1879399041152843,4.334493334485499
residential_16131320510000,TRUE,TRUE,TRUE,3.5125742781727993,0.2109269840030642,0.19154765599558124,4.330655089715267
residential_16131320520000,TRUE,TRUE,TRUE,3.5096928879141815,0.21373482564513044,0.1941932252361072,4.3277514733047076
residential_16131320530000,TRUE,TRUE,TRUE,3.506811652880099,0.21654554407815227,0.19684656983186058,4.32484793070464
residential_16131320540000,TRUE,TRUE,TRUE,3.503930515380969,0.21935910107670303,0.19950733292704562,4.3219444508200295
residential_16131320550000,TRUE,TRUE,TRUE,3.5010494197392656,0.2202175538235734,0.20217528650377628,4.3190409702146715
residential_16131320560000,TRUE,TRUE,TRUE,3.498049761177653,0.22064884561840364,0.20496042845484083,4.316017951801409
residential_16132120160000,FALSE,TRUE,TRUE,3.2802701522174975,0.2215257640956935,0.1751380974044974,4.070885230491878
residential_16132120420000,TRUE,TRUE,FALSE,3.266263869974135,0.23847890172643965,0.15821339919081018,4.067051936519691
residential_16132140680000,TRUE,TRUE,TRUE,3.036244046655152,0.10623587425717863,0.021577296366891284,3.855089186798946
residential_16132140720000,FALSE,TRUE,TRUE,3.035762476140363,0.09342128612460335,0.022966975063523184,3.847458010392184
residential_16132170130000,TRUE,TRUE,TRUE,3.185427783878943,0.24968170009603116,0.0760153161475664,4.005315389324938
residential_16132170170000,TRUE,TRUE,TRUE,3.1712980678122826,0.23749871475663378,0.06246450621531883,3.9925949945557706
residential_16132170240000,TRUE,TRUE,TRUE,3.2380928409754635,0.2824661804576061,0.13095142264373721,4.060625974988307
residential_16132170250000,TRUE,TRUE,TRUE,3.23869647374856,0.28370028954755,0.13262556909241366,4.0627344369666
residential_16132190550000,TRUE,TRUE,TRUE,3.048772059343923,0.15618598514254628,0.07828230125089038,3.898566585713129
residential_16132190560000,TRUE,TRUE,TRUE,3.047627130797447,0.16270959087249254,0.07080457254205896,3.8974438624263428
residential_16132190580000,TRUE,TRUE,TRUE,3.0458010453807054,0.17348586458702728,0.05854558488287759,3.8912861194526966
residential_16132190590000,TRUE,TRUE,TRUE,3.045036434577632,0.1683604272239895,0.05342843875783989,3.8886609008178348
residential_16132190630000,TRUE,TRUE,TRUE,3.0420804311486194,0.14822863632298547,0.03447652670598343,3.878224116292307
residential_16132190640000,TRUE,TRUE,TRUE,3.0410350224987432,0.14101021057142216,0.028749428380610044,3.8744129311771
residential_16132210010000,TRUE,FALSE,FALSE,2.947797287998385,0.12844597872324603,0.1189622298231319,3.792720597057175
residential_16132320040000,TRUE,FALSE,FALSE,3.0983554458643465,0.11945635007375158,0.07210685224881432,3.9113434287023763
residential_16132320070000,TRUE,FALSE,FALSE,3.0849338675721456,0.10580544493307795,0.085771256019373,3.8977725168158757
residential_16132320080000,TRUE,FALSE,FALSE,3.080476244057201,0.10127456426520592,0.09030805296668262,3.8932682261598583
residential_16132320260000,TRUE,TRUE,TRUE,3.0907720572892954,0.11042495071364336,0.088743473610652,3.8893071924861
residential_16132320350000,TRUE,FALSE,FALSE,3.116255942092515,0.13766494989578093,0.0538847875631881,3.9294425467558685
residential_16132320360000,TRUE,FALSE,FALSE,3.109541431723397,0.13083497388545207,0.06071938035769223,3.922653996204947
residential_16132330100000,TRUE,TRUE,TRUE,3.0719896944734435,0.09231139668124014,0.10743137688371363,3.871003957793109
residential_16132340180000,FALSE,TRUE,TRUE,2.965931421303258,0.01648074184535583,0.11519682587806611,3.775948630269956
residential_16132350180000,TRUE,TRUE,TRUE,3.332777761497436,0.30513267026947855,0.05631081000022991,4.146443380106755
residential_16133030400000,FALSE,TRUE,TRUE,3.446725503095441,0.2274162384561697,0.13882284832420516,4.233574539340986
residential_16133040230000,TRUE,TRUE,TRUE,3.812779641376873,0.11571090766759104,0.16651371152268657,4.595690113950659
residential_16133040430000,FALSE,TRUE,TRUE,3.9129903313490813,0.19925401954134264,0.06822842346402426,4.696631204015807
residential_16133040440000,FALSE,TRUE,TRUE,3.913588283554139,0.20080077116692985,0.06956123585333747,4.696361450336852
residential_16133040450000,FALSE,TRUE,TRUE,3.914189172585894,0.20239598516211302,0.0710393495786897,4.696092795692735
residential_16133040480000,TRUE,TRUE,TRUE,3.899223416891434,0.18700296673769728,0.08167484074300659,4.682548679777293
residential_16133040490000,TRUE,TRUE,TRUE,3.8998238011199846,0.18866020491590899,0.08281508100564634,4.682278602601144
residential_16133040500000,TRUE,TRUE,TRUE,3.900420405797394,0.19034817488659173,0.08406946660757793,4.68201241551646
residential_16133050370000,TRUE,TRUE,TRUE,3.7301706723271293,0.1145731862263366,0.22589192906411654,4.504575147877387
residential_16133070550000,FALSE,TRUE,TRUE,3.4585612187090176,0.20168471235241991,0.11463745117413734,4.235278614269497
residential_16133080370000,TRUE,TRUE,TRUE,3.865958379943736,0.1354621177714735,0.17012461411568153,4.626335693416363
residential_16133080460000,TRUE,TRUE,TRUE,3.824470781072867,0.10283516688604072,0.2042217120808214,4.583948367845539
residential_16133120250000,TRUE,TRUE,TRUE,3.8364126403404146,0.08411168822228725,0.22267259175389603,4.586517500715482
residential_16133120260000,TRUE,TRUE,TRUE,3.8319530515513387,0.08006657394166472,0.22615006464659945,4.5819425104308875
residential_16133120590000,TRUE,TRUE,TRUE,3.9103300603358315,0.15531388442267036,0.17305636341027197,4.662211517719367
residential_16133150170000,TRUE,TRUE,TRUE,3.5007233793864323,0.15309695131469161,0.0473800242451269,4.241969517800769
residential_16133150180000,FALSE,TRUE,TRUE,3.4963106189541393,0.15762886935426926,0.047382867945601696,4.237427828801401
residential_16133150190000,FALSE,TRUE,TRUE,3.4918982017779476,0.16216160724944728,0.04738450124752751,4.232886150276798
residential_16133150200000,FALSE,TRUE,TRUE,3.4874879564682866,0.1666932069533336,0.04738617540499703,4.228346375511531
residential_16133150550000,FALSE,TRUE,TRUE,3.551327516034883,0.10124595691877301,0.061699366101047044,4.294027288268624
residential_16133150560000,FALSE,TRUE,TRUE,3.5447265726508013,0.10799266026974126,0.05758234912461854,4.28723923759718
residential_16133150570000,FALSE,TRUE,TRUE,3.5414621975566916,0.1113314638719807,0.055740604961149944,4.283882152260585
residential_16133240440000,TRUE,TRUE,TRUE,3.966646018016548,0.10460608410619107,0.1282866098190302,4.659272699468432
residential_16133240450000,TRUE,TRUE,TRUE,3.9630189050212095,0.1075549446155625,0.12543480502075705,4.655532714088046
residential_16133240460000,TRUE,TRUE,TRUE,3.9594162559283625,0.11046252321756433,0.12249582202061346,4.651767727584562
residential_16133240470000,TRUE,TRUE,TRUE,3.9557370332371296,0.11354247600240051,0.11968070827365299,4.647966994159169
residential_16133240480000,TRUE,TRUE,TRUE,3.9520955845470276,0.116608326782104,0.11688617503673797,4.644185206493823
residential_16133240490000,TRUE,TRUE,TRUE,3.9468498074565677,0.12110830676913675,0.11299056207944404,4.638747081911676
residential_16133250240000,TRUE,TRUE,TRUE,3.889595807416071,0.17687181907959743,0.10024673070941463,4.5842331995295895
residential_16133250490000,TRUE,TRUE,TRUE,3.9216472008304897,0.1423807524782144,0.09006415254364229,4.610792065381933
residential_16133260500000,TRUE,TRUE,TRUE,3.8289130121421837,0.16710103017673106,0.09647076639392893,4.5211799898251455
residential_16133260510000,TRUE,TRUE,TRUE,3.830171704984033,0.171816856694251,0.09173371471606674,4.5211143557084545
residential_16133270450000,TRUE,TRUE,TRUE,3.792816355777584,0.16318130077359172,0.10110501409444925,4.485020701493532
residential_16134060150000,TRUE,TRUE,TRUE,3.1032639823528934,0.1654380259717355,0.12908206472349146,3.8721455883932756
residential_16134060620000,TRUE,TRUE,TRUE,3.0986577734255074,0.16279107617416605,0.13267743615347857,3.867425727561978
residential_16134080150000,TRUE,TRUE,TRUE,3.383039773894908,0.26331853443015685,0.014405631151534037,4.139638949120356
residential_16134080170000,TRUE,TRUE,TRUE,3.373815624128592,0.2726312368377037,0.016045746330501487,4.130173686391561
residential_16134080180000,TRUE,TRUE,TRUE,3.369201135600686,0.2772950754891094,0.018631700639288012,4.125437087410935
residential_16134080190000,TRUE,TRUE,TRUE,3.364587417499179,0.2819608663458952,0.02195380403730578,4.120702828623137
residential_16134200150000,TRUE,TRUE,TRUE,3.0318315607200934,0.21320278947558743,0.21986600562353462,3.735270316127081
residential_16134270130000,TRUE,TRUE,FALSE,3.1120348124682504,0.35958491209965066,0.40376581037919596,3.752100109748426
residential_16134270200000,TRUE,TRUE,FALSE,3.0879947190602413,0.34080627499366273,0.38604845451020303,3.7263954070936025
residential_16141090340000,FALSE,TRUE,TRUE,4.65757436771953,0.24875006289629517,0.02297082323857288,5.378153162380897
residential_16141120400000,TRUE,TRUE,TRUE,4.777761736634013,0.2703284451792766,0.14163538115622962,5.514445409320774
residential_16141120410000,TRUE,TRUE,TRUE,4.7824697907055835,0.26912594935650797,0.1462535254995031,5.5188851904277625
residential_16141130450000,FALSE,TRUE,TRUE,4.715997082056264,0.31803389441824,0.08317318412040087,5.462833106628487
residential_16144070150000,FALSE,TRUE,TRUE,3.9725215385718124,0.25414686255312713,0.021064081876401155,4.757885036946896
residential_16151110270000,TRUE,TRUE,TRUE,5.480876796520645,0.08672489785209798,0.18446098822798815,6.132197034667667
residential_16151140210000,TRUE,TRUE,TRUE,5.5815728595003264,0.20149136781204396,0.07072359660120933,6.242740706445372
residential_16151140220000,TRUE,TRUE,TRUE,5.576869089370353,0.19740750582944305,0.07521553465027249,6.238218197017842
residential_16152160380000,TRUE,TRUE,TRUE,5.3005760669906765,0.19682537567177558,0.3529805387770865,5.987469951037108
residential_16152190300000,TRUE,TRUE,TRUE,4.960386849387992,0.20294270210254733,0.30960525004560036,5.663267086863799
residential_16152200170000,TRUE,TRUE,TRUE,5.298535288774728,0.23010935192447113,0.3585023230767539,5.993766649736949
residential_16152210400000,TRUE,TRUE,TRUE,5.160766346557342,0.3417171633920608,0.41975830861675184,5.868636222378699
residential_16152220080000,TRUE,TRUE,TRUE,5.0940810911287375,0.32162850591567904,0.3827403121991307,5.798992217254166
residential_16161020240000,TRUE,TRUE,TRUE,6.432541366193351,0.4420223264781071,0.15287182097485752,7.02742770142959
residential_16161040100000,TRUE,TRUE,FALSE,6.67635872989991,0.30319939586395406,0.23765162111038748,7.27176508362111
residential_16161050020000,TRUE,TRUE,FALSE,6.508280845635591,0.4243520868772526,0.20769400756166562,7.108640674959173
residential_16162000100000,TRUE,TRUE,TRUE,6.335664867258418,0.4049189888629786,0.08947201142787757,6.933367880145654
residential_16162080520000,TRUE,TRUE,TRUE,5.929100659682278,0.24840581245947116,0.24045715245130647,6.5652566229803835
residential_16162080530000,TRUE,TRUE,TRUE,5.923780845808093,0.24454221993527187,0.23574195073160412,6.560110859835044
residential_16162080550000,TRUE,TRUE,TRUE,5.934419418901335,0.2523220742214832,0.24519629455219785,6.570401700799228
residential_16233270440000,TRUE,TRUE,FALSE,4.82928974728737,0.15146882907970985,0.14061994862896476,5.2989741840152575
residential_16234150590000,TRUE,TRUE,FALSE,4.799408720233161,0.09613242801691042,0.14559351171427062,5.247048664761867
residential_16242060690000,TRUE,TRUE,TRUE,3.571613687328906,0.22521563001145625,0.05288186356590475,4.1478627385724645
residential_16242070270000,TRUE,TRUE,TRUE,3.5253625463717713,0.19493903816003588,0.08813941953032697,4.110552850211465
residential_16243090520000,TRUE,TRUE,FALSE,4.125790787997355,0.27002143797595246,0.0792341861514576,4.551878524348071
residential_16244000330000,TRUE,TRUE,TRUE,3.7163294614932374,0.18211643147252363,0.05014026033511764,4.186133238555873
residential_16244010280000,TRUE,TRUE,TRUE,3.6561348685438966,0.14041027018037588,0.11301624675665009,4.122569555964823
residential_16244220050000,TRUE,TRUE,TRUE,3.8496297875417724,0.12005238468674133,0.18050233117407663,4.212337310623948
residential_16251030420000,TRUE,TRUE,TRUE,4.252121278268244,0.18578946786530515,0.3523622908619247,4.601125053111969
residential_16252180520000,TRUE,TRUE,TRUE,3.9852240897602846,0.1809986481831679,0.10308817783200669,4.174029481269687
residential_16252180530000,TRUE,TRUE,TRUE,3.9891198155753536,0.17969567292444646,0.10288225908025199,4.17892662052942
residential_16261070190000,TRUE,TRUE,FALSE,4.902583474784798,0.14453352072976547,0.047038803642563874,5.332264306360039
residential_16262000140000,TRUE,TRUE,FALSE,4.873487360206711,0.15108368288567584,0.08389182144550132,5.2980416046006065
residential_16262070200000,TRUE,TRUE,TRUE,4.485315178927412,0.05241414109379712,0.2395322390546566,4.868915713827215
residential_16264220270000,FALSE,TRUE,TRUE,4.8890272153269745,0.07797307396652836,0.17658385965515666,5.014482044664291
residential_16271020070000,TRUE,TRUE,FALSE,5.830854438430479,0.4026793949463677,0.6986544983342566,6.33751424706614
residential_16354070580000,TRUE,TRUE,TRUE,5.887094891253208,0.07047426565483154,0.8278753129557243,5.53489860171212
residential_16354070590000,TRUE,TRUE,TRUE,5.890630088134416,0.07178582946908454,0.8299542765631577,5.536173058791313
residential_16354070600000,TRUE,TRUE,TRUE,5.893512369024397,0.0730499562198642,0.8316292266491258,5.53715886686718
residential_16354070610000,TRUE,TRUE,TRUE,5.8963882015858875,0.07452131669076006,0.8333134310175468,5.538139230512913
residential_16354070620000,TRUE,TRUE,TRUE,5.899486267051412,0.07633732278215112,0.8351518578171597,5.539206107628913
residential_16354070630000,TRUE,TRUE,TRUE,5.895364191293408,0.08124567146155304,0.838094707214534,5.545600000072449
residential_16354070640000,TRUE,TRUE,TRUE,5.898638649587244,0.08240875144586149,0.8400557289159127,5.546856895697819
residential_16354070650000,TRUE,TRUE,TRUE,5.901517471739116,0.08351566211518799,0.8417129656151627,5.547843987972049
residential_16354070660000,TRUE,TRUE,TRUE,5.9043892665342765,0.08480631695209995,0.8433780921128852,5.548824179693293
residential_16354070670000,TRUE,TRUE,TRUE,5.90748511471003,0.08640896927824837,0.8451967099700742,5.549890979115597
residential_16354070680000,TRUE,TRUE,TRUE,5.905310038183021,0.09256789643749018,0.8493188843282616,5.556941413978895
residential_16354070690000,TRUE,TRUE,TRUE,5.909496903154542,0.09407856577282578,0.8517921130172335,5.5585083779559925
residential_16354070700000,TRUE,TRUE,TRUE,5.912376682353303,0.09523433565512854,0.8534481237979546,5.559496396903471
residential_16354070710000,TRUE,TRUE,TRUE,5.915477234430462,0.09666872896599897,0.8552509816124448,5.5605649620309245
residential_16354070720000,TRUE,TRUE,TRUE,5.913759583120646,0.10357287264925981,0.859767287058548,5.5678578064478055
residential_16354070730000,TRUE,TRUE,TRUE,5.917487322429202,0.10473461841669947,0.8618991805737959,5.56918183601988
residential_16354070740000,TRUE,TRUE,TRUE,5.920358570974987,0.1057720681155783,0.8635338687248383,5.57016758963358
residential_16354070750000,TRUE,TRUE,TRUE,5.923468793197608,0.1070692001655668,0.8653228596939642,5.571237853649126
residential_16354070760000,TRUE,TRUE,TRUE,5.923067520199114,0.11603820938388636,0.871496294919715,5.580165445425817
residential_16354070770000,TRUE,TRUE,TRUE,5.9266648831470565,0.11702140623102433,0.8735108592295875,5.581415234145729
residential_16354070780000,TRUE,TRUE,TRUE,5.929544665025103,0.11796666033157666,0.8751395601410433,5.5824152176846615
residential_16354070790000,TRUE,TRUE,TRUE,5.932673479045915,0.11915082366443043,0.8769264141819373,5.583502975818685
residential_16354090350000,TRUE,TRUE,FALSE,5.73688100089585,0.18169484803299463,0.6304008815069743,5.306893887973764
residential_16354120010000,TRUE,TRUE,FALSE,5.88580575404748,0.0858067967285108,0.7968337264492207,5.484207321208071
residential_16354120070000,TRUE,TRUE,FALSE,5.862124504405097,0.09230997014366998,0.7682586180093478,5.452145683499267
residential_16354120330000,TRUE,TRUE,FALSE,5.870680870597742,0.12229049383514884,0.770350303798368,5.445132554001326
residential_16354130180000,TRUE,TRUE,FALSE,5.739226582207648,0.22494227478234533,0.6255036070359636,5.283922087003707
residential_16354130290000,TRUE,TRUE,FALSE,5.801288973656841,0.18459288838593702,0.6902254780754947,5.350205693196346
residential_16362020080000,TRUE,TRUE,TRUE,4.496206694323573,0.26382649629059957,0.2299237186921039,4.042263143780173
residential_16362020090000,TRUE,TRUE,TRUE,4.499822090168307,0.26196010961566757,0.23464890942217415,4.043067288188675
residential_16362020380000,FALSE,TRUE,TRUE,4.434394605046275,0.2690014757212176,0.17720661265964313,4.005379994765687
residential_16362020390000,FALSE,TRUE,TRUE,4.438228627855608,0.26595097342057145,0.18211810242669774,4.006157060764507
residential_16362020400000,FALSE,TRUE,TRUE,4.442103702389891,0.2629869171229234,0.1870424882583028,4.006983841056274
residential_16362020410000,FALSE,TRUE,TRUE,4.451041112969562,0.27823070745739564,0.1814312606778172,4.0231536893988915
residential_16362020440000,TRUE,TRUE,TRUE,4.468038659953358,0.28592568038070587,0.18935125959335766,4.039570069709997
residential_16362020450000,TRUE,TRUE,TRUE,4.470255839563562,0.28219350096846096,0.1938516930952388,4.038561402258663
residential_16362020460000,TRUE,TRUE,TRUE,4.472467829036707,0.27848778629511406,0.19835823523620946,4.037549556096114
residential_16362030080000,TRUE,TRUE,TRUE,4.572189403787455,0.26276920116344127,0.31177226040389455,4.076754063477891
residential_16363150280000,FALSE,TRUE,TRUE,5.289096450627174,0.20183945814259782,0.29580589191931467,4.723221811028038
residential_16363160260000,FALSE,TRUE,FALSE,5.568298794603788,0.21841587076952745,0.4523066381809852,5.0725380191647
residential_16363200100000,FALSE,TRUE,FALSE,5.5882082527687045,0.1897431108645915,0.47597415942605703,5.072850226191885
residential_16364070190000,TRUE,TRUE,FALSE,4.686377652055934,0.26805660740680237,0.19728236838936786,4.069470182677991
residential_16364290020000,TRUE,TRUE,FALSE,4.757223195966286,0.33410346449287315,0.16117275219599683,4.115904414861167
residential_16364290030000,TRUE,TRUE,FALSE,4.753627053618145,0.32979717815246984,0.15755571895249246,4.110224296125738
residential_16364290040000,TRUE,TRUE,FALSE,4.750035438941448,0.3255392986256638,0.153938629340167,4.104544664880425
residential_16364290060000,TRUE,TRUE,FALSE,4.771808366208731,0.3444404842464539,0.14332591320613333,4.118243949165909
residential_16364290070000,TRUE,TRUE,FALSE,4.775681436983494,0.3455251126105353,0.1395510237599585,4.119479087255198
residential_16364290080000,TRUE,TRUE,FALSE,4.779556313663898,0.3466750193400378,0.13577613087739543,4.120719595637574
residential_17031090100000,TRUE,TRUE,FALSE,1.4895679481028883,0.36177392951641163,0.06227454088564739,0.2164936245581346
residential_17031100060000,TRUE,TRUE,TRUE,1.50095574498623,0.38401739488584885,0.01559515662371508,0.130504091589002
residential_17032000360000,TRUE,TRUE,TRUE,1.3755076443010676,0.2529776429523902,0.09164720555281006,0.21770402835081976
residential_17032020120000,TRUE,TRUE,TRUE,1.292088921777741,0.18404226524273898,0.04674450802503741,0.23158513389057833
residential_17041080240000,FALSE,TRUE,TRUE,1.9238408985511242,0.19823518513822108,0.05061388956032108,0.8987067764868979
residential_17041100730000,FALSE,TRUE,FALSE,1.9061760611957295,0.15762626931922677,0.1760732209153172,0.7743469908951469
residential_17041220010000,FALSE,TRUE,TRUE,1.833290949339852,0.11729266217411537,0.08795986515420368,0.8647654942891287
residential_17041220210000,FALSE,TRUE,TRUE,1.7449654721017533,0.10628514769377201,0.13784418482843153,0.8700471053689663
residential_17041220420000,TRUE,TRUE,TRUE,1.781249517347597,0.07552261807105824,0.12907158761138413,0.8407564675248747
residential_17041310010000,FALSE,TRUE,TRUE,1.5867027984797102,0.198397134746597,0.15176108304444744,0.8465199993607224
residential_17042010340000,FALSE,TRUE,TRUE,1.7138803723875091,0.12986656994493814,0.3161742549601927,0.6161713377638492
residential_17042020100000,FALSE,TRUE,FALSE,1.8454141125034222,0.22433177520925068,0.25508870925054133,0.5779494279869039
residential_17042020110000,FALSE,TRUE,FALSE,1.84071977033371,0.22163528349726858,0.25696973496734254,0.5779236645429138
residential_17042020280000,FALSE,TRUE,TRUE,1.756325522305868,0.16188558909737974,0.2946504600310565,0.5817655196326827
residential_17042020290000,TRUE,TRUE,TRUE,1.7516275368508136,0.15727529170578541,0.29725817059198306,0.5820384947866971
residential_17042020370000,TRUE,TRUE,FALSE,1.8666788507866223,0.2475788226146629,0.22721113001041307,0.558680761885895
residential_17042020400000,TRUE,TRUE,FALSE,1.8526054482605645,0.24556454657674123,0.2336316699350927,0.558858282165163
residential_17042080350000,TRUE,TRUE,TRUE,1.790072073850947,0.3293870312795066,0.1113608314451827,0.284289090389399
residential_17042110010000,TRUE,TRUE,TRUE,1.7715180017037073,0.35190913658091016,0.13204401911524288,0.24374286130257167
residential_17042170270000,TRUE,TRUE,TRUE,1.6515048568605948,0.2670390568974734,0.21189573734328654,0.2921827870505694
residential_17042210120000,TRUE,TRUE,TRUE,1.4391631405299166,0.16637241737669506,0.19355143910236733,0.5146626898447676
residential_17051000400000,TRUE,FALSE,FALSE,2.5426141101999438,0.0914433248242129,0.21879770178190025,2.1027833425361746
residential_17051010910000,TRUE,FALSE,FALSE,2.554693171348106,0.09528708094861535,0.23214308599970201,2.0527840569814475
residential_17051100060000,FALSE,FALSE,FALSE,2.3834343642852063,0.04645096876278003,0.07248228900265137,1.9674736565731141
residential_17051100160000,TRUE,TRUE,TRUE,2.3493510035226457,0.024832386569169716,0.04805647360123353,1.9826116417021795
residential_17051100170000,TRUE,TRUE,TRUE,2.345914018731752,0.02660968126528169,0.043280390531668565,1.9841993774498132
residential_17051100620000,FALSE,FALSE,FALSE,2.38005470097976,0.03977051545132569,0.06928416063434084,1.9714896388751912
residential_17051240180000,TRUE,TRUE,TRUE,2.1709830281865177,0.06179696025971128,0.08812512110303414,2.0092260176633787
residential_17053000120000,TRUE,TRUE,TRUE,2.243298545818631,0.1609660045347904,0.2288345050454578,2.1808199346476007
residential_17053000290000,TRUE,TRUE,TRUE,2.236270751544201,0.15492249084106574,0.22687166789789198,2.174674462215971
residential_17053080600000,TRUE,TRUE,TRUE,2.105310772142514,0.13225258835968343,0.2484040791519165,2.1213354696878355
residential_17053090410000,TRUE,TRUE,TRUE,2.0520737578569546,0.08333340280856884,0.19722328594154234,2.0899439464118745
residential_17053090570000,TRUE,TRUE,TRUE,2.1452657785355305,0.07799169247189298,0.26756243560555826,2.223204465497721
residential_17053220120000,TRUE,TRUE,TRUE,2.0255872599128155,0.13547160085400362,0.1928021171195135,2.237067174364348
residential_17053220170000,TRUE,TRUE,TRUE,2.0049902780402675,0.14896244731945438,0.1692291958784421,2.2141652313295834
residential_17053220240000,TRUE,TRUE,TRUE,2.0191501290384055,0.14958544928350023,0.19486070358243143,2.243223382368745
residential_17053220270000,TRUE,TRUE,TRUE,1.9994821115877548,0.13926218997987475,0.1724409872555634,2.221436915831904
residential_17061000100000,FALSE,TRUE,FALSE,3.3782452259160056,0.27749022480954794,0.1805051541664898,3.0889926099113936
residential_17061030020000,TRUE,TRUE,TRUE,3.242683239497451,0.22833697316934587,0.15357091645270074,2.90674015253239
residential_17061120550000,TRUE,TRUE,TRUE,3.0827116460984483,0.07774207556006855,0.23547055443496676,2.8805314540171696
residential_17061120560000,TRUE,TRUE,TRUE,3.0802089282306877,0.0750612186340895,0.2354690355070077,2.881729862028634
residential_17061120570000,TRUE,TRUE,TRUE,3.0777109049582116,0.07256698394708747,0.23546751657905113,2.882934956293485
residential_17061120580000,TRUE,TRUE,TRUE,3.081902795482187,0.06580131197614816,0.24200074344115596,2.8898528120467875
residential_17061120590000,TRUE,TRUE,TRUE,3.0798846645383637,0.06386020863671527,0.24200202773182564,2.890839731245164
residential_17061120600000,TRUE,TRUE,TRUE,3.0726765524519415,0.06818110732436657,0.23546240124531623,2.8853881257767786
residential_17061120610000,TRUE,TRUE,TRUE,3.070087181643491,0.0662732573317481,0.23548097431400689,2.8866934454732616
residential_17061140060000,TRUE,TRUE,FALSE,3.251435319134252,0.07779818261441082,0.11436695552070862,3.1474529596990046
residential_17061160250000,TRUE,TRUE,TRUE,3.132867254465782,0.04405684756584602,0.24263916327775867,2.9960606135061196
residential_17061160260000,TRUE,TRUE,TRUE,3.1304051516916442,0.04630242034945631,0.24371517675119264,2.997365324835561
residential_17061160450000,TRUE,TRUE,TRUE,3.0848299028041657,0.10255946011587608,0.27883663255465235,3.0233374530296535
residential_17061160460000,TRUE,TRUE,TRUE,3.082473346295056,0.10318763372789647,0.28136715007084945,3.0247771508237205
residential_17061160470000,TRUE,TRUE,TRUE,3.0801278830663685,0.1040199483288601,0.2839491009780707,3.0262336069268607
residential_17061170010000,TRUE,TRUE,TRUE,3.104601481542154,0.014643882980978911,0.27715456288648627,2.959970504635265
residential_17061170080000,TRUE,TRUE,TRUE,3.0872626934952376,0.04749494503543414,0.28478386147817214,2.969302838667578
residential_17061170170000,TRUE,TRUE,TRUE,3.065578781531174,0.08962284178032849,0.29955857475188996,2.9816691295797515
residential_17061170220000,TRUE,TRUE,TRUE,3.053592744927162,0.11329545988339648,0.3100693089276114,2.9888505807021217
residential_17061180200000,TRUE,TRUE,TRUE,3.0118353098946415,0.1117606687670441,0.1876890617810074,2.847080818747874
residential_17061180310000,TRUE,TRUE,TRUE,2.9812208435338587,0.1322579732064868,0.18193771851546683,2.843061665869368
residential_17061180380000,TRUE,TRUE,TRUE,2.9694050532461325,0.1325555216261039,0.15914535482272396,2.820378541864031
residential_17061180400000,TRUE,TRUE,TRUE,2.9631470773971955,0.13650047448140631,0.16319394638253243,2.823794269429963
residential_17061260560000,TRUE,TRUE,TRUE,2.8942839947507677,0.21749629005618623,0.2403195242191465,2.8575863091945464
residential_17062000070000,TRUE,TRUE,TRUE,2.93244097874082,0.21051211302358483,0.0926648308127939,2.5518748429065
residential_17062000350000,TRUE,TRUE,FALSE,2.8872130439681505,0.22754680466664454,0.1182548261118084,2.505850143117797
residential_17062000370000,TRUE,TRUE,FALSE,2.878128754929823,0.2270576609091827,0.11828542131104372,2.5007520014807136
residential_17062010190000,TRUE,TRUE,FALSE,2.8504954102533775,0.26752071836137653,0.1582623475009695,2.452834875709211
residential_17062020130000,TRUE,TRUE,FALSE,2.8201539395491033,0.29124960805759004,0.17856970672887051,2.4192940255138753
residential_17062020170000,TRUE,TRUE,FALSE,2.818089752244544,0.2642856459228138,0.15067511199638647,2.4411051303770703
residential_17062020320000,TRUE,TRUE,TRUE,2.7906817646311604,0.2916893964329462,0.18522550213758515,2.397139660497169
residential_17062030070000,TRUE,TRUE,TRUE,2.7896706709658567,0.2210538647236601,0.21822887366999918,2.3371807226006207
residential_17062030270000,TRUE,TRUE,TRUE,2.7379506542975145,0.20051784426034988,0.1924500550328926,2.293957099393866
residential_17062040030000,FALSE,TRUE,TRUE,2.700792624586847,0.15950501724684413,0.21451747024930698,2.231939801811523
residential_17062040270000,TRUE,TRUE,FALSE,2.6532201705425256,0.1579383824249541,0.21174342433337864,2.1814519639136294
residential_17062130470000,TRUE,TRUE,TRUE,2.6100988660135798,0.28257553632691645,0.050221884943914566,2.310615696369027
residential_17062180540000,FALSE,TRUE,TRUE,2.65588625437352,0.25169186883029004,0.08247359614344536,2.4566372271433057
residential_17063020110000,TRUE,TRUE,TRUE,2.8755590756442286,0.23197155753495446,0.35349838820684387,2.906416606533555
residential_17063130030000,FALSE,TRUE,TRUE,2.9468616379614754,0.1156408956480874,0.177271266359186,3.0980171218587014
residential_17063190320000,FALSE,TRUE,TRUE,2.622829422925109,0.2123233646188896,0.20216291442451698,2.801994541626794
residential_17063260460000,TRUE,TRUE,TRUE,2.683743867802239,0.19660112668730276,0.14846551848995196,2.9450026526958126
residential_17063270210000,FALSE,TRUE,TRUE,2.5872484356156282,0.25111436529940606,0.1812508765274542,2.827161127644683
residential_17063270260000,TRUE,TRUE,FALSE,2.6150717552745935,0.23847857436517142,0.1552651448936099,2.873032152347974
residential_17063270280000,TRUE,TRUE,FALSE,2.6066479006785293,0.24467622672566483,0.1581924361132692,2.864190668731658
residential_17063270310000,FALSE,TRUE,TRUE,2.5940111374620227,0.2543047712092244,0.1634197957481869,2.8509203531362304
residential_17063310290000,TRUE,TRUE,FALSE,2.6052920730149025,0.2803080003048321,0.0917475349145635,2.901093009414031
residential_17064000410000,TRUE,TRUE,TRUE,2.640804644980887,0.1704464525621448,0.2548458719823639,2.69679422344207
residential_17064140420000,TRUE,TRUE,TRUE,2.526308890916123,0.20560929461365055,0.1270645010741221,2.641397499027304
residential_17064170090000,FALSE,TRUE,TRUE,2.38988678510138,0.20057837337767492,0.15120700635616957,2.4810389787172418
residential_17064210200000,FALSE,TRUE,TRUE,2.5436670491316282,0.28799689724133154,0.14015538380219034,2.7576532991513916
residential_17064220470000,TRUE,TRUE,TRUE,2.4578632419491497,0.35388627386561194,0.05869957226362585,2.672438685446067
residential_17064230070000,TRUE,TRUE,TRUE,2.4607355069531596,0.2669252444205977,0.04602097257790614,2.6194929718861086
residential_17064330240000,TRUE,TRUE,TRUE,2.4954991910901883,0.3388066901864298,0.08854416566244629,2.745182943650564
residential_17064340490000,TRUE,TRUE,TRUE,2.439395760111574,0.3395358200703153,0.03698889004757714,2.6830184874258003
residential_17064350240000,TRUE,TRUE,TRUE,2.3836501202144627,0.3264099195068469,0.021203733528863403,2.6291490097569534
residential_17071000190000,TRUE,TRUE,FALSE,2.9295592002474087,0.18717293943830396,0.18973215336063676,3.270045867034526
residential_17071020230000,TRUE,TRUE,FALSE,2.7118347593292946,0.22869035935524734,0.08732256181113737,3.0481273403989597
residential_17071040270000,TRUE,TRUE,FALSE,2.9226811452134016,0.21330493543807955,0.16134765783103341,3.2954194856622396
residential_17071050210000,TRUE,TRUE,TRUE,2.792080506087794,0.15014847865770214,0.1886787728141274,3.1634053825911077
residential_17071050220000,TRUE,TRUE,TRUE,2.7877215527428456,0.1497188511548382,0.18414821013750568,3.1589890017141746
residential_17071050240000,TRUE,TRUE,TRUE,2.7790013954509,0.14926759037757295,0.17508656748646598,3.1501541962087094
residential_17071050250000,TRUE,TRUE,TRUE,2.7746423759910868,0.1492511943699118,0.170556427213346,3.145735974120073
residential_17071050260000,TRUE,TRUE,TRUE,2.7702832732686873,0.14937101088958502,0.1660273359729786,3.141318233210924
residential_17071050350000,TRUE,TRUE,TRUE,2.7310876677363574,0.15651554105712562,0.12532704118014193,3.101561370006436
residential_17071050360000,FALSE,TRUE,TRUE,2.7267344301340826,0.1579430893388697,0.12081329098199847,3.0971437922383482
residential_17071060030000,FALSE,TRUE,TRUE,2.7009079380715897,0.1961713917363446,0.08467437508952025,3.0565953783318585
residential_17071060040000,TRUE,TRUE,TRUE,2.6965695600970765,0.1982150983365359,0.08012819444774151,3.052181481388824
residential_17071060150000,TRUE,TRUE,TRUE,2.6445798633031314,0.2284539106712648,0.025583530622458116,2.9992182352055874
residential_17071060250000,TRUE,TRUE,TRUE,2.6886609387285865,0.17496699434459162,0.0814996218724041,3.0585190597699166
residential_17071060410000,TRUE,TRUE,TRUE,2.609960932928286,0.22897946622996032,0.014962418715925439,2.978493851770677
residential_17071070050000,TRUE,TRUE,FALSE,2.578021218585043,0.2951487122951102,0.030808873433367447,2.920737696616006
residential_17071070060000,TRUE,TRUE,FALSE,2.5737045396473928,0.29859920301212967,0.03530106946097808,2.916305472493704
residential_17071070110000,TRUE,TRUE,FALSE,2.5521435131380916,0.3007769682749298,0.05791277193334633,2.894157120937368
residential_17071070140000,TRUE,TRUE,FALSE,2.539216303899403,0.2900396466495509,0.07153600047524124,2.8808674486381665
residential_17071070160000,TRUE,TRUE,FALSE,2.530605845694827,0.2830242536478648,0.08061978205390202,2.8720123247984417
residential_17071070230000,FALSE,TRUE,FALSE,2.5004792770740902,0.2594908775433698,0.11247522946146091,2.840995104732025
residential_17071080270000,TRUE,TRUE,TRUE,2.567342894088266,0.2621692295499445,0.03122477442895721,2.9366041169199977
residential_17071080330000,TRUE,TRUE,TRUE,2.5413035415899947,0.27827482375173307,0.05583514988558911,2.9100296597964306
residential_17071090120000,TRUE,TRUE,FALSE,2.9123760762227016,0.18928574322332167,0.1604119981373642,3.3030091832976143
residential_17071090150000,TRUE,TRUE,TRUE,2.895877299663935,0.17591018539806005,0.17748021763344887,3.286413984928422
residential_17071090340000,TRUE,TRUE,TRUE,2.8393772378213793,0.14301483395233297,0.23887014730296324,3.2248053352954456
residential_17071090380000,TRUE,TRUE,TRUE,2.835011599005698,0.1291173007316436,0.23835388034919863,3.2287334416960296
residential_17071090540000,TRUE,TRUE,TRUE,2.833534131364933,0.11503745753993858,0.2338894461589565,3.2378149920704677
residential_17071100130000,TRUE,TRUE,TRUE,2.751589827974974,0.11436471759956718,0.16433677440276143,3.1410228324250298
residential_17071100160000,TRUE,TRUE,TRUE,2.7384717744138234,0.11695452170082044,0.151426969594282,3.1277756403500105
residential_17071110020000,TRUE,TRUE,TRUE,2.687156009433791,0.14010236972811085,0.10263254527447714,3.0758566984706692
residential_17071110090000,TRUE,TRUE,TRUE,2.6522483934762526,0.164092072590997,0.07326799118707891,3.0405330395171655
residential_17071110100000,TRUE,TRUE,TRUE,2.6478882292686974,0.16740468597985106,0.07006099319573322,3.0361179716837543
residential_17071110120000,TRUE,TRUE,TRUE,2.6391677942140577,0.17419860532097955,0.06413268150768921,3.0272856990971038
residential_17071110190000,TRUE,TRUE,TRUE,2.6081255972214894,0.19988440092211857,0.05121957307358746,2.9958276057162694
residential_17071110260000,TRUE,TRUE,TRUE,2.6753192825643763,0.12230499245532117,0.11509886803015532,3.0779121618000262
residential_17071110300000,TRUE,TRUE,TRUE,2.6578074274099577,0.13579181053850306,0.10248115569898715,3.0602526969180635
residential_17071110440000,TRUE,TRUE,TRUE,2.600792544285131,0.18541326051043572,0.07838619211664957,3.0026895716421627
residential_17071110550000,TRUE,TRUE,TRUE,2.6270972301588853,0.16170629401397643,0.08533465893353628,3.029257532414879
residential_17071120030000,TRUE,TRUE,TRUE,2.5572386039964083,0.24478521313685145,0.05790107072255935,2.944716585999577
residential_17071120050000,TRUE,TRUE,TRUE,2.5486932455313833,0.25275702882663553,0.062348526164015074,2.936035099798633
residential_17071120300000,TRUE,TRUE,TRUE,2.540868144052905,0.2421901806656883,0.08592344810257614,2.942249205523794
residential_17071120310000,TRUE,TRUE,TRUE,2.5365132236867365,0.2464381219471385,0.08785266721523777,2.9378413863601835
residential_17071120390000,TRUE,TRUE,TRUE,2.5017177528401695,0.23303746131769235,0.10898486966270418,2.9025846950401815
residential_17071120500000,TRUE,TRUE,TRUE,2.553033163747952,0.24870122475351217,0.05996318080451651,2.9404434991804367
residential_17071120510000,TRUE,TRUE,TRUE,2.5485573532038748,0.25288421001104805,0.06242716328522491,2.9358971191750367
residential_17071130140000,TRUE,TRUE,TRUE,2.87953031103866,0.14222144042179297,0.17126123736764984,3.3132397378324447
residential_17071130160000,TRUE,TRUE,TRUE,2.8684222829145085,0.13098183347022083,0.18266782998945402,3.3021544723167793
residential_17071130200000,TRUE,TRUE,TRUE,2.8462194051279592,0.10861665162185721,0.20547675478820465,3.27998991876402
residential_17071130310000,TRUE,TRUE,TRUE,2.8447215613063226,0.11020281383306502,0.21367884312204322,3.265742227955955
residential_17071130330000,TRUE,TRUE,TRUE,2.8354951167364177,0.10184575708033311,0.22317264449705795,3.256509662679211
residential_17071140090000,TRUE,TRUE,TRUE,2.757132794362294,0.05103437693699011,0.21207431489248696,3.1780310400406653
residential_17071140160000,TRUE,TRUE,TRUE,2.726319642633402,0.05594483805975415,0.18602557551064638,3.1471322284535126
residential_17071140220000,TRUE,TRUE,TRUE,2.699926263203907,0.07205448772047958,0.16531145430467145,3.1206461872517774
residential_17071140310000,TRUE,TRUE,TRUE,2.7505763750240133,0.024837075196404622,0.22758345122229154,3.1843975043466517
residential_17071140340000,TRUE,TRUE,TRUE,2.737338626052293,0.024406880442741984,0.21702134564687567,3.1711502404664054
residential_17071140370000,TRUE,TRUE,TRUE,2.7241085946121895,0.03076234170476318,0.2068222574932732,3.1579067557065326
residential_17071140390000,TRUE,TRUE,TRUE,2.7152873661081425,0.03723785061262242,0.200249657417154,3.1490754764138886
residential_17071140430000,TRUE,TRUE,TRUE,2.6976529351232763,0.05256634111459346,0.1877359519158084,3.131414487530041
residential_17071140530000,TRUE,TRUE,TRUE,2.693245478795838,0.05666323691243368,0.18475402538528496,3.1269988821554824
residential_17071140540000,TRUE,TRUE,TRUE,2.688839956386391,0.06082261510279313,0.18183768071038353,3.1225846870997556
residential_17071140550000,TRUE,TRUE,TRUE,2.6844320188941815,0.06503543040769598,0.17898868916738736,3.1181682905131085
residential_17071150140000,TRUE,TRUE,TRUE,2.6174239277795746,0.1458748764271202,0.11891708832674266,3.0376915286102846
residential_17071150150000,TRUE,TRUE,TRUE,2.6130102672082316,0.15017318649938757,0.11767526084120453,3.0332503494203427
residential_17071150160000,TRUE,TRUE,TRUE,2.6085964572427014,0.15448596661002711,0.11660303311175288,3.028810174611969
residential_17071150170000,TRUE,TRUE,TRUE,2.604180951987641,0.15881699804377125,0.11569861010460201,3.024366430982125
residential_17071150200000,TRUE,TRUE,TRUE,2.590939536745429,0.1718838840448632,0.11404992276447683,3.011037490676698
residential_17071150360000,TRUE,TRUE,TRUE,2.6149898802201657,0.134336058904319,0.14601187835542676,3.048610869396325
residential_17071160020000,TRUE,TRUE,TRUE,2.5485304445871355,0.21432094131934126,0.11497632213520577,2.96832506547178
residential_17071160030000,TRUE,TRUE,TRUE,2.544158366743219,0.21873425906896696,0.11576260982525327,2.963920284426252
residential_17071160190000,TRUE,TRUE,TRUE,2.469913658952274,0.201990263813117,0.15053977760776496,2.8891132349496056
residential_17071160200000,TRUE,TRUE,TRUE,2.465551198052108,0.19753472030816183,0.1535393785105086,2.8847155280081043
residential_17071160210000,TRUE,TRUE,TRUE,2.4611912116419066,0.19308496137733222,0.1566117987552227,2.880320082072659
residential_17071160220000,FALSE,TRUE,TRUE,2.4568327582548144,0.18864032300265463,0.15975352698217482,2.875926115721345
residential_17071160260000,TRUE,TRUE,TRUE,2.537075147459361,0.2141504980161212,0.14215449662289825,2.9704858196568127
residential_17071160270000,TRUE,TRUE,TRUE,2.53268938715594,0.21866378210627327,0.14293662191215065,2.9660893344109396
residential_17071160280000,TRUE,TRUE,TRUE,2.5283066163014567,0.22317780443579588,0.14385208784383713,2.961692809783251
residential_17071160390000,TRUE,TRUE,TRUE,2.475763681367426,0.21223882176442396,0.16429466058897624,2.908997092808002
residential_17071160490000,TRUE,TRUE,TRUE,2.4424771340439873,0.17989150016875466,0.17678407099784085,2.8803530043530734
residential_17071160560000,FALSE,TRUE,TRUE,2.4500309672524336,0.18171206185242353,0.15872227471881944,2.869070297155676
residential_17071160570000,FALSE,TRUE,TRUE,2.4524763637605287,0.1842017094828082,0.1610957395371517,2.871534682202086
residential_17071170350000,FALSE,TRUE,TRUE,2.867909026235758,0.16984104127954067,0.16982382839478094,3.347870716537876
residential_17071170360000,FALSE,TRUE,TRUE,2.8634043618114084,0.16578262149399278,0.17425091733437964,3.3434244124053163
residential_17071170380000,FALSE,TRUE,TRUE,2.854117004376543,0.15750792085477944,0.18340502704263295,3.3342582257383024
residential_17071200070000,TRUE,TRUE,TRUE,2.6273489421590743,0.11147582467218822,0.1843803200481366,3.077464365404056
residential_17071200180000,TRUE,TRUE,TRUE,2.5765859435288974,0.16363414996630316,0.17438459818364763,3.026859281043266
residential_17071200400000,TRUE,TRUE,TRUE,2.5762111567193826,0.16155499900619255,0.1955078191014452,3.0368452625186304
residential_17071200440000,TRUE,TRUE,TRUE,2.5577292677265357,0.18025894320154348,0.1950630511727367,3.018489818163973
residential_17071200450000,TRUE,TRUE,TRUE,2.5531088707401466,0.18494615981828305,0.1949603157846758,3.013900947060135
residential_17071210070000,TRUE,TRUE,TRUE,2.5107711087286915,0.23161373763089615,0.1778838553193835,2.9608632908986987
residential_17071210090000,TRUE,TRUE,TRUE,2.50195220154802,0.24071489186354103,0.1801863915246532,2.9520710869317286
residential_17071210100000,TRUE,TRUE,TRUE,2.4975428168874503,0.2441026330480417,0.18149758965006407,2.9476745252567658
residential_17071210160000,TRUE,TRUE,TRUE,2.4711064046923124,0.21689433713667852,0.19137591138054436,2.921314961926278
residential_17071210320000,FALSE,TRUE,TRUE,2.5013020895926537,0.23785798706738637,0.19891011165473824,2.961885519121765
residential_17071210380000,FALSE,TRUE,TRUE,2.474801289856474,0.2287671925106171,0.20685231277345212,2.9355702101197383
residential_17071210550000,FALSE,TRUE,TRUE,2.454650390619226,0.2083581828942119,0.21493871066446613,2.9155613266280382
residential_17071220170000,TRUE,TRUE,TRUE,2.6973350051411615,0.06403083376103517,0.2639723784307775,3.1697183023566624
residential_17071240030000,FALSE,TRUE,TRUE,2.4856023378475323,0.25201184806526356,0.22907603145960462,2.960967873690732
residential_17071270150000,TRUE,TRUE,TRUE,2.5470587583965028,0.2030919093991779,0.27457872204711653,3.047165308371554
residential_17072010020000,FALSE,TRUE,TRUE,2.368966412160587,0.22795017981660776,0.05323741087315713,2.678493868852234
residential_17072010480000,FALSE,TRUE,FALSE,2.3617744741428193,0.19714005140366983,0.07787579727901309,2.6905628203093652
residential_17072040130000,FALSE,TRUE,FALSE,2.4183770297098888,0.19420594657521575,0.0879657705387118,2.7671922283530557
residential_17072040150000,FALSE,TRUE,FALSE,2.409833956756546,0.1895265446817304,0.08048821166791938,2.758375710870166
residential_17072070300000,TRUE,TRUE,FALSE,2.08151382851337,0.2390860346933564,0.23167392856018199,2.4331893278460393
residential_17072070410000,TRUE,TRUE,FALSE,2.0353627862509165,0.19050425734962895,0.19590770306239458,2.384851897588279
residential_17072070420000,TRUE,TRUE,FALSE,2.0311759120201898,0.18612422025099462,0.19295948519620473,2.3804611496418744
residential_17072070430000,TRUE,TRUE,FALSE,2.026990647311436,0.18175227856129794,0.1900740899784195,2.3760711153675156
residential_17072080150000,FALSE,TRUE,TRUE,2.384925264690988,0.13568828644601638,0.06009149739108019,2.7685125214248902
residential_17072080160000,FALSE,TRUE,TRUE,2.38060565417207,0.13272502371500455,0.05554008984816218,2.7640906803300394
residential_17072080170000,FALSE,TRUE,TRUE,2.3762870799474176,0.12985370119758027,0.0509889262141447,2.759669121471547
residential_17072080310000,FALSE,TRUE,TRUE,2.4024955780616306,0.13867559282869857,0.09002811743792298,2.8015721365271884
residential_17072080320000,FALSE,TRUE,TRUE,2.3981558831539167,0.13485859126319563,0.0856153179416156,2.7971548434435958
residential_17072080510000,FALSE,TRUE,TRUE,2.43288549202009,0.16641834255103288,0.12120786262885816,2.832509479461041
residential_17072080520000,FALSE,TRUE,TRUE,2.4220281252114413,0.15633085415870596,0.1100277372534868,2.821458128577419
residential_17072080530000,FALSE,TRUE,TRUE,2.4220281252114413,0.15633085415870596,0.1100277372534868,2.821458128577419
residential_17072080540000,FALSE,TRUE,TRUE,2.4220281252114413,0.15633085415870596,0.1100277372534868,2.821458128577419
residential_17072090260000,FALSE,TRUE,TRUE,2.3173465777482654,0.07955543162269345,0.015429358510083145,2.7147260866930134
residential_17072090270000,FALSE,TRUE,TRUE,2.3130261864659882,0.0781115027618658,0.015256810843171239,2.7103146152117827
residential_17072090290000,TRUE,TRUE,TRUE,2.3043877991580994,0.07596958688104521,0.015416752326699219,2.7014887785837747
residential_17072090320000,TRUE,TRUE,TRUE,2.2914388019347465,0.0747473832257888,0.02202932534473631,2.68825584178685
residential_17072090330000,TRUE,TRUE,TRUE,2.2871246459740178,0.07489004370608444,0.025509354151992257,2.683846702411739
residential_17072090350000,TRUE,TRUE,TRUE,2.2785010844692977,0.07600019651609614,0.03325276268841394,2.675029822209159
residential_17072090390000,TRUE,TRUE,TRUE,2.256954273859653,0.08318051646369722,0.0544860668755745,2.6529953878301735
residential_17072090530000,TRUE,TRUE,TRUE,2.2741887275651287,0.07695260734294594,0.03735711030995994,2.670621151031383
residential_17072090540000,TRUE,TRUE,TRUE,2.2698788023819256,0.07816023712739728,0.04155342382548336,2.6662135697268194
residential_17072100300000,TRUE,TRUE,TRUE,2.171019009352061,0.14774158312151495,0.14412527039636813,2.5650422153584818
residential_17072100360000,TRUE,TRUE,TRUE,2.1441904294030425,0.17290004397762557,0.17248430795207087,2.537558987752906
residential_17072100440000,TRUE,TRUE,TRUE,2.1084837602866737,0.2077881950583837,0.21035359840951764,2.500947853815168
residential_17072100460000,TRUE,TRUE,TRUE,2.099300028709532,0.21694943100138878,0.220116806821875,2.4915188546252764
residential_17072110350000,FALSE,TRUE,FALSE,2.041619381021949,0.2049426787886666,0.18127308153212418,2.432357194527548
residential_17072120010000,FALSE,TRUE,TRUE,2.4312448363912345,0.16263200589008361,0.1406179125037548,2.85008475670081
residential_17072120030000,FALSE,TRUE,TRUE,2.4225133996213977,0.1538036460884241,0.13235097824906036,2.841264843421588
residential_17072120040000,FALSE,TRUE,TRUE,2.4181486252724063,0.1494018946489064,0.1282600152699907,2.8368554214063524
residential_17072120120000,TRUE,TRUE,TRUE,2.383255239821048,0.1146147514645605,0.09702566498213848,2.8015954305453987
residential_17072120130000,TRUE,TRUE,TRUE,2.378897075935293,0.11034110741251933,0.09338684186531891,2.797190483137681
residential_17072120140000,FALSE,TRUE,TRUE,2.374541274335556,0.1060923270432903,0.08964811932642165,2.7927875314213777
residential_17072120150000,TRUE,TRUE,TRUE,2.3701845657408467,0.10186809183087031,0.08594815786945244,2.788383530280576
residential_17072120170000,TRUE,TRUE,TRUE,2.361471809431981,0.09351060862546574,0.07881673743240723,2.7795761782267236
residential_17072120210000,FALSE,TRUE,TRUE,2.3440614726076676,0.0773126606195104,0.06602672611180954,2.761970284154507
residential_17072120220000,FALSE,TRUE,TRUE,2.339708557112416,0.07340811254960403,0.06324661953689746,2.757569047047635
residential_17072120330000,TRUE,TRUE,TRUE,2.3888271402283197,0.12215214051943754,0.123950101631878,2.82170090981834
residential_17072120520000,TRUE,TRUE,TRUE,2.4150898257149005,0.14936238753123765,0.14592898124721818,2.848080208102149
residential_17072120530000,TRUE,TRUE,TRUE,2.408520725744123,0.14255467969019026,0.14039802679426058,2.841482480265317
residential_17072130100000,TRUE,TRUE,TRUE,2.2586481294890355,0.04493070642861551,0.06413328884130837,2.6755349708161695
residential_17072130160000,TRUE,TRUE,TRUE,2.2326691013555697,0.06328706699362963,0.08346837820682658,2.6491978249191908
residential_17072150190000,FALSE,TRUE,TRUE,1.9882839452639707,0.15021855602531853,0.12684324749932324,2.3976722178598506
residential_17072150550000,TRUE,TRUE,TRUE,2.0144206295332663,0.16772695358960474,0.15630649994693022,2.4476879183065754
residential_17072150570000,TRUE,TRUE,TRUE,2.0058350664723132,0.15924066064911632,0.14729045027101295,2.4390347493590263
residential_17072150890000,TRUE,TRUE,TRUE,1.9873503478681163,0.14492629568723694,0.12540989788418383,2.406510577587781
residential_17072150900000,TRUE,TRUE,TRUE,1.9916184714953433,0.148734477638849,0.12972102482776096,2.4108446811188347
residential_17072160040000,TRUE,TRUE,TRUE,2.401914538146144,0.145895068101269,0.16283511035555592,2.852458474593406
residential_17072160050000,TRUE,TRUE,TRUE,2.397524406471264,0.14139580297934362,0.1595367118237729,2.848079509509889
residential_17072160060000,TRUE,TRUE,TRUE,2.393132672363913,0.13689951540651166,0.15630369847031805,2.8437013816671555
residential_17072160080000,TRUE,TRUE,TRUE,2.379968494908347,0.12343560402856925,0.14701560594109095,2.8305703526412893
residential_17072160090000,TRUE,TRUE,TRUE,2.375579586045699,0.1189558711043837,0.14407492776422354,2.826193820881617
residential_17072160100000,TRUE,TRUE,TRUE,2.3711913360504173,0.11448047409742433,0.14121707307856157,2.8218164485172768
residential_17072160190000,FALSE,TRUE,TRUE,2.3317390045428796,0.07462947379581722,0.12029798228807974,2.7824646642386797
residential_17072160220000,FALSE,TRUE,TRUE,2.318598853761963,0.06165951457676737,0.11572415047162052,2.769355401664904
residential_17072160240000,FALSE,TRUE,TRUE,2.3100169406588935,0.05337422773706005,0.1135347643306522,2.760798488752094
residential_17072160280000,TRUE,TRUE,TRUE,2.3967849396197587,0.1500957474930562,0.17706053396569968,2.85793118961308
residential_17072160290000,TRUE,TRUE,TRUE,2.392385227428263,0.1457262513755165,0.17403246221797355,2.85356097979197
residential_17072160320000,TRUE,TRUE,TRUE,2.3791865382480384,0.1326889261330514,0.1653680795037443,2.840452629369566
residential_17072170080000,TRUE,TRUE,TRUE,2.262929439742537,0.02164140591799607,0.11271287044084641,2.7141245152016698
residential_17072170190000,TRUE,TRUE,TRUE,2.2106633703728154,0.0583851330251029,0.1319320341303303,2.6619925549529238
residential_17072170200000,TRUE,TRUE,TRUE,2.2063131701601595,0.06262041512530687,0.13440857374563922,2.6576541304185586
residential_17072170210000,TRUE,TRUE,TRUE,2.201963181400088,0.06689547847319227,0.13699000097058783,2.6533150829745904
residential_17072170220000,TRUE,TRUE,TRUE,2.1976122964277565,0.07120445364033395,0.13967152006346378,2.648974514459628
residential_17072170240000,TRUE,TRUE,TRUE,2.1889189985282,0.07989231552533169,0.14530637149936018,2.640300533498426
residential_17072170280000,TRUE,TRUE,TRUE,2.274698815832413,0.04635251161232434,0.1325022693051376,2.737498201675048
residential_17072170390000,TRUE,TRUE,TRUE,2.226634344260999,0.052992827981882436,0.14083758995887213,2.6897797944045747
residential_17072170440000,TRUE,TRUE,TRUE,2.200455124113868,0.07257268643569328,0.15222719406837482,2.6637896681498283
residential_17072170600000,TRUE,TRUE,TRUE,2.2535697857655776,0.042722253716876046,0.13397356840149705,2.716522314387125
residential_17072170610000,TRUE,TRUE,TRUE,2.259394200695176,0.0426421502200168,0.13321688899623624,2.722304537471291
residential_17072170620000,TRUE,TRUE,TRUE,2.265223413334055,0.043412844283540274,0.13273130422993284,2.7280915118367237
residential_17072180050000,TRUE,TRUE,TRUE,2.385098811723103,0.15658831015211255,0.19713265881942155,2.8618665811419186
residential_17072180060000,TRUE,TRUE,TRUE,2.380685842433655,0.15254128244734744,0.1945249961741753,2.8575101355067116
residential_17072180080000,TRUE,TRUE,TRUE,2.3718613544930536,0.14453603988712777,0.18952878706110904,2.848798546303651
residential_17072180090000,TRUE,TRUE,TRUE,2.367450739931011,0.14058393727414892,0.18714690448141888,2.8444444674334286
residential_17072180140000,TRUE,TRUE,TRUE,2.345402632428399,0.12144641585628668,0.17651450932464738,2.8226795488141683
residential_17072180170000,TRUE,TRUE,TRUE,2.3321783175270197,0.1106201108473305,0.17127184170548254,2.8096268076025916
residential_17072180190000,TRUE,TRUE,TRUE,2.3233642427276218,0.10377334887389754,0.16830265395480606,2.8009282455535214
residential_17072180200000,TRUE,TRUE,TRUE,2.3189571788504986,0.10048178249353981,0.1669821216222114,2.7965781119198625
residential_17072180210000,TRUE,TRUE,TRUE,2.314550673720702,0.09729076335997473,0.16577491174560013,2.7922280499521457
residential_17072190070000,FALSE,TRUE,TRUE,2.2326967798840958,0.07138031327927362,0.1626406618011435,2.7106632765541323
residential_17072190100000,TRUE,TRUE,TRUE,2.2195577453064956,0.07595391878087647,0.16602593843785535,2.697695683404553
residential_17072190150000,TRUE,TRUE,TRUE,2.197668415064855,0.08783788048995424,0.17390418452089948,2.6760940505346165
residential_17072190170000,TRUE,TRUE,TRUE,2.1889201299970504,0.09371256940547057,0.17776984661287903,2.6674625548184903
residential_17072190510000,TRUE,TRUE,TRUE,2.2151772171686437,0.07794897911249893,0.16738565788798626,2.6933723801058607
residential_17072190540000,TRUE,TRUE,TRUE,2.2086072079592585,0.08132709836243407,0.1696343442888453,2.6868894490874276
residential_17072190550000,FALSE,TRUE,TRUE,2.2546100720822184,0.06924596028584858,0.1594378950350234,2.7322922396653375
residential_17072190570000,FALSE,TRUE,TRUE,2.2477539450327293,0.06912517939681517,0.16010150470743253,2.725524787775138
residential_17072200020000,TRUE,TRUE,TRUE,2.1684955988884065,0.1008425209780999,0.15848858717193465,2.618307237380992
residential_17072200110000,TRUE,TRUE,TRUE,2.157436664424707,0.11485863296452142,0.18759969838268825,2.6300759501028637
residential_17072200120000,TRUE,TRUE,TRUE,2.1562479693732604,0.1171249508728618,0.1910577886992741,2.631416463758484
residential_17072200350000,TRUE,TRUE,TRUE,2.1622698816889794,0.10709665686760707,0.17417477096963857,2.624778804754119
residential_17072210070000,TRUE,TRUE,TRUE,2.12443608423337,0.14436720923493646,0.2024539998905928,2.5872116336822946
residential_17072210110000,TRUE,TRUE,TRUE,2.1194406884583206,0.15029481945463513,0.21417558443490758,2.5925116553570176
residential_17072210120000,TRUE,TRUE,TRUE,2.118213569847399,0.15205185386311054,0.21722520985645916,2.593855064288855
residential_17072210420000,TRUE,TRUE,TRUE,2.1206770168237723,0.14864392242633,0.21117162848348173,2.5911765337812582
residential_17072220170000,TRUE,TRUE,TRUE,2.0590712777689824,0.210390328511019,0.23417428308920082,2.5429735213824816
residential_17072220190000,TRUE,TRUE,TRUE,2.0565320805272096,0.2138309638990012,0.23632375712670517,2.5459069950191298
residential_17072220200000,TRUE,TRUE,TRUE,2.0552763329533486,0.21567454921738832,0.2375225456019519,2.547385727977705
residential_17072240150000,TRUE,TRUE,TRUE,1.9730260963304695,0.13484877535012735,0.1368218700527946,2.4464832632663756
residential_17072240180000,TRUE,TRUE,TRUE,1.96897990091731,0.13608641777764693,0.1407210517053448,2.450995267286041
residential_17073270240000,TRUE,TRUE,TRUE,2.429900412686712,0.06431204077376351,0.1646170085871622,3.19533581492968
residential_17073270250000,TRUE,TRUE,TRUE,2.4242017698910994,0.060961125504894284,0.15918955298822476,3.1902424841800707
residential_17073270260000,TRUE,TRUE,TRUE,2.4185029414789683,0.05797856281274085,0.1537818382250994,3.185151401981477
residential_17074300510000,TRUE,TRUE,FALSE,1.92590573544953,0.05800718000777887,0.09936220008571524,2.7540839267812047
residential_17074350350000,TRUE,TRUE,FALSE,1.9183815490131533,0.08885703483445825,0.0945648018660139,2.76584162592547
residential_17081060390000,TRUE,TRUE,TRUE,1.6281518929341257,0.07299584726285895,0.12114397888131616,1.9540706627499276
residential_17081080330000,TRUE,TRUE,FALSE,1.931638852731763,0.08652835477990073,0.14866046831711063,2.2756962313013678
residential_17081090030000,FALSE,TRUE,TRUE,1.9158812849741254,0.04771066916836877,0.17400919625520164,2.2405035107993583
residential_17081110060000,TRUE,TRUE,FALSE,1.9499533589667277,0.13674021155775196,0.12289596817542013,2.3198076242171983
residential_17081110090000,TRUE,TRUE,TRUE,1.9367543775670255,0.12598493869062583,0.11760043930443215,2.3061038534247746
residential_17081120090000,FALSE,TRUE,TRUE,1.8641335160576866,0.087083366698916,0.11155551872354025,2.2303907945800105
residential_17081130060000,TRUE,TRUE,TRUE,1.8008966217627271,0.10289707473887541,0.11745930125571395,2.1641644712964503
residential_17081140220000,TRUE,TRUE,TRUE,1.6612187139364747,0.06215032139496306,0.14795069548588552,2.0160415826210043
residential_17081140530000,TRUE,TRUE,TRUE,1.6917757517802738,0.094249788152549,0.17076204715539667,2.0662050478239036
residential_17081140540000,TRUE,TRUE,TRUE,1.6876747278461228,0.08978779670174566,0.17075671878154128,2.0619065998860613
residential_17081140550000,TRUE,TRUE,TRUE,1.6835754870786204,0.08533441587377197,0.17075298581926462,2.0576099339993905
residential_17081140890000,FALSE,TRUE,TRUE,1.6951695169936005,0.08578767248690441,0.1581634486290783,2.0784314827828085
residential_17081160070000,FALSE,TRUE,TRUE,1.8440568783979063,0.09664711849115713,0.048499511375772415,2.2540106167546647
residential_17081210210000,TRUE,TRUE,TRUE,1.8734805826218979,0.03274362155835262,0.017107950631814355,2.326658152207532
residential_17081260080000,TRUE,TRUE,TRUE,1.533723620080827,0.09363514193049788,0.27119466425323285,1.9864500808585035
residential_17081300110000,TRUE,TRUE,TRUE,1.8379316172679985,0.0751138654383087,0.10137358321785024,2.357548124144832
residential_17081310100000,TRUE,TRUE,TRUE,1.7712793566804927,0.09225902674218416,0.1002020561275775,2.293080372127155
residential_17081311040000,TRUE,TRUE,TRUE,1.6816609965529659,0.1581120319788704,0.13598975628413426,2.2181311658351834
residential_17081320460000,FALSE,TRUE,TRUE,1.556939112811903,0.152289469088738,0.23760492808301936,2.1136617584731723
residential_17081340330000,TRUE,TRUE,TRUE,1.4369899274460745,0.21530590799240998,0.34846637724658563,1.9955043699196684
residential_17081380070000,TRUE,TRUE,TRUE,1.6113394669434455,0.191402946603582,0.21619287698163853,2.1926250187465213
residential_17083340510000,TRUE,TRUE,TRUE,1.6546052964088207,0.24650137309690417,0.09166468613448062,2.5477011175779616
residential_17083340520000,TRUE,TRUE,TRUE,1.6549058410943176,0.2403359952353953,0.09580242515234075,2.5509944151326
residential_17083340580000,TRUE,TRUE,TRUE,1.6679006943397732,0.23757585221860328,0.0859160955110137,2.562218373867199
residential_17083360200000,FALSE,TRUE,TRUE,1.4810664241554268,0.23508202486139584,0.13728042294707535,2.3895849573399186
residential_17083360220000,FALSE,TRUE,TRUE,1.4813704379210908,0.2271570260592975,0.13101420499040375,2.393938121290568
residential_17091190240000,FALSE,TRUE,FALSE,0.9503740019136707,0.4699262578830107,0.09716178241220268,1.0996787543378854
residential_17091190300000,FALSE,TRUE,FALSE,0.9305892987617784,0.4694096293761336,0.10230034371394416,1.06705110760879
residential_17091190420000,FALSE,TRUE,FALSE,0.9273408924969393,0.46965891610596694,0.09977464574567185,1.0615753084871238
residential_17091190430000,FALSE,TRUE,FALSE,0.9241062402500042,0.46999050897209693,0.09759420957912546,1.056046591801781
residential_17091190440000,FALSE,TRUE,FALSE,0.9209822011762927,0.47042724670371977,0.09589900449627053,1.0507124070436922
residential_17091190450000,TRUE,TRUE,FALSE,0.9337903691126781,0.4693156068787265,0.10520649817541536,1.0725257848680574
residential_17091200190000,FALSE,TRUE,FALSE,0.9059741547240435,0.4735565524023921,0.09256996918654851,1.0233402796623068
residential_17091200200000,FALSE,TRUE,FALSE,0.9083287438898796,0.47281153513596985,0.09251830358937714,1.027474708938481
residential_17091200210000,FALSE,TRUE,FALSE,0.9106584767508081,0.4721731265537926,0.09253702585756275,1.031648331029387
residential_17091200220000,FALSE,TRUE,FALSE,0.9131501359214717,0.47155386640934227,0.09273763052488439,1.0360712772725764
residential_17091220110000,TRUE,FALSE,FALSE,0.8920939128265123,0.553838514266624,0.015553001051935637,1.1618817499850946
residential_17171050110000,TRUE,TRUE,TRUE,1.3876919649415278,0.164110416908789,0.1044305567600922,2.357870716097573
residential_17171050740000,TRUE,TRUE,TRUE,1.4389278862695132,0.0956071759306441,0.037173240875621995,2.411879682070246
residential_17171050760000,TRUE,TRUE,TRUE,1.4368623319885108,0.09960549785289412,0.039961295829160755,2.411697636032528
residential_17171050780000,TRUE,TRUE,TRUE,1.4364535496784983,0.10253593538727429,0.041264321007304726,2.412797352571164
residential_17171050800000,TRUE,TRUE,TRUE,1.4359881269826418,0.10552075097669679,0.042818400615572905,2.4138540542127194
residential_17171050820000,TRUE,TRUE,TRUE,1.4356177048507595,0.10850535255465152,0.044473601628083566,2.4150073275241994
residential_17171050840000,TRUE,TRUE,TRUE,1.4352178407829324,0.11150379789637742,0.04630968895733015,2.4157979775622547
residential_17171050860000,TRUE,TRUE,TRUE,1.4348947420701532,0.11445808506403231,0.04820772276631066,2.414011204627634
residential_17171050880000,TRUE,TRUE,TRUE,1.4344737527377378,0.11743923841908926,0.050296749821588334,2.4121476132317534
residential_17171050900000,TRUE,TRUE,TRUE,1.4347514283967886,0.12028537471264326,0.05203054223922308,2.410824546272856
residential_17171050920000,TRUE,TRUE,TRUE,1.4344043450480692,0.12330823235105191,0.0543175231162659,2.4089935542661545
residential_17171050940000,TRUE,TRUE,TRUE,1.4340348631426072,0.12649870151844136,0.05681988453970966,2.4070600844272705
residential_17171050960000,TRUE,TRUE,TRUE,1.423073077252268,0.12976760091980052,0.0644189606041191,2.3981244320795723
residential_17171050970000,TRUE,TRUE,TRUE,1.4239320182029822,0.12646844745190125,0.06183703672203402,2.400474349788355
residential_17171050980000,TRUE,TRUE,TRUE,1.4243041523518354,0.12353136904897274,0.059832886803149785,2.40232216284652
residential_17171050990000,TRUE,TRUE,TRUE,1.4246781480169564,0.12060204180589895,0.057930059864162234,2.404170519139791
residential_17171051000000,TRUE,TRUE,TRUE,1.425050399170524,0.11769379082139347,0.05614819932985951,2.4060103118474125
residential_17171051010000,TRUE,TRUE,TRUE,1.4254573974078428,0.11478265506442074,0.0544609567860328,2.4069419713306845
residential_17171051020000,TRUE,TRUE,TRUE,1.4258451505211527,0.11188275162434004,0.05292336804644039,2.4058068418317227
residential_17171051030000,TRUE,TRUE,TRUE,1.426248212914213,0.10899677160611808,0.05152450254983712,2.404685664685399
residential_17171051040000,TRUE,TRUE,TRUE,1.4266573581201762,0.10612896659529503,0.05028356859010018,2.4035696888498608
residential_17171051050000,TRUE,TRUE,TRUE,1.4270732603366645,0.10327608150688465,0.04921004618783809,2.4024572931997357
residential_17171051060000,TRUE,TRUE,TRUE,1.426773600108145,0.10028936587976257,0.04895754866267584,2.400401298602948
residential_17171051070000,TRUE,TRUE,TRUE,1.41695748167781,0.10497168819511697,0.05862178126360198,2.391136647140425
residential_17171051080000,TRUE,TRUE,TRUE,1.4156375287813021,0.10871216727250517,0.06029574956340291,2.391765465342645
residential_17171051090000,TRUE,TRUE,TRUE,1.4151699052574096,0.11176879915218657,0.06130266554542133,2.39302454368858
residential_17171051100000,TRUE,TRUE,TRUE,1.4147107101853127,0.11485515325147237,0.06249225658362863,2.394290081221851
residential_17171051110000,TRUE,TRUE,TRUE,1.4142613224434282,0.11795720923792143,0.06384974160578359,2.395556695541263
residential_17171051120000,TRUE,TRUE,TRUE,1.4138200317552319,0.12108474916678597,0.06536914610375182,2.396829136472222
residential_17171051130000,TRUE,TRUE,TRUE,1.413387043533243,0.12423452183575985,0.0670391795743318,2.3955075798454204
residential_17171051140000,TRUE,TRUE,TRUE,1.4260609853428186,0.11409383266919278,0.05372624226988331,2.407258528610951
residential_17171051150000,TRUE,TRUE,TRUE,1.4125427938096295,0.13060161338306978,0.07079428705862989,2.391333695603381
residential_17171051160000,TRUE,TRUE,TRUE,1.4129615251815808,0.13346995917592347,0.07218762369684317,2.389926644421617
residential_17171130310000,TRUE,TRUE,TRUE,1.496410158624617,0.07582202358816875,0.07465753067381023,2.3838897080281876
residential_17172030100000,TRUE,TRUE,FALSE,1.1616141187894895,0.20639483270969464,0.16429173699273297,2.1747812002734515
residential_17172050180000,TRUE,TRUE,FALSE,1.123337278218805,0.15090699628852353,0.10262980873659129,2.121066835720823
residential_17172050190000,TRUE,TRUE,FALSE,1.1188332672136565,0.14634992997032786,0.0981790786452927,2.1168894786545183
residential_17172050200000,TRUE,TRUE,FALSE,1.114359439282243,0.14182362600848747,0.09376891528681329,2.1127413424223342
residential_17172050460000,TRUE,TRUE,FALSE,1.1100714863528243,0.1374852412641656,0.08955286976643814,2.1087657727568088
residential_17172050470000,TRUE,TRUE,FALSE,1.105596837091498,0.13295859273386562,0.08516771148955177,2.1046189609834136
residential_17172100410000,TRUE,TRUE,TRUE,1.335849127932174,0.15564393419301498,0.1423307767327454,2.3050831934661655
residential_17172100480000,TRUE,TRUE,TRUE,1.3221255492085218,0.1646713233186676,0.1588128047422824,2.2841969721567215
residential_17172100520000,TRUE,TRUE,TRUE,1.336028570002236,0.14967708738146057,0.1465798747869091,2.2918557896317178
residential_17172100650000,TRUE,TRUE,TRUE,1.305400496701293,0.18075398244292068,0.1757742899771172,2.2684124948426656
residential_17172100680000,TRUE,TRUE,TRUE,1.3028460177989478,0.18601734632446681,0.17576595974354767,2.2739545266512686
residential_17172100780000,TRUE,TRUE,TRUE,1.2852723191232394,0.20035791732213626,0.1961156125374905,2.249667368317899
residential_17172100950000,TRUE,TRUE,TRUE,1.2685677787783898,0.21676044488619092,0.2129548407901773,2.234267755012542
residential_17172100970000,TRUE,TRUE,TRUE,1.2622530455783245,0.22456790937975898,0.21695972562932744,2.2356115870757893
residential_17172260190000,FALSE,TRUE,TRUE,1.0850336521225983,0.2605740536541654,0.16832303416119504,1.9094704226798445
residential_17173030160000,TRUE,TRUE,TRUE,1.7822717992757142,0.1255007549889226,0.08507533224782682,2.496553401841954
residential_17173080150000,TRUE,TRUE,TRUE,1.5059273280298604,0.19635066879098192,0.11554752995247008,2.2189335558750747
residential_17173170340000,TRUE,TRUE,TRUE,1.8717755617175498,0.18026584128592443,0.08727203706109946,2.506543013925055
residential_17173230210000,TRUE,TRUE,TRUE,1.643174670175572,0.22403417070067305,0.09713955408868168,2.201745770767838
residential_17173230250000,TRUE,TRUE,TRUE,1.6564194999876667,0.23564343858507927,0.10691341814044582,2.208433411806372
residential_17173230290000,TRUE,TRUE,TRUE,1.6555210357258523,0.23797023274282528,0.09275555591908786,2.2165575525493897
residential_17173230300000,TRUE,TRUE,TRUE,1.6535766986680114,0.2368218782288535,0.08932275690487207,2.2167700178659393
residential_17173290790000,FALSE,TRUE,TRUE,1.8947480140735888,0.19134067440478392,0.22379441593295832,2.404327303507542
residential_17173340230000,TRUE,TRUE,TRUE,1.758933965863911,0.2710604705354655,0.16840198097955575,2.217987939485823
residential_17173340240000,TRUE,TRUE,TRUE,1.755450968285194,0.2675053779811339,0.16795577542136353,2.213564273296703
residential_17173340250000,TRUE,TRUE,TRUE,1.7530623804801777,0.26509019584119065,0.1676414480841679,2.2105339751763924
residential_17173340260000,TRUE,TRUE,TRUE,1.7506758055516285,0.2626877369659262,0.16738135561578932,2.2075036758287405
residential_17173340270000,TRUE,TRUE,TRUE,1.7482911985077567,0.26029841081039706,0.1671758405441651,2.2044733777095327
residential_17173340280000,TRUE,TRUE,TRUE,1.7459085940678973,0.2579225534937831,0.16702505957982838,2.2014430795904367
residential_17173340290000,TRUE,TRUE,TRUE,1.7435280004355154,0.2555605406677548,0.1669291610507948,2.198412781471148
residential_17173340300000,TRUE,TRUE,TRUE,1.7411494258658522,0.25321275975821805,0.16688823955738377,2.1953824833527373
residential_17173340310000,TRUE,TRUE,TRUE,1.7387728786367291,0.2508796103268689,0.1668955856530509,2.1923521852337573
residential_17173340320000,TRUE,TRUE,TRUE,1.7356570498258486,0.2486817049244829,0.16759358144369563,2.1889084439953312
residential_17174100270000,FALSE,TRUE,TRUE,1.4393985028793168,0.07811449559517494,0.01933430379257537,2.0599902173430356
residential_17174120460000,FALSE,TRUE,TRUE,1.374974254303153,0.0602857388634853,0.07144778469203758,1.9831080841727653
residential_17174200140000,TRUE,TRUE,TRUE,1.4206873655337824,0.027997616111731526,0.033345501033910124,1.9769810306200246
residential_17174200470000,TRUE,TRUE,TRUE,1.4361675792280624,0.08204877727499645,0.011370544937909838,1.9518565478075547
residential_17174260370000,TRUE,TRUE,TRUE,1.6172986305814447,0.19850602262606004,0.07170886463971318,2.110237139272937
residential_17181270350000,FALSE,TRUE,TRUE,2.860801000379634,0.06313404870950717,0.07342906114605285,3.6643114260234584
residential_17183280430000,TRUE,TRUE,TRUE,2.931631517780123,0.18344443030384874,0.27523408152021633,3.5706923212316357
residential_17191100250000,TRUE,TRUE,TRUE,3.0221435940966317,0.30311241216431845,0.5068529743960829,3.5717448804557432
residential_17193060490000,TRUE,TRUE,FALSE,3.368127607234106,0.26336038212859536,0.49085352902203533,3.736508984919479
residential_17194070080000,TRUE,TRUE,TRUE,2.5659005534685315,0.07570506667517307,0.183120811171227,2.81890062035974
residential_17202000800000,TRUE,TRUE,TRUE,1.7458330842326253,0.14703385226588475,0.09001066535285915,2.129238203801238
residential_17203010080000,TRUE,TRUE,TRUE,2.333213052715869,0.047443765261919756,0.14903703186848086,2.5513158232767035
residential_17203010100000,TRUE,TRUE,TRUE,2.326766326042196,0.04289498489442309,0.1490227114246096,2.542449636123842
residential_17203010160000,TRUE,TRUE,TRUE,2.3074740243512615,0.0400094056939969,0.14899700623197065,2.5157772478257003
residential_17203050510000,FALSE,TRUE,TRUE,2.245063344038509,0.15347370314156566,0.07736673796515153,2.3877704355947755
residential_17203050650000,FALSE,TRUE,TRUE,2.1991013241260813,0.16619236677550278,0.13092073617827182,2.367802296046487
residential_17203060210000,TRUE,TRUE,TRUE,2.160364375911261,0.22106305417280692,0.13315978558491579,2.312829072943827
residential_17204040110000,TRUE,TRUE,TRUE,1.9723602207737136,0.11063362372354887,0.20487263841845127,1.9564540958255798
residential_17204050330000,TRUE,TRUE,TRUE,1.9339383634304779,0.18399414237635653,0.1325932563975189,1.8388590104529348
residential_17204060050000,TRUE,TRUE,TRUE,1.877489126549064,0.1916475960806646,0.18051880204579304,1.7934935884553056
residential_17204060080000,TRUE,TRUE,TRUE,1.89012848213896,0.1810316738046295,0.16631975861995385,1.7982009084200437
residential_17204270260000,TRUE,TRUE,TRUE,2.116187723807411,0.056127520569377705,0.055239828432671105,1.8763951203144447
residential_17204340070000,TRUE,TRUE,TRUE,2.1766800272129543,0.05169237535788038,0.0982389879074822,1.950332464403757
residential_17204340090000,TRUE,TRUE,TRUE,2.1725497872188884,0.04294237567502343,0.09416040147624165,1.9408694314725443
residential_17204340110000,TRUE,TRUE,TRUE,2.168453123823138,0.034573942657837406,0.09088803475756652,1.9314085609672507
residential_17204340120000,TRUE,TRUE,TRUE,2.166416473919031,0.03062929510620133,0.08958178811385514,1.926677129495809
residential_17204340130000,TRUE,TRUE,TRUE,2.164390048468398,0.026938503766846346,0.08851158716103738,1.921945708873291
residential_17211170360000,TRUE,FALSE,FALSE,1.57328811937083,0.43149530917570966,0.30849226637986416,1.6115833921238698
residential_17211170370000,TRUE,FALSE,FALSE,1.5786793425186274,0.42534948088834623,0.30282923802634215,1.612727668288285
residential_17211170380000,TRUE,FALSE,FALSE,1.583837626473693,0.4194804530944578,0.2974426963098735,1.6138507341998491
residential_17211170390000,TRUE,FALSE,FALSE,1.5890010764295166,0.41361152922811945,0.29207506889467827,1.6149948541409072
residential_17211170400000,TRUE,FALSE,FALSE,1.594169621528825,0.407742702610797,0.28672738443236256,1.616159927416446
residential_17211170410000,TRUE,FALSE,FALSE,1.599342927287958,0.4018738246308992,0.2814003059750343,1.617345110462009
residential_17211170420000,TRUE,FALSE,FALSE,1.6045210323220456,0.39600514566050893,0.2760955037013548,1.618550907846285
residential_17211170430000,TRUE,FALSE,FALSE,1.6097038553787977,0.39013637154770126,0.270813763682577,1.6197767459794
residential_17211170440000,TRUE,FALSE,FALSE,1.6148909446310744,0.3842678073291602,0.26555662203902797,1.6210222360626116
residential_17211170450000,TRUE,FALSE,FALSE,1.6200832168049735,0.37839931135184246,0.2603261572155998,1.6222890186886092
residential_17211170460000,TRUE,FALSE,FALSE,1.6252801692293788,0.37253088305217374,0.2551235976170405,1.6235761307693317
residential_17211170470000,TRUE,FALSE,FALSE,1.6306998182985184,0.36640999139976593,0.2497233788115526,1.6249284817206406
residential_17211200340000,TRUE,FALSE,FALSE,1.6473700533999562,0.36931617440216663,0.2685605400574369,1.6595076917867004
residential_17211200350000,TRUE,FALSE,FALSE,1.641969145073369,0.37542438880191037,0.27361293434670836,1.6581632854194623
residential_17211200360000,TRUE,FALSE,FALSE,1.6367371833473925,0.38134234157277824,0.27854473648992184,1.6568721547138159
residential_17211200370000,TRUE,FALSE,FALSE,1.6315931715053016,0.38716785855737695,0.2834371597982901,1.6556215774182843
residential_17211200380000,TRUE,FALSE,FALSE,1.62645407157468,0.39299473907850296,0.2883661147647065,1.6543908694983367
residential_17211200390000,TRUE,FALSE,FALSE,1.6213199556327613,0.3988228934816172,0.29332973355022157,1.6531800796535139
residential_17211200400000,TRUE,FALSE,FALSE,1.616190839143936,0.4046523149657518,0.29832633511130535,1.6519892612258982
residential_17211200410000,TRUE,FALSE,FALSE,1.6110667897291813,0.41048296676010465,0.3033543285972193,1.6508185120476941
residential_17211200420000,TRUE,FALSE,FALSE,1.6059478098381983,0.41276316090434173,0.3084120710081286,1.6496677280134053
residential_17211200430000,TRUE,FALSE,FALSE,1.6008340907175382,0.4105539419802377,0.31349819120249,1.648537169302724
residential_17211200440000,TRUE,FALSE,FALSE,1.5957255491231428,0.4084172112006426,0.3186113149017875,1.6474267178358115
residential_17211200450000,TRUE,FALSE,FALSE,1.5904175037183301,0.4062613448306459,0.32396688688990044,1.6463019761479014
residential_17211230260000,TRUE,FALSE,FALSE,1.6937025865395587,0.31727652754782665,0.227713552939052,1.6719234852860603
residential_17211230270000,TRUE,FALSE,FALSE,1.6878071459219361,0.323864852731783,0.23263085327144228,1.6702608367459388
residential_17211230280000,TRUE,FALSE,FALSE,1.6819650264914512,0.3304026436134224,0.23759210751199247,1.668635986505379
residential_17211230290000,TRUE,FALSE,FALSE,1.6761286033073888,0.336943210274595,0.24263194592131293,1.6670357537024862
residential_17211230300000,TRUE,FALSE,FALSE,1.6702144976347137,0.34358012686206346,0.2478193512160018,1.6654378720581755
residential_17211230310000,TRUE,FALSE,FALSE,1.6641630011652173,0.3503869425902335,0.2532160315930991,1.663835358871551
residential_17211230380000,TRUE,FALSE,FALSE,1.7094544355890142,0.30595001307041414,0.22488985970667044,1.6839948280474517
residential_17211230390000,TRUE,FALSE,FALSE,1.707835668110091,0.30531451643895374,0.2223483130478744,1.6806245091210572
residential_17211230410000,TRUE,FALSE,FALSE,1.7058996395230979,0.3046026685602765,0.2193315394017557,1.6765789339019883
residential_17211250080000,TRUE,FALSE,FALSE,1.6481098362624336,0.34600143487204,0.231281092159663,1.6281915879103528
residential_17211250090000,TRUE,FALSE,FALSE,1.654350899854982,0.3389847397832193,0.22526609196749467,1.6298562944480564
residential_17211250100000,TRUE,FALSE,FALSE,1.6585184670181778,0.33430426406823927,0.22128764679214888,1.6309845431630348
residential_17211250110000,TRUE,FALSE,FALSE,1.666857105037577,0.3249462683735352,0.2134163793563421,1.633273778585226
residential_17211250120000,TRUE,FALSE,FALSE,1.6722988717693326,0.3188475067798681,0.20835438310093224,1.6347957116437253
residential_17211250130000,TRUE,FALSE,FALSE,1.6780371145085538,0.3132416174997986,0.20459333646783637,1.6376992445276364
residential_17211280030000,TRUE,TRUE,TRUE,1.6996756973545564,0.2719476993423392,0.05171049962504608,1.4935946120228232
residential_17211280040000,TRUE,TRUE,TRUE,1.7134045717995667,0.26069216429223535,0.037241129542623895,1.4989680687820233
residential_17211280050000,TRUE,TRUE,TRUE,1.711606836481608,0.2643131506578735,0.03727523529510126,1.493846674074896
residential_17211280060000,TRUE,TRUE,TRUE,1.7098267818469588,0.26799515995098727,0.037328918254427204,1.4887310404121796
residential_17211280070000,TRUE,TRUE,TRUE,1.7080617716337911,0.2717391611933014,0.03794411995245359,1.4836172712244993
residential_17211280080000,TRUE,TRUE,TRUE,1.704773935847688,0.27906399762436473,0.04115500940206611,1.4738007553270556
residential_17211320110000,TRUE,TRUE,TRUE,1.7388382232299073,0.22024409818421706,0.0759050334876293,1.5934718183326568
residential_17211320120000,TRUE,TRUE,TRUE,1.7447086974581658,0.21420554262263072,0.07101825259670738,1.595857140929564
residential_17211320220000,TRUE,TRUE,TRUE,1.7387645854245444,0.21952823903853352,0.056333531432783586,1.5741019814430965
residential_17211320230000,TRUE,TRUE,TRUE,1.7355102905967572,0.2227385234447453,0.059659404742894134,1.5729042401013282
residential_17211320270000,TRUE,TRUE,TRUE,1.7372686072129886,0.2221118764115533,0.0494148423004758,1.5620388775562188
residential_17211320280000,TRUE,TRUE,TRUE,1.733503303346574,0.22569993846134875,0.05344394842873144,1.560637599832387
residential_17211320290000,TRUE,TRUE,TRUE,1.7302393701729533,0.2288234042765196,0.056938971337136955,1.5594300019878635
residential_17211320300000,TRUE,TRUE,TRUE,1.7248320625752036,0.2340055004818329,0.06282841688799609,1.5576122150228406
residential_17211320310000,TRUE,TRUE,TRUE,1.7302848086047182,0.2297207421464705,0.05375540345189976,1.5532745268412462
residential_17211320320000,TRUE,TRUE,TRUE,1.7290279825644799,0.23142317414431496,0.053770835382935714,1.5500176417780493
residential_17211320330000,TRUE,TRUE,TRUE,1.7278022693988673,0.23313194815087226,0.05378040299675535,1.5468153303668075
residential_17211320340000,TRUE,TRUE,TRUE,1.7265824249024346,0.23487788806870344,0.053789982508081036,1.5436139273832123
residential_17211320350000,TRUE,TRUE,TRUE,1.7256725399264639,0.23642888563998796,0.05285822905699515,1.5403510332564672
residential_17211320370000,TRUE,TRUE,TRUE,1.724130104020352,0.239061446597932,0.04948063547115927,1.5352181019829731
residential_17211320380000,TRUE,TRUE,TRUE,1.7223889995152462,0.2418176407670522,0.04675052272869167,1.5305513502810821
residential_17211320390000,TRUE,TRUE,TRUE,1.7211765472038865,0.24379420102399618,0.045058752456454694,1.5272730441040987
residential_17211320400000,TRUE,TRUE,TRUE,1.719970462044072,0.2458047234173121,0.04358352016063076,1.5239958341507964
residential_17211320410000,TRUE,TRUE,TRUE,1.719137683591373,0.24762686571968612,0.041766923652946014,1.5206018226945228
residential_17211330140000,TRUE,FALSE,FALSE,1.7235712376645826,0.28582351555000407,0.20725244793906444,1.6828564665341814
residential_17211330150000,TRUE,FALSE,FALSE,1.727192336556526,0.2818144987947269,0.20463741834130333,1.6839565269794234
residential_17211330160000,TRUE,FALSE,FALSE,1.730222408362923,0.27846299194320123,0.20248735078980015,1.6848835928510772
residential_17211330170000,TRUE,FALSE,FALSE,1.7476186315345958,0.2592789731722525,0.19086994245184405,1.6903205205771847
residential_17211330180000,TRUE,FALSE,FALSE,1.7515240872157651,0.25498623519140123,0.18844555931493567,1.6915677624253294
residential_17213000300000,FALSE,TRUE,TRUE,1.8136962361765552,0.16197096087677848,0.11847921046941799,1.6809367538537654
residential_17213040020000,FALSE,TRUE,TRUE,1.7725740419334188,0.1855958556898136,0.04593667514415269,1.6029801200211409
residential_17213040090000,TRUE,TRUE,TRUE,1.7845655888804448,0.17369543464932458,0.03853147521384222,1.6062487636328187
residential_17213040310000,TRUE,TRUE,TRUE,1.781242759258057,0.17906262349195692,0.01757343747341852,1.5887053087604803
residential_17213040320000,TRUE,TRUE,TRUE,1.7854704133740162,0.17517387688332742,0.016325353296237594,1.5903667954644514
residential_17213040370000,TRUE,TRUE,TRUE,1.806631765340416,0.15625991075776063,0.01615377350612058,1.5988326275398377
residential_17213060230000,TRUE,TRUE,TRUE,1.8051144359416573,0.1988067720405184,0.020319835648423115,1.5354754439654545
residential_17213060250000,TRUE,TRUE,TRUE,1.8159037394755841,0.19339677662817875,0.026291197729685304,1.5401779419463808
residential_17213060260000,TRUE,TRUE,TRUE,1.822350590887923,0.1904156784992614,0.03131737915648806,1.5430205859155863
residential_17213060290000,TRUE,TRUE,TRUE,1.83522483689593,0.18506824427554602,0.04283108198138326,1.548767843997254
residential_17213060390000,TRUE,TRUE,TRUE,1.7985995702547464,0.21735304691701418,0.024014190473647067,1.5162622071509808
residential_17213060420000,TRUE,TRUE,TRUE,1.8115283423746498,0.2115184301114208,0.0365061029753794,1.5219597199086514
residential_17213170220000,FALSE,TRUE,TRUE,1.9390256600106937,0.0924465690944341,0.11295757922306275,1.6511338598271543
residential_17213180020000,FALSE,TRUE,TRUE,1.9083509658895006,0.11713437694088862,0.08809285670995491,1.624254810302576
residential_17213240190000,TRUE,TRUE,TRUE,1.970117970727867,0.19314333772709166,0.17938165622914815,1.5593233818089673
residential_17221060970000,TRUE,TRUE,TRUE,1.4826756378195451,0.32189420391399903,0.011754251118287897,0.7162546880393617
residential_17221061020000,TRUE,TRUE,TRUE,1.4664846226277544,0.30614429856618663,0.027779863125034675,0.7095332249102111
residential_17221061030000,TRUE,TRUE,TRUE,1.463168870450514,0.3030050934481594,0.031123019844079076,0.7078556037038097
residential_17221061060000,TRUE,TRUE,TRUE,1.4532863695553775,0.2937386685795887,0.041134404768835675,0.7026694341665903
residential_17221061080000,TRUE,TRUE,TRUE,1.4467278496450076,0.2877223526334218,0.04785477567373434,0.6988697849238342
residential_17221061090000,TRUE,TRUE,TRUE,1.443405145644389,0.2846612922974188,0.051242953763353485,0.6970556846665603
residential_17221061110000,TRUE,TRUE,TRUE,1.4395348696945156,0.2808862449759078,0.05504048991941207,0.6957799259440001
residential_17221061120000,TRUE,TRUE,TRUE,1.43674308599807,0.27837706453602606,0.057923521934930736,0.694078918412525
residential_17223070930000,FALSE,TRUE,TRUE,1.8464885622173222,0.32333087256194554,0.026706490478405488,0.6224603537307405
residential_17271090520000,TRUE,TRUE,TRUE,2.3264280736449208,0.04791416888045241,0.18814447309671878,0.7591404148252089
residential_17271090530000,TRUE,TRUE,TRUE,2.3183548239914042,0.055541404883962274,0.19162484284788348,0.7572969144756871
residential_17271290810000,TRUE,TRUE,TRUE,2.6633261361321936,0.13199746152451206,0.2865979014395355,0.4572285285693051
residential_17282200300000,TRUE,FALSE,FALSE,2.367727342512379,0.06638086872849483,0.09465272502975505,1.1634779168669684
residential_17282220350000,TRUE,TRUE,TRUE,2.4338079876934073,0.10156086232130417,0.021489714539938733,1.2327520980758302
residential_17293030050000,TRUE,FALSE,FALSE,3.2996406069087616,0.5935363087716823,0.021001499745921342,2.814196128893803
residential_17293030060000,TRUE,FALSE,FALSE,3.3040063287088604,0.5936141376594019,0.023194537813460567,2.8166619672963966
residential_17293030070000,TRUE,FALSE,FALSE,3.3080769985457046,0.5935749427220018,0.025845109354410124,2.818847370411474
residential_17293030080000,TRUE,FALSE,FALSE,3.31214764870035,0.5935636928336563,0.028828709999880096,2.8210369673364446
residential_17293030090000,TRUE,FALSE,FALSE,3.316218327652887,0.5935803832452433,0.03205250981693181,2.823230769119388
residential_17293030100000,TRUE,FALSE,FALSE,3.3203363383860967,0.59362565528996325,0.03549139508462034,2.825454298879539
residential_17293030110000,TRUE,FALSE,FALSE,3.3263948036208912,0.5937442182732082,0.04078018758941365,2.8287333346299315
residential_17293030120000,TRUE,FALSE,FALSE,3.3305126003061534,0.5938602143308009,0.04448704156867111,2.8309673686583054
residential_17293030130000,TRUE,FALSE,FALSE,3.3345830827562803,0.5940029078862217,0.04821692294904182,2.8331798791514125
residential_17293030140000,TRUE,FALSE,FALSE,3.338653519815335,0.5941734528430003,0.051081447241863934,2.835396481575884
residential_17293030150000,TRUE,FALSE,FALSE,3.342723971355954,0.5943717825579541,0.05140089000789049,2.837617161427203
residential_17293030160000,TRUE,FALSE,FALSE,3.34679444105404,0.5945980076310412,0.05172024196148072,2.8398420262004485
residential_17293030170000,TRUE,FALSE,FALSE,3.333483656837181,0.5965592361386745,0.04622026098441192,2.8347507332382245
residential_17293030180000,TRUE,FALSE,FALSE,3.3400014052176266,0.5814720942192698,0.05902242339289659,2.825476980547678
residential_17293030190000,TRUE,FALSE,FALSE,3.3342859964685205,0.5799598000908753,0.055007685248448714,2.821297904210863
residential_17293030200000,TRUE,FALSE,FALSE,3.3306380747976645,0.5779408353249142,0.053322850668362516,2.817728474833874
residential_17293030210000,TRUE,FALSE,FALSE,3.326966825430589,0.5759478568277564,0.05188729413251157,2.8141509901186703
residential_17293050190000,TRUE,FALSE,FALSE,3.2634965382591243,0.5767493875622054,0.020567135671304665,2.7792161074114863
residential_17293090600000,TRUE,FALSE,FALSE,3.3758926423133717,0.5446654220073975,0.0939217275499462,2.812191899319759
residential_17293090610000,TRUE,FALSE,FALSE,3.3811327989917164,0.5355513788615607,0.1023377844691949,2.806990848379913
residential_17293090620000,TRUE,FALSE,FALSE,3.3732460003282196,0.5492349435682039,0.08995416580005328,2.814775359278153
residential_17293090640000,TRUE,FALSE,FALSE,3.378509162132056,0.5400990964570858,0.09806294858041634,2.8095870858214638
residential_17293090650000,TRUE,FALSE,FALSE,3.3863787521371305,0.5265520463891894,0.1111874932779969,2.8018461027718473
residential_17293200150000,TRUE,FALSE,FALSE,3.4958165560240504,0.4331805123596713,0.25455262136613316,2.7617638816970977
residential_17293200470000,TRUE,FALSE,FALSE,3.5147621471283585,0.4117771880522585,0.2636092676576126,2.746901231925236
residential_17293200480000,TRUE,FALSE,FALSE,3.517216349009168,0.40918699649859946,0.26364120361607724,2.7450217748484
residential_17293310110000,TRUE,FALSE,FALSE,3.3608544592601,0.5629151486929538,0.08105364927506063,2.820306854201968
residential_17293310120000,TRUE,FALSE,FALSE,3.365140104727959,0.5655225802193108,0.07706596802925528,2.824540829149285
residential_17293310130000,TRUE,FALSE,FALSE,3.369427372162212,0.5681589366753833,0.07317990455981213,2.8287766467003075
residential_17293310140000,TRUE,FALSE,FALSE,3.373715998447625,0.5708241278988396,0.06941232433041034,2.8330144367515127
residential_17293310150000,TRUE,FALSE,FALSE,3.378006201640456,0.5735174853470755,0.06578378330195597,2.837254071678134
residential_17293310160000,TRUE,FALSE,FALSE,3.3822978132042993,0.5762388266028443,0.06231840696871991,2.8414956454647524
residential_17293310170000,TRUE,FALSE,FALSE,3.3865909096219977,0.5789875366317321,0.05904513937008743,2.8457390025058626
residential_17294040330000,TRUE,FALSE,FALSE,2.8009930156862923,0.5928657062613758,0.21643655785928148,2.2431591463735003
residential_17311040270000,TRUE,TRUE,TRUE,4.437977547379186,0.13095202581885107,0.23514420739819356,3.9177672125012086
residential_17311040610000,TRUE,TRUE,TRUE,4.437567145554926,0.10109351455848409,0.2093078812657533,3.8978736611236764
residential_17311040620000,TRUE,TRUE,TRUE,4.441176606827233,0.0986869420893687,0.20891883857383528,3.8987290216435944
residential_17311070410000,TRUE,TRUE,TRUE,4.16741229232972,0.2704165085259678,0.21515371786003679,3.680029684253025
residential_17311070420000,TRUE,TRUE,TRUE,4.170992686770987,0.26622112985568913,0.2106415946848644,3.68069738089276
residential_17311070500000,TRUE,TRUE,TRUE,4.160458556654978,0.27773795864347,0.2217934211937748,3.676601615488947
residential_17311070510000,TRUE,TRUE,TRUE,4.143754986785482,0.2965190927594131,0.24070377128962522,3.671313622290469
residential_17311070520000,FALSE,TRUE,TRUE,4.150385483807215,0.2918293130883115,0.2395628188902745,3.679825385497135
residential_17311070530000,TRUE,TRUE,TRUE,4.153979251318723,0.28946483123697225,0.23929079068501552,3.6846492689513224
residential_17311070540000,TRUE,TRUE,TRUE,4.157575797108953,0.28716189652697305,0.2391160225103683,3.689473666692956
residential_17311080110000,TRUE,TRUE,TRUE,4.133160902422457,0.2956080247745746,0.20941399241464803,3.6186580619724635
residential_17311120160000,TRUE,TRUE,TRUE,4.349870668263835,0.09001717385542556,0.12315085597226991,3.79531085174968
residential_17311120330000,TRUE,TRUE,TRUE,4.304824292360077,0.13133529081213857,0.12288535619625127,3.7623760569210085
residential_17311130400000,TRUE,TRUE,TRUE,4.298632557506675,0.1332373500323152,0.053992557190360085,3.707827017097052
residential_17311140050000,TRUE,TRUE,TRUE,4.234844802539534,0.19549735039941185,0.1020080888227345,3.662570568365553
residential_17311140250000,TRUE,TRUE,TRUE,4.308037990306234,0.14620738081566473,0.011278125087107385,3.6797965626375317
residential_17311140450000,TRUE,TRUE,TRUE,4.274333637597105,0.17914815604524129,0.033837155800731614,3.6491587587943846
residential_17311140490000,FALSE,TRUE,TRUE,4.289089619858747,0.17289352101796607,0.015666533838430752,3.652784026512201
residential_17311150060000,TRUE,TRUE,TRUE,4.201666071842622,0.24138428414249374,0.09998788352939526,3.6014369492051155
residential_17311150310000,TRUE,TRUE,TRUE,4.186036832981068,0.26428950933929085,0.10918434400984398,3.5748520661096763
residential_17311150340000,FALSE,TRUE,TRUE,4.1971672646134035,0.2576644903274892,0.09721582064038305,3.5774237870373327
residential_17311160270000,FALSE,TRUE,TRUE,4.1502552414943645,0.3202729545946401,0.14832480699320175,3.512757265629429
residential_17311160280000,FALSE,TRUE,TRUE,4.154011395080981,0.31840091212780086,0.14536907615189795,3.513635833028168
residential_17311160290000,FALSE,TRUE,TRUE,4.1577692614764645,0.316586070384594,0.14249937137278415,3.514516698988925
residential_17311180390000,TRUE,TRUE,TRUE,4.530015571032051,0.10615000737347435,0.2085117864307383,3.9218851769583303
residential_17311200300000,TRUE,TRUE,TRUE,4.441905766824973,0.0602519148171404,0.08359305581622349,3.796514846607403
residential_17312120220000,TRUE,TRUE,TRUE,3.9082999137272614,0.3713242365084835,0.1451064863186425,3.188638580855094
residential_17312170190000,FALSE,TRUE,TRUE,4.0455246311087025,0.25642470029564085,0.23069428645120318,3.3042585966402873
residential_17313000310000,TRUE,TRUE,FALSE,4.582881112214792,0.15571374286766446,0.2038064660595906,3.930322656233609
residential_17313080320000,TRUE,TRUE,FALSE,4.651223629793065,0.22426284561251852,0.14522038259560702,3.97955288803301
residential_17313080330000,TRUE,TRUE,FALSE,4.648502721475308,0.22199258025700003,0.14529277310983243,3.975089939428889
residential_17314150110000,TRUE,TRUE,FALSE,4.254973018147157,0.12764168013349148,0.3404756541921695,3.1501778349168394
residential_17314150130000,TRUE,TRUE,FALSE,4.263138097950248,0.13507947343305565,0.34956752140519437,3.1526864723905548
residential_17314220220000,TRUE,TRUE,FALSE,4.374894412584472,0.052571597984842275,0.42405488875038133,3.2164950113216526
residential_17314290530000,TRUE,TRUE,FALSE,4.527287851079879,0.10510834716204412,0.3379356124828846,3.342449383382781
residential_17314290540000,TRUE,TRUE,FALSE,4.531792291979045,0.10956147329970446,0.3379031017113414,3.344115658218288
residential_17314290550000,TRUE,TRUE,FALSE,4.536297800700585,0.1140615838096854,0.3378706199203609,3.345788604858656
residential_17314290560000,TRUE,TRUE,FALSE,4.5408044164879495,0.1186033701979184,0.3378380420068257,3.3474683265243828
residential_17314290600000,TRUE,TRUE,FALSE,4.554330618135031,0.1324355048206372,0.33785784254346485,3.3525472988133163
residential_17314290620000,TRUE,TRUE,FALSE,4.563353460744634,0.1417956567974456,0.33788438085797057,3.355966608661108
residential_17314290630000,TRUE,TRUE,FALSE,4.567866480679505,0.14650939188835604,0.33789760102193694,3.3576862527744322
residential_17314290650000,TRUE,TRUE,FALSE,4.576895649236163,0.15599397485554303,0.33793558094611653,3.361145314743268
residential_17314290660000,TRUE,TRUE,FALSE,4.581411766723681,0.16076143586312422,0.3379618485886919,3.3628846574145825
residential_17321020070000,TRUE,FALSE,FALSE,3.601262383411486,0.45237930179309094,0.19746970784845966,2.7947169756547074
residential_17321020080000,TRUE,FALSE,FALSE,3.598847294061866,0.4471921042627607,0.20247612291326852,2.7895476842826916
residential_17321020090000,TRUE,FALSE,FALSE,3.5971379956829375,0.4435203303079796,0.20602362613637226,2.7858879351051846
residential_17321020100000,TRUE,FALSE,FALSE,3.5954317522711583,0.4398491842978944,0.2095758258227617,2.782228329892389
residential_17321020110000,TRUE,FALSE,FALSE,3.5937285088403907,0.4361786696923791,0.21313334503265505,2.7785688557738824
residential_17321020120000,TRUE,FALSE,FALSE,3.5920282423894596,0.43250878695480666,0.21669593982894106,2.7749094973712642
residential_17321020130000,TRUE,FALSE,FALSE,3.5873910697985947,0.422469716149549,0.22646876565235124,2.764896461610631
residential_17321020140000,TRUE,FALSE,FALSE,3.585702180143996,0.41880240798946733,0.23004818223218643,2.761237606568926
residential_17321020150000,TRUE,FALSE,FALSE,3.584016295718956,0.41513580871545086,0.23363164291061866,2.7575788634390994
residential_17321020160000,TRUE,FALSE,FALSE,3.582333462831677,0.411469950606908,0.23721894795119505,2.753920246150165
residential_17321020170000,TRUE,FALSE,FALSE,3.5806536769129176,0.40780487775101093,0.24080990492295837,2.7502617787968675
residential_17321020180000,TRUE,FALSE,FALSE,3.57854928653344,0.4032050297175324,0.24532277344201653,2.745669292711982
residential_17321020190000,TRUE,FALSE,FALSE,3.57644971090522,0.3986064286357688,0.24984090584001212,2.741076978639347
residential_17321020200000,TRUE,FALSE,FALSE,3.5747845400259792,0.3949355699993119,0.25345127443442717,2.737410400328301
residential_17321020210000,TRUE,FALSE,FALSE,3.5731053214075392,0.39126229671334056,0.25706942382658937,2.73374054953067
residential_17321020220000,TRUE,FALSE,FALSE,3.5714424618956477,0.38760187650007716,0.2606779211727955,2.7300828438515805
residential_17321020230000,TRUE,FALSE,FALSE,3.569782681559856,0.3839423784114276,0.2642891791783424,2.7264252777813742
residential_17321190070000,TRUE,FALSE,FALSE,3.784935045992241,0.38953740130243514,0.14602547421273923,2.64557605693973
residential_17321190360000,TRUE,FALSE,FALSE,3.686002704216371,0.39924586652115873,0.23153299983483533,2.7160729730515527
residential_17321190480000,TRUE,FALSE,FALSE,3.801266586352854,0.37978971159420094,0.12759355887946103,2.6374482956800556
residential_17321190740000,TRUE,FALSE,FALSE,3.7034056051848157,0.39597143909378524,0.21168076618420448,2.69841459492822
residential_17333270800000,FALSE,TRUE,TRUE,4.079604145050247,0.3240160860066296,0.22247909145865377,1.8346339134238272
residential_17333270810000,FALSE,TRUE,TRUE,4.080033112115153,0.32115519787474095,0.217631579651876,1.8299271158888564
residential_17333270820000,FALSE,TRUE,TRUE,4.0824134686922555,0.3198499279824158,0.21319103563506545,1.8257486797792843
residential_17333280330000,FALSE,TRUE,TRUE,4.118975731022127,0.3751239231212762,0.26474110773439397,1.8777531881515113
residential_17333280340000,FALSE,TRUE,TRUE,4.118478205529438,0.3715465801871516,0.2597827395848902,1.8727697910035603
residential_17333280350000,FALSE,TRUE,TRUE,4.117987766902264,0.36800607287864046,0.2548306667779744,1.8677872321240738
residential_17333280360000,FALSE,TRUE,TRUE,4.117503535748225,0.3645029111543959,0.24988516686678122,1.862805447741664
residential_17333280370000,FALSE,TRUE,TRUE,4.117025502069985,0.36103809999706854,0.24494652113724943,1.8578243309844638
residential_17333280380000,FALSE,TRUE,TRUE,4.116611394377201,0.35763200353946684,0.23999291916785723,1.8528187482223881
residential_17333280390000,FALSE,TRUE,TRUE,4.116081001094068,0.3541749632100673,0.23501368310346593,1.8477853173031842
residential_17333280400000,FALSE,TRUE,TRUE,4.1155474892396935,0.3507525190652915,0.23003979260363214,1.8427506494230526
residential_17333280410000,FALSE,TRUE,TRUE,4.11451813021217,0.34699805097335473,0.22495079002108986,1.837621360307865
residential_17333280420000,FALSE,TRUE,TRUE,4.110886927261234,0.34137959345098084,0.2193283952215034,1.8320962888501457
residential_17334041030000,FALSE,FALSE,FALSE,3.718150548011332,0.19470901146205996,0.18786632425380692,1.334907173051806
residential_17334041040000,FALSE,FALSE,FALSE,3.7239267478521616,0.19921588484887065,0.1825203018555262,1.3378878228811253
residential_17334041050000,FALSE,FALSE,FALSE,3.729229485327898,0.20340988798482426,0.17763623374834187,1.3406402770599881
residential_17341030220000,TRUE,TRUE,TRUE,3.211911736046193,0.1628930427008606,0.044366902373409185,0.7130236525498856
residential_17341100410000,FALSE,TRUE,TRUE,3.385367991032085,0.16229745621757036,0.22005578112801422,0.7838512407171141
residential_17341100430000,FALSE,TRUE,TRUE,3.3947609597997617,0.16747871580912962,0.2295433630873992,0.7881977673123219
residential_17341100690000,FALSE,TRUE,TRUE,3.40885540121388,0.17592761466734427,0.24377877515188287,0.7948872254665739
residential_17341100700000,FALSE,TRUE,TRUE,3.4111184843845948,0.17735267935039556,0.24606431130002254,0.795979270642423
residential_17341130010000,TRUE,TRUE,TRUE,3.3327667654977713,0.024155743182417626,0.1603441967425852,0.6030971661583404
residential_17341130360000,TRUE,TRUE,TRUE,3.350880851161608,0.033101909358723904,0.1766315689635872,0.611729983821503
residential_17341200310000,TRUE,TRUE,TRUE,3.589944072135094,0.1618215389035576,0.3905029700632658,0.9158086453102423
residential_17341200320000,TRUE,TRUE,TRUE,3.594588118177121,0.15849872925879438,0.3887000129153572,0.9185514678270745
residential_17341200350000,TRUE,TRUE,TRUE,3.608523021077318,0.14896502354515795,0.37466456200148684,0.9268712343283444
residential_17341201060000,TRUE,TRUE,TRUE,3.6340719615571673,0.13357249003304267,0.34893559967042775,0.9424774105736384
residential_17341201070000,TRUE,TRUE,TRUE,3.6271055289928498,0.1374621892633034,0.35595055044659146,0.9381777149326429
residential_17341201080000,TRUE,TRUE,TRUE,3.6224588745101114,0.1401922007549245,0.36062982373116564,0.9353279543582905
residential_17341201090000,TRUE,TRUE,TRUE,3.497231945452116,0.2298335566094597,0.3330058254554362,0.8398301715547293
residential_17341201100000,TRUE,TRUE,TRUE,3.4926569230833477,0.23412207178588124,0.3283871916013603,0.8374308882641344
residential_17341201110000,TRUE,TRUE,TRUE,3.48812993553841,0.23408033948260085,0.32381695236275343,0.8350752048298833
residential_17341201120000,TRUE,TRUE,TRUE,3.484098579586816,0.23080417084876126,0.31974691534497357,0.8329924171340505
residential_17341201130000,TRUE,TRUE,TRUE,3.479287634303822,0.2269294343027317,0.31488996668735875,0.8305279352753601
residential_17341210380000,TRUE,TRUE,TRUE,3.4980116360877824,0.2041228978049763,0.32463224915404554,0.7821689205408289
residential_17341211100000,TRUE,TRUE,TRUE,3.463561954754246,0.18196327431416295,0.2922261633094291,0.7787138037422922
residential_17341211110000,TRUE,TRUE,TRUE,3.476985214200704,0.2005047847888706,0.3073844615492008,0.7957334113145016
residential_17341211310000,TRUE,TRUE,TRUE,3.6346742433643993,0.08649422216149458,0.3635719352903749,0.865857474557815
residential_17341211320000,TRUE,TRUE,TRUE,3.6393551642066053,0.0819453729032673,0.35888010897292144,0.8689717830930749
residential_17341211330000,TRUE,TRUE,TRUE,3.644036187839167,0.07741791930043743,0.3541910514171867,0.869371901402106
residential_17341211340000,TRUE,TRUE,TRUE,3.64871763116517,0.07291696950045208,0.34950191231490896,0.8697406076773765
residential_17341211360000,FALSE,TRUE,TRUE,3.4381563942675952,0.17420734398397944,0.26935283328867454,0.7837176810824946
residential_17341211370000,FALSE,TRUE,TRUE,3.438937669298559,0.17094715480954442,0.2693919189128184,0.7792527938796935
residential_17341211380000,FALSE,TRUE,TRUE,3.439577876063694,0.16836291651443522,0.26942273148033186,0.7756215319203401
residential_17341211390000,TRUE,TRUE,TRUE,3.4402239078669723,0.1658448943781082,0.2694451879475913,0.7719926247238732
residential_17341211400000,TRUE,TRUE,TRUE,3.4408856807290196,0.16337506730485263,0.2694695564682607,0.7683315475584434
residential_17341211410000,TRUE,TRUE,TRUE,3.550564125319232,0.17181703652758049,0.3817652689166997,0.8366941351419059
residential_17341220190000,FALSE,TRUE,TRUE,3.513613014791925,0.2035443216948899,0.3349957826883267,0.75798077710419
residential_17341220830000,TRUE,TRUE,TRUE,3.5425260986556424,0.19085939762011375,0.35103079512219115,0.751715112036106
residential_17341230350000,TRUE,TRUE,TRUE,3.604604386029508,0.15045553457844305,0.3058451801205036,0.7611442968447215
residential_17341230600000,TRUE,TRUE,TRUE,3.5918956652006946,0.16181825255845922,0.3120432753099776,0.7522807156784282
residential_17341230610000,TRUE,TRUE,TRUE,3.5957898745276577,0.15832730150878585,0.31007946672721987,0.7549619876145924
residential_17341230630000,TRUE,TRUE,TRUE,3.6001538049053248,0.15438272171464879,0.3079970521863776,0.7580584962491234
residential_17343100050000,FALSE,TRUE,TRUE,3.7103031347996276,0.05005950622121881,0.2808568404386652,0.9039090766833968
residential_17343100060000,FALSE,TRUE,TRUE,3.7148616285171707,0.049993237311910646,0.2762685143997657,0.9045933762936615
residential_17343100070000,FALSE,TRUE,TRUE,3.7192686193022597,0.05033448633780797,0.27183245536965317,0.9052585636271556
residential_17343100080000,FALSE,TRUE,TRUE,3.723581951845372,0.051042867484948296,0.2674913262888976,0.9059091377247562
residential_17343110180000,TRUE,TRUE,TRUE,3.8448071754615176,0.10663335556098999,0.17496100205120563,0.8609196982189073
residential_17343120090000,TRUE,TRUE,TRUE,3.7570156646273984,0.05956632473116962,0.27770178494114167,0.8075291311861992
residential_17343120130000,TRUE,TRUE,TRUE,3.776734152421982,0.07131774032268236,0.2599457061683913,0.8105558088545367
residential_17343120230000,TRUE,TRUE,TRUE,3.823095716041725,0.10886188008648047,0.21973045278935063,0.817668603441426
residential_17343120240000,TRUE,TRUE,TRUE,3.8277564833174376,0.11302707215744244,0.21583907489063864,0.8183849621848202
residential_17343120260000,TRUE,TRUE,TRUE,3.8370810469653387,0.121483724104444,0.20816044011287452,0.8198142765190846
residential_17343120270000,TRUE,TRUE,TRUE,3.8417670408073366,0.12578702656979773,0.20435849881689683,0.820531690787954
residential_17343120940000,TRUE,TRUE,TRUE,3.8339123877073207,0.11859340698945697,0.2107540334700511,0.8193279211699929
residential_17343120950000,TRUE,TRUE,TRUE,3.831579650493484,0.1164758680277673,0.21267320252553631,0.8189713243211026
residential_17343120960000,TRUE,TRUE,TRUE,3.8914246726546433,0.10117260163930886,0.16706658698934096,0.8292027698184494
residential_17343120970000,TRUE,TRUE,TRUE,3.896275013111648,0.09855425977532756,0.16380096965562707,0.8302017983789381
residential_17343120980000,TRUE,TRUE,TRUE,3.900864441982982,0.09624081790480571,0.16078689537881616,0.8311743641198746
residential_17343120990000,TRUE,TRUE,TRUE,3.9054633857953815,0.09409619744228047,0.1578463202349872,0.832173853545036
residential_17343121000000,TRUE,TRUE,TRUE,3.9109398969387112,0.09178821613405165,0.1544572176371505,0.8333940249514016
residential_17343180050000,FALSE,TRUE,TRUE,3.965896513219969,0.05198212114177858,0.08972402943115719,0.8870316772813026
residential_19012150010000,FALSE,TRUE,FALSE,5.067018808738819,0.3280789493615067,0.09699372961260375,4.223276714918505
residential_19013030080000,FALSE,TRUE,TRUE,5.978964104501994,0.15824120251728774,0.4383522618817613,5.1585935135280705
residential_19013150370000,TRUE,TRUE,TRUE,5.950497134325285,0.1489258793922108,0.4006038679025689,4.959632590395552
residential_19014000020000,TRUE,TRUE,TRUE,5.727598818044429,0.15856461623664064,0.17874529384914298,4.795778601836245
residential_19033000350000,TRUE,TRUE,TRUE,7.503135206822005,0.4114125141455844,0.3158353842269541,7.197067408520455
residential_19033010430000,TRUE,TRUE,TRUE,7.475714908343944,0.42426800143636484,0.3520907852099841,7.162535881356354
residential_19083110710000,TRUE,TRUE,TRUE,9.643210794238184,0.49957038037621604,0.4934137982984131,9.289098619535858
residential_19093130030000,TRUE,TRUE,TRUE,8.739385422988736,0.1673743983377866,0.4080548375287225,8.20344105499144
residential_19093130100000,TRUE,TRUE,TRUE,8.765793062953597,0.1883004247015723,0.43592123955611417,8.21726368116358
residential_19102040040000,TRUE,TRUE,FALSE,7.244178033445094,0.13510561927712192,0.3319048422871803,6.615810214825028
residential_19111210140000,TRUE,TRUE,TRUE,7.158398412450576,0.24395553958902588,0.1536909557883434,6.188290170174304
residential_19111210210000,TRUE,TRUE,TRUE,7.178605605559171,0.240435015721306,0.1827601694728338,6.190373286484089
residential_19113010630000,TRUE,TRUE,TRUE,7.416586813523938,0.18884668643794641,0.1501424905534722,6.517268123501055
residential_19122040410000,TRUE,TRUE,TRUE,6.057915238413218,0.07917744781832299,0.03821885583323159,4.730055017228509
residential_19122040420000,TRUE,TRUE,TRUE,6.062002158148693,0.07722202669520634,0.033484004731384166,4.7316024625884
residential_19122040430000,TRUE,TRUE,TRUE,6.0660901764835184,0.07551326017753249,0.028748924936381,4.733154136396273
residential_19122040490000,TRUE,TRUE,TRUE,6.070179021976177,0.07406813642347158,0.02401408523976313,4.734710134655469
residential_19122040500000,TRUE,TRUE,TRUE,6.074268919344802,0.07290255020607793,0.01927900544467197,4.736270257906348
residential_19124290210000,TRUE,TRUE,FALSE,6.8146644192287384,0.07863949455681309,0.021373219917041695,5.033194645585068
residential_19134040370000,TRUE,TRUE,TRUE,7.4158580579506665,0.056107575219477186,0.4913180633039486,5.362000143212575
residential_19141220400000,TRUE,TRUE,TRUE,7.927129312623532,0.14274682345952927,0.2078017347052872,6.580857903497489
residential_19144000650000,TRUE,TRUE,TRUE,7.911874570167883,0.193083876182084,0.27233367177746304,6.411977638493207
residential_19144130130000,TRUE,TRUE,TRUE,8.085204251621631,0.3518110418956169,0.46005162204943195,6.516643259277167
residential_19171000590000,TRUE,TRUE,TRUE,10.035866946204672,0.09512055353314025,0.10077977329281552,9.596056786281872
residential_19171000600000,TRUE,TRUE,TRUE,10.03950790115087,0.08946477708588997,0.09486250378175945,9.598036891560811
residential_19173070310000,TRUE,TRUE,TRUE,9.996213127682221,0.36338102834140446,0.2713944761127829,9.32887047549242
residential_19173230290000,TRUE,TRUE,TRUE,10.2057099517916,0.1793468776022373,0.2230176200027723,9.467547579638397
residential_19174050230000,TRUE,TRUE,FALSE,9.754420399038775,0.6409451118596036,0.02237944174158067,9.00420456555089
residential_19174170050000,TRUE,TRUE,TRUE,10.071417087232337,0.34324667069666664,0.2610770272366421,9.30724335612389
residential_19182030320000,FALSE,TRUE,TRUE,10.269134275720573,0.3160897235338727,0.3283174190261739,9.884725293025246
residential_19182070460000,TRUE,TRUE,TRUE,10.068367108755773,0.10593717877711246,0.097030601412482,9.632362434378907
residential_19182070480000,TRUE,TRUE,TRUE,10.075845393617366,0.09646036773016793,0.08522197428302238,9.636434100891126
residential_19182070490000,TRUE,TRUE,TRUE,10.079586445483923,0.09195845737102222,0.07935798425582552,9.638473018378686
residential_19182070500000,FALSE,TRUE,TRUE,10.083330321847908,0.08764840877522079,0.07353016553854128,9.64051584310135
residential_19182070510000,FALSE,TRUE,TRUE,10.087077510436648,0.08356202114893566,0.06774965355779373,9.642563657038762
residential_19201120500000,TRUE,TRUE,TRUE,10.701793572429246,0.3904627969873413,0.2339091282321,9.895358403638307
residential_19201120510000,TRUE,TRUE,TRUE,10.706247884271189,0.3925456150946916,0.23393460728151674,9.901026111345214
residential_19201120520000,TRUE,TRUE,TRUE,10.709702233102186,0.39419918836588563,0.2339241197318268,9.90543565881007
residential_19201120530000,TRUE,TRUE,TRUE,10.713621100084756,0.3961574184343574,0.23395055997056202,9.910417683562946
residential_19201120540000,TRUE,TRUE,TRUE,10.710327174460607,0.40226905862568874,0.24641280561408288,9.899923795479609
residential_19201120550000,TRUE,TRUE,TRUE,10.714768688657443,0.40426919096737857,0.2464098141090982,9.905591471310771
residential_19201120560000,TRUE,TRUE,TRUE,10.718235141149556,0.40590727487335304,0.24644133935926715,9.909996720444683
residential_19201120570000,TRUE,TRUE,TRUE,10.722121665172242,0.4077823404216493,0.24644622404262465,9.914950065447368
residential_19231070110000,TRUE,TRUE,TRUE,8.478077006621575,0.2852886763260261,0.43239919795186293,6.797623650355888
residential_19232160090000,TRUE,TRUE,TRUE,8.572345632280781,0.18633837203506795,0.23835801480241367,6.7657722998053655
residential_19244100080000,FALSE,TRUE,TRUE,8.38544086550183,0.2789040810454101,0.2911418786327017,5.773221610855657
residential_19244110170000,TRUE,TRUE,TRUE,8.407303945651806,0.3303970062166414,0.3615415272927217,5.720849602561603
residential_20032100430000,TRUE,TRUE,TRUE,4.464592519438287,0.1823980293073646,0.13811070825617228,0.7762057207528704
residential_20032120740000,TRUE,TRUE,TRUE,4.480971551148817,0.1870503505790407,0.09159968270244147,0.8942861312989305
residential_20032120760000,TRUE,TRUE,TRUE,4.481815069484068,0.1840714165748144,0.09043211588457704,0.8897518459034591
residential_20032120780000,TRUE,TRUE,TRUE,4.478514324406717,0.1798770126348633,0.09450419324043771,0.8729585301930884
residential_20032120790000,TRUE,TRUE,TRUE,4.4840567106687805,0.17538069849308438,0.08881690981120172,0.8749248827821239
residential_20032120800000,TRUE,TRUE,TRUE,4.489619460171183,0.17095802598260923,0.08311125322068667,0.8769672391466844
residential_20032120820000,TRUE,TRUE,TRUE,4.495620925415673,0.16628884390986556,0.07696339192507971,0.8792290997737094
residential_20032130160000,TRUE,TRUE,TRUE,4.501496926631617,0.14333338427798165,0.09533881566787462,0.8011952500641509
residential_20032130190000,TRUE,TRUE,TRUE,4.50434443762804,0.1418770738719019,0.10234478523713847,0.7875839619748116
residential_20032130200000,TRUE,TRUE,TRUE,4.505281386272405,0.14170960727594933,0.10494111179916871,0.7831629698125939
residential_20032130270000,TRUE,TRUE,TRUE,4.525904165751653,0.11877959495798154,0.07155254422687315,0.8120898582441873
residential_20032160240000,TRUE,TRUE,TRUE,4.567278048111765,0.14854604785157857,0.043045067492791037,0.9408678639252507
residential_20032160250000,TRUE,TRUE,TRUE,4.567946306236351,0.14484223630673496,0.03912621244829865,0.937126968254347
residential_20032200110000,TRUE,TRUE,TRUE,4.5935147317002105,0.19410845470043533,0.09869668078472836,1.0042300695907371
residential_20032200120000,TRUE,TRUE,TRUE,4.59462139466359,0.18703693265319063,0.09179241212925766,0.9975531136479755
residential_20032200370000,TRUE,TRUE,TRUE,4.612660998862946,0.12663558934687844,0.04204790692489622,0.9435383485696288
residential_20032200480000,TRUE,TRUE,TRUE,4.614553078805834,0.12663908811984467,0.0435330885651709,0.9442658465105385
residential_20032200490000,TRUE,TRUE,TRUE,4.610844158331444,0.12666031376915246,0.040658331496931155,0.9428396979378207
residential_20032220090000,TRUE,TRUE,TRUE,4.652640452156022,0.20686603286320382,0.13816621563901138,1.0380176321472532
residential_20032230120000,FALSE,TRUE,TRUE,4.678095648004121,0.0696830410468114,0.08346907651743025,0.8933313831234714
residential_20032230160000,FALSE,TRUE,TRUE,4.681541362540747,0.05634699811409915,0.08764707247627831,0.8757915348888691
residential_20034000520000,FALSE,TRUE,TRUE,4.751755310938806,0.140495604604225,0.1460582706615938,1.0326606784565795
residential_20034000780000,FALSE,TRUE,TRUE,4.818254679416846,0.12701351415230935,0.14569355160159425,1.0349733227709477
residential_20034000840000,FALSE,TRUE,TRUE,4.748391977547126,0.1283326402175147,0.12531189387397748,1.0514938982266562
residential_20034000850000,FALSE,TRUE,TRUE,4.748996799297667,0.12781759787622393,0.12531243909727513,1.0517445573429247
residential_20034000860000,FALSE,TRUE,TRUE,4.749601622904252,0.12730341426442024,0.1253129843751348,1.0519955127546952
residential_20034000870000,FALSE,TRUE,TRUE,4.7399402882446875,0.14086588209659295,0.13352538495093774,1.0402589043586274
residential_20034000880000,FALSE,TRUE,TRUE,4.740544924444561,0.14035413593661117,0.13348743513232067,1.0405065097756703
residential_20034010280000,TRUE,TRUE,TRUE,4.7583432377862716,0.14999390495903409,0.12125563626220927,0.9479488832280414
residential_20034010520000,FALSE,TRUE,TRUE,4.734696176068193,0.12363628989106985,0.13573250829161218,0.9290249901054065
residential_20034010530000,FALSE,TRUE,TRUE,4.733662892249784,0.126757776314751,0.13901192493639333,0.9341558562961583
residential_20034010540000,FALSE,TRUE,TRUE,4.732845393996198,0.12952497655424267,0.14182737081268668,0.9384549569529911
residential_20034010550000,TRUE,TRUE,TRUE,4.732034347757922,0.13240529220195285,0.14274557782339287,0.942759087064567
residential_20034010560000,TRUE,TRUE,TRUE,4.731227878139058,0.1353900151207376,0.14276716625803826,0.9470673484567008
residential_20034010570000,TRUE,TRUE,TRUE,4.730424175954904,0.13847094187742795,0.14278687922477903,0.9513788342472427
residential_20034010580000,TRUE,TRUE,TRUE,4.729625453561677,0.14164195429197635,0.14281171576315183,0.955692614827942
residential_20034010590000,FALSE,TRUE,TRUE,4.7288309008301415,0.1448994978662038,0.14294975086413883,0.9600120577453443
residential_20034010600000,FALSE,TRUE,TRUE,4.728041987888696,0.14823747103780033,0.14324384752925218,0.9643358033472921
residential_20034010610000,FALSE,TRUE,TRUE,4.727106851040446,0.15231792025925384,0.14374230019764514,0.9695005853286812
residential_20034020500000,FALSE,TRUE,TRUE,4.739498409403053,0.11118321626764137,0.12261285987868739,0.9042268998589507
residential_20034030240000,TRUE,TRUE,TRUE,4.810651480541935,0.14615099172966967,0.0573373038936214,0.8522644688704354
residential_20034030470000,TRUE,TRUE,TRUE,4.782883117637833,0.140123860730621,0.08554578873357145,0.8382563197554626
residential_20034030480000,TRUE,TRUE,TRUE,4.788423216330669,0.1454178259015663,0.07988792687443755,0.841134974876677
residential_20034040110000,TRUE,TRUE,TRUE,4.81166130285087,0.12353679538458046,0.06378445913115137,0.8179150867918794
residential_20034050140000,TRUE,TRUE,TRUE,4.836443843521966,0.08341839810596148,0.05807672934704666,0.7712509256407925
residential_20034050390000,FALSE,TRUE,TRUE,4.873887279747788,0.05111815365324475,0.05512423907833929,0.7632831795213935
residential_20034080070000,FALSE,TRUE,TRUE,4.857630074282575,0.1789079895766432,0.08511660709900772,0.99834761900904
residential_20034080240000,FALSE,TRUE,TRUE,4.889524455770285,0.21047520668588848,0.05318049425272641,0.9859572426223169
residential_20034080290000,TRUE,TRUE,TRUE,4.885332515955119,0.18126158534331105,0.02116070753595233,0.9537620252184462
residential_20034090190000,TRUE,TRUE,TRUE,4.927441903361006,0.20228211406563415,0.04327021852857024,0.9988208287221517
residential_20034090210000,TRUE,TRUE,TRUE,4.9231618548261595,0.18790928438736165,0.028063937062104926,0.9823407815716845
residential_20034170130000,FALSE,TRUE,TRUE,5.02320688929625,0.22074414412132842,0.074784479330563855,1.0473754409541627
residential_20034170490000,FALSE,TRUE,TRUE,5.072977657250663,0.24397059151506617,0.1180350432747783,1.073040483632033
residential_20034180020000,FALSE,TRUE,TRUE,4.999092551358652,0.15020315936238202,0.02131859700005089,0.9756936751369734
residential_20034180030000,FALSE,TRUE,TRUE,4.99997503675079,0.1456896533270275,0.021288351547118667,0.9715560328873656
residential_20034190280000,TRUE,TRUE,TRUE,5.083534191912308,0.1261453785535436,0.0898093435654768,0.9372394203921102
residential_20034190310000,TRUE,TRUE,TRUE,5.097208857944888,0.14206019611614562,0.09759356557989511,0.950407332795519
residential_20034190380000,FALSE,TRUE,TRUE,5.110146800732961,0.13856654940289131,0.09862869159164027,0.929345077995696
residential_20034190520000,TRUE,TRUE,TRUE,5.096097874449198,0.11992382905285488,0.09733763472392111,0.909729674835072
residential_20034190550000,FALSE,TRUE,TRUE,5.1121008346896515,0.1344835810357588,0.10794653509556519,0.9148458953230214
residential_20034190680000,FALSE,TRUE,TRUE,5.107234282571866,0.1514272188697239,0.08738711843434051,0.9565027398377152
residential_20034230130000,FALSE,TRUE,TRUE,5.105951466401038,0.21491727448874687,0.15303338938673788,1.1214106877208398
residential_20034230140000,FALSE,TRUE,TRUE,5.106728921515284,0.2189906982237899,0.14862056253415387,1.1174074101802027
residential_20034230290000,TRUE,TRUE,TRUE,5.131847098180407,0.2013018308377478,0.14686549778609478,1.1369016034833608
residential_20034230300000,TRUE,TRUE,TRUE,5.132633531115284,0.20564123727214575,0.14218327057183908,1.1329248463545456
residential_20034230490000,TRUE,TRUE,TRUE,5.141799905141185,0.25582986410130054,0.08991917940595805,1.0883667448463563
residential_20034230500000,TRUE,TRUE,TRUE,5.140974515698846,0.2513685183107135,0.09441893899803548,1.0922367104201027
residential_20034230510000,TRUE,TRUE,TRUE,5.140153443498269,0.2469180875391765,0.09893992955593835,1.0961128182134392
residential_20034230520000,TRUE,TRUE,TRUE,5.143506212678849,0.2608968299528677,0.08076656216827045,1.0804430367692954
residential_20034230530000,TRUE,TRUE,TRUE,5.1426437103870395,0.2603798914657978,0.08536640448376064,1.0844353600895476
residential_20034250150000,TRUE,TRUE,TRUE,5.1389127317227015,0.21647559167999936,0.04827421845565731,1.0278112548906446
residential_20034250160000,TRUE,TRUE,TRUE,5.144492920253761,0.2212994454947628,0.0432425844126115,1.031226752040436
residential_20034250170000,TRUE,TRUE,TRUE,5.1500771521924955,0.2261660707821648,0.03838985500126096,1.0346638479479364
residential_20034250180000,TRUE,TRUE,TRUE,5.155663648281162,0.23107190798095922,0.03379679820951839,1.0381218774385548
residential_20034250190000,TRUE,TRUE,TRUE,5.161250047376473,0.2360133545439885,0.029588163221760756,1.0416002804955145
residential_20034250200000,TRUE,TRUE,TRUE,5.166834961029117,0.24098563364101183,0.025950931083937544,1.0445730546648668
residential_20034250340000,TRUE,TRUE,TRUE,5.137568742556425,0.2352408644202576,0.06256748935413249,1.0520299774832431
residential_20034250350000,TRUE,TRUE,TRUE,5.143159915892192,0.2397770566528499,0.059134161572428956,1.0553840619518406
residential_20034250360000,TRUE,TRUE,TRUE,5.148752768640638,0.24436415862790714,0.05606961623491022,1.0587608435909222
residential_20034260070000,FALSE,TRUE,TRUE,5.144555269399167,0.19783608612077253,0.04493184208383737,0.9976338156203631
residential_20034260080000,FALSE,TRUE,TRUE,5.149199992670838,0.20219120473383492,0.04019357986862981,1.0005611756171533
residential_20034260090000,FALSE,TRUE,TRUE,5.153844886294173,0.2065631923029835,0.03545531765335926,1.0027052394285545
residential_20034260100000,FALSE,TRUE,TRUE,5.158491045439919,0.21095164343007217,0.030716081675184716,1.0045341916264612
residential_20034260110000,FALSE,TRUE,TRUE,5.163136606923696,0.21535608721333116,0.02597694287860261,1.006385174660265
residential_20034260160000,FALSE,TRUE,TRUE,5.186366298589547,0.23756613070940627,0.0022838207240591245,1.0159116021206227
residential_20034260460000,FALSE,TRUE,TRUE,5.181790617810626,0.23316889750926878,0.006950301892490832,1.0139992710508094
residential_20034260470000,FALSE,TRUE,TRUE,5.177281256450121,0.22884595682902706,0.011549203302071579,1.0121326241998398
residential_20041160220000,TRUE,TRUE,TRUE,4.4559251559989885,0.30782541915149947,0.25130137552764487,1.9665251241811685
residential_20041220090000,TRUE,TRUE,TRUE,4.492570202344559,0.28627571444647887,0.23735615478959715,1.9892363265640105
residential_20041220330000,TRUE,TRUE,TRUE,4.4909598180112935,0.27368925650546266,0.2562580148027,1.9719034863033447
residential_20041220360000,TRUE,TRUE,TRUE,4.517731479782136,0.2572341227160293,0.2514163181291827,1.9869368301911186
residential_20041220370000,TRUE,TRUE,TRUE,4.5173252080738076,0.2539316708268207,0.25614622576485147,1.9826248176172454
residential_20041220380000,TRUE,TRUE,TRUE,4.516925358208976,0.25067333665062513,0.26087732592796836,1.978314526252503
residential_20041220390000,TRUE,TRUE,TRUE,4.516526734887674,0.24746615904172325,0.26560749867499134,1.9740054515722154
residential_20041220400000,TRUE,TRUE,TRUE,4.516136246115813,0.24430631418871823,0.2703378483577561,1.9696997710470463
residential_20041280050000,TRUE,TRUE,TRUE,4.5565607835819915,0.259423640408012,0.22321166050510924,2.031976391867349
residential_20041280060000,TRUE,TRUE,TRUE,4.556110414398243,0.25554545082088326,0.22783823807880169,2.027677119122014
residential_20041280350000,TRUE,TRUE,TRUE,4.551873423818766,0.21863065049175395,0.27430561325895136,1.984794213403052
residential_20041280360000,TRUE,TRUE,TRUE,4.5522759585476615,0.22214377997691975,0.2696449534456279,1.9890739778697497
residential_20041280370000,TRUE,TRUE,TRUE,4.552683277876419,0.22570153664672454,0.2649870421989489,1.99335564626263
residential_20041280380000,TRUE,TRUE,TRUE,4.5530945919468655,0.2293024790979868,0.26033171122507553,1.997639010116066
residential_20041280390000,TRUE,TRUE,TRUE,4.553512181050695,0.23294076722157525,0.25568240797415437,2.0019225351553684
residential_20041280410000,TRUE,TRUE,TRUE,4.586312820892879,0.21780000746327707,0.25294880975903355,2.02019571304503
residential_20041280420000,TRUE,TRUE,TRUE,4.585898684265715,0.21379390795533257,0.2576608983753463,2.015939544361923
residential_20041280430000,TRUE,TRUE,TRUE,4.585484433453974,0.2098213738958727,0.26237283546677187,2.0116837612539213
residential_20041280440000,TRUE,TRUE,TRUE,4.585075035407387,0.20588059351752358,0.267086104783434,2.0074296445810607
residential_20041280450000,TRUE,TRUE,TRUE,4.584670606052959,0.2019743904398773,0.27179949120320596,2.003178238136144
residential_20041300070000,TRUE,TRUE,TRUE,4.618090340649898,0.22533205204443565,0.23458741270396696,2.0545453412513583
residential_20041300080000,TRUE,TRUE,TRUE,4.61764487193194,0.22096028641297852,0.23919129971949155,2.05030158400621
residential_20042010140000,FALSE,TRUE,TRUE,4.2192284404711575,0.3842718780392328,0.17142283436713807,1.6692727602881545
residential_20043080180000,TRUE,TRUE,TRUE,4.742838788944744,0.20725789498203612,0.19924709434507726,2.108899791733835
residential_20043290400000,TRUE,TRUE,TRUE,5.090225419825852,0.2787661752059477,0.16422281150097165,2.327928788440012
residential_20043290450000,TRUE,TRUE,TRUE,5.087848294833115,0.2975501415521283,0.14032606192809158,2.3054825384939988
residential_20043300260000,FALSE,TRUE,TRUE,5.143180873285515,0.1716478942533736,0.270228773145472,2.4466406776964496
residential_20043300270000,FALSE,TRUE,TRUE,5.14811390553826,0.16768378058064254,0.27400563383021576,2.448369695433793
residential_20043300350000,FALSE,TRUE,FALSE,5.173269111039763,0.12260727152093077,0.2559428234964531,2.5103086504962455
residential_20043300360000,FALSE,TRUE,FALSE,5.172661705265672,0.12429771902338312,0.25803298814023584,2.506034098897233
residential_20043310080000,TRUE,TRUE,TRUE,5.130001021182198,0.2277793226526395,0.20408705582624134,2.3745044776371897
residential_20043310170000,TRUE,TRUE,TRUE,5.125808898242962,0.2589856808402355,0.1665288827110679,2.3385643163355914
residential_20043320500000,TRUE,TRUE,TRUE,5.0572768634078535,0.34770988983284673,0.09783893452927796,2.2562850849316507
residential_20044060430000,TRUE,TRUE,TRUE,4.824922093453754,0.15018869267407584,0.09188686212040637,2.0431399665675456
residential_20044070060000,TRUE,TRUE,TRUE,4.747732947493027,0.06776850387029262,0.17077180545129975,1.9741903759527673
residential_20044070070000,TRUE,TRUE,TRUE,4.752460888791751,0.07181309240050084,0.16603664449611646,1.9766920833682287
residential_20044070160000,TRUE,TRUE,TRUE,4.7950098023185355,0.11071680458944809,0.12342566390486749,1.999243206092556
residential_20044140240000,TRUE,TRUE,TRUE,4.899510278807038,0.2189976320242863,0.019099181553375758,2.0741133429773746
residential_20044150040000,TRUE,TRUE,TRUE,4.852418971542396,0.1661138418445043,0.06593415845396426,2.026593214395039
residential_20053040130000,TRUE,TRUE,TRUE,5.264528185857133,0.2817076172112567,0.16457982322873427,3.4234222625996056
residential_20053040250000,TRUE,TRUE,TRUE,5.202394559126977,0.3239137059279961,0.17546826496728687,3.377882098100543
residential_20053040270000,TRUE,TRUE,TRUE,5.211293084065679,0.3205761120488491,0.1765470573657628,3.381309157882174
residential_20053040390000,TRUE,TRUE,TRUE,5.26472123384286,0.2872052451630511,0.19273510038145425,3.4023551041212006
residential_20053050540000,TRUE,TRUE,TRUE,5.236423542204802,0.2861700958994466,0.2413822572073668,3.3464713674461724
residential_20064090380000,TRUE,TRUE,TRUE,5.2625921963151825,0.17599453003815335,0.02140093711227382,3.6533414976274186
residential_20064150420000,TRUE,TRUE,TRUE,5.371020152612141,0.060074454562179025,0.09990696708483786,3.6430246441300054
residential_20064190140000,TRUE,TRUE,TRUE,5.5666887398035385,0.05732021686265708,0.3076873593960277,3.9362987080028082
residential_20064240190000,TRUE,TRUE,TRUE,5.384380117102278,0.11302966991743021,0.13829779257876346,3.599022340085448
residential_20064240210000,TRUE,TRUE,TRUE,5.3932019360393335,0.11392320023675616,0.147743866347344,3.6025599698466797
residential_20064250500000,TRUE,TRUE,FALSE,5.390085356079234,0.1772437729926178,0.1741877440193089,3.553711926910808
residential_20071140150000,TRUE,TRUE,TRUE,5.985526750432733,0.29108051179770805,0.239801082617854,4.291825580787824
residential_20071140160000,TRUE,TRUE,TRUE,5.983198318527664,0.29097360732033206,0.24428952360790326,4.286661494307427
residential_20071140170000,TRUE,TRUE,TRUE,5.980872809800576,0.2909763140470463,0.24882823585128783,4.2814973235840235
residential_20071160140000,TRUE,TRUE,TRUE,6.0275094934011015,0.31535088092013613,0.20074530712922325,4.326892430016963
residential_20072190130000,TRUE,TRUE,TRUE,5.874824380492854,0.13135132375817943,0.052973079332309894,3.978041613519052
residential_20072290270000,FALSE,TRUE,TRUE,5.864710988524215,0.06710643860633475,0.17370680050849363,3.820244937609709
residential_20081000140000,TRUE,TRUE,FALSE,5.468354864211401,0.13079731194510094,0.22381502396258035,3.537076061512021
residential_20081070490000,TRUE,TRUE,TRUE,5.437558681347865,0.2903162403850137,0.1991908047115395,3.1927251757325985
residential_20081110220000,TRUE,TRUE,TRUE,5.6240123043770405,0.13669969551237887,0.08398579543531999,3.4912334760533152
residential_20081140190000,TRUE,TRUE,FALSE,5.559983685272022,0.2351925699434481,0.065967132882552,3.32175059481953
residential_20081210210000,TRUE,TRUE,FALSE,5.706758727695198,0.12294635109898733,0.0818534829721001,3.5153609786415996
residential_20081210220000,TRUE,TRUE,FALSE,5.711304533450948,0.12033552653275284,0.08276301706887468,3.5177567869279667
residential_20081210230000,TRUE,TRUE,FALSE,5.7158506490514815,0.1178573009883912,0.08393040013606458,3.5194058786545543
residential_20081270070000,FALSE,TRUE,TRUE,5.798012361775057,0.0768961725766219,0.1472486124669633,3.57210999567951
residential_20082010310000,TRUE,TRUE,FALSE,5.320886824123485,0.45305916300805377,0.3917016071966129,2.9830742511093815
residential_20082010400000,TRUE,TRUE,FALSE,5.312317930389997,0.4124210781920828,0.4065712661900736,2.947963141427035
residential_20082010430000,TRUE,TRUE,FALSE,5.309529995603978,0.39888842269723146,0.39719900937447783,2.9362944128746005
residential_20082030360000,TRUE,TRUE,TRUE,5.381333487002282,0.44577768539340107,0.3610577711707983,3.0116092488906228
residential_20082030370000,TRUE,TRUE,TRUE,5.380378426604227,0.4412338367530861,0.3650378735167451,3.0077432075692228
residential_20082030380000,TRUE,TRUE,TRUE,5.379428365540789,0.4366890023926247,0.3690312337392449,3.0038789945798334
residential_20082030390000,TRUE,TRUE,TRUE,5.37848209132345,0.43214433280514153,0.3688088572247234,2.999863124584202
residential_20082030400000,TRUE,TRUE,TRUE,5.377540370308097,0.4275996962353969,0.36814923040838055,2.99558140187451
residential_20082030410000,TRUE,TRUE,TRUE,5.376601342884476,0.42305499152595283,0.3675456417214706,2.9913000494713375
residential_20082030420000,TRUE,TRUE,TRUE,5.375666107870399,0.4185104558862769,0.36699732270365204,2.987019624694289
residential_20082030430000,TRUE,TRUE,TRUE,5.374734445761619,0.4139658445745249,0.36650466699760625,2.9827398448619364
residential_20084040010000,TRUE,TRUE,TRUE,5.771314771387805,0.10353977220666309,0.023044827281617122,3.1088022640548836
residential_20084040020000,TRUE,TRUE,TRUE,5.770467916120512,0.10414995516218531,0.023033506086334806,3.104732684673511
residential_20084040030000,TRUE,TRUE,TRUE,5.769611312736858,0.10496996401048943,0.02301570662332109,3.100600425256758
residential_20084040040000,TRUE,TRUE,TRUE,5.768741557371758,0.10600927091627747,0.022969736519441987,3.096385619090737
residential_20084040050000,TRUE,TRUE,TRUE,5.767875560400589,0.10724787422770035,0.022923766415648125,3.092172323133534
residential_20084040060000,TRUE,TRUE,TRUE,5.7670133235162035,0.10867896007464675,0.02287779631172493,3.08796054356644
residential_20091060160000,TRUE,TRUE,TRUE,5.333325942153077,0.06737243872262517,0.4013780681768892,2.566238728820182
residential_20091060270000,TRUE,TRUE,TRUE,5.327111448184141,0.10874341076070625,0.36125464956044256,2.520430356144029
residential_20091060470000,TRUE,TRUE,TRUE,5.353096932620799,0.12628000594618316,0.37536255305075766,2.527356403445727
residential_20091110350000,TRUE,TRUE,TRUE,5.53406120341033,0.24208613950517494,0.2504730610856477,2.737049822449288
residential_20091110360000,TRUE,TRUE,TRUE,5.534701575284723,0.24313139753803534,0.24656873052810807,2.7412826249098146
residential_20091110370000,TRUE,TRUE,TRUE,5.535345459461431,0.24426362849151406,0.2426934735277901,2.745517704223713
residential_20091110380000,TRUE,TRUE,TRUE,5.535997378155742,0.2454859684056278,0.2388467287516214,2.7497563481227556
residential_20101110380000,FALSE,TRUE,TRUE,5.373930344462211,0.19416187797566034,0.0808062783206434,1.4659738388296888
residential_20101110390000,FALSE,TRUE,TRUE,5.378632398302596,0.19881066162421895,0.07733911911585883,1.4681322896666653
residential_20102030130000,TRUE,TRUE,TRUE,5.294793555297024,0.2853973641834787,0.11671302188946361,1.127496090755756
residential_20102030330000,TRUE,TRUE,TRUE,5.317962239094396,0.3166066983628297,0.12621450868305606,1.1125143038930394
residential_20102030470000,TRUE,TRUE,TRUE,5.2761746196569606,0.28183353715570736,0.09975510855972482,1.1185372240975542
residential_20102040270000,FALSE,TRUE,TRUE,5.355211898423014,0.3549893013653242,0.15547837678329385,1.0978416828331945
residential_20102100320000,TRUE,TRUE,TRUE,5.439901908614182,0.28817227578117327,0.27378062351423194,1.232813081628099
residential_20102100340000,FALSE,TRUE,TRUE,5.454826552082063,0.27165967388970397,0.2694735032753601,1.245448297125365
residential_20102100490000,TRUE,TRUE,TRUE,5.414236815453224,0.30757668996649434,0.24919860966923688,1.2224641966904777
residential_20102110290000,FALSE,TRUE,TRUE,5.4022240108240664,0.34663575899328763,0.2113581605533861,1.154184436467933
residential_20102110310000,FALSE,TRUE,TRUE,5.411530534778952,0.3374267382978667,0.22077487612057828,1.1579258124814362
residential_20102110330000,FALSE,TRUE,TRUE,5.420637914363908,0.328435332620775,0.22998944952854877,1.1616359217019303
residential_20102110480000,FALSE,TRUE,TRUE,5.371768931389335,0.31167537635119325,0.1908188149504686,1.1675533257944526
residential_20102110490000,FALSE,TRUE,TRUE,5.371768931389335,0.31167537635119325,0.1908188149504686,1.1675533257944526
residential_20102110520000,FALSE,TRUE,TRUE,5.388267128120671,0.34156763063618006,0.19724227532627533,1.148691858830642
residential_20102110530000,FALSE,TRUE,TRUE,5.384544606160784,0.3398906081866093,0.19347981589960012,1.1472543688591454
residential_20102110540000,FALSE,TRUE,TRUE,5.360843849482563,0.2991240850115961,0.1844905129419484,1.170529691648407
residential_20102110550000,FALSE,TRUE,TRUE,5.361455035896611,0.30364820938995846,0.1826099665997675,1.165950498940765
residential_20102110560000,FALSE,TRUE,TRUE,5.362246212944686,0.30774792172255716,0.18130950349465122,1.1620658382951463
residential_20102110570000,FALSE,TRUE,TRUE,5.363048756804086,0.3118995294201611,0.18010365680158025,1.1581488920071774
residential_20102120540000,FALSE,TRUE,TRUE,5.385634521326722,0.33356426559735497,0.18646850925129382,1.1111744055502737
residential_20102150080000,TRUE,TRUE,TRUE,5.474518118195872,0.2852663231164882,0.11791590256337499,1.4553427364063711
residential_20102160470000,TRUE,TRUE,TRUE,5.464618656416607,0.2684450723877916,0.20008181589910357,1.371493904286098
residential_20102170220000,TRUE,TRUE,TRUE,5.5612990120114825,0.16930381065861466,0.14800720871356438,1.3777235852146044
residential_20102170370000,FALSE,TRUE,TRUE,5.52493611817925,0.19718088821375768,0.18948451731265853,1.3309371202699432
residential_20102170580000,TRUE,TRUE,TRUE,5.497184315473501,0.22814884001525004,0.21322862777244403,1.346361251492077
residential_20102170590000,TRUE,TRUE,TRUE,5.5018693506464595,0.22369849742124792,0.20848311558294802,1.3484322123801742
residential_20102170670000,FALSE,TRUE,TRUE,5.510880821444819,0.21101276017328727,0.20371077684398012,1.3246138464641561
residential_20102180450000,FALSE,TRUE,TRUE,5.477808307825085,0.2497825398319013,0.24726081911102074,1.2489282855338997
residential_20102180460000,FALSE,TRUE,TRUE,5.4828337758577135,0.2446949200426344,0.24216359588185146,1.2511381019123293
residential_20102180470000,FALSE,TRUE,TRUE,5.487859196534989,0.23960767643407302,0.23706640036794058,1.2533655692775894
residential_20102190050000,FALSE,TRUE,TRUE,5.563050268494563,0.17679890779499202,0.1669499561457828,1.2537972077846702
residential_20102190330000,FALSE,TRUE,TRUE,5.577090062962983,0.16322259588881124,0.15270004970694237,1.2609014528020621
residential_20102190340000,FALSE,TRUE,TRUE,5.581848734564389,0.15864846417589906,0.14787054448620637,1.2633358911113874
residential_20102190350000,FALSE,TRUE,TRUE,5.586607397623036,0.15408960799823318,0.1430410234518934,1.2657848411214003
residential_20102190360000,FALSE,TRUE,TRUE,5.591206144048759,0.14969805174823253,0.1383732059410831,1.2681684246620726
residential_20102220050000,FALSE,TRUE,TRUE,5.584049682710627,0.20566376343293355,0.11242124700167558,1.4762494131102015
residential_20102240060000,FALSE,TRUE,TRUE,5.610052815074221,0.1143098269552015,0.1119878770148341,1.3192678829854416
residential_20102240140000,FALSE,TRUE,TRUE,5.612694214549351,0.11667696778170407,0.11201636960263137,1.3050711441095075
residential_20102240150000,FALSE,TRUE,TRUE,5.611865528959278,0.11569350518285891,0.11200830287909115,1.3094919280582198
residential_20103060720000,TRUE,TRUE,TRUE,5.831335527050108,0.22073221890341352,0.013777834197990493,1.6544094531218647
residential_20103060730000,TRUE,TRUE,TRUE,5.830736385528302,0.22089080117299958,0.019301189566765766,1.659109609886144
residential_20103060740000,TRUE,TRUE,TRUE,5.830353557846374,0.2210622234474086,0.022926182069193193,1.6622010818264192
residential_20103060750000,TRUE,TRUE,TRUE,5.8299386960529604,0.22131659208296228,0.026880281187106978,1.6655757713105899
residential_20103060760000,TRUE,TRUE,TRUE,5.829596238449286,0.22158124634028992,0.03016101288537439,1.6683775608231368
residential_20103060770000,TRUE,TRUE,TRUE,5.829218026711068,0.2219316691247964,0.033805883799449335,1.67149243411875
residential_20103060780000,TRUE,TRUE,TRUE,5.828842696575249,0.22234057170027915,0.0374450685400984,1.6746046045722116
residential_20103060790000,TRUE,TRUE,TRUE,5.828411568807016,0.22287984627164814,0.041473722452777126,1.678042790074367
residential_20103130180000,TRUE,TRUE,TRUE,5.993349385513429,0.07567070216782795,0.06392891369753109,1.7843393689167777
residential_20103130190000,TRUE,TRUE,TRUE,5.998060901074637,0.07248074644705503,0.06397602800782544,1.786239069349181
residential_20113140040000,TRUE,TRUE,FALSE,6.066634298924318,0.11866750010729722,0.08369720664114878,1.1940330197358406
residential_20113270080000,FALSE,TRUE,TRUE,6.2306028888420535,0.15782143375817015,0.022345916888979595,1.2306235727044557
residential_20113270090000,FALSE,TRUE,TRUE,6.235229301132709,0.16226421190113308,0.027082209817183095,1.2335939694711868
residential_20114160110000,TRUE,TRUE,TRUE,6.20991385947944,0.13324533047182907,0.024178749450235286,0.5491646171771966
residential_20114230320000,FALSE,TRUE,FALSE,6.337587093402232,0.14235152948175378,0.06247405589867702,0.6589800957273627
residential_20114230620000,FALSE,TRUE,FALSE,6.344359683987807,0.14895769441952994,0.06247642321653456,0.6605350358759353
residential_20161010100000,TRUE,TRUE,TRUE,6.279650010820597,0.1227038334256305,0.05645877107291991,3.10645071654447
residential_20161010110000,TRUE,TRUE,TRUE,6.284350470266769,0.12370514284496743,0.052120906047871195,3.1085403262928235
residential_20161020580000,FALSE,TRUE,TRUE,6.292657515754932,0.05611236503141046,0.11495008086709044,3.0367916804379607
residential_20161020610000,FALSE,TRUE,TRUE,6.306784597508241,0.0684494815081481,0.11217651645275356,3.0433347274070734
residential_20162060080000,FALSE,TRUE,TRUE,6.192058576893174,0.15431638297016062,0.3527242495594028,2.3376954317218974
residential_20162060700000,TRUE,TRUE,TRUE,6.309224294116205,0.2680613811877008,0.32509700518093176,2.393941467046371
residential_20162060750000,TRUE,TRUE,TRUE,6.3326075210311705,0.2797396072682364,0.3186980394274295,2.403664344455609
residential_20162200060000,TRUE,TRUE,TRUE,6.5007273847317775,0.2550560413777932,0.29185305970679204,2.4925287775518434
residential_20162200320000,TRUE,TRUE,TRUE,6.510409102669478,0.2343705856710992,0.3147018674151771,2.4717621407221952
residential_20163000860000,FALSE,TRUE,TRUE,6.807841215724679,0.2399582453641365,0.08759293805594749,3.320428357726766
residential_20163210820000,TRUE,TRUE,TRUE,7.108346761759487,0.3128076709676792,0.19357889539785705,3.301392766785865
residential_20163210830000,TRUE,TRUE,TRUE,7.1078967222707305,0.3126518466198373,0.19569177754568623,3.2967769450569677
residential_20171080430000,TRUE,TRUE,FALSE,6.634471069900971,0.41423507111855246,0.20857530410766856,4.084465019338187
residential_20171090090000,TRUE,TRUE,FALSE,6.5702097600716876,0.41600063877102633,0.18110202371891954,4.024412264869791
residential_20172070050000,TRUE,TRUE,FALSE,6.295643366688787,0.20090138945224714,0.036093648570238133,3.2193941574502007
residential_20172070060000,TRUE,TRUE,FALSE,6.300333236700951,0.20209121733904287,0.03235815258534499,3.2216934059865956
residential_20172070070000,TRUE,TRUE,FALSE,6.305023176948549,0.2033844300892522,0.028917521876996206,3.2237339451042164
residential_20173260010000,TRUE,TRUE,TRUE,7.257776321629246,0.37338135960164687,0.30252040641226274,4.37282179561957
residential_20173260320000,FALSE,TRUE,TRUE,7.315967676903755,0.34940538103211927,0.23367275428801768,4.365175699274742
residential_20173270290000,FALSE,TRUE,TRUE,7.301626294851575,0.3624203465379022,0.19935125279991694,4.303256050208726
residential_20181160190000,TRUE,TRUE,TRUE,6.977695850077483,0.3169200654300229,0.16728571910854065,4.768581862971724
residential_20182300180000,FALSE,TRUE,TRUE,6.846889699546269,0.3548279632705451,0.053360723355714276,4.2872319786866555
residential_20194000330000,TRUE,TRUE,TRUE,8.052939817687552,0.25321278870073305,0.2125957340935869,5.048443849145255
residential_20194030400000,TRUE,TRUE,TRUE,8.038660380499909,0.14140335711307453,0.24682598440792702,4.871734601904328
residential_20201010150000,TRUE,TRUE,TRUE,7.433482647685391,0.23231304351630866,0.18588984277369036,4.412549844595571
residential_20201110320000,TRUE,TRUE,TRUE,7.5046987327788335,0.25295701389474834,0.02138130382231746,4.287877901523243
residential_20202160020000,FALSE,TRUE,TRUE,7.544707828207393,0.1049378222419555,0.021183732459140004,4.033835858960114
residential_20203010140000,TRUE,TRUE,FALSE,7.908860477451236,0.21213976192028844,0.18228734022674056,4.520218643453557
residential_20211260230000,TRUE,TRUE,TRUE,7.582478592594396,0.12687412697568826,0.11051304517199179,3.3069395887382087
residential_20211290010000,TRUE,TRUE,TRUE,7.557876438803709,0.1130692759852741,0.21106647298074568,3.1746337587051783
residential_20211290020000,TRUE,TRUE,TRUE,7.5648554169318,0.10660403576238014,0.2072279078330112,3.176369478010629
residential_20211290090000,TRUE,TRUE,TRUE,7.565478253674913,0.11759242753878218,0.2286568405571773,3.1516580782882655
residential_20211290100000,TRUE,TRUE,TRUE,7.565063165717111,0.1229114781677367,0.2364972167844676,3.1430529754332093
residential_20211290250000,TRUE,TRUE,TRUE,7.575225514950398,0.097131935269437,0.20183758222411086,3.178974091093387
residential_20211290260000,TRUE,TRUE,TRUE,7.579951793608633,0.09287989467939316,0.19951229188648395,3.1801713401419294
residential_20211290280000,TRUE,TRUE,TRUE,7.58553353651955,0.08816473688023432,0.19736604686799294,3.1810541911067323
residential_20211290290000,TRUE,TRUE,TRUE,7.590892902178151,0.0834950212629969,0.19496068408971615,3.1824288180227596
residential_20211290300000,TRUE,TRUE,TRUE,7.59637801219967,0.07880650654047797,0.19262035734517274,3.18384694452591
residential_20212150110000,TRUE,TRUE,TRUE,7.547857530902585,0.26560660194515745,0.1962723133908247,2.9556534552566562
residential_20212150140000,TRUE,TRUE,TRUE,7.576120958877117,0.23999049449482895,0.2005247473927343,2.9631374290202235
residential_20212150180000,TRUE,TRUE,TRUE,7.613657426194222,0.20694666882745694,0.21212994120249523,2.9734179712277666
residential_20222230120000,FALSE,TRUE,FALSE,7.555322706145734,0.13769565048734567,0.33100969616201503,1.6725124235146864
residential_20222230180000,FALSE,TRUE,FALSE,7.582272359118309,0.13595690106657757,0.34341595257719143,1.6811029718468573
residential_20223130420000,TRUE,TRUE,TRUE,7.923503533060313,0.18637020632245996,0.4216182754249767,2.618962995041909
residential_20223130430000,TRUE,TRUE,TRUE,7.928235165271005,0.19082056436741085,0.4184312226313673,2.620688380580226
residential_20223130440000,TRUE,TRUE,TRUE,7.932965110605287,0.1952825106776068,0.4152744769493965,2.6224201342474798
residential_20223130450000,TRUE,TRUE,TRUE,7.937696147204195,0.19975752364996602,0.4121463180874436,2.62415857572171
residential_20223190280000,TRUE,TRUE,TRUE,7.974629380194881,0.26854413740081823,0.25409336081916,2.292771396581
residential_20223190290000,TRUE,TRUE,TRUE,7.979346203334332,0.2657491651580542,0.24936072709869822,2.294820347286908
residential_20224040260000,TRUE,TRUE,TRUE,7.793483062059182,0.2353848937160456,0.4997089959413324,1.8551520975509503
residential_20224050130000,TRUE,TRUE,TRUE,7.797462668228354,0.24296157522430975,0.46492409065247514,1.822732531962299
residential_20231050780000,FALSE,TRUE,TRUE,7.519273219277163,0.15034459487444274,0.04888329207868371,1.347905017140251
residential_20231050790000,FALSE,TRUE,TRUE,7.52546354234299,0.1531124819693997,0.0551921178246925,1.349904289303334
residential_20231060350000,FALSE,TRUE,TRUE,7.52000750814398,0.11576482169109718,0.047092711048190426,1.3121313316740226
residential_20231110050000,FALSE,TRUE,TRUE,7.539439140209336,0.07951138554768986,0.07564478737524988,1.14751232810794
residential_20231110060000,FALSE,TRUE,TRUE,7.547881394529316,0.08246162119790688,0.07750961622367097,1.1533496537825436
residential_20231140110000,TRUE,TRUE,TRUE,7.574652886842174,0.20325860565691645,0.16803005621245115,1.4878362886654755
residential_20231150140000,TRUE,TRUE,TRUE,7.618732231818175,0.14786040506073825,0.1677123904562808,1.4408935683039623
residential_20231160040000,TRUE,TRUE,TRUE,7.600458023541805,0.17489942901295466,0.13065364039294294,1.371385969107752
residential_20231160050000,TRUE,TRUE,TRUE,7.609787884131987,0.16548698270861292,0.1401601165993679,1.374926408177336
residential_20231160360000,FALSE,TRUE,TRUE,7.551691029412306,0.16252033568814211,0.08095566580477173,1.3538111860480888
residential_20231160370000,FALSE,TRUE,TRUE,7.556184986885188,0.16525400616863495,0.08553566790522121,1.3553628851270354
residential_20231170040000,TRUE,TRUE,TRUE,7.587128914088473,0.13745485460232545,0.11685203973258734,1.3033453055659676
residential_20231170230000,TRUE,TRUE,TRUE,7.668565367787463,0.14506520076407453,0.09373173262465605,1.3362315829268099
residential_20231190140000,TRUE,TRUE,TRUE,7.650777402995238,0.1674374639352405,0.061382373595295234,1.2034935011947843
residential_20231190510000,TRUE,TRUE,TRUE,7.676320230964195,0.1922375262828965,0.03669910167528118,1.214988576197881
residential_20231190520000,TRUE,TRUE,TRUE,7.633396939414889,0.15767723322292332,0.08314624200127221,1.1693385934141671
residential_20231190530000,TRUE,TRUE,TRUE,7.638035357199022,0.16172955982916706,0.07839288370939233,1.171356456406414
residential_20231230080000,TRUE,TRUE,TRUE,7.70966318514478,0.0634469192409512,0.14249184304156115,1.4779029275309539
residential_20231230400000,TRUE,TRUE,TRUE,7.702679419150934,0.06919997516000635,0.14397520235141828,1.4748853782353422
residential_20231250140000,FALSE,TRUE,TRUE,7.706632142026487,0.14025107730288827,0.0591825968707788,1.3269873016855431
residential_20231250320000,FALSE,TRUE,TRUE,7.729798338889988,0.12767428579250006,0.03552762102681233,1.3378309973841396
residential_20231250330000,FALSE,TRUE,TRUE,7.73444727438531,0.1255952958224443,0.030793325879419898,1.3399882980080755
residential_20232110210000,TRUE,TRUE,TRUE,7.685959022142518,0.16591709387056555,0.04702713690899327,1.1534250493586478
residential_20232130490000,FALSE,TRUE,TRUE,7.66729856466326,0.24891862998183031,0.09226617476354124,0.9608915534545625
residential_20232130510000,TRUE,TRUE,TRUE,7.689385319344733,0.22671924401678076,0.11171008295473395,0.9758110166310158
residential_20232200370000,TRUE,TRUE,TRUE,7.755286699671075,0.31309857170717437,0.16308172030105308,0.8690746773261656
residential_20232200380000,TRUE,TRUE,TRUE,7.7563918219637795,0.31643284336643873,0.15913015660089827,0.8659813729328736
residential_20232200390000,TRUE,TRUE,TRUE,7.759514773515224,0.32214268428050585,0.15175038192735574,0.860894627168851
residential_20232220210000,TRUE,TRUE,TRUE,7.775593650259422,0.07497885334688224,0.065510121331534,1.1652571533771445
residential_20232220410000,TRUE,TRUE,TRUE,7.742595137795042,0.10851227719650285,0.04694148154984426,1.160432754626226
residential_20232220420000,TRUE,TRUE,TRUE,7.7436705571449185,0.10678465670150113,0.051675588928684964,1.1563725297740792
residential_20232230220000,TRUE,TRUE,TRUE,7.816812150099805,0.07056429241461645,0.14977750131451437,1.110749343731065
residential_20232240160000,TRUE,TRUE,TRUE,7.775420762290386,0.12994488042748728,0.17473310154485708,1.0544545674973695
residential_20232240170000,TRUE,TRUE,TRUE,7.7765695023451284,0.13313135205688423,0.1794679107970669,1.05056005007731
residential_20232240180000,TRUE,TRUE,TRUE,7.777674816691813,0.13627508540324032,0.18401332625463926,1.046827815203388
residential_20232240190000,TRUE,TRUE,TRUE,7.778782707011147,0.13949606021909666,0.18855875393939203,1.043102067199899
residential_20232240200000,TRUE,TRUE,TRUE,7.779893966934904,0.14278787223801687,0.19310350396630863,1.0393840084688937
residential_20232240210000,TRUE,TRUE,TRUE,7.781024675344858,0.14614396221193865,0.1976577225360114,1.0356734851571812
residential_20232240220000,TRUE,TRUE,TRUE,7.782020641097473,0.1492638232882479,0.20178810081753154,1.032295299654403
residential_20232240240000,TRUE,TRUE,TRUE,7.782421862682466,0.15309255163425448,0.20331747042592435,1.0282887099006779
residential_20243230210000,FALSE,TRUE,TRUE,8.384931044311509,0.1294608363987625,0.20366730795954271,1.0278726847754853
residential_20251140520000,TRUE,TRUE,TRUE,8.697577678635534,0.3750276400346765,0.06573524510007953,1.1147777595616144
residential_20261090110000,TRUE,FALSE,FALSE,8.352918686786591,0.11244577961195294,0.21682163568422752,1.9332176736905795
residential_20261090130000,TRUE,FALSE,FALSE,8.362663131137923,0.10246898206861832,0.20899466922152907,1.9306204199707113
residential_20261150170000,TRUE,TRUE,FALSE,8.56047616098394,0.12281516423039016,0.0025362348067559416,2.071472253235255
residential_20261160390000,FALSE,TRUE,FALSE,8.525930448776096,0.1721520822685689,0.048034837345662024,2.019038763359831
residential_20261260260000,TRUE,FALSE,FALSE,8.72427537684367,0.31865281170631776,0.12821074958840903,2.0047648408492047
residential_20261260270000,TRUE,FALSE,FALSE,8.728946469227555,0.32011515065037566,0.12468990879163498,2.0078366015403035
residential_20263030300000,TRUE,TRUE,TRUE,8.87497884195379,0.2309366282540264,0.022676104421925497,2.128040974420151
residential_20263090100000,TRUE,TRUE,TRUE,8.94357420870047,0.1734139910540898,0.10981701716130346,2.280701546295306
residential_20263090400000,TRUE,TRUE,TRUE,8.89617190890999,0.2095298682644736,0.09462754830811791,2.235889739496482
residential_20263090410000,TRUE,TRUE,TRUE,8.895491543762576,0.21146985500556953,0.09922021838125088,2.239293112008195
residential_20263090420000,TRUE,TRUE,TRUE,8.894814899979082,0.21348977057617055,0.10381291283961405,2.2427016863338576
residential_20263090430000,TRUE,TRUE,TRUE,8.89413860336332,0.21559080183064347,0.1084068426718038,2.2461141977173775
residential_20263100190000,TRUE,TRUE,TRUE,8.942874980161614,0.1554470663392793,0.020801392548546464,2.206421368007148
residential_20263110200000,TRUE,TRUE,TRUE,9.023990605780641,0.14751340281847916,0.14344050967436636,2.366057610826049
residential_20263110210000,TRUE,TRUE,TRUE,9.02868325999358,0.14581622704223643,0.14341987851449178,2.3691430102263413
residential_20263110230000,TRUE,TRUE,TRUE,9.038063776747741,0.14283752094487825,0.14340126775697162,2.3742408422485406
residential_20263110400000,TRUE,TRUE,TRUE,9.109561568944548,0.14047443157369235,0.1431890127431926,2.413937085376692
residential_20263120430000,TRUE,TRUE,TRUE,9.019696712609685,0.10078860281328607,0.08119193785841465,2.306842676397945
residential_20264180060000,TRUE,FALSE,FALSE,9.141493376401812,0.3461852967064513,0.19730696442665283,1.9030770850783187
residential_20282130510000,TRUE,TRUE,TRUE,8.350622728741996,0.2835013210441499,0.06606803114699074,3.0824505001186338
residential_20293180360000,FALSE,TRUE,FALSE,9.309283434019461,0.37984151691334306,0.21125721395671804,4.942776530190617
residential_20293180370000,FALSE,TRUE,FALSE,9.308417962791543,0.37915137139807736,0.2065233098397267,4.938533714860931
residential_20312270100000,FALSE,TRUE,TRUE,9.830813234226245,0.18206036033666662,0.07758259856312545,5.522205249769315
residential_20322000290000,FALSE,TRUE,TRUE,9.373608568485318,0.20294636813652706,0.17755642222982193,4.635018254621375
residential_20322020220000,FALSE,TRUE,TRUE,9.300658195084566,0.2592873374933073,0.26384181649098476,4.498119617956079
residential_20322020290000,FALSE,TRUE,TRUE,9.34940888698752,0.21027297743793508,0.27973434102748157,4.5230379083285746
residential_20331040240000,FALSE,TRUE,TRUE,9.224718226029129,0.1962496939398716,0.07438432321572688,3.952669724283191
residential_20331040260000,FALSE,TRUE,TRUE,9.25058114270039,0.1936388091485942,0.09757743256108642,3.9657297717247886
residential_20331040270000,FALSE,TRUE,TRUE,9.25293156884807,0.19284909594324864,0.09933626009023667,3.966923256240498
residential_20331050070000,FALSE,TRUE,TRUE,9.217656676927781,0.1738607902755164,0.07120248378331472,3.917717399418547
residential_20331070080000,FALSE,TRUE,TRUE,9.261357111672568,0.057398049478295736,0.14894787664238782,3.8472297143432073
residential_20332080250000,FALSE,TRUE,TRUE,9.31453123156334,0.07115220965112261,0.21717130269346807,3.7905298657311732
residential_20353000330000,TRUE,TRUE,FALSE,9.793178308515596,0.26232409353120995,0.28837099681817596,2.7246159452802465
residential_20353140560000,TRUE,TRUE,FALSE,10.214430002548006,0.2561518087862488,0.15016472231043806,2.9633584113055678
residential_21313170100000,FALSE,TRUE,FALSE,10.5017385042503,0.1249088243697065,0.43953676540000547,1.2876590901284803
residential_25014100340000,FALSE,TRUE,TRUE,11.268019791054673,0.13897237248514452,0.40189117082285897,1.967747439474192
residential_25014100350000,FALSE,TRUE,TRUE,11.269210889742567,0.14363266417004728,0.4014101092283172,1.9635886846080228
residential_25014100360000,FALSE,TRUE,TRUE,11.270403327516851,0.14829591054802785,0.4009846315475434,1.9594341893002833
residential_25014190050000,FALSE,TRUE,TRUE,11.309556943038046,0.16511046172368773,0.3617342041777295,1.973180303140154
residential_25014190260000,FALSE,TRUE,TRUE,11.329613401561462,0.18417683509615757,0.34365560931292355,1.9705874907263778
residential_25021050130000,TRUE,TRUE,FALSE,10.453252362430518,0.3006424322053887,0.08955882782929198,3.1017893189928696
residential_25021050250000,TRUE,TRUE,FALSE,10.47951980043188,0.2776788828638145,0.08762402821595458,3.121724764071112
residential_25031150300000,FALSE,FALSE,FALSE,10.532122589123087,0.3079112559490053,0.45826246499729334,4.004734686658985
residential_25034150370000,FALSE,TRUE,TRUE,10.958377100166553,0.1769988479724918,0.23740090655150164,3.621820193658308
residential_25034160070000,TRUE,TRUE,TRUE,10.937993908558692,0.1605555629891176,0.18023627477934998,3.5549323313355004
residential_25034260090000,TRUE,TRUE,FALSE,11.154397611547445,0.37291836054486094,0.07647157959540163,3.6292255198288297
residential_25034330410000,TRUE,TRUE,TRUE,11.21094381232081,0.4276056734473575,0.030467512184403252,3.6757996104805692
residential_25064110010000,TRUE,TRUE,TRUE,11.060473458825038,0.32184140372889,0.06647043071892386,6.066656830253599
residential_25083070210000,TRUE,TRUE,TRUE,12.150637973217108,0.2617553989563297,0.03398776469252817,6.407136742392303
residential_25093100200000,TRUE,TRUE,TRUE,11.94094588833487,0.04791979876557107,0.3112801129215321,5.544118998149083
residential_25093100210000,TRUE,TRUE,TRUE,11.94552043389451,0.05068537034303947,0.31132100173815097,5.547075473073111
residential_25103050260000,TRUE,FALSE,FALSE,11.73503372045753,0.24968733708922694,0.25779393829069247,4.3865118361371245
residential_25161050090000,TRUE,TRUE,FALSE,12.21324761660303,0.2541846181367332,0.052735288281116316,5.427470970596199
residential_25161050100000,TRUE,TRUE,FALSE,12.213059819516259,0.24846764121223192,0.04729835336625592,5.421783849186281
residential_25161050140000,TRUE,TRUE,FALSE,12.21234262734063,0.22588075907189034,0.028693648348934314,5.399048950181552
residential_25162150600000,TRUE,TRUE,FALSE,12.565137851078026,0.35934672379002885,0.4535614343132259,5.047471302864746
residential_25171210140000,TRUE,TRUE,TRUE,12.56544158254679,0.21574110031550023,0.06497154816007349,6.545101840125025
residential_25171210150000,TRUE,TRUE,TRUE,12.560739873703353,0.2118053988998497,0.0633659490620244,6.542112344942465
residential_25171210160000,TRUE,TRUE,TRUE,12.556038325720106,0.20790293947316477,0.06176067292674561,6.539125213189454
residential_25171210170000,TRUE,TRUE,TRUE,12.551336819395992,0.20403587127693223,0.060136118645282205,6.536140014594749
residential_25171210180000,TRUE,TRUE,TRUE,12.546635291547002,0.20020602318320324,0.058538880316056405,6.533156882379888
residential_25171210190000,TRUE,TRUE,TRUE,12.541933693649142,0.19641552706417262,0.05724808739702546,6.5301757989145
residential_25171210200000,TRUE,TRUE,TRUE,12.536374307091306,0.19201471895761707,0.05616322699958663,6.526626726906288
residential_25171220010000,TRUE,TRUE,TRUE,12.766294123139321,0.33108359770772017,0.19847818928413033,6.698480428446029
residential_25171220020000,TRUE,TRUE,TRUE,12.765735187777166,0.3285249401378566,0.19855285400327397,6.694203554059686
residential_25171220030000,FALSE,TRUE,TRUE,12.765171331727498,0.32598555531190965,0.19665461182382277,6.689878689823335
residential_25171220040000,TRUE,TRUE,TRUE,12.764608968797388,0.32349576457761703,0.19241897886086406,6.685554306912074
residential_25171220050000,TRUE,TRUE,TRUE,12.764048517473809,0.32105634439794617,0.18820722865403824,6.6812305585732865
residential_25171220070000,FALSE,TRUE,TRUE,12.762908898555436,0.3162377469041414,0.1796880681787472,6.672403599408833
residential_25171220090000,FALSE,TRUE,TRUE,12.761821936361075,0.31182900345220094,0.17084411791088785,6.663940157366819
residential_25171220100000,FALSE,TRUE,TRUE,12.761270075717555,0.3096598205181385,0.16618341344183307,6.659619136272833
residential_25171220110000,FALSE,TRUE,TRUE,12.76071999297329,0.3075482256696517,0.16152707901767074,6.655298738976686
residential_25171220130000,TRUE,TRUE,TRUE,12.746897020175046,0.33736863383612575,0.18285699759298601,6.6761580080669525
residential_25171220140000,TRUE,TRUE,TRUE,12.74198110907016,0.34169688967031886,0.18104934249643317,6.674165697411234
residential_25171220150000,TRUE,TRUE,TRUE,12.737065216381906,0.34604192667461375,0.179358847728405,6.672176501966869
residential_25171220160000,TRUE,TRUE,TRUE,12.732149404757411,0.3452588271134129,0.17753698622687467,6.670190443490875
residential_25171220170000,TRUE,TRUE,TRUE,12.72723360147639,0.3403751618421204,0.17567112466886123,6.668207394690593
residential_25171220180000,TRUE,TRUE,TRUE,12.722317791619245,0.33549347799021384,0.17392632165018407,6.666227437857292
residential_25171220190000,TRUE,TRUE,TRUE,12.717510051689331,0.3307211199063748,0.1722908229605976,6.664294012536791
residential_25171220200000,TRUE,TRUE,TRUE,12.712810499924206,0.3260581467310216,0.17069267072655764,6.66240699737188
residential_25171220210000,TRUE,TRUE,TRUE,12.70811102877552,0.3213973640916984,0.1690944316658119,6.660522733626999
residential_25171220220000,TRUE,TRUE,TRUE,12.703411503590099,0.3167386567489958,0.1675053296707118,6.6586413873281485
residential_25171220230000,TRUE,TRUE,TRUE,12.698712018783645,0.312082295125811,0.16592053665497572,6.656762770933816
residential_25171220240000,TRUE,TRUE,TRUE,12.694012565553999,0.307428314159525,0.16433581049514906,6.654887057896194
residential_25171220250000,TRUE,TRUE,TRUE,12.689313128453534,0.302776825703522,0.16275109573040614,6.653014196012413
residential_25171220260000,TRUE,TRUE,TRUE,12.684613706752346,0.29812797637477906,0.16116630512049943,6.651144103411216
residential_25171220270000,TRUE,TRUE,TRUE,12.679913918283386,0.2935001800314266,0.15952792946518746,6.649225059875714
residential_25171220280000,TRUE,TRUE,TRUE,12.675154174876022,0.28898281530360614,0.15739971286306537,6.6468311857652225
residential_25171220290000,TRUE,TRUE,TRUE,12.668543342031445,0.2827763520723768,0.15429375359852024,6.643365442571174
residential_25171220310000,FALSE,TRUE,TRUE,12.738924544121796,0.32972017287419125,0.1568071219545501,6.6501798302307344
residential_25171220320000,FALSE,TRUE,TRUE,12.734007424165457,0.3342192291696345,0.15485021032913385,6.648183220071722
residential_25171220330000,FALSE,TRUE,TRUE,12.729090321996665,0.33873107428449417,0.15302882991207356,6.646189901983384
residential_25171220340000,FALSE,TRUE,TRUE,12.724173328910338,0.3432550043473014,0.15134272808049798,6.644199718369211
residential_25171220380000,FALSE,TRUE,TRUE,12.705045978589602,0.32718209463871034,0.1444195848206041,6.636487012859581
residential_25171220390000,FALSE,TRUE,TRUE,12.700345284318137,0.32260534547647374,0.1428213776063221,6.634598713650525
residential_25171220400000,FALSE,TRUE,TRUE,12.6956446154401,0.318033225677887,0.14122317039196705,6.632713256904658
residential_25171220410000,FALSE,TRUE,TRUE,12.690943970574823,0.3134659551721775,0.1396339356403243,6.630830601860915
residential_25171220420000,TRUE,TRUE,TRUE,12.686243345072054,0.30890372410285605,0.1380491490780066,6.628950794588784
residential_25171220430000,TRUE,TRUE,TRUE,12.681542743630592,0.30434678434739887,0.13646431783939855,6.627073793812698
residential_25171220440000,TRUE,TRUE,TRUE,12.676839794243072,0.29979305417767815,0.13487870504307461,6.62519871757372
residential_25171220450000,TRUE,TRUE,TRUE,12.672130772975407,0.29523915592714733,0.13329115123876353,6.623324184083877
residential_25171220460000,TRUE,TRUE,TRUE,12.665568512367992,0.2889033787043563,0.13107839514049027,6.620716300912376
residential_25171240050000,FALSE,TRUE,TRUE,12.755448982960209,0.29198300118806425,0.12039896566118988,6.616826848186815
residential_25171240060000,FALSE,TRUE,TRUE,12.754889512430454,0.29043355165456664,0.11558439520478092,6.612297971905352
residential_25171240110000,FALSE,TRUE,TRUE,12.738935408262991,0.3124089309306043,0.12744169794658303,6.619407083686196
residential_25171240120000,FALSE,TRUE,TRUE,12.733973289387789,0.317128570064148,0.12483555415505732,6.61737997733253
residential_25171240130000,FALSE,TRUE,TRUE,12.729011245831726,0.3218565180943733,0.12237801238002595,6.615356053078908
residential_25171240140000,FALSE,TRUE,TRUE,12.724049232715974,0.3265924685855941,0.12007819792674959,6.613335323237434
residential_25171240150000,FALSE,TRUE,TRUE,12.719087338248617,0.3313359614802096,0.117945307719308,6.611317759754492
residential_25171240160000,FALSE,TRUE,TRUE,12.735967339120343,0.30454754423201297,0.10170109073096986,6.595154894593828
residential_25171240170000,FALSE,TRUE,TRUE,12.731004093313135,0.30938536633274905,0.10127720859977546,6.593120410769323
residential_25171240190000,FALSE,TRUE,TRUE,12.721077643782976,0.3190756244156379,0.09702747643015969,6.589060750577368
residential_25171240200000,FALSE,TRUE,TRUE,12.716114491457933,0.32392757662056704,0.09436926255580246,6.58703560880312
residential_25171240210000,TRUE,TRUE,TRUE,12.702462494959546,0.3355522775723298,0.11957702600960048,6.6122168407232715
residential_25171240220000,FALSE,TRUE,TRUE,12.701833587995795,0.337424722268189,0.11449292971107335,6.607161158921732
residential_25171240230000,FALSE,TRUE,TRUE,12.70120944162999,0.3393767529970567,0.10945722298099239,6.60211161173797
residential_25171240240000,FALSE,TRUE,TRUE,12.700587706653161,0.3414070091951657,0.10430869079866611,6.597062830622535
residential_25171240250000,FALSE,TRUE,TRUE,12.69996845432327,0.34351420868493876,0.09910822614816177,6.592014778215808
residential_25171240260000,FALSE,TRUE,TRUE,12.699351432068687,0.34305365930776766,0.0939077107584955,6.5869674270631
residential_25171240270000,FALSE,TRUE,TRUE,12.698736852436005,0.3417140988733957,0.0887155680922438,6.58192086962729
residential_25171240290000,FALSE,TRUE,TRUE,12.697512940235896,0.33929160050325796,0.07846325523138999,6.57183168861033
residential_25171250010000,TRUE,TRUE,TRUE,12.769158319383466,0.3393481309539601,0.19809543337193614,6.713420385397693
residential_25171250020000,TRUE,TRUE,TRUE,12.767437514130275,0.3364277069149027,0.1986656328460488,6.707181589347946
residential_25171250030000,TRUE,TRUE,TRUE,12.766861550020108,0.33371771797271965,0.19851454058116555,6.702806466267497
residential_25173010370000,FALSE,TRUE,TRUE,12.815903092961449,0.40921816816090045,0.22026021581198024,6.84438726604585
residential_25173040090000,FALSE,TRUE,TRUE,12.797352384165965,0.2738418870760653,0.16893703683908687,6.668927697383447
residential_25173040490000,FALSE,TRUE,TRUE,12.821094503685323,0.24898177237291333,0.14799460969547626,6.671129976193689
residential_25173260010000,FALSE,TRUE,TRUE,13.208512631629889,0.23290930162974524,0.25033596321876994,7.013662991763425
residential_25173260020000,FALSE,TRUE,TRUE,13.207927157228317,0.2369976314924287,0.24663719666685363,7.009077375342721
residential_25192050090000,FALSE,TRUE,TRUE,13.4400637014972,0.13720036920581552,0.30277325518442827,7.1680302908323235
residential_25194050520000,FALSE,TRUE,TRUE,14.030500035098678,0.48104789125622893,0.04958586379772647,7.595285655446509
residential_25194060480000,FALSE,TRUE,TRUE,14.047184844847674,0.5046984125279718,0.11263581057387935,7.545972396270189
residential_25194060490000,FALSE,TRUE,TRUE,14.042615447754917,0.5004149668053219,0.1126304370349345,7.543031926381198
residential_25214240090000,FALSE,TRUE,TRUE,14.121290011842696,0.5630742618356566,0.14572795385706253,5.689288056212879
residential_25282040300000,TRUE,TRUE,TRUE,14.2738591603846,0.4766317552491814,0.08000600394124079,5.610130714582275
residential_25282050130000,TRUE,TRUE,FALSE,14.249686375716738,0.43567492290909227,0.061184335760660444,5.568308625083801
residential_25282110060000,TRUE,TRUE,TRUE,14.370898675362275,0.44723017807013926,0.19159525857054352,5.728847200183378
residential_25282180240000,TRUE,TRUE,TRUE,14.509627680978205,0.3824900617620602,0.20168727589580523,5.818936509750465
residential_297_group_13114200070000,FALSE,TRUE,TRUE,7.364587785179412,0.12942989137858743,0.1047672428592913,3.2679616117275434
residential_297_group_13361070500000,TRUE,TRUE,TRUE,4.503054882245007,0.21196369000314583,0.0879398297862351,3.663639122209641
residential_297_group_13361080290000,TRUE,TRUE,TRUE,4.575931761288301,0.12346069383700989,0.05134526337963429,3.778711598969959
residential_297_group_13361080310000,TRUE,TRUE,TRUE,4.568288435187962,0.1307387120354019,0.05136034015358816,3.769312681341687
residential_297_group_13364140410000,TRUE,TRUE,FALSE,3.629947840599384,0.3037887778323473,0.08487258818565682,3.0367460426874433
residential_297_group_14064100480000,TRUE,TRUE,TRUE,7.272705703294495,0.12073527177155116,0.020583969190516246,0.8677874043600776
residential_297_group_14201100120000,FALSE,TRUE,TRUE,4.930218669685215,0.20055566116746545,0.2162830925356575,1.0697711468340023
residential_297_group_14202110040000,TRUE,TRUE,TRUE,4.89409639739058,0.22776728637768665,0.07838447624304366,0.7631434151908295
residential_297_group_14291030230000,TRUE,TRUE,TRUE,4.097172647926934,0.23450170600194725,0.1746322302959227,1.2718354622832317
residential_297_group_14293010310000,FALSE,TRUE,TRUE,3.664698845369135,0.15581699889515832,0.0669062301178907,1.8316258520969624
residential_297_group_14293010700000,FALSE,TRUE,TRUE,3.6081379653936074,0.17919677136837459,0.02120403600043847,1.8094863589779144
residential_297_group_14293140220000,TRUE,TRUE,TRUE,3.4949943482745187,0.354683162794568,0.16789970955617037,1.6361659211234723
residential_297_group_14293150020000,TRUE,TRUE,TRUE,3.479381258544233,0.39034979267115055,0.1500518316772386,1.600417643666522
residential_297_group_14301080400000,FALSE,TRUE,TRUE,4.511905237080584,0.14632444036616143,0.13872893156269656,2.478271962965371
residential_297_group_14311180220000,TRUE,TRUE,FALSE,3.851220844562302,0.23477650167595268,0.06873466846875717,2.934289092842552
residential_297_group_16012080440000,TRUE,TRUE,TRUE,3.7292421009235546,0.1100862943207998,0.05174471963837399,3.585520938588402
residential_297_group_16012080460000,TRUE,TRUE,TRUE,3.751005537837671,0.13020467218696238,0.02532898622095785,3.6119734901606844
residential_297_group_16012080470000,TRUE,TRUE,TRUE,3.75316746994139,0.13256148478228919,0.02533401357258675,3.6107106650717533
residential_297_group_16012080480000,TRUE,TRUE,TRUE,3.7553332275075255,0.13504248443370065,0.025340076628241264,3.6094526044976516
residential_297_group_16012080490000,TRUE,TRUE,TRUE,3.7575030084030536,0.13764087292902324,0.025343364214060804,3.6082011188337075
residential_297_group_17053080230000,FALSE,TRUE,FALSE,2.143274701257428,0.1602709066289827,0.2858686567781058,2.1433507834518672
residential_297_group_17061180240000,TRUE,TRUE,TRUE,3.0185445987570385,0.09105806966553699,0.22409008471006306,2.8853576897869586
residential_297_group_17064240400000,TRUE,TRUE,TRUE,2.364383784215479,0.265128566189121,0.048796225606954124,2.539435133529872
residential_297_group_17081260120000,TRUE,TRUE,TRUE,1.5150771129594791,0.1015337927787711,0.28648414658258464,1.9662105391893887
residential_297_group_20034010220000,TRUE,TRUE,TRUE,4.814277806850745,0.16197208009770514,0.11416895449002455,1.000771519043644
residential_297_group_20102100230000,FALSE,TRUE,TRUE,5.37457862018018,0.2843669039486968,0.21189206991183004,1.2035804915644064
residential_297_group_20102100240000,FALSE,TRUE,TRUE,5.383908266401375,0.2894913868470816,0.2205766786368696,1.2085511579919583
residential_adjudicated_maud_1858_2017,TRUE,TRUE,TRUE,2.485310777714336,0.4467612692827371,0.04271827050195559,1.379095699179857
residential_adjudicated_maud_1860_2017,TRUE,TRUE,TRUE,2.480794284004486,0.44274996275680073,0.03846482657789152,1.3764123903519156
residential_condo_1407317044,TRUE,TRUE,TRUE,6.555216762625597,0.24280646344589227,0.06134860305750384,1.6137902333554135
residential_condo_1407325053,TRUE,TRUE,TRUE,6.479904800268897,0.24456973137411284,0.1357443295242794,1.6442958955118938
residential_condo_1408307053,FALSE,TRUE,TRUE,6.475313759123929,0.4982599177784656,0.25578090616159993,0.9689203900875859
residential_condo_1420106066,TRUE,TRUE,TRUE,5.070344895404881,0.1378102187048345,0.22622942554424577,1.3490284001520496
residential_condo_1420215058,FALSE,TRUE,TRUE,4.7944074160891,0.33727337509033806,0.0760435471958522,0.9230516161552378
residential_condo_1429103033,TRUE,TRUE,FALSE,4.121596867508246,0.20964012724746484,0.14847531114073495,1.2579551922591758
residential_condo_1429303065,TRUE,TRUE,TRUE,3.6950144416567774,0.3679141223631153,0.11630773520189588,1.5875905473261631
residential_condo_1429303066,TRUE,TRUE,TRUE,3.673537486869255,0.3782186879000324,0.13926779187266036,1.5938840422499507
residential_condo_1429315108,TRUE,TRUE,TRUE,3.4553279384724322,0.397430737935214,0.1421092570221608,1.5961220581002329
residential_condo_1429403093,TRUE,TRUE,TRUE,3.5268790717140788,0.18350687048820452,0.08399532240228413,1.2066735465728007
residential_condo_1431105037,TRUE,TRUE,FALSE,3.9252300551609274,0.26782946344786496,0.02840548806422995,2.9012997763224044
residential_condo_1431128046,TRUE,TRUE,FALSE,3.7661594291351688,0.15679816151759032,0.11347167739400092,2.937095194707308
residential_condo_1601415060,TRUE,TRUE,TRUE,3.161252920310497,0.07615231638280406,0.1434795835297396,3.3424665057452736
residential_condo_1705301070,FALSE,TRUE,FALSE,2.178077414909808,0.14887854576882253,0.25981937318796006,2.1537446612016025
residential_condo_1705301071,TRUE,TRUE,TRUE,2.1744186178108516,0.14514570482026676,0.25787615183209467,2.1492578697909654
residential_condo_1717214023,TRUE,TRUE,TRUE,0.9667646141559646,0.06092768456018077,0.021778771867555686,1.9345444450139204
residential_multicard_11303200330000,TRUE,TRUE,FALSE,9.35336707997846,0.22553663710424585,0.26540758433880757,1.2883865679038984
residential_multicard_11303220080000,TRUE,TRUE,TRUE,9.330180643238318,0.19136470453917062,0.2987163328688322,1.1410387226642384
residential_multicard_13042080370000,TRUE,TRUE,TRUE,9.966080245379166,0.48593039759961804,0.26906641812144966,4.9499071052468775
residential_multicard_13141270250000,TRUE,TRUE,TRUE,7.0341827023461,0.2556702490824767,0.24092362566444908,3.7962235172041616
residential_multicard_13154010310000,TRUE,TRUE,TRUE,7.52985524447313,0.12853585802786685,0.2550622292064501,4.542164453452989
residential_multicard_13221240150000,TRUE,TRUE,TRUE,7.2087168743441685,0.3679316826867451,0.1653461807934954,5.266922032053578
residential_multicard_13222210280000,TRUE,TRUE,TRUE,6.8192554634924,0.1587905466574402,0.3311508580707052,4.7536634045039134
residential_multicard_13223070280000,TRUE,TRUE,FALSE,7.17458723152178,0.35697486357533165,0.24805112407781232,5.465818490885443
residential_multicard_13234060400000,TRUE,TRUE,TRUE,5.937859547581935,0.15418325122598553,0.047863706238808396,4.004384045020084
residential_multicard_13252030410000,TRUE,TRUE,FALSE,4.854794764967921,0.186813475867865,0.11545147400397114,2.74151147532342
residential_multicard_13254120290000,TRUE,FALSE,FALSE,4.45859774869994,0.22754541112355076,0.1144868797199652,3.087218140332108
residential_multicard_13254280400000,TRUE,TRUE,TRUE,4.266672862889364,0.19153563766276682,0.147360770953545,3.1693892179525633
residential_multicard_13263110220000,TRUE,TRUE,TRUE,5.631254304623029,0.12879930722254876,0.09383267955649091,4.49539273536532
residential_multicard_13322180280000,TRUE,TRUE,TRUE,7.383954418810335,0.15304818786592136,0.4566480550495702,6.910095657864764
residential_multicard_13353210020000,TRUE,TRUE,TRUE,4.8980629853938105,0.24156907632042093,0.002995271165221722,4.569795218130185
residential_multicard_13353210200000,TRUE,TRUE,TRUE,4.875226213313356,0.21935059223060502,0.0029993227281570984,4.544708325423629
residential_multicard_13354010380000,TRUE,TRUE,TRUE,4.818441017739376,0.1842045994030719,0.13656096356332198,4.382813149117702
residential_multicard_13354080010000,FALSE,TRUE,TRUE,4.753024347700213,0.22646583713256144,0.09687448448026566,4.334939006807928
residential_multicard_13354110480000,TRUE,TRUE,TRUE,4.532982416786231,0.3525068207891065,0.10712797211378486,4.079829517272936
residential_multicard_13361150350000,TRUE,TRUE,TRUE,4.46770685201578,0.3060987388948813,0.21188516382459469,3.893497782898666
residential_multicard_13361160300000,TRUE,TRUE,TRUE,4.406225393887969,0.2566598420814006,0.19752986686235732,3.810261811771867
residential_multicard_13363020070000,TRUE,TRUE,TRUE,4.431648554299635,0.26936123144664825,0.1874662079273186,3.893389977856995
residential_multicard_13364160130000,TRUE,TRUE,FALSE,3.641193124962163,0.3642386246866149,0.044247221386912464,3.088760629003474
residential_multicard_14071130440000,TRUE,TRUE,TRUE,7.006816836142389,0.10616300466351693,0.12468898856408195,1.7574662528654172
residential_multicard_14071170230000,TRUE,TRUE,TRUE,6.922840764495252,0.024671174691650838,0.03135704729813217,1.6993277213475746
residential_multicard_14074070070000,TRUE,TRUE,TRUE,6.6447060049953235,0.1970836511547696,0.18828529037742894,1.3749337875655463
residential_multicard_14193040190000,TRUE,TRUE,TRUE,5.030182125444313,0.10648062583858496,0.42347430624218024,2.2581817696526487
residential_multicard_14193100340000,TRUE,TRUE,TRUE,4.979851020494782,0.21797723602765798,0.38257068450504267,2.384410794789957
residential_multicard_14193140120000,TRUE,TRUE,TRUE,4.883559561930655,0.0683443133974898,0.2923886099496258,2.1641831988579994
residential_multicard_14194010010000,TRUE,TRUE,TRUE,4.919107241333204,0.15575815924567543,0.2310683810660656,2.012731894771125
residential_multicard_14194270270000,TRUE,TRUE,TRUE,4.596236921600986,0.12874352864521202,0.08014726737172562,2.0814239092095512
residential_multicard_14201050210000,TRUE,TRUE,TRUE,5.050172773353977,0.15850949126625896,0.15999202353915123,1.4064588158560432
residential_multicard_14201060290000,TRUE,TRUE,TRUE,5.018043943818613,0.08476146344544194,0.1910258340638488,1.324851878786442
residential_multicard_14201080270000,TRUE,TRUE,TRUE,4.989445001200363,0.11775538533288037,0.27447916606389583,1.170551345195674
residential_multicard_14203250050000,TRUE,TRUE,TRUE,4.354051522658868,0.3140461814051992,0.2699719608916464,1.5082918189379488
residential_multicard_14203250300000,TRUE,TRUE,FALSE,4.316081134151428,0.320926546996967,0.23985858910741126,1.4842889208093677
residential_multicard_14291150160000,TRUE,TRUE,TRUE,3.9484657472147786,0.25786607426538566,0.22013827619993653,1.3478664800805584
residential_multicard_14291150380000,TRUE,TRUE,TRUE,3.9228447622069114,0.2366124892257426,0.19808845074567527,1.3505765758943775
residential_multicard_14291190130000,TRUE,TRUE,TRUE,3.892915432092763,0.2253663020653607,0.15614957190152792,1.3769690146128943
residential_multicard_14292240240000,TRUE,TRUE,TRUE,3.6658725036796955,0.06957088323554436,0.17198892287393688,1.168093930775672
residential_multicard_14293050620000,TRUE,TRUE,TRUE,3.6175966080595896,0.26235064885178816,0.148864531662874,1.4602970491484166
residential_multicard_14293100080000,TRUE,TRUE,TRUE,3.5185154158775243,0.3230537889674046,0.13423429417000382,1.4643377744815707
residential_multicard_14301010390000,TRUE,TRUE,FALSE,4.708304484610697,0.3179296159814185,0.29453010483639286,2.59541664753177
residential_multicard_14302070180000,TRUE,TRUE,FALSE,4.317909198199098,0.10501375281258421,0.12247989743329776,1.8651960696175844
residential_multicard_14311240470000,TRUE,TRUE,FALSE,3.817262027598762,0.19894849019156277,0.06775504402302873,2.9326159429309517
residential_multicard_14314280210000,TRUE,TRUE,FALSE,2.848880056655472,0.19648400159759144,0.18876551259167812,2.331979654931199
residential_multicard_14314290110000,TRUE,TRUE,TRUE,2.793847761989641,0.14494625374165615,0.18712490913898489,2.2736829319719307
residential_multicard_14322210190000,TRUE,TRUE,TRUE,2.7987964118562387,0.27245807792175636,0.17061038159365624,1.4511417720320778
residential_multicard_14322230300000,FALSE,TRUE,TRUE,2.7020473284438,0.3374399939362815,0.09811533289093229,1.340080886636802
residential_multicard_14323120380000,FALSE,FALSE,FALSE,2.628498798400119,0.13278151276082464,0.16072172095359613,2.0779266698477503
residential_multicard_14324110080000,TRUE,TRUE,TRUE,2.426229442057737,0.3627454937168727,0.02204130028457571,1.3052513141863173
residential_multicard_14324120510000,FALSE,TRUE,TRUE,2.367881249907766,0.2708732186834205,0.10130787085027608,1.2234569407584668
residential_multicard_14333170310000,TRUE,TRUE,TRUE,2.1323640344450046,0.1767542127375707,0.18675468539601883,0.83196379844753
residential_multicard_16013240200000,TRUE,TRUE,TRUE,3.6478705345969407,0.3363875611658947,0.21421268815635014,3.952991430563585
residential_multicard_16014200130000,TRUE,TRUE,FALSE,3.1181286709069163,0.12451272710245155,0.09506646370038245,3.3162042272453434
residential_multicard_16122070190000,TRUE,TRUE,TRUE,2.995575092332545,0.16526623558872333,0.10298655165916305,3.3553854260172775
residential_multicard_16152150390000,TRUE,TRUE,TRUE,4.9207345162848775,0.13266983829652254,0.24513793074513243,5.610467855845357
residential_multicard_16152210210000,TRUE,TRUE,TRUE,5.1513393050913034,0.33037839440219957,0.4113523369376811,5.8534828538651364
residential_multicard_17061070020000,TRUE,TRUE,TRUE,3.0285758706174515,0.14979449985192386,0.10984212617020561,2.7368616717276653
residential_multicard_17061170390000,TRUE,TRUE,TRUE,3.0450664748095826,0.08784355553639911,0.2940865403668274,2.954719818963288
residential_multicard_17062040290000,TRUE,TRUE,FALSE,2.646698186438788,0.15779986841478086,0.2108822786968576,2.172674940389386
residential_multicard_17064170120000,FALSE,TRUE,TRUE,2.382948079612296,0.213386921410923,0.1396328784141157,2.483675695821528
residential_multicard_17071110050000,TRUE,TRUE,TRUE,2.669698161694876,0.1514826656800135,0.08729332454218919,3.058195042289422
residential_multicard_17071130170000,TRUE,TRUE,TRUE,2.862870290890804,0.12537486431025963,0.18837020881107866,3.2966130024687015
residential_multicard_17072080330000,FALSE,TRUE,TRUE,2.391650908499077,0.1292270279596008,0.07902493017074118,2.7905292475706553
residential_multicard_17072210390000,TRUE,TRUE,TRUE,2.110808457838958,0.15862687301396164,0.21044756910693377,2.5685066963154526
residential_multicard_17081080120000,TRUE,TRUE,FALSE,1.9490832082180176,0.08154081519883637,0.1755460409237601,2.2758444115361374
residential_multicard_17081150230000,FALSE,TRUE,TRUE,1.9037063691691651,0.07365877298837792,0.042641133522559556,2.3327530564395893
residential_multicard_17081210270000,TRUE,TRUE,TRUE,1.8703195412836815,0.031079201963614488,0.047236497600707895,2.348830426194569
residential_multicard_17083340210000,TRUE,TRUE,TRUE,1.6542297870483935,0.2549864978057181,0.08599631488257473,2.543192430036094
residential_multicard_17171050720000,TRUE,TRUE,TRUE,1.4179538114557235,0.101223953960367,0.05750593522581822,2.3900752503137133
residential_multicard_17174100290000,FALSE,TRUE,TRUE,1.4456398326312618,0.12062058048135237,0.051853643813329686,2.091704091328055
residential_multicard_17211230250000,TRUE,FALSE,FALSE,1.6979383722233972,0.3074592381332567,0.21598432824117894,1.6666755816331342
residential_multicard_17211250140000,TRUE,FALSE,FALSE,1.6895766709903965,0.3008325813159203,0.19517728979222426,1.6418017092757502
residential_multicard_17211330030000,TRUE,FALSE,FALSE,1.7204844154117844,0.26569009838537555,0.16799808613203956,1.6501087667640018
residential_multicard_17215060040000,TRUE,TRUE,TRUE,1.72656493383966,0.23168294854033097,0.06674324061915086,1.5668954829232489
residential_multicard_17215060456002,TRUE,FALSE,FALSE,1.7458210404876569,0.21666010403795852,0.09186908326940181,1.6141585227419197
residential_multicard_17223090410000,TRUE,TRUE,TRUE,1.951992033191785,0.4653075443547497,0.05458911709374372,0.4494258569455676
residential_multicard_17271090010000,TRUE,TRUE,TRUE,2.289245529533871,0.08416583656975536,0.20720566911603955,0.750376876228734
residential_multicard_17271090050000,TRUE,TRUE,TRUE,2.3362597431408294,0.03941008547464947,0.18515414934762697,0.7606179332393961
residential_multicard_17271090190000,TRUE,TRUE,TRUE,2.3079879677151243,0.06588497285293728,0.19736180536695297,0.7541172222714962
residential_multicard_17271290060000,TRUE,TRUE,TRUE,2.663397145773082,0.13192912282803249,0.28661288517189004,0.4572411807938126
residential_multicard_17271290140000,TRUE,TRUE,TRUE,2.6081149372593395,0.172740258882408,0.3227253844483593,0.49836071498584167
residential_multicard_17271290150000,TRUE,TRUE,TRUE,2.6266134309841678,0.16104997904680812,0.29652362941958804,0.46987554502577134
residential_multicard_17271290160000,TRUE,TRUE,TRUE,2.599516526797876,0.18031589882209134,0.3478938533523964,0.5358673930733023
residential_multicard_17311230010000,FALSE,TRUE,TRUE,4.291560351755399,0.2044040555750878,0.023772145783126173,3.621604140948156
residential_multicard_17312170200000,FALSE,TRUE,TRUE,4.036207255891936,0.2602392966771872,0.21881194191307723,3.291609369440256
residential_multicard_17341211170000,FALSE,TRUE,TRUE,3.43944007634872,0.16891143415285095,0.2694160676859549,0.7763998006561358
residential_multicard_19111200130000,TRUE,TRUE,TRUE,7.104650072000928,0.1940375080159927,0.17921846883418735,6.132278865548397
residential_multicard_19111230100000,TRUE,TRUE,TRUE,7.125109922888334,0.17055732746134286,0.22627825457700046,6.120949924153288
residential_multicard_19111230110000,TRUE,TRUE,TRUE,7.1415688230363825,0.18911152111944693,0.21615009305358895,6.13970361293318
residential_multicard_19113250470000,TRUE,TRUE,TRUE,7.384063723514158,0.1615913681107295,0.20881973440002424,6.221683120115311
residential_multicard_20032210100000,TRUE,TRUE,TRUE,4.642902960934169,0.09177916212614327,0.05379856102443586,0.9173830848589033
residential_multicard_20034230370000,TRUE,TRUE,TRUE,5.138848970860681,0.2398193911231336,0.10621243332724023,1.1023291984893853
residential_multicard_20043320380000,TRUE,TRUE,TRUE,5.118771257557988,0.3111124891969315,0.10893234742640716,2.282528256636083
residential_multicard_20084270400000,TRUE,TRUE,TRUE,6.140583550148261,0.13863423346915274,0.18140023011321604,3.263176556445526
residential_multicard_20102110280000,FALSE,TRUE,TRUE,5.39384968972386,0.34414198081968594,0.2028874280046355,1.1508716539262724
residential_multicard_20211200290000,TRUE,TRUE,TRUE,7.539996000663001,0.1251706178997227,0.19655512298621663,3.2037931292910407
residential_multicard_20222220450000,FALSE,TRUE,FALSE,7.594752687974071,0.10275399652179375,0.3833255048932033,1.720676197076474
residential_multicard_20231170240000,TRUE,TRUE,TRUE,7.571858664194119,0.10667725038382073,0.11479131782601834,1.2709606645316773
residential_multicard_20251190270000,TRUE,TRUE,TRUE,8.762949107758777,0.22633997804071757,0.18137330625216905,1.000938906437331
residential_multicard_25031150210000,FALSE,FALSE,FALSE,10.540168456233568,0.3275389427021066,0.4774213923087125,4.025724514334362
residential_multicard_25194030010000,FALSE,TRUE,TRUE,13.872301776811607,0.34977942908570453,0.13337567590113092,7.433084357386356
residential_multicard_25194030020000,FALSE,TRUE,TRUE,13.883848275087319,0.35869457061454885,0.12598135766946505,7.441835128932355
residential_multicard_25194030030000,FALSE,TRUE,TRUE,13.89307060201945,0.3664037371638251,0.12193344951369696,7.4476609517806445
residential_multicard_25194060030000,FALSE,TRUE,TRUE,13.990074888187198,0.45180555802849587,0.11258026874736483,7.509336966573078
residential_tieback_13011260180000,TRUE,TRUE,TRUE,8.345912165408176,0.2915804989469544,0.13139533289170277,2.6129318359758273
residential_tieback_13021130170000,FALSE,TRUE,TRUE,8.905617776791136,0.15208438555266499,0.2623706397366115,3.3471385864192453
residential_tieback_13021230200000,TRUE,TRUE,TRUE,8.867970915542042,0.18170837386539315,0.23466319292002447,3.3319873945141265
residential_tieback_13024160190000,FALSE,TRUE,TRUE,8.199224513711012,0.3706390401517669,0.016317814408706038,2.856771551912237
residential_tieback_13124110530000,TRUE,TRUE,TRUE,6.79528659668187,0.415352413824282,0.2771082586526801,2.08217129863904
residential_tieback_13124111050000,TRUE,TRUE,TRUE,6.821020743321025,0.4095184745341844,0.31260354765505866,2.1141808214716082
residential_tieback_13124111190000,TRUE,TRUE,TRUE,6.823061587528595,0.4059083278216198,0.3170673986754594,2.1184771097886066
residential_tieback_13134030510000,TRUE,FALSE,FALSE,6.190706277081862,0.3261966591362106,0.03945533963627574,2.623551012542383
residential_tieback_13144030350000,TRUE,TRUE,TRUE,6.75278559334535,0.12918433182223932,0.4988365806587807,3.5306946324343573
residential_tieback_13161070300000,FALSE,TRUE,TRUE,8.96289693265315,0.32758428737016726,0.15598376879225664,5.975956922630562
residential_tieback_13224000280000,TRUE,TRUE,TRUE,6.896583090245241,0.06629899225183504,0.11734114474016293,4.956209137698961
residential_tieback_13224160090000,TRUE,TRUE,TRUE,6.566470815871198,0.11799017850383878,0.33250829989123604,4.704658830343623
residential_tieback_13224340300000,TRUE,TRUE,FALSE,6.571808141189689,0.22267531715075178,0.22525481267618952,4.960416011980561
residential_tieback_13231280370000,FALSE,FALSE,FALSE,6.424704041197629,0.33169286223937267,0.23676162841143514,4.2153902110838795
residential_tieback_13252100320000,TRUE,TRUE,TRUE,4.923223504530646,0.20205980528296852,0.07324394210948253,3.107644457828045
residential_tieback_13284280230000,TRUE,TRUE,FALSE,6.977421924257874,0.19717798504488895,0.09685068518517782,6.241960247895414
residential_tieback_13291210400000,TRUE,TRUE,FALSE,8.602186406137404,0.23179712237490174,0.3536381422095742,7.5761097345741
residential_tieback_13353060330000,TRUE,TRUE,TRUE,4.972879240387775,0.13697291494137015,0.09390044043966124,4.556813324768204
residential_tieback_13354100210000,TRUE,TRUE,TRUE,4.548706510555118,0.29788140941725266,0.06694578733353476,4.124027361201193
residential_tieback_13354130040000,TRUE,TRUE,TRUE,4.755403634807093,0.11409696426524255,0.02174496571085817,4.423179039815323
residential_tieback_13361070880000,TRUE,TRUE,TRUE,4.349934745062251,0.24483411994202137,0.16409022524234465,3.4705379553111704
residential_tieback_13362090270000,TRUE,TRUE,FALSE,4.047993336502271,0.2040240242763397,0.16023117317160912,3.023066249895316
residential_tieback_13363110040000,TRUE,TRUE,TRUE,4.3091776420822585,0.16517709309235398,0.07983637201670761,3.837165318733239
residential_tieback_13364080130000,TRUE,TRUE,FALSE,3.7231601277313096,0.2922919869558182,0.16933513823967603,3.073529531419082
residential_tieback_14062020090000,FALSE,TRUE,FALSE,8.155513805813849,0.37731759410954546,0.17756801730710686,0.9997963237153371
residential_tieback_14083150840000,TRUE,TRUE,FALSE,6.28605982249075,0.43910353484382225,0.14389288278404225,1.1455071628808315
residential_tieback_14193060330000,TRUE,TRUE,TRUE,4.977605828545452,0.07747650122673212,0.3292621440733178,2.1048316546358667
residential_tieback_14194090200000,TRUE,TRUE,TRUE,4.828683385223668,0.21140895154943354,0.18893218994436026,1.9737027627920574
residential_tieback_14194180260000,TRUE,TRUE,TRUE,4.71701967573297,0.24057194455613265,0.18110513437578568,2.063865891617374
residential_tieback_14201130240000,FALSE,TRUE,TRUE,4.938854534375504,0.041167829780202954,0.12568173346453745,1.3086349330733467
residential_tieback_14203260130000,FALSE,TRUE,TRUE,4.298737791416672,0.27629416881166385,0.12528507028492677,1.370034294874474
residential_tieback_14292080150000,TRUE,TRUE,TRUE,3.9102268322840024,0.200743875797847,0.19318089280901365,1.228729634470094
residential_tieback_14292270330000,TRUE,TRUE,TRUE,3.645985559869815,0.10316758782763902,0.2100069617590367,1.2999074756965934
residential_tieback_14304100140000,FALSE,TRUE,FALSE,3.503493814534762,0.20357839720426427,0.003994803888229487,1.9793092999966369
residential_tieback_14313080400000,FALSE,TRUE,TRUE,3.5601134742835483,0.25711181618676804,0.08094590890565448,2.952984250666448
residential_tieback_14313080420000,TRUE,TRUE,FALSE,3.550998320972618,0.25957027792928705,0.07477993657410369,2.9475258213644957
residential_tieback_14313240020000,TRUE,TRUE,TRUE,3.2363261591496513,0.3130938031772696,0.04625837930307493,2.662442232648817
residential_tieback_14314170120000,TRUE,TRUE,TRUE,3.0650287814630865,0.2143658274154596,0.07391596644037961,2.4876056447060315
residential_tieback_14314200490000,TRUE,TRUE,TRUE,2.8812456102300565,0.15357303353831833,0.10711994381654032,2.280852459353096
residential_tieback_14314250300000,TRUE,TRUE,TRUE,2.994402235547264,0.2792015373139042,0.14918671642161213,2.480807958129908
residential_tieback_14314250400000,TRUE,TRUE,FALSE,2.9645911146973463,0.3158199863623514,0.19436358981868287,2.491392287027115
residential_tieback_14314260460000,TRUE,TRUE,FALSE,2.934646032718449,0.321128673395286,0.1994772605867061,2.457721571353789
residential_tieback_14314300060000,TRUE,TRUE,FALSE,2.7821222699005395,0.06675805341106639,0.11248657140650811,2.2016285259187294
residential_tieback_14322230090000,FALSE,TRUE,TRUE,2.7395850490747806,0.30170859390899984,0.12697716726560981,1.3586790170825005
residential_tieback_14322240250000,FALSE,TRUE,TRUE,2.712646110361159,0.328389571241716,0.15203451906169987,1.2693094717704858
residential_tieback_16012070380000,FALSE,TRUE,TRUE,3.3783246129098017,0.2576949156149835,0.10709691508216389,3.1421037058229246
residential_tieback_16013250500000,TRUE,TRUE,FALSE,3.551427986304184,0.28798737366366517,0.2977245363572011,3.865500465115543
residential_tieback_16014090530000,FALSE,TRUE,TRUE,3.344181644080652,0.1169951998827602,0.30638333886529906,3.5064064115198725
residential_tieback_16121070270000,FALSE,TRUE,TRUE,3.8197634350627014,0.1029199951184656,0.05315828633581622,4.28394810211921
residential_tieback_16122030390000,FALSE,TRUE,TRUE,2.990177886079698,0.1382471359010748,0.14137825219451933,3.3278093480988202
residential_tieback_16132320050000,TRUE,FALSE,FALSE,3.0916436767819184,0.11263008269011464,0.07893952248361102,3.9045576002202784
residential_tieback_16133040020000,FALSE,TRUE,TRUE,3.9063527394912487,0.1940011255681292,0.07583604736740612,4.689271511137804
residential_tieback_16133150050000,FALSE,TRUE,TRUE,3.5464001587807643,0.10628142120213095,0.05857912921243775,4.2889603653647645
residential_tieback_17042020350000,TRUE,TRUE,FALSE,1.876065915492072,0.2386455582673683,0.22340837618525863,0.5592736632897954
residential_tieback_17044360130000,TRUE,TRUE,FALSE,0.9872163652253536,0.3560034484004205,0.015061041085800558,0.9114423370762335
residential_tieback_17051240340000,TRUE,TRUE,TRUE,2.155681370493295,0.07461230868127633,0.08138335891368337,1.9822911054612116
residential_tieback_17053080540000,TRUE,TRUE,TRUE,2.1257829703889928,0.15561059051837603,0.26264948041294467,2.1459925792913666
residential_tieback_17053210120000,TRUE,TRUE,TRUE,2.035531957173305,0.11643349270199718,0.19039902566657654,2.228766485876018
residential_tieback_17061120390000,TRUE,TRUE,TRUE,3.018906528937846,0.1352892521386349,0.15051286629246316,2.7954263057290327
residential_tieback_17062000440000,TRUE,TRUE,TRUE,2.843491667123302,0.22853083404994887,0.11834477743674943,2.481517921271016
residential_tieback_17063260150000,TRUE,TRUE,TRUE,2.7389837424220347,0.17869648347642145,0.1631733422187219,3.0027578914331468
residential_tieback_17071040340000,FALSE,TRUE,TRUE,2.88557949787371,0.18774873597101224,0.19967542083347073,3.2579347283710645
residential_tieback_17071210020000,TRUE,TRUE,TRUE,2.5334562875355364,0.20790985619510613,0.17545607789062231,2.984224482433062
residential_tieback_17071240160000,TRUE,TRUE,TRUE,2.5162854909806054,0.22331244284180557,0.24375645288844763,3.001549642788901
residential_tieback_17072080250000,FALSE,TRUE,TRUE,2.439405187233092,0.17255143867437744,0.12793348936627227,2.83914201360359
residential_tieback_17072120260000,TRUE,TRUE,TRUE,2.421660478508665,0.15617194131014273,0.15156500073263063,2.854678409265902
residential_tieback_17074300480000,TRUE,TRUE,FALSE,1.8759248511166402,0.05467466969356548,0.049383366869377034,2.711512718031594
residential_tieback_17081060180000,TRUE,TRUE,TRUE,1.635965058362896,0.1025438269468498,0.09699196857304643,1.9382792849192831
residential_tieback_17174100190000,TRUE,TRUE,TRUE,1.468598439645463,0.10513014736491369,0.019339854768324578,2.0942350789081443
residential_tieback_17181280350000,FALSE,TRUE,TRUE,2.795150403652446,0.12506504108235342,0.09528248858727897,3.603021789809548
residential_tieback_17204140060000,FALSE,TRUE,TRUE,2.0029284949624766,0.17254826516493194,0.09213634809835314,1.9070211915785016
residential_tieback_17213220210000,FALSE,TRUE,TRUE,2.003851050929348,0.1239994413959983,0.18132123688386617,1.6444737049703448
residential_tieback_17213240050000,TRUE,TRUE,TRUE,1.9238476132138063,0.1955650264032426,0.14321950092538152,1.5481989961332816
residential_tieback_17341040230000,TRUE,TRUE,TRUE,3.238658462926327,0.10324123629322339,0.061436434447491986,0.6594533071838332
residential_tieback_17341040250000,TRUE,TRUE,TRUE,3.2480328573519803,0.09671478809256391,0.070945779404905,0.6629531987281387
residential_tieback_17341201140000,TRUE,TRUE,TRUE,3.478939363120333,0.22665024624087565,0.31453833041925117,0.8303501427765053
residential_tieback_17341210020000,TRUE,TRUE,TRUE,3.5041645640905883,0.2171125607870987,0.33486416504535477,0.8103131264182781
residential_tieback_17341210790000,TRUE,TRUE,TRUE,3.5701136116949748,0.15302702636786267,0.4015224402291552,0.8483399899598689
residential_tieback_19113330490000,TRUE,TRUE,TRUE,7.5172605881773,0.12684139469881073,0.05137478094423441,6.2834357546562964
residential_tieback_20032000220000,TRUE,TRUE,FALSE,4.262517947347276,0.20500963359049712,0.25989914487676535,0.8771432512693653
residential_tieback_20034020040000,TRUE,TRUE,TRUE,4.765341486339654,0.136422838957304,0.09927733905003809,0.9166847016380263
residential_tieback_20034080180000,FALSE,TRUE,TRUE,4.885840789339821,0.18929824895367398,0.0743942207097018,1.0036558754577263
residential_tieback_20102110250000,FALSE,TRUE,TRUE,5.377567818869308,0.3368414704611337,0.1864298326612727,1.1445867004187973
residential_tieback_20102170500000,FALSE,TRUE,TRUE,5.509310337511537,0.212561577204716,0.20530039713340345,1.3239150387919048
residential_tieback_20211200220000,TRUE,TRUE,TRUE,7.50263223761115,0.16255917362569422,0.2244639646976045,3.1950620370891274
residential_tieback_20231160210000,TRUE,TRUE,TRUE,7.633558876701544,0.15324598940737882,0.13127336843156107,1.357811653532618
residential_tieback_20231160220000,TRUE,TRUE,TRUE,7.64288339209961,0.14430028736515546,0.12256581970317398,1.361588262971241
residential_tieback_20231190130000,TRUE,TRUE,TRUE,7.6461351813310925,0.16297519337409325,0.06599048089437379,1.2014536924499033
residential_tieback_20301180390000,TRUE,TRUE,TRUE,8.915171647396981,0.1939627013007314,0.4214448158474155,5.6010501920049505
residential_tieback_21301080160000,FALSE,TRUE,FALSE,8.927837208767375,0.41716591423414867,0.05385902715819319,0.01686101976645277
missing_footprint_100086997,TRUE,TRUE,TRUE,6.388750075616469,0.2530690604803445,0.3100696271032639,2.4277671068939735
missing_footprint_100123877,TRUE,TRUE,FALSE,8.220997151914517,0.10870127598263231,0.23112802413546066,7.969266547194998
missing_footprint_100135050,FALSE,TRUE,TRUE,6.625078904091572,0.5547619298299556,0.1052091510344981,0.9908749646320316
missing_footprint_100152499,TRUE,FALSE,FALSE,2.4481087230024507,0.26921747466713286,0.2064862646197896,1.4759557183290355
missing_project_30_e_balbo,FALSE,TRUE,TRUE,0.7589627945095153,0.06517793853328513,0.12313572812597925,0.6791665879336769
missing_project_3609_w_marquette,FALSE,TRUE,FALSE,8.841922475175075,0.3554643354332029,0.04137496485941938,6.976404193890828
