project_id,permit_id
commercial_11321130260000,1755928
commercial_11321130300000,1733520
commercial_11321140130000,2268135
commercial_11323190150000,2372381
commercial_11323200060000,3007230
commercial_11323300400000,2630458
commercial_11323310340000,1877571
commercial_11323310340000,1885283
commercial_11323310340000,1923410
commercial_13114290270000,1866659
commercial_13114310260000,2468380
commercial_13124030470000,3080050
commercial_13131250240000,2775355
commercial_13132050020000,2733548
commercial_13132140280000,2749495
commercial_13132140280000,2757795
commercial_13133070270000,1864545
commercial_13134060560000,2381393
commercial_13134080510000,2911995
commercial_13142030200000,1851287
commercial_13143060050000,2460153
commercial_13143060050000,2467203
commercial_13143060050000,2467215
commercial_13143060050000,2467219
commercial_13143110250000,2823469
commercial_13144020050000,2930754
commercial_13144290420000,2705963
commercial_13144310040000,2619537
commercial_13151040020000,1646289
commercial_13153180750000,1819314
commercial_13154100160000,3095996
commercial_13162300320000,2727135
commercial_13171051090000,3176976
commercial_13171051100000,1813709
commercial_13171051100000,2233835
commercial_13171051110000,3176986
commercial_13202270270000,2971092
commercial_13224350220000,3139156
commercial_13224350220000,3139157
commercial_13224350220000,3139158
commercial_13224350220000,3139159
commercial_13224350220000,3139160
commercial_13224350220000,3139162
commercial_13224350220000,3139163
commercial_13224350220000,3139164
commercial_13224350220000,3139165
commercial_13224360410000,3118487
commercial_13224360410000,3170657
commercial_13233300310000,2846457
commercial_13242130150000,2991123
commercial_13243160170000,3117690
commercial_13243220400000,1642064
commercial_13251040090000,2887410
commercial_13252280380000,3115423
commercial_13252280400000,2949502
commercial_13252280420000,3058008
commercial_13253150240000,1814686
commercial_13253150250000,1724694
commercial_13253220370000,1733609
commercial_13261040230000,3005854
commercial_13261110140000,3057044
commercial_13261110140000,3124286
commercial_13261150010000,2553484
commercial_13262140850000,2933759
commercial_13264050040000,2749111
commercial_13264050040000,3151684
commercial_13264080450000,3094499
commercial_13264080450000,3168703
commercial_13264080450000,3257262
commercial_13272040010000,3170545
commercial_13281160080000,2513879
commercial_13281160440000,2513868
commercial_13281160440000,2513879
commercial_13283000590000,2752736
commercial_13301010010000,2865306
commercial_13302270040000,2896951
commercial_13312050180000,2991167
commercial_13312050180000,3165962
commercial_13312050180000,3232320
commercial_13312050180000,3356275
commercial_13312140010000,2866070
commercial_13312140010000,2866107
commercial_13312140010000,2866294
commercial_13312140010000,2866322
commercial_13312140010000,2866363
commercial_13312140010000,2866369
commercial_13312140010000,2866377
commercial_13312140010000,2866385
commercial_13312140010000,2991162
commercial_13312140010000,2991172
commercial_13312140010000,2991183
commercial_13312140010000,2991190
commercial_13312140010000,2991198
commercial_13312140010000,2991218
commercial_13312140010000,2991229
commercial_13312140010000,2991233
commercial_13352360210000,2234790
commercial_13353030380000,2234816
commercial_13354020010000,2234799
commercial_13354230170000,2579414
commercial_13361030360000,2795320
commercial_13361030360000,2885308
commercial_13361070300000,2907774
commercial_13361070300000,3250515
commercial_13361070340000,1883458
commercial_13361070340000,1956463
commercial_13361070360000,1745185
commercial_13361150430000,2469622
commercial_13361150670000,1764719
commercial_13361250140000,1811128
commercial_13362040010000,2808541
commercial_13362150350000,2646769
commercial_13362240070000,2652474
commercial_13362250430000,2857573
commercial_13362290490000,2805182
commercial_13363050010000,2716709
commercial_13363150240000,2727732
commercial_13363160220000,2404227
commercial_13363280310000,2844245
commercial_13364000330000,1762224
commercial_13364000330000,1762236
commercial_13364000330000,1762240
commercial_13364000330000,2381553
commercial_13364000330000,2381556
commercial_13364030160000,2699753
commercial_13364040200000,2823943
commercial_13364040200000,2846081
commercial_13364040200000,2877314
commercial_13364040200000,2957694
commercial_13364040260000,2994601
commercial_13364040260000,3024620
commercial_13364090210000,2484326
commercial_13364140420000,2902982
commercial_13364160400000,1802447
commercial_13364240420000,2991393
commercial_13364240570000,2997921
commercial_13364250360000,2541160
commercial_14051050140000,2616278
commercial_14051050280000,2617674
commercial_14052000010000,2909926
commercial_14052000010000,2966361
commercial_14074180020000,2466139
commercial_14074180020000,2500549
commercial_14074180020000,2501564
commercial_14074180020000,2501565
commercial_14074180020000,2501566
commercial_14074180020000,2501567
commercial_14074180020000,2501568
commercial_14074180020000,2501569
commercial_14074180020000,2501570
commercial_14083050540000,3090968
commercial_14083060130000,2593343
commercial_14083060130000,2674406
commercial_14083090220000,2925587
commercial_14083170400000,3096065
commercial_14083170400000,3103493
commercial_14084000010000,2968008
commercial_14084000040000,2817498
commercial_14084040010000,3157156
commercial_14084040010000,3164769
commercial_14084040010000,3284277
commercial_14171000010000,2940391
commercial_14171060100000,1717631
commercial_14171200250000,3122470
commercial_14171200250000,3127588
commercial_14171210100000,2470404
commercial_14172010070000,3072046
commercial_14172010070000,3078353
commercial_14172030160000,3123279
commercial_14172030160000,3131370
commercial_14174150060000,2723820
commercial_14181020390000,2891988
commercial_14181140140000,2897358
commercial_14192240330000,2840290
commercial_14192320210000,1960767
commercial_14193160240000,1700885
commercial_14194130180000,2808254
commercial_14194350290000,2821937
commercial_14194350410000,3092702
commercial_14201040060000,3032834
commercial_14201080160000,2635240
commercial_14201230040000,2886336
commercial_14202020070000,2773741
commercial_14202060010000,3062128
commercial_14202060010000,3137566
commercial_14202060010000,3158732
commercial_14202060010000,3169317
commercial_14202060010000,3206180
commercial_14202200010000,3014856
commercial_14202220280000,2423732
commercial_14202220280000,2427028
commercial_14202220280000,2450401
commercial_14202220280000,2462705
commercial_14202240190000,3142796
commercial_14202300160000,1973254
commercial_14202300160000,2021279
commercial_14203000310000,2824067
commercial_14203000310000,2832203
commercial_14203080100000,3173833
commercial_14203170390000,2830107
commercial_14203290420000,2927971
commercial_14204020100000,2950271
commercial_14204030750000,2699853
commercial_14204030750000,2700426
commercial_14204030750000,2700857
commercial_14204030750000,2740601
commercial_14204030750000,2785699
commercial_14204030750000,2792902
commercial_14204030750000,2812519
commercial_14204030750000,2829803
commercial_14204030750000,2888502
commercial_14204030750000,3104653
commercial_14204030750000,3153400
commercial_14204030750000,3236793
commercial_14204030750000,3284172
commercial_14204200460000,3093701
commercial_14211000120000,2802274
commercial_14211000120000,2872763
commercial_14211000120000,2915287
commercial_14211020430000,2754188
commercial_14211020430000,2788808
commercial_14211020430000,2800493
commercial_14211020430000,2957693
commercial_14211060470000,3108142
commercial_14211060470000,3117397
commercial_14213040110000,3124404
commercial_14213040110000,3130098
commercial_14213040110000,3142541
commercial_14213040110000,3145487
commercial_14213040110000,3149752
commercial_14281130190000,2687223
commercial_14281130190000,2689002
commercial_14281130190000,2724019
commercial_14281130190000,2739489
commercial_14281130190000,2739490
commercial_14281230200000,2779364
commercial_14281230200000,2806567
commercial_14281230200000,2869310
commercial_14291000140000,3125801
commercial_14293050560000,2171539
commercial_14293050560000,2433526
commercial_14293180280000,2505713
commercial_14294010290000,2554045
commercial_14294010290000,2763153
commercial_14294020280000,2199356
commercial_14294070940000,2772843
commercial_14301040010000,1692360
commercial_14303140460000,2751048
commercial_14311090070000,2509891
commercial_14311100080000,2724397
commercial_14311100080000,2799606
commercial_14311100110000,2724361
commercial_14311100110000,2799606
commercial_14311100140000,2724361
commercial_14312120200000,3030826
commercial_14312120200000,3036495
commercial_14312120200000,3100185
commercial_14312160460000,3022197
commercial_14313000500000,2717595
commercial_14313080700000,2758981
commercial_14313080700000,2781834
commercial_14313080700000,2835990
commercial_14313190010000,2937332
commercial_14313220560000,2727275
commercial_14313220560000,2764867
commercial_14313220560000,2867343
commercial_14313260010000,2812349
commercial_14313320050000,2650761
commercial_14314140570000,1644478
commercial_14333000210000,2973885
commercial_16012020260000,2736334
commercial_16012150290000,2650804
commercial_16012210370000,3006354
commercial_16012270350000,2826091
commercial_16012270350000,2929169
commercial_16012270360000,2929169
commercial_16013030070000,2500538
commercial_16013050010000,2636729
commercial_16013050010000,2672911
commercial_16013050010000,2685666
commercial_16013240410000,2715889
commercial_16021000010000,2490930
commercial_16022000090000,2819321
commercial_16082260220000,1726292
commercial_16111020190000,2912479
commercial_16112170200000,1951952
commercial_16112180180000,1951956
commercial_16112200020000,1951957
commercial_16112200040000,1951958
commercial_16122180170000,3036990
commercial_16132140760000,2168591
commercial_16132150730000,2153394
commercial_16132180010000,2600688
commercial_16132180010000,2600701
commercial_16132180010000,2600717
commercial_16132180010000,2600719
commercial_16132180010000,2600722
commercial_16132180010000,2600723
commercial_16132180010000,2600727
commercial_16132180010000,2617396
commercial_16132190540000,2153393
commercial_16142140240000,2658093
commercial_16142140240000,2659057
commercial_16142140240000,2659089
commercial_16142140240000,2659174
commercial_16143160360000,2653540
commercial_16143160360000,2653542
commercial_16143160370000,2653537
commercial_16143160370000,2653538
commercial_16143160370000,2653539
commercial_16143160370000,2653540
commercial_16143160370000,2653541
commercial_16143160370000,2653542
commercial_16143160370000,2653543
commercial_16143160370000,2653544
commercial_16224090400000,2677143
commercial_16242010140000,2182292
commercial_16242010170000,2182321
commercial_16242020110000,2200139
commercial_16242020110000,2218437
commercial_16242020170000,2199791
commercial_16242060480000,2182294
commercial_16242060510000,2200148
commercial_16242070100000,2200147
commercial_16242070150000,2199762
commercial_16242070180000,2182293
commercial_16242070180000,2200159
commercial_16242070310000,2200149
commercial_16242070410000,2200153
commercial_16242070530000,2182291
commercial_16242070530000,2199762
commercial_16242070530000,2199763
commercial_16242070560000,2200155
commercial_16242070760000,2199763
commercial_16242070760000,2199764
commercial_16242280010000,2200238
commercial_16244000200000,1664570
commercial_16244000200000,1664646
commercial_16244000200000,1664650
commercial_17031080180000,2769308
commercial_17031080180000,2899202
commercial_17031080180000,2927117
commercial_17032230320000,2499393
commercial_17032230320000,2510241
commercial_17032230320000,2551711
commercial_17032230320000,2556177
commercial_17032230320000,2566026
commercial_17032230320000,2581543
commercial_17032230320000,2613999
commercial_17032230320000,2733643
commercial_17041030480000,2935758
commercial_17041030480000,2968886
commercial_17041030480000,2969408
commercial_17041030480000,3006380
commercial_17041030480000,3072773
commercial_17041120620000,2526296
commercial_17041120620000,2547587
commercial_17041120620000,2549124
commercial_17041120620000,2574867
commercial_17041120710000,3144794
commercial_17041120710000,3144798
commercial_17041120710000,3144802
commercial_17041120710000,3170470
commercial_17041120710000,3170471
commercial_17041120710000,3170472
commercial_17041120710000,3243454
commercial_17041120710000,3244813
commercial_17041120710000,3244815
commercial_17041410320000,2442013
commercial_17041420020000,2708089
commercial_17041420020000,2767524
commercial_17041420020000,2860104
commercial_17042000120000,2991768
commercial_17042010020000,2746906
commercial_17042010030000,1897746
commercial_17042010030000,1899916
commercial_17042010030000,2355963
commercial_17042021050000,2791440
commercial_17042040030000,2905256
commercial_17042040030000,2930897
commercial_17042040030000,2950188
commercial_17042040030000,2950190
commercial_17042040040000,3002768
commercial_17042050480000,2784519
commercial_17042120010000,2975051
commercial_17042120010000,3027568
commercial_17042120010000,3063009
commercial_17042140160000,2784029
commercial_17042150180000,2702025
commercial_17042200150000,2478260
commercial_17042200150000,2514571
commercial_17042200450000,2966960
commercial_17042240390000,3073864
commercial_17042240390000,3110681
commercial_17043030010000,2574099
commercial_17043030010000,2574543
commercial_17043030010000,2574545
commercial_17043030010000,2605863
commercial_17043030010000,2623297
commercial_17043040290000,2181854
commercial_17043060300000,2572993
commercial_17043060400000,2572880
commercial_17043110430000,2985667
commercial_17043110430000,2985669
commercial_17043180320000,2181854
commercial_17043230020000,2568070
commercial_17043241170000,2738290
commercial_17043241170000,2747072
commercial_17044290090000,2711259
commercial_17044290090000,2711337
commercial_17044290090000,2718879
commercial_17044290090000,2732599
commercial_17044290090000,2735148
commercial_17044360580000,2628497
commercial_17044360580000,2644061
commercial_17044360580000,2654836
commercial_17044360580000,2680780
commercial_17044360580000,2684623
commercial_17044360580000,2694877
commercial_17044370150000,2480088
commercial_17044370150000,2486617
commercial_17044460020000,3018993
commercial_17044460020000,3082297
commercial_17044460020000,3102795
commercial_17044460020000,3123834
commercial_17044460020000,3186298
commercial_17044480130000,2523860
commercial_17044480130000,2559620
commercial_17044480190000,2699793
commercial_17044480190000,2804120
commercial_17044480190000,2823853
commercial_17044510060000,2731984
commercial_17044510060000,2755284
commercial_17044510060000,2809851
commercial_17044510060000,2828603
commercial_17044510060000,2829845
commercial_17044510070000,2908608
commercial_17044510070000,2948913
commercial_17044510070000,2956697
commercial_17044510070000,3256446
commercial_17044510080000,3026972
commercial_17044510080000,3034839
commercial_17044510080000,3049621
commercial_17044510080000,3049623
commercial_17044510080000,3049629
commercial_17051000220000,2642236
commercial_17051150730000,2950960
commercial_17051150730000,2953059
commercial_17051160950000,2584602
commercial_17052140150000,2658043
commercial_17052140150000,2686106
commercial_17052140150000,2709373
commercial_17052140150000,2723467
commercial_17052140150000,2728143
commercial_17052140160000,2014283
commercial_17052140160000,2234577
commercial_17052140160000,2241604
commercial_17052140160000,2245657
commercial_17052140160000,2290690
commercial_17053010190000,2597717
commercial_17053090020000,2737502
commercial_17053090020000,2995269
commercial_17053250350000,2938272
commercial_17053280180000,2824289
commercial_17054150070000,2693860
commercial_17054150070000,2725912
commercial_17054150120000,3082898
commercial_17061000020000,3083723
commercial_17061000360000,2607183
commercial_17061200030000,1734923
commercial_17061200050000,1735110
commercial_17062260140000,2879588
commercial_17062350680000,2831601
commercial_17062350680000,2875135
commercial_17062350680000,2875138
commercial_17062350680000,2961888
commercial_17062350680000,3002357
commercial_17062350770000,1963330
commercial_17064030010000,2566728
commercial_17064360090000,2655782
commercial_17064360090000,2715485
commercial_17071240140000,1826945
commercial_17072280050000,2612623
commercial_17074160420000,2005153
commercial_17074170400000,1734596
commercial_17074170530000,1734595
commercial_17074170560000,1734635
commercial_17074170560000,1734730
commercial_17074170560000,1734732
commercial_17074220390000,1734597
commercial_17074220390000,1734634
commercial_17074220390000,1734729
commercial_17074220430000,1734633
commercial_17074220430000,1734747
commercial_17074220440000,1734755
commercial_17074220460000,1734625
commercial_17074300010000,2757198
commercial_17074350110000,2510289
commercial_17081250290000,2626111
commercial_17082040010000,3006623
commercial_17082040010000,3023206
commercial_17082050130000,2917535
commercial_17082050130000,2936963
commercial_17082050130000,2950455
commercial_17082050130000,2956700
commercial_17082050130000,2974933
commercial_17082050130000,3090140
commercial_17082070020000,2719814
commercial_17082070020000,2719821
commercial_17082070020000,2748995
commercial_17082070020000,2749000
commercial_17082070020000,2870586
commercial_17082070020000,2870588
commercial_17082200010000,2752183
commercial_17082200210000,2516128
commercial_17082260110000,2573776
commercial_17082260110000,2576849
commercial_17082260110000,2576863
commercial_17082430070000,2627985
commercial_17082430070000,2649992
commercial_17082430070000,2659948
commercial_17082430070000,2666274
commercial_17082430070000,2666776
commercial_17082430070000,2683854
commercial_17082430070000,2690165
commercial_17082440010000,2690165
commercial_17082520010000,2764198
commercial_17083220100000,3107487
commercial_17083220100000,3120543
commercial_17083220100000,3128163
commercial_17083220100000,3217032
commercial_17083220100000,3264724
commercial_17083220100000,3301074
commercial_17083230020000,3116439
commercial_17083230020000,3131842
commercial_17083230020000,3186940
commercial_17083230020000,3241202
commercial_17083240050000,2882148
commercial_17083240050000,2890354
commercial_17083240050000,2911991
commercial_17083240050000,2933837
commercial_17083240050000,2976233
commercial_17084290010000,2731474
commercial_17084290010000,2757190
commercial_17084290010000,2778754
commercial_17084290010000,2785688
commercial_17084290010000,2792243
commercial_17084290010000,2802057
commercial_17084360010000,2953122
commercial_17084440130000,2443578
commercial_17084440130000,2443603
commercial_17084440270000,2381355
commercial_17084450160000,2378465
commercial_17084470410000,2871739
commercial_17084470410000,2887200
commercial_17084470410000,2925036
commercial_17084470410000,2955755
commercial_17084470410000,2955766
commercial_17091020220000,2743448
commercial_17091020220000,2825384
commercial_17091020220000,3145855
commercial_17091150120000,2674753
commercial_17091150120000,2684805
commercial_17091150120000,2731215
commercial_17091150120000,2733372
commercial_17091150120000,2734850
commercial_17091230110000,2006116
commercial_17091230110000,2015230
commercial_17091230110000,2061487
commercial_17091230110000,2210107
commercial_17091300080000,1683229
commercial_17091300080000,1689990
commercial_17091300080000,1846297
commercial_17092100010000,2669947
commercial_17092100010000,2674343
commercial_17092100010000,2676637
commercial_17092100010000,2708604
commercial_17092100010000,2721008
commercial_17092100040000,2582816
commercial_17092100040000,2608925
commercial_17092100040000,2627357
commercial_17092100040000,2655998
commercial_17092100040000,2661972
commercial_17092160030000,1943736
commercial_17092160030000,1959989
commercial_17092160030000,1961434
commercial_17092160030000,2002605
commercial_17092170170000,2808573
commercial_17092170170000,2844791
commercial_17092170170000,2846095
commercial_17092170170000,2861649
commercial_17092230070000,2717617
commercial_17092230070000,2753003
commercial_17092230070000,2854393
commercial_17092240150000,2701575
commercial_17092240150000,2714015
commercial_17092240150000,2723361
commercial_17092240150000,2723468
commercial_17092240150000,2755290
commercial_17092240150000,2776731
commercial_17092420090000,2986752
commercial_17092420090000,3030211
commercial_17092420090000,3034201
commercial_17092420090000,3034209
commercial_17092420090000,3034217
commercial_17092420090000,3093704
commercial_17092420090000,3133333
commercial_17092500030000,2705025
commercial_17092500030000,2752523
commercial_17092500030000,2757310
commercial_17092500030000,2789330
commercial_17092500030000,2800392
commercial_17092500030000,2824657
commercial_17092500030000,2835793
commercial_17093000090000,2283733
commercial_17093000090000,2299098
commercial_17093000090000,2337542
commercial_17093000090000,2341814
commercial_17093000090000,2368292
commercial_17093020020000,1731035
commercial_17093020020000,1752120
commercial_17093020020000,1754186
commercial_17093020020000,1758668
commercial_17093020020000,1786743
commercial_17093020020000,1792282
commercial_17093020020000,1797879
commercial_17093020020000,1819439
commercial_17093030020000,1874507
commercial_17093030020000,1886354
commercial_17093030020000,1886566
commercial_17093030020000,1888167
commercial_17093030020000,1889735
commercial_17093030020000,1894347
commercial_17093030020000,1895787
commercial_17093030020000,1905585
commercial_17093030020000,1927386
commercial_17093030020000,1929232
commercial_17093030020000,1957134
commercial_17093030020000,1968222
commercial_17093030020000,1998942
commercial_17093030020000,2011486
commercial_17093030020000,2050221
commercial_17093180010000,2476559
commercial_17093180010000,2514783
commercial_17093180010000,2536539
commercial_17093180010000,2620956
commercial_17093180010000,2633884
commercial_17093180010000,2669907
commercial_17093180030000,2476559
commercial_17093180030000,2514783
commercial_17093220170000,2720147
commercial_17093220170000,2755389
commercial_17093220170000,2780161
commercial_17093310080000,2459517
commercial_17093310080000,2484746
commercial_17101030090000,2740196
commercial_17101030090000,2746880
commercial_17101030090000,2755386
commercial_17101030090000,2763871
commercial_17101030090000,2780232
commercial_17101030090000,2793789
commercial_17153060100000,2600202
commercial_17153060100000,2637462
commercial_17153080210000,2720323
commercial_17153080210000,2758192
commercial_17161000490000,2763678
commercial_17161000490000,2814013
commercial_17161000490000,2837349
commercial_17161000490000,2919644
commercial_17161000490000,2922498
commercial_17161000490000,2989154
commercial_17161000490000,3041455
commercial_17161090340000,2489697
commercial_17161090340000,2491092
commercial_17161090340000,2513416
commercial_17161090340000,2514914
commercial_17161090340000,2531879
commercial_17161180160000,2529391
commercial_17161180160000,2553355
commercial_17161180160000,2713730
commercial_17164010210000,2711450
commercial_17164010210000,2783646
commercial_17164010210000,2785708
commercial_17164010210000,2791673
commercial_17164010210000,2795988
commercial_17164010210000,2828449
commercial_17164010210000,2829849
commercial_17164010210000,2853948
commercial_17164010210000,2885430
commercial_17164010210000,3023479
commercial_17164010210000,3210321
commercial_17164050110000,2958166
commercial_17164050110000,2993247
commercial_17164050110000,3116350
commercial_17164050110000,3150162
commercial_17164100040000,2678933
commercial_17164100040000,2698397
commercial_17164110130000,2731975
commercial_17164110130000,2742171
commercial_17164110130000,2780134
commercial_17164110130000,2780224
commercial_17164110130000,2782127
commercial_17171010330000,2788311
commercial_17171050030000,2594979
commercial_17171050030000,2594985
commercial_17171050120000,2784563
commercial_17171060200000,2964737
commercial_17171060200000,3067479
commercial_17171060300000,2846036
commercial_17171130340000,1752413
commercial_17171130400000,2967780
commercial_17171130400000,3044638
commercial_17171130400000,3048936
commercial_17171170020000,2586506
commercial_17171170020000,2586507
commercial_17172040020000,2753167
commercial_17172040020000,2765871
commercial_17172040380000,2753167
commercial_17172080010000,2900347
commercial_17172080010000,2921103
commercial_17172080010000,3348937
commercial_17172080010000,3370367
commercial_17172090210000,2566419
commercial_17172090210000,2573027
commercial_17172090210000,2591294
commercial_17172090210000,2608648
commercial_17172240290000,2483300
commercial_17172280150000,2817127
commercial_17172280150000,2847808
commercial_17172280150000,2867426
commercial_17172280150000,2891549
commercial_17172290130000,3063448
commercial_17172290130000,3095778
commercial_17172290130000,3115445
commercial_17172290130000,3155612
commercial_17172310020000,2708579
commercial_17172310020000,2718223
commercial_17172310020000,2732226
commercial_17172310020000,2760280
commercial_17172310020000,2787142
commercial_17172310020000,2804840
commercial_17173220138002,2875722
commercial_17173220138002,2885073
commercial_17173220138002,2935362
commercial_17173220138002,2947194
commercial_17173320070000,1829574
commercial_17173320070000,1829601
commercial_17173320070000,1830504
commercial_17173320070000,1830943
commercial_17173320070000,1830944
commercial_17173320070000,1830945
commercial_17173320070000,1830946
commercial_17173320070000,1831252
commercial_17173320070000,1831253
commercial_17173320070000,1831254
commercial_17173320070000,1831255
commercial_17173320070000,1831256
commercial_17173320160000,1829574
commercial_17173320160000,1829601
commercial_17173320160000,1830504
commercial_17173320160000,1830943
commercial_17173320160000,1830944
commercial_17173320160000,1830945
commercial_17173320160000,1830946
commercial_17173320160000,1831252
commercial_17173320160000,1831253
commercial_17173320160000,1831254
commercial_17173320160000,1831255
commercial_17173320160000,1831256
commercial_17173330350000,1833891
commercial_17173330350000,1834067
commercial_17173330470000,1829642
commercial_17173330470000,1866946
commercial_17173350120000,1829656
commercial_17181130470000,1667793
commercial_17181170070000,2904333
commercial_17182150020000,2801925
commercial_17193000410000,2612487
commercial_17194060350000,2906859
commercial_17194060350000,3244816
commercial_17194110010000,2090630
commercial_17194110010000,2148870
commercial_17194110010000,2292750
commercial_17194110010000,2309459
commercial_17194110010000,2345172
commercial_17201020620000,1829574
commercial_17201020620000,1829601
commercial_17201020620000,1830504
commercial_17201020620000,1830943
commercial_17201020620000,1830944
commercial_17201020620000,1830945
commercial_17201020620000,1830946
commercial_17201020620000,1831252
commercial_17201020620000,1831253
commercial_17201020620000,1831254
commercial_17201020620000,1831255
commercial_17201020620000,1831256
commercial_17201020620000,1836885
commercial_17201020640000,1829574
commercial_17201020640000,1831252
commercial_17201020640000,1831253
commercial_17201020640000,1831254
commercial_17201020640000,1831255
commercial_17201020640000,1831256
commercial_17201020640000,1831866
commercial_17201020640000,1836883
commercial_17201030600000,1829574
commercial_17201030600000,1831252
commercial_17201030600000,1831253
commercial_17201030600000,1831254
commercial_17201030600000,1831255
commercial_17201030600000,1831256
commercial_17201270040000,2957948
commercial_17201270040000,3005221
commercial_17203160430000,3169331
commercial_17203160430000,3183137
commercial_17204010540000,2948373
commercial_17211140080000,2805946
commercial_17211140080000,2816492
commercial_17211140080000,2852929
commercial_17211140080000,2915568
commercial_17213280040000,2735377
commercial_17213280040000,2902950
commercial_17213290350000,3062941
commercial_17221040060000,2626926
commercial_17221040200000,2800755
commercial_17221040200000,2818525
commercial_17221060280000,3087439
commercial_17221060280000,3236488
commercial_17221071000000,2912748
commercial_17221071000000,2926141
commercial_17221071000000,2926748
commercial_17221071000000,2928427
commercial_17221071000000,2956584
commercial_17271150010000,3071149
commercial_17271150010000,3180362
commercial_17271290960000,1929063
commercial_17271290960000,1952199
commercial_17282130210000,2964757
commercial_17282130210000,2964758
commercial_17284360140000,1690557
commercial_17294190380000,2818301
commercial_17294190380000,2818304
commercial_17312140380000,3064541
commercial_17334070618002,3156910
commercial_17334070618002,3171167
commercial_17334070618002,3371900
commercial_17334080490000,2285550
commercial_17341040010000,2909676
commercial_17341040180000,2601603
commercial_17341040180000,2601609
commercial_17341040180000,2918596
commercial_17344170280000,1870113
commercial_17344170280000,1870152
commercial_17344170280000,1870153
commercial_17344170280000,1870727
commercial_17344170280000,1870773
commercial_17344170280000,1870781
commercial_17344170280000,1870782
commercial_17344170280000,1870789
commercial_17344170280000,2024046
commercial_17344170280000,2025400
commercial_17344170280000,2025555
commercial_17344170280000,2416410
commercial_17344170280000,2416474
commercial_17344190130000,1674934
commercial_17344190130000,1686039
commercial_17344190130000,1724950
commercial_17344190130000,1724954
commercial_17344190130000,1733320
commercial_17344220200000,2416410
commercial_17344270230000,1870110
commercial_17344270230000,1870152
commercial_17344270230000,1870727
commercial_17344270230000,1870777
commercial_17344270230000,1870781
commercial_17344270230000,1870786
commercial_17344270230000,2023977
commercial_17344270230000,2023978
commercial_17344270230000,2024046
commercial_17344270230000,2025400
commercial_17344270230000,2025528
commercial_17344270230000,2025548
commercial_17344270230000,2025555
commercial_17344320100000,2416494
commercial_17344320120000,2416494
commercial_17344320120000,2416495
commercial_17344330060000,2416474
commercial_17344330110000,2203365
commercial_19024290170000,2715068
commercial_19092030020000,2695390
commercial_19101070140000,2987209
commercial_19111240120000,2704129
commercial_19111240120000,2704130
commercial_19111240120000,2704131
commercial_19111240120000,2704132
commercial_19111240120000,2704590
commercial_19111240120000,2704637
commercial_19111240120000,2704639
commercial_19111240120000,2704640
commercial_19191150430000,2933833
commercial_19191150430000,2933838
commercial_20023050190000,2940436
commercial_20032050360000,2395589
commercial_20032050360000,2395590
commercial_20102060200000,2443932
commercial_20102160420000,1737879
commercial_20102250040000,2567993
commercial_20112130420000,2964124
commercial_20114020050000,2901310
commercial_20114050130000,2543108
commercial_20114050130000,2573978
commercial_20114050130000,2595517
commercial_20114050130000,2621651
commercial_20114050130000,2692611
commercial_20121070150000,2881722
commercial_20143060140000,2944534
commercial_20143060140000,2958253
commercial_20143060140000,2958261
commercial_20143060140000,2959387
commercial_20143060140000,2985411
commercial_20143060140000,2991967
commercial_20143060140000,2994308
commercial_20143060140000,2996822
commercial_20143070010000,2638815
commercial_20143070190000,2154572
commercial_20143070190000,2335705
commercial_20151010080000,2878062
commercial_20151010080000,3070036
commercial_20151060280000,1767243
commercial_20151060280000,1767244
commercial_20202060450000,2907498
commercial_20231020130000,2790395
commercial_20231110170000,2142122
commercial_20232000180000,2851117
commercial_20264170460000,1957326
commercial_20264170460000,1972445
commercial_20264170460000,2497872
commercial_20264170460000,2518425
commercial_20294260320000,1724937
commercial_25221060410000,2009572
residential_10314090390000,2812374
residential_10333160130000,2801867
residential_10333280210000,2979400
residential_11303220110000,2311632
residential_11303220120000,1795427
residential_11304180100000,2553395
residential_11311100120000,1957566
residential_11311110160000,1650672
residential_11311220330000,2182281
residential_11312140340000,2477129
residential_11321120020000,2059574
residential_11321120020000,2282360
residential_12243110410000,3107733
residential_12243150070000,2675403
residential_12243300010000,2854049
residential_12244030110000,2889182
residential_12244150400000,3004423
residential_12244180480000,2556429
residential_13011200230000,2851531
residential_13011210070000,2846088
residential_13011260650000,1810093
residential_13011260650000,1810097
residential_13021140500000,1896870
residential_13021140520000,1686396
residential_13022170120000,3095255
residential_13024100020000,1688713
residential_13024160320000,2743031
residential_13024210200000,1663580
residential_13031000820000,1809969
residential_13031000830000,1809969
residential_13031310050000,2495431
residential_13033161680000,1889977
residential_13042090560000,2737181
residential_13042170150000,2450975
residential_13043080090000,1743578
residential_13043080090000,1743579
residential_13043080090000,1745606
residential_13043080090000,1745607
residential_13043080100000,1743578
residential_13043080100000,1743579
residential_13043080100000,1745606
residential_13043080100000,1745607
residential_13043080110000,1743578
residential_13043080110000,1743579
residential_13043080110000,1745606
residential_13043080110000,1745607
residential_13043080120000,2073301
residential_13043080120000,2428875
residential_13043080130000,2073301
residential_13043120290000,1745823
residential_13043120290000,2181134
residential_13043120300000,1737113
residential_13043120300000,1737114
residential_13043120300000,1737115
residential_13043120300000,1737119
residential_13043120300000,1737120
residential_13043120300000,1737121
residential_13043120300000,1737122
residential_13043120300000,1737123
residential_13043120300000,1737124
residential_13043120300000,1737125
residential_13043120300000,1743589
residential_13043120300000,1745796
residential_13043120300000,1745823
residential_13043120300000,1745840
residential_13043120300000,1745865
residential_13043120300000,1785745
residential_13043120300000,1802625
residential_13043120300000,1877268
residential_13043120300000,2092551
residential_13043120300000,2092553
residential_13043120310000,2493820
residential_13043120320000,2516970
residential_13043120330000,2514996
residential_13043120340000,1737113
residential_13043120340000,1737114
residential_13043120340000,1737115
residential_13043120340000,1737119
residential_13043120340000,1737120
residential_13043120340000,1737121
residential_13043120340000,1737122
residential_13043120340000,1737123
residential_13043120340000,1737124
residential_13043120340000,1737125
residential_13043120340000,1743589
residential_13043120340000,1745796
residential_13043120340000,1745823
residential_13043120340000,1745840
residential_13043120340000,1745865
residential_13043120340000,1785745
residential_13043120340000,1802625
residential_13043120340000,1877268
residential_13043120340000,2092551
residential_13043120340000,2092553
residential_13043120350000,1737113
residential_13043120350000,1737114
residential_13043120350000,1737115
residential_13043120350000,1737119
residential_13043120350000,1737120
residential_13043120350000,1737121
residential_13043120350000,1737122
residential_13043120350000,1737123
residential_13043120350000,1737124
residential_13043120350000,1737125
residential_13043120350000,1743589
residential_13043120350000,1745796
residential_13043120350000,1745823
residential_13043120350000,1745840
residential_13043120350000,1745865
residential_13043120350000,1785745
residential_13043120350000,1802625
residential_13043120350000,1877268
residential_13043120350000,2092551
residential_13043120350000,2092553
residential_13043120370000,2550292
residential_13043120380000,2542415
residential_13043120390000,2377881
residential_13043120420000,2338152
residential_13043120420000,2414132
residential_13043120430000,2336272
residential_13043120430000,2338103
residential_13043120430000,2413927
residential_13043120460000,2377909
residential_13043120460000,2399198
residential_13043120460000,2465887
residential_13043120470000,2413894
residential_13043120520000,1785745
residential_13043120520000,2092551
residential_13043120530000,1802625
residential_13043120530000,2092551
residential_13043120560000,2500838
residential_13043120560000,2514963
residential_13043120570000,1737113
residential_13043120570000,1737114
residential_13043120570000,1737115
residential_13043120570000,1737119
residential_13043120570000,1737120
residential_13043120570000,1737121
residential_13043120570000,1737122
residential_13043120570000,1737123
residential_13043120570000,1737124
residential_13043120570000,1737125
residential_13043120570000,1743589
residential_13043120570000,1745796
residential_13043120570000,1745823
residential_13043120570000,1745840
residential_13043120570000,1745865
residential_13043120570000,1785745
residential_13043120570000,1802625
residential_13043120570000,1877268
residential_13043120570000,2092551
residential_13043120570000,2092553
residential_13043120580000,2465929
residential_13043120590000,2549210
residential_13043120600000,2514703
residential_13043120600000,2514934
residential_13043120610000,2514934
residential_13043120620000,2527629
residential_13043120620000,2550278
residential_13043120650000,2496987
residential_13043120660000,2548844
residential_13043120670000,2542683
residential_13043120690000,1737113
residential_13043120690000,1737114
residential_13043120690000,1737115
residential_13043120690000,1737119
residential_13043120690000,1737120
residential_13043120690000,1737121
residential_13043120690000,1737122
residential_13043120690000,1737123
residential_13043120690000,1737124
residential_13043120690000,1737125
residential_13043120690000,1743589
residential_13043120690000,1745796
residential_13043120690000,1745823
residential_13043120690000,1745840
residential_13043120690000,1745865
residential_13043120690000,1785745
residential_13043120690000,1802625
residential_13043120690000,1877268
residential_13043120690000,2092551
residential_13043120690000,2092553
residential_13043120700000,2542738
residential_13043120710000,1737113
residential_13043120710000,1737114
residential_13043120710000,1737115
residential_13043120710000,1737119
residential_13043120710000,1737120
residential_13043120710000,1737121
residential_13043120710000,1737122
residential_13043120710000,1737123
residential_13043120710000,1737124
residential_13043120710000,1737125
residential_13043120710000,1743589
residential_13043120710000,1745796
residential_13043120710000,1745823
residential_13043120710000,1745840
residential_13043120710000,1745865
residential_13043120710000,1785745
residential_13043120710000,1802625
residential_13043120710000,1877268
residential_13043120710000,2092551
residential_13043120710000,2092553
residential_13043120720000,1737113
residential_13043120720000,1737114
residential_13043120720000,1737115
residential_13043120720000,1737119
residential_13043120720000,1737120
residential_13043120720000,1737121
residential_13043120720000,1737122
residential_13043120720000,1737123
residential_13043120720000,1737124
residential_13043120720000,1737125
residential_13043120720000,1743589
residential_13043120720000,1745796
residential_13043120720000,1745823
residential_13043120720000,1745840
residential_13043120720000,1745865
residential_13043120720000,1785745
residential_13043120720000,1802625
residential_13043120720000,1877268
residential_13043120720000,2092551
residential_13043120720000,2092553
residential_13043120730000,1743589
residential_13043120740000,1737113
residential_13043120740000,1745865
residential_13043120740000,2092553
residential_13043120760000,1737113
residential_13043120760000,1737114
residential_13043120760000,1737115
residential_13043120760000,1737119
residential_13043120760000,1737120
residential_13043120760000,1737121
residential_13043120760000,1737122
residential_13043120760000,1737123
residential_13043120760000,1737124
residential_13043120760000,1737125
residential_13043120760000,1743589
residential_13043120760000,1745796
residential_13043120760000,1745823
residential_13043120760000,1745840
residential_13043120760000,1745865
residential_13043120760000,1785745
residential_13043120760000,1802625
residential_13043120760000,1877268
residential_13043120760000,2092551
residential_13043120760000,2092553
residential_13043120780000,1737123
residential_13043120780000,2190910
residential_13043120790000,1737113
residential_13043120790000,1737114
residential_13043120790000,1737115
residential_13043120790000,1737119
residential_13043120790000,1737120
residential_13043120790000,1737121
residential_13043120790000,1737122
residential_13043120790000,1737123
residential_13043120790000,1737124
residential_13043120790000,1737125
residential_13043120790000,1743589
residential_13043120790000,1745796
residential_13043120790000,1745823
residential_13043120790000,1745840
residential_13043120790000,1745865
residential_13043120790000,1785745
residential_13043120790000,1802625
residential_13043120790000,1877268
residential_13043120790000,2092551
residential_13043120790000,2092553
residential_13043120800000,1737121
residential_13043120800000,2190910
residential_13043120800000,2234537
residential_13043120810000,1737114
residential_13043120810000,1737122
residential_13043120810000,1737124
residential_13043120820000,2478615
residential_13043120820000,2496987
residential_13043120820000,2514703
residential_13043120830000,2478660
residential_13043120830000,2481896
residential_13043120840000,2481896
residential_13043120850000,2466001
residential_13043120860000,1737113
residential_13043120860000,1737114
residential_13043120860000,1737115
residential_13043120860000,1737119
residential_13043120860000,1737120
residential_13043120860000,1737121
residential_13043120860000,1737122
residential_13043120860000,1737123
residential_13043120860000,1737124
residential_13043120860000,1737125
residential_13043120860000,1743589
residential_13043120860000,1745796
residential_13043120860000,1745823
residential_13043120860000,1745840
residential_13043120860000,1745865
residential_13043120860000,1785745
residential_13043120860000,1802625
residential_13043120860000,1877268
residential_13043120860000,2092551
residential_13043120860000,2092553
residential_13043120880000,2414132
residential_13043120890000,2413927
residential_13043120900000,2338103
residential_13043120900000,2377881
residential_13043120910000,2338152
residential_13043120910000,2399198
residential_13043120920000,2336272
residential_13043120920000,2465887
residential_13043120940000,2377909
residential_13044110430000,1646065
residential_13051110270000,2473455
residential_13052010070000,2886523
residential_13052160330000,1675199
residential_13052160330000,1753588
residential_13054000010000,2867318
residential_13054130220000,1959470
residential_13062040220000,2053101
residential_13064060160000,3251157
residential_13064090100000,2881348
residential_13064090110000,2881347
residential_13064150010000,2771077
residential_13071260010000,3055207
residential_13072030360000,2693600
residential_13072060290000,3142525
residential_13072110160000,3074820
residential_13072140200000,2723085
residential_13072200270000,2861851
residential_13072210190000,2863238
residential_13073090290000,2710519
residential_13073090300000,2709776
residential_13074070340000,3159249
residential_13074110060000,2968231
residential_13074110330000,3101090
residential_13081030110000,2948176
residential_13081030110000,2948266
residential_13081110300000,2680461
residential_13081110300000,2680462
residential_13081110310000,2680461
residential_13081110310000,2680462
residential_13081170070000,2773545
residential_13081170280000,2072699
residential_13081170280000,2090618
residential_13083220380000,2450936
residential_13083230330000,1643216
residential_13083270060000,2428431
residential_13084251680000,2637493
residential_13084251680000,2637494
residential_13084251690000,2637493
residential_13084251690000,2637494
residential_13084270420000,3016308
residential_13084270420000,3070802
residential_13084270420000,3087785
residential_13084270420000,3087797
residential_13084270420000,3087832
residential_13084270420000,3087845
residential_13084270430000,3016308
residential_13084270430000,3070802
residential_13084270430000,3087785
residential_13084270430000,3087797
residential_13084270430000,3087832
residential_13084270430000,3087845
residential_13084270440000,3016308
residential_13084270440000,3070802
residential_13084270440000,3087785
residential_13084270440000,3087797
residential_13084270440000,3087832
residential_13084270440000,3087845
residential_13084270450000,3016308
residential_13084270450000,3070802
residential_13084270450000,3087785
residential_13084270450000,3087797
residential_13084270450000,3087832
residential_13084270450000,3087845
residential_13084320010000,2331382
residential_13084320020000,2331387
residential_13091000330000,3049331
residential_13093070130000,3033113
residential_13093070510000,2758822
residential_13094000250000,3230188
residential_13094060250000,2675262
residential_13094060290000,3178530
residential_13094090060000,2754847
residential_13094150290000,1736530
residential_13094170340000,3083256
residential_13094190120000,2995858
residential_13103080330000,2540149
residential_13103080660000,1737766
residential_13103080660000,1741729
residential_13103080670000,1737766
residential_13103080670000,1741729
residential_13103120060000,3188179
residential_13103120100000,1653579
residential_13103120110000,1653580
residential_13103120330000,2868459
residential_13103120340000,2868450
residential_13103120870000,2377983
residential_13103120940000,1653584
residential_13103120950000,1653586
residential_13104170170000,2562234
residential_13104170180000,2562232
residential_13112050120000,2511169
residential_13114030470000,1678341
residential_13123010150000,2188824
residential_13124000420000,2299636
residential_13124020280000,2421088
residential_13124020340000,2754883
residential_13124020350000,2263233
residential_13124030110000,1784243
residential_13124030140000,2282168
residential_13124030190000,1971479
residential_13124030190000,2486116
residential_13124030200000,1971477
residential_13124030240000,1684244
residential_13124030300000,2273331
residential_13124030450000,1979901
residential_13124030570000,2538299
residential_13124060470000,2794036
residential_13124060470000,2794044
residential_13124070480000,3185174
residential_13124070580000,2643132
residential_13124100110000,2823094
residential_13124100160000,1795082
residential_13124120180000,1941843
residential_13124150020000,2265026
residential_13124150660000,3176629
residential_13131050210000,3000330
residential_13131090180000,1971020
residential_13131140270000,1875680
residential_13131160100000,2927491
residential_13131210220000,2969217
residential_13131220060000,2720056
residential_13131220130000,2626250
residential_13132000440000,2660423
residential_13132000440000,2660427
residential_13132000450000,2660423
residential_13132000450000,2660427
residential_13132020040000,2910539
residential_13132080370000,2166956
residential_13132080420000,2580063
residential_13132170240000,2665128
residential_13132210040000,3176140
residential_13132210040000,3203037
residential_13132240050000,2069342
residential_13132240050000,2166533
residential_13132270200000,3215305
residential_13133060210000,2477362
residential_13133060300000,2905592
residential_13133140420000,1760128
residential_13133220310000,1625977
residential_13133220330000,2251167
residential_13133230130000,2416421
residential_13133240170000,2592848
residential_13134030110000,1889445
residential_13134050050000,2869797
residential_13134060120000,2749950
residential_13134060300000,2421765
residential_13134060600000,2569940
residential_13134070030000,3020451
residential_13134070290000,2886492
residential_13134080280000,2574137
residential_13134080330000,3117737
residential_13134080350000,1651112
residential_13134080470000,3175031
residential_13134080480000,3113061
residential_13134080500000,2565229
residential_13134110240000,2787185
residential_13134110250000,2708884
residential_13134120270000,2843758
residential_13134120390000,2585815
residential_13134130280000,2654355
residential_13134140040000,2944568
residential_13134140080000,2794479
residential_13134140100000,2155060
residential_13134140130000,1741387
residential_13134140200000,2797198
residential_13134140200000,3029212
residential_13134140230000,2465785
residential_13134140260000,2633442
residential_13134140320000,3227300
residential_13134160090000,2785372
residential_13134160140000,2684416
residential_13134170160000,2576326
residential_13134170170000,2254215
residential_13134170170000,2576326
residential_13134170270000,3110069
residential_13134170280000,3193406
residential_13134180030000,3075731
residential_13134180050000,2631267
residential_13134180120000,3115853
residential_13134180130000,2920094
residential_13134180130000,3115853
residential_13134190090000,1652254
residential_13134190100000,1654836
residential_13141020450000,3233216
residential_13141080380000,2985275
residential_13141090260000,2949773
residential_13141180230000,2785683
residential_13141180810000,2788500
residential_13141240430000,2575454
residential_13141250100000,2522408
residential_13142110180000,2979171
residential_13142140220000,3083281
residential_13142140380000,1642880
residential_13142140390000,1642880
residential_13142140390000,1642881
residential_13142140400000,1642882
residential_13142230290000,2592846
residential_13142250110000,2828444
residential_13142250240000,3223771
residential_13143010150000,3043035
residential_13143020240000,3136679
residential_13143020250000,3136676
residential_13143050210000,2638054
residential_13143050230000,2736672
residential_13143050240000,1740407
residential_13143060270000,2645261
residential_13143060330000,2930823
residential_13143100120000,3040879
residential_13143130360000,1821780
residential_13143130360000,1821815
residential_13143130360000,2177903
residential_13143130360000,2513124
residential_13143140040000,2851574
residential_13143140310000,2448399
residential_13143140320000,3074438
residential_13143150190000,1770752
residential_13143150330000,3184239
residential_13143180110000,2913188
residential_13143180140000,2609925
residential_13143180300000,2931894
residential_13143190090000,2832014
residential_13143230120000,2543887
residential_13143230130000,2543886
residential_13143240090000,2940316
residential_13143260310000,2467230
residential_13143260320000,2191397
residential_13143260320000,2455161
residential_13143260330000,2063465
residential_13143260340000,2063465
residential_13143260350000,2901865
residential_13143260350000,2901888
residential_13143260360000,2901865
residential_13143260360000,2901888
residential_13143270300000,2794552
residential_13143270310000,2794552
residential_13143290190000,2843964
residential_13143320280000,2989273
residential_13143320280000,3101212
residential_13143320290000,2989257
residential_13143320300000,2989273
residential_13143320300000,3101212
residential_13144000050000,1671962
residential_13144000140000,2847159
residential_13144000380000,2643987
residential_13144010180000,2728152
residential_13144010210000,1970913
residential_13144010340000,2693955
residential_13144020200000,3177117
residential_13144020300000,2955211
residential_13144030210000,3166641
residential_13144080090000,2140639
residential_13144080340000,2247281
residential_13144090080000,3126716
residential_13144100330000,3210322
residential_13144110100000,2693821
residential_13144110110000,2693815
residential_13144110200000,2653435
residential_13144130290000,2949026
residential_13144130410000,3155156
residential_13144130420000,3155119
residential_13144160390000,2836735
residential_13144170170000,2929997
residential_13144170440000,2589580
residential_13144170440000,2775811
residential_13144180310000,2650859
residential_13144180330000,3140293
residential_13144180330000,3149540
residential_13144180330000,3171820
residential_13144180330000,3171821
residential_13144190110000,3042248
residential_13144200420000,2578363
residential_13144230310000,3165998
residential_13144230310000,3166000
residential_13144250500000,2397537
residential_13144260100000,2823764
residential_13144260100000,2829053
residential_13144270010000,2503057
residential_13144270150000,3193598
residential_13144280080000,2775215
residential_13144290080000,2673125
residential_13144290250000,2903738
residential_13144290260000,3040902
residential_13144290470000,2677649
residential_13144300060000,2562594
residential_13151120320000,1685375
residential_13151120330000,1685375
residential_13151130360000,2468754
residential_13151200320000,1846572
residential_13151230070000,1652018
residential_13151290390000,1780269
residential_13151290410000,1780267
residential_13151290410000,1780268
residential_13151290410000,1933571
residential_13151290420000,1780267
residential_13151290420000,1780268
residential_13151290420000,1933571
residential_13151300180000,3094532
residential_13151300290000,1837906
residential_13151320190000,1906576
residential_13152140230000,2538298
residential_13152140340000,2571374
residential_13152150160000,2637055
residential_13152150210000,2962447
residential_13152150270000,3140293
residential_13152150270000,3149540
residential_13152150270000,3171820
residential_13152150270000,3171821
residential_13152200410000,2698624
residential_13152200420000,2698624
residential_13152220090000,2498479
residential_13152220100000,2498477
residential_13152230240000,2766321
residential_13152230240000,2766327
residential_13152230250000,2766321
residential_13152300130000,2768507
residential_13152340360000,1806347
residential_13153040070000,2550969
residential_13153050030000,2958618
residential_13153100100000,1955573
residential_13153100110000,1745922
residential_13153100110000,1745935
residential_13153100110000,1756918
residential_13153100110000,1777533
residential_13153100110000,1947583
residential_13153100110000,1971834
residential_13153100120000,1947583
residential_13153100120000,1971834
residential_13153100130000,1745922
residential_13153100140000,1745922
residential_13153100140000,1745935
residential_13153100140000,1756918
residential_13153100140000,1777533
residential_13153100140000,1947583
residential_13153100140000,1971834
residential_13153100160000,1745922
residential_13153100160000,1745935
residential_13153100160000,1756918
residential_13153100160000,1777533
residential_13153100160000,1947583
residential_13153100160000,1971834
residential_13153100170000,2120081
residential_13153100180000,2083492
residential_13153100190000,2168202
residential_13153100200000,2357500
residential_13153100210000,2357487
residential_13153100210000,2371191
residential_13153100220000,2371185
residential_13153100220000,2371191
residential_13153100230000,2371185
residential_13153100240000,1999633
residential_13153100250000,1955586
residential_13153100260000,1955596
residential_13153100270000,1755229
residential_13153100270000,1756168
residential_13153100270000,1790362
residential_13153100270000,1846339
residential_13153100280000,1955667
residential_13153100290000,1955690
residential_13153100300000,1755229
residential_13153100300000,1756168
residential_13153100300000,1790362
residential_13153100300000,1846339
residential_13153100310000,1755229
residential_13153100310000,1756168
residential_13153100310000,1790362
residential_13153100310000,1846339
residential_13153100320000,1995250
residential_13153100330000,1755229
residential_13153100330000,1756168
residential_13153100330000,1790362
residential_13153100330000,1846339
residential_13153100340000,2168453
residential_13153110150000,1860083
residential_13153210570000,2637639
residential_13154020190000,1660547
residential_13154070240000,3107623
residential_13154080320000,3091217
residential_13154150040000,2797232
residential_13154150050000,2769870
residential_13154190250000,2972069
residential_13161050050000,2828716
residential_13161050050000,2828717
residential_13161050060000,2828716
residential_13161080430000,1663937
residential_13161080430000,1664002
residential_13161080440000,1663937
residential_13161120330000,1673862
residential_13161120330000,1673906
residential_13161120340000,1673862
residential_13161120340000,1673906
residential_13161120350000,2848823
residential_13161120350000,2848900
residential_13161120360000,2848823
residential_13161120360000,2848900
residential_13161130420000,3140293
residential_13161130420000,3149540
residential_13161130420000,3171820
residential_13161130420000,3171821
residential_13161130430000,3140293
residential_13161130430000,3149540
residential_13161130430000,3171820
residential_13161130430000,3171821
residential_13161150490000,1691899
residential_13161150490000,1691910
residential_13161150500000,1691899
residential_13161150500000,1691910
residential_13161270410000,2937511
residential_13161270420000,2937522
residential_13162000300000,3236061
residential_13162290050000,2367259
residential_13163040250000,1817607
residential_13171120660000,2508292
residential_13171120660000,2508344
residential_13171120670000,2508292
residential_13171120670000,2508344
residential_13172020070000,2032617
residential_13172050120000,3187000
residential_13172080450000,3025828
residential_13172080450000,3025832
residential_13172090400000,2445528
residential_13172090410000,1738658
residential_13172090410000,1738659
residential_13172100270000,1662802
residential_13172100270000,1662803
residential_13191210090000,1656732
residential_13191230500000,1661996
residential_13191230500000,1667972
residential_13191240050000,2373206
residential_13191330050000,1726928
residential_13192040360000,1834142
residential_13194120080000,2717596
residential_13194120080000,2964754
residential_13194120260000,2382997
residential_13194120370000,2340778
residential_13194150470000,1736810
residential_13194150470000,1739785
residential_13194340520000,2942402
residential_13201250140000,2756261
residential_13202230190000,2626490
residential_13203010270000,3118675
residential_13212010120000,2892639
residential_13212060180000,2613942
residential_13212060380000,2748962
residential_13212060380000,2869653
residential_13212060390000,2748962
residential_13212060390000,2748983
residential_13212060390000,2749056
residential_13212060400000,2748962
residential_13212060400000,2748983
residential_13212060400000,2749056
residential_13212060410000,2748962
residential_13212060410000,2748983
residential_13212060410000,2749056
residential_13212060420000,2936221
residential_13212060440000,2929138
residential_13212060450000,2929128
residential_13212060450000,2929144
residential_13212090130000,1705823
residential_13212240340000,1818663
residential_13213030370000,2841779
residential_13213030370000,2841787
residential_13213030380000,2841779
residential_13213030380000,2841787
residential_13214040680000,2540084
residential_13214040930000,3054364
residential_13214150260000,3096169
residential_13221020500000,1660498
residential_13221020500000,1662005
residential_13221020500000,1662006
residential_13221020500000,1662499
residential_13221020500000,1662636
residential_13221020500000,1662677
residential_13221020500000,1662678
residential_13221020500000,1662679
residential_13221020500000,1662689
residential_13221020500000,1662690
residential_13221020500000,1662691
residential_13221020500000,1662692
residential_13221020500000,1662693
residential_13221020500000,1662694
residential_13221020500000,1662706
residential_13221020500000,1662707
residential_13221020500000,1662708
residential_13221020500000,1662709
residential_13221020500000,1680327
residential_13221020500000,1683634
residential_13221020500000,1683660
residential_13221020500000,1758848
residential_13221020500000,1805268
residential_13221020500000,1805313
residential_13221020500000,1805314
residential_13221020510000,1660498
residential_13221020510000,1662005
residential_13221020510000,1662006
residential_13221020510000,1662499
residential_13221020510000,1662636
residential_13221020510000,1662677
residential_13221020510000,1662678
residential_13221020510000,1662679
residential_13221020510000,1662689
residential_13221020510000,1662690
residential_13221020510000,1662691
residential_13221020510000,1662692
residential_13221020510000,1662693
residential_13221020510000,1662694
residential_13221020510000,1662706
residential_13221020510000,1662707
residential_13221020510000,1662708
residential_13221020510000,1662709
residential_13221020510000,1680327
residential_13221020510000,1683634
residential_13221020510000,1683660
residential_13221020510000,1758848
residential_13221020510000,1805268
residential_13221020510000,1805313
residential_13221020510000,1805314
residential_13221020520000,1660498
residential_13221020520000,1662005
residential_13221020520000,1662006
residential_13221020520000,1662499
residential_13221020520000,1662636
residential_13221020520000,1662677
residential_13221020520000,1662678
residential_13221020520000,1662679
residential_13221020520000,1662689
residential_13221020520000,1662690
residential_13221020520000,1662691
residential_13221020520000,1662692
residential_13221020520000,1662693
residential_13221020520000,1662694
residential_13221020520000,1662706
residential_13221020520000,1662707
residential_13221020520000,1662708
residential_13221020520000,1662709
residential_13221020520000,1680327
residential_13221020520000,1683634
residential_13221020520000,1683660
residential_13221020520000,1758848
residential_13221020520000,1805268
residential_13221020520000,1805313
residential_13221020520000,1805314
residential_13221020530000,1662709
residential_13221020570000,1660498
residential_13221020570000,1662005
residential_13221020570000,1662006
residential_13221020570000,1662499
residential_13221020570000,1662636
residential_13221020570000,1662677
residential_13221020570000,1662678
residential_13221020570000,1662679
residential_13221020570000,1662689
residential_13221020570000,1662690
residential_13221020570000,1662691
residential_13221020570000,1662692
residential_13221020570000,1662693
residential_13221020570000,1662694
residential_13221020570000,1662706
residential_13221020570000,1662707
residential_13221020570000,1662708
residential_13221020570000,1662709
residential_13221020570000,1680327
residential_13221020570000,1683634
residential_13221020570000,1683660
residential_13221020570000,1758848
residential_13221020570000,1805268
residential_13221020570000,1805313
residential_13221020570000,1805314
residential_13221020580000,1660498
residential_13221020580000,1662005
residential_13221020580000,1662006
residential_13221020580000,1662499
residential_13221020580000,1662636
residential_13221020580000,1662677
residential_13221020580000,1662678
residential_13221020580000,1662679
residential_13221020580000,1662689
residential_13221020580000,1662690
residential_13221020580000,1662691
residential_13221020580000,1662692
residential_13221020580000,1662693
residential_13221020580000,1662694
residential_13221020580000,1662706
residential_13221020580000,1662707
residential_13221020580000,1662708
residential_13221020580000,1662709
residential_13221020580000,1680327
residential_13221020580000,1683634
residential_13221020580000,1683660
residential_13221020580000,1758848
residential_13221020580000,1805268
residential_13221020580000,1805313
residential_13221020580000,1805314
residential_13221020610000,1660498
residential_13221020610000,1662005
residential_13221020610000,1662006
residential_13221020610000,1662499
residential_13221020610000,1662636
residential_13221020610000,1662677
residential_13221020610000,1662678
residential_13221020610000,1662679
residential_13221020610000,1662689
residential_13221020610000,1662690
residential_13221020610000,1662691
residential_13221020610000,1662692
residential_13221020610000,1662693
residential_13221020610000,1662694
residential_13221020610000,1662706
residential_13221020610000,1662707
residential_13221020610000,1662708
residential_13221020610000,1662709
residential_13221020610000,1680327
residential_13221020610000,1683634
residential_13221020610000,1683660
residential_13221020610000,1758848
residential_13221020610000,1805268
residential_13221020610000,1805313
residential_13221020610000,1805314
residential_13221020630000,1662005
residential_13221020630000,1994622
residential_13221020640000,1683660
residential_13221020650000,1660498
residential_13221020660000,1805313
residential_13221020670000,1662679
residential_13221020670000,1662694
residential_13221020690000,1805268
residential_13221020700000,1662006
residential_13221020710000,1680327
residential_13221020710000,1758848
residential_13221020720000,1662499
residential_13221020720000,1683634
residential_13221020720000,1805314
residential_13221020740000,1662677
residential_13221020740000,1662691
residential_13221020760000,1662636
residential_13221020760000,1994618
residential_13221020780000,1662676
residential_13221020790000,1662676
residential_13221020790000,1662687
residential_13221020790000,1662704
residential_13221020790000,1662705
residential_13221020800000,1662676
residential_13221020800000,1662687
residential_13221020800000,1662704
residential_13221020800000,1662705
residential_13221020810000,1662676
residential_13221020810000,1662687
residential_13221020810000,1662704
residential_13221020810000,1662705
residential_13221020840000,1660498
residential_13221020840000,1662005
residential_13221020840000,1662006
residential_13221020840000,1662499
residential_13221020840000,1662636
residential_13221020840000,1662677
residential_13221020840000,1662678
residential_13221020840000,1662679
residential_13221020840000,1662689
residential_13221020840000,1662690
residential_13221020840000,1662691
residential_13221020840000,1662692
residential_13221020840000,1662693
residential_13221020840000,1662694
residential_13221020840000,1662706
residential_13221020840000,1662707
residential_13221020840000,1662708
residential_13221020840000,1662709
residential_13221020840000,1680327
residential_13221020840000,1683634
residential_13221020840000,1683660
residential_13221020840000,1758848
residential_13221020840000,1805268
residential_13221020840000,1805313
residential_13221020840000,1805314
residential_13221020900000,1660498
residential_13221020900000,1662005
residential_13221020900000,1662006
residential_13221020900000,1662499
residential_13221020900000,1662636
residential_13221020900000,1662677
residential_13221020900000,1662678
residential_13221020900000,1662679
residential_13221020900000,1662689
residential_13221020900000,1662690
residential_13221020900000,1662691
residential_13221020900000,1662692
residential_13221020900000,1662693
residential_13221020900000,1662694
residential_13221020900000,1662706
residential_13221020900000,1662707
residential_13221020900000,1662708
residential_13221020900000,1662709
residential_13221020900000,1680327
residential_13221020900000,1683634
residential_13221020900000,1683660
residential_13221020900000,1758848
residential_13221020900000,1805268
residential_13221020900000,1805313
residential_13221020900000,1805314
residential_13221020910000,1660498
residential_13221020910000,1662005
residential_13221020910000,1662006
residential_13221020910000,1662499
residential_13221020910000,1662636
residential_13221020910000,1662677
residential_13221020910000,1662678
residential_13221020910000,1662679
residential_13221020910000,1662689
residential_13221020910000,1662690
residential_13221020910000,1662691
residential_13221020910000,1662692
residential_13221020910000,1662693
residential_13221020910000,1662694
residential_13221020910000,1662706
residential_13221020910000,1662707
residential_13221020910000,1662708
residential_13221020910000,1662709
residential_13221020910000,1680327
residential_13221020910000,1683634
residential_13221020910000,1683660
residential_13221020910000,1758848
residential_13221020910000,1805268
residential_13221020910000,1805313
residential_13221020910000,1805314
residential_13221021010000,1730834
residential_13221021020000,1683760
residential_13221021020000,1683867
residential_13221021030000,1683760
residential_13221040060000,2722892
residential_13221070300000,1892613
residential_13221090200000,2849228
residential_13221100180000,1766214
residential_13221100230000,2136702
residential_13221130400000,2502052
residential_13221150360000,2560195
residential_13221220310000,2846746
residential_13221220320000,2846729
residential_13221220420000,2653879
residential_13221220420000,2653882
residential_13221220420000,2653888
residential_13221220420000,2653894
residential_13221220420000,2653902
residential_13221220420000,2653908
residential_13221240360000,2653879
residential_13221240370000,2653870
residential_13221240380000,2653868
residential_13221240390000,2653863
residential_13221240390000,2653867
residential_13221240710000,2653839
residential_13221240710000,2653845
residential_13221240720000,2653839
residential_13221240720000,2653845
residential_13221240730000,2653839
residential_13221240730000,2653845
residential_13221240770000,2653882
residential_13221240770000,2653888
residential_13221250530000,2685538
residential_13221250530000,2685539
residential_13221250530000,2717378
residential_13221250530000,2717380
residential_13221250530000,2741138
residential_13221250530000,2745754
residential_13221250530000,2745768
residential_13221250530000,2745919
residential_13221250530000,2745934
residential_13221250530000,2746213
residential_13221250530000,2746399
residential_13221250530000,2746440
residential_13221250530000,2746696
residential_13221250530000,2783079
residential_13221250530000,2783135
residential_13221250530000,2783172
residential_13221250530000,2783195
residential_13221250530000,2783300
residential_13221250530000,2783305
residential_13221250530000,2805041
residential_13221250540000,2685538
residential_13221250540000,2685539
residential_13221250540000,2717378
residential_13221250540000,2717380
residential_13221250540000,2741138
residential_13221250540000,2745754
residential_13221250540000,2745768
residential_13221250540000,2745919
residential_13221250540000,2745934
residential_13221250540000,2746213
residential_13221250540000,2746399
residential_13221250540000,2746440
residential_13221250540000,2746696
residential_13221250540000,2783079
residential_13221250540000,2783135
residential_13221250540000,2783172
residential_13221250540000,2783195
residential_13221250540000,2783300
residential_13221250540000,2783305
residential_13221250540000,2805041
residential_13221250550000,2685540
residential_13221250550000,2685541
residential_13221250550000,2706795
residential_13221250560000,2685540
residential_13221250560000,2685541
residential_13221250560000,2706795
residential_13221250570000,2685540
residential_13221250570000,2685541
residential_13221250570000,2706795
residential_13221250580000,2717382
residential_13221250580000,2717383
residential_13221250580000,2717384
residential_13221250590000,2717382
residential_13221250590000,2717383
residential_13221250590000,2717384
residential_13221250600000,2717382
residential_13221250600000,2717383
residential_13221250600000,2717384
residential_13221250610000,2717382
residential_13221250610000,2717383
residential_13221250610000,2717384
residential_13221250620000,2685538
residential_13221250620000,2685539
residential_13221250620000,2717378
residential_13221250620000,2717380
residential_13221250620000,2741138
residential_13221250620000,2745754
residential_13221250620000,2745768
residential_13221250620000,2745919
residential_13221250620000,2745934
residential_13221250620000,2746213
residential_13221250620000,2746399
residential_13221250620000,2746440
residential_13221250620000,2746696
residential_13221250620000,2783079
residential_13221250620000,2783135
residential_13221250620000,2783172
residential_13221250620000,2783195
residential_13221250620000,2783300
residential_13221250620000,2783305
residential_13221250620000,2805041
residential_13221250630000,2685538
residential_13221250630000,2685539
residential_13221250630000,2717378
residential_13221250630000,2717380
residential_13221250630000,2741138
residential_13221250630000,2745754
residential_13221250630000,2745768
residential_13221250630000,2745919
residential_13221250630000,2745934
residential_13221250630000,2746213
residential_13221250630000,2746399
residential_13221250630000,2746440
residential_13221250630000,2746696
residential_13221250630000,2783079
residential_13221250630000,2783135
residential_13221250630000,2783172
residential_13221250630000,2783195
residential_13221250630000,2783300
residential_13221250630000,2783305
residential_13221250630000,2805041
residential_13221250640000,2685538
residential_13221250640000,2685539
residential_13221250640000,2717378
residential_13221250640000,2717380
residential_13221250640000,2741138
residential_13221250640000,2745754
residential_13221250640000,2745768
residential_13221250640000,2745919
residential_13221250640000,2745934
residential_13221250640000,2746213
residential_13221250640000,2746399
residential_13221250640000,2746440
residential_13221250640000,2746696
residential_13221250640000,2783079
residential_13221250640000,2783135
residential_13221250640000,2783172
residential_13221250640000,2783195
residential_13221250640000,2783300
residential_13221250640000,2783305
residential_13221250640000,2805041
residential_13221260010000,2685542
residential_13221260010000,2706832
residential_13221260010000,2706846
residential_13221260010000,2706854
residential_13221260010000,2706865
residential_13221260010000,2706871
residential_13221260010000,2706874
residential_13221260010000,2741034
residential_13221260020000,2685542
residential_13221260020000,2706832
residential_13221260020000,2706846
residential_13221260020000,2706854
residential_13221260020000,2706865
residential_13221260020000,2706871
residential_13221260020000,2706874
residential_13221260020000,2741034
residential_13221260030000,2685542
residential_13221260030000,2706832
residential_13221260030000,2706846
residential_13221260030000,2706854
residential_13221260030000,2706865
residential_13221260030000,2706871
residential_13221260030000,2706874
residential_13221260030000,2741034
residential_13221260040000,2685542
residential_13221260040000,2706832
residential_13221260040000,2706846
residential_13221260040000,2706854
residential_13221260040000,2706865
residential_13221260040000,2706871
residential_13221260040000,2706874
residential_13221260040000,2741034
residential_13221260050000,2706877
residential_13221260060000,2706877
residential_13221260070000,2706877
residential_13221260090000,2685538
residential_13221260090000,2685539
residential_13221260090000,2717378
residential_13221260090000,2717380
residential_13221260090000,2741138
residential_13221260090000,2745754
residential_13221260090000,2745768
residential_13221260090000,2745919
residential_13221260090000,2745934
residential_13221260090000,2746213
residential_13221260090000,2746399
residential_13221260090000,2746440
residential_13221260090000,2746696
residential_13221260090000,2783079
residential_13221260090000,2783135
residential_13221260090000,2783172
residential_13221260090000,2783195
residential_13221260090000,2783300
residential_13221260090000,2783305
residential_13221260090000,2805041
residential_13221260100000,2685538
residential_13221260100000,2685539
residential_13221260100000,2717378
residential_13221260100000,2717380
residential_13221260100000,2741138
residential_13221260100000,2745754
residential_13221260100000,2745768
residential_13221260100000,2745919
residential_13221260100000,2745934
residential_13221260100000,2746213
residential_13221260100000,2746399
residential_13221260100000,2746440
residential_13221260100000,2746696
residential_13221260100000,2783079
residential_13221260100000,2783135
residential_13221260100000,2783172
residential_13221260100000,2783195
residential_13221260100000,2783300
residential_13221260100000,2783305
residential_13221260100000,2805041
residential_13221260110000,2685538
residential_13221260110000,2685539
residential_13221260110000,2717378
residential_13221260110000,2717380
residential_13221260110000,2741138
residential_13221260110000,2745754
residential_13221260110000,2745768
residential_13221260110000,2745919
residential_13221260110000,2745934
residential_13221260110000,2746213
residential_13221260110000,2746399
residential_13221260110000,2746440
residential_13221260110000,2746696
residential_13221260110000,2783079
residential_13221260110000,2783135
residential_13221260110000,2783172
residential_13221260110000,2783195
residential_13221260110000,2783300
residential_13221260110000,2783305
residential_13221260110000,2805041
residential_13221260120000,2685538
residential_13221260120000,2685539
residential_13221260120000,2717378
residential_13221260120000,2717380
residential_13221260120000,2741138
residential_13221260120000,2745754
residential_13221260120000,2745768
residential_13221260120000,2745919
residential_13221260120000,2745934
residential_13221260120000,2746213
residential_13221260120000,2746399
residential_13221260120000,2746440
residential_13221260120000,2746696
residential_13221260120000,2783079
residential_13221260120000,2783135
residential_13221260120000,2783172
residential_13221260120000,2783195
residential_13221260120000,2783300
residential_13221260120000,2783305
residential_13221260120000,2805041
residential_13221260130000,2685538
residential_13221260130000,2685539
residential_13221260130000,2717378
residential_13221260130000,2717380
residential_13221260130000,2741138
residential_13221260130000,2745754
residential_13221260130000,2745768
residential_13221260130000,2745919
residential_13221260130000,2745934
residential_13221260130000,2746213
residential_13221260130000,2746399
residential_13221260130000,2746440
residential_13221260130000,2746696
residential_13221260130000,2783079
residential_13221260130000,2783135
residential_13221260130000,2783172
residential_13221260130000,2783195
residential_13221260130000,2783300
residential_13221260130000,2783305
residential_13221260130000,2805041
residential_13221260140000,2685538
residential_13221260140000,2685539
residential_13221260140000,2717378
residential_13221260140000,2717380
residential_13221260140000,2741138
residential_13221260140000,2745754
residential_13221260140000,2745768
residential_13221260140000,2745919
residential_13221260140000,2745934
residential_13221260140000,2746213
residential_13221260140000,2746399
residential_13221260140000,2746440
residential_13221260140000,2746696
residential_13221260140000,2783079
residential_13221260140000,2783135
residential_13221260140000,2783172
residential_13221260140000,2783195
residential_13221260140000,2783300
residential_13221260140000,2783305
residential_13221260140000,2805041
residential_13221260150000,2746440
residential_13221260150000,2783079
residential_13221260160000,2783135
residential_13221260170000,2783172
residential_13221260180000,2685538
residential_13221260180000,2685539
residential_13221260180000,2717378
residential_13221260180000,2717380
residential_13221260180000,2741138
residential_13221260180000,2745754
residential_13221260180000,2745768
residential_13221260180000,2745919
residential_13221260180000,2745934
residential_13221260180000,2746213
residential_13221260180000,2746399
residential_13221260180000,2746440
residential_13221260180000,2746696
residential_13221260180000,2783079
residential_13221260180000,2783135
residential_13221260180000,2783172
residential_13221260180000,2783195
residential_13221260180000,2783300
residential_13221260180000,2783305
residential_13221260180000,2805041
residential_13221260190000,2783300
residential_13221260200000,2783305
residential_13221260210000,2868399
residential_13221260240000,2868402
residential_13221260260000,2685538
residential_13221260260000,2685539
residential_13221260260000,2717378
residential_13221260260000,2717380
residential_13221260260000,2741138
residential_13221260260000,2745754
residential_13221260260000,2745768
residential_13221260260000,2745919
residential_13221260260000,2745934
residential_13221260260000,2746213
residential_13221260260000,2746399
residential_13221260260000,2746440
residential_13221260260000,2746696
residential_13221260260000,2783079
residential_13221260260000,2783135
residential_13221260260000,2783172
residential_13221260260000,2783195
residential_13221260260000,2783300
residential_13221260260000,2783305
residential_13221260260000,2805041
residential_13221260280000,2746696
residential_13221260290000,2868406
residential_13221260300000,2685538
residential_13221260300000,2685539
residential_13221260300000,2717378
residential_13221260300000,2717380
residential_13221260300000,2741138
residential_13221260300000,2745754
residential_13221260300000,2745768
residential_13221260300000,2745919
residential_13221260300000,2745934
residential_13221260300000,2746213
residential_13221260300000,2746399
residential_13221260300000,2746440
residential_13221260300000,2746696
residential_13221260300000,2783079
residential_13221260300000,2783135
residential_13221260300000,2783172
residential_13221260300000,2783195
residential_13221260300000,2783300
residential_13221260300000,2783305
residential_13221260300000,2805041
residential_13221260310000,2852400
residential_13221260320000,2741138
residential_13221260330000,2845420
residential_13221260340000,2848170
residential_13221260350000,2848193
residential_13221260360000,2848203
residential_13221260360000,2848274
residential_13222000330000,2555712
residential_13222000340000,2574787
residential_13222030070000,2431264
residential_13222030280000,2877290
residential_13222030310000,2706681
residential_13222060030000,2309356
residential_13222090130000,3158052
residential_13222090200000,2693874
residential_13222090220000,2196330
residential_13222110050000,1952893
residential_13222110100000,2371033
residential_13222110110000,3013156
residential_13222110150000,1962469
residential_13222130130000,2170332
residential_13222140150000,3189663
residential_13222140230000,2805376
residential_13222150230000,1862162
residential_13222150250000,2975877
residential_13222170260000,2671834
residential_13222180100000,2929120
residential_13222210020000,3130969
residential_13222210270000,1944445
residential_13222210340000,2984965
residential_13223040300000,2898475
residential_13223040310000,2898473
residential_13223040310000,2898475
residential_13223040320000,2346486
residential_13223040330000,2347395
residential_13223040340000,2347395
residential_13223040340000,2347399
residential_13223040350000,2347399
residential_13223040350000,2347404
residential_13223070420000,3033673
residential_13223070420000,3033674
residential_13223070430000,3033673
residential_13223070430000,3033674
residential_13223110060000,3165292
residential_13223110160000,2889761
residential_13223110160000,2894894
residential_13223110170000,2889761
residential_13223110170000,2894894
residential_13223130120000,2869988
residential_13223160530000,2834422
residential_13223160530000,2835390
residential_13223160540000,2834422
residential_13223160540000,2835390
residential_13223170050000,3201392
residential_13223190280000,2609407
residential_13223200490000,2713577
residential_13223200490000,2713589
residential_13223200500000,2713577
residential_13223200500000,2713589
residential_13223230060000,2800462
residential_13224000130000,2882115
residential_13224000370000,2718914
residential_13224000380000,2719799
residential_13224020250000,2594952
residential_13224060060000,2449127
residential_13224070120000,3136099
residential_13224160060000,2471959
residential_13224160060000,2471969
residential_13224210200000,2934189
residential_13224250140000,3016465
residential_13224250140000,3016466
residential_13224270200000,2588046
residential_13224270210000,2587971
residential_13224300270000,2600212
residential_13231010380000,2542131
residential_13231010390000,2542099
residential_13231010390000,2542131
residential_13231070200000,2752012
residential_13231070200000,2752013
residential_13231070210000,2752012
residential_13231070210000,2752013
residential_13231070220000,2751590
residential_13231070220000,2752014
residential_13231070230000,2751590
residential_13231070230000,2752014
residential_13231070240000,2751590
residential_13231070240000,2752014
residential_13231110310000,3052651
residential_13231150360000,2514385
residential_13231150370000,2514384
residential_13231230110000,2833297
residential_13231230170000,2680156
residential_13231280340000,2157663
residential_13231280350000,2157528
residential_13231280360000,2157569
residential_13231280390000,2556907
residential_13231280400000,2485195
residential_13231280410000,2556921
residential_13231280420000,2485229
residential_13231280440000,2107932
residential_13231280440000,2119769
residential_13231280450000,2756104
residential_13231280450000,2769952
residential_13231280460000,2157651
residential_13231280470000,2157675
residential_13231280480000,2598763
residential_13231280490000,2598762
residential_13231280500000,2598761
residential_13231280500000,2598762
residential_13231280500000,2598763
residential_13231280510000,2744095
residential_13231280520000,2835282
residential_13231280530000,2756104
residential_13231280530000,2769952
residential_13231280540000,2757499
residential_13231280540000,2757503
residential_13231280550000,2757499
residential_13232030190000,2144502
residential_13232100030000,2642724
residential_13232130400000,2905518
residential_13232130430000,2453273
residential_13232140080000,2510154
residential_13232140260000,2565951
residential_13232140260000,2565952
residential_13232140260000,2565953
residential_13232140260000,2565954
residential_13232140260000,2565955
residential_13232140270000,2565951
residential_13232140270000,2565952
residential_13232140270000,2565953
residential_13232140270000,2565954
residential_13232140270000,2565955
residential_13232140280000,2565951
residential_13232140280000,2565952
residential_13232140280000,2565953
residential_13232140280000,2565954
residential_13232140280000,2565955
residential_13232140290000,2565951
residential_13232140290000,2565952
residential_13232140290000,2565953
residential_13232140290000,2565954
residential_13232140290000,2565955
residential_13232140300000,2565951
residential_13232140300000,2565952
residential_13232140300000,2565953
residential_13232140300000,2565954
residential_13232140300000,2565955
residential_13232180060000,3064991
residential_13232180070000,3064990
residential_13232180380000,1684494
residential_13232230180000,2950206
residential_13232240160000,3175466
residential_13232270360000,3148688
residential_13233010350000,2562310
residential_13233010360000,2562310
residential_13233030030000,1683759
residential_13233050340000,3139213
residential_13233050340000,3139243
residential_13233050340000,3139284
residential_13233050350000,3139213
residential_13233050350000,3139243
residential_13233050350000,3139284
residential_13233050360000,3139213
residential_13233050360000,3139243
residential_13233050360000,3139284
residential_13233060100000,2916537
residential_13233060310000,2571836
residential_13233120240000,2786126
residential_13233170340000,3226054
residential_13233180100000,2868221
residential_13233200100000,2996591
residential_13233200100000,3055584
residential_13233210350000,2505272
residential_13233220010000,2498180
residential_13233220450000,2498180
residential_13233220460000,2498180
residential_13233310350000,3143358
residential_13234060410000,3046111
residential_13234080450000,2888901
residential_13234080460000,2889002
residential_13234090220000,3066614
residential_13241000100000,2321938
residential_13241000100000,2396449
residential_13241000100000,2396810
residential_13241000100000,2406567
residential_13241000100000,2406593
residential_13241000100000,2431031
residential_13241000100000,2446156
residential_13241000380000,2321938
residential_13241000380000,2396449
residential_13241000380000,2396810
residential_13241000380000,2406567
residential_13241000380000,2406593
residential_13241000380000,2431031
residential_13241000380000,2446156
residential_13241050280000,2819145
residential_13241060100000,2952990
residential_13241060240000,1838667
residential_13241060240000,1957488
residential_13241060250000,1955577
residential_13241060310000,2473743
residential_13241070170000,2684420
residential_13241130070000,2683387
residential_13241140030000,3076293
residential_13241140370000,2264102
residential_13241170280000,3149744
residential_13241170470000,3203433
residential_13241170480000,3203431
residential_13241180020000,2836926
residential_13241180180000,2612630
residential_13241210070000,2770656
residential_13241210260000,3211977
residential_13241210270000,2878094
residential_13241210280000,2768224
residential_13241210280000,3012509
residential_13241210430000,2777909
residential_13241220060000,2937743
residential_13241220120000,2448444
residential_13241220130000,2860901
residential_13241220290000,2162010
residential_13241220420000,2552450
residential_13241220420000,2552451
residential_13241220450000,2742398
residential_13241220470000,2162011
residential_13241300120000,2980481
residential_13241310430000,2404915
residential_13241310440000,2404897
residential_13241310440000,2445953
residential_13241310450000,2404897
residential_13241310450000,2445953
residential_13241310460000,2445957
residential_13241310470000,2445957
residential_13241310470000,2445981
residential_13241310470000,2445986
residential_13241310480000,2445957
residential_13241310480000,2445981
residential_13241310480000,2445986
residential_13241310490000,2404988
residential_13241310500000,2404988
residential_13241310520000,2878467
residential_13241310520000,2878474
residential_13241310530000,2878003
residential_13241310540000,2849187
residential_13242020180000,2389614
residential_13242030050000,1951818
residential_13242030180000,2842776
residential_13242030290000,3182751
residential_13242040150000,2919344
residential_13242040160000,2559273
residential_13242080030000,2542945
residential_13242080120000,2517691
residential_13242080120000,2602238
residential_13242080130000,2517320
residential_13242080140000,2397856
residential_13242080160000,3020808
residential_13242080170000,2724875
residential_13242080180000,2742370
residential_13242080210000,3172232
residential_13242080260000,2635911
residential_13242080270000,2686190
residential_13242080370000,2697064
residential_13242090090000,2714888
residential_13242090100000,2654781
residential_13242090150000,2545094
residential_13242090410000,2539292
residential_13242090420000,2539328
residential_13242090430000,2539404
residential_13242090440000,2539404
residential_13242120040000,1706409
residential_13242120040000,1706410
residential_13242120040000,1706411
residential_13242120040000,1706412
residential_13242120040000,1706413
residential_13242120040000,1708320
residential_13242120040000,1713361
residential_13242120040000,1713509
residential_13242120040000,1713510
residential_13242120040000,1713511
residential_13242120040000,1713512
residential_13242120040000,1713522
residential_13242120040000,1713523
residential_13242120040000,1713524
residential_13242120040000,1713525
residential_13242120040000,1716239
residential_13242120040000,1716240
residential_13242120040000,1720315
residential_13242120040000,1720316
residential_13242120040000,1720317
residential_13242120040000,1720318
residential_13242120040000,1753125
residential_13242120050000,1706409
residential_13242120050000,1706410
residential_13242120050000,1706411
residential_13242120050000,1706412
residential_13242120050000,1706413
residential_13242120050000,1708320
residential_13242120050000,1713361
residential_13242120050000,1713509
residential_13242120050000,1713510
residential_13242120050000,1713511
residential_13242120050000,1713512
residential_13242120050000,1713522
residential_13242120050000,1713523
residential_13242120050000,1713524
residential_13242120050000,1713525
residential_13242120050000,1716239
residential_13242120050000,1716240
residential_13242120050000,1720315
residential_13242120050000,1720316
residential_13242120050000,1720317
residential_13242120050000,1720318
residential_13242120050000,1753125
residential_13242120060000,1706409
residential_13242120060000,1706410
residential_13242120060000,1706411
residential_13242120060000,1706412
residential_13242120060000,1706413
residential_13242120060000,1708320
residential_13242120060000,1713361
residential_13242120060000,1713509
residential_13242120060000,1713510
residential_13242120060000,1713511
residential_13242120060000,1713512
residential_13242120060000,1713522
residential_13242120060000,1713523
residential_13242120060000,1713524
residential_13242120060000,1713525
residential_13242120060000,1716239
residential_13242120060000,1716240
residential_13242120060000,1720315
residential_13242120060000,1720316
residential_13242120060000,1720317
residential_13242120060000,1720318
residential_13242120060000,1753125
residential_13242120070000,1706409
residential_13242120070000,1706410
residential_13242120070000,1706411
residential_13242120070000,1706412
residential_13242120070000,1706413
residential_13242120070000,1708320
residential_13242120070000,1713361
residential_13242120070000,1713509
residential_13242120070000,1713510
residential_13242120070000,1713511
residential_13242120070000,1713512
residential_13242120070000,1713522
residential_13242120070000,1713523
residential_13242120070000,1713524
residential_13242120070000,1713525
residential_13242120070000,1716239
residential_13242120070000,1716240
residential_13242120070000,1720315
residential_13242120070000,1720316
residential_13242120070000,1720317
residential_13242120070000,1720318
residential_13242120070000,1753125
residential_13242120080000,1706409
residential_13242120090000,1706409
residential_13242120090000,1706410
residential_13242120090000,1706411
residential_13242120090000,1706412
residential_13242120090000,1706413
residential_13242120090000,1708320
residential_13242120090000,1713361
residential_13242120090000,1713509
residential_13242120090000,1713510
residential_13242120090000,1713511
residential_13242120090000,1713512
residential_13242120090000,1713522
residential_13242120090000,1713523
residential_13242120090000,1713524
residential_13242120090000,1713525
residential_13242120090000,1716239
residential_13242120090000,1716240
residential_13242120090000,1720315
residential_13242120090000,1720316
residential_13242120090000,1720317
residential_13242120090000,1720318
residential_13242120090000,1753125
residential_13242120100000,1706409
residential_13242120100000,1706410
residential_13242120100000,1706411
residential_13242120100000,1706412
residential_13242120100000,1706413
residential_13242120100000,1708320
residential_13242120100000,1713361
residential_13242120100000,1713509
residential_13242120100000,1713510
residential_13242120100000,1713511
residential_13242120100000,1713512
residential_13242120100000,1713522
residential_13242120100000,1713523
residential_13242120100000,1713524
residential_13242120100000,1713525
residential_13242120100000,1716239
residential_13242120100000,1716240
residential_13242120100000,1720315
residential_13242120100000,1720316
residential_13242120100000,1720317
residential_13242120100000,1720318
residential_13242120100000,1753125
residential_13242120110000,1713523
residential_13242120110000,1713524
residential_13242120120000,1713522
residential_13242130010000,1706409
residential_13242130010000,1706410
residential_13242130010000,1706411
residential_13242130010000,1706412
residential_13242130010000,1706413
residential_13242130010000,1708320
residential_13242130010000,1713361
residential_13242130010000,1713509
residential_13242130010000,1713510
residential_13242130010000,1713511
residential_13242130010000,1713512
residential_13242130010000,1713522
residential_13242130010000,1713523
residential_13242130010000,1713524
residential_13242130010000,1713525
residential_13242130010000,1716239
residential_13242130010000,1716240
residential_13242130010000,1720315
residential_13242130010000,1720316
residential_13242130010000,1720317
residential_13242130010000,1720318
residential_13242130010000,1753125
residential_13242130020000,1706409
residential_13242130020000,1706410
residential_13242130020000,1706411
residential_13242130020000,1706412
residential_13242130020000,1706413
residential_13242130020000,1708320
residential_13242130020000,1713361
residential_13242130020000,1713509
residential_13242130020000,1713510
residential_13242130020000,1713511
residential_13242130020000,1713512
residential_13242130020000,1713522
residential_13242130020000,1713523
residential_13242130020000,1713524
residential_13242130020000,1713525
residential_13242130020000,1716239
residential_13242130020000,1716240
residential_13242130020000,1720315
residential_13242130020000,1720316
residential_13242130020000,1720317
residential_13242130020000,1720318
residential_13242130020000,1753125
residential_13242130030000,1706409
residential_13242130030000,1706410
residential_13242130030000,1706411
residential_13242130030000,1706412
residential_13242130030000,1706413
residential_13242130030000,1708320
residential_13242130030000,1713361
residential_13242130030000,1713509
residential_13242130030000,1713510
residential_13242130030000,1713511
residential_13242130030000,1713512
residential_13242130030000,1713522
residential_13242130030000,1713523
residential_13242130030000,1713524
residential_13242130030000,1713525
residential_13242130030000,1716239
residential_13242130030000,1716240
residential_13242130030000,1720315
residential_13242130030000,1720316
residential_13242130030000,1720317
residential_13242130030000,1720318
residential_13242130030000,1753125
residential_13242130040000,1706409
residential_13242130040000,1706410
residential_13242130040000,1706411
residential_13242130040000,1706412
residential_13242130040000,1706413
residential_13242130040000,1708320
residential_13242130040000,1713361
residential_13242130040000,1713509
residential_13242130040000,1713510
residential_13242130040000,1713511
residential_13242130040000,1713512
residential_13242130040000,1713522
residential_13242130040000,1713523
residential_13242130040000,1713524
residential_13242130040000,1713525
residential_13242130040000,1716239
residential_13242130040000,1716240
residential_13242130040000,1720315
residential_13242130040000,1720316
residential_13242130040000,1720317
residential_13242130040000,1720318
residential_13242130040000,1753125
residential_13242130060000,1706409
residential_13242130060000,1706410
residential_13242130060000,1706411
residential_13242130060000,1706412
residential_13242130060000,1706413
residential_13242130060000,1708320
residential_13242130060000,1713361
residential_13242130060000,1713509
residential_13242130060000,1713510
residential_13242130060000,1713511
residential_13242130060000,1713512
residential_13242130060000,1713522
residential_13242130060000,1713523
residential_13242130060000,1713524
residential_13242130060000,1713525
residential_13242130060000,1716239
residential_13242130060000,1716240
residential_13242130060000,1720315
residential_13242130060000,1720316
residential_13242130060000,1720317
residential_13242130060000,1720318
residential_13242130060000,1753125
residential_13242130070000,1706409
residential_13242130070000,1706410
residential_13242130070000,1706411
residential_13242130070000,1706412
residential_13242130070000,1706413
residential_13242130070000,1708320
residential_13242130070000,1713361
residential_13242130070000,1713509
residential_13242130070000,1713510
residential_13242130070000,1713511
residential_13242130070000,1713512
residential_13242130070000,1713522
residential_13242130070000,1713523
residential_13242130070000,1713524
residential_13242130070000,1713525
residential_13242130070000,1716239
residential_13242130070000,1716240
residential_13242130070000,1720315
residential_13242130070000,1720316
residential_13242130070000,1720317
residential_13242130070000,1720318
residential_13242130070000,1753125
residential_13242130080000,1706409
residential_13242130080000,1706410
residential_13242130080000,1706411
residential_13242130080000,1706412
residential_13242130080000,1706413
residential_13242130080000,1708320
residential_13242130080000,1713361
residential_13242130080000,1713509
residential_13242130080000,1713510
residential_13242130080000,1713511
residential_13242130080000,1713512
residential_13242130080000,1713522
residential_13242130080000,1713523
residential_13242130080000,1713524
residential_13242130080000,1713525
residential_13242130080000,1716239
residential_13242130080000,1716240
residential_13242130080000,1720315
residential_13242130080000,1720316
residential_13242130080000,1720317
residential_13242130080000,1720318
residential_13242130080000,1753125
residential_13242130090000,1713509
residential_13242130090000,1713510
residential_13242130100000,1720317
residential_13242130100000,1720318
residential_13242130110000,1706409
residential_13242130110000,1706410
residential_13242130110000,1706411
residential_13242130110000,1706412
residential_13242130110000,1706413
residential_13242130110000,1708320
residential_13242130110000,1713361
residential_13242130110000,1713509
residential_13242130110000,1713510
residential_13242130110000,1713511
residential_13242130110000,1713512
residential_13242130110000,1713522
residential_13242130110000,1713523
residential_13242130110000,1713524
residential_13242130110000,1713525
residential_13242130110000,1716239
residential_13242130110000,1716240
residential_13242130110000,1720315
residential_13242130110000,1720316
residential_13242130110000,1720317
residential_13242130110000,1720318
residential_13242130110000,1753125
residential_13242130120000,1706409
residential_13242130120000,1706410
residential_13242130120000,1706411
residential_13242130120000,1706412
residential_13242130120000,1706413
residential_13242130120000,1708320
residential_13242130120000,1713361
residential_13242130120000,1713509
residential_13242130120000,1713510
residential_13242130120000,1713511
residential_13242130120000,1713512
residential_13242130120000,1713522
residential_13242130120000,1713523
residential_13242130120000,1713524
residential_13242130120000,1713525
residential_13242130120000,1716239
residential_13242130120000,1716240
residential_13242130120000,1720315
residential_13242130120000,1720316
residential_13242130120000,1720317
residential_13242130120000,1720318
residential_13242130120000,1753125
residential_13242130160000,2647095
residential_13242130170000,2647095
residential_13242130180000,2647036
residential_13242130180000,2647038
residential_13242130200000,2647017
residential_13242130200000,2647031
residential_13243010160000,3216545
residential_13243020270000,1732202
residential_13243020330000,1791486
residential_13243020330000,1793321
residential_13243020330000,1794242
residential_13243020340000,1791486
residential_13243020340000,1793321
residential_13243020340000,1794242
residential_13243020350000,1791486
residential_13243020350000,1793321
residential_13243020350000,1794242
residential_13243030430000,1649893
residential_13243030430000,1654947
residential_13243040460000,2460163
residential_13243040470000,1628051
residential_13243040470000,1670741
residential_13243050390000,1664186
residential_13243050390000,1811147
residential_13243050390000,1816198
residential_13243050440000,1664186
residential_13243050440000,1811147
residential_13243050440000,1816198
residential_13243050450000,1664186
residential_13243050450000,1811147
residential_13243050450000,1816198
residential_13243050460000,1664186
residential_13243050460000,1811147
residential_13243050460000,1816198
residential_13243050470000,1664186
residential_13243050470000,1811147
residential_13243050470000,1816198
residential_13243050480000,1664186
residential_13243050480000,1811147
residential_13243050480000,1816198
residential_13243050490000,1664186
residential_13243050490000,1811147
residential_13243050490000,1816198
residential_13243050500000,1664186
residential_13243050500000,1811147
residential_13243050500000,1816198
residential_13243050510000,1664186
residential_13243050510000,1811147
residential_13243050510000,1816198
residential_13243050520000,1664186
residential_13243050520000,1811147
residential_13243050520000,1816198
residential_13243050540000,1645375
residential_13243050550000,1645375
residential_13243050600000,1811147
residential_13243050600000,2424574
residential_13243050600000,2424580
residential_13243050600000,2447937
residential_13243050600000,2447946
residential_13243050600000,2447953
residential_13243050600000,2447962
residential_13243050600000,2478814
residential_13243050600000,2478820
residential_13243050600000,2478823
residential_13243050600000,2478828
residential_13243050600000,2512323
residential_13243050600000,2512332
residential_13243050600000,2512335
residential_13243050600000,2512341
residential_13243050600000,2512342
residential_13243050600000,2512344
residential_13243050600000,2512348
residential_13243050600000,2512351
residential_13243050600000,2512353
residential_13243050600000,2512354
residential_13243050600000,2538071
residential_13243050600000,2538077
residential_13243050600000,2538078
residential_13243050600000,2538079
residential_13243050600000,2538081
residential_13243050600000,2538082
residential_13243050610000,1811147
residential_13243050610000,2424574
residential_13243050610000,2424580
residential_13243050610000,2447937
residential_13243050610000,2447946
residential_13243050610000,2447953
residential_13243050610000,2447962
residential_13243050610000,2478814
residential_13243050610000,2478820
residential_13243050610000,2478823
residential_13243050610000,2478828
residential_13243050610000,2512323
residential_13243050610000,2512332
residential_13243050610000,2512335
residential_13243050610000,2512341
residential_13243050610000,2512342
residential_13243050610000,2512344
residential_13243050610000,2512348
residential_13243050610000,2512351
residential_13243050610000,2512353
residential_13243050610000,2512354
residential_13243050610000,2538071
residential_13243050610000,2538077
residential_13243050610000,2538078
residential_13243050610000,2538079
residential_13243050610000,2538081
residential_13243050610000,2538082
residential_13243050620000,1811147
residential_13243050620000,2424574
residential_13243050620000,2424580
residential_13243050620000,2447937
residential_13243050620000,2447946
residential_13243050620000,2447953
residential_13243050620000,2447962
residential_13243050620000,2478814
residential_13243050620000,2478820
residential_13243050620000,2478823
residential_13243050620000,2478828
residential_13243050620000,2512323
residential_13243050620000,2512332
residential_13243050620000,2512335
residential_13243050620000,2512341
residential_13243050620000,2512342
residential_13243050620000,2512344
residential_13243050620000,2512348
residential_13243050620000,2512351
residential_13243050620000,2512353
residential_13243050620000,2512354
residential_13243050620000,2538071
residential_13243050620000,2538077
residential_13243050620000,2538078
residential_13243050620000,2538079
residential_13243050620000,2538081
residential_13243050620000,2538082
residential_13243050630000,1811147
residential_13243050630000,2424574
residential_13243050630000,2424580
residential_13243050630000,2447937
residential_13243050630000,2447946
residential_13243050630000,2447953
residential_13243050630000,2447962
residential_13243050630000,2478814
residential_13243050630000,2478820
residential_13243050630000,2478823
residential_13243050630000,2478828
residential_13243050630000,2512323
residential_13243050630000,2512332
residential_13243050630000,2512335
residential_13243050630000,2512341
residential_13243050630000,2512342
residential_13243050630000,2512344
residential_13243050630000,2512348
residential_13243050630000,2512351
residential_13243050630000,2512353
residential_13243050630000,2512354
residential_13243050630000,2538071
residential_13243050630000,2538077
residential_13243050630000,2538078
residential_13243050630000,2538079
residential_13243050630000,2538081
residential_13243050630000,2538082
residential_13243050640000,1811147
residential_13243050640000,2424574
residential_13243050640000,2424580
residential_13243050640000,2447937
residential_13243050640000,2447946
residential_13243050640000,2447953
residential_13243050640000,2447962
residential_13243050640000,2478814
residential_13243050640000,2478820
residential_13243050640000,2478823
residential_13243050640000,2478828
residential_13243050640000,2512323
residential_13243050640000,2512332
residential_13243050640000,2512335
residential_13243050640000,2512341
residential_13243050640000,2512342
residential_13243050640000,2512344
residential_13243050640000,2512348
residential_13243050640000,2512351
residential_13243050640000,2512353
residential_13243050640000,2512354
residential_13243050640000,2538071
residential_13243050640000,2538077
residential_13243050640000,2538078
residential_13243050640000,2538079
residential_13243050640000,2538081
residential_13243050640000,2538082
residential_13243050650000,1811147
residential_13243050650000,2424574
residential_13243050650000,2424580
residential_13243050650000,2447937
residential_13243050650000,2447946
residential_13243050650000,2447953
residential_13243050650000,2447962
residential_13243050650000,2478814
residential_13243050650000,2478820
residential_13243050650000,2478823
residential_13243050650000,2478828
residential_13243050650000,2512323
residential_13243050650000,2512332
residential_13243050650000,2512335
residential_13243050650000,2512341
residential_13243050650000,2512342
residential_13243050650000,2512344
residential_13243050650000,2512348
residential_13243050650000,2512351
residential_13243050650000,2512353
residential_13243050650000,2512354
residential_13243050650000,2538071
residential_13243050650000,2538077
residential_13243050650000,2538078
residential_13243050650000,2538079
residential_13243050650000,2538081
residential_13243050650000,2538082
residential_13243050910000,2671379
residential_13243050920000,2671379
residential_13243050930000,2671379
residential_13243050940000,2671379
residential_13243060660000,2366909
residential_13243070030000,1646417
residential_13243070210000,3238606
residential_13243090060000,2281538
residential_13243100320000,1654472
residential_13243110330000,2440776
residential_13243110370000,2800731
residential_13243110430000,3210086
residential_13243110430000,3210109
residential_13243140520000,2738015
residential_13243140620000,2795921
residential_13243140620000,3106998
residential_13243160110000,2507754
residential_13243190150000,2512473
residential_13243190220000,3166647
residential_13243200380000,3108793
residential_13244060290000,2476923
residential_13251070090000,2377615
residential_13251070100000,2377614
residential_13251080160000,3042789
residential_13251090190000,2431541
residential_13251160020000,2351420
residential_13251160040000,2731112
residential_13251160300000,2351420
residential_13251190380000,2772078
residential_13251200070000,2537779
residential_13251200240000,3120452
residential_13251200410000,2760577
residential_13251200420000,2938931
residential_13251200430000,2938942
residential_13251210220000,1660024
residential_13251240190000,2398837
residential_13251290080000,2678651
residential_13251340180000,3185901
residential_13251350160000,3172976
residential_13252010140000,2739436
residential_13252030300000,2863415
residential_13252030460000,1674859
residential_13252030460000,1675476
residential_13252030460000,1675507
residential_13252030460000,1675512
residential_13252030460000,1675518
residential_13252030460000,1675533
residential_13252030460000,1675538
residential_13252030460000,1675543
residential_13252030460000,1675545
residential_13252030460000,1675547
residential_13252030460000,1675589
residential_13252030470000,1674859
residential_13252030470000,1675476
residential_13252030470000,1675507
residential_13252030470000,1675512
residential_13252030470000,1675518
residential_13252030470000,1675533
residential_13252030470000,1675538
residential_13252030470000,1675543
residential_13252030470000,1675545
residential_13252030470000,1675547
residential_13252030470000,1675589
residential_13252030480000,1674859
residential_13252030480000,1675476
residential_13252030480000,1675507
residential_13252030480000,1675512
residential_13252030480000,1675518
residential_13252030480000,1675533
residential_13252030480000,1675538
residential_13252030480000,1675543
residential_13252030480000,1675545
residential_13252030480000,1675547
residential_13252030480000,1675589
residential_13252030490000,1674859
residential_13252030490000,1675476
residential_13252030490000,1675507
residential_13252030490000,1675512
residential_13252030490000,1675518
residential_13252030490000,1675533
residential_13252030490000,1675538
residential_13252030490000,1675543
residential_13252030490000,1675545
residential_13252030490000,1675547
residential_13252030490000,1675589
residential_13252030500000,1674859
residential_13252030500000,1675476
residential_13252030500000,1675507
residential_13252030500000,1675512
residential_13252030500000,1675518
residential_13252030500000,1675533
residential_13252030500000,1675538
residential_13252030500000,1675543
residential_13252030500000,1675545
residential_13252030500000,1675547
residential_13252030500000,1675589
residential_13252030510000,1674426
residential_13252030510000,1674427
residential_13252030510000,1674428
residential_13252030510000,1675487
residential_13252030510000,1675491
residential_13252030510000,1675524
residential_13252030540000,1674426
residential_13252030540000,1674427
residential_13252030540000,1674428
residential_13252030540000,1675487
residential_13252030540000,1675491
residential_13252030540000,1675524
residential_13252030550000,1674426
residential_13252030550000,1674427
residential_13252030550000,1674428
residential_13252030550000,1675487
residential_13252030550000,1675491
residential_13252030550000,1675524
residential_13252030620000,2383753
residential_13252030620000,2419214
residential_13252030620000,2499874
residential_13252030630000,2383753
residential_13252030630000,2419214
residential_13252030630000,2499874
residential_13252030640000,2499852
residential_13252030640000,2499874
residential_13252030650000,2498803
residential_13252030650000,2499852
residential_13252030660000,2498749
residential_13252030660000,2498803
residential_13252030660000,2563225
residential_13252040220000,2504700
residential_13252080070000,2735748
residential_13252080070000,2735762
residential_13252080080000,2735748
residential_13252160120000,2436476
residential_13252160360000,2299629
residential_13252160370000,2299627
residential_13252160380000,2561987
residential_13252160410000,2591760
residential_13252160510000,1759178
residential_13252160510000,1759179
residential_13252170140000,2503447
residential_13252170150000,2503379
residential_13252180310000,2714248
residential_13252180320000,2726288
residential_13252180470000,2886920
residential_13252180470000,2890518
residential_13252180480000,2886920
residential_13252200160000,1865851
residential_13252260020000,2689401
residential_13252260030000,2689393
residential_13252280070000,2504343
residential_13252280110000,2439906
residential_13252280130000,2917195
residential_13252280170000,2251064
residential_13252290110000,3146223
residential_13253020240000,2975231
residential_13253020240000,2995671
residential_13253020270000,2694702
residential_13253020330000,2887487
residential_13253020330000,3050646
residential_13253020340000,2887481
residential_13253050120000,3091329
residential_13253070050000,2546764
residential_13253070580000,2759252
residential_13253070590000,2759252
residential_13253070590000,2789004
residential_13253070640000,2661742
residential_13253100020000,2920101
residential_13253100030000,3133157
residential_13253100110000,2970332
residential_13253200090000,2483459
residential_13253220140000,3220712
residential_13253220190000,3085825
residential_13253220210000,2993514
residential_13253220270000,2825239
residential_13253230140000,2871470
residential_13254000220000,2877993
residential_13254000260000,1717886
residential_13254020150000,2256166
residential_13254050110000,2857488
residential_13254050110000,2857507
residential_13254050120000,2761674
residential_13254050120000,2857488
residential_13254050130000,2761674
residential_13254060180000,3196089
residential_13254070110000,3131591
residential_13254090110000,2871004
residential_13254100030000,2866509
residential_13254100040000,2866499
residential_13254100110000,2697085
residential_13254100170000,1685288
residential_13254100340000,2841453
residential_13254100340000,2841458
residential_13254100350000,2841453
residential_13254100350000,2841458
residential_13254160190000,2576890
residential_13254160290000,3154673
residential_13254170120000,2969129
residential_13254180150000,2539904
residential_13254190110000,2872648
residential_13254190190000,2856270
residential_13254200260000,2533566
residential_13254200270000,2533566
residential_13254200270000,2533570
residential_13254210060000,3184792
residential_13254210180000,2991834
residential_13254210210000,1837916
residential_13254210230000,3026953
residential_13254210250000,2547391
residential_13254210250000,2578008
residential_13254210260000,2547391
residential_13254210260000,2578008
residential_13254220180000,3043033
residential_13254220250000,2646941
residential_13254220260000,2646942
residential_13254220340000,1716258
residential_13254220350000,1716319
residential_13254230130000,2667017
residential_13254230170000,2878045
residential_13254250150000,2562157
residential_13254260090000,2828988
residential_13254260100000,2828980
residential_13254260100000,2828988
residential_13254260200000,2953060
residential_13254270100000,2603562
residential_13254270110000,2603561
residential_13254270110000,2603562
residential_13254270120000,3215121
residential_13254270160000,3023313
residential_13254270220000,2570184
residential_13254270350000,2677148
residential_13254280050000,3186839
residential_13254280080000,3186414
residential_13254280130000,3004216
residential_13254280450000,2705947
residential_13254280450000,2705950
residential_13254280460000,2705947
residential_13254290270000,3183235
residential_13254290280000,2670921
residential_13254290380000,2696056
residential_13254290390000,2696057
residential_13254300120000,2487178
residential_13254300270000,2581230
residential_13254300280000,2581230
residential_13254300280000,2635112
residential_13254300290000,2685665
residential_13254300410000,1682519
residential_13254300420000,1682492
residential_13254300420000,1682516
residential_13254300430000,1682492
residential_13254300440000,2821249
residential_13254300450000,2821249
residential_13254310010000,2916758
residential_13254310070000,3223363
residential_13254310130000,2729028
residential_13254310150000,2832089
residential_13261070380000,2768882
residential_13261110160000,2890395
residential_13261160270000,2801891
residential_13261160600000,2473940
residential_13261170120000,2841609
residential_13261260030000,2491733
residential_13261260030000,2491734
residential_13261260040000,2491733
residential_13261260230000,2646823
residential_13261260380000,2667434
residential_13261260450000,1729074
residential_13261270090000,3053212
residential_13261280440000,2669261
residential_13261300190000,2515552
residential_13262000120000,3150841
residential_13262020120000,2769113
residential_13262020140000,2552902
residential_13262050360000,2980367
residential_13262050490000,1646314
residential_13262050500000,1646314
residential_13262100300000,3185562
residential_13262110150000,2570186
residential_13262110160000,2930113
residential_13262110160000,3139563
residential_13262110220000,2257684
residential_13262120230000,2740190
residential_13262120240000,2740159
residential_13262120240000,2740190
residential_13262120360000,2626203
residential_13262140100000,2685093
residential_13262140520000,2441687
residential_13262140520000,2664142
residential_13262140660000,2781399
residential_13262150170000,2958706
residential_13262150300000,2926281
residential_13262150770000,3118448
residential_13262151100000,3096179
residential_13262151100000,3096221
residential_13262160080000,2554025
residential_13262160080000,2575914
residential_13262160090000,2575914
residential_13262160590000,2667599
residential_13262160590000,2667601
residential_13262160610000,2842279
residential_13262160620000,3017628
residential_13262180620000,3063373
residential_13262180660000,2979155
residential_13262200400000,2918610
residential_13262200440000,2857462
residential_13262220330000,2815260
residential_13262270130000,2633757
residential_13262270130000,2656442
residential_13262270290000,2857441
residential_13262270460000,3148054
residential_13262270470000,3148055
residential_13263020140000,2935095
residential_13263020150000,2935094
residential_13263020330000,2612481
residential_13263020390000,3171285
residential_13263020400000,3170818
residential_13263030300000,2904792
residential_13263040090000,2953701
residential_13263050140000,2501178
residential_13263160250000,2652577
residential_13263200300000,3016308
residential_13263200300000,3070802
residential_13263200300000,3087785
residential_13263200300000,3087797
residential_13263200300000,3087832
residential_13263200300000,3087845
residential_13263260220000,2710793
residential_13263290120000,2939401
residential_13263290300000,2989273
residential_13263290300000,3101212
residential_13264070130000,3166791
residential_13264090070000,2354472
residential_13264100010000,2629226
residential_13264100340000,2804295
residential_13264190320000,2533372
residential_13272070300000,2940199
residential_13272070300000,2952142
residential_13272070310000,2940199
residential_13272070310000,2952142
residential_13272070320000,2940199
residential_13272070320000,2952142
residential_13272070330000,2940199
residential_13272070330000,2952142
residential_13272070340000,2940199
residential_13272070340000,2952142
residential_13272070350000,2940199
residential_13272070350000,2952142
residential_13272070360000,2940199
residential_13272070360000,2952142
residential_13272070370000,2940199
residential_13272070370000,2952142
residential_13272070460000,3038435
residential_13272070470000,3038435
residential_13272070480000,3038435
residential_13272070490000,3038435
residential_13272070500000,3038435
residential_13272070510000,3038435
residential_13282150020000,3168143
residential_13282150020000,3214821
residential_13283120080000,2984962
residential_13283270090000,1646762
residential_13291180390000,3049864
residential_13294080270000,2549868
residential_13294260310000,3025415
residential_13301250370000,2818414
residential_13301340070000,3045242
residential_13302230410000,1643335
residential_13302230410000,1643390
residential_13302230420000,1643335
residential_13302230420000,1643390
residential_13302250410000,3111443
residential_13302250420000,3111459
residential_13302260020000,2871076
residential_13303080470000,2828919
residential_13303080470000,2828950
residential_13304050330000,2468494
residential_13304050330000,2468503
residential_13311060230000,3013118
residential_13311280300000,2719372
residential_13312080100000,2969541
residential_13312100450000,2796531
residential_13312100460000,2611762
residential_13312100460000,2611770
residential_13312100470000,2611762
residential_13312100470000,2611770
residential_13312120080000,2530482
residential_13312120080000,2640714
residential_13312120080000,2640793
residential_13312120080000,2710132
residential_13312120080000,2712514
residential_13312120080000,2712516
residential_13312120090000,2530482
residential_13312120090000,2640714
residential_13312120090000,2640793
residential_13312120090000,2710132
residential_13312120090000,2712514
residential_13312120090000,2712516
residential_13312120100000,2530482
residential_13312120100000,2640714
residential_13312120100000,2640793
residential_13312120100000,2710132
residential_13312120100000,2712514
residential_13312120100000,2712516
residential_13312130050000,2490811
residential_13312130060000,2490811
residential_13312130060000,2568313
residential_13312140040000,2857618
residential_13312140040000,2857632
residential_13312140040000,2857667
residential_13312140040000,2857671
residential_13312140040000,2866070
residential_13312140040000,2866107
residential_13312140040000,2866294
residential_13312140040000,2866322
residential_13312140040000,2866363
residential_13312140040000,2866369
residential_13312140040000,2866377
residential_13312140040000,2866385
residential_13312140040000,2991162
residential_13312140040000,2991172
residential_13312140040000,2991183
residential_13312140040000,2991190
residential_13312140040000,2991198
residential_13312140040000,2991218
residential_13312140040000,2991229
residential_13312140040000,2991233
residential_13312140050000,2857618
residential_13312140050000,2857632
residential_13312140050000,2857667
residential_13312140050000,2857671
residential_13312140050000,2866070
residential_13312140050000,2866107
residential_13312140050000,2866294
residential_13312140050000,2866322
residential_13312140050000,2866363
residential_13312140050000,2866369
residential_13312140050000,2866377
residential_13312140050000,2866385
residential_13312140050000,2991162
residential_13312140050000,2991172
residential_13312140050000,2991183
residential_13312140050000,2991190
residential_13312140050000,2991198
residential_13312140050000,2991218
residential_13312140050000,2991229
residential_13312140050000,2991233
residential_13312140060000,2857618
residential_13312140060000,2857632
residential_13312140060000,2857667
residential_13312140060000,2857671
residential_13312140060000,2866070
residential_13312140060000,2866107
residential_13312140060000,2866294
residential_13312140060000,2866322
residential_13312140060000,2866363
residential_13312140060000,2866369
residential_13312140060000,2866377
residential_13312140060000,2866385
residential_13312140060000,2991162
residential_13312140060000,2991172
residential_13312140060000,2991183
residential_13312140060000,2991190
residential_13312140060000,2991198
residential_13312140060000,2991218
residential_13312140060000,2991229
residential_13312140060000,2991233
residential_13312140070000,2857618
residential_13312140070000,2857632
residential_13312140070000,2857667
residential_13312140070000,2857671
residential_13312140070000,2866070
residential_13312140070000,2866107
residential_13312140070000,2866294
residential_13312140070000,2866322
residential_13312140070000,2866363
residential_13312140070000,2866369
residential_13312140070000,2866377
residential_13312140070000,2866385
residential_13312140070000,2991162
residential_13312140070000,2991172
residential_13312140070000,2991183
residential_13312140070000,2991190
residential_13312140070000,2991198
residential_13312140070000,2991218
residential_13312140070000,2991229
residential_13312140070000,2991233
residential_13313040060000,2789875
residential_13321040600000,2863097
residential_13321180120000,2869625
residential_13322040320000,2966786
residential_13322100130000,1761581
residential_13322100400000,2611661
residential_13322150490000,1643768
residential_13322190560000,2921742
residential_13332150220000,1898193
residential_13332250110000,2642502
residential_13332300060000,2953755
residential_13332300070000,2929024
residential_13333130050000,3050879
residential_13333270040000,1846918
residential_13333270040000,1846919
residential_13333270040000,1846920
residential_13333270040000,1846921
residential_13333270040000,1846922
residential_13333270040000,1846923
residential_13333270040000,1846924
residential_13333270040000,1846925
residential_13333270040000,1846926
residential_13333270040000,1846927
residential_13333270040000,1847310
residential_13333270040000,1847901
residential_13333270040000,1861961
residential_13333270040000,1861962
residential_13333270040000,1861963
residential_13333270040000,1873812
residential_13333270080000,1847192
residential_13333270080000,1847300
residential_13333270080000,1861964
residential_13333270080000,1861965
residential_13333270330000,1837036
residential_13333270330000,1837235
residential_13333270330000,1837236
residential_13333270330000,1842866
residential_13333270330000,1842867
residential_13333270330000,1842871
residential_13333270330000,1873916
residential_13333270340000,1837036
residential_13333270340000,1837235
residential_13333270340000,1837236
residential_13333270340000,1842866
residential_13333270340000,1842867
residential_13333270340000,1842871
residential_13333270340000,1873916
residential_13333270350000,1809633
residential_13333270350000,1813418
residential_13333270350000,1813424
residential_13333270350000,1813425
residential_13333270350000,1813426
residential_13333270350000,1813427
residential_13333270350000,1813428
residential_13333270350000,1813527
residential_13333270350000,1813528
residential_13333270350000,1813529
residential_13333270350000,1813530
residential_13333270350000,1813531
residential_13333270350000,1830260
residential_13333270350000,1830261
residential_13333270350000,1837033
residential_13333270350000,1837034
residential_13333270350000,1837035
residential_13333270350000,1842870
residential_13333270350000,1842873
residential_13333270350000,1842874
residential_13333270350000,1847314
residential_13333270350000,1847315
residential_13333270350000,1856452
residential_13333270350000,1856453
residential_13333270350000,1856454
residential_13333270350000,1856455
residential_13333270350000,1856478
residential_13333270350000,1856479
residential_13333270350000,1873917
residential_13333270350000,1873918
residential_13333270370000,1809633
residential_13333270370000,1813418
residential_13333270370000,1813424
residential_13333270370000,1813425
residential_13333270370000,1813426
residential_13333270370000,1813427
residential_13333270370000,1813428
residential_13333270370000,1813527
residential_13333270370000,1813528
residential_13333270370000,1813529
residential_13333270370000,1813530
residential_13333270370000,1813531
residential_13333270370000,1830260
residential_13333270370000,1830261
residential_13333270370000,1837033
residential_13333270370000,1837034
residential_13333270370000,1837035
residential_13333270370000,1842870
residential_13333270370000,1842873
residential_13333270370000,1842874
residential_13333270370000,1847314
residential_13333270370000,1847315
residential_13333270370000,1856452
residential_13333270370000,1856453
residential_13333270370000,1856454
residential_13333270370000,1856455
residential_13333270370000,1856478
residential_13333270370000,1856479
residential_13333270370000,1873917
residential_13333270370000,1873918
residential_13333270400000,1809633
residential_13333270400000,1813418
residential_13333270400000,1813424
residential_13333270400000,1813425
residential_13333270400000,1813426
residential_13333270400000,1813427
residential_13333270400000,1813428
residential_13333270400000,1813527
residential_13333270400000,1813528
residential_13333270400000,1813529
residential_13333270400000,1813530
residential_13333270400000,1813531
residential_13333270400000,1830260
residential_13333270400000,1830261
residential_13333270400000,1837033
residential_13333270400000,1837034
residential_13333270400000,1837035
residential_13333270400000,1842870
residential_13333270400000,1842873
residential_13333270400000,1842874
residential_13333270400000,1847314
residential_13333270400000,1847315
residential_13333270400000,1856452
residential_13333270400000,1856453
residential_13333270400000,1856454
residential_13333270400000,1856455
residential_13333270400000,1856478
residential_13333270400000,1856479
residential_13333270400000,1873917
residential_13333270400000,1873918
residential_13333270420000,1837036
residential_13333270420000,1837235
residential_13333270420000,1837236
residential_13333270420000,1842866
residential_13333270420000,1842867
residential_13333270420000,1842871
residential_13333270420000,1873916
residential_13333270430000,1837036
residential_13333270430000,1837235
residential_13333270430000,1837236
residential_13333270430000,1842866
residential_13333270430000,1842867
residential_13333270430000,1842871
residential_13333270430000,1873916
residential_13333270440000,1837036
residential_13333270440000,1837235
residential_13333270440000,1837236
residential_13333270440000,1842866
residential_13333270440000,1842867
residential_13333270440000,1842871
residential_13333270440000,1873916
residential_13333270530000,1809633
residential_13333270530000,1813418
residential_13333270530000,1813424
residential_13333270530000,1813425
residential_13333270530000,1813426
residential_13333270530000,1813427
residential_13333270530000,1813428
residential_13333270530000,1813527
residential_13333270530000,1813528
residential_13333270530000,1813529
residential_13333270530000,1813530
residential_13333270530000,1813531
residential_13333270530000,1830260
residential_13333270530000,1830261
residential_13333270530000,1837033
residential_13333270530000,1837034
residential_13333270530000,1837035
residential_13333270530000,1842870
residential_13333270530000,1842873
residential_13333270530000,1842874
residential_13333270530000,1847314
residential_13333270530000,1847315
residential_13333270530000,1856452
residential_13333270530000,1856453
residential_13333270530000,1856454
residential_13333270530000,1856455
residential_13333270530000,1856478
residential_13333270530000,1856479
residential_13333270530000,1873917
residential_13333270530000,1873918
residential_13333270540000,1809633
residential_13333270540000,1813418
residential_13333270540000,1813424
residential_13333270540000,1813425
residential_13333270540000,1813426
residential_13333270540000,1813427
residential_13333270540000,1813428
residential_13333270540000,1813527
residential_13333270540000,1813528
residential_13333270540000,1813529
residential_13333270540000,1813530
residential_13333270540000,1813531
residential_13333270540000,1830260
residential_13333270540000,1830261
residential_13333270540000,1837033
residential_13333270540000,1837034
residential_13333270540000,1837035
residential_13333270540000,1842870
residential_13333270540000,1842873
residential_13333270540000,1842874
residential_13333270540000,1847314
residential_13333270540000,1847315
residential_13333270540000,1856452
residential_13333270540000,1856453
residential_13333270540000,1856454
residential_13333270540000,1856455
residential_13333270540000,1856478
residential_13333270540000,1856479
residential_13333270540000,1873917
residential_13333270540000,1873918
residential_13333270550000,1809633
residential_13333270550000,1813418
residential_13333270550000,1813424
residential_13333270550000,1813425
residential_13333270550000,1813426
residential_13333270550000,1813427
residential_13333270550000,1813428
residential_13333270550000,1813527
residential_13333270550000,1813528
residential_13333270550000,1813529
residential_13333270550000,1813530
residential_13333270550000,1813531
residential_13333270550000,1830260
residential_13333270550000,1830261
residential_13333270550000,1837033
residential_13333270550000,1837034
residential_13333270550000,1837035
residential_13333270550000,1842870
residential_13333270550000,1842873
residential_13333270550000,1842874
residential_13333270550000,1847314
residential_13333270550000,1847315
residential_13333270550000,1856452
residential_13333270550000,1856453
residential_13333270550000,1856454
residential_13333270550000,1856455
residential_13333270550000,1856478
residential_13333270550000,1856479
residential_13333270550000,1873917
residential_13333270550000,1873918
residential_13333270560000,1809633
residential_13333270560000,1813418
residential_13333270560000,1813424
residential_13333270560000,1813425
residential_13333270560000,1813426
residential_13333270560000,1813427
residential_13333270560000,1813428
residential_13333270560000,1813527
residential_13333270560000,1813528
residential_13333270560000,1813529
residential_13333270560000,1813530
residential_13333270560000,1813531
residential_13333270560000,1830260
residential_13333270560000,1830261
residential_13333270560000,1837033
residential_13333270560000,1837034
residential_13333270560000,1837035
residential_13333270560000,1842870
residential_13333270560000,1842873
residential_13333270560000,1842874
residential_13333270560000,1847314
residential_13333270560000,1847315
residential_13333270560000,1856452
residential_13333270560000,1856453
residential_13333270560000,1856454
residential_13333270560000,1856455
residential_13333270560000,1856478
residential_13333270560000,1856479
residential_13333270560000,1873917
residential_13333270560000,1873918
residential_13333270580000,1809633
residential_13333270580000,1813418
residential_13333270580000,1813424
residential_13333270580000,1813425
residential_13333270580000,1813426
residential_13333270580000,1813427
residential_13333270580000,1813428
residential_13333270580000,1813527
residential_13333270580000,1813528
residential_13333270580000,1813529
residential_13333270580000,1813530
residential_13333270580000,1813531
residential_13333270580000,1830260
residential_13333270580000,1830261
residential_13333270580000,1837033
residential_13333270580000,1837034
residential_13333270580000,1837035
residential_13333270580000,1842870
residential_13333270580000,1842873
residential_13333270580000,1842874
residential_13333270580000,1847314
residential_13333270580000,1847315
residential_13333270580000,1856452
residential_13333270580000,1856453
residential_13333270580000,1856454
residential_13333270580000,1856455
residential_13333270580000,1856478
residential_13333270580000,1856479
residential_13333270580000,1873917
residential_13333270580000,1873918
residential_13333270600000,1809633
residential_13333270600000,1813418
residential_13333270600000,1813424
residential_13333270600000,1813425
residential_13333270600000,1813426
residential_13333270600000,1813427
residential_13333270600000,1813428
residential_13333270600000,1813527
residential_13333270600000,1813528
residential_13333270600000,1813529
residential_13333270600000,1813530
residential_13333270600000,1813531
residential_13333270600000,1830260
residential_13333270600000,1830261
residential_13333270600000,1837033
residential_13333270600000,1837034
residential_13333270600000,1837035
residential_13333270600000,1842870
residential_13333270600000,1842873
residential_13333270600000,1842874
residential_13333270600000,1847314
residential_13333270600000,1847315
residential_13333270600000,1856452
residential_13333270600000,1856453
residential_13333270600000,1856454
residential_13333270600000,1856455
residential_13333270600000,1856478
residential_13333270600000,1856479
residential_13333270600000,1873917
residential_13333270600000,1873918
residential_13333270610000,1809633
residential_13333270610000,1813418
residential_13333270610000,1813424
residential_13333270610000,1813425
residential_13333270610000,1813426
residential_13333270610000,1813427
residential_13333270610000,1813428
residential_13333270610000,1813527
residential_13333270610000,1813528
residential_13333270610000,1813529
residential_13333270610000,1813530
residential_13333270610000,1813531
residential_13333270610000,1830260
residential_13333270610000,1830261
residential_13333270610000,1837033
residential_13333270610000,1837034
residential_13333270610000,1837035
residential_13333270610000,1842870
residential_13333270610000,1842873
residential_13333270610000,1842874
residential_13333270610000,1847314
residential_13333270610000,1847315
residential_13333270610000,1856452
residential_13333270610000,1856453
residential_13333270610000,1856454
residential_13333270610000,1856455
residential_13333270610000,1856478
residential_13333270610000,1856479
residential_13333270610000,1873917
residential_13333270610000,1873918
residential_13333270620000,1809633
residential_13333270620000,1813418
residential_13333270620000,1813424
residential_13333270620000,1813425
residential_13333270620000,1813426
residential_13333270620000,1813427
residential_13333270620000,1813428
residential_13333270620000,1813527
residential_13333270620000,1813528
residential_13333270620000,1813529
residential_13333270620000,1813530
residential_13333270620000,1813531
residential_13333270620000,1830260
residential_13333270620000,1830261
residential_13333270620000,1837033
residential_13333270620000,1837034
residential_13333270620000,1837035
residential_13333270620000,1842870
residential_13333270620000,1842873
residential_13333270620000,1842874
residential_13333270620000,1847314
residential_13333270620000,1847315
residential_13333270620000,1856452
residential_13333270620000,1856453
residential_13333270620000,1856454
residential_13333270620000,1856455
residential_13333270620000,1856478
residential_13333270620000,1856479
residential_13333270620000,1873917
residential_13333270620000,1873918
residential_13333270650000,1816524
residential_13333270650000,1816552
residential_13333270650000,1821003
residential_13333270650000,1821065
residential_13333270650000,1821066
residential_13333270650000,1856456
residential_13333270650000,1856457
residential_13333270650000,1856458
residential_13333270650000,1856459
residential_13333270650000,1856460
residential_13333270650000,1856480
residential_13333270650000,1856481
residential_13333270660000,1816524
residential_13333270660000,1816552
residential_13333270660000,1821003
residential_13333270660000,1821065
residential_13333270660000,1821066
residential_13333270660000,1856456
residential_13333270660000,1856457
residential_13333270660000,1856458
residential_13333270660000,1856459
residential_13333270660000,1856460
residential_13333270660000,1856480
residential_13333270660000,1856481
residential_13333270670000,1816524
residential_13333270670000,1816552
residential_13333270670000,1821003
residential_13333270670000,1821065
residential_13333270670000,1821066
residential_13333270670000,1856456
residential_13333270670000,1856457
residential_13333270670000,1856458
residential_13333270670000,1856459
residential_13333270670000,1856460
residential_13333270670000,1856480
residential_13333270670000,1856481
residential_13333270680000,1816524
residential_13333270680000,1816552
residential_13333270680000,1821003
residential_13333270680000,1821065
residential_13333270680000,1821066
residential_13333270680000,1856456
residential_13333270680000,1856457
residential_13333270680000,1856458
residential_13333270680000,1856459
residential_13333270680000,1856460
residential_13333270680000,1856480
residential_13333270680000,1856481
residential_13333270690000,1816524
residential_13333270690000,1816552
residential_13333270690000,1821003
residential_13333270690000,1821065
residential_13333270690000,1821066
residential_13333270690000,1856456
residential_13333270690000,1856457
residential_13333270690000,1856458
residential_13333270690000,1856459
residential_13333270690000,1856460
residential_13333270690000,1856480
residential_13333270690000,1856481
residential_13333270700000,1816524
residential_13333270700000,1816552
residential_13333270700000,1821003
residential_13333270700000,1821065
residential_13333270700000,1821066
residential_13333270700000,1856456
residential_13333270700000,1856457
residential_13333270700000,1856458
residential_13333270700000,1856459
residential_13333270700000,1856460
residential_13333270700000,1856480
residential_13333270700000,1856481
residential_13333270710000,1816524
residential_13333270710000,1816552
residential_13333270710000,1821003
residential_13333270710000,1821065
residential_13333270710000,1821066
residential_13333270710000,1856456
residential_13333270710000,1856457
residential_13333270710000,1856458
residential_13333270710000,1856459
residential_13333270710000,1856460
residential_13333270710000,1856480
residential_13333270710000,1856481
residential_13333270720000,1816524
residential_13333270720000,1816552
residential_13333270720000,1821003
residential_13333270720000,1821065
residential_13333270720000,1821066
residential_13333270720000,1856456
residential_13333270720000,1856457
residential_13333270720000,1856458
residential_13333270720000,1856459
residential_13333270720000,1856460
residential_13333270720000,1856480
residential_13333270720000,1856481
residential_13333270730000,1816524
residential_13333270730000,1816552
residential_13333270730000,1821003
residential_13333270730000,1821065
residential_13333270730000,1821066
residential_13333270730000,1856456
residential_13333270730000,1856457
residential_13333270730000,1856458
residential_13333270730000,1856459
residential_13333270730000,1856460
residential_13333270730000,1856480
residential_13333270730000,1856481
residential_13333270740000,1816524
residential_13333270740000,1816552
residential_13333270740000,1821003
residential_13333270740000,1821065
residential_13333270740000,1821066
residential_13333270740000,1856456
residential_13333270740000,1856457
residential_13333270740000,1856458
residential_13333270740000,1856459
residential_13333270740000,1856460
residential_13333270740000,1856480
residential_13333270740000,1856481
residential_13333270750000,1816524
residential_13333270750000,1816552
residential_13333270750000,1821003
residential_13333270750000,1821065
residential_13333270750000,1821066
residential_13333270750000,1856456
residential_13333270750000,1856457
residential_13333270750000,1856458
residential_13333270750000,1856459
residential_13333270750000,1856460
residential_13333270750000,1856480
residential_13333270750000,1856481
residential_13333270760000,1816524
residential_13333270760000,1816552
residential_13333270760000,1821003
residential_13333270760000,1821065
residential_13333270760000,1821066
residential_13333270760000,1856456
residential_13333270760000,1856457
residential_13333270760000,1856458
residential_13333270760000,1856459
residential_13333270760000,1856460
residential_13333270760000,1856480
residential_13333270760000,1856481
residential_13333270770000,1816524
residential_13333270770000,1816552
residential_13333270770000,1821003
residential_13333270770000,1821065
residential_13333270770000,1821066
residential_13333270770000,1856456
residential_13333270770000,1856457
residential_13333270770000,1856458
residential_13333270770000,1856459
residential_13333270770000,1856460
residential_13333270770000,1856480
residential_13333270770000,1856481
residential_13333270780000,1816524
residential_13333270780000,1816552
residential_13333270780000,1821003
residential_13333270780000,1821065
residential_13333270780000,1821066
residential_13333270780000,1856456
residential_13333270780000,1856457
residential_13333270780000,1856458
residential_13333270780000,1856459
residential_13333270780000,1856460
residential_13333270780000,1856480
residential_13333270780000,1856481
residential_13333270790000,1816524
residential_13333270790000,1816552
residential_13333270790000,1821003
residential_13333270790000,1821065
residential_13333270790000,1821066
residential_13333270790000,1856456
residential_13333270790000,1856457
residential_13333270790000,1856458
residential_13333270790000,1856459
residential_13333270790000,1856460
residential_13333270790000,1856480
residential_13333270790000,1856481
residential_13333270800000,1816524
residential_13333270800000,1816552
residential_13333270800000,1821003
residential_13333270800000,1821065
residential_13333270800000,1821066
residential_13333270800000,1856456
residential_13333270800000,1856457
residential_13333270800000,1856458
residential_13333270800000,1856459
residential_13333270800000,1856460
residential_13333270800000,1856480
residential_13333270800000,1856481
residential_13333270810000,1816524
residential_13333270810000,1816552
residential_13333270810000,1821003
residential_13333270810000,1821065
residential_13333270810000,1821066
residential_13333270810000,1856456
residential_13333270810000,1856457
residential_13333270810000,1856458
residential_13333270810000,1856459
residential_13333270810000,1856460
residential_13333270810000,1856480
residential_13333270810000,1856481
residential_13333270820000,1816524
residential_13333270820000,1816552
residential_13333270820000,1821003
residential_13333270820000,1821065
residential_13333270820000,1821066
residential_13333270820000,1856456
residential_13333270820000,1856457
residential_13333270820000,1856458
residential_13333270820000,1856459
residential_13333270820000,1856460
residential_13333270820000,1856480
residential_13333270820000,1856481
residential_13333270830000,1816524
residential_13333270830000,1816552
residential_13333270830000,1821003
residential_13333270830000,1821065
residential_13333270830000,1821066
residential_13333270830000,1856456
residential_13333270830000,1856457
residential_13333270830000,1856458
residential_13333270830000,1856459
residential_13333270830000,1856460
residential_13333270830000,1856480
residential_13333270830000,1856481
residential_13333270840000,1816524
residential_13333270840000,1816552
residential_13333270840000,1821003
residential_13333270840000,1821065
residential_13333270840000,1821066
residential_13333270840000,1856456
residential_13333270840000,1856457
residential_13333270840000,1856458
residential_13333270840000,1856459
residential_13333270840000,1856460
residential_13333270840000,1856480
residential_13333270840000,1856481
residential_13333270860000,1816524
residential_13333270860000,1816552
residential_13333270860000,1821003
residential_13333270860000,1821065
residential_13333270860000,1821066
residential_13333270860000,1856456
residential_13333270860000,1856457
residential_13333270860000,1856458
residential_13333270860000,1856459
residential_13333270860000,1856460
residential_13333270860000,1856480
residential_13333270860000,1856481
residential_13333270870000,1816524
residential_13333270870000,1816552
residential_13333270870000,1821003
residential_13333270870000,1821065
residential_13333270870000,1821066
residential_13333270870000,1856456
residential_13333270870000,1856457
residential_13333270870000,1856458
residential_13333270870000,1856459
residential_13333270870000,1856460
residential_13333270870000,1856480
residential_13333270870000,1856481
residential_13333270880000,1816524
residential_13333270880000,1816552
residential_13333270880000,1821003
residential_13333270880000,1821065
residential_13333270880000,1821066
residential_13333270880000,1856456
residential_13333270880000,1856457
residential_13333270880000,1856458
residential_13333270880000,1856459
residential_13333270880000,1856460
residential_13333270880000,1856480
residential_13333270880000,1856481
residential_13333270890000,1816524
residential_13333270890000,1816552
residential_13333270890000,1821003
residential_13333270890000,1821065
residential_13333270890000,1821066
residential_13333270890000,1856456
residential_13333270890000,1856457
residential_13333270890000,1856458
residential_13333270890000,1856459
residential_13333270890000,1856460
residential_13333270890000,1856480
residential_13333270890000,1856481
residential_13333270900000,1816524
residential_13333270900000,1816552
residential_13333270900000,1821003
residential_13333270900000,1821065
residential_13333270900000,1821066
residential_13333270900000,1856456
residential_13333270900000,1856457
residential_13333270900000,1856458
residential_13333270900000,1856459
residential_13333270900000,1856460
residential_13333270900000,1856480
residential_13333270900000,1856481
residential_13333270910000,1809633
residential_13333270910000,1813418
residential_13333270910000,1813424
residential_13333270910000,1813425
residential_13333270910000,1813426
residential_13333270910000,1813427
residential_13333270910000,1813428
residential_13333270910000,1813527
residential_13333270910000,1813528
residential_13333270910000,1813529
residential_13333270910000,1813530
residential_13333270910000,1813531
residential_13333270910000,1830260
residential_13333270910000,1830261
residential_13333270910000,1837033
residential_13333270910000,1837034
residential_13333270910000,1837035
residential_13333270910000,1842870
residential_13333270910000,1842873
residential_13333270910000,1842874
residential_13333270910000,1847314
residential_13333270910000,1847315
residential_13333270910000,1856452
residential_13333270910000,1856453
residential_13333270910000,1856454
residential_13333270910000,1856455
residential_13333270910000,1856478
residential_13333270910000,1856479
residential_13333270910000,1873917
residential_13333270910000,1873918
residential_13333270920000,2469334
residential_13333270920000,2765960
residential_13333270960000,1809633
residential_13333270960000,1813418
residential_13333270960000,1813424
residential_13333270960000,1813425
residential_13333270960000,1813426
residential_13333270960000,1813427
residential_13333270960000,1813428
residential_13333270960000,1813527
residential_13333270960000,1813528
residential_13333270960000,1813529
residential_13333270960000,1813530
residential_13333270960000,1813531
residential_13333270960000,1830260
residential_13333270960000,1830261
residential_13333270960000,1837033
residential_13333270960000,1837034
residential_13333270960000,1837035
residential_13333270960000,1842870
residential_13333270960000,1842873
residential_13333270960000,1842874
residential_13333270960000,1847314
residential_13333270960000,1847315
residential_13333270960000,1856452
residential_13333270960000,1856453
residential_13333270960000,1856454
residential_13333270960000,1856455
residential_13333270960000,1856478
residential_13333270960000,1856479
residential_13333270960000,1873917
residential_13333270960000,1873918
residential_13333270970000,1816524
residential_13333270970000,1816552
residential_13333270970000,1821003
residential_13333270970000,1821065
residential_13333270970000,1821066
residential_13333270970000,1856456
residential_13333270970000,1856457
residential_13333270970000,1856458
residential_13333270970000,1856459
residential_13333270970000,1856460
residential_13333270970000,1856480
residential_13333270970000,1856481
residential_13333270980000,1816524
residential_13333270980000,1816552
residential_13333270980000,1821003
residential_13333270980000,1821065
residential_13333270980000,1821066
residential_13333270980000,1856456
residential_13333270980000,1856457
residential_13333270980000,1856458
residential_13333270980000,1856459
residential_13333270980000,1856460
residential_13333270980000,1856480
residential_13333270980000,1856481
residential_13333270990000,1816524
residential_13333270990000,1816552
residential_13333270990000,1821003
residential_13333270990000,1821065
residential_13333270990000,1821066
residential_13333270990000,1856456
residential_13333270990000,1856457
residential_13333270990000,1856458
residential_13333270990000,1856459
residential_13333270990000,1856460
residential_13333270990000,1856480
residential_13333270990000,1856481
residential_13333271000000,1816524
residential_13333271000000,1816552
residential_13333271000000,1821003
residential_13333271000000,1821065
residential_13333271000000,1821066
residential_13333271000000,1856456
residential_13333271000000,1856457
residential_13333271000000,1856458
residential_13333271000000,1856459
residential_13333271000000,1856460
residential_13333271000000,1856480
residential_13333271000000,1856481
residential_13333271010000,1816524
residential_13333271010000,1816552
residential_13333271010000,1821003
residential_13333271010000,1821065
residential_13333271010000,1821066
residential_13333271010000,1856456
residential_13333271010000,1856457
residential_13333271010000,1856458
residential_13333271010000,1856459
residential_13333271010000,1856460
residential_13333271010000,1856480
residential_13333271010000,1856481
residential_13333271020000,1816524
residential_13333271020000,1816552
residential_13333271020000,1821003
residential_13333271020000,1821065
residential_13333271020000,1821066
residential_13333271020000,1856456
residential_13333271020000,1856457
residential_13333271020000,1856458
residential_13333271020000,1856459
residential_13333271020000,1856460
residential_13333271020000,1856480
residential_13333271020000,1856481
residential_13333271030000,1816524
residential_13333271030000,1816552
residential_13333271030000,1821003
residential_13333271030000,1821065
residential_13333271030000,1821066
residential_13333271030000,1856456
residential_13333271030000,1856457
residential_13333271030000,1856458
residential_13333271030000,1856459
residential_13333271030000,1856460
residential_13333271030000,1856480
residential_13333271030000,1856481
residential_13333271040000,1816524
residential_13333271040000,1816552
residential_13333271040000,1821003
residential_13333271040000,1821065
residential_13333271040000,1821066
residential_13333271040000,1856456
residential_13333271040000,1856457
residential_13333271040000,1856458
residential_13333271040000,1856459
residential_13333271040000,1856460
residential_13333271040000,1856480
residential_13333271040000,1856481
residential_13333271050000,1816524
residential_13333271050000,1816552
residential_13333271050000,1821003
residential_13333271050000,1821065
residential_13333271050000,1821066
residential_13333271050000,1856456
residential_13333271050000,1856457
residential_13333271050000,1856458
residential_13333271050000,1856459
residential_13333271050000,1856460
residential_13333271050000,1856480
residential_13333271050000,1856481
residential_13333271060000,1809633
residential_13333271060000,1813418
residential_13333271060000,1813424
residential_13333271060000,1813425
residential_13333271060000,1813426
residential_13333271060000,1813427
residential_13333271060000,1813428
residential_13333271060000,1813527
residential_13333271060000,1813528
residential_13333271060000,1813529
residential_13333271060000,1813530
residential_13333271060000,1813531
residential_13333271060000,1830260
residential_13333271060000,1830261
residential_13333271060000,1837033
residential_13333271060000,1837034
residential_13333271060000,1837035
residential_13333271060000,1842870
residential_13333271060000,1842873
residential_13333271060000,1842874
residential_13333271060000,1847314
residential_13333271060000,1847315
residential_13333271060000,1856452
residential_13333271060000,1856453
residential_13333271060000,1856454
residential_13333271060000,1856455
residential_13333271060000,1856478
residential_13333271060000,1856479
residential_13333271060000,1873917
residential_13333271060000,1873918
residential_13333271070000,1809633
residential_13333271070000,1813418
residential_13333271070000,1813424
residential_13333271070000,1813425
residential_13333271070000,1813426
residential_13333271070000,1813427
residential_13333271070000,1813428
residential_13333271070000,1813527
residential_13333271070000,1813528
residential_13333271070000,1813529
residential_13333271070000,1813530
residential_13333271070000,1813531
residential_13333271070000,1830260
residential_13333271070000,1830261
residential_13333271070000,1837033
residential_13333271070000,1837034
residential_13333271070000,1837035
residential_13333271070000,1842870
residential_13333271070000,1842873
residential_13333271070000,1842874
residential_13333271070000,1847314
residential_13333271070000,1847315
residential_13333271070000,1856452
residential_13333271070000,1856453
residential_13333271070000,1856454
residential_13333271070000,1856455
residential_13333271070000,1856478
residential_13333271070000,1856479
residential_13333271070000,1873917
residential_13333271070000,1873918
residential_13333271080000,1809633
residential_13333271080000,1813418
residential_13333271080000,1813424
residential_13333271080000,1813425
residential_13333271080000,1813426
residential_13333271080000,1813427
residential_13333271080000,1813428
residential_13333271080000,1813527
residential_13333271080000,1813528
residential_13333271080000,1813529
residential_13333271080000,1813530
residential_13333271080000,1813531
residential_13333271080000,1830260
residential_13333271080000,1830261
residential_13333271080000,1837033
residential_13333271080000,1837034
residential_13333271080000,1837035
residential_13333271080000,1842870
residential_13333271080000,1842873
residential_13333271080000,1842874
residential_13333271080000,1847314
residential_13333271080000,1847315
residential_13333271080000,1856452
residential_13333271080000,1856453
residential_13333271080000,1856454
residential_13333271080000,1856455
residential_13333271080000,1856478
residential_13333271080000,1856479
residential_13333271080000,1873917
residential_13333271080000,1873918
residential_13333271090000,1809633
residential_13333271090000,1813418
residential_13333271090000,1813424
residential_13333271090000,1813425
residential_13333271090000,1813426
residential_13333271090000,1813427
residential_13333271090000,1813428
residential_13333271090000,1813527
residential_13333271090000,1813528
residential_13333271090000,1813529
residential_13333271090000,1813530
residential_13333271090000,1813531
residential_13333271090000,1830260
residential_13333271090000,1830261
residential_13333271090000,1837033
residential_13333271090000,1837034
residential_13333271090000,1837035
residential_13333271090000,1842870
residential_13333271090000,1842873
residential_13333271090000,1842874
residential_13333271090000,1847314
residential_13333271090000,1847315
residential_13333271090000,1856452
residential_13333271090000,1856453
residential_13333271090000,1856454
residential_13333271090000,1856455
residential_13333271090000,1856478
residential_13333271090000,1856479
residential_13333271090000,1873917
residential_13333271090000,1873918
residential_13333271100000,1809633
residential_13333271100000,1813418
residential_13333271100000,1813424
residential_13333271100000,1813425
residential_13333271100000,1813426
residential_13333271100000,1813427
residential_13333271100000,1813428
residential_13333271100000,1813527
residential_13333271100000,1813528
residential_13333271100000,1813529
residential_13333271100000,1813530
residential_13333271100000,1813531
residential_13333271100000,1830260
residential_13333271100000,1830261
residential_13333271100000,1837033
residential_13333271100000,1837034
residential_13333271100000,1837035
residential_13333271100000,1842870
residential_13333271100000,1842873
residential_13333271100000,1842874
residential_13333271100000,1847314
residential_13333271100000,1847315
residential_13333271100000,1856452
residential_13333271100000,1856453
residential_13333271100000,1856454
residential_13333271100000,1856455
residential_13333271100000,1856478
residential_13333271100000,1856479
residential_13333271100000,1873917
residential_13333271100000,1873918
residential_13333271110000,1809633
residential_13333271110000,1813418
residential_13333271110000,1813424
residential_13333271110000,1813425
residential_13333271110000,1813426
residential_13333271110000,1813427
residential_13333271110000,1813428
residential_13333271110000,1813527
residential_13333271110000,1813528
residential_13333271110000,1813529
residential_13333271110000,1813530
residential_13333271110000,1813531
residential_13333271110000,1830260
residential_13333271110000,1830261
residential_13333271110000,1837033
residential_13333271110000,1837034
residential_13333271110000,1837035
residential_13333271110000,1842870
residential_13333271110000,1842873
residential_13333271110000,1842874
residential_13333271110000,1847314
residential_13333271110000,1847315
residential_13333271110000,1856452
residential_13333271110000,1856453
residential_13333271110000,1856454
residential_13333271110000,1856455
residential_13333271110000,1856478
residential_13333271110000,1856479
residential_13333271110000,1873917
residential_13333271110000,1873918
residential_13333271120000,1809633
residential_13333271120000,1813418
residential_13333271120000,1813424
residential_13333271120000,1813425
residential_13333271120000,1813426
residential_13333271120000,1813427
residential_13333271120000,1813428
residential_13333271120000,1813527
residential_13333271120000,1813528
residential_13333271120000,1813529
residential_13333271120000,1813530
residential_13333271120000,1813531
residential_13333271120000,1830260
residential_13333271120000,1830261
residential_13333271120000,1837033
residential_13333271120000,1837034
residential_13333271120000,1837035
residential_13333271120000,1842870
residential_13333271120000,1842873
residential_13333271120000,1842874
residential_13333271120000,1847314
residential_13333271120000,1847315
residential_13333271120000,1856452
residential_13333271120000,1856453
residential_13333271120000,1856454
residential_13333271120000,1856455
residential_13333271120000,1856478
residential_13333271120000,1856479
residential_13333271120000,1873917
residential_13333271120000,1873918
residential_13333271130000,1809633
residential_13333271130000,1813418
residential_13333271130000,1813424
residential_13333271130000,1813425
residential_13333271130000,1813426
residential_13333271130000,1813427
residential_13333271130000,1813428
residential_13333271130000,1813527
residential_13333271130000,1813528
residential_13333271130000,1813529
residential_13333271130000,1813530
residential_13333271130000,1813531
residential_13333271130000,1830260
residential_13333271130000,1830261
residential_13333271130000,1837033
residential_13333271130000,1837034
residential_13333271130000,1837035
residential_13333271130000,1842870
residential_13333271130000,1842873
residential_13333271130000,1842874
residential_13333271130000,1847314
residential_13333271130000,1847315
residential_13333271130000,1856452
residential_13333271130000,1856453
residential_13333271130000,1856454
residential_13333271130000,1856455
residential_13333271130000,1856478
residential_13333271130000,1856479
residential_13333271130000,1873917
residential_13333271130000,1873918
residential_13333271140000,1809633
residential_13333271140000,1813418
residential_13333271140000,1813424
residential_13333271140000,1813425
residential_13333271140000,1813426
residential_13333271140000,1813427
residential_13333271140000,1813428
residential_13333271140000,1813527
residential_13333271140000,1813528
residential_13333271140000,1813529
residential_13333271140000,1813530
residential_13333271140000,1813531
residential_13333271140000,1830260
residential_13333271140000,1830261
residential_13333271140000,1837033
residential_13333271140000,1837034
residential_13333271140000,1837035
residential_13333271140000,1842870
residential_13333271140000,1842873
residential_13333271140000,1842874
residential_13333271140000,1847314
residential_13333271140000,1847315
residential_13333271140000,1856452
residential_13333271140000,1856453
residential_13333271140000,1856454
residential_13333271140000,1856455
residential_13333271140000,1856478
residential_13333271140000,1856479
residential_13333271140000,1873917
residential_13333271140000,1873918
residential_13333271240000,1809633
residential_13333271240000,1813418
residential_13333271240000,1813424
residential_13333271240000,1813425
residential_13333271240000,1813426
residential_13333271240000,1813427
residential_13333271240000,1813428
residential_13333271240000,1813527
residential_13333271240000,1813528
residential_13333271240000,1813529
residential_13333271240000,1813530
residential_13333271240000,1813531
residential_13333271240000,1830260
residential_13333271240000,1830261
residential_13333271240000,1837033
residential_13333271240000,1837034
residential_13333271240000,1837035
residential_13333271240000,1842870
residential_13333271240000,1842873
residential_13333271240000,1842874
residential_13333271240000,1847314
residential_13333271240000,1847315
residential_13333271240000,1856452
residential_13333271240000,1856453
residential_13333271240000,1856454
residential_13333271240000,1856455
residential_13333271240000,1856478
residential_13333271240000,1856479
residential_13333271240000,1873917
residential_13333271240000,1873918
residential_13333271250000,1809633
residential_13333271250000,1813418
residential_13333271250000,1813424
residential_13333271250000,1813425
residential_13333271250000,1813426
residential_13333271250000,1813427
residential_13333271250000,1813428
residential_13333271250000,1813527
residential_13333271250000,1813528
residential_13333271250000,1813529
residential_13333271250000,1813530
residential_13333271250000,1813531
residential_13333271250000,1830260
residential_13333271250000,1830261
residential_13333271250000,1837033
residential_13333271250000,1837034
residential_13333271250000,1837035
residential_13333271250000,1842870
residential_13333271250000,1842873
residential_13333271250000,1842874
residential_13333271250000,1847314
residential_13333271250000,1847315
residential_13333271250000,1856452
residential_13333271250000,1856453
residential_13333271250000,1856454
residential_13333271250000,1856455
residential_13333271250000,1856478
residential_13333271250000,1856479
residential_13333271250000,1873917
residential_13333271250000,1873918
residential_13333271260000,1809633
residential_13333271260000,1813418
residential_13333271260000,1813424
residential_13333271260000,1813425
residential_13333271260000,1813426
residential_13333271260000,1813427
residential_13333271260000,1813428
residential_13333271260000,1813527
residential_13333271260000,1813528
residential_13333271260000,1813529
residential_13333271260000,1813530
residential_13333271260000,1813531
residential_13333271260000,1830260
residential_13333271260000,1830261
residential_13333271260000,1837033
residential_13333271260000,1837034
residential_13333271260000,1837035
residential_13333271260000,1842870
residential_13333271260000,1842873
residential_13333271260000,1842874
residential_13333271260000,1847314
residential_13333271260000,1847315
residential_13333271260000,1856452
residential_13333271260000,1856453
residential_13333271260000,1856454
residential_13333271260000,1856455
residential_13333271260000,1856478
residential_13333271260000,1856479
residential_13333271260000,1873917
residential_13333271260000,1873918
residential_13333271270000,1809633
residential_13333271270000,1813418
residential_13333271270000,1813424
residential_13333271270000,1813425
residential_13333271270000,1813426
residential_13333271270000,1813427
residential_13333271270000,1813428
residential_13333271270000,1813527
residential_13333271270000,1813528
residential_13333271270000,1813529
residential_13333271270000,1813530
residential_13333271270000,1813531
residential_13333271270000,1830260
residential_13333271270000,1830261
residential_13333271270000,1837033
residential_13333271270000,1837034
residential_13333271270000,1837035
residential_13333271270000,1842870
residential_13333271270000,1842873
residential_13333271270000,1842874
residential_13333271270000,1847314
residential_13333271270000,1847315
residential_13333271270000,1856452
residential_13333271270000,1856453
residential_13333271270000,1856454
residential_13333271270000,1856455
residential_13333271270000,1856478
residential_13333271270000,1856479
residential_13333271270000,1873917
residential_13333271270000,1873918
residential_13333271280000,1809633
residential_13333271280000,1813418
residential_13333271280000,1813424
residential_13333271280000,1813425
residential_13333271280000,1813426
residential_13333271280000,1813427
residential_13333271280000,1813428
residential_13333271280000,1813527
residential_13333271280000,1813528
residential_13333271280000,1813529
residential_13333271280000,1813530
residential_13333271280000,1813531
residential_13333271280000,1830260
residential_13333271280000,1830261
residential_13333271280000,1837033
residential_13333271280000,1837034
residential_13333271280000,1837035
residential_13333271280000,1842870
residential_13333271280000,1842873
residential_13333271280000,1842874
residential_13333271280000,1847314
residential_13333271280000,1847315
residential_13333271280000,1856452
residential_13333271280000,1856453
residential_13333271280000,1856454
residential_13333271280000,1856455
residential_13333271280000,1856478
residential_13333271280000,1856479
residential_13333271280000,1873917
residential_13333271280000,1873918
residential_13333271290000,1809633
residential_13333271290000,1813418
residential_13333271290000,1813424
residential_13333271290000,1813425
residential_13333271290000,1813426
residential_13333271290000,1813427
residential_13333271290000,1813428
residential_13333271290000,1813527
residential_13333271290000,1813528
residential_13333271290000,1813529
residential_13333271290000,1813530
residential_13333271290000,1813531
residential_13333271290000,1830260
residential_13333271290000,1830261
residential_13333271290000,1837033
residential_13333271290000,1837034
residential_13333271290000,1837035
residential_13333271290000,1842870
residential_13333271290000,1842873
residential_13333271290000,1842874
residential_13333271290000,1847314
residential_13333271290000,1847315
residential_13333271290000,1856452
residential_13333271290000,1856453
residential_13333271290000,1856454
residential_13333271290000,1856455
residential_13333271290000,1856478
residential_13333271290000,1856479
residential_13333271290000,1873917
residential_13333271290000,1873918
residential_13333271300000,1809633
residential_13333271300000,1813418
residential_13333271300000,1813424
residential_13333271300000,1813425
residential_13333271300000,1813426
residential_13333271300000,1813427
residential_13333271300000,1813428
residential_13333271300000,1813527
residential_13333271300000,1813528
residential_13333271300000,1813529
residential_13333271300000,1813530
residential_13333271300000,1813531
residential_13333271300000,1830260
residential_13333271300000,1830261
residential_13333271300000,1837033
residential_13333271300000,1837034
residential_13333271300000,1837035
residential_13333271300000,1842870
residential_13333271300000,1842873
residential_13333271300000,1842874
residential_13333271300000,1847314
residential_13333271300000,1847315
residential_13333271300000,1856452
residential_13333271300000,1856453
residential_13333271300000,1856454
residential_13333271300000,1856455
residential_13333271300000,1856478
residential_13333271300000,1856479
residential_13333271300000,1873917
residential_13333271300000,1873918
residential_13333271310000,1809633
residential_13333271310000,1813418
residential_13333271310000,1813424
residential_13333271310000,1813425
residential_13333271310000,1813426
residential_13333271310000,1813427
residential_13333271310000,1813428
residential_13333271310000,1813527
residential_13333271310000,1813528
residential_13333271310000,1813529
residential_13333271310000,1813530
residential_13333271310000,1813531
residential_13333271310000,1830260
residential_13333271310000,1830261
residential_13333271310000,1837033
residential_13333271310000,1837034
residential_13333271310000,1837035
residential_13333271310000,1842870
residential_13333271310000,1842873
residential_13333271310000,1842874
residential_13333271310000,1847314
residential_13333271310000,1847315
residential_13333271310000,1856452
residential_13333271310000,1856453
residential_13333271310000,1856454
residential_13333271310000,1856455
residential_13333271310000,1856478
residential_13333271310000,1856479
residential_13333271310000,1873917
residential_13333271310000,1873918
residential_13333271320000,1809633
residential_13333271320000,1813418
residential_13333271320000,1813424
residential_13333271320000,1813425
residential_13333271320000,1813426
residential_13333271320000,1813427
residential_13333271320000,1813428
residential_13333271320000,1813527
residential_13333271320000,1813528
residential_13333271320000,1813529
residential_13333271320000,1813530
residential_13333271320000,1813531
residential_13333271320000,1830260
residential_13333271320000,1830261
residential_13333271320000,1837033
residential_13333271320000,1837034
residential_13333271320000,1837035
residential_13333271320000,1842870
residential_13333271320000,1842873
residential_13333271320000,1842874
residential_13333271320000,1847314
residential_13333271320000,1847315
residential_13333271320000,1856452
residential_13333271320000,1856453
residential_13333271320000,1856454
residential_13333271320000,1856455
residential_13333271320000,1856478
residential_13333271320000,1856479
residential_13333271320000,1873917
residential_13333271320000,1873918
residential_13333271330000,1809633
residential_13333271330000,1813418
residential_13333271330000,1813424
residential_13333271330000,1813425
residential_13333271330000,1813426
residential_13333271330000,1813427
residential_13333271330000,1813428
residential_13333271330000,1813527
residential_13333271330000,1813528
residential_13333271330000,1813529
residential_13333271330000,1813530
residential_13333271330000,1813531
residential_13333271330000,1830260
residential_13333271330000,1830261
residential_13333271330000,1837033
residential_13333271330000,1837034
residential_13333271330000,1837035
residential_13333271330000,1842870
residential_13333271330000,1842873
residential_13333271330000,1842874
residential_13333271330000,1847314
residential_13333271330000,1847315
residential_13333271330000,1856452
residential_13333271330000,1856453
residential_13333271330000,1856454
residential_13333271330000,1856455
residential_13333271330000,1856478
residential_13333271330000,1856479
residential_13333271330000,1873917
residential_13333271330000,1873918
residential_13333271340000,1809633
residential_13333271340000,1813418
residential_13333271340000,1813424
residential_13333271340000,1813425
residential_13333271340000,1813426
residential_13333271340000,1813427
residential_13333271340000,1813428
residential_13333271340000,1813527
residential_13333271340000,1813528
residential_13333271340000,1813529
residential_13333271340000,1813530
residential_13333271340000,1813531
residential_13333271340000,1830260
residential_13333271340000,1830261
residential_13333271340000,1837033
residential_13333271340000,1837034
residential_13333271340000,1837035
residential_13333271340000,1842870
residential_13333271340000,1842873
residential_13333271340000,1842874
residential_13333271340000,1847314
residential_13333271340000,1847315
residential_13333271340000,1856452
residential_13333271340000,1856453
residential_13333271340000,1856454
residential_13333271340000,1856455
residential_13333271340000,1856478
residential_13333271340000,1856479
residential_13333271340000,1873917
residential_13333271340000,1873918
residential_13333271350000,1809633
residential_13333271350000,1813418
residential_13333271350000,1813424
residential_13333271350000,1813425
residential_13333271350000,1813426
residential_13333271350000,1813427
residential_13333271350000,1813428
residential_13333271350000,1813527
residential_13333271350000,1813528
residential_13333271350000,1813529
residential_13333271350000,1813530
residential_13333271350000,1813531
residential_13333271350000,1830260
residential_13333271350000,1830261
residential_13333271350000,1837033
residential_13333271350000,1837034
residential_13333271350000,1837035
residential_13333271350000,1842870
residential_13333271350000,1842873
residential_13333271350000,1842874
residential_13333271350000,1847314
residential_13333271350000,1847315
residential_13333271350000,1856452
residential_13333271350000,1856453
residential_13333271350000,1856454
residential_13333271350000,1856455
residential_13333271350000,1856478
residential_13333271350000,1856479
residential_13333271350000,1873917
residential_13333271350000,1873918
residential_13333271360000,1809633
residential_13333271360000,1813418
residential_13333271360000,1813424
residential_13333271360000,1813425
residential_13333271360000,1813426
residential_13333271360000,1813427
residential_13333271360000,1813428
residential_13333271360000,1813527
residential_13333271360000,1813528
residential_13333271360000,1813529
residential_13333271360000,1813530
residential_13333271360000,1813531
residential_13333271360000,1830260
residential_13333271360000,1830261
residential_13333271360000,1837033
residential_13333271360000,1837034
residential_13333271360000,1837035
residential_13333271360000,1842870
residential_13333271360000,1842873
residential_13333271360000,1842874
residential_13333271360000,1847314
residential_13333271360000,1847315
residential_13333271360000,1856452
residential_13333271360000,1856453
residential_13333271360000,1856454
residential_13333271360000,1856455
residential_13333271360000,1856478
residential_13333271360000,1856479
residential_13333271360000,1873917
residential_13333271360000,1873918
residential_13333271370000,1809633
residential_13333271370000,1813418
residential_13333271370000,1813424
residential_13333271370000,1813425
residential_13333271370000,1813426
residential_13333271370000,1813427
residential_13333271370000,1813428
residential_13333271370000,1813527
residential_13333271370000,1813528
residential_13333271370000,1813529
residential_13333271370000,1813530
residential_13333271370000,1813531
residential_13333271370000,1830260
residential_13333271370000,1830261
residential_13333271370000,1837033
residential_13333271370000,1837034
residential_13333271370000,1837035
residential_13333271370000,1842870
residential_13333271370000,1842873
residential_13333271370000,1842874
residential_13333271370000,1847314
residential_13333271370000,1847315
residential_13333271370000,1856452
residential_13333271370000,1856453
residential_13333271370000,1856454
residential_13333271370000,1856455
residential_13333271370000,1856478
residential_13333271370000,1856479
residential_13333271370000,1873917
residential_13333271370000,1873918
residential_13333271380000,1809633
residential_13333271380000,1813418
residential_13333271380000,1813424
residential_13333271380000,1813425
residential_13333271380000,1813426
residential_13333271380000,1813427
residential_13333271380000,1813428
residential_13333271380000,1813527
residential_13333271380000,1813528
residential_13333271380000,1813529
residential_13333271380000,1813530
residential_13333271380000,1813531
residential_13333271380000,1830260
residential_13333271380000,1830261
residential_13333271380000,1837033
residential_13333271380000,1837034
residential_13333271380000,1837035
residential_13333271380000,1842870
residential_13333271380000,1842873
residential_13333271380000,1842874
residential_13333271380000,1847314
residential_13333271380000,1847315
residential_13333271380000,1856452
residential_13333271380000,1856453
residential_13333271380000,1856454
residential_13333271380000,1856455
residential_13333271380000,1856478
residential_13333271380000,1856479
residential_13333271380000,1873917
residential_13333271380000,1873918
residential_13333271390000,1809633
residential_13333271390000,1813418
residential_13333271390000,1813424
residential_13333271390000,1813425
residential_13333271390000,1813426
residential_13333271390000,1813427
residential_13333271390000,1813428
residential_13333271390000,1813527
residential_13333271390000,1813528
residential_13333271390000,1813529
residential_13333271390000,1813530
residential_13333271390000,1813531
residential_13333271390000,1830260
residential_13333271390000,1830261
residential_13333271390000,1837033
residential_13333271390000,1837034
residential_13333271390000,1837035
residential_13333271390000,1842870
residential_13333271390000,1842873
residential_13333271390000,1842874
residential_13333271390000,1847314
residential_13333271390000,1847315
residential_13333271390000,1856452
residential_13333271390000,1856453
residential_13333271390000,1856454
residential_13333271390000,1856455
residential_13333271390000,1856478
residential_13333271390000,1856479
residential_13333271390000,1873917
residential_13333271390000,1873918
residential_13333271400000,1809633
residential_13333271400000,1813418
residential_13333271400000,1813424
residential_13333271400000,1813425
residential_13333271400000,1813426
residential_13333271400000,1813427
residential_13333271400000,1813428
residential_13333271400000,1813527
residential_13333271400000,1813528
residential_13333271400000,1813529
residential_13333271400000,1813530
residential_13333271400000,1813531
residential_13333271400000,1830260
residential_13333271400000,1830261
residential_13333271400000,1837033
residential_13333271400000,1837034
residential_13333271400000,1837035
residential_13333271400000,1842870
residential_13333271400000,1842873
residential_13333271400000,1842874
residential_13333271400000,1847314
residential_13333271400000,1847315
residential_13333271400000,1856452
residential_13333271400000,1856453
residential_13333271400000,1856454
residential_13333271400000,1856455
residential_13333271400000,1856478
residential_13333271400000,1856479
residential_13333271400000,1873917
residential_13333271400000,1873918
residential_13333271450000,1846918
residential_13333271450000,1846919
residential_13333271450000,1846920
residential_13333271450000,1846921
residential_13333271450000,1846922
residential_13333271450000,1846923
residential_13333271450000,1846924
residential_13333271450000,1846925
residential_13333271450000,1846926
residential_13333271450000,1846927
residential_13333271450000,1847310
residential_13333271450000,1847901
residential_13333271450000,1861961
residential_13333271450000,1861962
residential_13333271450000,1861963
residential_13333271450000,1873812
residential_13333271460000,1846918
residential_13333271460000,1846919
residential_13333271460000,1846920
residential_13333271460000,1846921
residential_13333271460000,1846922
residential_13333271460000,1846923
residential_13333271460000,1846924
residential_13333271460000,1846925
residential_13333271460000,1846926
residential_13333271460000,1846927
residential_13333271460000,1847310
residential_13333271460000,1847901
residential_13333271460000,1861961
residential_13333271460000,1861962
residential_13333271460000,1861963
residential_13333271460000,1873812
residential_13333271470000,1846918
residential_13333271470000,1846919
residential_13333271470000,1846920
residential_13333271470000,1846921
residential_13333271470000,1846922
residential_13333271470000,1846923
residential_13333271470000,1846924
residential_13333271470000,1846925
residential_13333271470000,1846926
residential_13333271470000,1846927
residential_13333271470000,1847310
residential_13333271470000,1847901
residential_13333271470000,1861961
residential_13333271470000,1861962
residential_13333271470000,1861963
residential_13333271470000,1873812
residential_13333271500000,1809633
residential_13333271500000,1813418
residential_13333271500000,1813424
residential_13333271500000,1813425
residential_13333271500000,1813426
residential_13333271500000,1813427
residential_13333271500000,1813428
residential_13333271500000,1813527
residential_13333271500000,1813528
residential_13333271500000,1813529
residential_13333271500000,1813530
residential_13333271500000,1813531
residential_13333271500000,1830260
residential_13333271500000,1830261
residential_13333271500000,1837033
residential_13333271500000,1837034
residential_13333271500000,1837035
residential_13333271500000,1842870
residential_13333271500000,1842873
residential_13333271500000,1842874
residential_13333271500000,1847314
residential_13333271500000,1847315
residential_13333271500000,1856452
residential_13333271500000,1856453
residential_13333271500000,1856454
residential_13333271500000,1856455
residential_13333271500000,1856478
residential_13333271500000,1856479
residential_13333271500000,1873917
residential_13333271500000,1873918
residential_13333271530000,1846918
residential_13333271530000,1846919
residential_13333271530000,1846920
residential_13333271530000,1846921
residential_13333271530000,1846922
residential_13333271530000,1846923
residential_13333271530000,1846924
residential_13333271530000,1846925
residential_13333271530000,1846926
residential_13333271530000,1846927
residential_13333271530000,1847310
residential_13333271530000,1847901
residential_13333271530000,1861961
residential_13333271530000,1861962
residential_13333271530000,1861963
residential_13333271530000,1873812
residential_13333271550000,1846918
residential_13333271550000,1846919
residential_13333271550000,1846920
residential_13333271550000,1846921
residential_13333271550000,1846922
residential_13333271550000,1846923
residential_13333271550000,1846924
residential_13333271550000,1846925
residential_13333271550000,1846926
residential_13333271550000,1846927
residential_13333271550000,1847310
residential_13333271550000,1847901
residential_13333271550000,1861961
residential_13333271550000,1861962
residential_13333271550000,1861963
residential_13333271550000,1873812
residential_13333271570000,1846918
residential_13333271570000,1846919
residential_13333271570000,1846920
residential_13333271570000,1846921
residential_13333271570000,1846922
residential_13333271570000,1846923
residential_13333271570000,1846924
residential_13333271570000,1846925
residential_13333271570000,1846926
residential_13333271570000,1846927
residential_13333271570000,1847310
residential_13333271570000,1847901
residential_13333271570000,1861961
residential_13333271570000,1861962
residential_13333271570000,1861963
residential_13333271570000,1873812
residential_13333271580000,1846918
residential_13333271580000,1846919
residential_13333271580000,1846920
residential_13333271580000,1846921
residential_13333271580000,1846922
residential_13333271580000,1846923
residential_13333271580000,1846924
residential_13333271580000,1846925
residential_13333271580000,1846926
residential_13333271580000,1846927
residential_13333271580000,1847310
residential_13333271580000,1847901
residential_13333271580000,1861961
residential_13333271580000,1861962
residential_13333271580000,1861963
residential_13333271580000,1873812
residential_13333271590000,1846918
residential_13333271590000,1846919
residential_13333271590000,1846920
residential_13333271590000,1846921
residential_13333271590000,1846922
residential_13333271590000,1846923
residential_13333271590000,1846924
residential_13333271590000,1846925
residential_13333271590000,1846926
residential_13333271590000,1846927
residential_13333271590000,1847310
residential_13333271590000,1847901
residential_13333271590000,1861961
residential_13333271590000,1861962
residential_13333271590000,1861963
residential_13333271590000,1873812
residential_13333271610000,1846918
residential_13333271610000,1846919
residential_13333271610000,1846920
residential_13333271610000,1846921
residential_13333271610000,1846922
residential_13333271610000,1846923
residential_13333271610000,1846924
residential_13333271610000,1846925
residential_13333271610000,1846926
residential_13333271610000,1846927
residential_13333271610000,1847310
residential_13333271610000,1847901
residential_13333271610000,1861961
residential_13333271610000,1861962
residential_13333271610000,1861963
residential_13333271610000,1873812
residential_13334070040000,2769970
residential_13334070390000,1798543
residential_13341020310000,2855851
residential_13341220050000,2936135
residential_13341230420000,2942783
residential_13341290090000,2579273
residential_13342020290000,3114460
residential_13342170290000,3050894
residential_13342190380000,1944318
residential_13342190380000,1951250
residential_13342190380000,2168450
residential_13342280210000,1643755
residential_13342300510000,1721838
residential_13344010350000,1730226
residential_13344060040000,2645249
residential_13344060100000,2658206
residential_13344060420000,2658210
residential_13344070170000,2658208
residential_13344150120000,1631524
residential_13344180300000,2038491
residential_13344180340000,1660362
residential_13344190170000,2924517
residential_13344190170000,3110072
residential_13344190170000,3143008
residential_13344240150000,1869664
residential_13351030220000,2480862
residential_13351050120000,2772851
residential_13351080060000,2848455
residential_13351120100000,2962432
residential_13351120110000,2962430
residential_13351120110000,3114074
residential_13351130350000,2568932
residential_13351160300000,3209640
residential_13351200400000,2488547
residential_13351220110000,2941853
residential_13351220330000,2860152
residential_13351220330000,2993343
residential_13351240180000,2709668
residential_13351240190000,2649673
residential_13351240230000,2801892
residential_13351250010000,2561760
residential_13352010190000,2641878
residential_13352040060000,2048522
residential_13352040270000,3055592
residential_13352070080000,3168776
residential_13352120090000,3216919
residential_13352120130000,2653770
residential_13352120140000,2798287
residential_13352120160000,2591356
residential_13352200220000,2712522
residential_13352220010000,3100536
residential_13352230190000,2592844
residential_13352270010000,3131079
residential_13352290090000,2718614
residential_13352290100000,2967389
residential_13352290170000,2952991
residential_13352300060000,3044103
residential_13352310090000,2669562
residential_13352310280000,2586469
residential_13352310280000,2586472
residential_13352310290000,2586469
residential_13352310290000,2586472
residential_13352320270000,3080390
residential_13352320270000,3080617
residential_13352320270000,3080850
residential_13352320270000,3085749
residential_13352320280000,3080390
residential_13352320280000,3080617
residential_13352320280000,3080850
residential_13352320280000,3085749
residential_13352320290000,3085749
residential_13352320300000,3080617
residential_13352350180000,3168939
residential_13353000360000,3020666
residential_13353010160000,1655850
residential_13353010380000,2554470
residential_13353010380000,2554475
residential_13353010430000,2546050
residential_13353010430000,2554363
residential_13353010430000,2554376
residential_13353010430000,2554405
residential_13353010430000,2554447
residential_13353010430000,2554458
residential_13353010440000,2546050
residential_13353010440000,2554363
residential_13353010440000,2554376
residential_13353010440000,2554405
residential_13353010440000,2554447
residential_13353010440000,2554458
residential_13353010450000,2546050
residential_13353010450000,2554363
residential_13353010450000,2554376
residential_13353010450000,2554405
residential_13353010450000,2554447
residential_13353010450000,2554458
residential_13353030180000,2769664
residential_13353030230000,2925530
residential_13353030250000,2925529
residential_13353040190000,2895903
residential_13353040370000,1617997
residential_13353050130000,3168649
residential_13353050150000,2568064
residential_13353050160000,2782351
residential_13353060120000,2506689
residential_13353060150000,2389403
residential_13353080260000,3135011
residential_13353130050000,3131850
residential_13353130220000,3090390
residential_13353150340000,3108065
residential_13353150370000,3083230
residential_13353160150000,3134749
residential_13353200330000,2946603
residential_13353210490000,2636497
residential_13353250510000,3020651
residential_13353250520000,3020639
residential_13353260120000,2919039
residential_13353270280000,3004390
residential_13354000140000,2863373
residential_13354000150000,2829924
residential_13354000270000,2482705
residential_13354000280000,2671635
residential_13354000480000,2860120
residential_13354010090000,2234806
residential_13354010160000,2798224
residential_13354010250000,2778968
residential_13354010330000,2594105
residential_13354020370000,1849672
residential_13354040310000,3136400
residential_13354050090000,2340138
residential_13354060110000,2644403
residential_13354060310000,1922331
residential_13354060380000,2798669
residential_13354070020000,3138971
residential_13354070030000,3081380
residential_13354080110000,2497604
residential_13354080120000,2500715
residential_13354090200000,2798276
residential_13354090240000,1838423
residential_13354100270000,2798257
residential_13354100350000,2798239
residential_13354110360000,2472555
residential_13354120160000,2551964
residential_13354130020000,2798211
residential_13354130470000,2439851
residential_13354150310000,2979964
residential_13354160130000,2739239
residential_13354160210000,2012258
residential_13354160340000,2712146
residential_13354160480000,1922483
residential_13354170420000,2683422
residential_13354170430000,2603826
residential_13354180100000,3166215
residential_13354180420000,2524895
residential_13354180430000,2524895
residential_13354180460000,2524895
residential_13354180470000,2524895
residential_13354180480000,2524895
residential_13354200090000,2660960
residential_13354200490000,3056732
residential_13354210210000,3135009
residential_13354210260000,3166921
residential_13354210480000,2695810
residential_13354220130000,2591408
residential_13354220470000,3124489
residential_13361010200000,3270610
residential_13361010230000,2909844
residential_13361040080000,3149812
residential_13361040270000,1645967
residential_13361040280000,1645967
residential_13361050030000,2292734
residential_13361060090000,2292732
residential_13361060180000,2478832
residential_13361060350000,2875762
residential_13361060390000,3092361
residential_13361070260000,2564384
residential_13361070450000,2367656
residential_13361070560000,2473741
residential_13361070800000,2342678
residential_13361070800000,2387725
residential_13361080030000,2236505
residential_13361080120000,2859166
residential_13361080140000,2379478
residential_13361080280000,2766000
residential_13361080380000,2845548
residential_13361090070000,2650295
residential_13361090110000,1923416
residential_13361090460000,2344642
residential_13361150210000,3166649
residential_13361150300000,2707901
residential_13361150680000,3149579
residential_13361150680000,3149581
residential_13361150680000,3149583
residential_13361150680000,3162991
residential_13361150680000,3163000
residential_13361160050000,2439860
residential_13361160170000,2247768
residential_13361160190000,2554872
residential_13361160620000,2570541
residential_13361190350000,2361299
residential_13361190360000,2361299
residential_13361190370000,2361299
residential_13361210060000,2486635
residential_13361210190000,3159818
residential_13362020020000,2906938
residential_13362020140000,2736927
residential_13362020340000,2432362
residential_13362020560000,2330321
residential_13362020590000,3089025
residential_13362020590000,3136271
residential_13362020620000,1822036
residential_13362030100000,1702266
residential_13362030290000,2583535
residential_13362030400000,2764317
residential_13362030410000,2495059
residential_13362030450000,3255589
residential_13362040040000,2514164
residential_13362040220000,2212225
residential_13362040370000,1809732
residential_13362040380000,2242677
residential_13362050260000,2946113
residential_13362050260000,2946453
residential_13362050270000,2946113
residential_13362050270000,2946453
residential_13362060060000,2951374
residential_13362060120000,2820357
residential_13362070060000,2582484
residential_13362070060000,2582485
residential_13362070060000,2582486
residential_13362070060000,2582487
residential_13362070060000,2582488
residential_13362070060000,2582850
residential_13362070060000,2582857
residential_13362070060000,2582898
residential_13362070060000,2582899
residential_13362070060000,2582900
residential_13362070060000,2582904
residential_13362070060000,2582905
residential_13362070060000,2582906
residential_13362070060000,2582907
residential_13362070070000,2582900
residential_13362070080000,2582850
residential_13362070090000,2582906
residential_13362070100000,2582899
residential_13362070110000,2582488
residential_13362070130000,2582857
residential_13362070140000,2582484
residential_13362070180000,2556741
residential_13362070200000,2563590
residential_13362070210000,2582485
residential_13362070290000,2582487
residential_13362070290000,2582898
residential_13362070290000,2582904
residential_13362070290000,2582905
residential_13362070300000,2582487
residential_13362070300000,2582898
residential_13362070300000,2582904
residential_13362070300000,2582905
residential_13362070310000,2582487
residential_13362070310000,2582898
residential_13362070310000,2582904
residential_13362070310000,2582905
residential_13362070320000,2582487
residential_13362070320000,2582898
residential_13362070320000,2582904
residential_13362070320000,2582905
residential_13362080130000,2840060
residential_13362080140000,2840052
residential_13362080150000,2840045
residential_13362080160000,2840030
residential_13362090020000,2775758
residential_13362090140000,2406364
residential_13362100110000,2515550
residential_13362110040000,3110130
residential_13362120110000,2698628
residential_13362120120000,3208455
residential_13362120190000,2829442
residential_13362130100000,3174441
residential_13362130110000,3163020
residential_13362130280000,2917159
residential_13362130290000,2332321
residential_13362150130000,2538796
residential_13362150180000,2698626
residential_13362160100000,2954972
residential_13362160160000,2897145
residential_13362160340000,2666254
residential_13362160350000,2666262
residential_13362180110000,2492431
residential_13362190280000,1720697
residential_13362190280000,1720708
residential_13362190400000,2578179
residential_13362190440000,2405411
residential_13362190450000,2340612
residential_13362200130000,2503699
residential_13362210390000,2497729
residential_13362210780000,2821956
residential_13362210800000,2821956
residential_13362210800000,2821959
residential_13362230180000,3011621
residential_13362230220000,2813393
residential_13362240190000,1680496
residential_13362240320000,1833718
residential_13362240390000,2637054
residential_13362270380000,1948829
residential_13362270560000,2321971
residential_13362270560000,2342249
residential_13362270680000,2492992
residential_13362270730000,2756168
residential_13362270740000,2756183
residential_13362280180000,2563222
residential_13362280200000,2288691
residential_13362280210000,2288691
residential_13362280210000,2288694
residential_13362280340000,2280505
residential_13362300470000,2561597
residential_13362300630000,2548448
residential_13362300820000,3114564
residential_13362310090000,2914754
residential_13362330050000,2754052
residential_13362330090000,2333454
residential_13362330090000,2348421
residential_13362330130000,2540467
residential_13362330140000,2822297
residential_13362330170000,2357867
residential_13362330170000,2365548
residential_13362330230000,2835487
residential_13362330240000,2835487
residential_13362330240000,2940544
residential_13362330350000,2882727
residential_13363000190000,2898935
residential_13363000200000,2898934
residential_13363000240000,2481893
residential_13363010220000,2741637
residential_13363010240000,2612471
residential_13363020190000,2426386
residential_13363030110000,2961463
residential_13363030140000,2813061
residential_13363050170000,2405332
residential_13363050290000,2501968
residential_13363060110000,2319444
residential_13363060240000,2798522
residential_13363060420000,2510007
residential_13363070120000,2593360
residential_13363070190000,2564005
residential_13363080230000,2482338
residential_13363080230000,2580268
residential_13363100010000,2419276
residential_13363100010000,2419277
residential_13363100020000,2419276
residential_13363100140000,2821502
residential_13363140340000,2330334
residential_13363140340000,2330337
residential_13363140350000,2330334
residential_13363140360000,2330327
residential_13363140380000,2838991
residential_13363140380000,3055588
residential_13363140390000,2716872
residential_13363140430000,1642157
residential_13363150180000,2565042
residential_13363150190000,2565028
residential_13363150530000,2482911
residential_13363150530000,2543495
residential_13363160080000,2331211
residential_13363160300000,2888884
residential_13363160390000,1937208
residential_13363160390000,2441252
residential_13363170050000,2289647
residential_13363170060000,2289647
residential_13363170060000,2436315
residential_13363170070000,2632311
residential_13363170100000,2846504
residential_13363170270000,2495184
residential_13363170280000,2377612
residential_13363170280000,2495184
residential_13363170330000,2377610
residential_13363170370000,2775479
residential_13363170380000,2377613
residential_13363170400000,2856954
residential_13363170400000,2872711
residential_13363180020000,2455940
residential_13363180060000,2917575
residential_13363180070000,2352170
residential_13363180260000,2497882
residential_13363180340000,2378982
residential_13363180470000,2384951
residential_13363180480000,2384951
residential_13363190010000,2476289
residential_13363190060000,2331213
residential_13363190070000,2123482
residential_13363190170000,3169345
residential_13363190170000,3189522
residential_13363190200000,2455949
residential_13363200170000,3160768
residential_13363200180000,2372943
residential_13363200190000,2357479
residential_13363200190000,2372943
residential_13363200240000,2579532
residential_13363200360000,1658532
residential_13363200370000,1658532
residential_13363210070000,2425329
residential_13363210120000,2358082
residential_13363210190000,2656034
residential_13363220140000,2488812
residential_13363220250000,2455276
residential_13363220260000,2455276
residential_13363220260000,2584803
residential_13363220270000,2354989
residential_13363220270000,2584803
residential_13363220320000,2449060
residential_13363230030000,3015375
residential_13363230070000,2698576
residential_13363230160000,2488845
residential_13363230290000,2577364
residential_13363240120000,3121118
residential_13363250020000,2457502
residential_13363250050000,2760281
residential_13363250180000,2888766
residential_13363260010000,1833221
residential_13363260040000,2273338
residential_13363260110000,2526992
residential_13363260240000,3023354
residential_13363260270000,2670192
residential_13363260420000,2849860
residential_13363260420000,2903332
residential_13363270080000,2426196
residential_13363270110000,2444785
residential_13363270230000,2486540
residential_13363270230000,2486718
residential_13363280280000,2361381
residential_13363280390000,2570628
residential_13363280390000,2570640
residential_13363280390000,2570641
residential_13363280400000,2570628
residential_13363280400000,2570640
residential_13363280400000,2570641
residential_13363280430000,2551097
residential_13363280430000,2551101
residential_13363280440000,2551097
residential_13363280440000,2551101
residential_13363290150000,3112652
residential_13363300280000,2347343
residential_13363300290000,2347053
residential_13363300290000,2347343
residential_13363300510000,2906148
residential_13363300520000,2906148
residential_13363310100000,3134558
residential_13363310130000,2488054
residential_13363310180000,1649524
residential_13364020270000,1789719
residential_13364020360000,2206330
residential_13364060330000,1716499
residential_13364060420000,2171272
residential_13364070010000,2506304
residential_13364070020000,2527705
residential_13364070030000,2563516
residential_13364070180000,2772811
residential_13364070230000,1673960
residential_13364070250000,2138229
residential_13364070270000,1726620
residential_13364070300000,1798547
residential_13364070460000,2748211
residential_13364070460000,2748219
residential_13364070460000,2748224
residential_13364070460000,2748227
residential_13364070460000,2748233
residential_13364070460000,2748237
residential_13364070460000,2748243
residential_13364070460000,2748250
residential_13364070470000,2748211
residential_13364070470000,2748219
residential_13364070470000,2748224
residential_13364070470000,2748227
residential_13364070470000,2748233
residential_13364070470000,2748237
residential_13364070470000,2748243
residential_13364070470000,2748250
residential_13364070480000,2748211
residential_13364070480000,2748219
residential_13364070480000,2748224
residential_13364070480000,2748227
residential_13364070480000,2748233
residential_13364070480000,2748237
residential_13364070480000,2748243
residential_13364070480000,2748250
residential_13364070490000,2748211
residential_13364070490000,2748219
residential_13364070490000,2748224
residential_13364070490000,2748227
residential_13364070490000,2748233
residential_13364070490000,2748237
residential_13364070490000,2748243
residential_13364070490000,2748250
residential_13364070500000,2748211
residential_13364070500000,2748219
residential_13364070500000,2748224
residential_13364070500000,2748227
residential_13364070500000,2748233
residential_13364070500000,2748237
residential_13364070500000,2748243
residential_13364070500000,2748250
residential_13364070510000,2748211
residential_13364070510000,2748219
residential_13364070510000,2748224
residential_13364070510000,2748227
residential_13364070510000,2748233
residential_13364070510000,2748237
residential_13364070510000,2748243
residential_13364070510000,2748250
residential_13364070520000,2748211
residential_13364070520000,2748219
residential_13364070520000,2748224
residential_13364070520000,2748227
residential_13364070520000,2748233
residential_13364070520000,2748237
residential_13364070520000,2748243
residential_13364070520000,2748250
residential_13364070530000,2748211
residential_13364070530000,2748219
residential_13364070530000,2748224
residential_13364070530000,2748227
residential_13364070530000,2748233
residential_13364070530000,2748237
residential_13364070530000,2748243
residential_13364070530000,2748250
residential_13364070540000,2748211
residential_13364070540000,2748219
residential_13364070540000,2748224
residential_13364070540000,2748227
residential_13364070540000,2748233
residential_13364070540000,2748237
residential_13364070540000,2748243
residential_13364070540000,2748250
residential_13364070600000,2748211
residential_13364070600000,2748219
residential_13364070600000,2748224
residential_13364070600000,2748227
residential_13364070600000,2748233
residential_13364070600000,2748237
residential_13364070600000,2748243
residential_13364070600000,2748250
residential_13364070610000,2748211
residential_13364070610000,2748219
residential_13364070610000,2748224
residential_13364070610000,2748227
residential_13364070610000,2748233
residential_13364070610000,2748237
residential_13364070610000,2748243
residential_13364070610000,2748250
residential_13364070620000,2748211
residential_13364070620000,2748219
residential_13364070620000,2748224
residential_13364070620000,2748227
residential_13364070620000,2748233
residential_13364070620000,2748237
residential_13364070620000,2748243
residential_13364070620000,2748250
residential_13364070630000,2748211
residential_13364070630000,2748219
residential_13364070630000,2748224
residential_13364070630000,2748227
residential_13364070630000,2748233
residential_13364070630000,2748237
residential_13364070630000,2748243
residential_13364070630000,2748250
residential_13364070640000,2748211
residential_13364070640000,2748219
residential_13364070640000,2748224
residential_13364070640000,2748227
residential_13364070640000,2748233
residential_13364070640000,2748237
residential_13364070640000,2748243
residential_13364070640000,2748250
residential_13364070650000,2748211
residential_13364070650000,2748219
residential_13364070650000,2748224
residential_13364070650000,2748227
residential_13364070650000,2748233
residential_13364070650000,2748237
residential_13364070650000,2748243
residential_13364070650000,2748250
residential_13364070660000,2748211
residential_13364070660000,2748219
residential_13364070660000,2748224
residential_13364070660000,2748227
residential_13364070660000,2748233
residential_13364070660000,2748237
residential_13364070660000,2748243
residential_13364070660000,2748250
residential_13364070670000,2748211
residential_13364070670000,2748219
residential_13364070670000,2748224
residential_13364070670000,2748227
residential_13364070670000,2748233
residential_13364070670000,2748237
residential_13364070670000,2748243
residential_13364070670000,2748250
residential_13364070680000,2748211
residential_13364070680000,2748219
residential_13364070680000,2748224
residential_13364070680000,2748227
residential_13364070680000,2748233
residential_13364070680000,2748237
residential_13364070680000,2748243
residential_13364070680000,2748250
residential_13364070690000,2748211
residential_13364070690000,2748219
residential_13364070690000,2748224
residential_13364070690000,2748227
residential_13364070690000,2748233
residential_13364070690000,2748237
residential_13364070690000,2748243
residential_13364070690000,2748250
residential_13364070700000,2748211
residential_13364070700000,2748219
residential_13364070700000,2748224
residential_13364070700000,2748227
residential_13364070700000,2748233
residential_13364070700000,2748237
residential_13364070700000,2748243
residential_13364070700000,2748250
residential_13364070780000,2748211
residential_13364070780000,2748219
residential_13364070780000,2748224
residential_13364070780000,2748227
residential_13364070780000,2748233
residential_13364070780000,2748237
residential_13364070780000,2748243
residential_13364070780000,2748250
residential_13364070790000,2748211
residential_13364070790000,2748219
residential_13364070790000,2748224
residential_13364070790000,2748227
residential_13364070790000,2748233
residential_13364070790000,2748237
residential_13364070790000,2748243
residential_13364070790000,2748250
residential_13364070800000,2748211
residential_13364070800000,2748219
residential_13364070800000,2748224
residential_13364070800000,2748227
residential_13364070800000,2748233
residential_13364070800000,2748237
residential_13364070800000,2748243
residential_13364070800000,2748250
residential_13364070810000,2748211
residential_13364070810000,2748219
residential_13364070810000,2748224
residential_13364070810000,2748227
residential_13364070810000,2748233
residential_13364070810000,2748237
residential_13364070810000,2748243
residential_13364070810000,2748250
residential_13364070820000,2748211
residential_13364070820000,2748219
residential_13364070820000,2748224
residential_13364070820000,2748227
residential_13364070820000,2748233
residential_13364070820000,2748237
residential_13364070820000,2748243
residential_13364070820000,2748250
residential_13364070880000,2748211
residential_13364070880000,2748219
residential_13364070880000,2748224
residential_13364070880000,2748227
residential_13364070880000,2748233
residential_13364070880000,2748237
residential_13364070880000,2748243
residential_13364070880000,2748250
residential_13364070890000,2748211
residential_13364070890000,2748219
residential_13364070890000,2748224
residential_13364070890000,2748227
residential_13364070890000,2748233
residential_13364070890000,2748237
residential_13364070890000,2748243
residential_13364070890000,2748250
residential_13364070900000,2748211
residential_13364070900000,2748219
residential_13364070900000,2748224
residential_13364070900000,2748227
residential_13364070900000,2748233
residential_13364070900000,2748237
residential_13364070900000,2748243
residential_13364070900000,2748250
residential_13364070910000,2748211
residential_13364070910000,2748219
residential_13364070910000,2748224
residential_13364070910000,2748227
residential_13364070910000,2748233
residential_13364070910000,2748237
residential_13364070910000,2748243
residential_13364070910000,2748250
residential_13364070920000,2748211
residential_13364070920000,2748219
residential_13364070920000,2748224
residential_13364070920000,2748227
residential_13364070920000,2748233
residential_13364070920000,2748237
residential_13364070920000,2748243
residential_13364070920000,2748250
residential_13364080290000,2966205
residential_13364080300000,2736874
residential_13364080300000,2966202
residential_13364080310000,2685857
residential_13364080500000,2274960
residential_13364090130000,1846544
residential_13364090140000,1846530
residential_13364090260000,2357910
residential_13364090300000,1781869
residential_13364090370000,3070868
residential_13364090380000,2078828
residential_13364090390000,2998130
residential_13364090450000,1644707
residential_13364090450000,1644715
residential_13364090460000,1644707
residential_13364090460000,1644715
residential_13364100110000,2508219
residential_13364110100000,2399489
residential_13364110240000,1799553
residential_13364110350000,2379495
residential_13364120110000,2757729
residential_13364130010000,1782113
residential_13364130010000,1798569
residential_13364130300000,2208957
residential_13364130300000,2234229
residential_13364130360000,2904395
residential_13364130370000,2726799
residential_13364130400000,2898012
residential_13364130400000,2957710
residential_13364130520000,3167426
residential_13364140050000,1668473
residential_13364140150000,2476802
residential_13364140540000,2863637
residential_13364140540000,2863640
residential_13364140540000,2863647
residential_13364140550000,2863637
residential_13364140550000,2863647
residential_13364160030000,1995343
residential_13364160060000,3017725
residential_13364160090000,2495685
residential_13364160190000,2750631
residential_13364160230000,1640133
residential_13364180060000,2462497
residential_13364180190000,2538072
residential_13364180320000,3154003
residential_13364190140000,2492024
residential_13364190160000,1959481
residential_13364190160000,2397152
residential_13364190210000,2860774
residential_13364190370000,3154992
residential_13364200080000,2446148
residential_13364200210000,2298323
residential_13364200260000,2205593
residential_13364200270000,2205570
residential_13364200270000,2205593
residential_13364200290000,1813164
residential_13364200290000,1813165
residential_13364200340000,2138236
residential_13364200460000,3140356
residential_13364200480000,2158949
residential_13364210040000,3178580
residential_13364210100000,2497697
residential_13364210110000,2497664
residential_13364210120000,2497647
residential_13364210120000,2497664
residential_13364220050000,2807835
residential_13364220200000,2686366
residential_13364220250000,2591691
residential_13364220290000,2446654
residential_13364220310000,2859177
residential_13364220390000,2138224
residential_13364220480000,2784623
residential_13364230150000,2724809
residential_13364230160000,2724786
residential_13364230160000,2724809
residential_13364230210000,2752423
residential_13364230240000,2574719
residential_13364230250000,2574719
residential_13364230250000,2574786
residential_13364230260000,2574786
residential_13364230260000,2741078
residential_13364230300000,2468445
residential_13364230320000,1721830
residential_13364230330000,1762552
residential_13364240080000,1649813
residential_13364240090000,2192485
residential_13364240130000,2942220
residential_13364260180000,2484327
residential_13364260230000,2477430
residential_13364270210000,2375488
residential_13364270280000,2379494
residential_13364270440000,2326243
residential_13364280060000,1691109
residential_13364290130000,2383689
residential_13364300020000,2348348
residential_13364300030000,2348338
residential_13364300120000,2367654
residential_13364300130000,2367654
residential_13364300130000,2682594
residential_13364300190000,1729855
residential_13364310030000,2822047
residential_13364310070000,2683418
residential_13364310090000,1850571
residential_13364310130000,2764061
residential_13364310210000,1707448
residential_13364310330000,1994377
residential_13364320110000,2397672
residential_13364320120000,2397648
residential_13364320120000,2397672
residential_13364320250000,2745923
residential_13364320270000,2717408
residential_13364320280000,2821253
residential_14051020230000,2823764
residential_14051020230000,2829053
residential_14051170040000,3125322
residential_14053100250000,2979330
residential_14053110370000,2745216
residential_14053120200000,1724318
residential_14053160100000,2973115
residential_14053170080000,2605317
residential_14062030210000,3151370
residential_14062030210000,3151645
residential_14062030220000,3151370
residential_14062030220000,3151645
residential_14062150460000,2939484
residential_14062190090000,2494661
residential_14064010640000,2912118
residential_14064010670000,2756976
residential_14064010670000,2757007
residential_14064060280000,1860607
residential_14064070070000,3183406
residential_14064070300000,2479653
residential_14064080550000,1840270
residential_14064080560000,1840270
residential_14064090740000,2612087
residential_14064090740000,2612091
residential_14064090740000,2612099
residential_14064090740000,2651175
residential_14064090740000,2651188
residential_14064090740000,2651198
residential_14064090740000,2651202
residential_14064090740000,2651203
residential_14064090740000,2651204
residential_14064090740000,2672654
residential_14064090750000,2612087
residential_14064090750000,2612091
residential_14064090750000,2612099
residential_14064090750000,2651175
residential_14064090750000,2651188
residential_14064090750000,2651198
residential_14064090750000,2651202
residential_14064090750000,2651203
residential_14064090750000,2651204
residential_14064090750000,2672654
residential_14064090760000,2612087
residential_14064090770000,2612087
residential_14064090770000,2612091
residential_14064090770000,2612099
residential_14064090770000,2651175
residential_14064090770000,2651188
residential_14064090770000,2651198
residential_14064090770000,2651202
residential_14064090770000,2651203
residential_14064090770000,2651204
residential_14064090770000,2672654
residential_14064090780000,2612087
residential_14064090780000,2612091
residential_14064090780000,2612099
residential_14064090780000,2651175
residential_14064090780000,2651188
residential_14064090780000,2651198
residential_14064090780000,2651202
residential_14064090780000,2651203
residential_14064090780000,2651204
residential_14064090780000,2672654
residential_14064090790000,2612087
residential_14064090790000,2612091
residential_14064090790000,2612099
residential_14064090790000,2651175
residential_14064090790000,2651188
residential_14064090790000,2651198
residential_14064090790000,2651202
residential_14064090790000,2651203
residential_14064090790000,2651204
residential_14064090790000,2672654
residential_14064090800000,2612087
residential_14064090800000,2612091
residential_14064090800000,2612099
residential_14064090800000,2651175
residential_14064090800000,2651188
residential_14064090800000,2651198
residential_14064090800000,2651202
residential_14064090800000,2651203
residential_14064090800000,2651204
residential_14064090800000,2672654
residential_14064090810000,2612087
residential_14064090810000,2612091
residential_14064090810000,2612099
residential_14064090810000,2651175
residential_14064090810000,2651188
residential_14064090810000,2651198
residential_14064090810000,2651202
residential_14064090810000,2651203
residential_14064090810000,2651204
residential_14064090810000,2672654
residential_14064090820000,2612087
residential_14064090820000,2612091
residential_14064090820000,2612099
residential_14064090820000,2651175
residential_14064090820000,2651188
residential_14064090820000,2651198
residential_14064090820000,2651202
residential_14064090820000,2651203
residential_14064090820000,2651204
residential_14064090820000,2672654
residential_14064090830000,2612087
residential_14064090830000,2612091
residential_14064090830000,2612099
residential_14064090830000,2651175
residential_14064090830000,2651188
residential_14064090830000,2651198
residential_14064090830000,2651202
residential_14064090830000,2651203
residential_14064090830000,2651204
residential_14064090830000,2672654
residential_14064090840000,2612087
residential_14064090840000,2612091
residential_14064090840000,2612099
residential_14064090840000,2651175
residential_14064090840000,2651188
residential_14064090840000,2651198
residential_14064090840000,2651202
residential_14064090840000,2651203
residential_14064090840000,2651204
residential_14064090840000,2672654
residential_14064090850000,2910900
residential_14064090860000,2910830
residential_14064090870000,3033540
residential_14064090880000,2997517
residential_14064100110000,2681168
residential_14064100180000,2969279
residential_14064100290000,2661732
residential_14064110040000,1796827
residential_14064120410000,2839828
residential_14071060160000,2366557
residential_14071060160000,2383038
residential_14071080430000,2763251
residential_14071080440000,2763251
residential_14071130110000,1666828
residential_14071130380000,2702243
residential_14071150130000,2554328
residential_14071150140000,2511306
residential_14071150160000,2462819
residential_14071150500000,2421346
residential_14071170010000,2585212
residential_14072020360000,3127616
residential_14072050140000,2446370
residential_14072120220000,2632523
residential_14072120230000,2632523
residential_14072130210000,1628299
residential_14072130210000,1672322
residential_14072130230000,2684996
residential_14072130380000,2887490
residential_14072130390000,2887488
residential_14072170190000,2138767
residential_14072170190000,2367652
residential_14072210160000,2883360
residential_14072220020000,2363870
residential_14072220130000,2492511
residential_14072220130000,2506482
residential_14072220140000,2492511
residential_14072220180000,2577151
residential_14072230330000,2824486
residential_14072230340000,2824486
residential_14072250060000,2793381
residential_14072270150000,2249850
residential_14072290130000,2954493
residential_14073000150000,2576008
residential_14073040070000,1677719
residential_14073040110000,3094140
residential_14073040420000,3171024
residential_14073050240000,2711150
residential_14073080030000,2373861
residential_14073110020000,3014966
residential_14073110120000,2602158
residential_14073110260000,3199385
residential_14073110260000,3209403
residential_14073110260000,3209797
residential_14073110270000,3199385
residential_14073110270000,3209403
residential_14073110270000,3209797
residential_14073110280000,3199385
residential_14073110280000,3209403
residential_14073110280000,3209797
residential_14073110290000,3199385
residential_14073110290000,3209403
residential_14073110290000,3209797
residential_14073120060000,2826574
residential_14073120380000,2749171
residential_14073130040000,3079346
residential_14073130260000,2532911
residential_14073150220000,3200212
residential_14073150230000,3200225
residential_14073160020000,2583040
residential_14073160370000,2897135
residential_14073160420000,2745622
residential_14073180030000,2672086
residential_14073190210000,2641508
residential_14073190230000,1745689
residential_14073190230000,1854540
residential_14073190430000,2556091
residential_14073200070000,3043362
residential_14073220050000,2852533
residential_14073250130000,2897714
residential_14073250200000,3024962
residential_14074020090000,3158823
residential_14074020230000,2623797
residential_14074020230000,2623833
residential_14074020240000,2623797
residential_14074020240000,2623833
residential_14074040200000,2406127
residential_14074070310000,2397954
residential_14074080380000,3190125
residential_14074080600000,2759334
residential_14074080860000,2884826
residential_14074080910000,1787827
residential_14074080920000,2177717
residential_14074090260000,2561554
residential_14074090330000,2506770
residential_14074090340000,2506770
residential_14074090340000,2660112
residential_14074130290000,2593137
residential_14074130730000,1678330
residential_14074210010000,1841850
residential_14074210100000,1851422
residential_14074220040000,2638089
residential_14074220400000,2386144
residential_14081020230000,2818565
residential_14081020470000,3171042
residential_14081080580000,2818567
residential_14081200200000,2583968
residential_14083100120000,1720609
residential_14083100130000,1785194
residential_14083100340000,1638704
residential_14083150160000,1979658
residential_14083150160000,2129226
residential_14084000080000,2542726
residential_14171010180000,3098530
residential_14171020020000,2491777
residential_14171130060000,2634658
residential_14173010240000,2317278
residential_14173020060000,3236107
residential_14173020240000,2322096
residential_14173030180000,2542176
residential_14173030210000,1949572
residential_14173040090000,1739798
residential_14173040250000,2658587
residential_14173040280000,2572231
residential_14173040390000,1970890
residential_14173040430000,1868180
residential_14173040440000,2279671
residential_14173050260000,1658360
residential_14173050300000,2688334
residential_14173050340000,2354848
residential_14173080230000,2153449
residential_14173080330000,2317210
residential_14173080350000,2356583
residential_14173080370000,2573750
residential_14173080370000,2641044
residential_14173080380000,3161619
residential_14173090150000,2462077
residential_14173100560000,1932337
residential_14173100560000,2033845
residential_14173100570000,1932337
residential_14173100570000,2033845
residential_14173100580000,2628026
residential_14173100590000,2628026
residential_14173130040000,2228116
residential_14173130290000,2820443
residential_14173130520000,2941689
residential_14173130530000,2941689
residential_14173140130000,2627632
residential_14173140140000,2621793
residential_14173140140000,2627632
residential_14173140680000,1813393
residential_14173140700000,2396889
residential_14173140700000,2425988
residential_14173140710000,2396889
residential_14173140710000,2425988
residential_14174010400000,2574176
residential_14181030130000,3200356
residential_14181080100000,2860838
residential_14181080120000,3136006
residential_14181090030000,2700660
residential_14181090040000,2852106
residential_14181090040000,3117878
residential_14181220020000,2549800
residential_14182030160000,2522200
residential_14182030440000,3102393
residential_14182030440000,3102397
residential_14182030450000,3102393
residential_14182030450000,3102397
residential_14182040050000,2851866
residential_14182040090000,2978713
residential_14182050090000,1942744
residential_14182090130000,2071279
residential_14182100550000,1730687
residential_14182100550000,1731280
residential_14182100560000,1730687
residential_14182100560000,1731280
residential_14182100650000,2925670
residential_14182100650000,3034527
residential_14182100650000,3070872
residential_14182160070000,3208384
residential_14182160070000,3250655
residential_14182170080000,2699059
residential_14182230090000,2551100
residential_14184050030000,2807993
residential_14184050230000,2730174
residential_14184050230000,2895219
residential_14184050240000,2730174
residential_14184050240000,2895219
residential_14184100450000,2432241
residential_14184100450000,2432242
residential_14184100460000,2432241
residential_14184100460000,2432242
residential_14184210120000,2563487
residential_14184210120000,2619139
residential_14184210410000,2637925
residential_14184210420000,2637924
residential_14191220250000,2408575
residential_14191220270000,3035954
residential_14191230230000,2540258
residential_14191230240000,2366443
residential_14191230280000,3238993
residential_14191240220000,3052590
residential_14191250050000,2639334
residential_14191270280000,2703427
residential_14191270290000,3184322
residential_14191270290000,3283105
residential_14191280040000,2959529
residential_14191280070000,1669918
residential_14191280120000,2967438
residential_14191280180000,3017724
residential_14191280200000,2472248
residential_14191280240000,2406786
residential_14191280260000,2765262
residential_14191280370000,2550049
residential_14191290020000,2522996
residential_14191290050000,2704604
residential_14191290150000,2640026
residential_14191290230000,2595014
residential_14191300040000,2588850
residential_14191310070000,2672374
residential_14191310100000,2699060
residential_14192050240000,2765263
residential_14192060250000,3092660
residential_14192070110000,2185176
residential_14192070130000,2948046
residential_14192070180000,2183639
residential_14192070560000,2268173
residential_14192070570000,2265963
residential_14192070580000,2424182
residential_14192070580000,2424204
residential_14192070590000,2424182
residential_14192070590000,2424204
residential_14192080060000,2651514
residential_14192080120000,3139058
residential_14192080130000,2964385
residential_14192120220000,2325473
residential_14192130020000,2618180
residential_14192130030000,2492826
residential_14192130040000,2492821
residential_14192130050000,1745207
residential_14192130110000,2491292
residential_14192130420000,2577297
residential_14192140030000,2462865
residential_14192140140000,2969073
residential_14192140140000,3028587
residential_14192140250000,1710258
residential_14192140270000,2746401
residential_14192140330000,2492616
residential_14192140460000,2485365
residential_14192140480000,2818861
residential_14192150220000,2388687
residential_14192160140000,2832423
residential_14192170480000,1760155
residential_14192180260000,2520818
residential_14192180290000,2753244
residential_14192180300000,3202296
residential_14192210030000,2351593
residential_14192210210000,2925604
residential_14192220170000,2610750
residential_14192220470000,2628449
residential_14192220480000,2628449
residential_14192230100000,2782858
residential_14192230100000,2863389
residential_14192230150000,2801612
residential_14192230170000,2530311
residential_14192230240000,3096338
residential_14192230370000,3198648
residential_14192230430000,2532085
residential_14192240040000,2558306
residential_14192240100000,2565096
residential_14192250020000,3199402
residential_14192250100000,2579487
residential_14192250100000,2727967
residential_14192250280000,2580728
residential_14192250280000,2696258
residential_14192250280000,2707852
residential_14192250410000,3065599
residential_14192260060000,3175083
residential_14192260080000,3147201
residential_14192270120000,2159177
residential_14192270220000,2540309
residential_14192290210000,2423462
residential_14192300160000,2624238
residential_14192300170000,2624255
residential_14192310030000,2478067
residential_14192310110000,3037406
residential_14192310260000,1819798
residential_14192320430000,2273857
residential_14192320430000,2327477
residential_14192320440000,2763522
residential_14193010140000,3217630
residential_14193010330000,2552084
residential_14193020200000,2440798
residential_14193020270000,2366219
residential_14193020350000,1723343
residential_14193020360000,3075882
residential_14193020380000,2947316
residential_14193030100000,2766028
residential_14193030100000,2784956
residential_14193030180000,2487050
residential_14193030190000,2540931
residential_14193030200000,2500941
residential_14193030250000,3056276
residential_14193030290000,2477134
residential_14193030300000,3022585
residential_14193030330000,2658585
residential_14193030370000,3150792
residential_14193040130000,3046272
residential_14193040250000,2535384
residential_14193040280000,2647891
residential_14193040290000,2774491
residential_14193040300000,2602316
residential_14193040380000,1952970
residential_14193050180000,3141324
residential_14193060170000,2920091
residential_14193060190000,2912892
residential_14193060190000,2913288
residential_14193060200000,1702493
residential_14193060300000,2559650
residential_14193060370000,2652531
residential_14193070170000,1831118
residential_14193070180000,2730737
residential_14193070200000,1966286
residential_14193070270000,2707912
residential_14193070300000,2954278
residential_14193080190000,2732383
residential_14193080220000,3049688
residential_14193090110000,2549566
residential_14193090190000,2469442
residential_14193090210000,2620602
residential_14193100020000,2651536
residential_14193100030000,2353246
residential_14193100040000,2353198
residential_14193100320000,2642921
residential_14193100320000,2788025
residential_14193110020000,2934735
residential_14193110070000,2292530
residential_14193110150000,2772160
residential_14193110150000,2849372
residential_14193110170000,2561409
residential_14193110300000,3155976
residential_14193120010000,1820336
residential_14193120080000,1729504
residential_14193120100000,2274596
residential_14193120210000,3113083
residential_14193120450000,2129303
residential_14193130040000,2251742
residential_14193130130000,2706816
residential_14193130130000,2707860
residential_14193130190000,1790314
residential_14193140010000,3056239
residential_14193140100000,1821136
residential_14193140130000,3013336
residential_14193140170000,2092783
residential_14193140170000,2119778
residential_14193140190000,1799492
residential_14193140240000,2256055
residential_14193140250000,2446512
residential_14193140300000,2934734
residential_14193150030000,2187584
residential_14193150090000,2612090
residential_14193150240000,3057708
residential_14193160280000,1847658
residential_14193160290000,2450595
residential_14193170110000,2542520
residential_14193170180000,2323161
residential_14193170180000,2417402
residential_14193170250000,2651128
residential_14193170260000,3162431
residential_14193170460000,2360311
residential_14193170470000,2350171
residential_14193180110000,2499271
residential_14193180130000,2483970
residential_14193180140000,3107742
residential_14193180140000,3132753
residential_14193180190000,3064958
residential_14193180190000,3109901
residential_14193180200000,2901662
residential_14193180230000,2722597
residential_14193180300000,2647892
residential_14193180320000,2178019
residential_14193180320000,2198260
residential_14193180390000,3235244
residential_14193180400000,3182070
residential_14193180400000,3235244
residential_14193190340000,1956568
residential_14193190380000,2298720
residential_14193200120000,2707913
residential_14193200160000,2349301
residential_14193200230000,3054718
residential_14193200280000,2444985
residential_14193200340000,2439408
residential_14193200370000,2587483
residential_14193200370000,2707855
residential_14193200400000,2368322
residential_14193200410000,2368322
residential_14193200410000,2740462
residential_14193200450000,2693889
residential_14193200450000,2717560
residential_14193210110000,3223422
residential_14193210130000,2539269
residential_14193210350000,2532370
residential_14193210360000,2559817
residential_14193210380000,2305047
residential_14193210380000,2414002
residential_14193210520000,3035548
residential_14193210520000,3035553
residential_14193210530000,3035553
residential_14193220140000,1726474
residential_14193220160000,1710691
residential_14193220180000,2761553
residential_14193220190000,1653582
residential_14193220380000,2280203
residential_14193220390000,3017733
residential_14193220410000,2412730
residential_14193220420000,2412730
residential_14193220420000,2655986
residential_14193220450000,3172056
residential_14193230240000,3026949
residential_14193250110000,2753227
residential_14193250180000,2416206
residential_14193250330000,2634216
residential_14193250350000,2828448
residential_14193260210000,2366187
residential_14193260210000,2397227
residential_14193260220000,2744097
residential_14193260340000,1707162
residential_14193260410000,2759513
residential_14193260410000,2880978
residential_14193260510000,2036176
residential_14193270120000,2706781
residential_14193270170000,2388539
residential_14193270180000,3030208
residential_14193270190000,2459236
residential_14193270210000,1648110
residential_14193270220000,2564489
residential_14193270260000,2740410
residential_14193270330000,2675708
residential_14193270360000,2772825
residential_14193280060000,2787283
residential_14193280080000,3034469
residential_14193290030000,2691524
residential_14193290150000,2983975
residential_14193290230000,2371724
residential_14193300060000,2579503
residential_14193300070000,1716478
residential_14193300220000,1805400
residential_14193300220000,1955599
residential_14193310010000,2386176
residential_14193310010000,2467872
residential_14193310020000,2673702
residential_14194000350000,2416807
residential_14194010060000,2816134
residential_14194010100000,2369319
residential_14194010370000,1930827
residential_14194060070000,2643352
residential_14194060210000,2353584
residential_14194060210000,2363341
residential_14194060280000,2369226
residential_14194070090000,3106375
residential_14194070140000,2373216
residential_14194070160000,2358946
residential_14194070230000,2667065
residential_14194080070000,2881427
residential_14194090130000,2535370
residential_14194090170000,1681034
residential_14194090220000,2281072
residential_14194090520000,2464306
residential_14194100050000,2492538
residential_14194100140000,2228180
residential_14194100170000,2684874
residential_14194100190000,1741130
residential_14194100370000,2693612
residential_14194110230000,2143630
residential_14194120020000,3103429
residential_14194160450000,2977853
residential_14194160450000,2977964
residential_14194160460000,2977853
residential_14194160460000,2977964
residential_14194180340000,2670114
residential_14194180350000,2463564
residential_14194180410000,2539262
residential_14194190050000,2652540
residential_14194190080000,1682794
residential_14194190090000,1682922
residential_14194190130000,2499255
residential_14194190370000,2727476
residential_14194200180000,2570971
residential_14194200220000,2509806
residential_14194200250000,1955318
residential_14194200330000,2719928
residential_14194210090000,2384325
residential_14194210240000,2269972
residential_14194220170000,2574982
residential_14194220290000,2636812
residential_14194220310000,2060042
residential_14194230040000,2754776
residential_14194230040000,2818529
residential_14194230290000,2543107
residential_14194230320000,3130156
residential_14194280060000,2727563
residential_14194280130000,2695198
residential_14194280250000,2689900
residential_14194280280000,2927174
residential_14194280300000,2677151
residential_14194280320000,2573484
residential_14194280340000,2531981
residential_14194290030000,2502994
residential_14194290050000,3111247
residential_14194290090000,2977110
residential_14194290190000,2137675
residential_14194290350000,2508712
residential_14194290380000,2607339
residential_14194290380000,2842530
residential_14194290510000,1859891
residential_14194300070000,2659781
residential_14194300080000,1791501
residential_14194330020000,2655140
residential_14194330380000,2504956
residential_14194340310000,2511643
residential_14194340420000,1962167
residential_14201000200000,2911150
residential_14201000260000,2425103
residential_14201000380000,2621737
residential_14201010360000,2552488
residential_14201010380000,2585543
residential_14201020210000,2817934
residential_14201030560000,2585519
residential_14201050290000,2559151
residential_14201050580000,1647625
residential_14201060080000,2785330
residential_14201060330000,2436684
residential_14201060410000,2381741
residential_14201060440000,3046511
residential_14201060460000,1837932
residential_14201080050000,2610219
residential_14201080330000,2668156
residential_14201080340000,2835652
residential_14201090130000,2500919
residential_14201090150000,2616084
residential_14201090150000,2643462
residential_14201090320000,2408632
residential_14201110220000,1815594
residential_14201110240000,1819073
residential_14201110260000,2539032
residential_14201120090000,1948721
residential_14201120120000,2562638
residential_14201120130000,2609881
residential_14201120160000,2843038
residential_14201120240000,2167015
residential_14201120240000,2394440
residential_14201120310000,3152072
residential_14201130030000,2722593
residential_14201130040000,2177993
residential_14201130050000,1858241
residential_14201130070000,2076503
residential_14201130100000,2305205
residential_14201130130000,1864664
residential_14201130220000,2625813
residential_14201130280000,2581681
residential_14201130410000,1897996
residential_14201130420000,3121159
residential_14201130450000,2657186
residential_14201130460000,2653023
residential_14201130470000,2669338
residential_14201140020000,2173981
residential_14201140360000,3079947
residential_14201150200000,2513419
residential_14201150220000,2477509
residential_14201150230000,2216443
residential_14201150240000,2216443
residential_14201150240000,2220984
residential_14201150250000,2870667
residential_14201150320000,3201280
residential_14201160020000,2704785
residential_14201160060000,2821632
residential_14201160060000,2821635
residential_14201160230000,2621529
residential_14201160360000,2549787
residential_14201190240000,1724829
residential_14201190270000,2946662
residential_14201190350000,3099532
residential_14201200100000,3045342
residential_14201200110000,3012907
residential_14201200110000,3045342
residential_14201200220000,2030650
residential_14201200220000,2092471
residential_14201200220000,2171207
residential_14201210020000,2522192
residential_14201210150000,2526306
residential_14201210400000,2553753
residential_14201210410000,2541837
residential_14201210410000,2541847
residential_14201210420000,2541837
residential_14201210420000,2541847
residential_14201230190000,2331368
residential_14201240090000,2195897
residential_14201240270000,2449415
residential_14201250030000,2508038
residential_14201250040000,2547941
residential_14201250040000,2686790
residential_14202170120000,2339363
residential_14202190150000,3180379
residential_14202200200000,1649912
residential_14202200280000,1856716
residential_14202290180000,1847905
residential_14203010110000,2318858
residential_14203010220000,2349018
residential_14203020090000,1685814
residential_14203020110000,2462250
residential_14203030070000,2611750
residential_14203030390000,2508136
residential_14203090050000,1726842
residential_14203090130000,2927374
residential_14203090260000,1814508
residential_14203100030000,2506667
residential_14203100180000,2506027
residential_14203100210000,1651050
residential_14203110040000,2111761
residential_14203110160000,2737886
residential_14203120390000,1874749
residential_14203160250000,2572016
residential_14203160260000,1945639
residential_14203160260000,2045524
residential_14203160270000,2958605
residential_14203160360000,2562266
residential_14203160370000,3145490
residential_14203160380000,2662380
residential_14203170020000,3137745
residential_14203170020000,3138099
residential_14203170030000,3137745
residential_14203170030000,3138099
residential_14203170190000,2620601
residential_14203180230000,3250333
residential_14203180360000,1684163
residential_14203190020000,3261716
residential_14203190140000,2500853
residential_14203190200000,3107699
residential_14203190280000,2495835
residential_14203190300000,2670123
residential_14203190300000,2781381
residential_14203190320000,2638345
residential_14203190330000,1954559
residential_14203200380000,1702053
residential_14203200400000,2695850
residential_14203200400000,2774260
residential_14203210070000,2741411
residential_14203210080000,2481265
residential_14203210290000,2167015
residential_14203210290000,2394440
residential_14203210300000,2151851
residential_14203210340000,2481334
residential_14203210350000,2578507
residential_14203220180000,1911907
residential_14203220240000,2052521
residential_14203220270000,2503883
residential_14203220290000,2513798
residential_14203220390000,2955522
residential_14203220390000,2990445
residential_14203230070000,2150935
residential_14203230200000,2563595
residential_14203230360000,1954287
residential_14203250020000,2579918
residential_14203250220000,2644242
residential_14203250270000,2678656
residential_14203250290000,3110074
residential_14203250390000,1732929
residential_14203260150000,2484417
residential_14203260200000,2579833
residential_14203260270000,1790672
residential_14203260300000,2668067
residential_14203260340000,2161353
residential_14203270030000,1842636
residential_14203270180000,2262556
residential_14203270180000,2263316
residential_14203270190000,2262556
residential_14203270190000,2284777
residential_14203270350000,2512490
residential_14203290040000,2579660
residential_14203290050000,2998238
residential_14203290080000,1849693
residential_14203290080000,1965786
residential_14203290090000,2616392
residential_14203290090000,2647803
residential_14203290110000,1673076
residential_14203290140000,2600540
residential_14203290370000,1800807
residential_14203290380000,2188217
residential_14203300060000,2515803
residential_14203300140000,2559033
residential_14203300150000,2437465
residential_14204040340000,2476232
residential_14204070300000,2392801
residential_14204070300000,2418123
residential_14204130750000,2710148
residential_14213050180000,2439853
residential_14213050340000,1911324
residential_14213050350000,1911324
residential_14213080050000,3075819
residential_14213110490000,1678672
residential_14213110490000,1827684
residential_14213130270000,2533505
residential_14281150210000,3030244
residential_14283000340000,2847412
residential_14283000340000,3149249
residential_14283020200000,3227305
residential_14283020380000,2666339
residential_14283030500000,2503012
residential_14283040110000,2558428
residential_14283040590000,2479890
residential_14283190870000,2505142
residential_14283190870000,2516815
residential_14283190870000,2522669
residential_14283190870000,2538399
residential_14283190870000,2559017
residential_14283190870000,2570811
residential_14283190870000,2571320
residential_14283190870000,2571321
residential_14283190870000,2577021
residential_14283190870000,2580088
residential_14283190870000,2585217
residential_14283190870000,2593652
residential_14291010270000,2642579
residential_14291010480000,2898800
residential_14291030210000,2192608
residential_14291050090000,2771747
residential_14291050390000,2315955
residential_14291050400000,2315955
residential_14291050400000,2337612
residential_14291060050000,2717965
residential_14291060110000,3078700
residential_14291060330000,2278919
residential_14291060350000,2530118
residential_14291070100000,2447170
residential_14291070110000,2446651
residential_14291070110000,2447170
residential_14291070120000,2446651
residential_14291070120000,2459379
residential_14291070140000,2138421
residential_14291070150000,2138421
residential_14291070150000,2547233
residential_14291080210000,1928736
residential_14291080240000,3051667
residential_14291080250000,2500949
residential_14291080320000,2263503
residential_14291090390000,1953904
residential_14291100250000,1874735
residential_14291100330000,2643586
residential_14291100380000,2593951
residential_14291100390000,2461870
residential_14291100390000,2462227
residential_14291100400000,2669394
residential_14291100450000,2372407
residential_14291100460000,2827108
residential_14291110070000,2650298
residential_14291110290000,2514973
residential_14291110540000,2734833
residential_14291120140000,2752768
residential_14291120220000,2375048
residential_14291120310000,2589981
residential_14291120320000,1808866
residential_14291120340000,2851883
residential_14291120370000,2715715
residential_14291120390000,1858412
residential_14291120410000,2503072
residential_14291120410000,2542193
residential_14291130060000,2449397
residential_14291130070000,3233536
residential_14291140070000,2931672
residential_14291140090000,2065925
residential_14291140160000,3209042
residential_14291140190000,2172319
residential_14291140210000,3169045
residential_14291150010000,3170102
residential_14291150340000,2394678
residential_14291150350000,2939310
residential_14291160150000,2302901
residential_14291160160000,1649848
residential_14291160270000,2517035
residential_14291180420000,2988685
residential_14291190070000,2176354
residential_14291190090000,3196515
residential_14291190120000,2774614
residential_14291210160000,2746997
residential_14291210330000,2666266
residential_14291210350000,2656555
residential_14291210430000,2644261
residential_14291220200000,2323958
residential_14291220360000,2860787
residential_14291230210000,2393739
residential_14291230300000,2963093
residential_14291240440000,2763538
residential_14291250110000,2746978
residential_14291250150000,2695850
residential_14291250150000,2774260
residential_14291250220000,3006973
residential_14291250240000,2871849
residential_14291250300000,2624079
residential_14291250310000,2570977
residential_14291250310000,2624079
residential_14291260150000,2461870
residential_14291260150000,2462227
residential_14291260200000,3038022
residential_14291260250000,3151012
residential_14291290150000,2539905
residential_14291300140000,2693571
residential_14292000250000,2184584
residential_14292000370000,2530254
residential_14292010280000,2466774
residential_14292010550000,1902041
residential_14292020140000,2158485
residential_14292030150000,3198920
residential_14292080110000,2315952
residential_14292080170000,2265939
residential_14292080250000,2335988
residential_14292080440000,2774893
residential_14292090180000,2506361
residential_14292090280000,2440447
residential_14292090340000,2497952
residential_14292090360000,2878202
residential_14292090470000,2659744
residential_14292090480000,2659744
residential_14292100080000,3233227
residential_14292160060000,2474982
residential_14292160270000,2545110
residential_14292220280000,2712424
residential_14292230070000,2470989
residential_14292230350000,2668184
residential_14292230430000,2588998
residential_14292270120000,2731029
residential_14292270150000,3134167
residential_14292280060000,2265964
residential_14292280260000,2558294
residential_14292290130000,1868808
residential_14292290220000,2614367
residential_14293000590000,2672296
residential_14293010360000,2809434
residential_14293020290000,2749401
residential_14293040540000,2605618
residential_14293040550000,2414228
residential_14293040550000,2464677
residential_14293040700000,2271100
residential_14293040710000,2345392
residential_14293040750000,2421080
residential_14293040760000,2464674
residential_14293040770000,2407514
residential_14293040770000,2421220
residential_14293040770000,2605618
residential_14293040780000,2407514
residential_14293040780000,2421220
residential_14293040780000,2605618
residential_14293050200000,2768917
residential_14293050200000,2814769
residential_14293050210000,3000064
residential_14293050220000,2713418
residential_14293050260000,3147339
residential_14293050390000,2357325
residential_14293050390000,2360655
residential_14293050390000,2362281
residential_14293050390000,2457523
residential_14293050400000,2357325
residential_14293050400000,2362281
residential_14293050410000,2360655
residential_14293050430000,2457523
residential_14293050440000,2320468
residential_14293050450000,2320468
residential_14293050450000,2373251
residential_14293050450000,2383035
residential_14293050450000,2429136
residential_14293050450000,2430738
residential_14293050450000,2450537
residential_14293050450000,2459413
residential_14293050460000,2430738
residential_14293050470000,2320468
residential_14293050470000,2373251
residential_14293050470000,2383035
residential_14293050470000,2429136
residential_14293050470000,2430738
residential_14293050470000,2450537
residential_14293050470000,2459413
residential_14293050480000,2320468
residential_14293050480000,2373251
residential_14293050480000,2383035
residential_14293050480000,2429136
residential_14293050480000,2430738
residential_14293050480000,2450537
residential_14293050480000,2459413
residential_14293050490000,2450537
residential_14293050500000,2320468
residential_14293050500000,2373251
residential_14293050500000,2383035
residential_14293050500000,2429136
residential_14293050500000,2430738
residential_14293050500000,2450537
residential_14293050500000,2459413
residential_14293050630000,2732859
residential_14293050650000,2759381
residential_14293060020000,3133889
residential_14293060140000,2628346
residential_14293080230000,2989021
residential_14293080230000,3060789
residential_14293080230000,3096009
residential_14293080360000,1837209
residential_14293090390000,1683021
residential_14293100040000,1816231
residential_14293100170000,2497383
residential_14293100410000,1870672
residential_14293100530000,1746413
residential_14293100530000,1792316
residential_14293110250000,2946213
residential_14293120270000,3157748
residential_14293130490000,2601238
residential_14293130500000,2601248
residential_14293150060000,2563982
residential_14293150240000,2378067
residential_14293150280000,2551756
residential_14293150760000,2585847
residential_14293160010000,2122885
residential_14293190050000,2783708
residential_14293190150000,3201920
residential_14293190280000,2731099
residential_14293190310000,2652555
residential_14293210100000,2230219
residential_14293210140000,2574750
residential_14293220200000,3113210
residential_14293230020000,2774265
residential_14293230020000,2796480
residential_14293230080000,3220133
residential_14294010310000,2073985
residential_14294030170000,1817802
residential_14294050220000,1711711
residential_14294050280000,1681125
residential_14294070360000,2539608
residential_14294070410000,2653024
residential_14294070730000,2613975
residential_14294080070000,2677129
residential_14294080110000,2498339
residential_14294080250000,2669937
residential_14294090020000,1669856
residential_14294090090000,3164841
residential_14294120670000,1771724
residential_14294120680000,1771920
residential_14294130120000,2847054
residential_14294130160000,2646637
residential_14294130180000,2624248
residential_14294130390000,2677125
residential_14294140160000,1755064
residential_14294140340000,1856237
residential_14294140360000,2454882
residential_14294160320000,1805893
residential_14294161040000,2631968
residential_14294170070000,2996010
residential_14294170070000,3044663
residential_14294170100000,2067661
residential_14294170100000,2464512
residential_14294170140000,2537676
residential_14294170150000,2525882
residential_14294170150000,2537676
residential_14294170370000,2320184
residential_14294180130000,2558596
residential_14294180240000,1866750
residential_14294180650000,2007492
residential_14294180650000,2007498
residential_14294180650000,2022051
residential_14294180660000,2007492
residential_14294180660000,2007498
residential_14294180660000,2022051
residential_14294210250000,2858054
residential_14294210270000,1865654
residential_14294210440000,2495168
residential_14294210450000,2495182
residential_14294220510000,2639784
residential_14294220520000,2639784
residential_14294220530000,2639784
residential_14294220540000,2639784
residential_14294220550000,2639784
residential_14294260020000,2417260
residential_14301020240000,2287754
residential_14301020270000,1656314
residential_14301020290000,2522995
residential_14301020360000,2706036
residential_14301030300000,1782987
residential_14301040160000,2474344
residential_14301040430000,2513125
residential_14301040480000,1675188
residential_14301050030000,3205543
residential_14301050080000,2569569
residential_14301050200000,2452133
residential_14301050340000,2845450
residential_14301060230000,1744008
residential_14301060410000,2550859
residential_14301060410000,2711462
residential_14301060440000,2213161
residential_14301060530000,1648111
residential_14301060530000,1709102
residential_14301060550000,1708921
residential_14301060560000,2780319
residential_14301060570000,3050807
residential_14301060630000,2885195
residential_14301060650000,1619242
residential_14301060670000,1692684
residential_14301060730000,2602277
residential_14301060770000,2542534
residential_14301070110000,2554598
residential_14301070130000,2916450
residential_14301080380000,2857571
residential_14301080470000,1974091
residential_14301090050000,3043229
residential_14301090070000,2737282
residential_14301090080000,2236160
residential_14301090150000,2416593
residential_14301090150000,2452509
residential_14301100090000,2602734
residential_14301100150000,2840669
residential_14301100190000,1870738
residential_14301100200000,2554561
residential_14301100220000,2627840
residential_14301110020000,3142210
residential_14301110030000,1868707
residential_14301110070000,1672070
residential_14301110140000,2556663
residential_14301110150000,2556646
residential_14301110180000,1684180
residential_14301110340000,1954814
residential_14301110400000,3080502
residential_14301110410000,2735771
residential_14301110420000,2305047
residential_14301110420000,2414002
residential_14301110430000,2733125
residential_14301110440000,2766916
residential_14301110490000,2956095
residential_14301110490000,3010054
residential_14301110500000,2956094
residential_14301140140000,2560143
residential_14301140250000,3004144
residential_14301140260000,2439425
residential_14301140400000,3208103
residential_14301140410000,3208101
residential_14301140460000,2545095
residential_14301140470000,2545096
residential_14301150030000,2776830
residential_14301170280000,2884632
residential_14301170290000,2884973
residential_14301180360000,1644568
residential_14301180360000,1644580
residential_14301180360000,1644588
residential_14301180360000,1644596
residential_14301180360000,1644631
residential_14301180360000,1644640
residential_14301180360000,1644653
residential_14301180370000,1644568
residential_14301180370000,1644580
residential_14301180370000,1644588
residential_14301180370000,1644596
residential_14301180370000,1644631
residential_14301180370000,1644640
residential_14301180370000,1644653
residential_14301180380000,1644568
residential_14301180380000,1644580
residential_14301180380000,1644588
residential_14301180380000,1644596
residential_14301180380000,1644631
residential_14301180380000,1644640
residential_14301180380000,1644653
residential_14301180390000,1644568
residential_14301180390000,1644580
residential_14301180390000,1644588
residential_14301180390000,1644596
residential_14301180390000,1644631
residential_14301180390000,1644640
residential_14301180390000,1644653
residential_14301180400000,1644558
residential_14301180410000,1644568
residential_14301180410000,1644580
residential_14301180410000,1644588
residential_14301180410000,1644596
residential_14301180410000,1644631
residential_14301180410000,1644640
residential_14301180410000,1644645
residential_14301180410000,1644653
residential_14301180420000,1644568
residential_14301180420000,1644580
residential_14301180420000,1644588
residential_14301180420000,1644596
residential_14301180420000,1644631
residential_14301180420000,1644640
residential_14301180420000,1644645
residential_14301180420000,1644653
residential_14301180430000,1644568
residential_14301180430000,1644580
residential_14301180430000,1644588
residential_14301180430000,1644596
residential_14301180430000,1644631
residential_14301180430000,1644640
residential_14301180430000,1644645
residential_14301180430000,1644653
residential_14301180440000,1644568
residential_14301180440000,1644580
residential_14301180440000,1644588
residential_14301180440000,1644596
residential_14301180440000,1644631
residential_14301180440000,1644640
residential_14301180440000,1644645
residential_14301180440000,1644653
residential_14301180450000,1644568
residential_14301180450000,1644580
residential_14301180450000,1644588
residential_14301180450000,1644596
residential_14301180450000,1644631
residential_14301180450000,1644640
residential_14301180450000,1644645
residential_14301180450000,1644653
residential_14301180460000,1644558
residential_14301180460000,1644606
residential_14301180460000,1644616
residential_14301180710000,2965900
residential_14301180730000,2643297
residential_14301180740000,3149475
residential_14301190250000,2473035
residential_14301190280000,2053303
residential_14301190310000,2242836
residential_14301200130000,2892699
residential_14301200170000,1840689
residential_14301200260000,2475637
residential_14301210030000,2609347
residential_14301210070000,2175568
residential_14301210080000,2541573
residential_14301210090000,2833090
residential_14301210110000,3049999
residential_14301210190000,2597541
residential_14301210200000,3095961
residential_14301210260000,2298115
residential_14301210340000,1957507
residential_14301220010000,2732203
residential_14301220250000,2850341
residential_14301220440000,2383393
residential_14302000300000,2503075
residential_14302000360000,1808488
residential_14302000410000,2370132
residential_14302010080000,2744098
residential_14302030130000,2366900
residential_14302030130000,2448662
residential_14302030210000,2514441
residential_14302030380000,2275220
residential_14302030690000,2275220
residential_14302030690000,2521128
residential_14302030690000,2521141
residential_14302030700000,2275220
residential_14302030700000,2521128
residential_14302030700000,2521141
residential_14302040080000,2637707
residential_14302050120000,2468817
residential_14302050170000,2608883
residential_14302050170000,2608974
residential_14302050210000,1824926
residential_14302050350000,2625664
residential_14302050470000,2467603
residential_14302050480000,2493897
residential_14302060180000,2532067
residential_14302060180000,2596213
residential_14302060210000,2911364
residential_14302060240000,2892657
residential_14302060280000,2050510
residential_14302070110000,2329190
residential_14302070120000,2329182
residential_14302070120000,2329190
residential_14302070140000,2844739
residential_14302070250000,2509944
residential_14302070320000,2593339
residential_14302080160000,2200907
residential_14302080170000,2606151
residential_14302080200000,2074138
residential_14302080250000,2598240
residential_14302080310000,2625762
residential_14302080320000,1979484
residential_14302080330000,2740515
residential_14302080440000,2252028
residential_14302090020000,2349660
residential_14302090080000,2435780
residential_14302090120000,1676894
residential_14302090120000,2079905
residential_14302090210000,2596219
residential_14302090230000,2503074
residential_14302090270000,2441103
residential_14302100030000,2823615
residential_14302100040000,3118314
residential_14302100210000,1709825
residential_14302110040000,2610996
residential_14302110120000,2469258
residential_14302110180000,2038296
residential_14302110180000,2046365
residential_14302110330000,2202109
residential_14302110360000,2222127
residential_14302110420000,3183593
residential_14302110420000,3280707
residential_14302110440000,2740870
residential_14302120050000,1672364
residential_14302120050000,1935616
residential_14302120220000,2346492
residential_14302120290000,2441694
residential_14302120360000,2589569
residential_14302130110000,1687451
residential_14302130140000,3239450
residential_14302130150000,2179525
residential_14302130170000,2751821
residential_14302130210000,1831614
residential_14302130220000,1659282
residential_14302130380000,1788811
residential_14302140110000,2648317
residential_14302140310000,2497376
residential_14302150110000,2449058
residential_14302150200000,3205544
residential_14302150410000,2669800
residential_14302170110000,2410112
residential_14302170200000,2730588
residential_14302170260000,2298774
residential_14302170400000,2321447
residential_14302180160000,2655559
residential_14302190170000,2858641
residential_14302190290000,2505595
residential_14302190360000,2357522
residential_14302190390000,1834671
residential_14302190400000,2483101
residential_14302200120000,2695192
residential_14302200200000,2009202
residential_14302200200000,2044331
residential_14302200210000,2173944
residential_14302200220000,1644935
residential_14302200290000,3156110
residential_14302200290000,3176780
residential_14302200320000,2476063
residential_14302200350000,2312004
residential_14302200360000,2048432
residential_14302200430000,3068543
residential_14302200450000,1733465
residential_14302200460000,1893202
residential_14302210080000,1787557
residential_14302210090000,2362402
residential_14302210140000,2303988
residential_14302210190000,2673432
residential_14302210200000,2628453
residential_14302210200000,2673432
residential_14302210370000,1683800
residential_14302210380000,2462182
residential_14302220310000,1762845
residential_14302220310000,1763131
residential_14303150080000,2642862
residential_14303150090000,2642835
residential_14303150110000,2994701
residential_14303150170000,2904753
residential_14304031330000,1781983
residential_14304050330000,2619760
residential_14304070310000,2726487
residential_14304070440000,2746822
residential_14304070480000,2821154
residential_14304070490000,2731911
residential_14304070550000,2509559
residential_14304080090000,2672982
residential_14304080170000,2568796
residential_14304090440000,2813589
residential_14304091060000,3087608
residential_14304100080000,2566425
residential_14304100090000,2566423
residential_14311000210000,3140299
residential_14311000410000,2831322
residential_14311030250000,2461795
residential_14311030370000,1790215
residential_14311040450000,2569471
residential_14311050240000,2494399
residential_14311060190000,1675129
residential_14311060260000,2653287
residential_14311070300000,2149670
residential_14311070300000,2625636
residential_14311070330000,2555383
residential_14311130030000,1897424
residential_14311130100000,2784023
residential_14311130110000,2784000
residential_14311130110000,2784023
residential_14311130200000,2451129
residential_14311130330000,2386166
residential_14311130360000,3203265
residential_14311130380000,2850791
residential_14311160120000,2650008
residential_14311180210000,2558080
residential_14311180280000,3202956
residential_14311180300000,3114108
residential_14311190100000,2558050
residential_14311190110000,2675840
residential_14311190240000,2692582
residential_14311200010000,2490741
residential_14311200270000,2827650
residential_14311200280000,2827628
residential_14311210050000,3009480
residential_14311210100000,3036085
residential_14311210230000,2652076
residential_14311240150000,1658104
residential_14311240380000,2702897
residential_14311250060000,2844761
residential_14311250150000,2687068
residential_14311250150000,2712567
residential_14311260050000,2774504
residential_14311260220000,2441183
residential_14311280360000,2825358
residential_14311280410000,2871840
residential_14311280410000,2930134
residential_14311290030000,2580206
residential_14311290050000,2664785
residential_14311290050000,2738078
residential_14311290050000,2752224
residential_14311290090000,2920894
residential_14311290170000,1934205
residential_14311290410000,2548939
residential_14311320080000,2797046
residential_14311320100000,2898773
residential_14311320490000,2246932
residential_14311320510000,1855001
residential_14311320510000,1954173
residential_14311360080000,3171667
residential_14311360090000,3171668
residential_14311370050000,2797775
residential_14311370140000,2630056
residential_14311380040000,2312527
residential_14311380130000,2739745
residential_14311380130000,2781084
residential_14313000210000,2776253
residential_14313010240000,3085753
residential_14313010270000,2671762
residential_14313010290000,1966209
residential_14313020360000,2351775
residential_14313020420000,2558096
residential_14313020580000,1680037
residential_14313040260000,1828696
residential_14313060020000,2605975
residential_14313060530000,1888332
residential_14313070050000,1668160
residential_14313070050000,1673994
residential_14313090130000,2575122
residential_14313100130000,2875421
residential_14313110040000,2954951
residential_14313110050000,2960874
residential_14313110060000,2654760
residential_14313110060000,2714912
residential_14313110300000,1723080
residential_14313110310000,2107626
residential_14313120150000,3202322
residential_14313120160000,3198641
residential_14313140220000,2829879
residential_14313150070000,2122197
residential_14313150070000,2174732
residential_14313150150000,2472124
residential_14313150340000,2768846
residential_14313160040000,2874013
residential_14313160090000,2887813
residential_14313160110000,2829537
residential_14313160380000,2176539
residential_14313170090000,2302357
residential_14313200170000,2569705
residential_14313200170000,2618503
residential_14313200170000,2618505
residential_14313200180000,2569705
residential_14313200180000,2618503
residential_14313200180000,2618505
residential_14313200190000,2569705
residential_14313200190000,2618503
residential_14313200190000,2618505
residential_14313200200000,2569705
residential_14313200200000,2618503
residential_14313200200000,2618505
residential_14313200210000,2569705
residential_14313200210000,2618503
residential_14313200210000,2618505
residential_14313200220000,2569705
residential_14313200220000,2618503
residential_14313200220000,2618505
residential_14313200230000,2569705
residential_14313200230000,2618503
residential_14313200230000,2618505
residential_14313200240000,2569705
residential_14313200240000,2618503
residential_14313200240000,2618505
residential_14313200250000,2569705
residential_14313200250000,2618503
residential_14313200250000,2618505
residential_14313200260000,2569705
residential_14313200260000,2618503
residential_14313200260000,2618505
residential_14313200270000,2569705
residential_14313200270000,2618503
residential_14313200270000,2618505
residential_14313200280000,2569705
residential_14313200280000,2618503
residential_14313200280000,2618505
residential_14313200290000,2569705
residential_14313200290000,2618503
residential_14313200290000,2618505
residential_14313200300000,2569705
residential_14313200300000,2618503
residential_14313200300000,2618505
residential_14313200310000,2569705
residential_14313200310000,2618503
residential_14313200310000,2618505
residential_14313200320000,2569705
residential_14313200320000,2618503
residential_14313200320000,2618505
residential_14313200330000,2569705
residential_14313200330000,2618503
residential_14313200330000,2618505
residential_14313200340000,2569705
residential_14313200340000,2618503
residential_14313200340000,2618505
residential_14313200350000,2569705
residential_14313200350000,2618503
residential_14313200350000,2618505
residential_14313200360000,2569705
residential_14313200360000,2618503
residential_14313200360000,2618505
residential_14313200370000,2569705
residential_14313200370000,2618503
residential_14313200370000,2618505
residential_14313200380000,2569705
residential_14313200380000,2618503
residential_14313200380000,2618505
residential_14313200390000,2569705
residential_14313200390000,2618503
residential_14313200390000,2618505
residential_14313200400000,2569705
residential_14313200400000,2618503
residential_14313200400000,2618505
residential_14313240040000,2586950
residential_14313250080000,2068139
residential_14313260260000,2455578
residential_14313270110000,2416941
residential_14313280140000,2498216
residential_14313280220000,3169437
residential_14313280310000,1713016
residential_14313280350000,2595407
residential_14313280630000,1646180
residential_14313280630000,1698885
residential_14313280650000,1714250
residential_14313280680000,2650238
residential_14313280970000,2650237
residential_14313310140000,1653355
residential_14314020420000,2831138
residential_14314030260000,2485330
residential_14314030570000,2371398
residential_14314040210000,2738725
residential_14314040270000,2565746
residential_14314040310000,1765314
residential_14314040470000,1838007
residential_14314080180000,3156130
residential_14314090290000,1660049
residential_14314090400000,2532500
residential_14314090430000,2700307
residential_14314090430000,2738029
residential_14314090450000,2481898
residential_14314090550000,2585091
residential_14314090560000,2585047
residential_14314100320000,2771430
residential_14314100400000,1967020
residential_14314100400000,2043666
residential_14314110020000,2432697
residential_14314110460000,3057072
residential_14314110510000,1650560
residential_14314110520000,2585005
residential_14314110530000,2585005
residential_14314110530000,2585008
residential_14314130070000,3120947
residential_14314130300000,1621104
residential_14314130420000,2347124
residential_14314130440000,2356912
residential_14314130450000,2448225
residential_14314130450000,2472893
residential_14314130450000,2557532
residential_14314130480000,2347124
residential_14314130480000,2356912
residential_14314130480000,2435904
residential_14314130480000,2448225
residential_14314130480000,2472893
residential_14314130480000,2557532
residential_14314140170000,2769612
residential_14314140220000,1662949
residential_14314140360000,2348697
residential_14314140370000,2348686
residential_14314140560000,1768486
residential_14314150090000,2421007
residential_14314150140000,2153419
residential_14314150200000,2856338
residential_14314160250000,2375039
residential_14314160590000,2476908
residential_14314170070000,2400117
residential_14314170330000,1715151
residential_14314180150000,3114308
residential_14314180550000,2527966
residential_14314180550000,2559496
residential_14314190320000,2502989
residential_14314190420000,2485268
residential_14314190420000,2538297
residential_14314190430000,2457329
residential_14314190430000,2485268
residential_14314190430000,2538297
residential_14314200060000,2583776
residential_14314200140000,2971568
residential_14314200310000,2765607
residential_14314200420000,2588516
residential_14314200420000,2614752
residential_14314200420000,2675425
residential_14314230080000,1864969
residential_14314230120000,3210123
residential_14314240240000,2887799
residential_14314240360000,2834842
residential_14314240370000,2683803
residential_14314240370000,2834813
residential_14314240370000,2834842
residential_14314250260000,2896997
residential_14314250390000,3043068
residential_14314260130000,1707629
residential_14314260150000,1700694
residential_14314260160000,1678127
residential_14314260380000,2517854
residential_14314270080000,1649710
residential_14314270180000,2574875
residential_14314270200000,2543990
residential_14314270210000,2543978
residential_14314270270000,2255914
residential_14314270330000,2768272
residential_14314270350000,2901863
residential_14314270350000,3053680
residential_14314280140000,2401740
residential_14314280350000,1696198
residential_14314280540000,2592947
residential_14314280550000,1826362
residential_14314290210000,2462961
residential_14314290220000,1862897
residential_14314290380000,2505221
residential_14314300160000,3199092
residential_14321040210000,2339818
residential_14321080040000,2405566
residential_14321090010000,1950800
residential_14321100080000,2508164
residential_14321100150000,2222924
residential_14321100190000,2426051
residential_14321100210000,2240976
residential_14321110130000,2556336
residential_14321110130000,2700727
residential_14321110160000,1687886
residential_14321120120000,1681047
residential_14321120380000,2742347
residential_14321130050000,2783750
residential_14321130090000,3121549
residential_14321130120000,2489256
residential_14321260260000,2558244
residential_14321260360000,2957168
residential_14321260370000,2767125
residential_14321270040000,2494832
residential_14321270060000,2944368
residential_14321270080000,2310096
residential_14321270160000,3181495
residential_14322100240000,2731261
residential_14322120100000,2205966
residential_14322130290000,1695634
residential_14322140100000,3168707
residential_14322140130000,3111740
residential_14322140210000,2178149
residential_14322140280000,2647867
residential_14322140290000,2761548
residential_14322140320000,2347396
residential_14322140360000,2814530
residential_14322150290000,3043664
residential_14322150310000,3142288
residential_14322150310000,3142315
residential_14322150310000,3166862
residential_14322150330000,2630836
residential_14322150340000,2630836
residential_14322150340000,2924197
residential_14322150380000,1705031
residential_14322150400000,2665358
residential_14322160060000,2122871
residential_14322160590000,2639929
residential_14322160620000,2625510
residential_14322160620000,2656611
residential_14322160620000,2676195
residential_14322160620000,2693096
residential_14322160620000,2734611
residential_14322160620000,2765188
residential_14322160630000,2625510
residential_14322160630000,2656611
residential_14322160630000,2676195
residential_14322160630000,2693096
residential_14322160630000,2734611
residential_14322160630000,2765188
residential_14322190110000,2442540
residential_14322190190000,2317154
residential_14322210150000,2186792
residential_14322210240000,2995082
residential_14322210270000,2286776
residential_14322220040000,3195950
residential_14322220070000,1631943
residential_14322220160000,2453655
residential_14322220190000,1945846
residential_14322230240000,2190273
residential_14322230240000,2301502
residential_14322260300000,1959922
residential_14322260300000,2037884
residential_14322260390000,1778784
residential_14322260390000,1815969
residential_14322260570000,1716745
residential_14322270580000,2590355
residential_14322270580000,2590359
residential_14322280190000,1756262
residential_14323120210000,2727878
residential_14323120300000,2373123
residential_14324020270000,2582227
residential_14324030120000,3116131
residential_14324030680000,2440279
residential_14324030690000,2848128
residential_14324030700000,2499629
residential_14324030880000,2504080
residential_14324030890000,2535330
residential_14324080370000,2796594
residential_14324080420000,3107717
residential_14324080470000,1855203
residential_14324080520000,2952574
residential_14324090240000,2664182
residential_14324090270000,2403054
residential_14324090270000,2450541
residential_14324090560000,2444310
residential_14324090560000,2507109
residential_14324090750000,1836897
residential_14324090770000,1742554
residential_14324090770000,1742576
residential_14324090770000,1808583
residential_14324090780000,1742547
residential_14324090790000,1742563
residential_14324100050000,2958183
residential_14324100110000,2748393
residential_14324100220000,2506240
residential_14324100270000,3024762
residential_14324100730000,3157583
residential_14324100730000,3173546
residential_14324110630000,2177700
residential_14324120100000,1868852
residential_14324120130000,1948388
residential_14324120200000,2587281
residential_14324120220000,2664771
residential_14324120500000,3079106
residential_14324130070000,2454605
residential_14324130110000,2937358
residential_14324130190000,1723309
residential_14324140100000,2242617
residential_14324140110000,2242617
residential_14324140110000,2576933
residential_14324220190000,3186324
residential_14324220200000,3185466
residential_14324220240000,1853087
residential_14324220240000,1888195
residential_14324230180000,2371985
residential_14324250240000,2726080
residential_14324250390000,2688168
residential_14324250480000,2197856
residential_14324250490000,2197855
residential_14324250500000,2197849
residential_14324260120000,2266684
residential_14324260420000,1819894
residential_14324260880000,1966680
residential_14324260880000,1966769
residential_14333000880000,2368111
residential_14333001310000,2540499
residential_14333010230000,2915644
residential_14333010230000,3116548
residential_14333010690000,2558762
residential_14333010770000,2837889
residential_14333011190000,2837889
residential_14333011210000,2911705
residential_14333020150000,3203752
residential_14333020860000,2561771
residential_14333021700000,2621779
residential_14333030540000,2532522
residential_14333031440000,2610891
residential_14333031520000,3062929
residential_14333031650000,2796705
residential_14333031660000,2829610
residential_14333031670000,2872138
residential_14333031670000,2879055
residential_14333050360000,3002122
residential_14333080310000,3031832
residential_14333090260000,2623766
residential_14333090500000,2603565
residential_14333090500000,2648065
residential_14333100450000,2847754
residential_14333100470000,2847753
residential_14333100800000,2747319
residential_14333130720000,2662648
residential_14333130870000,2662650
residential_14333140200000,1829163
residential_14333140210000,2853246
residential_14333140210000,2904388
residential_14333140210000,2986850
residential_14333140270000,2472842
residential_14333140270000,2488891
residential_14333140280000,2472842
residential_14333170230000,2245737
residential_14333170240000,2565390
residential_14333170300000,2457976
residential_14333180360000,1699669
residential_14333310300000,2949814
residential_16012010410000,2559099
residential_16012030380000,2928999
residential_16012030540000,2717932
residential_16012030540000,2749425
residential_16012040300000,1832374
residential_16012040320000,2478054
residential_16012050170000,2929118
residential_16012050400000,2670075
residential_16012070340000,2321874
residential_16012070420000,1683327
residential_16012080110000,2838111
residential_16012090090000,2762470
residential_16012090280000,2912783
residential_16012090290000,2912778
residential_16012090300000,2912774
residential_16012100420000,3056467
residential_16012100420000,3077854
residential_16012120060000,2929010
residential_16012120130000,2187296
residential_16012120180000,2929108
residential_16012120200000,2434085
residential_16012120450000,2357906
residential_16012130280000,2247725
residential_16012140150000,2893986
residential_16012140310000,1663175
residential_16012150150000,2802878
residential_16012150170000,2559254
residential_16012150170000,2592882
residential_16012170420000,2505000
residential_16012170540000,3136655
residential_16012170540000,3238046
residential_16012170550000,3136655
residential_16012170550000,3238046
residential_16012200260000,2416264
residential_16012200320000,2310353
residential_16012200330000,2870349
residential_16012210040000,3037816
residential_16012210160000,2184495
residential_16012220190000,2548774
residential_16012220190000,3128046
residential_16012220290000,1650710
residential_16012230320000,2920985
residential_16012240020000,2601129
residential_16012240150000,3215185
residential_16012240160000,3067908
residential_16012240170000,3215122
residential_16012260160000,2222722
residential_16012260180000,2735763
residential_16012270190000,2453706
residential_16012270280000,2551899
residential_16012270310000,2588527
residential_16012280210000,2416821
residential_16012310260000,2123018
residential_16013030040000,2671626
residential_16013030350000,2783707
residential_16013140160000,2299624
residential_16013140180000,2273733
residential_16013140190000,3155097
residential_16013140220000,2432296
residential_16013140220000,2516817
residential_16013150160000,2542644
residential_16013250410000,2967797
residential_16013250420000,2227759
residential_16013250520000,3065607
residential_16013250600000,2809781
residential_16013260070000,2838313
residential_16013260370000,2786105
residential_16014000270000,1854050
residential_16014000370000,2564233
residential_16014000370000,2564239
residential_16014020330000,2930822
residential_16014040420000,1861580
residential_16014040520000,2925411
residential_16014040530000,2925410
residential_16014040530000,2925411
residential_16014060110000,2518799
residential_16014060390000,2549505
residential_16014070220000,2637687
residential_16014070240000,2637603
residential_16014070290000,2677090
residential_16014080190000,2693611
residential_16014080290000,3013257
residential_16014080410000,3172242
residential_16014090430000,3093376
residential_16014110300000,2754723
residential_16014130040000,1861419
residential_16014130440000,3141502
residential_16014150180000,3099451
residential_16014180380000,1676869
residential_16014180380000,1677402
residential_16014180380000,1677482
residential_16014180400000,1677482
residential_16014220130000,2404849
residential_16014220320000,2849266
residential_16014240270000,2840587
residential_16014240380000,2509341
residential_16014240390000,2904320
residential_16014250190000,1663995
residential_16014260200000,2280352
residential_16014280110000,2594796
residential_16021100270000,2959099
residential_16021120040000,1874582
residential_16021120040000,1907493
residential_16021120200000,1697910
residential_16021150130000,2975283
residential_16021180290000,3072344
residential_16021190010000,3184815
residential_16021190020000,3184917
residential_16021200390000,3185250
residential_16021220390000,3184082
residential_16021220390000,3184086
residential_16021220400000,3184090
residential_16021220410000,3184096
residential_16021220420000,3184103
residential_16021220430000,3184111
residential_16022160450000,2626138
residential_16022160460000,2626138
residential_16022160460000,2748112
residential_16022160470000,2626482
residential_16022160470000,2748112
residential_16022250100000,2654864
residential_16022250440000,2954125
residential_16022270100000,2739281
residential_16022270140000,3166452
residential_16023120100000,1723900
residential_16023130310000,3202538
residential_16023130310000,3235517
residential_16023130310000,3238509
residential_16023130310000,3272436
residential_16023140090000,1770746
residential_16023150290000,1684851
residential_16023150340000,3202538
residential_16023150340000,3235517
residential_16023150340000,3238509
residential_16023150340000,3272436
residential_16023280080000,3180149
residential_16024080320000,2576574
residential_16024080370000,1754439
residential_16024080410000,2576417
residential_16024080420000,2044748
residential_16024080430000,2044748
residential_16024080450000,1876341
residential_16024080480000,1754421
residential_16024080480000,1754426
residential_16024080650000,1827378
residential_16024080650000,1881096
residential_16024090200000,3194948
residential_16024140390000,3135008
residential_16024150060000,3165447
residential_16024150060000,3177687
residential_16024150060000,3191578
residential_16024170150000,1780275
residential_16024200190000,2924507
residential_16024200190000,3161832
residential_16032020280000,1724368
residential_16032090190000,1709151
residential_16032220090000,2949793
residential_16032220100000,1766205
residential_16032250290000,1730230
residential_16032260140000,1815536
residential_16032280380000,3173542
residential_16032320180000,2994490
residential_16034060350000,3154649
residential_16043040160000,3110972
residential_16043090160000,1975434
residential_16043170390000,1738505
residential_16043190230000,1863641
residential_16043210020000,1850042
residential_16043220050000,2271990
residential_16043270120000,1638703
residential_16043270130000,1638702
residential_16044090390000,1861848
residential_16044170320000,1862231
residential_16044190170000,1963910
residential_16044230270000,1712412
residential_16052030210000,1873563
residential_16052070160000,3084653
residential_16052130210000,3080131
residential_16054060120000,3181649
residential_16082040130000,3182480
residential_16082040130000,3228393
residential_16082040130000,3254852
residential_16082040130000,3271476
residential_16082040130000,3273465
residential_16082060140000,3182480
residential_16082060140000,3228393
residential_16082060140000,3254852
residential_16082060140000,3271476
residential_16082060140000,3273465
residential_16082060340000,1794864
residential_16091040170000,1694241
residential_16091070330000,3130672
residential_16091070340000,3130662
residential_16091070360000,3119725
residential_16091130010000,1746208
residential_16091200210000,1746211
residential_16092020190000,2274636
residential_16093120470000,1790762
residential_16093170170000,1791263
residential_16104170250000,1958914
residential_16111020180000,2903736
residential_16111160040000,3223377
residential_16111160040000,3263184
residential_16111160040000,3276309
residential_16111160040000,3312370
residential_16111160040000,3313118
residential_16111160040000,3328397
residential_16111160040000,3341554
residential_16111160040000,3345270
residential_16111160040000,3362724
residential_16111160040000,3363062
residential_16111160040000,3367201
residential_16111160040000,3370371
residential_16111160040000,3372323
residential_16111160040000,3372844
residential_16111160040000,3390381
residential_16111160040000,3390382
residential_16111160040000,3394840
residential_16111160040000,3398310
residential_16111160040000,3398313
residential_16111160040000,3398314
residential_16111160040000,3403293
residential_16111160040000,3408422
residential_16111160040000,3410256
residential_16111160040000,3413848
residential_16111160040000,3429445
residential_16111290440000,1799706
residential_16111290450000,1799698
residential_16111290450000,1799717
residential_16111310070000,3159256
residential_16111310140000,3159198
residential_16111310250000,3145647
residential_16111320450000,1994344
residential_16111320450000,1994727
residential_16111320460000,1994344
residential_16111320460000,1994727
residential_16112070040000,3115895
residential_16112080150000,2689964
residential_16112080150000,2710409
residential_16112080150000,2710416
residential_16112080150000,2710420
residential_16112080150000,2710428
residential_16112090150000,1951950
residential_16112130410000,2689965
residential_16112130410000,2702676
residential_16112130410000,2702694
residential_16112130410000,2710371
residential_16112130410000,2710379
residential_16112150010000,1951946
residential_16112150380000,2694450
residential_16112170010000,2689964
residential_16112170010000,2710409
residential_16112170010000,2710416
residential_16112170010000,2710420
residential_16112170010000,2710428
residential_16112170100000,3182480
residential_16112170100000,3228393
residential_16112170100000,3254852
residential_16112170100000,3271476
residential_16112170100000,3273465
residential_16112260210000,2924517
residential_16112260210000,3110072
residential_16112260210000,3143008
residential_16112260300000,2924507
residential_16112260300000,3161832
residential_16121060360000,2689965
residential_16121060360000,2702676
residential_16121060360000,2702694
residential_16121060360000,2710371
residential_16121060360000,2710379
residential_16121070090000,2924517
residential_16121070090000,3110072
residential_16121070090000,3143008
residential_16121070100000,3108039
residential_16121070260000,2689964
residential_16121070260000,2710409
residential_16121070260000,2710416
residential_16121070260000,2710420
residential_16121070260000,2710428
residential_16121090050000,3059682
residential_16122020240000,2556866
residential_16122020370000,2169685
residential_16122030230000,2825274
residential_16122030330000,2786316
residential_16122030380000,1712225
residential_16122050310000,2604992
residential_16122060120000,2785512
residential_16122060260000,2315109
residential_16122060380000,2428867
residential_16122070200000,2485125
residential_16122070250000,2899756
residential_16122070360000,2833670
residential_16122100020000,2373338
residential_16122100020000,2373435
residential_16122100030000,2373338
residential_16122100200000,1953680
residential_16122100230000,2738917
residential_16122130070000,2686057
residential_16122130170000,2639304
residential_16122130190000,3158145
residential_16122140110000,2326609
residential_16122140210000,2798789
residential_16122140530000,2530334
residential_16122140540000,2556753
residential_16122140550000,2556753
residential_16122140570000,2530346
residential_16122140570000,2915255
residential_16122140570000,2915256
residential_16122140570000,2915257
residential_16122140580000,2530346
residential_16122140580000,2915255
residential_16122140580000,2915256
residential_16122140580000,2915257
residential_16122180100000,2758863
residential_16122180350000,2854406
residential_16122180350000,2888788
residential_16122180590000,2173092
residential_16122180590000,2789927
residential_16123080090000,2754711
residential_16123250120000,3062833
residential_16123310470000,3039457
residential_16123310510000,1854106
residential_16124210550000,2919313
residential_16124230710000,2515568
residential_16124230730000,2863692
residential_16124230760000,2801351
residential_16124230770000,2843072
residential_16124230770000,2843074
residential_16124270170000,3066645
residential_16131090070000,1905111
residential_16131090110000,3081667
residential_16131110360000,3235530
residential_16131140430000,1733811
residential_16131240060000,3135975
residential_16131320500000,3246498
residential_16132000180000,3228651
residential_16132000190000,3228641
residential_16132000190000,3228651
residential_16132000190000,3277991
residential_16132040050000,2316221
residential_16132040050000,2378035
residential_16132060120000,3059701
residential_16132060120000,3071372
residential_16132060120000,3071395
residential_16132060740000,3059701
residential_16132060740000,3071372
residential_16132060740000,3071395
residential_16132060750000,3059701
residential_16132060750000,3071372
residential_16132060750000,3071395
residential_16132060780000,3059701
residential_16132060780000,3071372
residential_16132060780000,3071395
residential_16132060790000,3059701
residential_16132060790000,3071372
residential_16132060790000,3071395
residential_16132080070000,2332397
residential_16132080070000,2378082
residential_16132120160000,1679366
residential_16132140730000,2168600
residential_16132170240000,3149607
residential_16132170250000,3149607
residential_16132170250000,3164385
residential_16132190460000,2154108
residential_16132190460000,2168587
residential_16132190500000,2154109
residential_16132190500000,2168581
residential_16132190510000,2153392
residential_16132190520000,2153392
residential_16132210010000,2771585
residential_16132320040000,2821071
residential_16132320070000,2924482
residential_16132320080000,2924440
residential_16132320080000,2924482
residential_16132320200000,2871150
residential_16132320330000,2592592
residential_16132320350000,2793574
residential_16132320360000,2793553
residential_16132320360000,2887221
residential_16132330080000,1844438
residential_16132330090000,2759114
residential_16132330110000,2759117
residential_16132330120000,2805605
residential_16132340060000,1954868
residential_16132340180000,2774103
residential_16133030290000,1702724
residential_16133030400000,1754414
residential_16133050370000,1755244
residential_16133080610000,1759555
residential_16133080610000,1759556
residential_16133080620000,1759555
residential_16133080620000,1759556
residential_16133120260000,1640041
residential_16133120590000,1813155
residential_16133120600000,1732547
residential_16133150170000,1790316
residential_16133150180000,1790311
residential_16133150190000,1790307
residential_16133150200000,1790304
residential_16133150550000,2091642
residential_16133150570000,2010511
residential_16133250240000,1640043
residential_16133260510000,1807953
residential_16134030230000,3059646
residential_16134060380000,3107755
residential_16134060410000,3107748
residential_16134060480000,2907744
residential_16134080150000,1642787
residential_16134080170000,1642784
residential_16134080180000,1642785
residential_16134080190000,1642786
residential_16134100550000,3029204
residential_16134100550000,3033468
residential_16134100550000,3033477
residential_16134100550000,3033479
residential_16134100550000,3033483
residential_16134100550000,3033484
residential_16134100550000,3033486
residential_16134100550000,3033487
residential_16134100550000,3069254
residential_16134100550000,3069257
residential_16134100550000,3069265
residential_16134100550000,3069269
residential_16134100550000,3069271
residential_16134100550000,3069272
residential_16134100550000,3069274
residential_16134100550000,3179856
residential_16134100550000,3179906
residential_16134100550000,3179936
residential_16134100550000,3180060
residential_16134100550000,3180117
residential_16134100550000,3180124
residential_16134100550000,3180126
residential_16134100550000,3180129
residential_16134100550000,3180134
residential_16134100550000,3180137
residential_16134100550000,3180138
residential_16134100550000,3180140
residential_16134100550000,3180143
residential_16134100550000,3180146
residential_16134100560000,3029204
residential_16134100560000,3033468
residential_16134100560000,3033477
residential_16134100560000,3033479
residential_16134100560000,3033483
residential_16134100560000,3033484
residential_16134100560000,3033486
residential_16134100560000,3033487
residential_16134100560000,3069254
residential_16134100560000,3069257
residential_16134100560000,3069265
residential_16134100560000,3069269
residential_16134100560000,3069271
residential_16134100560000,3069272
residential_16134100560000,3069274
residential_16134100560000,3179856
residential_16134100560000,3179906
residential_16134100560000,3179936
residential_16134100560000,3180060
residential_16134100560000,3180117
residential_16134100560000,3180124
residential_16134100560000,3180126
residential_16134100560000,3180129
residential_16134100560000,3180134
residential_16134100560000,3180137
residential_16134100560000,3180138
residential_16134100560000,3180140
residential_16134100560000,3180143
residential_16134100560000,3180146
residential_16134100590000,3179936
residential_16134100600000,3180060
residential_16134100610000,3180117
residential_16134100620000,3180124
residential_16134100640000,3180126
residential_16134100640000,3180129
residential_16134100650000,3180134
residential_16134110220000,3045399
residential_16134110220000,3089249
residential_16134110230000,3045395
residential_16134110320000,3169636
residential_16134120230000,2887076
residential_16134120240000,3020383
residential_16134120250000,3020379
residential_16134200150000,1889882
residential_16134240380000,2862999
residential_16134240390000,2862996
residential_16134240400000,2887196
residential_16134270130000,1738401
residential_16134270200000,2737265
residential_16134280240000,3010586
residential_16134280240000,3010603
residential_16134280250000,2673784
residential_16134280250000,2894006
residential_16134280260000,2673784
residential_16134280270000,2673798
residential_16134280270000,2674001
residential_16134280290000,2495107
residential_16134280300000,2495105
residential_16134280300000,2598013
residential_16134280310000,2598093
residential_16134280320000,2598013
residential_16134280320000,2598109
residential_16134280350000,2651954
residential_16134280350000,2651972
residential_16134280350000,2661393
residential_16141090340000,1684497
residential_16143060470000,1732729
residential_16143070300000,1864776
residential_16143070410000,1867691
residential_16143070430000,1867693
residential_16144060390000,2077787
residential_16144060390000,2123790
residential_16144070140000,2077708
residential_16144070140000,2077773
residential_16144070140000,2123788
residential_16144070140000,2123789
residential_16144070150000,2077707
residential_16144070150000,2077773
residential_16144070150000,2123787
residential_16144070150000,2123789
residential_16144070460000,1967060
residential_16144100020000,2042347
residential_16144100020000,2108696
residential_16144100390000,1941065
residential_16144100390000,1941075
residential_16144100390000,1970474
residential_16144100390000,1970478
residential_16144100390000,1972992
residential_16144100400000,1941065
residential_16144100400000,1941075
residential_16144100400000,1970474
residential_16144100400000,1970478
residential_16144100400000,1972992
residential_16144100410000,1941065
residential_16144100410000,1941075
residential_16144100410000,1970474
residential_16144100410000,1970478
residential_16144100410000,1972992
residential_16144100420000,1941065
residential_16144100420000,1941075
residential_16144100420000,1970474
residential_16144100420000,1970478
residential_16144100420000,1972992
residential_16151060380000,1665282
residential_16151060390000,1665282
residential_16151110270000,1889538
residential_16151140210000,1836628
residential_16151140220000,1836644
residential_16152060340000,1889609
residential_16152070370000,1695083
residential_16152160380000,1789534
residential_16152190300000,1789454
residential_16152200170000,1892694
residential_16152210400000,1789557
residential_16152220080000,1789426
residential_16152260310000,1907099
residential_16152260320000,1910587
residential_16152260430000,1907888
residential_16154010120000,1618277
residential_16154010380000,1641675
residential_16154010380000,1646002
residential_16154010380000,1649694
residential_16154010380000,1763615
residential_16154010390000,1641675
residential_16154010390000,1646002
residential_16154010390000,1649694
residential_16154010390000,1763615
residential_16154010400000,1641675
residential_16154010400000,1646002
residential_16154010400000,1649694
residential_16154010400000,1763615
residential_16154010410000,1641675
residential_16154010410000,1646002
residential_16154010410000,1649694
residential_16154010410000,1763615
residential_16161020240000,2055896
residential_16161050020000,1958932
residential_16162000100000,1828017
residential_16162080520000,1665923
residential_16162080520000,1665924
residential_16162080530000,1665923
residential_16162080530000,1665924
residential_16233220070000,1760360
residential_16234130460000,1826438
residential_16234130460000,1826448
residential_16234150590000,1641352
residential_16241000350000,1822306
residential_16241000360000,1822325
residential_16242070470000,3084820
residential_16243050340000,1824470
residential_16244010280000,2996184
residential_16244160080000,1908360
residential_16244160080000,1929142
residential_16244220050000,1786915
residential_16251030420000,1755560
residential_16252110060000,3121666
residential_16252180520000,1682500
residential_16252180520000,1682929
residential_16261010220000,3086946
residential_16261070190000,1863998
residential_16262070200000,1696423
residential_16262110430000,1897272
residential_16264190100000,1649644
residential_16264260090000,1725538
residential_16264260220000,1647507
residential_16264280090000,2155961
residential_16272020310000,1955466
residential_16354050200000,1698048
residential_16354050440000,2920731
residential_16354090350000,3130971
residential_16354120010000,3053971
residential_16354120070000,1668768
residential_16354120330000,3188361
residential_16354130180000,1955958
residential_16362020080000,2811704
residential_16362020080000,2811706
residential_16362020090000,2811706
residential_16362020380000,2599367
residential_16362020420000,2599367
residential_16362020430000,2599367
residential_16362020470000,2599367
residential_16362030080000,3204133
residential_16362040280000,2781959
residential_16363070180000,2307226
residential_16363070190000,2296919
residential_16363070190000,2307226
residential_16363080120000,1674554
residential_16363080530000,1784972
residential_16363130350000,3155766
residential_16363160260000,2984198
residential_16363160270000,2984193
residential_16363160270000,2984198
residential_16363170030000,3042441
residential_16363170030000,3056384
residential_16363170040000,3056382
residential_16363170050000,3056382
residential_16363170170000,3212176
residential_16363170180000,3212131
residential_16363190240000,2521515
residential_16363190240000,2521516
residential_16363200100000,2893771
residential_16364040140000,3040892
residential_16364040310000,2865682
residential_16364050200000,2597212
residential_16364050200000,2639589
residential_16364050200000,2731734
residential_16364050200000,2731743
residential_16364050200000,2771794
residential_16364050200000,2771797
residential_16364050210000,2597212
residential_16364050210000,2639589
residential_16364050210000,2731734
residential_16364050210000,2731743
residential_16364050210000,2771794
residential_16364050210000,2771797
residential_16364050220000,2597212
residential_16364050220000,2639589
residential_16364050220000,2731734
residential_16364050220000,2731743
residential_16364050220000,2771794
residential_16364050220000,2771797
residential_16364050230000,2597212
residential_16364050230000,2639589
residential_16364050230000,2731734
residential_16364050230000,2731743
residential_16364050230000,2771794
residential_16364050230000,2771797
residential_16364050240000,2597212
residential_16364050240000,2639589
residential_16364050240000,2731734
residential_16364050240000,2731743
residential_16364050240000,2771794
residential_16364050240000,2771797
residential_16364050290000,2597212
residential_16364050290000,2639589
residential_16364050290000,2731734
residential_16364050290000,2731743
residential_16364050290000,2771794
residential_16364050290000,2771797
residential_16364050300000,2597212
residential_16364050300000,2639589
residential_16364050300000,2731734
residential_16364050300000,2731743
residential_16364050300000,2771794
residential_16364050300000,2771797
residential_16364050310000,2597212
residential_16364050310000,2639589
residential_16364050310000,2731734
residential_16364050310000,2731743
residential_16364050310000,2771794
residential_16364050310000,2771797
residential_16364050320000,2597212
residential_16364050320000,2639589
residential_16364050320000,2731734
residential_16364050320000,2731743
residential_16364050320000,2771794
residential_16364050320000,2771797
residential_16364050330000,2597212
residential_16364050330000,2639589
residential_16364050330000,2731734
residential_16364050330000,2731743
residential_16364050330000,2771794
residential_16364050330000,2771797
residential_16364050690000,2597212
residential_16364050690000,2639589
residential_16364050690000,2731734
residential_16364050690000,2731743
residential_16364050690000,2771794
residential_16364050690000,2771797
residential_16364050700000,2597212
residential_16364050700000,2639589
residential_16364050700000,2731734
residential_16364050700000,2731743
residential_16364050700000,2771794
residential_16364050700000,2771797
residential_16364050710000,2597212
residential_16364050710000,2639589
residential_16364050710000,2731734
residential_16364050710000,2731743
residential_16364050710000,2771794
residential_16364050710000,2771797
residential_16364050720000,2597212
residential_16364050720000,2639589
residential_16364050720000,2731734
residential_16364050720000,2731743
residential_16364050720000,2771794
residential_16364050720000,2771797
residential_16364050730000,2597212
residential_16364050730000,2639589
residential_16364050730000,2731734
residential_16364050730000,2731743
residential_16364050730000,2771794
residential_16364050730000,2771797
residential_16364050800000,2597212
residential_16364050800000,2639589
residential_16364050800000,2731734
residential_16364050800000,2731743
residential_16364050800000,2771794
residential_16364050800000,2771797
residential_16364050800000,2821200
residential_16364050800000,2822721
residential_16364050810000,2597212
residential_16364050810000,2639589
residential_16364050810000,2731734
residential_16364050810000,2731743
residential_16364050810000,2771794
residential_16364050810000,2771797
residential_16364050810000,2821200
residential_16364050810000,2822721
residential_16364050820000,2597212
residential_16364050820000,2639589
residential_16364050820000,2731734
residential_16364050820000,2731743
residential_16364050820000,2771794
residential_16364050820000,2771797
residential_16364050820000,2821200
residential_16364050820000,2822721
residential_16364050830000,2597212
residential_16364050830000,2639589
residential_16364050830000,2731734
residential_16364050830000,2731743
residential_16364050830000,2771794
residential_16364050830000,2771797
residential_16364050830000,2821200
residential_16364050830000,2822721
residential_16364050840000,2597212
residential_16364050840000,2639589
residential_16364050840000,2731734
residential_16364050840000,2731743
residential_16364050840000,2771794
residential_16364050840000,2771797
residential_16364050840000,2821200
residential_16364050840000,2822721
residential_16364050850000,2597212
residential_16364050850000,2639589
residential_16364050850000,2731734
residential_16364050850000,2731743
residential_16364050850000,2771794
residential_16364050850000,2771797
residential_16364050850000,2821200
residential_16364050850000,2822721
residential_16364050860000,2597212
residential_16364050860000,2639589
residential_16364050860000,2731734
residential_16364050860000,2731743
residential_16364050860000,2771794
residential_16364050860000,2771797
residential_16364050860000,2821200
residential_16364050860000,2822721
residential_16364050870000,2597212
residential_16364050870000,2639589
residential_16364050870000,2731734
residential_16364050870000,2731743
residential_16364050870000,2771794
residential_16364050870000,2771797
residential_16364050870000,2821200
residential_16364050870000,2822721
residential_16364050880000,2597212
residential_16364050880000,2639589
residential_16364050880000,2731734
residential_16364050880000,2731743
residential_16364050880000,2771794
residential_16364050880000,2771797
residential_16364050880000,2821200
residential_16364050880000,2822721
residential_16364050890000,2597212
residential_16364050890000,2639589
residential_16364050890000,2731734
residential_16364050890000,2731743
residential_16364050890000,2771794
residential_16364050890000,2771797
residential_16364050890000,2821200
residential_16364050890000,2822721
residential_16364060160000,1661068
residential_16364140530000,2671691
residential_16364140530000,2671698
residential_16364140530000,2671701
residential_16364140530000,2671702
residential_16364140530000,2681879
residential_16364140530000,2681883
residential_16364140530000,2681884
residential_16364140530000,2681889
residential_16364140530000,2681892
residential_16364140530000,2738457
residential_16364140530000,2738466
residential_16364140530000,2738471
residential_16364140530000,2738482
residential_16364140530000,2738495
residential_16364140530000,2738507
residential_16364140530000,2738522
residential_16364140530000,2738534
residential_16364140530000,2738542
residential_16364140530000,2738547
residential_16364140530000,2738557
residential_16364140530000,2738560
residential_16364140530000,2738579
residential_16364140540000,2671691
residential_16364140540000,2671698
residential_16364140540000,2671701
residential_16364140540000,2671702
residential_16364140540000,2681879
residential_16364140540000,2681883
residential_16364140540000,2681884
residential_16364140540000,2681889
residential_16364140540000,2681892
residential_16364140540000,2738457
residential_16364140540000,2738466
residential_16364140540000,2738471
residential_16364140540000,2738482
residential_16364140540000,2738495
residential_16364140540000,2738507
residential_16364140540000,2738522
residential_16364140540000,2738534
residential_16364140540000,2738542
residential_16364140540000,2738547
residential_16364140540000,2738557
residential_16364140540000,2738560
residential_16364140540000,2738579
residential_16364140550000,2671691
residential_16364140550000,2671698
residential_16364140550000,2671701
residential_16364140550000,2671702
residential_16364140550000,2681879
residential_16364140550000,2681883
residential_16364140550000,2681884
residential_16364140550000,2681889
residential_16364140550000,2681892
residential_16364140550000,2738457
residential_16364140550000,2738466
residential_16364140550000,2738471
residential_16364140550000,2738482
residential_16364140550000,2738495
residential_16364140550000,2738507
residential_16364140550000,2738522
residential_16364140550000,2738534
residential_16364140550000,2738542
residential_16364140550000,2738547
residential_16364140550000,2738557
residential_16364140550000,2738560
residential_16364140550000,2738579
residential_16364140560000,2671691
residential_16364140560000,2671698
residential_16364140560000,2671701
residential_16364140560000,2671702
residential_16364140560000,2681879
residential_16364140560000,2681883
residential_16364140560000,2681884
residential_16364140560000,2681889
residential_16364140560000,2681892
residential_16364140560000,2738457
residential_16364140560000,2738466
residential_16364140560000,2738471
residential_16364140560000,2738482
residential_16364140560000,2738495
residential_16364140560000,2738507
residential_16364140560000,2738522
residential_16364140560000,2738534
residential_16364140560000,2738542
residential_16364140560000,2738547
residential_16364140560000,2738557
residential_16364140560000,2738560
residential_16364140560000,2738579
residential_16364190200000,2156995
residential_16364190210000,2156995
residential_16364190220000,2157009
residential_16364190220000,2424244
residential_16364190230000,2157009
residential_16364190230000,2424244
residential_16364230360000,2444379
residential_16364290010000,2671691
residential_16364290010000,2671698
residential_16364290010000,2671701
residential_16364290010000,2671702
residential_16364290010000,2681879
residential_16364290010000,2681883
residential_16364290010000,2681884
residential_16364290010000,2681889
residential_16364290010000,2681892
residential_16364290010000,2738457
residential_16364290010000,2738466
residential_16364290010000,2738471
residential_16364290010000,2738482
residential_16364290010000,2738495
residential_16364290010000,2738507
residential_16364290010000,2738522
residential_16364290010000,2738534
residential_16364290010000,2738542
residential_16364290010000,2738547
residential_16364290010000,2738557
residential_16364290010000,2738560
residential_16364290010000,2738579
residential_16364290010000,2852477
residential_16364290010000,2852491
residential_16364290010000,2852495
residential_16364290010000,2852637
residential_16364290010000,2852663
residential_16364290010000,2852670
residential_16364290010000,2852680
residential_16364290010000,2852721
residential_16364290010000,2852737
residential_16364290010000,2852752
residential_16364290010000,2852766
residential_16364290010000,2852793
residential_16364290010000,2852805
residential_16364290010000,2852825
residential_16364290020000,2671691
residential_16364290020000,2671698
residential_16364290020000,2671701
residential_16364290020000,2671702
residential_16364290020000,2681879
residential_16364290020000,2681883
residential_16364290020000,2681884
residential_16364290020000,2681889
residential_16364290020000,2681892
residential_16364290020000,2738457
residential_16364290020000,2738466
residential_16364290020000,2738471
residential_16364290020000,2738482
residential_16364290020000,2738495
residential_16364290020000,2738507
residential_16364290020000,2738522
residential_16364290020000,2738534
residential_16364290020000,2738542
residential_16364290020000,2738547
residential_16364290020000,2738557
residential_16364290020000,2738560
residential_16364290020000,2738579
residential_16364290030000,2671691
residential_16364290030000,2671698
residential_16364290030000,2671701
residential_16364290030000,2671702
residential_16364290030000,2681879
residential_16364290030000,2681883
residential_16364290030000,2681884
residential_16364290030000,2681889
residential_16364290030000,2681892
residential_16364290030000,2738457
residential_16364290030000,2738466
residential_16364290030000,2738471
residential_16364290030000,2738482
residential_16364290030000,2738495
residential_16364290030000,2738507
residential_16364290030000,2738522
residential_16364290030000,2738534
residential_16364290030000,2738542
residential_16364290030000,2738547
residential_16364290030000,2738557
residential_16364290030000,2738560
residential_16364290030000,2738579
residential_16364290040000,2671691
residential_16364290040000,2671698
residential_16364290040000,2671701
residential_16364290040000,2671702
residential_16364290040000,2681879
residential_16364290040000,2681883
residential_16364290040000,2681884
residential_16364290040000,2681889
residential_16364290040000,2681892
residential_16364290040000,2738457
residential_16364290040000,2738466
residential_16364290040000,2738471
residential_16364290040000,2738482
residential_16364290040000,2738495
residential_16364290040000,2738507
residential_16364290040000,2738522
residential_16364290040000,2738534
residential_16364290040000,2738542
residential_16364290040000,2738547
residential_16364290040000,2738557
residential_16364290040000,2738560
residential_16364290040000,2738579
residential_16364290050000,2738457
residential_16364290050000,2738466
residential_16364290050000,2738471
residential_16364290050000,2738482
residential_16364290050000,2738495
residential_16364290050000,2738507
residential_16364290050000,2738522
residential_16364290050000,2738534
residential_16364290050000,2738542
residential_16364290050000,2738547
residential_16364290050000,2738557
residential_16364290050000,2738560
residential_16364290050000,2738579
residential_16364290060000,2671691
residential_16364290060000,2671698
residential_16364290060000,2671701
residential_16364290060000,2671702
residential_16364290060000,2681879
residential_16364290060000,2681883
residential_16364290060000,2681884
residential_16364290060000,2681889
residential_16364290060000,2681892
residential_16364290060000,2738457
residential_16364290060000,2738466
residential_16364290060000,2738471
residential_16364290060000,2738482
residential_16364290060000,2738495
residential_16364290060000,2738507
residential_16364290060000,2738522
residential_16364290060000,2738534
residential_16364290060000,2738542
residential_16364290060000,2738547
residential_16364290060000,2738557
residential_16364290060000,2738560
residential_16364290060000,2738579
residential_16364290070000,2671691
residential_16364290070000,2671698
residential_16364290070000,2671701
residential_16364290070000,2671702
residential_16364290070000,2681879
residential_16364290070000,2681883
residential_16364290070000,2681884
residential_16364290070000,2681889
residential_16364290070000,2681892
residential_16364290070000,2738457
residential_16364290070000,2738466
residential_16364290070000,2738471
residential_16364290070000,2738482
residential_16364290070000,2738495
residential_16364290070000,2738507
residential_16364290070000,2738522
residential_16364290070000,2738534
residential_16364290070000,2738542
residential_16364290070000,2738547
residential_16364290070000,2738557
residential_16364290070000,2738560
residential_16364290070000,2738579
residential_16364290080000,2671691
residential_16364290080000,2671698
residential_16364290080000,2671701
residential_16364290080000,2671702
residential_16364290080000,2681879
residential_16364290080000,2681883
residential_16364290080000,2681884
residential_16364290080000,2681889
residential_16364290080000,2681892
residential_16364290080000,2738457
residential_16364290080000,2738466
residential_16364290080000,2738471
residential_16364290080000,2738482
residential_16364290080000,2738495
residential_16364290080000,2738507
residential_16364290080000,2738522
residential_16364290080000,2738534
residential_16364290080000,2738542
residential_16364290080000,2738547
residential_16364290080000,2738557
residential_16364290080000,2738560
residential_16364290080000,2738579
residential_16364290190000,2671691
residential_16364290200000,2671691
residential_16364290210000,2671691
residential_16364290220000,2671691
residential_16364290250000,2671691
residential_16364290260000,2671691
residential_16364290290000,2671691
residential_16364290300000,2671691
residential_17031090100000,2780189
residential_17032000360000,2706344
residential_17032020110000,1897074
residential_17032020120000,2294547
residential_17041080240000,2720654
residential_17041080240000,2798620
residential_17041210400000,2079690
residential_17041210440000,2169411
residential_17041220090000,1781445
residential_17041220210000,1708955
residential_17041220420000,2627041
residential_17042010150000,2414324
residential_17042010340000,2743035
residential_17042020100000,2553574
residential_17042020110000,2496901
residential_17042020170000,3190384
residential_17042020180000,3190384
residential_17042020200000,2650779
residential_17042020220000,3052284
residential_17042020290000,2810997
residential_17042020370000,2718490
residential_17042020400000,2687631
residential_17042020480000,2133911
residential_17042120200000,1796860
residential_17043050330000,1695453
residential_17043070390000,1695449
residential_17043070490000,1695450
residential_17043200200000,2537834
residential_17043200200000,2553353
residential_17043200200000,2563161
residential_17043200200000,2563162
residential_17043200200000,2563163
residential_17043200200000,2563164
residential_17043200210000,2537834
residential_17043200210000,2553353
residential_17043200210000,2563161
residential_17043200210000,2563162
residential_17043200210000,2563163
residential_17043200210000,2563164
residential_17043200220000,2537579
residential_17043200220000,2537825
residential_17043200220000,2537831
residential_17043200220000,2553346
residential_17043200220000,2553363
residential_17043200220000,2553372
residential_17043200220000,2563161
residential_17043200220000,2563162
residential_17043200220000,2563163
residential_17043200220000,2563164
residential_17043200330000,2537834
residential_17043200330000,2553353
residential_17043200330000,2563161
residential_17043200330000,2563162
residential_17043200330000,2563163
residential_17043200330000,2563164
residential_17043200340000,2537834
residential_17043200340000,2553353
residential_17043200340000,2563161
residential_17043200340000,2563162
residential_17043200340000,2563163
residential_17043200340000,2563164
residential_17043200460000,2537834
residential_17043200460000,2553353
residential_17043200460000,2563161
residential_17043200460000,2563162
residential_17043200460000,2563163
residential_17043200460000,2563164
residential_17043200470000,2537834
residential_17043200470000,2553353
residential_17043200470000,2563161
residential_17043200470000,2563162
residential_17043200470000,2563163
residential_17043200470000,2563164
residential_17043200550000,2537834
residential_17043200550000,2553353
residential_17043200550000,2563161
residential_17043200550000,2563162
residential_17043200550000,2563163
residential_17043200550000,2563164
residential_17051010910000,1895084
residential_17051100060000,2830626
residential_17051100160000,2455134
residential_17051100170000,2455126
residential_17051100620000,2867138
residential_17051240180000,1962016
residential_17053000120000,2175445
residential_17053000120000,2405424
residential_17053080600000,2767469
residential_17053090570000,2070092
residential_17053200410000,2439437
residential_17053220120000,2274956
residential_17053220170000,2329732
residential_17054140290000,2579982
residential_17054140300000,2712214
residential_17054140310000,2538026
residential_17054140310000,2712214
residential_17054140360000,1758138
residential_17061000100000,2703429
residential_17061030020000,2442525
residential_17061140060000,2988658
residential_17061160250000,2742712
residential_17061160260000,2736072
residential_17061160450000,2737764
residential_17061160460000,2778958
residential_17061160470000,2778952
residential_17061160470000,2778958
residential_17061170010000,1842088
residential_17061170080000,2072318
residential_17061170170000,2627027
residential_17061170220000,2975490
residential_17061180200000,2252337
residential_17061180310000,2729431
residential_17061180380000,1926149
residential_17061180400000,3028282
residential_17061260560000,2354366
residential_17062000070000,2698908
residential_17062010190000,2566387
residential_17062020170000,1812090
residential_17062020320000,2378841
residential_17062030070000,1967728
residential_17062040030000,2050963
residential_17062040270000,2738051
residential_17062100270000,2442789
residential_17062110350000,2740042
residential_17062110350000,2998683
residential_17062130470000,2973029
residential_17062140010000,1828975
residential_17062150410000,2899046
residential_17062160890000,1842049
residential_17062180540000,2898277
residential_17062210270000,2240515
residential_17062250190000,2838875
residential_17062250260000,2687859
residential_17062270370000,2465854
residential_17062270500000,2446500
residential_17062270810000,2553251
residential_17062270810000,2643308
residential_17062270820000,2553253
residential_17062290400000,2613617
residential_17062290410000,2613615
residential_17062300120000,2602884
residential_17062300160000,2684544
residential_17062330050000,2266123
residential_17062330250000,2266123
residential_17062340030000,2541773
residential_17062340460000,1814422
residential_17062340530000,2849312
residential_17062340780000,2442810
residential_17062340780000,2442814
residential_17062350820000,2492831
residential_17063020110000,2351124
residential_17063180090000,2257331
residential_17063190320000,2397825
residential_17063230290000,2597238
residential_17063260460000,1654632
residential_17063260460000,1655633
residential_17063270040000,2649706
residential_17063270040000,2685320
residential_17063270210000,2684413
residential_17063270260000,2619933
residential_17063270280000,2921452
residential_17063270310000,2645584
residential_17063310290000,2607581
residential_17064000410000,2407133
residential_17064070040000,2810516
residential_17064070120000,3135252
residential_17064100230000,2408644
residential_17064140420000,3280340
residential_17064170090000,2196204
residential_17064220470000,2409569
residential_17064230070000,2192249
residential_17064310120000,3229225
residential_17064330240000,2897365
residential_17064350240000,2120182
residential_17071000190000,2674714
residential_17071020230000,2539949
residential_17071040270000,2525959
residential_17071050210000,2895906
residential_17071050210000,2895909
residential_17071050220000,2895906
residential_17071050240000,2738925
residential_17071050250000,2706067
residential_17071050260000,2626241
residential_17071050350000,1741458
residential_17071050360000,1735232
residential_17071060040000,2774120
residential_17071060150000,3222371
residential_17071060250000,3140194
residential_17071060410000,3071954
residential_17071070050000,2370581
residential_17071070060000,2415483
residential_17071070110000,2226742
residential_17071070140000,2395192
residential_17071070160000,2582583
residential_17071070230000,3035142
residential_17071080270000,1863988
residential_17071080330000,2492986
residential_17071080330000,2587104
residential_17071090120000,3219872
residential_17071090150000,2730301
residential_17071090340000,2325121
residential_17071090380000,2317399
residential_17071090540000,2741370
residential_17071090540000,2771773
residential_17071100130000,3231988
residential_17071100160000,2997072
residential_17071110020000,2578253
residential_17071110100000,3175084
residential_17071110120000,2906997
residential_17071110190000,2365578
residential_17071110260000,2935683
residential_17071110300000,1767793
residential_17071110440000,2975770
residential_17071110550000,2509187
residential_17071120030000,2327148
residential_17071120050000,2689981
residential_17071120310000,3167909
residential_17071120390000,2944131
residential_17071130160000,2448067
residential_17071130160000,2587312
residential_17071140090000,1778269
residential_17071140090000,2360154
residential_17071140160000,2600347
residential_17071140310000,2736450
residential_17071140340000,2773940
residential_17071140370000,3138459
residential_17071140390000,2737784
residential_17071140430000,2766248
residential_17071140530000,2603500
residential_17071140530000,2603508
residential_17071140540000,2603500
residential_17071140540000,2603508
residential_17071140550000,2603500
residential_17071140550000,2603508
residential_17071150140000,2999003
residential_17071150150000,2773993
residential_17071150160000,2744345
residential_17071150170000,3184662
residential_17071150200000,1800235
residential_17071150360000,2509225
residential_17071160030000,2894604
residential_17071160190000,2397628
residential_17071160200000,2397521
residential_17071160210000,2397413
residential_17071160220000,2397383
residential_17071160260000,2403331
residential_17071160260000,2470543
residential_17071160270000,2403331
residential_17071160280000,2403303
residential_17071160390000,2704663
residential_17071160560000,2397278
residential_17071160560000,2397294
residential_17071160570000,2397278
residential_17071160570000,2397294
residential_17071170350000,2910534
residential_17071170350000,3023381
residential_17071170360000,2910534
residential_17071170380000,2541494
residential_17071200070000,2617673
residential_17071200120000,3064591
residential_17071200120000,3124541
residential_17071200180000,2547926
residential_17071200270000,2357868
residential_17071200270000,2474326
residential_17071200280000,2474326
residential_17071200400000,2900854
residential_17071200440000,2554559
residential_17071200450000,2554532
residential_17071210070000,2598906
residential_17071210070000,2657361
residential_17071210090000,1839630
residential_17071210100000,2493797
residential_17071210320000,2497203
residential_17071210380000,1686706
residential_17071220010000,2310384
residential_17071220030000,2461197
residential_17071220040000,2461187
residential_17071220090000,2508822
residential_17071220140000,1681388
residential_17071220150000,1681381
residential_17071220170000,2528262
residential_17071220170000,2528267
residential_17071230220000,2486718
residential_17071270150000,1700141
residential_17071270150000,1816796
residential_17072010020000,2793530
residential_17072010310000,1815182
residential_17072010340000,2404618
residential_17072010350000,2404617
residential_17072040130000,2365581
residential_17072040150000,2413882
residential_17072040340000,2358576
residential_17072050110000,1636583
residential_17072050250000,2406934
residential_17072050270000,1803528
residential_17072050420000,3167798
residential_17072050420000,3242799
residential_17072060030000,3046536
residential_17072060130000,1650101
residential_17072060140000,1800529
residential_17072060210000,3129270
residential_17072070010000,2170694
residential_17072070140000,3098468
residential_17072070260000,3028407
residential_17072070280000,2404572
residential_17072070300000,2358854
residential_17072070420000,1783640
residential_17072070420000,1783643
residential_17072070430000,1783636
residential_17072080150000,2419931
residential_17072080160000,2419821
residential_17072080170000,2419821
residential_17072080170000,2654818
residential_17072080210000,1870420
residential_17072080310000,2735732
residential_17072080320000,2643183
residential_17072080400000,2827963
residential_17072080510000,2501820
residential_17072080520000,2531324
residential_17072080520000,2531337
residential_17072080520000,2531347
residential_17072080530000,2531324
residential_17072080530000,2531337
residential_17072080530000,2531347
residential_17072090130000,1637120
residential_17072090210000,3110065
residential_17072090260000,2350616
residential_17072090260000,2464201
residential_17072090270000,2350616
residential_17072090290000,2230986
residential_17072090300000,2548605
residential_17072090310000,2548594
residential_17072090320000,2283374
residential_17072090330000,2283367
residential_17072090530000,1812485
residential_17072090530000,1818114
residential_17072090540000,1812485
residential_17072090540000,1818114
residential_17072100030000,1890653
residential_17072100360000,1674653
residential_17072100390000,3207200
residential_17072100440000,1672736
residential_17072100460000,2485888
residential_17072100490000,2672972
residential_17072110250000,2723046
residential_17072110250000,2783721
residential_17072110270000,2596674
residential_17072110280000,2576359
residential_17072110290000,2576723
residential_17072110300000,2627204
residential_17072110350000,1720055
residential_17072120010000,2215965
residential_17072120010000,2519768
residential_17072120030000,2333472
residential_17072120040000,2531280
residential_17072120120000,2748506
residential_17072120130000,2676417
residential_17072120130000,2748506
residential_17072120140000,2768627
residential_17072120150000,2813687
residential_17072120170000,3014287
residential_17072120210000,2467025
residential_17072120220000,2473424
residential_17072120230000,2597492
residential_17072120240000,2597491
residential_17072120240000,2597492
residential_17072120330000,2685657
residential_17072120520000,2501757
residential_17072120530000,2531290
residential_17072130100000,2344883
residential_17072130110000,2886076
residential_17072130140000,2650777
residential_17072130160000,2404742
residential_17072130190000,2786486
residential_17072150190000,2265789
residential_17072150550000,2481452
residential_17072150570000,2256353
residential_17072150890000,2366877
residential_17072150900000,2366857
residential_17072160040000,2483413
residential_17072160050000,2261855
residential_17072160060000,2806372
residential_17072160080000,2664574
residential_17072160090000,2518141
residential_17072160100000,2709591
residential_17072160190000,2089842
residential_17072160220000,3011602
residential_17072160240000,2440304
residential_17072160280000,2573976
residential_17072160290000,1757588
residential_17072160320000,2510390
residential_17072170080000,3224110
residential_17072170190000,2396806
residential_17072170200000,2396777
residential_17072170210000,2396762
residential_17072170220000,2396744
residential_17072170240000,2344885
residential_17072170280000,2941041
residential_17072170390000,2738899
residential_17072170440000,1968279
residential_17072170440000,2078900
residential_17072170600000,2780781
residential_17072170620000,2499678
residential_17072170620000,2499692
residential_17072180050000,3005490
residential_17072180060000,2292686
residential_17072180060000,2313279
residential_17072180080000,2344880
residential_17072180090000,2463866
residential_17072180090000,2503065
residential_17072180140000,2267234
residential_17072180170000,2408098
residential_17072180190000,2481440
residential_17072180200000,2482710
residential_17072180210000,2482711
residential_17072190150000,2949403
residential_17072190170000,3052215
residential_17072190510000,1776829
residential_17072190550000,2468227
residential_17072190550000,2468240
residential_17072190570000,2468245
residential_17072200020000,2677523
residential_17072200110000,2410127
residential_17072200120000,2445535
residential_17072200350000,2373017
residential_17072210070000,2470701
residential_17072210110000,2683449
residential_17072210120000,2683461
residential_17072220170000,2521556
residential_17072220200000,2591487
residential_17072240070000,2878193
residential_17072240110000,2557881
residential_17072240110000,2558004
residential_17072240120000,2557881
residential_17072240180000,1662562
residential_17073270260000,1620562
residential_17074300510000,1709114
residential_17074350350000,2545728
residential_17081030300000,2441140
residential_17081040220000,1885280
residential_17081060390000,2879332
residential_17081080330000,1948833
residential_17081090030000,2156471
residential_17081110060000,1811237
residential_17081120090000,2383940
residential_17081130060000,3187197
residential_17081140220000,2847279
residential_17081140220000,2847339
residential_17081140520000,2552752
residential_17081140530000,2552735
residential_17081140540000,2586702
residential_17081140550000,2585672
residential_17081140890000,2797470
residential_17081140890000,2806041
residential_17081141360000,1897423
residential_17081141460000,2294120
residential_17081170250000,2092782
residential_17081180100000,1736469
residential_17081240190000,2281685
residential_17081260080000,2644562
residential_17081300110000,2615891
residential_17081310100000,2875198
residential_17081320460000,3065808
residential_17081340330000,3157167
residential_17081340330000,3321315
residential_17081380070000,3175375
residential_17083360200000,2819016
residential_17083360220000,2749877
residential_17083360230000,2274921
residential_17084260150000,2001767
residential_17084260180000,2000677
residential_17084260350000,1887176
residential_17084260350000,1887197
residential_17084260350000,1958118
residential_17084260350000,1999525
residential_17084260350000,2000677
residential_17084260350000,2001767
residential_17084260360000,1887061
residential_17084260360000,1887108
residential_17084260400000,1887061
residential_17084260400000,1887108
residential_17091190390000,2114814
residential_17091190440000,1841119
residential_17091190450000,2531214
residential_17092040130000,1851193
residential_17164070170000,2824833
residential_17172030100000,2442898
residential_17172050180000,1744040
residential_17172050190000,1744038
residential_17172050200000,1744037
residential_17172050460000,1744033
residential_17172050470000,1744033
residential_17173010250000,3046421
residential_17173020890000,2630821
residential_17173030390000,1675003
residential_17173030440000,1858459
residential_17173080150000,2914079
residential_17173170340000,1952135
residential_17173260110000,2822307
residential_17173290790000,2887047
residential_17174100270000,3041376
residential_17174120310000,1979208
residential_17174120450000,2349626
residential_17174190070000,3118664
residential_17174200140000,2014104
residential_17174200140000,2933709
residential_17174200470000,2652141
residential_17174260370000,2290961
residential_17181070250000,2815999
residential_17181090120000,2761887
residential_17181140250000,3229969
residential_17181140270000,3229968
residential_17181160010000,2774093
residential_17183050040000,2508200
residential_17183140260000,3050650
residential_17183140430000,2685937
residential_17183160220000,1796442
residential_17183160600000,2568991
residential_17183160650000,2764002
residential_17183170160000,2869993
residential_17183280430000,2918663
residential_17191090160000,2826753
residential_17193010340000,2939709
residential_17193040460000,2755706
residential_17193040460000,2784751
residential_17193080400000,1824561
residential_17193100260000,3014670
residential_17193110030000,2810149
residential_17193110200000,2810145
residential_17194070080000,2586781
residential_17194110220000,2830452
residential_17194120350000,2882923
residential_17203010080000,1769097
residential_17203010100000,2756571
residential_17203010160000,3068767
residential_17203050510000,2370239
residential_17203090180000,2965489
residential_17203090180000,3114368
residential_17203100110000,2801813
residential_17203130340000,2596961
residential_17203210210000,2110676
residential_17204040110000,2832275
residential_17204050320000,1709287
residential_17204050320000,1709292
residential_17204050330000,2672238
residential_17204050340000,2360157
residential_17204060050000,2594788
residential_17204060070000,2708011
residential_17204060080000,2709084
residential_17204060150000,2339637
residential_17204070450000,2923351
residential_17204070560000,2923351
residential_17204070570000,2923351
residential_17204110010000,2760720
residential_17204110010000,3070533
residential_17204110020000,3070533
residential_17204120020000,3075112
residential_17204190060000,2921577
residential_17204190230000,3102874
residential_17204230190000,3023689
residential_17204270260000,2909788
residential_17204270260000,2909804
residential_17204270260000,2909810
residential_17204270260000,2909818
residential_17204340070000,2782222
residential_17204340070000,2782988
residential_17204340090000,2752848
residential_17204340110000,2909620
residential_17204340120000,2909620
residential_17204340120000,2957167
residential_17204340130000,2957167
residential_17204340130000,3003435
residential_17211170380000,1739216
residential_17211170380000,1818694
residential_17211170420000,1647397
residential_17211170420000,1652736
residential_17211170420000,1652741
residential_17211170420000,1652742
residential_17211170420000,1687322
residential_17211170420000,1707656
residential_17211170420000,1707661
residential_17211170420000,1738633
residential_17211170420000,1738657
residential_17211170420000,1739213
residential_17211170420000,1739214
residential_17211170420000,1739215
residential_17211170420000,1772928
residential_17211170420000,1772962
residential_17211170420000,1791799
residential_17211170430000,1647397
residential_17211170430000,1652736
residential_17211170430000,1652741
residential_17211170430000,1652742
residential_17211170430000,1687322
residential_17211170430000,1707656
residential_17211170430000,1707661
residential_17211170430000,1738633
residential_17211170430000,1738657
residential_17211170430000,1739213
residential_17211170430000,1739214
residential_17211170430000,1739215
residential_17211170430000,1772928
residential_17211170430000,1772962
residential_17211170430000,1791799
residential_17211170440000,1647397
residential_17211170440000,1652736
residential_17211170440000,1652741
residential_17211170440000,1652742
residential_17211170440000,1687322
residential_17211170440000,1707656
residential_17211170440000,1707661
residential_17211170440000,1738633
residential_17211170440000,1738657
residential_17211170440000,1739213
residential_17211170440000,1739214
residential_17211170440000,1739215
residential_17211170440000,1772928
residential_17211170440000,1772962
residential_17211170440000,1791799
residential_17211170450000,1739214
residential_17211170460000,1647397
residential_17211170460000,1652736
residential_17211170460000,1652741
residential_17211170460000,1652742
residential_17211170460000,1687322
residential_17211170460000,1707656
residential_17211170460000,1707661
residential_17211170460000,1738633
residential_17211170460000,1738657
residential_17211170460000,1739213
residential_17211170460000,1739214
residential_17211170460000,1739215
residential_17211170460000,1772928
residential_17211170460000,1772962
residential_17211170460000,1791799
residential_17211170470000,1647397
residential_17211170470000,1652736
residential_17211170470000,1652741
residential_17211170470000,1652742
residential_17211170470000,1687322
residential_17211170470000,1707656
residential_17211170470000,1707661
residential_17211170470000,1738633
residential_17211170470000,1738657
residential_17211170470000,1739213
residential_17211170470000,1739214
residential_17211170470000,1739215
residential_17211170470000,1772928
residential_17211170470000,1772962
residential_17211170470000,1791799
residential_17211200340000,1647397
residential_17211200340000,1652736
residential_17211200340000,1652741
residential_17211200340000,1652742
residential_17211200340000,1687322
residential_17211200340000,1707656
residential_17211200340000,1707661
residential_17211200340000,1738633
residential_17211200340000,1738657
residential_17211200340000,1739213
residential_17211200340000,1739214
residential_17211200340000,1739215
residential_17211200340000,1772928
residential_17211200340000,1772962
residential_17211200340000,1791799
residential_17211200350000,1647397
residential_17211200350000,1652736
residential_17211200350000,1652741
residential_17211200350000,1652742
residential_17211200350000,1687322
residential_17211200350000,1707656
residential_17211200350000,1707661
residential_17211200350000,1738633
residential_17211200350000,1738657
residential_17211200350000,1739213
residential_17211200350000,1739214
residential_17211200350000,1739215
residential_17211200350000,1772928
residential_17211200350000,1772962
residential_17211200350000,1791799
residential_17211200360000,1647397
residential_17211200360000,1652736
residential_17211200370000,1647397
residential_17211200370000,1652736
residential_17211200370000,1652741
residential_17211200370000,1652742
residential_17211200370000,1687322
residential_17211200370000,1707656
residential_17211200370000,1707661
residential_17211200370000,1738633
residential_17211200370000,1738657
residential_17211200370000,1739213
residential_17211200370000,1739214
residential_17211200370000,1739215
residential_17211200370000,1772928
residential_17211200370000,1772962
residential_17211200370000,1791799
residential_17211200380000,1647397
residential_17211200380000,1652736
residential_17211200380000,1652741
residential_17211200380000,1652742
residential_17211200380000,1687322
residential_17211200380000,1707656
residential_17211200380000,1707661
residential_17211200380000,1738633
residential_17211200380000,1738657
residential_17211200380000,1739213
residential_17211200380000,1739214
residential_17211200380000,1739215
residential_17211200380000,1772928
residential_17211200380000,1772962
residential_17211200380000,1791799
residential_17211200390000,1647397
residential_17211200390000,1652736
residential_17211200390000,1652741
residential_17211200390000,1652742
residential_17211200390000,1687322
residential_17211200390000,1707656
residential_17211200390000,1707661
residential_17211200390000,1738633
residential_17211200390000,1738657
residential_17211200390000,1739213
residential_17211200390000,1739214
residential_17211200390000,1739215
residential_17211200390000,1772928
residential_17211200390000,1772962
residential_17211200390000,1791799
residential_17211200440000,1707655
residential_17211200440000,1822041
residential_17211200450000,1707652
residential_17211200450000,1818693
residential_17211250130000,1698564
residential_17211280070000,1810064
residential_17211320270000,1810061
residential_17211320340000,1810062
residential_17211320370000,1810062
residential_17211320400000,1810062
residential_17213040020000,2824870
residential_17213040090000,2546335
residential_17213040260000,1764973
residential_17213040310000,2570932
residential_17213040310000,2626030
residential_17213040310000,2805796
residential_17213040320000,2570932
residential_17213040320000,2626030
residential_17213040370000,2375669
residential_17213040670000,2733305
residential_17213040670000,2733306
residential_17213060230000,3234435
residential_17213060250000,3036618
residential_17213060260000,2762397
residential_17213060260000,2908658
residential_17213060290000,3015711
residential_17213060390000,2778526
residential_17213060420000,2805275
residential_17213060450000,1974124
residential_17213060490000,2543650
residential_17213130100000,2740447
residential_17213170220000,2670046
residential_17213180020000,2960360
residential_17213180020000,3030673
residential_17213180120000,2583663
residential_17213240190000,2875387
residential_17214360050000,1693570
residential_17214360060000,1693570
residential_17214360070000,1693570
residential_17214360080000,1693570
residential_17214360090000,1693570
residential_17214360100000,1693570
residential_17214360110000,1693570
residential_17214360120000,1693570
residential_17214360130000,1693570
residential_17214360140000,1693570
residential_17214360170000,1693570
residential_17214360180000,1693570
residential_17214360190000,1693570
residential_17214360200000,1693570
residential_17214360210000,1693570
residential_17214360220000,1693570
residential_17214360230000,1693570
residential_17214360280000,1693579
residential_17214360290000,1693579
residential_17214360300000,1693579
residential_17214360310000,1693579
residential_17214360320000,1693579
residential_17214360330000,1693579
residential_17214360340000,1693579
residential_17214360350000,1693579
residential_17214360360000,1693579
residential_17214360370000,1693579
residential_17223030520000,2740938
residential_17223030620000,2740941
residential_17223030620000,2740942
residential_17223030630000,2740941
residential_17223030630000,2740942
residential_17223030640000,2740941
residential_17223030640000,2740942
residential_17223030670000,2637893
residential_17223030710000,2740939
residential_17223030710000,2740943
residential_17223030720000,2740939
residential_17223030720000,2740943
residential_17223030750000,2740944
residential_17223050150000,2534242
residential_17271090520000,1773604
residential_17271090530000,1773604
residential_17281250550000,2418955
residential_17281250560000,2419081
residential_17281250570000,2419081
residential_17281250570000,2419100
residential_17281250570000,2419421
residential_17281250570000,2480919
residential_17281250580000,2419100
residential_17281250580000,2419421
residential_17281250590000,2419081
residential_17281250590000,2419100
residential_17281250590000,2419421
residential_17281250590000,2480919
residential_17281310360000,3112334
residential_17281320210000,2886117
residential_17281320220000,2859339
residential_17282020240000,2470559
residential_17282020250000,2470570
residential_17282090170000,2942081
residential_17282090170000,2942089
residential_17282090200000,2812116
residential_17282130400000,2366363
residential_17282200300000,3126372
residential_17282210030000,2162125
residential_17282220350000,2851344
residential_17282300150000,2843510
residential_17282330210000,3092882
residential_17283050240000,2870989
residential_17284010200000,3115610
residential_17284120280000,2216181
residential_17284120290000,2216181
residential_17284120300000,2216181
residential_17284130100000,2485914
residential_17284250060000,2834450
residential_17284270260000,3077629
residential_17293030170000,2960946
residential_17293050190000,2726690
residential_17293060040000,2187674
residential_17293070440000,2573218
residential_17293070560000,2197775
residential_17293070590000,2383008
residential_17293070600000,2326048
residential_17293070600000,2334647
residential_17293070600000,2334648
residential_17293070640000,2632972
residential_17293070740000,2578685
residential_17293070750000,3040899
residential_17293090480000,1671781
residential_17293090480000,1817919
residential_17293090520000,1671781
residential_17293090520000,1817919
residential_17293090550000,1671781
residential_17293090550000,1817919
residential_17293090560000,1671781
residential_17293090560000,1817919
residential_17293090570000,1671781
residential_17293090570000,1817919
residential_17293090580000,1671781
residential_17293090580000,1817919
residential_17293090590000,1671781
residential_17293090590000,1817919
residential_17293090600000,3177051
residential_17293090600000,3177057
residential_17293090600000,3177092
residential_17293090600000,3177104
residential_17293090600000,3177165
residential_17293090600000,3177175
residential_17293090610000,3177051
residential_17293090610000,3177057
residential_17293090610000,3177092
residential_17293090610000,3177104
residential_17293090610000,3177165
residential_17293090610000,3177175
residential_17293090620000,3177051
residential_17293090620000,3177057
residential_17293090620000,3177092
residential_17293090620000,3177104
residential_17293090620000,3177165
residential_17293090620000,3177175
residential_17293090630000,1671781
residential_17293090630000,1817919
residential_17293090640000,3177051
residential_17293090640000,3177057
residential_17293090640000,3177092
residential_17293090640000,3177104
residential_17293090640000,3177165
residential_17293090640000,3177175
residential_17293090650000,3177051
residential_17293090650000,3177057
residential_17293090650000,3177092
residential_17293090650000,3177104
residential_17293090650000,3177165
residential_17293090650000,3177175
residential_17293090660000,1671781
residential_17293090660000,1817919
residential_17293090670000,1671781
residential_17293090670000,1817919
residential_17293100550000,2165737
residential_17293100550000,2213621
residential_17293100550000,2213628
residential_17293100550000,2217240
residential_17293100550000,2278806
residential_17293100550000,2278807
residential_17293100550000,2278808
residential_17293100550000,2317603
residential_17293100560000,2165737
residential_17293100560000,2213621
residential_17293100560000,2213628
residential_17293100560000,2217240
residential_17293100560000,2278806
residential_17293100560000,2278807
residential_17293100560000,2278808
residential_17293100560000,2317603
residential_17293100570000,2165737
residential_17293100570000,2213621
residential_17293100570000,2213628
residential_17293100570000,2217240
residential_17293100570000,2278806
residential_17293100570000,2278807
residential_17293100570000,2278808
residential_17293100570000,2317603
residential_17293100580000,2165737
residential_17293100580000,2213621
residential_17293100580000,2213628
residential_17293100580000,2217240
residential_17293100580000,2278806
residential_17293100580000,2278807
residential_17293100580000,2278808
residential_17293100580000,2317603
residential_17293100590000,2291622
residential_17293100600000,2278805
residential_17293100610000,2318009
residential_17293100620000,2318006
residential_17293100620000,2472590
residential_17293100630000,2354200
residential_17293100640000,2357335
residential_17293100650000,3125318
residential_17293120130000,1819462
residential_17293130200000,3166615
residential_17293130210000,3071075
residential_17293130360000,2536738
residential_17293130360000,2536739
residential_17293130370000,2536739
residential_17293140010000,2420872
residential_17293140170000,1668657
residential_17293140320000,2768603
residential_17293200150000,3184038
residential_17293200470000,2541601
residential_17293200470000,2592447
residential_17293200480000,2582375
residential_17293200480000,2621959
residential_17293200500000,2721716
residential_17293240020000,3136567
residential_17293240060000,3135901
residential_17293240070000,3135901
residential_17293240070000,3135902
residential_17293240140000,2772808
residential_17293240190000,2760991
residential_17293300010000,2165737
residential_17293300010000,2213621
residential_17293300010000,2213628
residential_17293300010000,2217240
residential_17293300020000,2165737
residential_17293300020000,2213621
residential_17293300020000,2213628
residential_17293300020000,2217240
residential_17293300030000,2165737
residential_17293300030000,2213621
residential_17293300030000,2213628
residential_17293300030000,2217240
residential_17293300040000,2165737
residential_17293300040000,2213621
residential_17293300040000,2213628
residential_17293300040000,2217240
residential_17293300040000,2278806
residential_17293300040000,2278807
residential_17293300040000,2278808
residential_17293300040000,2317603
residential_17293300050000,2216860
residential_17293300050000,2217238
residential_17293300060000,2216860
residential_17293300060000,2217238
residential_17293300070000,2397571
residential_17293300090000,2165737
residential_17293300090000,2213621
residential_17293300090000,2213628
residential_17293300090000,2217240
residential_17293300090000,2278806
residential_17293300090000,2278807
residential_17293300090000,2278808
residential_17293300090000,2317603
residential_17293300100000,2165737
residential_17293300100000,2213621
residential_17293300100000,2213628
residential_17293300100000,2217240
residential_17293300100000,2278806
residential_17293300100000,2278807
residential_17293300100000,2278808
residential_17293300100000,2317603
residential_17293300110000,2165737
residential_17293300110000,2213621
residential_17293300110000,2213628
residential_17293300110000,2217240
residential_17293300110000,2278806
residential_17293300110000,2278807
residential_17293300110000,2278808
residential_17293300110000,2317603
residential_17293300120000,2165737
residential_17293300120000,2213621
residential_17293300120000,2213628
residential_17293300120000,2217240
residential_17293300120000,2278806
residential_17293300120000,2278807
residential_17293300120000,2278808
residential_17293300120000,2317603
residential_17293300130000,2216860
residential_17293300130000,2217238
residential_17293300130000,2278805
residential_17293300130000,2291622
residential_17293300130000,2318006
residential_17293300130000,2318009
residential_17293300130000,2354200
residential_17293300130000,2357335
residential_17293300130000,2397571
residential_17293300140000,2216860
residential_17293300140000,2217238
residential_17293300140000,2278805
residential_17293300140000,2291622
residential_17293300140000,2318006
residential_17293300140000,2318009
residential_17293300140000,2354200
residential_17293300140000,2357335
residential_17293300140000,2397571
residential_17293300180000,2216860
residential_17293300180000,2217238
residential_17293300180000,2278805
residential_17293300180000,2291622
residential_17293300180000,2318006
residential_17293300180000,2318009
residential_17293300180000,2354200
residential_17293300180000,2357335
residential_17293300180000,2397571
residential_17293310010000,2729260
residential_17293310010000,2729268
residential_17293310010000,2729296
residential_17293310010000,2754257
residential_17293310010000,2757672
residential_17293310010000,2757704
residential_17293310010000,2757721
residential_17293310010000,2757752
residential_17293310020000,2729260
residential_17293310020000,2729268
residential_17293310020000,2729296
residential_17293310020000,2754257
residential_17293310020000,2757672
residential_17293310020000,2757704
residential_17293310020000,2757721
residential_17293310020000,2757752
residential_17293310030000,2729260
residential_17293310030000,2729268
residential_17293310030000,2729296
residential_17293310030000,2754257
residential_17293310030000,2757672
residential_17293310030000,2757704
residential_17293310030000,2757721
residential_17293310030000,2757752
residential_17293310040000,2729260
residential_17293310040000,2729268
residential_17293310040000,2729296
residential_17293310040000,2754257
residential_17293310040000,2757672
residential_17293310040000,2757704
residential_17293310040000,2757721
residential_17293310040000,2757752
residential_17293310050000,2729260
residential_17293310050000,2729268
residential_17293310050000,2729296
residential_17293310050000,2754257
residential_17293310050000,2757672
residential_17293310050000,2757704
residential_17293310050000,2757721
residential_17293310050000,2757752
residential_17293310060000,2729260
residential_17293310060000,2729268
residential_17293310060000,2729296
residential_17293310060000,2754257
residential_17293310060000,2757672
residential_17293310060000,2757704
residential_17293310060000,2757721
residential_17293310060000,2757752
residential_17293310070000,2729260
residential_17293310070000,2729268
residential_17293310070000,2729296
residential_17293310070000,2754257
residential_17293310070000,2757672
residential_17293310070000,2757704
residential_17293310070000,2757721
residential_17293310070000,2757752
residential_17293310080000,2729260
residential_17293310080000,2729268
residential_17293310080000,2729296
residential_17293310080000,2754257
residential_17293310080000,2757672
residential_17293310080000,2757704
residential_17293310080000,2757721
residential_17293310080000,2757752
residential_17293310090000,2729260
residential_17293310090000,2729268
residential_17293310090000,2729296
residential_17293310090000,2754257
residential_17293310090000,2757672
residential_17293310090000,2757704
residential_17293310090000,2757721
residential_17293310090000,2757752
residential_17293310100000,2729260
residential_17293310100000,2729268
residential_17293310100000,2729296
residential_17293310100000,2754257
residential_17293310100000,2757672
residential_17293310100000,2757704
residential_17293310100000,2757721
residential_17293310100000,2757752
residential_17293310110000,2845945
residential_17293310120000,2845962
residential_17293310130000,2846073
residential_17293310140000,2846114
residential_17294010080000,2361919
residential_17294010110000,2443884
residential_17294010270000,3035112
residential_17294010360000,2294191
residential_17294020050000,2578668
residential_17294020060000,2578668
residential_17294020060000,2727108
residential_17294020480000,2984023
residential_17294020480000,2984030
residential_17294020480000,2984042
residential_17294020480000,2984047
residential_17294020480000,2984051
residential_17294020480000,2984053
residential_17294020480000,2984066
residential_17294020480000,2984077
residential_17294020480000,3084674
residential_17294020480000,3099853
residential_17294020490000,2984023
residential_17294020490000,2984030
residential_17294020490000,2984042
residential_17294020490000,2984047
residential_17294020490000,2984051
residential_17294020490000,2984053
residential_17294020490000,2984066
residential_17294020490000,2984077
residential_17294020490000,3084674
residential_17294020490000,3099853
residential_17294020500000,2984023
residential_17294020500000,2984030
residential_17294020500000,2984042
residential_17294020500000,2984047
residential_17294020500000,2984051
residential_17294020500000,2984053
residential_17294020500000,2984066
residential_17294020500000,2984077
residential_17294020500000,3084674
residential_17294020500000,3099853
residential_17294020510000,2984023
residential_17294020510000,2984030
residential_17294020510000,2984042
residential_17294020510000,2984047
residential_17294020510000,2984051
residential_17294020510000,2984053
residential_17294020510000,2984066
residential_17294020510000,2984077
residential_17294020510000,3084674
residential_17294020510000,3099853
residential_17294020580000,3203249
residential_17294020580000,3203256
residential_17294020590000,3203253
residential_17294020600000,3203256
residential_17294030010000,3206686
residential_17294030020000,2460851
residential_17294030250000,2578667
residential_17294030550000,1671999
residential_17294030560000,1672779
residential_17294030570000,1670313
residential_17294030580000,1672002
residential_17294030590000,1712690
residential_17294030620000,1672780
residential_17294030630000,1672003
residential_17294030650000,1672781
residential_17294030660000,1670312
residential_17294030670000,1672782
residential_17294030680000,1672784
residential_17294030710000,2578674
residential_17294040360000,1670317
residential_17294040370000,1672783
residential_17294040380000,1672007
residential_17294040380000,1672008
residential_17294040390000,1672007
residential_17294040390000,1672008
residential_17294040400000,1672007
residential_17294040400000,1672008
residential_17294040410000,1672007
residential_17294040410000,1672008
residential_17294040420000,1672001
residential_17294040420000,1712691
residential_17294040430000,1672001
residential_17294040430000,1712691
residential_17294040440000,1672001
residential_17294040440000,1712691
residential_17294040450000,1672001
residential_17294040450000,1712691
residential_17294040460000,1670338
residential_17294040460000,1670348
residential_17294040470000,1670338
residential_17294040470000,1670348
residential_17294040480000,1670338
residential_17294040480000,1670348
residential_17294040490000,1670338
residential_17294040490000,1670348
residential_17294040510000,1670339
residential_17294040510000,1670340
residential_17294040510000,1670342
residential_17294040510000,1670343
residential_17294040510000,1670344
residential_17294040510000,1670345
residential_17294040510000,1670346
residential_17294040510000,1670347
residential_17294040510000,1670350
residential_17294040520000,1670339
residential_17294040520000,1670340
residential_17294040520000,1670342
residential_17294040520000,1670343
residential_17294040520000,1670344
residential_17294040520000,1670345
residential_17294040520000,1670346
residential_17294040520000,1670347
residential_17294040520000,1670350
residential_17294040540000,1670339
residential_17294040540000,1670340
residential_17294040540000,1670342
residential_17294040540000,1670343
residential_17294040540000,1670344
residential_17294040540000,1670345
residential_17294040540000,1670346
residential_17294040540000,1670347
residential_17294040540000,1670350
residential_17294040550000,1670344
residential_17294040560000,1670339
residential_17294040560000,1670340
residential_17294040560000,1670342
residential_17294040560000,1670343
residential_17294040560000,1670344
residential_17294040560000,1670345
residential_17294040560000,1670346
residential_17294040560000,1670347
residential_17294040560000,1670350
residential_17294040570000,1670339
residential_17294040570000,1670340
residential_17294040570000,1670342
residential_17294040570000,1670343
residential_17294040570000,1670344
residential_17294040570000,1670345
residential_17294040570000,1670346
residential_17294040570000,1670347
residential_17294040570000,1670350
residential_17294040580000,1670347
residential_17294180360000,2844284
residential_17294180360000,2845071
residential_17294180360000,2888156
residential_17294180360000,2888200
residential_17294180370000,2845071
residential_17294180370000,2888200
residential_17294180370000,2942998
residential_17294180380000,2942998
residential_17294180380000,2967635
residential_17294180490000,2856315
residential_17294180490000,2856323
residential_17294190170000,2856324
residential_17294190180000,2856632
residential_17294190190000,2856632
residential_17294190190000,2856634
residential_17294190570000,2865745
residential_17294190570000,2965852
residential_17294190580000,2865745
residential_17294190580000,2965852
residential_17301210040000,3040446
residential_17301220570000,2837092
residential_17301220570000,2837093
residential_17301220570000,2870644
residential_17301220570000,2870703
residential_17301220570000,2892766
residential_17301220570000,2951790
residential_17301220570000,2951805
residential_17301220570000,2951811
residential_17311040120000,2261828
residential_17311040610000,2657473
residential_17311040620000,2657473
residential_17311040620000,2657526
residential_17311050170000,2398594
residential_17311070430000,2405429
residential_17311070430000,2422249
residential_17311070440000,1860060
residential_17311070450000,1860045
residential_17311070460000,1860023
residential_17311070460000,1860030
residential_17311070480000,1859998
residential_17311070510000,2493453
residential_17311070510000,2616847
residential_17311070520000,2422244
residential_17311070520000,2616846
residential_17311070530000,2422244
residential_17311070530000,2422246
residential_17311070530000,2422248
residential_17311070530000,2493453
residential_17311070540000,2422244
residential_17311070540000,2422246
residential_17311070540000,2422248
residential_17311070540000,2493453
residential_17311070550000,2422244
residential_17311070550000,2422246
residential_17311070550000,2422248
residential_17311070550000,2493453
residential_17311080110000,2353541
residential_17311110030000,2067627
residential_17311120160000,2443885
residential_17311120330000,2265219
residential_17311130010000,2443887
residential_17311130400000,2658423
residential_17311140050000,2791555
residential_17311140250000,1710464
residential_17311140450000,2258332
residential_17311140490000,2918042
residential_17311150060000,2380940
residential_17311150310000,2295775
residential_17311150340000,2726987
residential_17311160150000,3115611
residential_17311160270000,2837105
residential_17311160280000,2837106
residential_17311160290000,2837109
residential_17311160350000,1710956
residential_17311180340000,2906253
residential_17311200300000,3110209
residential_17312120220000,2980357
residential_17312140190000,2773244
residential_17312140360000,2967581
residential_17312170190000,2774609
residential_17312170190000,2778335
residential_17312210350000,2848186
residential_17312220160000,3175030
residential_17312260220000,2583193
residential_17312280020000,3005701
residential_17313000310000,2346533
residential_17313010110000,2954662
residential_17313010120000,2954668
residential_17313070190000,2578029
residential_17313080320000,2034112
residential_17313080330000,2034112
residential_17313100390000,1652342
residential_17313100390000,1652367
residential_17313100390000,1652368
residential_17313100390000,1652369
residential_17313100390000,1652370
residential_17313100390000,1652371
residential_17313100390000,1652372
residential_17313100390000,1652373
residential_17313100390000,1652374
residential_17313100390000,1652375
residential_17313100390000,1652376
residential_17313100390000,1652377
residential_17313100390000,1652378
residential_17313100390000,1652379
residential_17313100400000,1652342
residential_17313100400000,1652367
residential_17313100400000,1652368
residential_17313100400000,1652369
residential_17313100400000,1652370
residential_17313100400000,1652371
residential_17313100400000,1652372
residential_17313100400000,1652373
residential_17313100400000,1652374
residential_17313100400000,1652375
residential_17313100400000,1652376
residential_17313100400000,1652377
residential_17313100400000,1652378
residential_17313100400000,1652379
residential_17313100410000,1652342
residential_17313100410000,1652367
residential_17313100410000,1652368
residential_17313100410000,1652369
residential_17313100410000,1652370
residential_17313100410000,1652371
residential_17313100410000,1652372
residential_17313100410000,1652373
residential_17313100410000,1652374
residential_17313100410000,1652375
residential_17313100410000,1652376
residential_17313100410000,1652377
residential_17313100410000,1652378
residential_17313100410000,1652379
residential_17313100420000,1652342
residential_17313100420000,1652367
residential_17313100420000,1652368
residential_17313100420000,1652369
residential_17313100420000,1652370
residential_17313100420000,1652371
residential_17313100420000,1652372
residential_17313100420000,1652373
residential_17313100420000,1652374
residential_17313100420000,1652375
residential_17313100420000,1652376
residential_17313100420000,1652377
residential_17313100420000,1652378
residential_17313100420000,1652379
residential_17313100430000,1652342
residential_17313100430000,1652367
residential_17313100430000,1652368
residential_17313100430000,1652369
residential_17313100430000,1652370
residential_17313100430000,1652371
residential_17313100430000,1652372
residential_17313100430000,1652373
residential_17313100430000,1652374
residential_17313100430000,1652375
residential_17313100430000,1652376
residential_17313100430000,1652377
residential_17313100430000,1652378
residential_17313100430000,1652379
residential_17313100440000,1652342
residential_17313100440000,1652367
residential_17313100440000,1652368
residential_17313100440000,1652369
residential_17313100440000,1652370
residential_17313100440000,1652371
residential_17313100440000,1652372
residential_17313100440000,1652373
residential_17313100440000,1652374
residential_17313100440000,1652375
residential_17313100440000,1652376
residential_17313100440000,1652377
residential_17313100440000,1652378
residential_17313100440000,1652379
residential_17313120440000,1803183
residential_17313120450000,1803183
residential_17313120460000,1803183
residential_17313120470000,1803183
residential_17313120480000,1803183
residential_17313120490000,1803183
residential_17314010060000,2267474
residential_17314010070000,2267475
residential_17314050370000,2869623
residential_17314060110000,3087888
residential_17314120320000,3094521
residential_17314130330000,2817701
residential_17314130450000,2485808
residential_17314150110000,2837102
residential_17314150130000,2536733
residential_17314150130000,2536734
residential_17314180170000,2739464
residential_17314200160000,3019195
residential_17314200460000,2201862
residential_17314220220000,3210632
residential_17314290530000,2568893
residential_17314290530000,2568895
residential_17314290530000,2568897
residential_17314290530000,2649805
residential_17314290530000,2649843
residential_17314290530000,2649855
residential_17314290530000,2649864
residential_17314290530000,2716775
residential_17314290530000,2720002
residential_17314290530000,2720015
residential_17314290530000,2720027
residential_17314290530000,2720653
residential_17314290530000,2729011
residential_17314290540000,2568893
residential_17314290540000,2568895
residential_17314290540000,2568897
residential_17314290540000,2649805
residential_17314290540000,2649843
residential_17314290540000,2649855
residential_17314290540000,2649864
residential_17314290540000,2716775
residential_17314290540000,2720002
residential_17314290540000,2720015
residential_17314290540000,2720027
residential_17314290540000,2720653
residential_17314290540000,2729011
residential_17314290550000,2568893
residential_17314290550000,2568895
residential_17314290550000,2568897
residential_17314290550000,2649805
residential_17314290550000,2649843
residential_17314290550000,2649855
residential_17314290550000,2649864
residential_17314290550000,2716775
residential_17314290550000,2720002
residential_17314290550000,2720015
residential_17314290550000,2720027
residential_17314290550000,2720653
residential_17314290550000,2729011
residential_17314290560000,2568893
residential_17314290560000,2568895
residential_17314290560000,2568897
residential_17314290560000,2649805
residential_17314290560000,2649843
residential_17314290560000,2649855
residential_17314290560000,2649864
residential_17314290560000,2716775
residential_17314290560000,2720002
residential_17314290560000,2720015
residential_17314290560000,2720027
residential_17314290560000,2720653
residential_17314290560000,2729011
residential_17314290580000,2649843
residential_17314290580000,2649855
residential_17314290580000,2649864
residential_17314290580000,2716775
residential_17314290580000,2720002
residential_17314290580000,2720015
residential_17314290580000,2720027
residential_17314290580000,2720653
residential_17314290580000,2729011
residential_17314290590000,2649843
residential_17314290590000,2649855
residential_17314290590000,2649864
residential_17314290590000,2716775
residential_17314290590000,2720002
residential_17314290590000,2720015
residential_17314290590000,2720027
residential_17314290590000,2720653
residential_17314290590000,2729011
residential_17314290600000,2568893
residential_17314290600000,2568895
residential_17314290600000,2568897
residential_17314290600000,2649805
residential_17314290600000,2649843
residential_17314290600000,2649855
residential_17314290600000,2649864
residential_17314290600000,2716775
residential_17314290600000,2720002
residential_17314290600000,2720015
residential_17314290600000,2720027
residential_17314290600000,2720653
residential_17314290600000,2729011
residential_17314290610000,2720653
residential_17314290620000,2568893
residential_17314290620000,2568895
residential_17314290620000,2568897
residential_17314290620000,2649805
residential_17314290620000,2649843
residential_17314290620000,2649855
residential_17314290620000,2649864
residential_17314290620000,2716775
residential_17314290620000,2720002
residential_17314290620000,2720015
residential_17314290620000,2720027
residential_17314290620000,2720653
residential_17314290620000,2729011
residential_17314290630000,2568893
residential_17314290630000,2568895
residential_17314290630000,2568897
residential_17314290630000,2649805
residential_17314290630000,2649843
residential_17314290630000,2649855
residential_17314290630000,2649864
residential_17314290630000,2716775
residential_17314290630000,2720002
residential_17314290630000,2720015
residential_17314290630000,2720027
residential_17314290630000,2720653
residential_17314290630000,2729011
residential_17314290650000,2568893
residential_17314290650000,2568895
residential_17314290650000,2568897
residential_17314290650000,2649805
residential_17314290650000,2649843
residential_17314290650000,2649855
residential_17314290650000,2649864
residential_17314290650000,2716775
residential_17314290650000,2720002
residential_17314290650000,2720015
residential_17314290650000,2720027
residential_17314290650000,2720653
residential_17314290650000,2729011
residential_17314290660000,2568893
residential_17314290660000,2568895
residential_17314290660000,2568897
residential_17314290660000,2649805
residential_17314290660000,2649843
residential_17314290660000,2649855
residential_17314290660000,2649864
residential_17314290660000,2716775
residential_17314290660000,2720002
residential_17314290660000,2720015
residential_17314290660000,2720027
residential_17314290660000,2720653
residential_17314290660000,2729011
residential_17314290670000,2649843
residential_17314290670000,2649855
residential_17314290670000,2649864
residential_17314290670000,2716775
residential_17314290670000,2720002
residential_17314290670000,2720015
residential_17314290670000,2720027
residential_17314290670000,2720653
residential_17314290670000,2729011
residential_17321020070000,3134933
residential_17321020080000,3134933
residential_17321020090000,3134933
residential_17321020100000,3134933
residential_17321020110000,3134933
residential_17321020120000,3134933
residential_17321020130000,3134933
residential_17321020140000,3134933
residential_17321020150000,3134933
residential_17321020160000,3134933
residential_17321020170000,3134933
residential_17321020180000,3134933
residential_17321020190000,3134933
residential_17321020200000,3134933
residential_17321020210000,3134933
residential_17321020220000,3134933
residential_17321020230000,3134933
residential_17321020240000,3134933
residential_17321050040000,2578675
residential_17321050050000,2578676
residential_17321070250000,2724752
residential_17321100510000,3164093
residential_17321110730000,2857247
residential_17321110800000,2856643
residential_17321110810000,2856643
residential_17321110880000,2857247
residential_17321130060000,3018845
residential_17321190070000,2625538
residential_17321190360000,2818669
residential_17321190480000,2653397
residential_17321190740000,2643811
residential_17322160140000,2604528
residential_17322160150000,2940557
residential_17322160150000,2940560
residential_17322160160000,2940558
residential_17322160170000,2940560
residential_17322160350000,3010745
residential_17322160360000,3010751
residential_17322161050000,3094513
residential_17322161300000,2912679
residential_17322161640000,2695055
residential_17322170400000,2760485
residential_17322170410000,2760489
residential_17322170910000,2943963
residential_17322250070000,2802895
residential_17322250080000,2802876
residential_17322250160000,2661145
residential_17332020460000,2274333
residential_17332100080000,2854284
residential_17333060340000,2486624
residential_17333060350000,2486624
residential_17333170510000,2172303
residential_17333180240000,2888320
residential_17333240300000,2804833
residential_17333240300000,2926918
residential_17333240310000,2926918
residential_17333250030000,2529190
residential_17333270660000,2488893
residential_17333270670000,2472642
residential_17333270680000,2472644
residential_17333270690000,2472644
residential_17333270730000,2825294
residential_17333280270000,1861359
residential_17333280280000,1855035
residential_17333280280000,1861383
residential_17333280300000,1861402
residential_17333280330000,2354415
residential_17333280330000,2396693
residential_17333280350000,2352172
residential_17333280360000,2354418
residential_17333280370000,2396672
residential_17333280380000,2396693
residential_17333280390000,2471807
residential_17333280400000,2471792
residential_17333280410000,2502863
residential_17333280420000,2717104
residential_17334041050000,1779991
residential_17334041060000,1779992
residential_17334041070000,1779994
residential_17334041080000,1779995
residential_17334041090000,1779996
residential_17334041100000,1779997
residential_17334041100000,1779998
residential_17334080500000,2285545
residential_17334230170000,1805688
residential_17334240050000,1746729
residential_17334240130000,1792117
residential_17341030220000,3175795
residential_17341030220000,3251901
residential_17341100430000,1648976
residential_17341100700000,2959631
residential_17341130010000,1808307
residential_17341130360000,2432915
residential_17341160090000,2838023
residential_17341200310000,2463952
residential_17341200320000,2463952
residential_17341200320000,2476626
residential_17341200350000,3147072
residential_17341201060000,1699895
residential_17341201060000,1699913
residential_17341201060000,1699919
residential_17341201070000,1699873
residential_17341201080000,1699873
residential_17341210380000,2642288
residential_17341211100000,1639544
residential_17341211100000,1796253
residential_17341211100000,1799786
residential_17341211310000,2431974
residential_17341211320000,2431974
residential_17341211330000,2432001
residential_17341211330000,2432058
residential_17341211340000,2432001
residential_17341211340000,2432058
residential_17341211370000,2985366
residential_17341230350000,2577134
residential_17341230610000,2577135
residential_17341230630000,2577130
residential_17341230630000,2577132
residential_17343080070000,3163781
residential_17343100050000,2944901
residential_17343100060000,2944904
residential_17343100060000,2944905
residential_17343100070000,2890090
residential_17343100070000,2944905
residential_17343100080000,2890090
residential_17343110180000,3001226
residential_17343120090000,1947782
residential_17343120090000,1955780
residential_17343120130000,3045280
residential_17343120940000,1836726
residential_17343120950000,1836726
residential_17343120980000,3066371
residential_17343160020000,2698430
residential_17343180050000,3133427
residential_17343180050000,3279143
residential_19011090280000,1895118
residential_19011090280000,2925193
residential_19011110220000,2965012
residential_19011110480000,2424243
residential_19012030090000,1661072
residential_19012110170000,2082276
residential_19012110720000,2019474
residential_19012110750000,1652875
residential_19012120260000,2513420
residential_19012131170000,3136227
residential_19012131180000,3136235
residential_19012141520000,2809041
residential_19012150010000,2444375
residential_19012150520000,2936984
residential_19012200040000,2345608
residential_19013030080000,2816371
residential_19013080230000,3006852
residential_19013080230000,3006853
residential_19013080240000,3006852
residential_19013150370000,2743886
residential_19014170390000,3109830
residential_19014240030000,3154651
residential_19014240040000,3154652
residential_19014270310000,2582475
residential_19014270310000,2582476
residential_19014270320000,2582476
residential_19033010440000,1697076
residential_19033010440000,1697086
residential_19033090190000,2856721
residential_19033100520000,2637566
residential_19033100530000,3179196
residential_19073130530000,2642038
residential_19073140440000,2768279
residential_19073140440000,2768283
residential_19083020740000,2651851
residential_19083090770000,2942099
residential_19083110710000,2629183
residential_19083240220000,3130177
residential_19084010770000,3009259
residential_19084010780000,3009259
residential_19093030490000,3018796
residential_19093030500000,3183639
residential_19093040260000,2637516
residential_19093130030000,3014281
residential_19093130100000,3176541
residential_19102170300000,2347279
residential_19102180190000,2393694
residential_19111110260000,1635217
residential_19111110270000,1635217
residential_19111110270000,1635281
residential_19111210140000,1851022
residential_19111210140000,1851026
residential_19111210140000,1851029
residential_19111210140000,1851033
residential_19111210140000,1851035
residential_19111210140000,1851037
residential_19111210140000,1851038
residential_19111210140000,1851039
residential_19111210140000,1851040
residential_19111210140000,1879218
residential_19111210140000,1931515
residential_19111210140000,1931516
residential_19111210140000,1931517
residential_19111210210000,1851022
residential_19111210210000,1851026
residential_19111210210000,1851029
residential_19111210210000,1851033
residential_19111210210000,1851035
residential_19111210210000,1851037
residential_19111210210000,1851038
residential_19111210210000,1851039
residential_19111210210000,1851040
residential_19111210210000,1879218
residential_19111210210000,1931515
residential_19111210210000,1931516
residential_19111210210000,1931517
residential_19111230080000,1851044
residential_19111230080000,1851071
residential_19111230080000,3354782
residential_19113010630000,3258908
residential_19114070300000,2931865
residential_19122040410000,3170961
residential_19122040420000,3170429
residential_19122040430000,3170437
residential_19122040430000,3185598
residential_19122040490000,3185599
residential_19122040500000,3185599
residential_19122210100000,2172856
residential_19122210100000,2172857
residential_19122210110000,2172856
residential_19124290210000,1654116
residential_19134040370000,1695903
residential_19142040100000,3077334
residential_19143080160000,2123786
residential_19144000650000,1868539
residential_19144000650000,1942291
residential_19144130130000,1647532
residential_19153220220000,2894548
residential_19171000580000,2736911
residential_19171000590000,3117441
residential_19171000600000,3050799
residential_19173040350000,2580332
residential_19173040370000,2537561
residential_19173230290000,1786216
residential_19174050230000,1800144
residential_19174050230000,1800250
residential_19174050240000,1800144
residential_19174050240000,1800250
residential_19181040470000,2512785
residential_19181040480000,2512786
residential_19181170380000,2979348
residential_19182030320000,2956813
residential_19182070460000,2523150
residential_19182070480000,2523154
residential_19182070490000,2523155
residential_19182070500000,2523160
residential_19182070510000,2523162
residential_19192130320000,2493719
residential_19192130330000,2493718
residential_19192130340000,2493717
residential_19192130350000,2493716
residential_19192150180000,2721320
residential_19202110050000,1783162
residential_19202110200000,2966543
residential_19232200470000,1773187
residential_19242180340000,1678768
residential_19242220070000,1695899
residential_19244100080000,1659029
residential_19244110170000,1728467
residential_20031020170000,3033551
residential_20031020180000,3033552
residential_20031030070000,3075031
residential_20031100310000,3136608
residential_20031100330000,3136620
residential_20031100510000,3170946
residential_20031100510000,3170955
residential_20031100520000,3170946
residential_20031100520000,3170955
residential_20031170360000,3108151
residential_20031170370000,3108148
residential_20031170380000,3131572
residential_20031170400000,3144452
residential_20031170400000,3160364
residential_20031170410000,3160363
residential_20031170420000,3172244
residential_20031170440000,3172206
residential_20031170440000,3203322
residential_20031230250000,2439484
residential_20031230260000,2439485
residential_20032070070000,2833664
residential_20032100430000,2798509
residential_20032100510000,2551908
residential_20032100520000,2551920
residential_20032100530000,2551925
residential_20032110180000,1782274
residential_20032120740000,2622037
residential_20032120780000,2821618
residential_20032120780000,2921041
residential_20032120800000,2857674
residential_20032120820000,2857675
residential_20032130160000,1668937
residential_20032130190000,2556720
residential_20032130200000,2678737
residential_20032130270000,2556937
residential_20032140140000,2607345
residential_20032140190000,2663501
residential_20032140190000,2784523
residential_20032140190000,2806589
residential_20032140200000,2806589
residential_20032140410000,2810622
residential_20032140460000,3069153
residential_20032160240000,2705058
residential_20032160240000,2705076
residential_20032160250000,2705076
residential_20032180010000,2682943
residential_20032180110000,2920001
residential_20032180120000,2816510
residential_20032180180000,2506030
residential_20032180180000,2626633
residential_20032180340000,2896004
residential_20032180510000,3148964
residential_20032180520000,2851332
residential_20032180660000,1719804
residential_20032200110000,1759913
residential_20032200120000,2858875
residential_20032200370000,2392876
residential_20032200480000,1854843
residential_20032200480000,2392876
residential_20032200490000,1854843
residential_20032200490000,2392876
residential_20032220090000,2688741
residential_20032230120000,2850823
residential_20032230160000,3209445
residential_20032250430000,1789154
residential_20032250490000,2929864
residential_20033050030000,3027614
residential_20033050440000,2930149
residential_20033050440000,2935950
residential_20033050450000,2930149
residential_20033050450000,2935950
residential_20033050460000,2930149
residential_20033050460000,2935950
residential_20033050470000,2930149
residential_20033050470000,2935950
residential_20033050480000,2930149
residential_20033050480000,2935950
residential_20033050490000,2930149
residential_20033050490000,2935950
residential_20033050500000,2935989
residential_20033050510000,2935989
residential_20033050520000,2935989
residential_20033050530000,2935989
residential_20033050540000,2930149
residential_20033050540000,2935950
residential_20033110130000,2605287
residential_20033110170000,3084470
residential_20033110180000,3021104
residential_20033110240000,2378686
residential_20033110540000,2919173
residential_20034000520000,1833747
residential_20034000780000,1727711
residential_20034000780000,1742758
residential_20034000790000,1727711
residential_20034000790000,1742758
residential_20034010520000,3010838
residential_20034010520000,3010840
residential_20034010540000,3010838
residential_20034010540000,3010840
residential_20034010550000,3010844
residential_20034010560000,3010846
residential_20034010570000,3010846
residential_20034010580000,3010849
residential_20034010590000,3010853
residential_20034010590000,3010854
residential_20034010600000,3010853
residential_20034010600000,3010854
residential_20034010610000,3010853
residential_20034010610000,3010854
residential_20034020500000,1780216
residential_20034020500000,1783936
residential_20034030240000,2601658
residential_20034030470000,2841511
residential_20034030470000,2841512
residential_20034030480000,2841511
residential_20034030480000,2841512
residential_20034040110000,2601657
residential_20034050140000,3079803
residential_20034050390000,2540790
residential_20034070240000,2568065
residential_20034070250000,2568066
residential_20034090210000,2930176
residential_20034140040000,2744601
residential_20034160120000,3029003
residential_20034160210000,1649991
residential_20034160420000,1794695
residential_20034160430000,1715061
residential_20034160440000,2638254
residential_20034170130000,1702939
residential_20034170510000,2923765
residential_20034170510000,2926307
residential_20034170520000,2923765
residential_20034170520000,2926307
residential_20034180020000,3035101
residential_20034180030000,3035102
residential_20034190310000,2935448
residential_20034190380000,2879052
residential_20034190520000,2864872
residential_20034190550000,2833120
residential_20034190550000,2962356
residential_20034190680000,2945116
residential_20034230130000,2879057
residential_20034230290000,1801932
residential_20034230300000,1787199
residential_20034230490000,2851395
residential_20034230490000,2851415
residential_20034230490000,2851432
residential_20034230490000,3013955
residential_20034230500000,2851415
residential_20034230500000,2851432
residential_20034230510000,2851395
residential_20034230510000,2851415
residential_20034230510000,2851432
residential_20034230510000,3013955
residential_20034230520000,3013959
residential_20034230530000,3013959
residential_20034250150000,2788871
residential_20034250160000,2750388
residential_20034250170000,2946752
residential_20034250180000,2776512
residential_20034250180000,2946785
residential_20034250190000,2776512
residential_20034250200000,2653729
residential_20034250340000,2946824
residential_20034250340000,2946851
residential_20034250340000,2946866
residential_20034250360000,2946824
residential_20034250360000,2946851
residential_20034250360000,2946866
residential_20034260070000,2680813
residential_20034260070000,2712203
residential_20034260080000,2575923
residential_20034260080000,2680813
residential_20034260100000,2857665
residential_20034260110000,2857666
residential_20034260160000,2838149
residential_20034260460000,2889678
residential_20034260460000,2889719
residential_20034260470000,2889678
residential_20034260470000,2889719
residential_20034280080000,2789959
residential_20041100270000,2983468
residential_20041100330000,1925235
residential_20041100350000,2977683
residential_20041100360000,2940550
residential_20041150280000,2869098
residential_20041150320000,2578684
residential_20041150330000,2578683
residential_20041150330000,2578684
residential_20041150340000,2578682
residential_20041150350000,2578681
residential_20041150360000,2578680
residential_20041150400000,2863100
residential_20041150400000,2863101
residential_20041150510000,2863101
residential_20041160220000,1670531
residential_20041200050000,1855663
residential_20041200060000,2665240
residential_20041200080000,2665230
residential_20041200080000,2665238
residential_20041210060000,2739463
residential_20041210190000,3133575
residential_20041210230000,2158840
residential_20041210330000,2318239
residential_20041220360000,2399307
residential_20041220370000,2399302
residential_20041220370000,2399305
residential_20041220370000,2465591
residential_20041220380000,2204062
residential_20041220380000,2204063
residential_20041220380000,2399302
residential_20041220380000,2465591
residential_20041220390000,2204063
residential_20041270040000,1742141
residential_20041270040000,1742143
residential_20041270090000,2146117
residential_20041270100000,2629220
residential_20041270110000,2629219
residential_20041270120000,2583999
residential_20041280050000,2536742
residential_20041280050000,2536743
residential_20041280060000,2536742
residential_20041280370000,1695798
residential_20041280370000,1695815
residential_20041280380000,1695827
residential_20041280410000,1694863
residential_20041280420000,1694863
residential_20041280440000,1694863
residential_20041280470000,2205865
residential_20041290170000,3081719
residential_20041290390000,2262480
residential_20041290410000,2262476
residential_20041290430000,2837127
residential_20041290440000,2837126
residential_20041290440000,2837127
residential_20041300070000,2826759
residential_20041300080000,2826759
residential_20042020050000,2622028
residential_20042220310000,3196629
residential_20042220320000,3196986
residential_20043030010000,2281946
residential_20043040300000,2837125
residential_20043050090000,3212783
residential_20043050090000,3212784
residential_20043050100000,3212784
residential_20043070370000,1895118
residential_20043070370000,2925193
residential_20043070380000,2921911
residential_20043080180000,3151322
residential_20043140310000,2994305
residential_20043150050000,2568922
residential_20043150350000,2257360
residential_20043160400000,2975287
residential_20043160540000,1825133
residential_20043190220000,2460850
residential_20043190290000,3038665
residential_20043190340000,3029732
residential_20043190420000,2937214
residential_20043200340000,1808282
residential_20043220160000,2934588
residential_20043220230000,2980072
residential_20043220260000,2554599
residential_20043220530000,2757490
residential_20043230040000,2604527
residential_20043240120000,2826769
residential_20043290400000,2975284
residential_20043290450000,3024920
residential_20043300260000,2979990
residential_20043300270000,2980005
residential_20043300350000,1772090
residential_20043310080000,3065042
residential_20043310170000,3049290
residential_20043320050000,3049282
residential_20043320500000,3049276
residential_20044070060000,1785189
residential_20044070070000,1785239
residential_20044070160000,1785208
residential_20044150040000,1781772
residential_20053040130000,1640342
residential_20053040270000,1674764
residential_20064150420000,1642874
residential_20064190140000,1638078
residential_20064240190000,1727690
residential_20064240210000,1727973
residential_20064250500000,2077034
residential_20071020260000,1702316
residential_20071140160000,1827051
residential_20071140160000,1827052
residential_20071140170000,1826647
residential_20071200190000,1730665
residential_20072190130000,1707876
residential_20074300200000,1617872
residential_20074300210000,1618314
residential_20081070260000,3291157
residential_20081110220000,1670259
residential_20081120480000,3088263
residential_20081120490000,3088263
residential_20081120490000,3160704
residential_20081140190000,1707845
residential_20081210210000,1635342
residential_20081210220000,1635337
residential_20081290210000,1721837
residential_20082010310000,1775981
residential_20082010400000,2177630
residential_20082030360000,1902728
residential_20082030370000,1902810
residential_20082030380000,1887162
residential_20082030390000,1887131
residential_20082030400000,1778379
residential_20082030410000,1778378
residential_20082030420000,1778377
residential_20082030430000,1778376
residential_20083190260000,1635336
residential_20084040010000,1683292
residential_20084040010000,1683323
residential_20084040030000,1683249
residential_20084040040000,1683228
residential_20084040050000,1683203
residential_20084040060000,1910493
residential_20091060270000,2043460
residential_20091060470000,3098450
residential_20101040240000,2500616
residential_20101040250000,2500619
residential_20101040260000,2500624
residential_20101040390000,2934984
residential_20101090380000,2646763
residential_20101090390000,2646694
residential_20101090410000,2429222
residential_20101090410000,2429223
residential_20101100210000,2500625
residential_20101100220000,2500627
residential_20101100250000,1648660
residential_20101100370000,3095150
residential_20101100380000,3095173
residential_20101110180000,2744393
residential_20101140220000,2541642
residential_20101210290000,3161971
residential_20102030130000,1785504
residential_20102030330000,1675116
residential_20102030470000,1785469
residential_20102040270000,2751293
residential_20102100320000,3091636
residential_20102100340000,2930353
residential_20102100340000,2942098
residential_20102100490000,2913499
residential_20102110290000,1645584
residential_20102110310000,2741399
residential_20102110330000,2724310
residential_20102110480000,2627527
residential_20102110480000,2627593
residential_20102110490000,2627527
residential_20102110490000,2627593
residential_20102110520000,2557713
residential_20102110520000,2557735
residential_20102110530000,2609268
residential_20102110530000,2609289
residential_20102110540000,2747142
residential_20102110550000,2747142
residential_20102110560000,2747142
residential_20102110570000,2747142
residential_20102120100000,2802621
residential_20102120150000,2570750
residential_20102120160000,2570750
residential_20102120160000,2570763
residential_20102120520000,2768441
residential_20102120520000,2768460
residential_20102120530000,2768441
residential_20102120530000,2768460
residential_20102120540000,1683242
residential_20102130210000,3010894
residential_20102130220000,3010896
residential_20102130220000,3010898
residential_20102130230000,3010898
residential_20102170220000,1796607
residential_20102170370000,3202463
residential_20102170580000,3125674
residential_20102170590000,3128119
residential_20102180450000,3197320
residential_20102180450000,3197321
residential_20102180450000,3197322
residential_20102180460000,3197320
residential_20102180460000,3197321
residential_20102180460000,3197322
residential_20102180470000,3197320
residential_20102180470000,3197321
residential_20102180470000,3197322
residential_20102190050000,3125672
residential_20102190330000,2810575
residential_20102190330000,3110771
residential_20102190340000,2810523
residential_20102190340000,3009551
residential_20102190340000,3112831
residential_20102190360000,2810589
residential_20102190360000,2810600
residential_20102190370000,2810470
residential_20102190370000,3108477
residential_20102190380000,2810393
residential_20102190380000,2810470
residential_20102190380000,2950802
residential_20102190380000,3108477
residential_20102220050000,2677927
residential_20102240060000,2780559
residential_20102240140000,2780561
residential_20102240150000,2780560
residential_20102260020000,2567545
residential_20103100230000,3013555
residential_20113140040000,2661368
residential_20113270080000,2494641
residential_20113270100000,2936366
residential_20113310270000,2693495
residential_20114160110000,2937493
residential_20142000110000,2746126
residential_20142220330000,2912945
residential_20143100860000,3012652
residential_20143100870000,3012672
residential_20143110050000,2928817
residential_20143110290000,2914299
residential_20143110300000,1722227
residential_20143110310000,2827356
residential_20144080250000,2768894
residential_20144120140000,3118682
residential_20154050070000,3169780
residential_20154130220000,2936999
residential_20161020580000,1732163
residential_20161020580000,2090553
residential_20161020610000,2090567
residential_20162060750000,1868787
residential_20162200060000,1868878
residential_20163000860000,3012502
residential_20163210820000,1884264
residential_20171080430000,1745004
residential_20171090090000,1744983
residential_20171100300000,1730678
residential_20171100460000,1730680
residential_20172070050000,1730677
residential_20172070060000,1730672
residential_20172070070000,1730662
residential_20172090510000,1770256
residential_20173200300000,1727913
residential_20173200320000,1727934
residential_20173200330000,1727919
residential_20173200430000,1890831
residential_20173200440000,1816379
residential_20173210150000,1736758
residential_20173210160000,1736976
residential_20173210190000,1775464
residential_20173210410000,1853490
residential_20173260010000,1637226
residential_20173260320000,1681659
residential_20173290110000,1681276
residential_20173290170000,1660207
residential_20173290200000,1660216
residential_20173290200000,1685339
residential_20173290230000,1685396
residential_20173290240000,1685402
residential_20173290250000,1685409
residential_20173290310000,1675695
residential_20174050350000,3058885
residential_20174050360000,3058886
residential_20174050360000,3125351
residential_20174050410000,3058887
residential_20174050460000,3058889
residential_20174060180000,3058888
residential_20174060180000,3125353
residential_20174060350000,3058845
residential_20174060430000,3058849
residential_20174060460000,3058850
residential_20174150410000,3058851
residential_20174150420000,3058853
residential_20174150430000,3058854
residential_20184040350000,1853638
residential_20184060470000,1768585
residential_20192110110000,1659489
residential_20194030400000,1663982
residential_20194250040000,1664036
residential_20201010150000,1744878
residential_20201110320000,1651400
residential_20201110320000,1836025
residential_20202160020000,1635351
residential_20202160020000,1836023
residential_20203110460000,1795905
residential_20203110460000,1795910
residential_20211290010000,1782962
residential_20211290010000,1964618
residential_20211290010000,1964619
residential_20211290020000,1782962
residential_20211290020000,1964619
residential_20211290090000,1814179
residential_20211290090000,1965003
residential_20211290100000,1866015
residential_20212150110000,2019782
residential_20212150140000,1924118
residential_20212150180000,1908826
residential_20213080330000,2008231
residential_20213230260000,1654120
residential_20213230260000,1935453
residential_20214000450000,2140605
residential_20214000480000,2047782
residential_20214000490000,2047807
residential_20222120220000,3199013
residential_20222220250000,1680190
residential_20222220290000,3117617
residential_20222220300000,3117618
residential_20222230120000,3117620
residential_20222230180000,3117621
residential_20224040260000,1895420
residential_20224050130000,1894953
residential_20231010130000,3016941
residential_20231020160000,3161377
residential_20231020170000,2790384
residential_20231030270000,3096111
residential_20231030320000,3096112
residential_20231040250000,1678499
residential_20231040800000,1724372
residential_20231040800000,1724373
residential_20231040860000,1724373
residential_20231040890000,3222641
residential_20231050760000,1796274
residential_20231050780000,3125997
residential_20231050790000,3197888
residential_20231060250000,1678283
residential_20231060330000,1678191
residential_20231060350000,3161677
residential_20231060960000,3153935
residential_20231060970000,3153935
residential_20231110050000,3050426
residential_20231110060000,2979199
residential_20231140110000,1845964
residential_20231140400000,3194299
residential_20231140410000,3196551
residential_20231150140000,1811586
residential_20231160050000,1678519
residential_20231160360000,3116986
residential_20231160360000,3116987
residential_20231160370000,3116987
residential_20231170040000,3154205
residential_20231170230000,1678323
residential_20231180160000,1650629
residential_20231190140000,1676660
residential_20231190510000,1650628
residential_20231190520000,2591917
residential_20231190520000,2591920
residential_20231190530000,2591917
residential_20231190530000,2591920
residential_20231230400000,1821586
residential_20231250320000,3151364
residential_20231250330000,3151366
residential_20232110210000,2461530
residential_20232130490000,2838144
residential_20232131070000,2979899
residential_20232131100000,2768892
residential_20232131100000,2768893
residential_20232220210000,3169134
residential_20232230220000,3122179
residential_20232240160000,3127227
residential_20232240170000,3133006
residential_20232240180000,3133107
residential_20232240190000,3133126
residential_20232240200000,3133187
residential_20232240210000,3133191
residential_20232240220000,3133336
residential_20234010050000,1764360
residential_20243230210000,1762353
residential_20254080460000,1812741
residential_20261110050000,1759378
residential_20261110100000,1962480
residential_20261110120000,3088132
residential_20261110290000,3174778
residential_20261140440000,1759501
residential_20261140440000,1801329
residential_20261150170000,1780219
residential_20261210020000,1759558
residential_20261210020000,1760484
residential_20261210070000,1710159
residential_20261210110000,1810857
residential_20261210250000,1710329
residential_20261220190000,1710274
residential_20261220460000,1651770
residential_20261220480000,1680808
residential_20261220490000,1651649
residential_20261260260000,1676744
residential_20262120150000,1732881
residential_20262130320000,2196625
residential_20262130330000,2196624
residential_20262130330000,2196625
residential_20263030300000,2167467
residential_20263090100000,1808886
residential_20263110200000,1803437
residential_20263110210000,1803372
residential_20263110230000,1808918
residential_20263110400000,1831600
residential_20263120430000,1808544
residential_20263150270000,1678671
residential_20263220280000,1700130
residential_20263220290000,1701295
residential_20264180060000,1649642
residential_20272140190000,1656668
residential_20272150160000,1808981
residential_20281250300000,1680060
residential_20292040050000,1759951
residential_20293180360000,1697168
residential_20293180370000,1809042
residential_20294170170000,1794263
residential_20302190490000,1848094
residential_20312260040000,1681878
residential_20312270100000,3015834
residential_20331040240000,1731960
residential_20331040240000,1732022
residential_20331040270000,1833648
residential_20331050070000,1731621
residential_20331090020000,1769310
residential_20331090020000,1840089
residential_20332080250000,1675072
residential_20351050260000,1743774
residential_20353000330000,1816596
residential_20353140560000,1895430
residential_21303250410000,1768959
residential_21313260260000,1639076
residential_25014100340000,1668694
residential_25014100350000,1668696
residential_25014210300000,1684754
residential_25021050130000,1678731
residential_25021050250000,1777347
residential_25023020260000,1742743
residential_25023020270000,1742763
residential_25023020500000,1742586
residential_25023100310000,1656637
residential_25023110010000,1759522
residential_25023110020000,1759452
residential_25024170180000,1758231
residential_25033230070000,2203699
residential_25034150370000,1689337
residential_25034160070000,1756640
residential_25034250240000,1679992
residential_25034260090000,1775441
residential_25034320140000,1671193
residential_25034320150000,1671204
residential_25044050320000,1661069
residential_25044080500000,1647950
residential_25044090060000,1811140
residential_25044090070000,1811172
residential_25064110010000,1675949
residential_25072110350000,1716276
residential_25074040090000,1818163
residential_25081130420000,1675100
residential_25082250060000,2173137
residential_25083040080000,1872883
residential_25091230230000,1772486
residential_25091230290000,1772483
residential_25101090090000,1809007
residential_25101090110000,1808982
residential_25101090120000,1808927
residential_25151200350000,1728252
residential_25151200750000,1689801
residential_25151200780000,1789872
residential_25153030010000,1635922
residential_25153230460000,1721835
residential_25161030360000,1652280
residential_25161050090000,1671680
residential_25161050100000,1671664
residential_25161070220000,1805522
residential_25164200200000,1912016
residential_25171210010000,2562211
residential_25171210030000,2562211
residential_25171210030000,2562212
residential_25171210040000,1816873
residential_25171210040000,2491796
residential_25171210050000,2562212
residential_25171210050000,2562213
residential_25171210060000,2491796
residential_25171210070000,2562213
residential_25171210070000,2562214
residential_25171210080000,1817279
residential_25171210080000,2425126
residential_25171210100000,2691545
residential_25171210100000,2691546
residential_25171210110000,2491795
residential_25171210120000,2691545
residential_25171210120000,2691546
residential_25171210130000,2425151
residential_25171210150000,2425157
residential_25171210170000,1759690
residential_25171210170000,1759695
residential_25171210170000,1812844
residential_25171210170000,1812845
residential_25171210170000,1812896
residential_25171210170000,1816859
residential_25171210170000,1816863
residential_25171210170000,1816866
residential_25171210170000,1816867
residential_25171210170000,1816869
residential_25171210170000,1816871
residential_25171210170000,1816873
residential_25171210170000,1817026
residential_25171210170000,1817279
residential_25171210170000,1817411
residential_25171210170000,1817413
residential_25171210170000,1817557
residential_25171210170000,1818678
residential_25171210170000,1818684
residential_25171210170000,1818766
residential_25171210170000,1818770
residential_25171210170000,1818776
residential_25171210170000,1819129
residential_25171210170000,1819132
residential_25171210170000,1819181
residential_25171210170000,1819182
residential_25171210170000,1819183
residential_25171210170000,1819184
residential_25171210170000,1819185
residential_25171210170000,1819186
residential_25171210170000,1819199
residential_25171210170000,1819200
residential_25171210170000,1819201
residential_25171210170000,1819202
residential_25171210170000,1819203
residential_25171210170000,1819459
residential_25171210170000,1819468
residential_25171210170000,1819477
residential_25171210170000,1819484
residential_25171210170000,1819490
residential_25171210170000,1820091
residential_25171210170000,1850707
residential_25171210170000,1850743
residential_25171210170000,1850855
residential_25171210180000,1759690
residential_25171210180000,1759695
residential_25171210180000,1812844
residential_25171210180000,1812845
residential_25171210180000,1812896
residential_25171210180000,1816859
residential_25171210180000,1816863
residential_25171210180000,1816866
residential_25171210180000,1816867
residential_25171210180000,1816869
residential_25171210180000,1816871
residential_25171210180000,1816873
residential_25171210180000,1817026
residential_25171210180000,1817279
residential_25171210180000,1817411
residential_25171210180000,1817413
residential_25171210180000,1817557
residential_25171210180000,1818678
residential_25171210180000,1818684
residential_25171210180000,1818766
residential_25171210180000,1818770
residential_25171210180000,1818776
residential_25171210180000,1819129
residential_25171210180000,1819132
residential_25171210180000,1819181
residential_25171210180000,1819182
residential_25171210180000,1819183
residential_25171210180000,1819184
residential_25171210180000,1819185
residential_25171210180000,1819186
residential_25171210180000,1819199
residential_25171210180000,1819200
residential_25171210180000,1819201
residential_25171210180000,1819202
residential_25171210180000,1819203
residential_25171210180000,1819459
residential_25171210180000,1819468
residential_25171210180000,1819477
residential_25171210180000,1819484
residential_25171210180000,1819490
residential_25171210180000,1820091
residential_25171210180000,1850707
residential_25171210180000,1850743
residential_25171210180000,1850855
residential_25171210190000,1759690
residential_25171210190000,1759695
residential_25171210190000,1812844
residential_25171210190000,1812845
residential_25171210190000,1812896
residential_25171210190000,1816859
residential_25171210190000,1816863
residential_25171210190000,1816866
residential_25171210190000,1816867
residential_25171210190000,1816869
residential_25171210190000,1816871
residential_25171210190000,1816873
residential_25171210190000,1817026
residential_25171210190000,1817279
residential_25171210190000,1817411
residential_25171210190000,1817413
residential_25171210190000,1817557
residential_25171210190000,1818678
residential_25171210190000,1818684
residential_25171210190000,1818766
residential_25171210190000,1818770
residential_25171210190000,1818776
residential_25171210190000,1819129
residential_25171210190000,1819132
residential_25171210190000,1819181
residential_25171210190000,1819182
residential_25171210190000,1819183
residential_25171210190000,1819184
residential_25171210190000,1819185
residential_25171210190000,1819186
residential_25171210190000,1819199
residential_25171210190000,1819200
residential_25171210190000,1819201
residential_25171210190000,1819202
residential_25171210190000,1819203
residential_25171210190000,1819459
residential_25171210190000,1819468
residential_25171210190000,1819477
residential_25171210190000,1819484
residential_25171210190000,1819490
residential_25171210190000,1820091
residential_25171210190000,1850707
residential_25171210190000,1850743
residential_25171210190000,1850855
residential_25171210200000,1759690
residential_25171210200000,1759695
residential_25171210200000,1812844
residential_25171210200000,1812845
residential_25171210200000,1812896
residential_25171210200000,1816859
residential_25171210200000,1816863
residential_25171210200000,1816866
residential_25171210200000,1816867
residential_25171210200000,1816869
residential_25171210200000,1816871
residential_25171210200000,1816873
residential_25171210200000,1817026
residential_25171210200000,1817279
residential_25171210200000,1817411
residential_25171210200000,1817413
residential_25171210200000,1817557
residential_25171210200000,1818678
residential_25171210200000,1818684
residential_25171210200000,1818766
residential_25171210200000,1818770
residential_25171210200000,1818776
residential_25171210200000,1819129
residential_25171210200000,1819132
residential_25171210200000,1819181
residential_25171210200000,1819182
residential_25171210200000,1819183
residential_25171210200000,1819184
residential_25171210200000,1819185
residential_25171210200000,1819186
residential_25171210200000,1819199
residential_25171210200000,1819200
residential_25171210200000,1819201
residential_25171210200000,1819202
residential_25171210200000,1819203
residential_25171210200000,1819459
residential_25171210200000,1819468
residential_25171210200000,1819477
residential_25171210200000,1819484
residential_25171210200000,1819490
residential_25171210200000,1820091
residential_25171210200000,1850707
residential_25171210200000,1850743
residential_25171210200000,1850855
residential_25171210210000,1850707
residential_25171210220000,1819490
residential_25171210220000,2425179
residential_25171210230000,2425185
residential_25171210240000,2425185
residential_25171210240000,2736404
residential_25171210250000,2498184
residential_25171210250000,2736404
residential_25171210260000,2491794
residential_25171210270000,2714705
residential_25171210280000,2714705
residential_25171210280000,2714791
residential_25171210290000,2714791
residential_25171210290000,2736470
residential_25171210300000,2736470
residential_25171210300000,2736497
residential_25171210310000,2736491
residential_25171220010000,2691088
residential_25171220020000,2735464
residential_25171220030000,2735531
residential_25171220040000,3058940
residential_25171220040000,3058941
residential_25171220050000,2691089
residential_25171220050000,2735464
residential_25171220060000,3058939
residential_25171220070000,1818766
residential_25171220080000,3058938
residential_25171220080000,3058939
residential_25171220090000,1818770
residential_25171220100000,2562197
residential_25171220100000,2672204
residential_25171220110000,1818776
residential_25171220120000,2691090
residential_25171220120000,2736434
residential_25171220130000,2844223
residential_25171220140000,2844282
residential_25171220150000,2844283
residential_25171220160000,2844285
residential_25171220170000,2844287
residential_25171220180000,2844288
residential_25171220190000,2844289
residential_25171220200000,2844290
residential_25171220210000,2844291
residential_25171220220000,2844294
residential_25171220230000,2849418
residential_25171220240000,2491802
residential_25171220240000,2844296
residential_25171220250000,2491804
residential_25171220250000,2844297
residential_25171220260000,2844298
residential_25171220270000,2844299
residential_25171220280000,2844301
residential_25171220290000,2844302
residential_25171220300000,2736434
residential_25171220310000,2491805
residential_25171220310000,2736451
residential_25171220320000,1816859
residential_25171220330000,1816863
residential_25171220340000,1850743
residential_25171220350000,2691544
residential_25171220360000,2491791
residential_25171220360000,2491798
residential_25171220370000,2491798
residential_25171220390000,2736475
residential_25171220400000,2491799
residential_25171220400000,2732313
residential_25171220410000,1816866
residential_25171220420000,2562202
residential_25171220430000,2736480
residential_25171220440000,1759690
residential_25171220440000,1759695
residential_25171220440000,1812844
residential_25171220440000,1812845
residential_25171220440000,1812896
residential_25171220440000,1816859
residential_25171220440000,1816863
residential_25171220440000,1816866
residential_25171220440000,1816867
residential_25171220440000,1816869
residential_25171220440000,1816871
residential_25171220440000,1816873
residential_25171220440000,1817026
residential_25171220440000,1817279
residential_25171220440000,1817411
residential_25171220440000,1817413
residential_25171220440000,1817557
residential_25171220440000,1818678
residential_25171220440000,1818684
residential_25171220440000,1818766
residential_25171220440000,1818770
residential_25171220440000,1818776
residential_25171220440000,1819129
residential_25171220440000,1819132
residential_25171220440000,1819181
residential_25171220440000,1819182
residential_25171220440000,1819183
residential_25171220440000,1819184
residential_25171220440000,1819185
residential_25171220440000,1819186
residential_25171220440000,1819199
residential_25171220440000,1819200
residential_25171220440000,1819201
residential_25171220440000,1819202
residential_25171220440000,1819203
residential_25171220440000,1819459
residential_25171220440000,1819468
residential_25171220440000,1819477
residential_25171220440000,1819484
residential_25171220440000,1819490
residential_25171220440000,1820091
residential_25171220440000,1850707
residential_25171220440000,1850743
residential_25171220440000,1850855
residential_25171220460000,2562203
residential_25171240010000,3058937
residential_25171240020000,3058936
residential_25171240020000,3058937
residential_25171240030000,3058935
residential_25171240030000,3058936
residential_25171240040000,2691092
residential_25171240050000,2735539
residential_25171240060000,2735551
residential_25171240070000,2997239
residential_25171240080000,3058934
residential_25171240090000,3058932
residential_25171240100000,3058931
residential_25171240100000,3058932
residential_25171240110000,2562204
residential_25171240120000,1819203
residential_25171240120000,1850855
residential_25171240140000,2491785
residential_25171240150000,2562205
residential_25171240160000,2714712
residential_25171240170000,2714708
residential_25171240180000,2735560
residential_25171240190000,2735568
residential_25171240200000,2736381
residential_25171240210000,1759690
residential_25171240210000,1759695
residential_25171240210000,1812844
residential_25171240210000,1812845
residential_25171240210000,1812896
residential_25171240210000,1816859
residential_25171240210000,1816863
residential_25171240210000,1816866
residential_25171240210000,1816867
residential_25171240210000,1816869
residential_25171240210000,1816871
residential_25171240210000,1816873
residential_25171240210000,1817026
residential_25171240210000,1817279
residential_25171240210000,1817411
residential_25171240210000,1817413
residential_25171240210000,1817557
residential_25171240210000,1818678
residential_25171240210000,1818684
residential_25171240210000,1818766
residential_25171240210000,1818770
residential_25171240210000,1818776
residential_25171240210000,1819129
residential_25171240210000,1819132
residential_25171240210000,1819181
residential_25171240210000,1819182
residential_25171240210000,1819183
residential_25171240210000,1819184
residential_25171240210000,1819185
residential_25171240210000,1819186
residential_25171240210000,1819199
residential_25171240210000,1819200
residential_25171240210000,1819201
residential_25171240210000,1819202
residential_25171240210000,1819203
residential_25171240210000,1819459
residential_25171240210000,1819468
residential_25171240210000,1819477
residential_25171240210000,1819484
residential_25171240210000,1819490
residential_25171240210000,1820091
residential_25171240210000,1850707
residential_25171240210000,1850743
residential_25171240210000,1850855
residential_25171240220000,2562206
residential_25171240230000,2562207
residential_25171240250000,1759690
residential_25171240250000,1759695
residential_25171240250000,1812844
residential_25171240250000,1812845
residential_25171240250000,1812896
residential_25171240250000,1816859
residential_25171240250000,1816863
residential_25171240250000,1816866
residential_25171240250000,1816867
residential_25171240250000,1816869
residential_25171240250000,1816871
residential_25171240250000,1816873
residential_25171240250000,1817026
residential_25171240250000,1817279
residential_25171240250000,1817411
residential_25171240250000,1817413
residential_25171240250000,1817557
residential_25171240250000,1818678
residential_25171240250000,1818684
residential_25171240250000,1818766
residential_25171240250000,1818770
residential_25171240250000,1818776
residential_25171240250000,1819129
residential_25171240250000,1819132
residential_25171240250000,1819181
residential_25171240250000,1819182
residential_25171240250000,1819183
residential_25171240250000,1819184
residential_25171240250000,1819185
residential_25171240250000,1819186
residential_25171240250000,1819199
residential_25171240250000,1819200
residential_25171240250000,1819201
residential_25171240250000,1819202
residential_25171240250000,1819203
residential_25171240250000,1819459
residential_25171240250000,1819468
residential_25171240250000,1819477
residential_25171240250000,1819484
residential_25171240250000,1819490
residential_25171240250000,1820091
residential_25171240250000,1850707
residential_25171240250000,1850743
residential_25171240250000,1850855
residential_25171240260000,2562208
residential_25171240270000,2491797
residential_25171250020000,3058942
residential_25171250020000,3058943
residential_25171250030000,3058941
residential_25173010370000,1849400
residential_25173260010000,1695901
residential_25192050090000,1688125
residential_25194140490000,1671278
residential_25194140500000,1671272
residential_25194140500000,1671278
residential_25194140510000,1671247
residential_25194140510000,1671952
residential_25194140520000,1671247
residential_25214230230000,1649511
residential_25214230240000,1649520
residential_25271160010000,1694079
residential_25281260330000,1635614
residential_25281260330000,1898164
residential_25281260340000,1653344
residential_25281260340000,1898202
residential_25282040300000,1746004
residential_25282050130000,1640098
residential_25282130030000,1812159
residential_tieback_13011260180000,1810093
residential_tieback_13011260180000,1810097
residential_tieback_13011260270000,1661993
residential_tieback_13021130170000,1820732
residential_tieback_13021140350000,2915916
residential_tieback_13021230200000,2798698
residential_tieback_13022030120000,2166262
residential_tieback_13022060150000,2676916
residential_tieback_13022090160000,2766360
residential_tieback_13022090160000,3013075
residential_tieback_13022090360000,2455166
residential_tieback_13024160190000,1829431
residential_tieback_13051140450000,2917280
residential_tieback_13051140470000,2917295
residential_tieback_13124110530000,2656573
residential_tieback_13124110530000,2767464
residential_tieback_13134030510000,2678783
residential_tieback_13144030350000,3196464
residential_tieback_13153190450000,2828870
residential_tieback_13161070300000,3107716
residential_tieback_13161070300000,3108694
residential_tieback_13214040940000,3155757
residential_tieback_13214040940000,3155761
residential_tieback_13222150030000,2679307
residential_tieback_13224160040000,2471969
residential_tieback_13224160040000,2471981
residential_tieback_13224160040000,2471999
residential_tieback_13224160070000,2471945
residential_tieback_13224160070000,2471959
residential_tieback_13224160090000,2471912
residential_tieback_13224340300000,3139166
residential_tieback_13224340300000,3151760
residential_tieback_13231280370000,2321458
residential_tieback_13233070340000,2957997
residential_tieback_13241000110000,2321938
residential_tieback_13241000110000,2396449
residential_tieback_13241000110000,2396810
residential_tieback_13241000110000,2406567
residential_tieback_13241000110000,2406593
residential_tieback_13241000110000,2431031
residential_tieback_13241000110000,2446156
residential_tieback_13243040420000,2460153
residential_tieback_13243040420000,2467215
residential_tieback_13243040420000,2467219
residential_tieback_13243040440000,2460157
residential_tieback_13243040440000,2460163
residential_tieback_13252100320000,2394988
residential_tieback_13261060030000,2777111
residential_tieback_13284280230000,2958594
residential_tieback_13291210400000,2129145
residential_tieback_13291210400000,2129171
residential_tieback_13303080160000,2828962
residential_tieback_13303080160000,2828968
residential_tieback_13303080200000,2828962
residential_tieback_13353060330000,2912115
residential_tieback_13354100210000,2798683
residential_tieback_13354130040000,2798199
residential_tieback_13354190020000,2798053
residential_tieback_13362290580000,1710647
residential_tieback_13362290580000,1710878
residential_tieback_13362290600000,1710647
residential_tieback_13362290600000,1710878
residential_tieback_13362290620000,1710647
residential_tieback_13362290620000,1710878
residential_tieback_13362290640000,1710647
residential_tieback_13362290640000,1710878
residential_tieback_13362290660000,1710647
residential_tieback_13362290660000,1710878
residential_tieback_13362290680000,1710647
residential_tieback_13362290680000,1710878
residential_tieback_13362290700000,1710647
residential_tieback_13362290700000,1710878
residential_tieback_13362290720000,1710647
residential_tieback_13362290720000,1710878
residential_tieback_13362290740000,1710647
residential_tieback_13362290740000,1710878
residential_tieback_13363110040000,2530320
residential_tieback_13363150560000,2542329
residential_tieback_13363150600000,2633694
residential_tieback_13364070440000,2748211
residential_tieback_13364070440000,2748219
residential_tieback_13364070440000,2748224
residential_tieback_13364070440000,2748227
residential_tieback_13364070440000,2748233
residential_tieback_13364070440000,2748237
residential_tieback_13364070440000,2748243
residential_tieback_13364070440000,2748250
residential_tieback_13364070580000,2748211
residential_tieback_13364070580000,2748219
residential_tieback_13364070580000,2748224
residential_tieback_13364070580000,2748227
residential_tieback_13364070580000,2748233
residential_tieback_13364070580000,2748237
residential_tieback_13364070580000,2748243
residential_tieback_13364070580000,2748250
residential_tieback_13364080130000,2656170
residential_tieback_14062020090000,2489876
residential_tieback_14062160230000,3048619
residential_tieback_14064010160000,2756976
residential_tieback_14064010160000,2757007
residential_tieback_14064040170000,1645192
residential_tieback_14191310430000,3167468
residential_tieback_14193060330000,2207508
residential_tieback_14193190430000,1657189
residential_tieback_14193190430000,1759138
residential_tieback_14194090200000,2902024
residential_tieback_14194180260000,2612624
residential_tieback_14194180260000,2751087
residential_tieback_14194180260000,2857711
residential_tieback_14201180260000,2382251
residential_tieback_14202180230000,2894727
residential_tieback_14203220120000,1689820
residential_tieback_14203260130000,1835531
residential_tieback_14293000710000,2998247
residential_tieback_14293000710000,2998249
residential_tieback_14293000710000,2998251
residential_tieback_14293040500000,2345392
residential_tieback_14293040500000,2421080
residential_tieback_14293040500000,2464674
residential_tieback_14293040500000,2602065
residential_tieback_14293150590000,2244537
residential_tieback_14294070320000,2435291
residential_tieback_14294070950000,1843932
residential_tieback_14294090430000,2231750
residential_tieback_14302070270000,1692429
residential_tieback_14302070360000,2167011
residential_tieback_14302170150000,2733309
residential_tieback_14302221830000,1763205
residential_tieback_14304100140000,2760508
residential_tieback_14311070100000,2353212
residential_tieback_14313040100000,2150834
residential_tieback_14313080400000,2648978
residential_tieback_14313080420000,2699817
residential_tieback_14313240020000,2910464
residential_tieback_14314090270000,2539219
residential_tieback_14314090270000,2645661
residential_tieback_14314090270000,2782520
residential_tieback_14314170120000,2817875
residential_tieback_14314170360000,1796917
residential_tieback_14314180010000,2994228
residential_tieback_14314180190000,2678326
residential_tieback_14314190070000,1958929
residential_tieback_14314190330000,2257251
residential_tieback_14314200100000,2317149
residential_tieback_14314200100000,2349427
residential_tieback_14314250400000,2445456
residential_tieback_14314260460000,2437260
residential_tieback_14314280030000,2498296
residential_tieback_14314300060000,2832928
residential_tieback_14321100270000,2214632
residential_tieback_14322190340000,2629845
residential_tieback_14322190340000,2793589
residential_tieback_14322230090000,2583490
residential_tieback_14324090120000,3033205
residential_tieback_14324100230000,1897305
residential_tieback_14324130200000,2152069
residential_tieback_14333010280000,2729308
residential_tieback_14333010660000,2757508
residential_tieback_14333030350000,2540917
residential_tieback_14333031450000,2908179
residential_tieback_14333170330000,2400629
residential_tieback_16012250060000,2662400
residential_tieback_16012270160000,2627087
residential_tieback_16013170270000,2600402
residential_tieback_16013250500000,2495088
residential_tieback_16013250500000,2495091
residential_tieback_16013250500000,2495099
residential_tieback_16013250500000,2495100
residential_tieback_16013250500000,2495101
residential_tieback_16013250500000,2495104
residential_tieback_16112090370000,2689964
residential_tieback_16112090370000,2710409
residential_tieback_16112090370000,2710416
residential_tieback_16112090370000,2710420
residential_tieback_16112090370000,2710428
residential_tieback_16112150020000,1951948
residential_tieback_16112150210000,2689964
residential_tieback_16112150210000,2694450
residential_tieback_16112150210000,2710409
residential_tieback_16112150210000,2710416
residential_tieback_16112150210000,2710420
residential_tieback_16112150210000,2710428
residential_tieback_16112180100000,1951955
residential_tieback_16121070270000,2689965
residential_tieback_16121070270000,2702676
residential_tieback_16121070270000,2702694
residential_tieback_16121070270000,2710371
residential_tieback_16121070270000,2710379
residential_tieback_16121070310000,2689965
residential_tieback_16121070310000,2702676
residential_tieback_16121070310000,2702694
residential_tieback_16121070310000,2710371
residential_tieback_16121070310000,2710379
residential_tieback_16122030390000,2321938
residential_tieback_16122030390000,2396449
residential_tieback_16122030390000,2396810
residential_tieback_16122030390000,2406567
residential_tieback_16122030390000,2406593
residential_tieback_16122030390000,2431031
residential_tieback_16122030390000,2446156
residential_tieback_16132080280000,2845200
residential_tieback_16132320050000,2793553
residential_tieback_16132320050000,2887221
residential_tieback_16133150050000,2010511
residential_tieback_16133150050000,2010515
residential_tieback_16133150050000,2091642
residential_tieback_16134060260000,3020415
residential_tieback_17042020150000,1928720
residential_tieback_17042020350000,2698520
residential_tieback_17042020350000,2791440
residential_tieback_17044360130000,2863655
residential_tieback_17051160110000,2189499
residential_tieback_17051240340000,2473908
residential_tieback_17053080540000,1941475
residential_tieback_17053150380000,2613007
residential_tieback_17053210120000,1697792
residential_tieback_17061120390000,2490109
residential_tieback_17062000440000,3051939
residential_tieback_17062000440000,3093849
residential_tieback_17062300200000,2400205
residential_tieback_17063260150000,1837685
residential_tieback_17064020060000,2493714
residential_tieback_17064020060000,2652543
residential_tieback_17071040340000,2178144
residential_tieback_17071240160000,2318082
residential_tieback_17072020180000,3093578
residential_tieback_17072070170000,2776473
residential_tieback_17072080250000,2501876
residential_tieback_17072120260000,2501791
residential_tieback_17074300480000,2547869
residential_tieback_17081060180000,3110645
residential_tieback_17082210130000,1681965
residential_tieback_17173250280000,2858797
residential_tieback_17174100190000,2768885
residential_tieback_17181280350000,2463759
residential_tieback_17193240010000,2967441
residential_tieback_17194100250000,2798435
residential_tieback_17204010420000,2878839
residential_tieback_17204140060000,2780746
residential_tieback_17213220210000,2734888
residential_tieback_17213240050000,2997482
residential_tieback_17223030980000,2740939
residential_tieback_17223030980000,2740943
residential_tieback_17223031000000,2740939
residential_tieback_17223031000000,2740943
residential_tieback_17223031020000,2740939
residential_tieback_17223031020000,2740943
residential_tieback_17223031040000,2740939
residential_tieback_17223031040000,2740943
residential_tieback_17223031060000,2740939
residential_tieback_17223031060000,2740943
residential_tieback_17223050430000,2387600
residential_tieback_17223050430000,2534769
residential_tieback_17293120230000,2813660
residential_tieback_17293170300000,1796584
residential_tieback_17314200230000,2858567
residential_tieback_17321110420000,2856643
residential_tieback_17321110420000,2857247
residential_tieback_17321110440000,2856643
residential_tieback_17321110450000,2856643
residential_tieback_17321110460000,2856643
residential_tieback_17341040230000,2488137
residential_tieback_17341040250000,2499178
residential_tieback_17341160100000,2838044
residential_tieback_17341201140000,3177317
residential_tieback_17341210790000,2839535
residential_tieback_17342250090000,2042240
residential_tieback_19083180440000,2679243
residential_tieback_20032000220000,3220340
residential_tieback_20032010530000,2162681
residential_tieback_20032240490000,2692233
residential_tieback_20034020040000,3061220
residential_tieback_20102060130000,2444036
residential_tieback_20102060160000,2444081
residential_tieback_20102110250000,3003433
residential_tieback_20143120270000,1789884
residential_tieback_20173210220000,1756393
residential_tieback_20174140240000,2461005
residential_tieback_20174140240000,2461006
residential_tieback_20174140290000,2461008
residential_tieback_20174140310000,2461009
residential_tieback_20174140330000,2461007
residential_tieback_20174140330000,2461010
residential_tieback_20192040220000,1768582
residential_tieback_20221050360000,1861804
residential_tieback_20221050360000,1867417
residential_tieback_20231030370000,1676747
residential_tieback_20231050050000,3060956
residential_tieback_20231160210000,1678508
residential_tieback_20231160220000,1675596
residential_tieback_20231160220000,1676540
residential_tieback_20231190130000,1676541
residential_tieback_20301180390000,1760062
residential_tieback_21301080160000,1797896
residential_tieback_21301080160000,1957150
