component_id,card_id,successor_id,project_id,card_num,card_units,card_building_sqft,project_pin,construction_year,within_500ft,successor_type,successor_pin,successor_pin10,successor_address,successor_year,year_gap,successor_class,successor_units,successor_building_sqft,successor_land_sqft,successor_x_3435,successor_y_3435,represented_project_ids,search_geometry_source,projects_per_condo_base,within_one_year,within_two_years,automatic_candidate,building_ratio,match_quality
episode_001,13014130010000_card_1,noncondo_13014130470000,residential_multicard_13014130010000,1,2,2890,13014130010000,2009,FALSE,current_noncondo_parcel,13014130470000,1301413047,5857 N MAPLEWOOD AVE,2008,-1,211,2,2890,3644,1158359.3454995311,1939014.259726063,residential_13014130470000,construction_year_parcel,NA,TRUE,TRUE,TRUE,1,within_2pct
episode_001,13014130010000_card_2,noncondo_13014130480000,residential_multicard_13014130010000,2,2,2890,13014130010000,2009,FALSE,current_noncondo_parcel,13014130480000,1301413048,5859 N MAPLEWOOD AVE,2008,-1,211,2,2890,3649,1158358.4352570656,1939043.5797221088,residential_13014130480000,construction_year_parcel,NA,TRUE,TRUE,TRUE,1,within_2pct
episode_002,13104270160000_card_1,noncondo_13104270390000,residential_multicard_13104270160000,1,1,1875,13104270160000,2019,FALSE,current_noncondo_parcel,13104270390000,1310427039,4852 N KEYSTONE AVE,2019,0,207,1,1875,3163,1148413.3083690747,1932149.785030858,residential_13104270390000,construction_year_parcel,NA,TRUE,TRUE,TRUE,1,within_2pct
episode_002,13104270160000_card_2,noncondo_13104270400000,residential_multicard_13104270160000,2,1,1875,13104270160000,2019,FALSE,current_noncondo_parcel,13104270400000,1310427040,4850 N KEYSTONE AVE,2019,0,207,1,1875,3147,1148414.0320614718,1932124.8602385607,residential_13104270400000,construction_year_parcel,NA,TRUE,TRUE,TRUE,1,within_2pct
episode_003,13124150470000_card_1,noncondo_13124150570000,residential_multicard_13124150470000,1,1,2815,13124150470000,2014,FALSE,current_noncondo_parcel,13124150570000,1312415057,2446 W AINSLIE ST,2014,0,278,1,2845,4006,1158961.555072758,1932676.6482899964,residential_13124150570000,construction_year_parcel,NA,TRUE,TRUE,TRUE,1.0106571936056838,within_2pct
episode_003,13124150470000_card_2,noncondo_13124150580000,residential_multicard_13124150470000,2,1,3002,13124150470000,2014,FALSE,current_noncondo_parcel,13124150580000,1312415058,2448 W AINSLIE ST,2014,0,278,1,3160,5004,1158923.760465574,1932714.7921578912,residential_13124150580000,construction_year_parcel,NA,TRUE,TRUE,TRUE,1.0526315789473684,within_10pct
episode_004,13124150460000_card_1,noncondo_13124150640000,residential_multicard_13124150460000,1,1,2924,13124150460000,2022,FALSE,current_noncondo_parcel,13124150640000,1312415064,2450 W AINSLIE ST,2022,0,278,1,3104,3750,1158896.208938392,1932714.3196321896,residential_13124150640000,construction_year_parcel,NA,TRUE,TRUE,TRUE,1.06155950752394,within_10pct
episode_004,13124150460000_card_2,noncondo_13124150650000,residential_multicard_13124150460000,2,1,2924,13124150460000,2022,FALSE,current_noncondo_parcel,13124150650000,1312415065,2452 W AINSLIE ST,2022,0,278,1,3104,4010,1158872.0115967672,1932713.6852735225,residential_13124150650000,construction_year_parcel,NA,TRUE,TRUE,TRUE,1.06155950752394,within_10pct
episode_005,13141240180000_card_1,noncondo_13141240450000,residential_multicard_13141240180000,1,1,1889,13141240180000,2018,FALSE,current_noncondo_parcel,13141240450000,1314124045,4454 N HAMLIN AVE,2019,1,207,1,1889,3725,1150154.459945961,1929554.4739559155,residential_13141240450000,construction_year_parcel,NA,TRUE,TRUE,TRUE,1,within_2pct
episode_005,13141240180000_card_2,noncondo_13141240460000,residential_multicard_13141240180000,2,1,1904,13141240180000,2018,FALSE,current_noncondo_parcel,13141240460000,1314124046,4458 N HAMLIN AVE,2019,1,207,1,1904,3723,1150153.601209722,1929584.133924604,residential_13141240460000,construction_year_parcel,NA,TRUE,TRUE,TRUE,1,within_2pct
episode_006,13143260160000_card_1,noncondo_13143260370000,residential_multicard_13143260160000,1,1,2612,13143260160000,2014,FALSE,current_noncondo_parcel,13143260370000,1314326037,4028 N HARDING AVE,2015,1,278,1,2613,3331,1149234.7230077423,1926632.5749263256,residential_13143260370000,construction_year_parcel,NA,TRUE,TRUE,TRUE,1.0003828483920367,within_2pct
episode_006,13143260160000_card_2,noncondo_13143260380000,residential_multicard_13143260160000,2,1,2612,13143260160000,2014,FALSE,current_noncondo_parcel,13143260380000,1314326038,4030 N HARDING AVE,2015,1,278,1,2613,3331,1149234.0138772684,1926657.544744494,residential_13143260380000,construction_year_parcel,NA,TRUE,TRUE,TRUE,1.0003828483920367,within_2pct
episode_007,13161090190000_card_1,noncondo_13161090520000,residential_multicard_13161090190000,1,1,2016,13161090190000,2021,FALSE,current_noncondo_parcel,13161090520000,1316109052,5334 W LELAND,2021,0,278,1,2071,3446,1139784.8186366186,1930660.963157196,residential_13161090520000,construction_year_parcel,NA,TRUE,TRUE,TRUE,1.027281746031746,within_5pct
episode_007,13161090190000_card_2,noncondo_13161090530000,residential_multicard_13161090190000,2,1,2016,13161090190000,2021,FALSE,current_noncondo_parcel,13161090530000,1316109053,5336 W LELAND,2021,0,278,1,2071,3446,1139757.2206502748,1930660.244865087,residential_13161090530000,construction_year_parcel,NA,TRUE,TRUE,TRUE,1.027281746031746,within_5pct
episode_008,13221240150000_card_1,noncondo_13221240740000,residential_multicard_13221240150000,1,1,1777,13221240150000,2015,TRUE,current_noncondo_parcel,13221240740000,1322124074,4601 W PATTERSON AVE,2015,0,207,1,1777,3112,1144954.128331171,1923767.4442499976,residential_13221240740000,construction_year_parcel,NA,TRUE,TRUE,TRUE,1,within_2pct
episode_008,13221240150000_card_2,noncondo_13221240750000,residential_multicard_13221240150000,2,1,1777,13221240150000,2015,TRUE,current_noncondo_parcel,13221240750000,1322124075,4603 W PATTERSON AVE,2015,0,207,1,1777,3112,1144929.1664469186,1923766.7715072748,residential_13221240750000,construction_year_parcel,NA,TRUE,TRUE,TRUE,1,within_2pct
episode_008,13221240150000_card_3,noncondo_13221240760000,residential_multicard_13221240150000,3,1,1777,13221240150000,2015,TRUE,current_noncondo_parcel,13221240760000,1322124076,4607 W PATTERSON AVE,2014,-1,207,1,1777,3115,1144904.1897587418,1923766.1675946289,residential_13221240760000,construction_year_parcel,NA,TRUE,TRUE,TRUE,1,within_2pct
episode_009,13222210280000_card_1,noncondo_13222210350000,residential_multicard_13222210280000,1,1,2640,13222210280000,2018,TRUE,current_noncondo_parcel,13222210350000,1322221035,3626 N KEELER AV,2018,0,278,1,2622,3930,1147641.490059922,1923913.9050033272,residential_13222210350000,construction_year_parcel,NA,TRUE,TRUE,TRUE,0.9931818181818182,within_2pct
episode_009,13222210280000_card_2,noncondo_13222210360000,residential_multicard_13222210280000,2,1,2640,13222210280000,2018,TRUE,current_noncondo_parcel,13222210360000,1322221036,3624 N KEELER AVE,2018,0,278,1,2622,3930,1147642.250065077,1923888.6749966743,residential_13222210360000,construction_year_parcel,NA,TRUE,TRUE,TRUE,0.9931818181818182,within_2pct
episode_010,13223070280000_card_1,noncondo_13223070390000,residential_multicard_13223070280000,1,1,2082,13223070280000,2018,TRUE,current_noncondo_parcel,13223070390000,1322307039,3410 N KEATING AVE,2018,0,278,1,2082,4084,1144100.6606032278,1922329.574156896,residential_13223070390000,construction_year_parcel,NA,TRUE,TRUE,TRUE,1,within_2pct
episode_010,13223070280000_card_2,noncondo_13223070400000,residential_multicard_13223070280000,2,1,2082,13223070280000,2018,TRUE,current_noncondo_parcel,13223070400000,1322307040,3408 N KEATING AVE,2018,0,278,1,2082,4263,1144102.59754566,1922306.4511905075,residential_13223070400000,construction_year_parcel,NA,TRUE,TRUE,TRUE,1,within_2pct
episode_010,13223070280000_card_3,noncondo_13223070410000,residential_multicard_13223070280000,3,1,2082,13223070280000,2018,TRUE,current_noncondo_parcel,13223070410000,1322307041,3406 N KEATING AVE,2018,0,278,1,2082,4263,1144103.2468605377,1922282.7908335356,residential_13223070410000,construction_year_parcel,NA,TRUE,TRUE,TRUE,1,within_2pct
episode_011,13224130020000_card_1,noncondo_13224130140000,residential_multicard_13224130020000,1,1,2343,13224130020000,2018,FALSE,current_noncondo_parcel,13224130140000,1322413014,4169 W CORNELIA AVE,2018,0,278,1,2343,3407,1147871.1260648535,1922988.2566602735,residential_13224130140000,construction_year_parcel,NA,TRUE,TRUE,TRUE,1,within_2pct
episode_011,13224130020000_card_2,noncondo_13224130150000,residential_multicard_13224130020000,2,1,2343,13224130020000,2018,FALSE,current_noncondo_parcel,13224130150000,1322413015,4167 W CORNELIA AVE,2018,0,278,1,2343,4095,1147899.7134217992,1922977.009949238,residential_13224130150000,construction_year_parcel,NA,TRUE,TRUE,TRUE,1,within_2pct
episode_012,13243050100000_card_1,noncondo_13243050300000,residential_multicard_13243050100000,1,1,2324,13243050100000,2006,FALSE,current_noncondo_parcel,13243050300000,1324305030,3001 W CORNELIA AVE,2007,1,295,1,2324,1269,1155725.2725204811,1923034.9577572667,residential_13243050300000,construction_year_parcel,NA,TRUE,TRUE,TRUE,1,within_2pct
episode_012,13243050100000_card_2,noncondo_13243050310000,residential_multicard_13243050100000,2,1,1762,13243050100000,2006,FALSE,current_noncondo_parcel,13243050310000,1324305031,3003 W CORNELIA AVE,2007,1,295,1,1762,972,1155704.5246973438,1923034.667376011,residential_13243050310000,construction_year_parcel,NA,TRUE,TRUE,TRUE,1,within_2pct
episode_012,13243050100000_card_3,noncondo_13243050320000,residential_multicard_13243050100000,3,1,1762,13243050100000,2006,FALSE,current_noncondo_parcel,13243050320000,1324305032,3005 W CORNELIA AVE,2007,1,295,1,1762,972,1155686.5264415194,1923034.4158759215,residential_13243050320000,construction_year_parcel,NA,TRUE,TRUE,TRUE,1,within_2pct
episode_012,13243050100000_card_4,noncondo_13243050530000,residential_multicard_13243050100000,4,1,1762,13243050100000,2006,FALSE,current_noncondo_parcel,13243050530000,1324305053,3004 W NEWPORT AVE,2007,1,295,1,1762,972,1155690.4866607469,1922961.463433628,residential_13243050530000,construction_year_parcel,NA,TRUE,TRUE,TRUE,1,within_2pct
episode_013,13243050060000_card_1,noncondo_13243050330000,residential_multicard_13243050060000,1,1,1762,13243050060000,2006,FALSE,current_noncondo_parcel,13243050330000,1324305033,3007 W CORNELIA AVE,2007,1,295,1,1762,972,1155668.5278879432,1923034.1640175364,residential_13243050330000,construction_year_parcel,NA,TRUE,TRUE,TRUE,1,within_2pct
episode_013,13243050060000_card_10,noncondo_13243050360000,residential_multicard_13243050060000,10,1,2324,13243050060000,2006,FALSE,current_noncondo_parcel,13243050360000,1324305036,3015 W CORNELIA AVE,2007,1,295,1,2324,1242,1155612.4231338622,1923033.379563309,residential_13243050360000,construction_year_parcel,NA,TRUE,TRUE,TRUE,1,within_2pct
episode_013,13243050060000_card_2,noncondo_13243050340000,residential_multicard_13243050060000,2,1,1762,13243050060000,2006,FALSE,current_noncondo_parcel,13243050340000,1324305034,3009 W CORNELIA AVE,2007,1,295,1,1762,962,1155650.619030688,1923034.0056129177,residential_13243050340000,construction_year_parcel,NA,TRUE,TRUE,TRUE,1,within_2pct
episode_013,13243050060000_card_3,noncondo_13243050370000,residential_multicard_13243050060000,3,1,2324,13243050060000,2006,FALSE,current_noncondo_parcel,13243050370000,1324305037,3019 W CORNELIA AVE,2007,1,295,1,2324,1257,1155578.3969366977,1923032.9025483148,residential_13243050370000,construction_year_parcel,NA,TRUE,TRUE,TRUE,1,within_2pct
episode_013,13243050060000_card_4,noncondo_13243050380000,residential_multicard_13243050060000,4,1,2324,13243050060000,2006,FALSE,current_noncondo_parcel,13243050380000,1324305038,3021 W CORNELIA AVE,2007,1,295,1,2324,1254,1155555.1491250007,1923032.577125002,residential_13243050380000,construction_year_parcel,NA,TRUE,TRUE,TRUE,1,within_2pct
episode_013,13243050060000_card_5,noncondo_13243050350000,residential_multicard_13243050060000,5,1,1762,13243050060000,2006,FALSE,current_noncondo_parcel,13243050350000,1324305035,3011 W CORNELIA AVE,2007,1,295,1,1762,961,1155632.8189185895,1923033.572255026,residential_13243050350000,construction_year_parcel,NA,TRUE,TRUE,TRUE,1,within_2pct
episode_013,13243050060000_card_6,noncondo_13243050400000,residential_multicard_13243050060000,6,1,1762,13243050060000,2006,FALSE,current_noncondo_parcel,13243050400000,1324305040,3457 N WHIPPLE ST,2007,1,295,1,1762,999,1155496.5397779,1923014.1948983136,residential_13243050400000,construction_year_parcel,NA,TRUE,TRUE,TRUE,1,within_2pct
episode_013,13243050060000_card_7,noncondo_13243050410000,residential_multicard_13243050060000,7,1,1762,13243050060000,2006,FALSE,current_noncondo_parcel,13243050410000,1324305041,3455 N WHIPPLE ST,2007,1,295,1,1762,975,1155496.8510364625,1922995.9841809089,residential_13243050410000,construction_year_parcel,NA,TRUE,TRUE,TRUE,1,within_2pct
episode_013,13243050060000_card_8,noncondo_13243050420000,residential_multicard_13243050060000,8,1,1762,13243050060000,2006,FALSE,current_noncondo_parcel,13243050420000,1324305042,3453 N WHIPPLE ST,2007,1,295,1,1762,975,1155497.366735801,1922977.991500051,residential_13243050420000,construction_year_parcel,NA,TRUE,TRUE,TRUE,1,within_2pct
episode_013,13243050060000_card_9,noncondo_13243050430000,residential_multicard_13243050060000,9,1,1762,13243050060000,2006,FALSE,current_noncondo_parcel,13243050430000,1324305043,3451 N WHIPPLE ST,2007,1,295,1,1762,980,1155497.928638025,1922959.9537550004,residential_13243050430000,construction_year_parcel,NA,TRUE,TRUE,TRUE,1,within_2pct
episode_014,13243050580000_card_1,noncondo_13243050690000,residential_multicard_13243050580000,1,1,1982,13243050580000,2014,FALSE,current_noncondo_parcel,13243050690000,1324305069,3445 N WHIPPLE ST,2014,0,295,1,1982,1142,1155501.2307190327,1922894.1315789376,residential_13243050690000,construction_year_parcel,NA,TRUE,TRUE,TRUE,1,within_2pct
episode_014,13243050580000_card_2,noncondo_13243050700000,residential_multicard_13243050580000,2,1,1982,13243050580000,2014,FALSE,current_noncondo_parcel,13243050700000,1324305070,3443 N WHIPPLE ST,2014,0,295,1,1982,1135,1155501.6449126163,1922874.1364967776,residential_13243050700000,construction_year_parcel,NA,TRUE,TRUE,TRUE,1,within_2pct
episode_014,13243050580000_card_3,noncondo_13243050710000,residential_multicard_13243050580000,3,1,1982,13243050580000,2014,FALSE,current_noncondo_parcel,13243050710000,1324305071,3441 N WHIPPLE ST,2014,0,295,1,1982,1129,1155502.0591588337,1922854.1414797471,residential_13243050710000,construction_year_parcel,NA,TRUE,TRUE,TRUE,1,within_2pct
episode_014,13243050580000_card_4,noncondo_13243050720000,residential_multicard_13243050580000,4,1,1982,13243050580000,2014,FALSE,current_noncondo_parcel,13243050720000,1324305072,3439 N WHIPPLE ST,2014,0,295,1,1982,1123,1155502.4733985944,1922834.1464238665,residential_13243050720000,construction_year_parcel,NA,TRUE,TRUE,TRUE,1,within_2pct
episode_014,13243050580000_card_5,noncondo_13243050730000,residential_multicard_13243050580000,5,1,1982,13243050580000,2014,FALSE,current_noncondo_parcel,13243050730000,1324305073,3437 N WHIPPLE ST,2014,0,295,1,1982,1116,1155502.8874723678,1922814.151287572,residential_13243050730000,construction_year_parcel,NA,TRUE,TRUE,TRUE,1,within_2pct
episode_014,13243050580000_card_6,noncondo_13243050740000,residential_multicard_13243050580000,6,1,1982,13243050580000,2014,FALSE,current_noncondo_parcel,13243050740000,1324305074,3435 N WHIPPLE ST,2016,2,295,1,1982,1004,1155503.2387119418,1922795.1122963573,residential_13243050740000,construction_year_parcel,NA,FALSE,TRUE,TRUE,1,within_2pct
episode_015,13243050670000_card_1,noncondo_13243050750000,residential_multicard_13243050670000,1,1,1982,13243050670000,2014,FALSE,current_noncondo_parcel,13243050750000,1324305075,3005 W NEWPORT AVE,2014,0,295,1,1982,1084,1155709.010125,1922917.5997500008,residential_13243050750000,construction_year_parcel,NA,TRUE,TRUE,TRUE,1,within_2pct
episode_015,13243050670000_card_2,noncondo_13243050760000,residential_multicard_13243050670000,2,1,1982,13243050670000,2014,FALSE,current_noncondo_parcel,13243050760000,1324305076,3007 W NEWPORT AVE,2014,0,295,1,1982,1089,1155708.9947500003,1922897.6497500015,residential_13243050760000,construction_year_parcel,NA,TRUE,TRUE,TRUE,1,within_2pct
episode_015,13243050670000_card_3,noncondo_13243050770000,residential_multicard_13243050670000,3,1,1982,13243050670000,2014,FALSE,current_noncondo_parcel,13243050770000,1324305077,3009 W NEWPORT AVE,2014,0,295,1,1982,1465,1155713.0955573453,1922873.2946486585,residential_13243050770000,construction_year_parcel,NA,TRUE,TRUE,TRUE,1,within_2pct
episode_015,13243050670000_card_4,noncondo_13243050780000,residential_multicard_13243050670000,4,1,1982,13243050670000,2014,FALSE,current_noncondo_parcel,13243050780000,1324305078,3011 W NEWPORT AVE,2014,0,295,1,1982,1494,1155703.1986417656,1922846.490634687,residential_13243050780000,construction_year_parcel,NA,TRUE,TRUE,TRUE,1,within_2pct
episode_015,13243050670000_card_5,noncondo_13243050790000,residential_multicard_13243050670000,5,1,1982,13243050670000,2014,FALSE,current_noncondo_parcel,13243050790000,1324305079,3013 W NEWPORT AVE,2014,0,295,1,1982,1109,1155682.9454731953,1922832.7883895105,residential_13243050790000,construction_year_parcel,NA,TRUE,TRUE,TRUE,1,within_2pct
episode_015,13243050670000_card_6,noncondo_13243050800000,residential_multicard_13243050670000,6,1,1982,13243050670000,2014,FALSE,current_noncondo_parcel,13243050800000,1324305080,3015 W NEWPORT AVE,2016,2,295,1,1982,1090,1155666.8578434398,1922820.6118414649,residential_13243050800000,construction_year_parcel,NA,FALSE,TRUE,TRUE,1,within_2pct
episode_015,13243050670000_card_7,noncondo_13243050810000,residential_multicard_13243050670000,7,1,1982,13243050670000,2014,FALSE,current_noncondo_parcel,13243050810000,1324305081,3017 W NEWPORT AVE,2014,0,295,1,1982,1090,1155651.005281911,1922808.4177539549,residential_13243050810000,construction_year_parcel,NA,TRUE,TRUE,TRUE,1,within_2pct
episode_015,13243050670000_card_8,noncondo_13243050820000,residential_multicard_13243050670000,8,1,1982,13243050670000,2014,FALSE,current_noncondo_parcel,13243050820000,1324305082,3019 W NEWPORT AVE,2014,0,295,1,1982,1409,1155633.9512016175,1922791.4002665293,residential_13243050820000,construction_year_parcel,NA,TRUE,TRUE,TRUE,1,within_2pct
episode_016,13243050590000_card_1,noncondo_13243050830000,residential_multicard_13243050590000,1,1,1982,13243050590000,2014,FALSE,current_noncondo_parcel,13243050830000,1324305083,3433 N WHIPPLE ST,2014,0,295,1,1982,1456,1155503.1440328336,1922772.5893460189,residential_13243050830000,construction_year_parcel,NA,TRUE,TRUE,TRUE,1,within_2pct
episode_016,13243050590000_card_2,noncondo_13243050840000,residential_multicard_13243050590000,2,1,1982,13243050590000,2014,FALSE,current_noncondo_parcel,13243050840000,1324305084,3431 N WHIPPLE ST,2014,0,295,1,1982,1101,1155503.636545166,1922748.8188172476,residential_13243050840000,construction_year_parcel,NA,TRUE,TRUE,TRUE,1,within_2pct
episode_016,13243050590000_card_3,noncondo_13243050850000,residential_multicard_13243050590000,3,1,1982,13243050590000,2014,FALSE,current_noncondo_parcel,13243050850000,1324305085,3429 N WHIPPLE ST,2014,0,295,1,1982,1805,1155504.1997974385,1922721.581265706,residential_13243050850000,construction_year_parcel,NA,TRUE,TRUE,TRUE,1,within_2pct
episode_017,13243050680000_card_1,noncondo_13243050880000,residential_multicard_13243050680000,1,1,1982,13243050680000,2014,FALSE,current_noncondo_parcel,13243050880000,1324305088,3032 W NEWPORT AVE,2014,0,295,1,1982,1241,1155574.0598926053,1922780.208604752,residential_13243050880000,construction_year_parcel,NA,TRUE,TRUE,TRUE,1,within_2pct
episode_017,13243050680000_card_2,noncondo_13243050890000,residential_multicard_13243050680000,2,1,1982,13243050680000,2014,FALSE,current_noncondo_parcel,13243050890000,1324305089,3034 W NEWPORT AVE,2014,0,295,1,1982,1079,1155574.336297357,1922758.7103904316,residential_13243050890000,construction_year_parcel,NA,TRUE,TRUE,TRUE,1,within_2pct
episode_017,13243050680000_card_3,noncondo_13243050900000,residential_multicard_13243050680000,3,1,1982,13243050680000,2014,FALSE,current_noncondo_parcel,13243050900000,1324305090,3036 W NEWPORT AVE,2014,0,295,1,1982,1556,1155571.6686038107,1922733.6640427536,residential_13243050900000,construction_year_parcel,NA,TRUE,TRUE,TRUE,1,within_2pct
episode_018,13252030410000_card_1,noncondo_13252030530000,residential_multicard_13252030410000,1,1,1983,13252030410000,2006,TRUE,current_noncondo_parcel,13252030530000,1325203053,2456 W FLETCHER ST,2006,0,295,1,2066,819,1159296.6827141007,1920904.556802811,residential_13252030530000,construction_year_parcel,NA,TRUE,TRUE,TRUE,1.0418557740796772,within_5pct
episode_018,13252030410000_card_2,noncondo_13252030520000,residential_multicard_13252030410000,2,1,1755,13252030410000,2006,TRUE,current_noncondo_parcel,13252030520000,1325203052,2454 W FLETCHER ST,2006,0,295,1,1832,708,1159316.468383451,1920904.346353593,residential_13252030520000,construction_year_parcel,NA,TRUE,TRUE,TRUE,1.0438746438746438,within_5pct
episode_019,13254120290000_card_1,noncondo_13254120340000,residential_multicard_13254120290000,1,1,2800,13254120290000,2007,TRUE,current_noncondo_parcel,13254120340000,1325412034,2619 N ROCKWELL ST,2005,-2,278,1,2800,3365,1158675.4285288667,1917503.996841759,NA,construction_year_parcel,NA,FALSE,TRUE,TRUE,1,within_2pct
episode_019,13254120290000_card_2,noncondo_13254120330000,residential_multicard_13254120290000,2,1,2470,13254120290000,2007,TRUE,current_noncondo_parcel,13254120330000,1325412033,2623 N ROCKWELL ST,2007,0,278,1,2250,3843,1158643.7902979876,1917540.186866308,residential_13254120330000,construction_year_parcel,NA,TRUE,TRUE,TRUE,0.9109311740890689,within_10pct
episode_020,13263110220000_card_1,noncondo_13263110390000,residential_multicard_13263110220000,1,1,2142,13263110220000,2014,TRUE,current_noncondo_parcel,13263110390000,1326311039,2659 N HAMLIN AVE,2014,0,295,1,2142,2380,1150688.3565843813,1917646.729441956,residential_13263110390000,construction_year_parcel,NA,TRUE,TRUE,TRUE,1,within_2pct
episode_020,13263110220000_card_10,noncondo_13263110400000,residential_multicard_13263110220000,10,1,2142,13263110220000,2014,TRUE,current_noncondo_parcel,13263110400000,1326311040,2657 N HAMLIN AVE,2014,0,295,1,2142,2267,1150689.3322900007,1917625.8227642016,residential_13263110400000,construction_year_parcel,NA,TRUE,TRUE,TRUE,1,within_2pct
episode_020,13263110220000_card_11,noncondo_13263110410000,residential_multicard_13263110220000,11,1,2142,13263110220000,2014,TRUE,current_noncondo_parcel,13263110410000,1326311041,2655 N HAMLIN AVE,2014,0,295,1,2142,2267,1150689.82864808,1917607.829899224,residential_13263110410000,construction_year_parcel,NA,TRUE,TRUE,TRUE,1,within_2pct
episode_020,13263110220000_card_12,noncondo_13263110420000,residential_multicard_13263110220000,12,1,2142,13263110220000,2014,TRUE,current_noncondo_parcel,13263110420000,1326311042,2653 N HAMLIN AVE,2014,0,295,1,2142,2267,1150690.3313907837,1917589.8369714012,residential_13263110420000,construction_year_parcel,NA,TRUE,TRUE,TRUE,1,within_2pct
episode_020,13263110220000_card_13,noncondo_13263110430000,residential_multicard_13263110220000,13,1,2142,13263110220000,2014,TRUE,current_noncondo_parcel,13263110430000,1326311043,2651 N HAMLIN AVE,2014,0,295,1,2142,2266,1150690.8312736538,1917571.8438085003,residential_13263110430000,construction_year_parcel,NA,TRUE,TRUE,TRUE,1,within_2pct
episode_020,13263110220000_card_14,noncondo_13263110440000,residential_multicard_13263110220000,14,1,2142,13263110220000,2014,TRUE,current_noncondo_parcel,13263110440000,1326311044,2649 N HAMLIN AVE,2014,0,295,1,2142,2266,1150691.330093728,1917553.8506862216,residential_13263110440000,construction_year_parcel,NA,TRUE,TRUE,TRUE,1,within_2pct
episode_020,13263110220000_card_15,noncondo_13263110450000,residential_multicard_13263110220000,15,1,2142,13263110220000,2014,TRUE,current_noncondo_parcel,13263110450000,1326311045,2647 N HAMLIN AVE,2014,0,295,1,2142,2266,1150691.8290735877,1917535.8576907497,residential_13263110450000,construction_year_parcel,NA,TRUE,TRUE,TRUE,1,within_2pct
episode_020,13263110220000_card_16,noncondo_13263110460000,residential_multicard_13263110220000,16,1,2142,13263110220000,2014,TRUE,current_noncondo_parcel,13263110460000,1326311046,2645 N HAMLIN AVE,2014,0,295,1,2142,2956,1150692.4039502684,1917515.1257727176,residential_13263110460000,construction_year_parcel,NA,TRUE,TRUE,TRUE,1,within_2pct
episode_020,13263110220000_card_2,noncondo_13263110470000,residential_multicard_13263110220000,2,1,2142,13263110220000,2014,TRUE,current_noncondo_parcel,13263110470000,1326311047,2643 N HAMLIN AVE,2014,0,295,1,2142,2960,1150693.0550218828,1917491.6346515233,residential_13263110470000,construction_year_parcel,NA,TRUE,TRUE,TRUE,1,within_2pct
episode_020,13263110220000_card_3,noncondo_13263110480000,residential_multicard_13263110220000,3,1,2142,13263110220000,2014,TRUE,current_noncondo_parcel,13263110480000,1326311048,2641 N HAMLIN AVE,2014,0,295,1,2142,2265,1150693.63018611,1917470.882494403,residential_13263110480000,construction_year_parcel,NA,TRUE,TRUE,TRUE,1,within_2pct
episode_020,13263110220000_card_4,noncondo_13263110490000,residential_multicard_13263110220000,4,1,2142,13263110220000,2014,TRUE,current_noncondo_parcel,13263110490000,1326311049,2639 N HAMLIN AVE,2014,0,295,1,2142,2265,1150694.1292542564,1917452.8895012073,residential_13263110490000,construction_year_parcel,NA,TRUE,TRUE,TRUE,1,within_2pct
episode_020,13263110220000_card_5,noncondo_13263110500000,residential_multicard_13263110220000,5,1,2142,13263110220000,2014,TRUE,current_noncondo_parcel,13263110500000,1326311050,2637 N HAMLIN AVE,2014,0,295,1,2142,2265,1150694.6278245947,1917434.8964362736,residential_13263110500000,construction_year_parcel,NA,TRUE,TRUE,TRUE,1,within_2pct
episode_020,13263110220000_card_6,noncondo_13263110510000,residential_multicard_13263110220000,6,1,2142,13263110220000,2014,TRUE,current_noncondo_parcel,13263110510000,1326311051,2635 N HAMLIN AVE,2014,0,295,1,2142,2265,1150695.1265483613,1917416.9033100232,residential_13263110510000,construction_year_parcel,NA,TRUE,TRUE,TRUE,1,within_2pct
episode_020,13263110220000_card_7,noncondo_13263110520000,residential_multicard_13263110220000,7,1,2142,13263110220000,2014,TRUE,current_noncondo_parcel,13263110520000,1326311052,2633 N HAMLIN AVE,2014,0,295,1,2142,2264,1150695.6254771787,1917398.910253439,residential_13263110520000,construction_year_parcel,NA,TRUE,TRUE,TRUE,1,within_2pct
episode_020,13263110220000_card_8,noncondo_13263110530000,residential_multicard_13263110220000,8,1,2142,13263110220000,2014,TRUE,current_noncondo_parcel,13263110530000,1326311053,2631 N HAMLIN AVE,2014,0,295,1,2142,2264,1150696.123857672,1917380.9171746173,residential_13263110530000,construction_year_parcel,NA,TRUE,TRUE,TRUE,1,within_2pct
episode_020,13263110220000_card_9,noncondo_13263110540000,residential_multicard_13263110220000,9,1,2142,13263110220000,2014,TRUE,current_noncondo_parcel,13263110540000,1326311054,2629 N HAMLIN AVE,2014,0,295,1,2142,1345,1150697.418894344,1917366.599306399,residential_13263110540000,construction_year_parcel,NA,TRUE,TRUE,TRUE,1,within_2pct
episode_021,13353010370000_card_1,noncondo_13353010400000,residential_multicard_13353010370000,1,1,1708,13353010370000,2015,FALSE,current_noncondo_parcel,13353010400000,1335301040,1904 N SPRINGFIELD AVE,2014,-1,207,1,1710,3012,1149980.6927135407,1912418.190859924,residential_13353010400000,construction_year_parcel,NA,TRUE,TRUE,TRUE,1.0011709601873535,within_2pct
episode_021,13353010370000_card_2,noncondo_13353010410000,residential_multicard_13353010370000,2,1,1708,13353010370000,2015,FALSE,current_noncondo_parcel,13353010410000,1335301041,1906 N SPRINGFIELD AVE,2014,-1,207,1,1710,3009,1149979.9355143425,1912442.1861025488,residential_13353010410000,construction_year_parcel,NA,TRUE,TRUE,TRUE,1.0011709601873535,within_2pct
episode_021,13353010370000_card_3,noncondo_13353010420000,residential_multicard_13353010370000,3,1,1708,13353010370000,2015,FALSE,current_noncondo_parcel,13353010420000,1335301042,1908 N SPRINGFIELD AVE,2014,-1,207,1,1710,3012,1149979.2219153463,1912466.1725762535,residential_13353010420000,construction_year_parcel,NA,TRUE,TRUE,TRUE,1.0011709601873535,within_2pct
episode_022,13353210020000_card_1,noncondo_13353210510000,residential_multicard_13353210020000,1,1,2244,13353210020000,2015,TRUE,current_noncondo_parcel,13353210510000,1335321051,1759 N MONTICELLO AVE 1,2014,-1,295,1,2244,1069,1151879.426063469,1911666.3512313033,residential_13353210510000,construction_year_parcel,NA,TRUE,TRUE,TRUE,1,within_2pct
episode_022,13353210020000_card_2,noncondo_13353210500000,residential_multicard_13353210020000,2,1,1859,13353210020000,2015,TRUE,current_noncondo_parcel,13353210500000,1335321050,1757 N MONTICELLO AVE,2014,-1,295,1,1859,1090,1151819.3206786094,1911667.9786949053,residential_13353210500000,construction_year_parcel,NA,TRUE,TRUE,TRUE,1,within_2pct
episode_022,13353210020000_card_3,noncondo_13353210520000,residential_multicard_13353210020000,3,1,1859,13353210020000,2015,TRUE,current_noncondo_parcel,13353210520000,1335321052,1759 N MONTICELLO AVE 2,2014,-1,295,1,2244,1070,1151913.9364980615,1911667.1454123545,residential_13353210520000,construction_year_parcel,NA,TRUE,TRUE,TRUE,1.2071005917159763,within_35pct
episode_023,13353210200000_card_1,noncondo_13353210530000,residential_multicard_13353210200000,1,1,2244,13353210200000,2015,TRUE,current_noncondo_parcel,13353210530000,1335321053,1758 N CENTRAL PARK AVE 2,2014,-1,295,1,2244,1070,1151948.4665634683,1911667.9399813253,residential_13353210530000,construction_year_parcel,NA,TRUE,TRUE,TRUE,1,within_2pct
episode_023,13353210200000_card_2,noncondo_13353210540000,residential_multicard_13353210200000,2,1,1859,13353210200000,2015,TRUE,current_noncondo_parcel,13353210540000,1335321054,1758 N CENTRAL PARK AVE 1,2014,-1,295,1,1859,1069,1151982.971121227,1911668.735802944,residential_13353210540000,construction_year_parcel,NA,TRUE,TRUE,TRUE,1,within_2pct
episode_023,13353210200000_card_3,noncondo_13353210550000,residential_multicard_13353210200000,3,1,1859,13353210200000,2015,TRUE,current_noncondo_parcel,13353210550000,1335321055,1756 N CENTRAL PARK AVE,2014,-1,295,1,2244,1102,1152043.1772561723,1911673.1115852632,residential_13353210550000,construction_year_parcel,NA,TRUE,TRUE,TRUE,1.2071005917159763,within_35pct
episode_024,13354010380000_card_1,noncondo_13354010570000,residential_multicard_13354010380000,1,1,2079,13354010380000,2021,TRUE,current_noncondo_parcel,13354010570000,1335401057,3520 W CORTLAND ST,2021,0,278,1,2079,3433,1152708.2699889708,1912507.2600518763,residential_13354010570000,construction_year_parcel,NA,TRUE,TRUE,TRUE,1,within_2pct
episode_024,13354010380000_card_2,noncondo_13354010580000,residential_multicard_13354010380000,2,1,2079,13354010380000,2021,TRUE,current_noncondo_parcel,13354010580000,1335401058,3518 W CORTLAND ST,2021,0,278,1,2079,3436,1152733.2400073593,1912507.8400070744,residential_13354010580000,construction_year_parcel,NA,TRUE,TRUE,TRUE,1,within_2pct
episode_024,13354010380000_card_3,noncondo_13354010590000,residential_multicard_13354010380000,3,1,2079,13354010380000,2021,TRUE,current_noncondo_parcel,13354010590000,1335401059,3518 W CORTLAND ST,2021,0,278,1,2079,3436,1152758.2200589627,1912508.4201145573,residential_13354010590000,construction_year_parcel,NA,TRUE,TRUE,TRUE,1,within_2pct
episode_025,13354070010000_card_1,noncondo_13354070400000,residential_multicard_13354070010000,1,1,2081,13354070010000,2021,FALSE,current_noncondo_parcel,13354070400000,1335407040,3535 W CORTLAND ST,2022,1,278,1,2081,3402,1152564.9399447262,1912295.2298234128,residential_13354070400000,construction_year_parcel,NA,TRUE,TRUE,TRUE,1,within_2pct
episode_025,13354070010000_card_2,noncondo_13354070410000,residential_multicard_13354070010000,2,1,2081,13354070010000,2021,FALSE,current_noncondo_parcel,13354070410000,1335407041,3537 W CORTLAND ST,2021,0,278,1,2081,3475,1152589.7199891892,1912295.8101645173,residential_13354070410000,construction_year_parcel,NA,TRUE,TRUE,TRUE,1,within_2pct
episode_026,13354090450000_card_1,noncondo_13354090470000,residential_multicard_13354090450000,1,1,1902,13354090450000,2006,FALSE,current_noncondo_parcel,13354090470000,1335409047,1814 N SPAULDING AVE,2006,0,295,1,1902,946,1153798.210430972,1911951.4661713475,residential_13354090470000,construction_year_parcel,NA,TRUE,TRUE,TRUE,1,within_2pct
episode_026,13354090450000_card_10,noncondo_13354090480000,residential_multicard_13354090450000,10,1,1902,13354090450000,2006,FALSE,current_noncondo_parcel,13354090480000,1335409048,1812 N SPAULDING AVE,2006,0,295,1,1902,776,1153798.818385926,1911932.045564844,residential_13354090480000,construction_year_parcel,NA,TRUE,TRUE,TRUE,1,within_2pct
episode_026,13354090450000_card_11,noncondo_13354090490000,residential_multicard_13354090450000,11,1,1902,13354090450000,2006,FALSE,current_noncondo_parcel,13354090490000,1335409049,1810 N SPAULDING AVE,2006,0,295,1,1902,776,1153799.3663451597,1911914.5344280612,residential_13354090490000,construction_year_parcel,NA,TRUE,TRUE,TRUE,1,within_2pct
episode_026,13354090450000_card_12,noncondo_13354090500000,residential_multicard_13354090450000,12,1,1902,13354090450000,2006,FALSE,current_noncondo_parcel,13354090500000,1335409050,1808 N SPAULDING AVE,2006,0,295,1,1902,775,1153799.9145028822,1911897.0231216317,residential_13354090500000,construction_year_parcel,NA,TRUE,TRUE,TRUE,1,within_2pct
episode_026,13354090450000_card_13,noncondo_13354090510000,residential_multicard_13354090450000,13,1,1902,13354090450000,2006,FALSE,current_noncondo_parcel,13354090510000,1335409051,1806 N SPAULDING AVE,2006,0,295,1,1902,774,1153800.4620833297,1911879.523000406,residential_13354090510000,construction_year_parcel,NA,TRUE,TRUE,TRUE,1,within_2pct
episode_026,13354090450000_card_14,noncondo_13354090520000,residential_multicard_13354090450000,14,1,1902,13354090450000,2006,FALSE,current_noncondo_parcel,13354090520000,1335409052,1804 N SPAULDING AVE,2006,0,295,1,1902,774,1153801.0093214936,1911862.0330733785,residential_13354090520000,construction_year_parcel,NA,TRUE,TRUE,TRUE,1,within_2pct
episode_026,13354090450000_card_15,noncondo_13354090530000,residential_multicard_13354090450000,15,1,1902,13354090450000,2006,FALSE,current_noncondo_parcel,13354090530000,1335409053,1802 N SPAULDING AVE,2006,0,295,1,1902,774,1153801.5565871948,1911844.5417346717,residential_13354090530000,construction_year_parcel,NA,TRUE,TRUE,TRUE,1,within_2pct
episode_026,13354090450000_card_16,noncondo_13354090540000,residential_multicard_13354090450000,16,1,1902,13354090450000,2006,FALSE,current_noncondo_parcel,13354090540000,1335409054,1800 N SPAULDING AVE,2006,0,295,1,1902,856,1153802.236556614,1911826.1153629776,residential_13354090540000,construction_year_parcel,NA,TRUE,TRUE,TRUE,1,within_2pct
episode_026,13354090450000_card_2,noncondo_13354090550000,residential_multicard_13354090450000,2,1,1902,13354090450000,2006,FALSE,current_noncondo_parcel,13354090550000,1335409055,1816 N SPAULDING AVE 1,2006,0,295,1,1902,883,1153726.0081110436,1911824.154372488,residential_13354090550000,construction_year_parcel,NA,TRUE,TRUE,TRUE,1,within_2pct
episode_026,13354090450000_card_3,noncondo_13354090560000,residential_multicard_13354090450000,3,1,1902,13354090450000,2006,FALSE,current_noncondo_parcel,13354090560000,1335409056,1818 N SPAULDING AVE,2006,0,295,1,1902,837,1153725.3783353425,1911842.113723897,residential_13354090560000,construction_year_parcel,NA,TRUE,TRUE,TRUE,1,within_2pct
episode_026,13354090450000_card_4,noncondo_13354090570000,residential_multicard_13354090450000,4,1,1902,13354090450000,2006,FALSE,current_noncondo_parcel,13354090570000,1335409057,1816 N SPAULDING AVE,2006,0,295,1,1902,835,1153724.8892001435,1911859.6068480024,residential_13354090570000,construction_year_parcel,NA,TRUE,TRUE,TRUE,1,within_2pct
episode_026,13354090450000_card_5,noncondo_13354090580000,residential_multicard_13354090450000,5,1,1902,13354090450000,2006,FALSE,current_noncondo_parcel,13354090580000,1335409058,1816 N SPAULDING AVE 4,2006,0,295,1,1902,834,1153724.400094856,1911877.0986854853,residential_13354090580000,construction_year_parcel,NA,TRUE,TRUE,TRUE,1,within_2pct
episode_026,13354090450000_card_6,noncondo_13354090590000,residential_multicard_13354090450000,6,1,1902,13354090450000,2006,FALSE,current_noncondo_parcel,13354090590000,1335409059,1816 N SPAULDING AVE,2006,0,295,1,1902,834,1153723.9108292805,1911894.600573435,residential_13354090590000,construction_year_parcel,NA,TRUE,TRUE,TRUE,1,within_2pct
episode_026,13354090450000_card_7,noncondo_13354090600000,residential_multicard_13354090450000,7,1,1902,13354090450000,2006,FALSE,current_noncondo_parcel,13354090600000,1335409060,1816 N SPAULDING AVE,2006,0,295,1,1902,833,1153723.4211438743,1911912.1136873057,residential_13354090600000,construction_year_parcel,NA,TRUE,TRUE,TRUE,1,within_2pct
episode_026,13354090450000_card_8,noncondo_13354090610000,residential_multicard_13354090450000,8,1,1902,13354090450000,2006,FALSE,current_noncondo_parcel,13354090610000,1335409061,1816 N SPAULDING AVE,2006,0,295,1,1902,831,1153722.9315189726,1911929.626808892,residential_13354090610000,construction_year_parcel,NA,TRUE,TRUE,TRUE,1,within_2pct
episode_026,13354090450000_card_9,noncondo_13354090620000,residential_multicard_13354090450000,9,1,1902,13354090450000,2006,FALSE,current_noncondo_parcel,13354090620000,1335409062,1816 N SPAULDING AVE,2006,0,295,1,1902,1009,1153722.3761020233,1911949.0331023408,residential_13354090620000,construction_year_parcel,NA,TRUE,TRUE,TRUE,1,within_2pct
episode_027,13354110480000_card_1,noncondo_13354110510000,residential_multicard_13354110480000,1,1,1446,13354110480000,2009,TRUE,current_noncondo_parcel,13354110510000,1335411051,3217 W COURTLAND ST,2008,-1,295,1,1349,2187,1154341.0346679636,1912381.7902988824,residential_13354110510000,construction_year_parcel,NA,TRUE,TRUE,TRUE,0.93291839557399725,within_10pct
episode_027,13354110480000_card_2,noncondo_13354110520000,residential_multicard_13354110480000,2,1,1446,13354110480000,2009,TRUE,current_noncondo_parcel,13354110520000,1335411052,3217 W COURTLAND ST,2008,-1,295,1,1349,2811,1154391.019087477,1912382.9568473543,residential_13354110520000,construction_year_parcel,NA,TRUE,TRUE,TRUE,0.93291839557399725,within_10pct
episode_028,13361150350000_card_3,noncondo_13361150490000,residential_multicard_13361150350000,3,1,2131,13361150350000,2015,TRUE,current_noncondo_parcel,13361150490000,1336115049,2011 N ALBANY AVE,2016,1,295,1,1998,5686,1155255.7752339542,1913218.8476171775,residential_13361150490000,construction_year_parcel,NA,TRUE,TRUE,TRUE,0.9375879868606288,within_10pct
episode_028,13361150350000_card_4,noncondo_13361150510000,residential_multicard_13361150350000,4,1,2131,13361150350000,2015,TRUE,current_noncondo_parcel,13361150510000,1336115051,2007 N ALBANY AVE,2016,1,295,1,1957,5683,1155255.7752339542,1913218.8476171775,residential_13361150510000,construction_year_parcel,NA,TRUE,TRUE,TRUE,0.9183481933364618,within_10pct
episode_028,13361150350000_card_5,noncondo_13361150540000,residential_multicard_13361150350000,5,1,1703,13361150350000,2015,TRUE,current_noncondo_parcel,13361150540000,1336115054,2001 N ALBANY AVE,2016,1,295,1,1711,5686,1155255.7752339544,1913218.8476171775,residential_13361150540000,construction_year_parcel,NA,TRUE,TRUE,TRUE,1.004697592483852,within_2pct
episode_028,13361150350000_card_6,noncondo_13361150500000,residential_multicard_13361150350000,6,1,1665,13361150350000,2015,TRUE,current_noncondo_parcel,13361150500000,1336115050,2009 N ALBANY AVE,2016,1,295,1,1742,5686,1155255.775233954,1913218.8476171773,residential_13361150500000,construction_year_parcel,NA,TRUE,TRUE,TRUE,1.0462462462462463,within_5pct
episode_029,13362020650000_card_1,noncondo_13362020660000,residential_multicard_13362020650000,1,1,1850,13362020650000,2011,FALSE,current_noncondo_parcel,13362020660000,1336202066,2150 N ROCKWELL ST,2011,0,207,1,1850,2045,1158513.488410141,1914505.9789991823,residential_13362020660000,construction_year_parcel,NA,TRUE,TRUE,TRUE,1,within_2pct
episode_029,13362020650000_card_2,noncondo_13362020670000,residential_multicard_13362020650000,2,1,1850,13362020650000,2011,FALSE,current_noncondo_parcel,13362020670000,1336202067,2152 N ROCKWELL ST,2011,0,207,1,1850,2041,1158512.7677500006,1914531.2486249988,residential_13362020670000,construction_year_parcel,NA,TRUE,TRUE,TRUE,1,within_2pct
episode_030,13362160310000_card_1,noncondo_13362160360000,residential_multicard_13362160310000,1,1,2600,13362160310000,2017,FALSE,current_noncondo_parcel,13362160360000,1336216036,2504 W PALMER ST,2018,1,278,1,2885,2944,1159433.0256205818,1914736.6931526256,residential_13362160360000,construction_year_parcel,NA,TRUE,TRUE,TRUE,1.1096153846153847,within_35pct
episode_030,13362160310000_card_2,noncondo_13362160380000,residential_multicard_13362160310000,2,1,2572,13362160310000,2017,FALSE,current_noncondo_parcel,13362160380000,1336216038,2206 N CAMPBELL AVE,2018,1,278,1,2859,2940,1159431.3716124156,1914789.6561309656,residential_13362160380000,construction_year_parcel,NA,TRUE,TRUE,TRUE,1.1115863141524105,within_35pct
episode_031,13364070340000_card_1,noncondo_13364070730000,residential_multicard_13364070340000,1,1,2373,13364070340000,2017,FALSE,current_noncondo_parcel,13364070730000,1336407073,1904 N CAMPBELL AVE A,2018,1,295,1,2376,1169,1159161.568018684,1912667.8121881275,residential_13364070730000,construction_year_parcel,NA,TRUE,TRUE,TRUE,1.0012642225031605,within_2pct
episode_031,13364070340000_card_2,noncondo_13364070830000,residential_multicard_13364070340000,2,1,2373,13364070340000,2017,FALSE,current_noncondo_parcel,13364070830000,1336407083,2518 W CORTLAND ST,2018,1,295,1,2376,1050,1159163.3310710413,1912595.5630670125,residential_13364070830000,construction_year_parcel,NA,TRUE,TRUE,TRUE,1.0012642225031605,within_2pct
episode_032,14071170230000_card_1,noncondo_14071170250000,residential_multicard_14071170230000,1,1,1856,14071170230000,2008,TRUE,current_noncondo_parcel,14071170250000,1407117025,2130 W FOSTER AVE,2008,0,295,1,1856,1599,1161050.7188074084,1934571.6238941485,residential_14071170250000,construction_year_parcel,NA,TRUE,TRUE,TRUE,1,within_2pct
episode_032,14071170230000_card_2,noncondo_14071170260000,residential_multicard_14071170230000,2,1,2109,14071170230000,2008,TRUE,current_noncondo_parcel,14071170260000,1407117026,2130 W FOSTER AVE,2008,0,295,1,2109,1501,1161048.6240761357,1934634.0329097935,residential_14071170260000,construction_year_parcel,NA,TRUE,TRUE,TRUE,1,within_2pct
episode_033,14074070070000_card_1,noncondo_14074070320000,residential_multicard_14074070070000,1,1,2690,14074070070000,2018,TRUE,current_noncondo_parcel,14074070320000,1407407032,5055 WOLCOTT,2019,1,278,1,2719,3815,1163015.6275294726,1933823.1966444724,residential_14074070320000,construction_year_parcel,NA,TRUE,TRUE,TRUE,1.0107806691449814,within_2pct
episode_033,14074070070000_card_2,noncondo_14074070330000,residential_multicard_14074070070000,2,1,2710,14074070070000,2018,TRUE,current_noncondo_parcel,14074070330000,1407407033,5053 WOLCOTT,2019,1,278,1,2729,3815,1163016.421901978,1933798.0665039688,residential_14074070330000,construction_year_parcel,NA,TRUE,TRUE,TRUE,1.0070110701107011,within_2pct
episode_034,14302050090000_card_1,noncondo_14302050500000,residential_multicard_14302050090000,1,1,1888,14302050090000,2014,FALSE,current_noncondo_parcel,14302050500000,1430205050,1956 W BARRY AVE,2015,1,295,1,1888,1493,1162522.9603566604,1920637.7456975947,residential_14302050500000,construction_year_parcel,NA,TRUE,TRUE,TRUE,1,within_2pct
episode_034,14302050090000_card_2,noncondo_14302050510000,residential_multicard_14302050090000,2,1,1888,14302050090000,2014,FALSE,current_noncondo_parcel,14302050510000,1430205051,1954 W BARRY AVE,2015,1,295,1,1888,999,1162555.3140472027,1920638.5202340565,residential_14302050510000,construction_year_parcel,NA,TRUE,TRUE,TRUE,1,within_2pct
episode_034,14302050090000_card_3,noncondo_14302050520000,residential_multicard_14302050090000,3,1,1888,14302050090000,2014,FALSE,current_noncondo_parcel,14302050520000,1430205052,1952 W BARRY AVE,2015,1,295,1,1888,1636,1162590.7500255464,1920637.5060591227,residential_14302050520000,construction_year_parcel,NA,TRUE,TRUE,TRUE,1,within_2pct
episode_035,14311240470000_card_2,noncondo_14311240480000,residential_multicard_14311240470000,2,1,2295,14311240470000,2021,TRUE,current_noncondo_parcel,14311240480000,1431124048,2339 W SHAKESPEARE AVE,2022,1,278,1,2295,2413,1160248.3100547183,1914248.1501466983,residential_14311240480000,construction_year_parcel,NA,TRUE,TRUE,TRUE,1,within_2pct
episode_035,14311240470000_card_3,noncondo_14311240490000,residential_multicard_14311240470000,3,1,2260,14311240470000,2021,TRUE,current_noncondo_parcel,14311240490000,1431124049,2341 W SHAKESPEARE AVE,2021,0,278,1,2260,2410,1160224.3252371044,1914247.3128500455,residential_14311240490000,construction_year_parcel,NA,TRUE,TRUE,TRUE,1,within_2pct
episode_036,14333180250000_card_1,noncondo_14333180710000,residential_multicard_14333180250000,1,1,3397,14333180250000,2017,FALSE,current_noncondo_parcel,14333180710000,1433318071,511 MENOMONEE AVE,2017,0,295,1,3397,1800,1172506.7500792716,1912180.940225163,residential_14333180710000,construction_year_parcel,NA,TRUE,TRUE,TRUE,1,within_2pct
episode_036,14333180250000_card_2,noncondo_14333180720000,residential_multicard_14333180250000,2,1,3375,14333180250000,2017,FALSE,current_noncondo_parcel,14333180720000,1433318072,509 MENOMONEE AVE,2017,0,295,1,3375,1547,1172530.0997208676,1912184.457377921,residential_14333180720000,construction_year_parcel,NA,TRUE,TRUE,TRUE,1,within_2pct
episode_036,14333180250000_card_3,noncondo_14333180730000,residential_multicard_14333180250000,3,1,3375,14333180250000,2017,FALSE,current_noncondo_parcel,14333180730000,1433318073,507 MENOMONEE AVE,2018,1,295,1,3375,1620,1172553.1156041515,1912181.9937878463,residential_14333180730000,construction_year_parcel,NA,TRUE,TRUE,TRUE,1,within_2pct
episode_036,14333180250000_card_4,noncondo_14333180740000,residential_multicard_14333180250000,4,1,3375,14333180250000,2017,FALSE,current_noncondo_parcel,14333180740000,1433318074,505 MENOMONEE AVE,2017,0,295,1,3375,1700,1172576.27341674,1912185.6714209788,residential_14333180740000,construction_year_parcel,NA,TRUE,TRUE,TRUE,1,within_2pct
episode_036,14333180250000_card_5,noncondo_14333180750000,residential_multicard_14333180250000,5,1,3375,14333180250000,2017,FALSE,current_noncondo_parcel,14333180750000,1433318075,1758 N CLEVELAND AVE,2018,1,295,1,3375,2333,1172605.1875272675,1912184.9939952868,residential_14333180750000,construction_year_parcel,NA,TRUE,TRUE,TRUE,1,within_2pct
episode_038,16122070190000_card_1,noncondo_16122070510000,residential_multicard_16122070190000,1,1,2924,16122070190000,2006,TRUE,current_noncondo_parcel,16122070510000,1612207051,2417 W SUPERIOR ST,2007,1,208,1,3813,3033,1160086.8400655913,1904828.66977139,residential_16122070510000,construction_year_parcel,NA,TRUE,TRUE,TRUE,1.3040355677154583,within_35pct
episode_038,16122070190000_card_2,noncondo_16122070520000,residential_multicard_16122070190000,2,1,2924,16122070190000,2006,TRUE,current_noncondo_parcel,16122070520000,1612207052,2419 W SUPERIOR ST,2007,1,208,1,3813,2947,1160062.5103101146,1904828.155247836,residential_16122070520000,construction_year_parcel,NA,TRUE,TRUE,TRUE,1.3040355677154583,within_35pct
episode_039,16133040040000_card_1,noncondo_16133040460000,residential_multicard_16133040040000,1,1,1800,16133040040000,2007,FALSE,current_noncondo_parcel,16133040460000,1613304046,715 S KEDZIE AVE,2008,1,295,1,1840,933,1155202.8371717425,1896661.9901365945,residential_16133040460000,construction_year_parcel,NA,TRUE,TRUE,TRUE,1.0222222222222221,within_5pct
episode_039,16133040040000_card_2,noncondo_16133040470000,residential_multicard_16133040040000,2,1,1800,16133040040000,2007,FALSE,current_noncondo_parcel,16133040470000,1613304047,717 S KEDZIE AVE,2008,1,295,1,1840,934,1155203.440474234,1896643.685267137,residential_16133040470000,construction_year_parcel,NA,TRUE,TRUE,TRUE,1.0222222222222221,within_5pct
episode_039,16133040040000_card_3,noncondo_16133040510000,residential_multicard_16133040040000,3,1,1800,16133040040000,2007,FALSE,current_noncondo_parcel,16133040510000,1613304051,713 S KEDZIE AVE 4,2008,1,295,1,1840,972,1155276.344145949,1896688.9625646032,residential_16133040510000,construction_year_parcel,NA,TRUE,TRUE,TRUE,1.0222222222222221,within_5pct
episode_039,16133040040000_card_4,noncondo_16133040520000,residential_multicard_16133040040000,4,1,1800,16133040040000,2007,FALSE,current_noncondo_parcel,16133040520000,1613304052,713 S KEDZIE AVE 4,2008,1,295,1,1840,972,1155276.936825859,1896670.9724680283,residential_16133040520000,construction_year_parcel,NA,TRUE,TRUE,TRUE,1.0222222222222221,within_5pct
episode_039,16133040040000_card_5,noncondo_16133040530000,residential_multicard_16133040040000,5,1,1800,16133040040000,2007,FALSE,current_noncondo_parcel,16133040530000,1613304053,713 S KEDZIE AVE 5,2008,1,295,1,1840,990,1155277.5354463423,1896652.8122994397,residential_16133040530000,construction_year_parcel,NA,TRUE,TRUE,TRUE,1.0222222222222221,within_5pct
episode_040,16133080040000_card_1,noncondo_16133080650000,residential_multicard_16133080040000,1,1,1476,16133080040000,2006,FALSE,current_noncondo_parcel,16133080650000,1613308065,3149 W LEXINGTON ST 5,2006,0,295,1,1435,1217,1155293.1870750342,1896400.5546478287,residential_16133080650000,construction_year_parcel,NA,TRUE,TRUE,TRUE,0.9722222222222222,within_5pct
episode_041,16133120440000_card_1,noncondo_16133120560000,residential_multicard_16133120440000,1,1,1512,16133120440000,2006,FALSE,current_noncondo_parcel,16133120560000,1613312056,801 S KEDZIE AVE,2006,0,295,1,1512,2640,1155236.9418528646,1896143.4037264504,residential_16133120560000,construction_year_parcel,NA,TRUE,TRUE,TRUE,1,within_2pct
episode_041,16133120440000_card_2,noncondo_16133120570000,residential_multicard_16133120440000,2,1,1302,16133120440000,2006,FALSE,current_noncondo_parcel,16133120570000,1613312057,803 S KEDZIE AVE,2006,0,295,1,1302,1805,1155237.1912158213,1896117.0671102137,residential_16133120570000,construction_year_parcel,NA,TRUE,TRUE,TRUE,1,within_2pct
episode_041,16133120440000_card_3,noncondo_16133120580000,residential_multicard_16133120440000,3,1,1836,16133120440000,2006,FALSE,current_noncondo_parcel,16133120580000,1613312058,805 S KEDZIE AVE,2006,0,295,1,1836,2706,1155241.9511597506,1896090.5475068628,residential_16133120580000,construction_year_parcel,NA,TRUE,TRUE,TRUE,1,within_2pct
episode_042,16134250010000_card_1,noncondo_16134290030000,residential_multicard_16134250010000,1,1,1956,16134250010000,2007,FALSE,current_noncondo_parcel,16134290030000,1613429003,2543 W GRENSHAW ST,2005,-2,278,1,2068,2875,1159416.1570602406,1894858.9527207816,NA,construction_year_parcel,NA,FALSE,TRUE,TRUE,1.0572597137014315,within_10pct
episode_042,16134250010000_card_10,noncondo_16134290020000,residential_multicard_16134250010000,10,1,2227,16134250010000,2007,FALSE,current_noncondo_parcel,16134290020000,1613429002,2547 W GRENSHAW ST,2005,-2,278,1,2082,2875,1159391.1633750002,1894858.389624999,NA,construction_year_parcel,NA,FALSE,TRUE,TRUE,0.9348899865289627,within_10pct
episode_042,16134250010000_card_11,noncondo_16134290050000,residential_multicard_16134250010000,11,1,1956,16134250010000,2007,FALSE,current_noncondo_parcel,16134290050000,1613429005,2539 W GRENSHAW ST,2005,-2,278,1,2068,2875,1159466.1441897196,1894860.0784105416,NA,construction_year_parcel,NA,FALSE,TRUE,TRUE,1.0572597137014315,within_10pct
episode_042,16134250010000_card_12,noncondo_16134290040000,residential_multicard_16134250010000,12,1,2227,16134250010000,2007,FALSE,current_noncondo_parcel,16134290040000,1613429004,2541 W GRENSHAW ST,2005,-2,278,1,2082,2875,1159441.1506762847,1894859.5155912647,NA,construction_year_parcel,NA,FALSE,TRUE,TRUE,0.9348899865289627,within_10pct
episode_042,16134250010000_card_13,noncondo_16134290060000,residential_multicard_16134250010000,13,1,2227,16134250010000,2007,FALSE,current_noncondo_parcel,16134290060000,1613429006,2537 W GRENSHAW ST,2005,-2,278,1,2082,2875,1159491.1377499995,1894860.6412499992,NA,construction_year_parcel,NA,FALSE,TRUE,TRUE,0.9348899865289627,within_10pct
episode_042,16134250010000_card_14,noncondo_16134290070000,residential_multicard_16134250010000,14,1,1956,16134250010000,2007,FALSE,current_noncondo_parcel,16134290070000,1613429007,2533 W GRENSHAW ST,2005,-2,278,1,2068,2875,1159516.1314442365,1894861.2039689748,NA,construction_year_parcel,NA,FALSE,TRUE,TRUE,1.0572597137014315,within_10pct
episode_042,16134250010000_card_15,noncondo_16134290090000,residential_multicard_16134250010000,15,1,2227,16134250010000,2007,FALSE,current_noncondo_parcel,16134290090000,1613429009,2529 W GRENSHAW ST,2006,-1,278,1,2082,2875,1159566.1186160438,1894862.329745482,residential_16134290090000,construction_year_parcel,NA,TRUE,TRUE,TRUE,0.9348899865289627,within_10pct
episode_042,16134250010000_card_16,noncondo_16134290080000,residential_multicard_16134250010000,16,1,1956,16134250010000,2007,FALSE,current_noncondo_parcel,16134290080000,1613429008,2531 W GRENSHAW ST,2005,-2,278,1,2068,2875,1159541.1250012573,1894861.7667418208,NA,construction_year_parcel,NA,FALSE,TRUE,TRUE,1.0572597137014315,within_10pct
episode_042,16134250010000_card_17,noncondo_16134290110000,residential_multicard_16134250010000,17,1,2227,16134250010000,2007,FALSE,current_noncondo_parcel,16134290110000,1613429011,2523 W GRENSHAW ST,2005,-2,278,1,2082,2876,1159616.1092894522,1894863.451053433,NA,construction_year_parcel,NA,FALSE,TRUE,TRUE,0.9348899865289627,within_10pct
episode_042,16134250010000_card_2,noncondo_16134290100000,residential_multicard_16134250010000,2,1,1956,16134250010000,2007,FALSE,current_noncondo_parcel,16134290100000,1613429010,2527 W GRENSHAW ST,2005,-2,278,1,2068,2875,1159591.1122499993,1894862.8926250015,NA,construction_year_parcel,NA,FALSE,TRUE,TRUE,1.0572597137014315,within_10pct
episode_042,16134250010000_card_3,noncondo_16134290120000,residential_multicard_16134250010000,3,1,1956,16134250010000,2007,FALSE,current_noncondo_parcel,16134290120000,1613429012,2521 W GRENSHAW ST,2005,-2,278,1,2068,2876,1159641.1096694302,1894864.014243214,NA,construction_year_parcel,NA,FALSE,TRUE,TRUE,1.0572597137014315,within_10pct
episode_042,16134250010000_card_4,noncondo_16134290140000,residential_multicard_16134250010000,4,1,1956,16134250010000,2007,FALSE,current_noncondo_parcel,16134290140000,1613429014,2517 W GRENSHAW ST,2007,0,278,1,2068,2875,1159691.0998750003,1894865.1447499976,residential_16134290140000,construction_year_parcel,NA,TRUE,TRUE,TRUE,1.0572597137014315,within_10pct
episode_042,16134250010000_card_5,noncondo_16134290130000,residential_multicard_16134250010000,5,1,2227,16134250010000,2007,FALSE,current_noncondo_parcel,16134290130000,1613429013,2519 W GRENSHAW ST,2006,-1,278,1,2082,2875,1159666.1064307431,1894864.5820310025,residential_16134290130000,construction_year_parcel,NA,TRUE,TRUE,TRUE,0.9348899865289627,within_10pct
episode_042,16134250010000_card_6,noncondo_16134290150000,residential_multicard_16134250010000,6,1,2227,16134250010000,2007,FALSE,current_noncondo_parcel,16134290150000,1613429015,2515 W GRENSHAW ST,2005,-2,278,1,2082,2875,1159716.093495523,1894865.7076852233,NA,construction_year_parcel,NA,FALSE,TRUE,TRUE,0.9348899865289627,within_10pct
episode_042,16134250010000_card_7,noncondo_16134290160000,residential_multicard_16134250010000,7,1,1956,16134250010000,2007,FALSE,current_noncondo_parcel,16134290160000,1613429016,2511 W GRENSHAW ST,2005,-2,278,1,2068,2875,1159741.0870000003,1894866.2704999987,NA,construction_year_parcel,NA,FALSE,TRUE,TRUE,1.0572597137014315,within_10pct
episode_042,16134250010000_card_8,noncondo_16134290170000,residential_multicard_16134250010000,8,1,2227,16134250010000,2007,FALSE,current_noncondo_parcel,16134290170000,1613429017,2509 W GRENSHAW ST,2009,2,278,1,2082,2875,1159766.0804307438,1894866.8332810027,residential_16134290170000,construction_year_parcel,NA,FALSE,TRUE,TRUE,0.9348899865289627,within_10pct
episode_042,16134250010000_card_9,noncondo_16134290180000,residential_multicard_16134250010000,9,1,1956,16134250010000,2007,FALSE,current_noncondo_parcel,16134290180000,1613429018,2507 W GRENSHAW ST,2008,1,278,1,2068,2875,1159791.0741160456,1894867.3959954404,residential_16134290180000,construction_year_parcel,NA,TRUE,TRUE,TRUE,1.0572597137014315,within_10pct
episode_043,16141120360000_card_1,noncondo_16141120380000,residential_multicard_16141120360000,1,1,1670,16141120360000,2008,FALSE,current_noncondo_parcel,16141120380000,1614112038,3900 W CONGRESS PKY,2008,0,207,1,1748,3112,1150420.1599300858,1897503.6600377553,residential_16141120380000,construction_year_parcel,NA,TRUE,TRUE,TRUE,1.0467065868263472,within_5pct
episode_043,16141120360000_card_2,noncondo_16141120390000,residential_multicard_16141120360000,2,1,1670,16141120360000,2008,FALSE,current_noncondo_parcel,16141120390000,1614112039,3904 W CONGRESS PKY,2008,0,207,1,1748,3110,1150395.1700040794,1897503.0600658336,residential_16141120390000,construction_year_parcel,NA,TRUE,TRUE,TRUE,1.0467065868263472,within_5pct
episode_044,16142200010000_card_1,noncondo_16142200210000,residential_multicard_16142200010000,1,1,3250,16142200010000,2006,FALSE,current_noncondo_parcel,16142200210000,1614220021,3317 W JACKSON BLVD,2006,0,295,1,3250,1970,1154239.5586316937,1898411.0511078932,residential_16142200210000,construction_year_parcel,NA,TRUE,TRUE,TRUE,1,within_2pct
episode_044,16142200010000_card_2,noncondo_16142200220000,residential_multicard_16142200010000,2,1,3250,16142200010000,2006,FALSE,current_noncondo_parcel,16142200220000,1614220022,3319 W JACKSON BLVD,2006,0,295,1,3250,1792,1154217.7900646366,1898410.4918476911,residential_16142200220000,construction_year_parcel,NA,TRUE,TRUE,TRUE,1,within_2pct
episode_044,16142200010000_card_3,noncondo_16142200230000,residential_multicard_16142200010000,3,1,3250,16142200010000,2006,FALSE,current_noncondo_parcel,16142200230000,1614220023,3321 W JACKSON BLVD,2006,0,295,1,3250,1811,1154196.9424750896,1898410.016019085,residential_16142200230000,construction_year_parcel,NA,TRUE,TRUE,TRUE,1,within_2pct
episode_044,16142200010000_card_4,noncondo_16142200240000,residential_multicard_16142200010000,4,1,3250,16142200010000,2006,FALSE,current_noncondo_parcel,16142200240000,1614220024,3325 W JACKSON BLVD,2006,0,295,1,3250,1781,1154176.154239116,1898409.5061796692,residential_16142200240000,construction_year_parcel,NA,TRUE,TRUE,TRUE,1,within_2pct
episode_044,16142200010000_card_5,noncondo_16142200250000,residential_multicard_16142200010000,5,1,3250,16142200010000,2006,FALSE,current_noncondo_parcel,16142200250000,1614220025,3325 W JACKSON BLVD,2006,0,295,1,3250,2334,1154152.3391545396,1898408.933057292,residential_16142200250000,construction_year_parcel,NA,TRUE,TRUE,TRUE,1,within_2pct
episode_045,16152150390000_card_1,noncondo_16152150470000,residential_multicard_16152150390000,1,4,4635,16152150390000,2006,TRUE,current_noncondo_parcel,16152150470000,1615215047,4018 W JACKSON BLVD,2006,0,211,4,4636,2961,1149547.5297215974,1898473.8646463857,residential_16152150470000,construction_year_parcel,NA,TRUE,TRUE,TRUE,1.0002157497303128,within_2pct
episode_045,16152150390000_card_2,noncondo_16152150480000,residential_multicard_16152150390000,2,4,4635,16152150390000,2006,TRUE,current_noncondo_parcel,16152150480000,1615215048,4016 W JACKSON BLVD,2006,0,211,4,4636,2961,1149572.5300593092,1898474.4799735383,residential_16152150480000,construction_year_parcel,NA,TRUE,TRUE,TRUE,1.0002157497303128,within_2pct
episode_046,16152210210000_card_1,noncondo_16152210420000,residential_multicard_16152210210000,1,4,4635,16152210210000,2006,TRUE,current_noncondo_parcel,16152210420000,1615221042,4201 W GLADYS AVE,2006,0,211,4,4636,3188,1148405.6625692158,1897926.632805925,residential_16152210420000,construction_year_parcel,NA,TRUE,TRUE,TRUE,1.0002157497303128,within_2pct
episode_046,16152210210000_card_2,noncondo_16152210430000,residential_multicard_16152210210000,2,4,4635,16152210210000,2006,TRUE,current_noncondo_parcel,16152210430000,1615221043,4203 W GLADYS AVE,2006,0,211,4,4636,3034,1148380.6772888682,1897925.8983075104,residential_16152210430000,construction_year_parcel,NA,TRUE,TRUE,TRUE,1.0002157497303128,within_2pct
episode_047,16362010090000_card_1,noncondo_16362010370000,residential_multicard_16362010090000,1,1,1890,16362010090000,2006,FALSE,current_noncondo_parcel,16362010370000,1636201037,3224 S WESTERN AVE,2007,1,295,1,1890,615,1160813.9984973508,1883020.504944428,residential_16362010370000,construction_year_parcel,NA,TRUE,TRUE,TRUE,1,within_2pct
episode_047,16362010090000_card_10,noncondo_16362010440000,residential_multicard_16362010090000,10,1,1890,16362010090000,2006,FALSE,current_noncondo_parcel,16362010440000,1636201044,3238 S WESTERN AVE,2007,1,295,1,1890,672,1160817.342183069,1882902.0047990384,residential_16362010440000,construction_year_parcel,NA,TRUE,TRUE,TRUE,1,within_2pct
episode_047,16362010090000_card_11,noncondo_16362010450000,residential_multicard_16362010090000,11,1,2318,16362010090000,2006,FALSE,current_noncondo_parcel,16362010450000,1636201045,2400 W BROSS AVE,2007,1,295,1,2318,880,1160798.6165991905,1882880.8976994264,residential_16362010450000,construction_year_parcel,NA,TRUE,TRUE,TRUE,1,within_2pct
episode_047,16362010090000_card_12,noncondo_16362010380000,residential_multicard_16362010090000,12,1,1556,16362010090000,2006,FALSE,current_noncondo_parcel,16362010380000,1636201038,3226 S WESTERN AVE,2007,1,295,1,1556,576,1160813.9561952865,1883004.1331070575,residential_16362010380000,construction_year_parcel,NA,TRUE,TRUE,TRUE,1,within_2pct
episode_047,16362010090000_card_13,noncondo_16362010800000,residential_multicard_16362010090000,13,1,1808,16362010090000,2006,FALSE,current_noncondo_parcel,16362010800000,1636201080,2438 W 32ND PL,2007,1,295,1,1753,724,1160436.2299869354,1882864.1240726777,residential_16362010800000,construction_year_parcel,NA,TRUE,TRUE,TRUE,0.9695796460176991,within_5pct
episode_047,16362010090000_card_14,noncondo_16362010470000,residential_multicard_16362010090000,14,1,1556,16362010090000,2006,FALSE,current_noncondo_parcel,16362010470000,1636201047,2414 W BROSS AVE,2007,1,295,1,1556,630,1160684.4699173756,1882835.344157835,residential_16362010470000,construction_year_parcel,NA,TRUE,TRUE,TRUE,1,within_2pct
episode_047,16362010090000_card_15,noncondo_16362010480000,residential_multicard_16362010090000,15,1,1556,16362010090000,2006,FALSE,current_noncondo_parcel,16362010480000,1636201048,2412 W BROSS AVE,2007,1,295,1,1556,631,1160700.8933347652,1882841.8770656304,residential_16362010480000,construction_year_parcel,NA,TRUE,TRUE,TRUE,1,within_2pct
episode_047,16362010090000_card_16,noncondo_16362010460000,residential_multicard_16362010090000,16,1,1890,16362010090000,2006,FALSE,current_noncondo_parcel,16362010460000,1636201046,2416 W BROSS AVE,2007,1,295,1,1890,737,1160667.1401031928,1882827.9141122375,residential_16362010460000,construction_year_parcel,NA,TRUE,TRUE,TRUE,1,within_2pct
episode_047,16362010090000_card_17,noncondo_16362010530000,residential_multicard_16362010090000,17,1,1691,16362010090000,2006,FALSE,current_noncondo_parcel,16362010530000,1636201053,2403 W 32ND PL,2007,1,295,1,1691,623,1160754.6958847935,1882942.0071280156,residential_16362010530000,construction_year_parcel,NA,TRUE,TRUE,TRUE,1,within_2pct
episode_047,16362010090000_card_18,noncondo_16362010540000,residential_multicard_16362010090000,18,1,1590,16362010090000,2006,FALSE,current_noncondo_parcel,16362010540000,1636201054,2417 W 32ND PL,2007,1,295,1,1590,605,1160746.9327948743,1882920.939664114,residential_16362010540000,construction_year_parcel,NA,TRUE,TRUE,TRUE,1,within_2pct
episode_047,16362010090000_card_19,noncondo_16362010550000,residential_multicard_16362010090000,19,1,1590,16362010090000,2006,FALSE,current_noncondo_parcel,16362010550000,1636201055,2415 W 32ND PL,2007,1,295,1,1590,604,1160731.8846249997,1882914.95375,residential_16362010550000,construction_year_parcel,NA,TRUE,TRUE,TRUE,1,within_2pct
episode_047,16362010090000_card_2,noncondo_16362010500000,residential_multicard_16362010090000,2,1,1556,16362010090000,2006,FALSE,current_noncondo_parcel,16362010500000,1636201050,2408 W BROSS AVE,2007,1,295,1,1556,629,1160735.9716650145,1882855.832356756,residential_16362010500000,construction_year_parcel,NA,TRUE,TRUE,TRUE,1,within_2pct
episode_047,16362010090000_card_20,noncondo_16362010560000,residential_multicard_16362010090000,20,1,1590,16362010090000,2006,FALSE,current_noncondo_parcel,16362010560000,1636201056,2409 W 32ND PL,2007,1,295,1,1590,604,1160716.8412500003,1882908.9697499983,residential_16362010560000,construction_year_parcel,NA,TRUE,TRUE,TRUE,1,within_2pct
episode_047,16362010090000_card_21,noncondo_16362010760000,residential_multicard_16362010090000,21,1,1718,16362010090000,2006,FALSE,current_noncondo_parcel,16362010760000,1636201076,2430 W 32ND PL,2007,1,295,1,1711,718,1160504.0369848574,1882893.8650497084,residential_16362010760000,construction_year_parcel,NA,TRUE,TRUE,TRUE,0.9959254947613504,within_2pct
episode_047,16362010090000_card_22,noncondo_16362010580000,residential_multicard_16362010090000,22,1,1590,16362010090000,2006,FALSE,current_noncondo_parcel,16362010580000,1636201058,2413 W 32ND PL,2007,1,295,1,1590,585,1160685.5461250003,1882896.5213750007,residential_16362010580000,construction_year_parcel,NA,TRUE,TRUE,TRUE,1,within_2pct
episode_047,16362010090000_card_23,noncondo_16362010590000,residential_multicard_16362010090000,23,1,1590,16362010090000,2006,FALSE,current_noncondo_parcel,16362010590000,1636201059,2407 W 32ND PL,2007,1,295,1,1590,585,1160670.9903750003,1882890.731249999,residential_16362010590000,construction_year_parcel,NA,TRUE,TRUE,TRUE,1,within_2pct
episode_047,16362010090000_card_24,noncondo_16362010600000,residential_multicard_16362010090000,24,1,1590,16362010090000,2006,FALSE,current_noncondo_parcel,16362010600000,1636201060,2405 W 32ND PL,2007,1,295,1,1590,585,1160656.43475,1882884.9412500004,residential_16362010600000,construction_year_parcel,NA,TRUE,TRUE,TRUE,1,within_2pct
episode_047,16362010090000_card_25,noncondo_16362010610000,residential_multicard_16362010090000,25,1,1691,16362010090000,2006,FALSE,current_noncondo_parcel,16362010610000,1636201061,2419 W 32ND PL,2007,1,295,1,1691,688,1160640.5971325492,1882879.178107359,residential_16362010610000,construction_year_parcel,NA,TRUE,TRUE,TRUE,1,within_2pct
episode_047,16362010090000_card_26,noncondo_16362010520000,residential_multicard_16362010090000,26,1,1890,16362010090000,2006,FALSE,current_noncondo_parcel,16362010520000,1636201052,2404 W BROSS AVE,2007,1,295,1,1890,733,1160770.052103049,1882868.8502463968,residential_16362010520000,construction_year_parcel,NA,TRUE,TRUE,TRUE,1,within_2pct
episode_047,16362010090000_card_27,noncondo_16362010400000,residential_multicard_16362010090000,27,1,1687,16362010090000,2006,FALSE,current_noncondo_parcel,16362010400000,1636201040,3230 S WESTERN AVE,2007,1,295,1,1687,648,1160815.361650446,1882971.2732950272,residential_16362010400000,construction_year_parcel,NA,TRUE,TRUE,TRUE,1,within_2pct
episode_047,16362010090000_card_28,noncondo_16362010410000,residential_multicard_16362010090000,28,1,1687,16362010090000,2006,FALSE,current_noncondo_parcel,16362010410000,1636201041,3232 S WESTERN AVE,2007,1,295,1,1687,648,1160815.8471137085,1882953.7000385225,residential_16362010410000,construction_year_parcel,NA,TRUE,TRUE,TRUE,1,within_2pct
episode_047,16362010090000_card_29,noncondo_16362010420000,residential_multicard_16362010090000,29,1,1687,16362010090000,2006,FALSE,current_noncondo_parcel,16362010420000,1636201042,3234 S WESTERN AVE,2007,1,295,1,1687,607,1160815.8235624053,1882936.4515066224,residential_16362010420000,construction_year_parcel,NA,TRUE,TRUE,TRUE,1,within_2pct
episode_047,16362010090000_card_3,noncondo_16362010430000,residential_multicard_16362010090000,3,1,1687,16362010090000,2006,FALSE,current_noncondo_parcel,16362010430000,1636201043,3236 S WESTERN AVE,2007,1,295,1,1687,605,1160816.2901956555,1882919.5531459125,residential_16362010430000,construction_year_parcel,NA,TRUE,TRUE,TRUE,1,within_2pct
episode_047,16362010090000_card_30,noncondo_16362010660000,residential_multicard_16362010090000,30,1,1808,16362010090000,2006,FALSE,current_noncondo_parcel,16362010660000,1636201066,2412 W 32ND PL,2007,1,295,1,1808,676,1160657.5259175906,1882958.4580322448,residential_16362010660000,construction_year_parcel,NA,TRUE,TRUE,TRUE,1,within_2pct
episode_047,16362010090000_card_31,noncondo_16362010790000,residential_multicard_16362010090000,31,1,1687,16362010090000,2006,FALSE,current_noncondo_parcel,16362010790000,1636201079,2436 W 32ND PL,2007,1,295,1,1566,650,1160453.2858998566,1882872.155427943,residential_16362010790000,construction_year_parcel,NA,TRUE,TRUE,TRUE,0.9282750444576171,within_10pct
episode_047,16362010090000_card_32,noncondo_16362010640000,residential_multicard_16362010090000,32,1,1687,16362010090000,2006,FALSE,current_noncondo_parcel,16362010640000,1636201064,2416 W 32ND PL,2007,1,295,1,1687,676,1160691.831376166,1882972.103957409,residential_16362010640000,construction_year_parcel,NA,TRUE,TRUE,TRUE,1,within_2pct
episode_047,16362010090000_card_33,noncondo_16362010650000,residential_multicard_16362010090000,33,1,1687,16362010090000,2006,FALSE,current_noncondo_parcel,16362010650000,1636201065,2410 W 32ND PL,2007,1,295,1,1687,676,1160674.6787062432,1882965.280885344,residential_16362010650000,construction_year_parcel,NA,TRUE,TRUE,TRUE,1,within_2pct
episode_047,16362010090000_card_34,noncondo_16362010700000,residential_multicard_16362010090000,34,1,1808,16362010090000,2006,FALSE,current_noncondo_parcel,16362010700000,1636201070,2420 W 32ND PL,2007,1,295,1,1808,702,1160589.0444058506,1882930.6812447552,residential_16362010700000,construction_year_parcel,NA,TRUE,TRUE,TRUE,1,within_2pct
episode_047,16362010090000_card_35,noncondo_16362010570000,residential_multicard_16362010090000,35,1,1808,16362010090000,2006,FALSE,current_noncondo_parcel,16362010570000,1636201057,2411 W 32ND PL,2007,1,295,1,1718,680,1160700.8551443547,1882903.1475685765,residential_16362010570000,construction_year_parcel,NA,TRUE,TRUE,TRUE,0.9502212389380531,within_5pct
episode_047,16362010090000_card_36,noncondo_16362010680000,residential_multicard_16362010090000,36,1,1687,16362010090000,2006,FALSE,current_noncondo_parcel,16362010680000,1636201068,2408 W 32ND PL,2007,1,295,1,1687,676,1160623.2204136525,1882944.812228102,residential_16362010680000,construction_year_parcel,NA,TRUE,TRUE,TRUE,1,within_2pct
episode_047,16362010090000_card_37,noncondo_16362010690000,residential_multicard_16362010090000,37,1,1687,16362010090000,2006,FALSE,current_noncondo_parcel,16362010690000,1636201069,2418 W 32ND PL,2007,1,295,1,1687,676,1160606.0675437576,1882937.9894896543,residential_16362010690000,construction_year_parcel,NA,TRUE,TRUE,TRUE,1,within_2pct
episode_047,16362010090000_card_38,noncondo_16362010730000,residential_multicard_16362010090000,38,1,1687,16362010090000,2006,FALSE,current_noncondo_parcel,16362010730000,1636201073,2424 W 32ND PL,2007,1,295,1,1566,655,1160554.4012084024,1882916.481277992,residential_16362010730000,construction_year_parcel,NA,TRUE,TRUE,TRUE,0.9282750444576171,within_10pct
episode_047,16362010090000_card_39,noncondo_16362010490000,residential_multicard_16362010090000,39,1,1808,16362010090000,2006,FALSE,current_noncondo_parcel,16362010490000,1636201049,2410 W BROSS AVE,2007,1,295,1,1808,737,1160718.6636121387,1882848.4088901856,residential_16362010490000,construction_year_parcel,NA,TRUE,TRUE,TRUE,1,within_2pct
episode_047,16362010090000_card_4,noncondo_16362010740000,residential_multicard_16362010090000,4,1,1687,16362010090000,2006,FALSE,current_noncondo_parcel,16362010740000,1636201074,2426 W 32ND PL,2007,1,295,1,1566,675,1160537.676212779,1882909.1378585875,residential_16362010740000,construction_year_parcel,NA,TRUE,TRUE,TRUE,0.9282750444576171,within_10pct
episode_047,16362010090000_card_40,noncondo_16362010750000,residential_multicard_16362010090000,40,1,1687,16362010090000,2006,FALSE,current_noncondo_parcel,16362010750000,1636201075,2428 W 32ND PL,2007,1,295,1,1566,653,1160520.926726866,1882901.7951760157,residential_16362010750000,construction_year_parcel,NA,TRUE,TRUE,TRUE,0.9282750444576171,within_10pct
episode_047,16362010090000_card_41,noncondo_16362010770000,residential_multicard_16362010090000,41,1,1687,16362010090000,2006,FALSE,current_noncondo_parcel,16362010770000,1636201077,2432 W 32ND PL,2007,1,295,1,1566,647,1160486.801271071,1882886.8001326104,residential_16362010770000,construction_year_parcel,NA,TRUE,TRUE,TRUE,0.9282750444576171,within_10pct
episode_047,16362010090000_card_42,noncondo_16362010780000,residential_multicard_16362010090000,42,1,1687,16362010090000,2006,FALSE,current_noncondo_parcel,16362010780000,1636201078,2434 W 32ND PL,2007,1,295,1,1566,670,1160470.0888764046,1882879.4932832932,residential_16362010780000,construction_year_parcel,NA,TRUE,TRUE,TRUE,0.9282750444576171,within_10pct
episode_047,16362010090000_card_43,noncondo_16362010620000,residential_multicard_16362010090000,43,1,1890,16362010090000,2006,FALSE,current_noncondo_parcel,16362010620000,1636201062,2404 W 32ND PL,2007,1,295,1,1890,753,1160727.0706698273,1882985.5845717944,residential_16362010620000,construction_year_parcel,NA,TRUE,TRUE,TRUE,1,within_2pct
episode_047,16362010090000_card_5,noncondo_16362010720000,residential_multicard_16362010090000,5,1,1687,16362010090000,2006,FALSE,current_noncondo_parcel,16362010720000,1636201072,2422 W 32ND PL,2007,1,295,1,1711,720,1160571.6455930455,1882923.4007974905,residential_16362010720000,construction_year_parcel,NA,TRUE,TRUE,TRUE,1.014226437462952,within_2pct
episode_047,16362010090000_card_7,noncondo_16362010510000,residential_multicard_16362010090000,7,1,1556,16362010090000,2006,FALSE,current_noncondo_parcel,16362010510000,1636201051,2406 W BROSS AVE,2007,1,295,1,1556,629,1160752.3546700946,1882862.3454176155,residential_16362010510000,construction_year_parcel,NA,TRUE,TRUE,TRUE,1,within_2pct
episode_047,16362010090000_card_8,noncondo_16362010670000,residential_multicard_16362010090000,8,1,1556,16362010090000,2006,FALSE,current_noncondo_parcel,16362010670000,1636201067,2414 W 32ND PL,2007,1,295,1,1556,676,1160640.3731273334,1882951.6351648208,residential_16362010670000,construction_year_parcel,NA,TRUE,TRUE,TRUE,1,within_2pct
episode_047,16362010090000_card_9,noncondo_16362010630000,residential_multicard_16362010090000,9,1,1687,16362010090000,2006,FALSE,current_noncondo_parcel,16362010630000,1636201063,2406 W 32ND PL,2007,1,295,1,1687,676,1160708.9843750002,1882978.9268750015,residential_16362010630000,construction_year_parcel,NA,TRUE,TRUE,TRUE,1,within_2pct
episode_048,16362010900000_card_1,noncondo_16362010910000,residential_multicard_16362010900000,1,1,1677,16362010900000,2012,FALSE,current_noncondo_parcel,16362010910000,1636201091,2440 W BROSS AVE 1,2011,-1,295,1,1677,690,1160426.3451443673,1882701.083762608,residential_16362010910000,construction_year_parcel,NA,TRUE,TRUE,TRUE,1,within_2pct
episode_048,16362010900000_card_2,noncondo_16362010820000,residential_multicard_16362010900000,2,1,1349,16362010900000,2012,FALSE,current_noncondo_parcel,16362010820000,1636201082,2425 W 32ND PL,2011,-1,295,1,1349,599,1160577.6499658662,1882845.15436859,residential_16362010820000,construction_year_parcel,NA,TRUE,TRUE,TRUE,1,within_2pct
episode_048,16362010900000_card_3,noncondo_16362010830000,residential_multicard_16362010900000,3,1,1349,16362010900000,2012,FALSE,current_noncondo_parcel,16362010830000,1636201083,2427 W 32ND PL,2011,-1,295,1,1349,607,1160562.8957750844,1882838.7308994832,residential_16362010830000,construction_year_parcel,NA,TRUE,TRUE,TRUE,1,within_2pct
episode_048,16362010900000_card_4,noncondo_16362010940000,residential_multicard_16362010900000,4,1,1593,16362010900000,2012,FALSE,current_noncondo_parcel,16362010940000,1636201094,2440 W BROSS AVE 4,2011,-1,295,1,1593,636,1160409.1273435007,1882746.1187709945,residential_16362010940000,construction_year_parcel,NA,TRUE,TRUE,TRUE,1,within_2pct
episode_048,16362010900000_card_5,noncondo_16362010840000,residential_multicard_16362010900000,5,1,1349,16362010900000,2012,FALSE,current_noncondo_parcel,16362010840000,1636201084,2429 W 32ND PL,2011,-1,295,1,1349,588,1160548.266044091,1882832.3847162344,residential_16362010840000,construction_year_parcel,NA,TRUE,TRUE,TRUE,1,within_2pct
episode_048,16362010900000_card_6,noncondo_16362010860000,residential_multicard_16362010900000,6,1,1349,16362010900000,2012,FALSE,current_noncondo_parcel,16362010860000,1636201086,2433 W 32ND PL,2011,-1,295,1,1349,589,1160518.1868186253,1882819.3067599572,residential_16362010860000,construction_year_parcel,NA,TRUE,TRUE,TRUE,1,within_2pct
episode_048,16362010900000_card_7,noncondo_16362010970000,residential_multicard_16362010900000,7,1,1458,16362010900000,2012,FALSE,current_noncondo_parcel,16362010970000,1636201097,2440 W BROSS AVE 7,2011,-1,295,1,1458,655,1160390.7337831445,1882791.435020452,residential_16362010970000,construction_year_parcel,NA,TRUE,TRUE,TRUE,1,within_2pct
episode_048,16362010900000_card_8,noncondo_16362010980000,residential_multicard_16362010900000,8,1,1566,16362010900000,2012,FALSE,current_noncondo_parcel,16362010980000,1636201098,2440 W BROSS AVE 8,2011,-1,295,1,1566,638,1160386.0561688468,1882808.1198196784,residential_16362010980000,construction_year_parcel,NA,TRUE,TRUE,TRUE,1,within_2pct
episode_048,16362010900000_card_9,noncondo_16362010990000,residential_multicard_16362010900000,9,1,1927,16362010900000,2012,FALSE,current_noncondo_parcel,16362010990000,1636201099,2440 W BROSS AVE 9,2011,-1,295,1,1927,736,1160388.879624454,1882834.7507522004,residential_16362010990000,construction_year_parcel,NA,TRUE,TRUE,TRUE,1,within_2pct
episode_049,16364050590000_card_1,noncondo_16364050400000,residential_multicard_16364050590000,1,1,1621,16364050590000,2016,FALSE,current_noncondo_parcel,16364050400000,1636405040,3515 S MAPLEWOOD AVE 1,2014,-2,295,1,1621,1034,1159990.7075639246,1881209.1668381344,residential_16364050400000,construction_year_parcel,NA,FALSE,TRUE,TRUE,1,within_2pct
episode_049,16364050590000_card_10,noncondo_16364050410000,residential_multicard_16364050590000,10,1,1621,16364050590000,2016,FALSE,current_noncondo_parcel,16364050410000,1636405041,3515 S MAPLEWOOD AVE 2,2014,-2,295,1,1621,1013,1160014.6094245836,1881209.9583486903,residential_16364050410000,construction_year_parcel,NA,FALSE,TRUE,TRUE,1,within_2pct
episode_049,16364050590000_card_11,noncondo_16364050420000,residential_multicard_16364050590000,11,1,1621,16364050590000,2016,FALSE,current_noncondo_parcel,16364050420000,1636405042,3515 S MAPLEWOOD AVE 3,2014,-2,295,1,1621,1012,1160038.2615840116,1881210.7415405184,residential_16364050420000,construction_year_parcel,NA,FALSE,TRUE,TRUE,1,within_2pct
episode_049,16364050590000_card_12,noncondo_16364050430000,residential_multicard_16364050590000,12,1,1621,16364050590000,2016,FALSE,current_noncondo_parcel,16364050430000,1636405043,3515 S MAPLEWOOD AVE 4,2014,-2,295,1,1621,1012,1160061.9086049243,1881211.5244218344,residential_16364050430000,construction_year_parcel,NA,FALSE,TRUE,TRUE,1,within_2pct
episode_049,16364050590000_card_13,noncondo_16364050440000,residential_multicard_16364050590000,13,1,1621,16364050590000,2016,FALSE,current_noncondo_parcel,16364050440000,1636405044,3515 S MAPLEWOOD AVE 5,2014,-2,295,1,1621,1012,1160085.5556364737,1881212.3074389356,residential_16364050440000,construction_year_parcel,NA,FALSE,TRUE,TRUE,1,within_2pct
episode_049,16364050590000_card_14,noncondo_16364050450000,residential_multicard_16364050590000,14,1,1621,16364050590000,2016,FALSE,current_noncondo_parcel,16364050450000,1636405045,3515 S MAPLEWOOD AVE 6,2014,-2,295,1,1621,1013,1160109.2125495786,1881213.0907236747,residential_16364050450000,construction_year_parcel,NA,FALSE,TRUE,TRUE,1,within_2pct
episode_049,16364050590000_card_15,noncondo_16364050460000,residential_multicard_16364050590000,15,1,1621,16364050590000,2016,FALSE,current_noncondo_parcel,16364050460000,1636405046,3515 S MAPLEWOOD AVE 7,2014,-2,295,1,1621,1013,1160132.8745639373,1881213.87421237,residential_16364050460000,construction_year_parcel,NA,FALSE,TRUE,TRUE,1,within_2pct
episode_049,16364050590000_card_16,noncondo_16364050470000,residential_multicard_16364050590000,16,1,1621,16364050590000,2016,FALSE,current_noncondo_parcel,16364050470000,1636405047,3515 S MAPLEWOOD AVE 8,2014,-2,295,1,1621,1013,1160156.5316975429,1881214.657601565,residential_16364050470000,construction_year_parcel,NA,FALSE,TRUE,TRUE,1,within_2pct
episode_049,16364050590000_card_17,noncondo_16364050480000,residential_multicard_16364050590000,17,1,1621,16364050590000,2016,FALSE,current_noncondo_parcel,16364050480000,1636405048,3515 S MAPLEWOOD AVE 9,2014,-2,295,1,1621,1034,1160180.433674358,1881215.4489729416,residential_16364050480000,construction_year_parcel,NA,FALSE,TRUE,TRUE,1,within_2pct
episode_049,16364050590000_card_18,noncondo_16364050490000,residential_multicard_16364050590000,18,1,1621,16364050590000,2016,FALSE,current_noncondo_parcel,16364050490000,1636405049,3517 S MAPLEWOOD AVE 1,2014,-2,295,1,1621,1035,1159993.1969680751,1881139.545140462,residential_16364050490000,construction_year_parcel,NA,FALSE,TRUE,TRUE,1,within_2pct
episode_049,16364050590000_card_2,noncondo_16364050500000,residential_multicard_16364050590000,2,1,1621,16364050590000,2016,FALSE,current_noncondo_parcel,16364050500000,1636405050,3517 S MAPLEWOOD AVE 2,2014,-2,295,1,1621,1012,1160017.126618796,1881140.342251047,residential_16364050500000,construction_year_parcel,NA,FALSE,TRUE,TRUE,1,within_2pct
episode_049,16364050590000_card_3,noncondo_16364050510000,residential_multicard_16364050590000,3,1,1621,16364050590000,2016,FALSE,current_noncondo_parcel,16364050510000,1636405051,3517 S MAPLEWOOD AVE 3,2014,-2,295,1,1621,1012,1160040.783116478,1881141.1227358,residential_16364050510000,construction_year_parcel,NA,FALSE,TRUE,TRUE,1,within_2pct
episode_049,16364050590000_card_4,noncondo_16364050520000,residential_multicard_16364050590000,4,1,1621,16364050590000,2016,FALSE,current_noncondo_parcel,16364050520000,1636405052,3517 S MAPLEWOOD AVE 4,2014,-2,295,1,1621,1012,1160064.4401335209,1881141.906139198,residential_16364050520000,construction_year_parcel,NA,FALSE,TRUE,TRUE,1,within_2pct
episode_049,16364050590000_card_5,noncondo_16364050530000,residential_multicard_16364050590000,5,1,1621,16364050590000,2016,FALSE,current_noncondo_parcel,16364050530000,1636405053,3517 S MAPLEWOOD AVE 5,2014,-2,295,1,1621,1012,1160088.0970524987,1881142.6892734084,residential_16364050530000,construction_year_parcel,NA,FALSE,TRUE,TRUE,1,within_2pct
episode_049,16364050590000_card_6,noncondo_16364050540000,residential_multicard_16364050590000,6,1,1621,16364050590000,2016,FALSE,current_noncondo_parcel,16364050540000,1636405054,3517 S MAPLEWOOD AVE 6,2014,-2,295,1,1621,1012,1160111.7542578052,1881143.4665641263,residential_16364050540000,construction_year_parcel,NA,FALSE,TRUE,TRUE,1,within_2pct
episode_049,16364050590000_card_7,noncondo_16364050550000,residential_multicard_16364050590000,7,1,1621,16364050590000,2016,FALSE,current_noncondo_parcel,16364050550000,1636405055,3517 S MAPLEWOOD AVE 7,2014,-2,295,1,1621,1012,1160135.406148542,1881144.2528357364,residential_16364050550000,construction_year_parcel,NA,FALSE,TRUE,TRUE,1,within_2pct
episode_049,16364050590000_card_8,noncondo_16364050560000,residential_multicard_16364050590000,8,1,1621,16364050590000,2016,FALSE,current_noncondo_parcel,16364050560000,1636405056,3517 S MAPLEWOOD AVE 8,2014,-2,295,1,1621,1013,1160159.0630888883,1881145.0360507248,residential_16364050560000,construction_year_parcel,NA,FALSE,TRUE,TRUE,1,within_2pct
episode_049,16364050590000_card_9,noncondo_16364050570000,residential_multicard_16364050590000,9,1,1621,16364050590000,2016,FALSE,current_noncondo_parcel,16364050570000,1636405057,3517 S MAPLEWOOD AVE 9,2014,-2,295,1,1621,1026,1160182.8865039933,1881145.8853803752,residential_16364050570000,construction_year_parcel,NA,FALSE,TRUE,TRUE,1,within_2pct
episode_050,16364130200000_card_1,noncondo_16364130390000,residential_multicard_16364130200000,1,1,2217,16364130200000,2006,FALSE,current_noncondo_parcel,16364130390000,1636413039,2501 W 36TH ST 1,2007,1,295,1,1709,1204,1160160.16699007,1880341.147301762,residential_16364130390000,construction_year_parcel,NA,TRUE,TRUE,TRUE,0.7708615245827695,within_35pct
episode_050,16364130200000_card_2,noncondo_16364130410000,residential_multicard_16364130200000,2,1,2163,16364130200000,2006,FALSE,current_noncondo_parcel,16364130410000,1636413041,2501 W 36TH ST 3,2007,1,295,1,1709,1210,1160158.7877939588,1880383.0680289543,residential_16364130410000,construction_year_parcel,NA,TRUE,TRUE,TRUE,0.7901063337956542,within_35pct
episode_050,16364130200000_card_3,noncondo_16364130430000,residential_multicard_16364130200000,3,1,2217,16364130200000,2006,FALSE,current_noncondo_parcel,16364130430000,1636413043,2501 W 36TH ST 5,2007,1,295,1,1709,1209,1160157.5035952162,1880425.0824703823,residential_16364130430000,construction_year_parcel,NA,TRUE,TRUE,TRUE,0.7708615245827695,within_35pct
episode_050,16364130200000_card_4,noncondo_16364130450000,residential_multicard_16364130200000,4,1,2163,16364130200000,2006,FALSE,current_noncondo_parcel,16364130450000,1636413045,2501 W 36TH ST 7,2007,1,295,1,1709,1204,1160156.317732141,1880467.0734336309,residential_16364130450000,construction_year_parcel,NA,TRUE,TRUE,TRUE,0.7901063337956542,within_35pct
episode_050,16364130200000_card_5,noncondo_16364130480000,residential_multicard_16364130200000,5,1,2217,16364130200000,2006,FALSE,current_noncondo_parcel,16364130480000,1636413048,2501 W 36TH ST 10,2007,1,295,1,1709,1202,1160154.27375392,1880537.05493594,residential_16364130480000,construction_year_parcel,NA,TRUE,TRUE,TRUE,0.7708615245827695,within_35pct
episode_050,16364130200000_card_6,noncondo_16364130500000,residential_multicard_16364130200000,6,1,2163,16364130200000,2006,FALSE,current_noncondo_parcel,16364130500000,1636413050,2501 W 36TH ST 12,2007,1,295,1,1709,1199,1160153.0150481188,1880579.062585776,residential_16364130500000,construction_year_parcel,NA,TRUE,TRUE,TRUE,0.7901063337956542,within_35pct
episode_050,16364130200000_card_7,noncondo_16364130520000,residential_multicard_16364130200000,7,1,2217,16364130200000,2006,FALSE,current_noncondo_parcel,16364130520000,1636413052,2501 W 36TH ST 14,2007,1,295,1,1709,1198,1160151.8115948837,1880621.043068082,residential_16364130520000,construction_year_parcel,NA,TRUE,TRUE,TRUE,0.7708615245827695,within_35pct
episode_050,16364130200000_card_8,noncondo_16364130540000,residential_multicard_16364130200000,8,1,2163,16364130200000,2006,FALSE,current_noncondo_parcel,16364130540000,1636413054,2501 W 36TH ST 16,2007,1,295,1,1709,1176,1160150.40660831,1880662.880768936,residential_16364130540000,construction_year_parcel,NA,TRUE,TRUE,TRUE,0.7901063337956542,within_35pct
episode_051,17043200080000_card_1,noncondo_17043200090000,residential_multicard_17043200080000,1,1,2134,17043200080000,2014,FALSE,current_noncondo_parcel,17043200090000,1704320009,459 W HOBBIE ST,2014,0,295,1,2134,2056,1172733.7750646037,1907418.0189133896,residential_17043200090000,construction_year_parcel,NA,TRUE,TRUE,TRUE,1,within_2pct
episode_051,17043200080000_card_10,noncondo_17043200100000,residential_multicard_17043200080000,10,1,2134,17043200080000,2014,FALSE,current_noncondo_parcel,17043200100000,1704320010,457 W HOBBIE ST,2014,0,295,1,2134,1247,1172756.9982294147,1907418.5842631592,residential_17043200100000,construction_year_parcel,NA,TRUE,TRUE,TRUE,1,within_2pct
episode_051,17043200080000_card_11,noncondo_17043200110000,residential_multicard_17043200080000,11,1,2134,17043200080000,2014,FALSE,current_noncondo_parcel,17043200110000,1704320011,455 W HOBBIE ST,2014,0,295,1,2134,1349,1172774.9610374828,1907420.2299872204,residential_17043200110000,construction_year_parcel,NA,TRUE,TRUE,TRUE,1,within_2pct
episode_051,17043200080000_card_12,noncondo_17043200120000,residential_multicard_17043200080000,12,1,2134,17043200080000,2014,FALSE,current_noncondo_parcel,17043200120000,1704320012,453 W HOBBIE ST,2014,0,295,1,2134,1290,1172792.9934144863,1907420.587629798,residential_17043200120000,construction_year_parcel,NA,TRUE,TRUE,TRUE,1,within_2pct
episode_051,17043200080000_card_13,noncondo_17043200130000,residential_multicard_17043200080000,13,1,2134,17043200080000,2014,FALSE,current_noncondo_parcel,17043200130000,1704320013,451 W HOBBIE ST,2014,0,295,1,2134,1306,1172810.998326238,1907420.3754198565,residential_17043200130000,construction_year_parcel,NA,TRUE,TRUE,TRUE,1,within_2pct
episode_051,17043200080000_card_14,noncondo_17043200140000,residential_multicard_17043200080000,14,1,2134,17043200080000,2014,FALSE,current_noncondo_parcel,17043200140000,1704320014,449 W HOBBIE ST,2014,0,295,1,2134,1559,1172831.5634487944,1907423.6627515568,residential_17043200140000,construction_year_parcel,NA,TRUE,TRUE,TRUE,1,within_2pct
episode_051,17043200080000_card_15,noncondo_17043200150000,residential_multicard_17043200080000,15,1,2134,17043200080000,2014,FALSE,current_noncondo_parcel,17043200150000,1704320015,447 W HOBBIE ST,2014,0,295,1,2134,1562,1172854.992440043,1907419.7037189463,residential_17043200150000,construction_year_parcel,NA,TRUE,TRUE,TRUE,1,within_2pct
episode_051,17043200080000_card_16,noncondo_17043200160000,residential_multicard_17043200080000,16,1,2134,17043200080000,2014,FALSE,current_noncondo_parcel,17043200160000,1704320016,445 W HOBBIE ST,2014,0,295,1,2134,1282,1172875.4329850646,1907422.1004942637,residential_17043200160000,construction_year_parcel,NA,TRUE,TRUE,TRUE,1,within_2pct
episode_051,17043200080000_card_17,noncondo_17043200170000,residential_multicard_17043200080000,17,1,2134,17043200080000,2014,FALSE,current_noncondo_parcel,17043200170000,1704320017,443 W HOBBIE ST,2014,0,295,1,2134,1282,1172893.426439989,1907422.6151676185,residential_17043200170000,construction_year_parcel,NA,TRUE,TRUE,TRUE,1,within_2pct
episode_051,17043200080000_card_18,noncondo_17043200180000,residential_multicard_17043200080000,18,1,2134,17043200080000,2014,FALSE,current_noncondo_parcel,17043200180000,1704320018,441 W HOBBIE ST,2014,0,295,1,2134,1257,1172910.984765244,1907423.8803500452,residential_17043200180000,construction_year_parcel,NA,TRUE,TRUE,TRUE,1,within_2pct
episode_051,17043200080000_card_19,noncondo_17043200190000,residential_multicard_17043200080000,19,1,2134,17043200080000,2014,FALSE,current_noncondo_parcel,17043200190000,1704320019,439 W HOBBIE ST,2014,0,295,1,2134,1378,1172928.961874889,1907424.8517029304,residential_17043200190000,construction_year_parcel,NA,TRUE,TRUE,TRUE,1,within_2pct
episode_051,17043200080000_card_2,noncondo_17043200230000,residential_multicard_17043200080000,2,1,2134,17043200080000,2014,FALSE,current_noncondo_parcel,17043200230000,1704320023,1019 N CLEVELAND AVE 2,2014,0,295,1,2134,1351,1172760.7636634752,1907315.604772539,residential_17043200230000,construction_year_parcel,NA,TRUE,TRUE,TRUE,1,within_2pct
episode_051,17043200080000_card_20,noncondo_17043200240000,residential_multicard_17043200080000,20,1,2134,17043200080000,2014,FALSE,current_noncondo_parcel,17043200240000,1704320024,1019 N CLEVELAND AVE 3,2014,0,295,1,2134,1279,1172778.6874687185,1907318.1215315703,residential_17043200240000,construction_year_parcel,NA,TRUE,TRUE,TRUE,1,within_2pct
episode_051,17043200080000_card_21,noncondo_17043200250000,residential_multicard_17043200080000,21,1,2134,17043200080000,2014,FALSE,current_noncondo_parcel,17043200250000,1704320025,1019 N CLEVELAND AVE 4,2014,0,295,1,2134,1281,1172796.6944253522,1907318.617203062,residential_17043200250000,construction_year_parcel,NA,TRUE,TRUE,TRUE,1,within_2pct
episode_051,17043200080000_card_22,noncondo_17043200260000,residential_multicard_17043200080000,22,1,2134,17043200080000,2014,FALSE,current_noncondo_parcel,17043200260000,1704320026,1019 N CLEVELAND AVE 5,2014,0,295,1,2134,1278,1172814.6931750886,1907319.1614930776,residential_17043200260000,construction_year_parcel,NA,TRUE,TRUE,TRUE,1,within_2pct
episode_051,17043200080000_card_23,noncondo_17043200270000,residential_multicard_17043200080000,23,1,2134,17043200080000,2014,FALSE,current_noncondo_parcel,17043200270000,1704320027,1019 N CLEVELAND AVE 6,2014,0,295,1,2134,1610,1172835.296747464,1907315.6924668204,residential_17043200270000,construction_year_parcel,NA,TRUE,TRUE,TRUE,1,within_2pct
episode_051,17043200080000_card_24,noncondo_17043200280000,residential_multicard_17043200080000,24,1,2134,17043200080000,2014,FALSE,current_noncondo_parcel,17043200280000,1704320028,1017 N CLEVELAND AVE 1,2014,0,295,1,2134,1616,1172858.0733369184,1907320.3694530793,residential_17043200280000,construction_year_parcel,NA,TRUE,TRUE,TRUE,1,within_2pct
episode_051,17043200080000_card_25,noncondo_17043200300000,residential_multicard_17043200080000,25,1,2134,17043200080000,2014,FALSE,current_noncondo_parcel,17043200300000,1704320030,1017 N CLEVELAND AVE 3,2014,0,295,1,2134,1305,1172896.2034951265,1907320.744554692,residential_17043200300000,construction_year_parcel,NA,TRUE,TRUE,TRUE,1,within_2pct
episode_051,17043200080000_card_26,noncondo_17043200310000,residential_multicard_17043200080000,26,1,2134,17043200080000,2014,FALSE,current_noncondo_parcel,17043200310000,1704320031,1017 N CLEVELAND AVE 4,2014,0,295,1,2134,1287,1172914.3530809868,1907321.7880058547,residential_17043200310000,construction_year_parcel,NA,TRUE,TRUE,TRUE,1,within_2pct
episode_051,17043200080000_card_27,noncondo_17043200320000,residential_multicard_17043200080000,27,1,2134,17043200080000,2014,FALSE,current_noncondo_parcel,17043200320000,1704320032,1017 N CLEVELAND AVE 5,2014,0,295,1,2134,1306,1172932.36398888,1907321.7471575488,residential_17043200320000,construction_year_parcel,NA,TRUE,TRUE,TRUE,1,within_2pct
episode_051,17043200080000_card_28,noncondo_17043200350000,residential_multicard_17043200080000,28,1,2134,17043200080000,2014,FALSE,current_noncondo_parcel,17043200350000,1704320035,1013 N CLEVELAND AVE 1,2014,0,295,1,2134,1998,1172740.5853356044,1907226.2316559916,residential_17043200350000,construction_year_parcel,NA,TRUE,TRUE,TRUE,1,within_2pct
episode_051,17043200080000_card_29,noncondo_17043200360000,residential_multicard_17043200080000,29,1,2134,17043200080000,2014,FALSE,current_noncondo_parcel,17043200360000,1704320036,1013 N CLEVELAND AVE 2,2014,0,295,1,2134,1278,1172763.6481148223,1907226.7557242855,residential_17043200360000,construction_year_parcel,NA,TRUE,TRUE,TRUE,1,within_2pct
episode_051,17043200080000_card_3,noncondo_17043200370000,residential_multicard_17043200080000,3,1,2134,17043200080000,2014,FALSE,current_noncondo_parcel,17043200370000,1704320037,1013 N CLEVELAND AVE 3,2014,0,295,1,2134,1278,1172781.6409245983,1907227.2710771656,residential_17043200370000,construction_year_parcel,NA,TRUE,TRUE,TRUE,1,within_2pct
episode_051,17043200080000_card_30,noncondo_17043200380000,residential_multicard_17043200080000,30,1,2134,17043200080000,2014,FALSE,current_noncondo_parcel,17043200380000,1704320038,1013 N CLEVELAND AVE 4,2014,0,295,1,2134,1278,1172799.6337946316,1907227.7867414309,residential_17043200380000,construction_year_parcel,NA,TRUE,TRUE,TRUE,1,within_2pct
episode_051,17043200080000_card_31,noncondo_17043200390000,residential_multicard_17043200080000,31,1,2134,17043200080000,2014,FALSE,current_noncondo_parcel,17043200390000,1704320039,1013 N CLEVELAND AVE 5,2014,0,295,1,2134,1350,1172817.5698699418,1907230.301174784,residential_17043200390000,construction_year_parcel,NA,TRUE,TRUE,TRUE,1,within_2pct
episode_051,17043200080000_card_32,noncondo_17043200400000,residential_multicard_17043200080000,32,1,2134,17043200080000,2014,FALSE,current_noncondo_parcel,17043200400000,1704320040,1013 N CLEVELAND AVE 6,2014,0,295,1,2134,1617,1172837.7157606794,1907233.296400642,residential_17043200400000,construction_year_parcel,NA,TRUE,TRUE,TRUE,1,within_2pct
episode_051,17043200080000_card_33,noncondo_17043200410000,residential_multicard_17043200080000,33,1,2134,17043200080000,2014,FALSE,current_noncondo_parcel,17043200410000,1704320041,1015 N CLEVELAND AVE 1,2014,0,295,1,2134,1531,1172860.71351233,1907227.866474811,residential_17043200410000,construction_year_parcel,NA,TRUE,TRUE,TRUE,1,within_2pct
episode_051,17043200080000_card_34,noncondo_17043200420000,residential_multicard_17043200080000,34,1,2134,17043200080000,2014,FALSE,current_noncondo_parcel,17043200420000,1704320042,1015 N CLEVELAND AVE 2,2014,0,295,1,2134,1278,1172880.8814298073,1907230.114017147,residential_17043200420000,construction_year_parcel,NA,TRUE,TRUE,TRUE,1,within_2pct
episode_051,17043200080000_card_35,noncondo_17043200430000,residential_multicard_17043200080000,35,1,2134,17043200080000,2014,FALSE,current_noncondo_parcel,17043200430000,1704320043,1015 N CLEVELAND AVE 3,2014,0,295,1,2134,1278,1172898.874169389,1907230.6295121864,residential_17043200430000,construction_year_parcel,NA,TRUE,TRUE,TRUE,1,within_2pct
episode_051,17043200080000_card_36,noncondo_17043200440000,residential_multicard_17043200080000,36,1,2134,17043200080000,2014,FALSE,current_noncondo_parcel,17043200440000,1704320044,1015 N CLEVELAND AVE 4,2014,0,295,1,2134,1311,1172916.9628520012,1907232.091581616,residential_17043200440000,construction_year_parcel,NA,TRUE,TRUE,TRUE,1,within_2pct
episode_051,17043200080000_card_37,noncondo_17043200450000,residential_multicard_17043200080000,37,1,2134,17043200080000,2014,FALSE,current_noncondo_parcel,17043200450000,1704320045,1015 N CLEVELAND AVE 5,2014,0,295,1,2134,1350,1172934.8032121535,1907233.659584312,residential_17043200450000,construction_year_parcel,NA,TRUE,TRUE,TRUE,1,within_2pct
episode_051,17043200080000_card_38,noncondo_17043200290000,residential_multicard_17043200080000,38,1,2134,17043200080000,2014,FALSE,current_noncondo_parcel,17043200290000,1704320029,1017 N CLEVELAND AVE 2,2014,0,295,1,2380,1351,1172878.3601545163,1907318.9706406428,residential_17043200290000,construction_year_parcel,NA,TRUE,TRUE,TRUE,1.1152764761012184,within_35pct
episode_051,17043200080000_card_39,noncondo_17043200480000,residential_multicard_17043200080000,39,1,2134,17043200080000,2014,FALSE,current_noncondo_parcel,17043200480000,1704320048,1001 N CLEVELAND AVE,2014,0,295,1,1800,1317,1172742.858297876,1907134.7491204976,residential_17043200480000,construction_year_parcel,NA,TRUE,TRUE,TRUE,0.8434864104967198,within_35pct
episode_051,17043200080000_card_4,noncondo_17043200490000,residential_multicard_17043200080000,4,1,2134,17043200080000,2014,FALSE,current_noncondo_parcel,17043200490000,1704320049,452 W OAK ST,2014,0,295,1,1800,935,1172805.0188117456,1907136.374810157,residential_17043200490000,construction_year_parcel,NA,TRUE,TRUE,TRUE,0.8434864104967198,within_35pct
episode_051,17043200080000_card_5,noncondo_17043200500000,residential_multicard_17043200080000,5,1,2134,17043200080000,2014,FALSE,current_noncondo_parcel,17043200500000,1704320050,450 W OAK ST,2014,0,295,1,1800,935,1172823.0113132517,1907136.889439847,residential_17043200500000,construction_year_parcel,NA,TRUE,TRUE,TRUE,0.8434864104967198,within_35pct
episode_051,17043200080000_card_6,noncondo_17043200510000,residential_multicard_17043200080000,6,1,2134,17043200080000,2014,FALSE,current_noncondo_parcel,17043200510000,1704320051,448 W OAK ST,2014,0,295,1,1800,1327,1172845.8143768532,1907133.9182058773,residential_17043200510000,construction_year_parcel,NA,TRUE,TRUE,TRUE,0.8434864104967198,within_35pct
episode_051,17043200080000_card_7,noncondo_17043200520000,residential_multicard_17043200080000,7,1,2134,17043200080000,2014,FALSE,current_noncondo_parcel,17043200520000,1704320052,444 W OAK ST,2014,0,295,1,1800,1212,1172879.8478211309,1907136.224312247,residential_17043200520000,construction_year_parcel,NA,TRUE,TRUE,TRUE,0.8434864104967198,within_35pct
episode_051,17043200080000_card_8,noncondo_17043200530000,residential_multicard_17043200080000,8,1,2134,17043200080000,2014,FALSE,current_noncondo_parcel,17043200530000,1704320053,442 W OAK ST,2014,0,295,1,1800,935,1172900.9024378418,1907139.1180602196,residential_17043200530000,construction_year_parcel,NA,TRUE,TRUE,TRUE,0.8434864104967198,within_35pct
episode_051,17043200080000_card_9,noncondo_17043200540000,residential_multicard_17043200080000,9,1,2134,17043200080000,2014,FALSE,current_noncondo_parcel,17043200540000,1704320054,440 W OAK ST,2016,2,295,1,1800,935,1172918.8950000012,1907139.632750001,residential_17043200540000,construction_year_parcel,NA,FALSE,TRUE,TRUE,0.8434864104967198,within_35pct
episode_052,17071220180000_card_1,noncondo_17071220500000,residential_multicard_17071220180000,1,1,1971,17071220180000,2014,FALSE,current_noncondo_parcel,17071220500000,1707122050,2213 W RACE AVE,2015,1,278,1,2195,2170,1161472.9354781732,1903637.801099982,residential_17071220500000,construction_year_parcel,NA,TRUE,TRUE,TRUE,1.1136478944698123,within_35pct
episode_052,17071220180000_card_2,noncondo_17071220510000,residential_multicard_17071220180000,2,1,1971,17071220180000,2014,FALSE,current_noncondo_parcel,17071220510000,1707122051,2217 W RACE AVE,2015,1,278,1,2195,2179,1161448.9196875817,1903636.854805619,residential_17071220510000,construction_year_parcel,NA,TRUE,TRUE,TRUE,1.1136478944698123,within_35pct
episode_053,17072080330000_card_1,noncondo_17072080550000,residential_multicard_17072080330000,1,1,2138,17072080330000,2013,TRUE,current_noncondo_parcel,17072080550000,1707208055,1932 W ERIE ST,2013,0,278,1,2138,2993,1163261.5896860936,1904448.4647376311,residential_17072080550000,construction_year_parcel,NA,TRUE,TRUE,TRUE,1,within_2pct
episode_053,17072080330000_card_2,noncondo_17072080560000,residential_multicard_17072080330000,2,1,2138,17072080330000,2013,TRUE,current_noncondo_parcel,17072080560000,1707208056,1930 W ERIE ST,2013,0,278,1,2138,2992,1163285.6096268145,1904449.2046300229,residential_17072080560000,construction_year_parcel,NA,TRUE,TRUE,TRUE,1,within_2pct
episode_054,17083340210000_card_1,noncondo_17083340480000,residential_multicard_17083340210000,1,4,7562,17083340210000,2007,TRUE,current_noncondo_parcel,17083340480000,1708334048,25 N BISHOP ST,2008,1,211,4,7175,3753,1166704.480557054,1900412.6127964207,residential_17083340480000,construction_year_parcel,NA,TRUE,TRUE,TRUE,0.9488230626818303,within_10pct
episode_054,17083340210000_card_2,noncondo_17083340490000,residential_multicard_17083340210000,2,4,7562,17083340210000,2007,TRUE,current_noncondo_parcel,17083340490000,1708334049,21 N BISHOP ST,2008,1,211,4,7175,3747,1166705.8077135277,1900387.7247444552,residential_17083340490000,construction_year_parcel,NA,TRUE,TRUE,TRUE,0.9488230626818303,within_10pct
episode_054,17083340210000_card_3,noncondo_17083340500000,residential_multicard_17083340210000,3,4,7562,17083340210000,2007,TRUE,current_noncondo_parcel,17083340500000,1708334050,19 N BISHOP ST,2008,1,211,4,7175,3750,1166706.522397422,1900362.7447329864,residential_17083340500000,construction_year_parcel,NA,TRUE,TRUE,TRUE,0.9488230626818303,within_10pct
episode_055,17211230250000_card_2,noncondo_17211230420000,residential_multicard_17211230250000,2,1,2302,17211230250000,2006,TRUE,current_noncondo_parcel,17211230420000,1721123042,728 W 15TH ST,2007,1,295,1,2302,1860,1171520.1078239563,1892880.316874512,residential_17211230420000,construction_year_parcel,NA,TRUE,TRUE,TRUE,1,within_2pct
episode_055,17211230250000_card_3,noncondo_17211250210000,residential_multicard_17211230250000,3,1,2302,17211230250000,2006,TRUE,current_noncondo_parcel,17211250210000,1721125021,706 W 15TH ST,2005,-1,295,1,2302,1645,1171661.7803644284,1892878.16580896,NA,construction_year_parcel,NA,TRUE,TRUE,TRUE,1,within_2pct
episode_055,17211230250000_card_4,noncondo_17211250200000,residential_multicard_17211230250000,4,1,1692,17211230250000,2006,TRUE,current_noncondo_parcel,17211250200000,1721125020,704 W 15TH ST,2005,-1,295,1,1692,953,1171690.9323335355,1892888.3331955385,NA,construction_year_parcel,NA,TRUE,TRUE,TRUE,1,within_2pct
episode_055,17211230250000_card_5,noncondo_17211250180000,residential_multicard_17211230250000,5,1,1692,17211230250000,2006,TRUE,current_noncondo_parcel,17211250180000,1721125018,702 W 15TH ST,2005,-1,295,1,1692,1196,1171715.4978988415,1892889.0381081621,NA,construction_year_parcel,NA,TRUE,TRUE,TRUE,1,within_2pct
episode_056,17211230320000_card_1,noncondo_17211230440000,residential_multicard_17211230320000,1,1,1692,17211230320000,2006,FALSE,current_noncondo_parcel,17211230440000,1721123044,1457 S HALSTED ST,2006,0,295,1,1902,1294,1171331.5373887806,1892988.4099530785,residential_17211230440000,construction_year_parcel,NA,TRUE,TRUE,TRUE,1.124113475177305,within_35pct
episode_056,17211230320000_card_2,noncondo_17211230450000,residential_multicard_17211230320000,2,1,1692,17211230320000,2006,FALSE,current_noncondo_parcel,17211230450000,1721123045,1455 S HALSTED ST,2008,2,295,1,1902,1250,1171330.6368292945,1893013.3828747903,residential_17211230450000,construction_year_parcel,NA,FALSE,TRUE,TRUE,1.124113475177305,within_35pct
episode_057,17215060456002_card_1,noncondo_17211320070000,residential_multicard_17215060456002,1,1,1901,17215060456002,2007,TRUE,current_noncondo_parcel,17211320070000,1721132007,648 W 16TH ST 1,2007,0,295,1,1901,1122,1172061.840662809,1892357.9834721836,residential_17211320070000,construction_year_parcel,NA,TRUE,TRUE,TRUE,1,within_2pct
episode_057,17215060456002_card_2,noncondo_17211320080000,residential_multicard_17215060456002,2,1,1901,17215060456002,2007,TRUE,current_noncondo_parcel,17211320080000,1721132008,648 W 16TH ST 2,2007,0,295,1,1901,915,1172061.1335063763,1892385.8116528145,residential_17211320080000,construction_year_parcel,NA,TRUE,TRUE,TRUE,1,within_2pct
episode_057,17215060456002_card_3,noncondo_17211320090000,residential_multicard_17215060456002,3,1,1901,17215060456002,2007,TRUE,current_noncondo_parcel,17211320090000,1721132009,648 W 16TH ST 3,2007,0,295,1,1901,2240,1172054.4337075409,1892425.928820741,residential_17211320090000,construction_year_parcel,NA,TRUE,TRUE,TRUE,1,within_2pct
episode_057,17215060456002_card_4,noncondo_17211320140000,residential_multicard_17215060456002,4,1,2297,17215060456002,2007,TRUE,current_noncondo_parcel,17211320140000,1721132014,644 W 16TH ST 1,2007,0,295,1,2297,1201,1172109.048434682,1892355.940793723,residential_17211320140000,construction_year_parcel,NA,TRUE,TRUE,TRUE,1,within_2pct
episode_057,17215060456002_card_5,noncondo_17211320130000,residential_multicard_17215060456002,5,1,2130,17215060456002,2007,TRUE,current_noncondo_parcel,17211320130000,1721132013,644 W 16TH ST 2,2007,0,295,1,2130,920,1172108.5004972883,1892377.2679083096,residential_17211320130000,construction_year_parcel,NA,TRUE,TRUE,TRUE,1,within_2pct
episode_058,17215060040000_card_1,noncondo_17211320170000,residential_multicard_17215060040000,1,1,2297,17215060040000,2007,TRUE,current_noncondo_parcel,17211320170000,1721132017,634 W 16TH ST 4,2007,0,295,1,2297,2461,1172181.0395979823,1892430.4461675284,residential_17211320170000,construction_year_parcel,NA,TRUE,TRUE,TRUE,1,within_2pct
episode_058,17215060040000_card_10,noncondo_17211320180000,residential_multicard_17215060040000,10,1,2130,17215060040000,2007,TRUE,current_noncondo_parcel,17211320180000,1721132018,634 W 16TH ST 3,2007,0,295,1,2130,921,1172183.7586380162,1892397.693438413,residential_17211320180000,construction_year_parcel,NA,TRUE,TRUE,TRUE,1,within_2pct
episode_058,17215060040000_card_11,noncondo_17211320190000,residential_multicard_17215060040000,11,1,2130,17215060040000,2007,TRUE,current_noncondo_parcel,17211320190000,1721132019,634 W 16TH ST 2,2007,0,295,1,2130,921,1172184.2304521434,1892379.19955572,residential_17211320190000,construction_year_parcel,NA,TRUE,TRUE,TRUE,1,within_2pct
episode_058,17215060040000_card_12,noncondo_17211320200000,residential_multicard_17215060040000,12,1,2297,17215060040000,2007,TRUE,current_noncondo_parcel,17211320200000,1721132020,634 W 16TH ST 1,2007,0,295,1,2297,1203,1172184.77512532,1892357.875367808,residential_17211320200000,construction_year_parcel,NA,TRUE,TRUE,TRUE,1,within_2pct
episode_058,17215060040000_card_4,noncondo_17211320210000,residential_multicard_17215060040000,4,1,2297,17215060040000,2007,TRUE,current_noncondo_parcel,17211320210000,1721132021,630 W 16TH ST 1,2007,0,295,1,2297,1171,1172237.780003972,1892359.224753174,residential_17211320210000,construction_year_parcel,NA,TRUE,TRUE,TRUE,1,within_2pct
episode_058,17215060040000_card_5,noncondo_17211320240000,residential_multicard_17215060040000,5,1,2297,17215060040000,2007,TRUE,current_noncondo_parcel,17211320240000,1721132024,630 W 16TH ST 4,2007,0,295,1,2297,2395,1172237.332033245,1892431.91067722,residential_17211320240000,construction_year_parcel,NA,TRUE,TRUE,TRUE,1,within_2pct
episode_060,17223090410000_card_1,noncondo_17223091230000,residential_multicard_17223090410000,1,1,3138,17223090410000,2015,TRUE,current_noncondo_parcel,17223091230000,1722309123,1834 S CALUMET AVE,2014,-1,295,1,3138,1220,1178635.7509355713,1891244.925756493,residential_17223091230000,construction_year_parcel,NA,TRUE,TRUE,TRUE,1,within_2pct
episode_060,17223090410000_card_2,noncondo_17223091240000,residential_multicard_17223090410000,2,1,3138,17223090410000,2015,TRUE,current_noncondo_parcel,17223091240000,1722309124,1834 S CALUMET AVE,2014,-1,295,1,3138,1090,1178636.190064623,1891226.3909942089,residential_17223091240000,construction_year_parcel,NA,TRUE,TRUE,TRUE,1,within_2pct
episode_060,17223090410000_card_3,noncondo_17223091250000,residential_multicard_17223090410000,3,1,3138,17223090410000,2015,TRUE,current_noncondo_parcel,17223091250000,1722309125,1834 S CALUMET AVE,2014,-1,295,1,3138,1090,1178636.604499997,1891208.8957499992,residential_17223091250000,construction_year_parcel,NA,TRUE,TRUE,TRUE,1,within_2pct
episode_060,17223090410000_card_4,noncondo_17223091260000,residential_multicard_17223090410000,4,1,3138,17223090410000,2015,TRUE,current_noncondo_parcel,17223091260000,1722309126,1834 S CALUMET AVE,2014,-1,295,1,3138,1148,1178637.0293818028,1891190.9409232852,residential_17223091260000,construction_year_parcel,NA,TRUE,TRUE,TRUE,1,within_2pct
episode_060,17223090410000_card_5,noncondo_17223091270000,residential_multicard_17223090410000,5,1,4400,17223090410000,2015,TRUE,current_noncondo_parcel,17223091270000,1722309127,1836 S CALUMET AVE,2014,-1,295,1,4400,2025,1178728.3266737752,1891240.4423530104,residential_17223091270000,construction_year_parcel,NA,TRUE,TRUE,TRUE,1,within_2pct
episode_060,17223090410000_card_6,noncondo_17223091280000,residential_multicard_17223090410000,6,1,4400,17223090410000,2015,TRUE,current_noncondo_parcel,17223091280000,1722309128,1838 S CALUMET AVE,2014,-1,295,1,4400,1805,1178736.2413021273,1891218.8692862457,residential_17223091280000,construction_year_parcel,NA,TRUE,TRUE,TRUE,1,within_2pct
episode_060,17223090410000_card_7,noncondo_17223091290000,residential_multicard_17223090410000,7,1,4400,17223090410000,2015,TRUE,current_noncondo_parcel,17223091290000,1722309129,1840 S CALUMET AVE,2014,-1,295,1,4400,1897,1178738.538776126,1891198.0432906272,residential_17223091290000,construction_year_parcel,NA,TRUE,TRUE,TRUE,1,within_2pct
episode_061,17271090190000_card_1,noncondo_17271090700000,residential_multicard_17271090190000,1,1,1730,17271090190000,2006,TRUE,current_noncondo_parcel,17271090700000,1727109070,2313 S WABASH AVE,2007,1,295,1,1730,982,1177168.8609284144,1888936.7604287984,residential_17271090700000,construction_year_parcel,NA,TRUE,TRUE,TRUE,1,within_2pct
episode_061,17271090190000_card_10,noncondo_17271090290000,residential_multicard_17271090190000,10,1,1887,17271090190000,2006,TRUE,current_noncondo_parcel,17271090290000,1727109029,2321 S WABASH AVE 13,2007,1,295,1,1887,923,1177312.5273109062,1888960.9774946673,residential_17271090290000,construction_year_parcel,NA,TRUE,TRUE,TRUE,1,within_2pct
episode_061,17271090190000_card_11,noncondo_17271090300000,residential_multicard_17271090190000,11,1,1887,17271090190000,2006,TRUE,current_noncondo_parcel,17271090300000,1727109030,2321 S WABASH AVE 14,2007,1,295,1,1887,853,1177313.0135784484,1888943.242014364,residential_17271090300000,construction_year_parcel,NA,TRUE,TRUE,TRUE,1,within_2pct
episode_061,17271090190000_card_12,noncondo_17271090310000,residential_multicard_17271090190000,12,1,1887,17271090190000,2006,TRUE,current_noncondo_parcel,17271090310000,1727109031,2321 S WABASH AVE 15,2007,1,295,1,1887,851,1177313.454241353,1888926.2278456269,residential_17271090310000,construction_year_parcel,NA,TRUE,TRUE,TRUE,1,within_2pct
episode_061,17271090190000_card_13,noncondo_17271090320000,residential_multicard_17271090190000,13,1,1887,17271090190000,2006,TRUE,current_noncondo_parcel,17271090320000,1727109032,2321 S WABASH AVE 16,2007,1,295,1,1887,849,1177313.893169697,1888909.248688068,residential_17271090320000,construction_year_parcel,NA,TRUE,TRUE,TRUE,1,within_2pct
episode_061,17271090190000_card_14,noncondo_17271090550000,residential_multicard_17271090190000,14,1,1887,17271090190000,2006,TRUE,current_noncondo_parcel,17271090550000,1727109055,2322 S WABASH AVE 2,2007,1,295,1,1887,849,1177237.7311046398,1888907.0928969043,residential_17271090550000,construction_year_parcel,NA,TRUE,TRUE,TRUE,1,within_2pct
episode_061,17271090190000_card_15,noncondo_17271090560000,residential_multicard_17271090190000,15,1,1887,17271090190000,2006,TRUE,current_noncondo_parcel,17271090560000,1727109056,2323 S WABASH AVE 3,2007,1,295,1,1887,841,1177237.1931687046,1888924.2074198527,residential_17271090560000,construction_year_parcel,NA,TRUE,TRUE,TRUE,1,within_2pct
episode_061,17271090190000_card_2,noncondo_17271090710000,residential_multicard_17271090190000,2,1,1730,17271090190000,2006,TRUE,current_noncondo_parcel,17271090710000,1727109071,2311 S WABASH AVE,2007,1,295,1,1730,982,1177168.3272891291,1888957.4588896064,residential_17271090710000,construction_year_parcel,NA,TRUE,TRUE,TRUE,1,within_2pct
episode_061,17271090190000_card_3,noncondo_17271090720000,residential_multicard_17271090190000,3,1,1730,17271090190000,2006,TRUE,current_noncondo_parcel,17271090720000,1727109072,2309 S WABASH AVE,2007,1,295,1,1730,981,1177167.7901824033,1888978.147505717,residential_17271090720000,construction_year_parcel,NA,TRUE,TRUE,TRUE,1,within_2pct
episode_061,17271090190000_card_4,noncondo_17271090670000,residential_multicard_17271090190000,4,1,1401,17271090190000,2006,TRUE,current_noncondo_parcel,17271090670000,1727109067,2317 S WABASH AVE,2007,1,295,1,1401,848,1177169.7944202377,1888900.4936705176,residential_17271090670000,construction_year_parcel,NA,TRUE,TRUE,TRUE,1,within_2pct
episode_061,17271090190000_card_5,noncondo_17271090690000,residential_multicard_17271090190000,5,1,1401,17271090190000,2006,TRUE,current_noncondo_parcel,17271090690000,1727109069,2315 S WABASH AVE,2007,1,295,1,1401,806,1177169.34991857,1888917.9175881776,residential_17271090690000,construction_year_parcel,NA,TRUE,TRUE,TRUE,1,within_2pct
episode_061,17271090190000_card_6,noncondo_17271090570000,residential_multicard_17271090190000,6,1,1887,17271090190000,2006,TRUE,current_noncondo_parcel,17271090570000,1727109057,2321 S WABASH AVE 4,2007,1,295,1,1887,847,1177236.796449522,1888941.30340781,residential_17271090570000,construction_year_parcel,NA,TRUE,TRUE,TRUE,1,within_2pct
episode_061,17271090190000_card_7,noncondo_17271090580000,residential_multicard_17271090190000,7,1,1887,17271090190000,2006,TRUE,current_noncondo_parcel,17271090580000,1727109058,2325 S WABASH AVE 5,2007,1,295,1,1887,902,1177236.1043845273,1888958.9996881457,residential_17271090580000,construction_year_parcel,NA,TRUE,TRUE,TRUE,1,within_2pct
episode_062,17271090050000_card_1,noncondo_17271090420000,residential_multicard_17271090050000,1,1,1963,17271090050000,2006,TRUE,current_noncondo_parcel,17271090420000,1727109042,2323 S WABASH AVE 11,2007,1,295,1,1963,1086,1177312.857600226,1888719.7078074033,residential_17271090420000,construction_year_parcel,NA,TRUE,TRUE,TRUE,1,within_2pct
episode_062,17271090050000_card_10,noncondo_17271090340000,residential_multicard_17271090050000,10,1,1887,17271090050000,2006,TRUE,current_noncondo_parcel,17271090340000,1727109034,2321 S WABASH AVE 17,2007,1,295,1,1887,730,1177314.4178989262,1888888.172582387,residential_17271090340000,construction_year_parcel,NA,TRUE,TRUE,TRUE,1,within_2pct
episode_062,17271090050000_card_11,noncondo_17271090350000,residential_multicard_17271090050000,11,1,1887,17271090050000,2006,TRUE,current_noncondo_parcel,17271090350000,1727109035,2323 S WABASH AVE 18,2007,1,295,1,1887,900,1177315.5023380392,1888846.608037686,residential_17271090350000,construction_year_parcel,NA,TRUE,TRUE,TRUE,1,within_2pct
episode_062,17271090050000_card_12,noncondo_17271090360000,residential_multicard_17271090050000,12,1,1887,17271090050000,2006,TRUE,current_noncondo_parcel,17271090360000,1727109036,2323 S WABASH AVE 17,2007,1,295,1,1887,849,1177315.966556525,1888829.1417710192,residential_17271090360000,construction_year_parcel,NA,TRUE,TRUE,TRUE,1,within_2pct
episode_062,17271090050000_card_13,noncondo_17271090370000,residential_multicard_17271090050000,13,1,1887,17271090050000,2006,TRUE,current_noncondo_parcel,17271090370000,1727109037,2323 S WABASH AVE 16,2007,1,295,1,1887,852,1177316.4064308517,1888812.152588624,residential_17271090370000,construction_year_parcel,NA,TRUE,TRUE,TRUE,1,within_2pct
episode_062,17271090050000_card_14,noncondo_17271090380000,residential_multicard_17271090050000,14,1,1887,17271090050000,2006,TRUE,current_noncondo_parcel,17271090380000,1727109038,2323 S WABASH AVE 15,2007,1,295,1,1887,850,1177316.8464944246,1888795.1535240791,residential_17271090380000,construction_year_parcel,NA,TRUE,TRUE,TRUE,1,within_2pct
episode_062,17271090050000_card_15,noncondo_17271090410000,residential_multicard_17271090050000,15,1,1504,17271090050000,2006,TRUE,current_noncondo_parcel,17271090410000,1727109041,2323 S WABASH AVE 12,2007,1,295,1,1516,1166,1177333.5473606845,1888722.6110414828,residential_17271090410000,construction_year_parcel,NA,TRUE,TRUE,TRUE,1.0079787234042554,within_2pct
episode_062,17271090050000_card_16,noncondo_17271090390000,residential_multicard_17271090050000,16,1,1887,17271090050000,2006,TRUE,current_noncondo_parcel,17271090390000,1727109039,2323 S WABASH AVE 14,2007,1,295,1,1887,853,1177317.2870531832,1888778.1444676288,residential_17271090390000,construction_year_parcel,NA,TRUE,TRUE,TRUE,1,within_2pct
episode_062,17271090050000_card_17,noncondo_17271090400000,residential_multicard_17271090050000,17,1,1887,17271090050000,2006,TRUE,current_noncondo_parcel,17271090400000,1727109040,2323 S WABASH AVE 13,2007,1,295,1,1887,934,1177317.7601671687,1888760.2982992344,residential_17271090400000,construction_year_parcel,NA,TRUE,TRUE,TRUE,1,within_2pct
episode_062,17271090050000_card_18,noncondo_17271090470000,residential_multicard_17271090050000,18,1,1887,17271090050000,2006,TRUE,current_noncondo_parcel,17271090470000,1727109047,2323 S WABASH AVE 6,2007,1,295,1,1887,925,1177241.642523686,1888758.1797611136,residential_17271090470000,construction_year_parcel,NA,TRUE,TRUE,TRUE,1,within_2pct
episode_062,17271090050000_card_19,noncondo_17271090480000,residential_multicard_17271090050000,19,1,1887,17271090050000,2006,TRUE,current_noncondo_parcel,17271090480000,1727109048,2323 S WABASH AVE 5,2007,1,295,1,1887,827,1177241.0040020049,1888775.948261376,residential_17271090480000,construction_year_parcel,NA,TRUE,TRUE,TRUE,1,within_2pct
episode_062,17271090050000_card_2,noncondo_17271090430000,residential_multicard_17271090050000,2,1,1963,17271090050000,2006,TRUE,current_noncondo_parcel,17271090430000,1727109043,2323 S WABASH AVE 10,2007,1,295,1,1963,1088,1177292.041160992,1888719.114734542,residential_17271090430000,construction_year_parcel,NA,TRUE,TRUE,TRUE,1,within_2pct
episode_062,17271090050000_card_20,noncondo_17271090490000,residential_multicard_17271090050000,20,1,1887,17271090050000,2006,TRUE,current_noncondo_parcel,17271090490000,1727109049,2323 S WABASH AVE 4,2007,1,295,1,1887,848,1177240.7915375745,1888792.9497271983,residential_17271090490000,construction_year_parcel,NA,TRUE,TRUE,TRUE,1,within_2pct
episode_062,17271090050000_card_21,noncondo_17271090500000,residential_multicard_17271090050000,21,1,1887,17271090050000,2006,TRUE,current_noncondo_parcel,17271090500000,1727109050,2323 S WABASH AVE 3,2007,1,295,1,1887,827,1177240.1085665764,1888809.9360889753,residential_17271090500000,construction_year_parcel,NA,TRUE,TRUE,TRUE,1,within_2pct
episode_062,17271090050000_card_22,noncondo_17271090590000,residential_multicard_17271090050000,22,1,1730,17271090050000,2006,TRUE,current_noncondo_parcel,17271090590000,1727109059,2337 S WABASH AVE,2007,1,295,1,1730,1199,1177175.0367844552,1888702.276782239,residential_17271090590000,construction_year_parcel,NA,TRUE,TRUE,TRUE,1,within_2pct
episode_062,17271090050000_card_23,noncondo_17271090600000,residential_multicard_17271090050000,23,1,1730,17271090050000,2006,TRUE,current_noncondo_parcel,17271090600000,1727109060,2335 S WABASH AVE,2007,1,295,1,1730,994,1177174.3372387467,1888725.3161388815,residential_17271090600000,construction_year_parcel,NA,TRUE,TRUE,TRUE,1,within_2pct
episode_062,17271090050000_card_24,noncondo_17271090610000,residential_multicard_17271090050000,24,1,1730,17271090050000,2006,TRUE,current_noncondo_parcel,17271090610000,1727109061,2333 S WABASH AVE,2007,1,295,1,1730,979,1177173.9293555578,1888746.047941694,residential_17271090610000,construction_year_parcel,NA,TRUE,TRUE,TRUE,1,within_2pct
episode_062,17271090050000_card_25,noncondo_17271090620000,residential_multicard_17271090050000,25,1,1730,17271090050000,2006,TRUE,current_noncondo_parcel,17271090620000,1727109062,2331 S WABASH AVE,2007,1,295,1,1730,984,1177173.3572699744,1888766.665365883,residential_17271090620000,construction_year_parcel,NA,TRUE,TRUE,TRUE,1,within_2pct
episode_062,17271090050000_card_3,noncondo_17271090440000,residential_multicard_17271090050000,3,1,1963,17271090050000,2006,TRUE,current_noncondo_parcel,17271090440000,1727109044,2323 S WABASH AVE 9,2007,1,295,1,1963,1089,1177271.1997334436,1888718.5208716053,residential_17271090440000,construction_year_parcel,NA,TRUE,TRUE,TRUE,1,within_2pct
episode_062,17271090050000_card_4,noncondo_17271090450000,residential_multicard_17271090050000,4,1,1963,17271090050000,2006,TRUE,current_noncondo_parcel,17271090450000,1727109045,2323 S WABASH AVE 8,2007,1,295,1,1963,1090,1177250.3382334283,1888717.9263716089,residential_17271090450000,construction_year_parcel,NA,TRUE,TRUE,TRUE,1,within_2pct
episode_062,17271090050000_card_5,noncondo_17271090460000,residential_multicard_17271090050000,5,1,1516,17271090050000,2006,TRUE,current_noncondo_parcel,17271090460000,1727109046,2323 S WABASH AVE 7,2007,1,295,1,1883,1230,1177228.9379542095,1888719.5917971388,residential_17271090460000,construction_year_parcel,NA,TRUE,TRUE,TRUE,1.242084432717678,within_35pct
episode_062,17271090050000_card_6,noncondo_17271090630000,residential_multicard_17271090050000,6,1,1730,17271090050000,2006,TRUE,current_noncondo_parcel,17271090630000,1727109063,2329 S WABASH AVE,2007,1,295,1,1730,989,1177172.7752953449,1888787.3877945603,residential_17271090630000,construction_year_parcel,NA,TRUE,TRUE,TRUE,1,within_2pct
episode_062,17271090050000_card_7,noncondo_17271090640000,residential_multicard_17271090050000,7,1,1730,17271090050000,2006,TRUE,current_noncondo_parcel,17271090640000,1727109064,2327 S WABASH AVE,2007,1,295,1,1730,986,1177172.2563615534,1888808.1326664689,residential_17271090640000,construction_year_parcel,NA,TRUE,TRUE,TRUE,1,within_2pct
episode_062,17271090050000_card_8,noncondo_17271090650000,residential_multicard_17271090050000,8,1,1730,17271090050000,2006,TRUE,current_noncondo_parcel,17271090650000,1727109065,2325 S WABASH AVE,2007,1,295,1,1730,1027,1177171.7215311814,1888829.277458726,residential_17271090650000,construction_year_parcel,NA,TRUE,TRUE,TRUE,1,within_2pct
episode_062,17271090050000_card_9,noncondo_17271090510000,residential_multicard_17271090050000,9,1,1887,17271090050000,2006,TRUE,current_noncondo_parcel,17271090510000,1727109051,2323 S WABASH AVE 2,2007,1,295,1,1887,840,1177239.8174467562,1888826.850639625,residential_17271090510000,construction_year_parcel,NA,TRUE,TRUE,TRUE,1,within_2pct
episode_063,17271090010000_card_1,noncondo_17271090900000,residential_multicard_17271090010000,1,1,2052,17271090010000,2006,TRUE,current_noncondo_parcel,17271090900000,1727109090,45 E 23RD ST,2007,1,295,1,2052,1393,1177178.0104158274,1889080.801678424,residential_17271090900000,construction_year_parcel,NA,TRUE,TRUE,TRUE,1,within_2pct
episode_063,17271090010000_card_10,noncondo_17271090740000,residential_multicard_17271090010000,10,1,1401,17271090010000,2006,TRUE,current_noncondo_parcel,17271090740000,1727109074,2305 S WABASH AVE,2007,1,295,1,1401,806,1177166.7630712052,1889017.678712892,residential_17271090740000,construction_year_parcel,NA,TRUE,TRUE,TRUE,1,within_2pct
episode_063,17271090010000_card_11,noncondo_17271090750000,residential_multicard_17271090010000,11,1,1401,17271090010000,2006,TRUE,current_noncondo_parcel,17271090750000,1727109075,2303 S WABASH AVE,2007,1,295,1,1401,885,1177166.3053010877,1889035.5077148243,residential_17271090750000,construction_year_parcel,NA,TRUE,TRUE,TRUE,1,within_2pct
episode_063,17271090010000_card_12,noncondo_17271090730000,residential_multicard_17271090010000,12,1,1730,17271090010000,2006,TRUE,current_noncondo_parcel,17271090730000,1727109073,2307 S WABASH AVE,2007,1,295,1,1730,982,1177167.251564006,1888998.8351159468,residential_17271090730000,construction_year_parcel,NA,TRUE,TRUE,TRUE,1,within_2pct
episode_063,17271090010000_card_13,noncondo_17271090760000,residential_multicard_17271090010000,13,1,1615,17271090010000,2006,TRUE,current_noncondo_parcel,17271090760000,1727109076,2321 S WABASH AVE 6,2007,1,295,1,1615,1097,1177220.339249604,1888996.2641134963,residential_17271090760000,construction_year_parcel,NA,TRUE,TRUE,TRUE,1,within_2pct
episode_063,17271090010000_card_14,noncondo_17271090770000,residential_multicard_17271090010000,14,1,1510,17271090010000,2006,TRUE,current_noncondo_parcel,17271090770000,1727109077,2322 S WABASH AVE 7,2007,1,295,1,1510,874,1177238.851990071,1888998.7588705253,residential_17271090770000,construction_year_parcel,NA,TRUE,TRUE,TRUE,1,within_2pct
episode_063,17271090010000_card_15,noncondo_17271090780000,residential_multicard_17271090010000,15,1,1510,17271090010000,2006,TRUE,current_noncondo_parcel,17271090780000,1727109078,2321 S WABASH AVE 8,2007,1,295,1,1510,874,1177255.8549825344,1888999.2441219368,residential_17271090780000,construction_year_parcel,NA,TRUE,TRUE,TRUE,1,within_2pct
episode_063,17271090010000_card_16,noncondo_17271090790000,residential_multicard_17271090010000,16,1,1510,17271090010000,2006,TRUE,current_noncondo_parcel,17271090790000,1727109079,2324 S WABASH AVE 9,2007,1,295,1,1510,874,1177272.8629832068,1888999.7289312195,residential_17271090790000,construction_year_parcel,NA,TRUE,TRUE,TRUE,1,within_2pct
episode_063,17271090010000_card_17,noncondo_17271090800000,residential_multicard_17271090010000,17,1,1510,17271090010000,2006,TRUE,current_noncondo_parcel,17271090800000,1727109080,2321 S WABASH AVE 10,2007,1,295,1,1510,872,1177289.8559893894,1889000.2138115375,residential_17271090800000,construction_year_parcel,NA,TRUE,TRUE,TRUE,1,within_2pct
episode_063,17271090010000_card_18,noncondo_17271090830000,residential_multicard_17271090010000,18,1,1510,17271090010000,2006,TRUE,current_noncondo_parcel,17271090830000,1727109083,59 E 23RD ST,2007,1,295,1,1510,1026,1177324.266303629,1889070.769164053,residential_17271090830000,construction_year_parcel,NA,TRUE,TRUE,TRUE,1,within_2pct
episode_063,17271090010000_card_19,noncondo_17271090810000,residential_multicard_17271090010000,19,1,1504,17271090010000,2006,TRUE,current_noncondo_parcel,17271090810000,1727109081,2326 S WABASH AVE 11,2007,1,295,1,1504,876,1177306.86899313,1889000.6989356212,residential_17271090810000,construction_year_parcel,NA,TRUE,TRUE,TRUE,1,within_2pct
episode_063,17271090010000_card_2,noncondo_17271090890000,residential_multicard_17271090010000,2,1,1690,17271090010000,2006,TRUE,current_noncondo_parcel,17271090890000,1727109089,47 E 23RD ST,2007,1,295,1,1690,968,1177218.9673757276,1889067.5612449867,residential_17271090890000,construction_year_parcel,NA,TRUE,TRUE,TRUE,1,within_2pct
episode_063,17271090010000_card_3,noncondo_17271090840000,residential_multicard_17271090010000,3,1,1510,17271090010000,2006,TRUE,current_noncondo_parcel,17271090840000,1727109084,57 E 23RD ST,2007,1,295,1,1510,834,1177305.2988394022,1889070.2304972257,residential_17271090840000,construction_year_parcel,NA,TRUE,TRUE,TRUE,1,within_2pct
episode_063,17271090010000_card_4,noncondo_17271090850000,residential_multicard_17271090010000,4,1,1510,17271090010000,2006,TRUE,current_noncondo_parcel,17271090850000,1727109085,55 E 23RD ST,2007,1,295,1,1510,835,1177288.2955397882,1889069.7583109469,residential_17271090850000,construction_year_parcel,NA,TRUE,TRUE,TRUE,1,within_2pct
episode_063,17271090010000_card_5,noncondo_17271090860000,residential_multicard_17271090010000,5,1,1510,17271090010000,2006,TRUE,current_noncondo_parcel,17271090860000,1727109086,53 E 23RD ST,2007,1,295,1,1510,834,1177271.302169624,1889069.286190787,residential_17271090860000,construction_year_parcel,NA,TRUE,TRUE,TRUE,1,within_2pct
episode_063,17271090010000_card_6,noncondo_17271090870000,residential_multicard_17271090010000,6,1,1510,17271090010000,2006,TRUE,current_noncondo_parcel,17271090870000,1727109087,51 E 23RD ST,2007,1,295,1,1510,836,1177254.3038544129,1889068.8140009027,residential_17271090870000,construction_year_parcel,NA,TRUE,TRUE,TRUE,1,within_2pct
episode_063,17271090010000_card_7,noncondo_17271090880000,residential_multicard_17271090010000,7,1,1510,17271090010000,2006,TRUE,current_noncondo_parcel,17271090880000,1727109088,49 E 23RD ST,2007,1,295,1,1510,835,1177237.3005449127,1889068.341690798,residential_17271090880000,construction_year_parcel,NA,TRUE,TRUE,TRUE,1,within_2pct
episode_063,17271090010000_card_8,noncondo_17271090820000,residential_multicard_17271090010000,8,1,1510,17271090010000,2006,TRUE,current_noncondo_parcel,17271090820000,1727109082,2321 S WABASH AVE 12,2007,1,295,1,1504,1181,1177326.1096601158,1888998.9990998907,residential_17271090820000,construction_year_parcel,NA,TRUE,TRUE,TRUE,0.9960264900662251,within_2pct
episode_063,17271090010000_card_9,noncondo_17271090660000,residential_multicard_17271090010000,9,1,1678,17271090010000,2006,TRUE,current_noncondo_parcel,17271090660000,1727109066,2301 S WABASH AVE,2007,1,295,1,1678,998,1177164.4310059254,1889061.4671278005,residential_17271090660000,construction_year_parcel,NA,TRUE,TRUE,TRUE,1,within_2pct
episode_064,17271290150000_card_1,noncondo_17271290250000,residential_multicard_17271290150000,1,1,2556,17271290150000,2007,TRUE,current_noncondo_parcel,17271290250000,1727129025,2524 S KING DR,2005,-2,295,1,2556,1124,1179160.2476711213,1887595.0928009276,NA,construction_year_parcel,NA,FALSE,TRUE,TRUE,1,within_2pct
episode_064,17271290150000_card_10,noncondo_17271290260000,residential_multicard_17271290150000,10,1,2284,17271290150000,2007,TRUE,current_noncondo_parcel,17271290260000,1727129026,2522 S KING DR,2005,-2,295,1,2284,903,1179158.262633012,1887615.7081443255,NA,construction_year_parcel,NA,FALSE,TRUE,TRUE,1,within_2pct
episode_064,17271290150000_card_11,noncondo_17271290440000,residential_multicard_17271290150000,11,1,1867,17271290150000,2007,TRUE,current_noncondo_parcel,17271290440000,1727129044,2513 S CALUMET AVE,2005,-2,295,1,1867,800,1178953.0285925765,1887681.8900157583,NA,construction_year_parcel,NA,FALSE,TRUE,TRUE,1,within_2pct
episode_064,17271290150000_card_12,noncondo_17271290400000,residential_multicard_17271290150000,12,1,2284,17271290150000,2007,TRUE,current_noncondo_parcel,17271290400000,1727129040,2521 S CALUMET AVE,2005,-2,295,1,2284,907,1178958.2874986243,1887607.9159820783,NA,construction_year_parcel,NA,FALSE,TRUE,TRUE,1,within_2pct
episode_064,17271290150000_card_13,noncondo_17271290270000,residential_multicard_17271290150000,13,1,1945,17271290150000,2007,TRUE,current_noncondo_parcel,17271290270000,1727129027,2520 S KING DR,2005,-2,295,1,1945,908,1179157.641492379,1887637.1766219612,NA,construction_year_parcel,NA,FALSE,TRUE,TRUE,1,within_2pct
episode_064,17271290150000_card_14,noncondo_17271290280000,residential_multicard_17271290150000,14,1,1603,17271290150000,2007,TRUE,current_noncondo_parcel,17271290280000,1727129028,2518 S KING DR,2005,-2,295,1,1603,795,1179160.2925709104,1887655.2361903095,NA,construction_year_parcel,NA,FALSE,TRUE,TRUE,1,within_2pct
episode_064,17271290150000_card_15,noncondo_17271290310000,residential_multicard_17271290150000,15,1,1945,17271290150000,2007,TRUE,current_noncondo_parcel,17271290310000,1727129031,2512 S KING DR,2005,-2,295,1,1945,906,1179155.727906329,1887707.100044374,NA,construction_year_parcel,NA,FALSE,TRUE,TRUE,1,within_2pct
episode_064,17271290150000_card_16,noncondo_17271290320000,residential_multicard_17271290150000,16,1,1945,17271290150000,2007,TRUE,current_noncondo_parcel,17271290320000,1727129032,2510 S KING DR,2005,-2,295,1,1945,906,1179155.0989887018,1887728.605490292,NA,construction_year_parcel,NA,FALSE,TRUE,TRUE,1,within_2pct
episode_064,17271290150000_card_17,noncondo_17271290300000,residential_multicard_17271290150000,17,1,1603,17271290150000,2007,TRUE,current_noncondo_parcel,17271290300000,1727129030,2514 S KING DR,2005,-2,295,1,1603,762,1179159.3417061595,1887689.5931985816,NA,construction_year_parcel,NA,FALSE,TRUE,TRUE,1,within_2pct
episode_064,17271290150000_card_18,noncondo_17271290340000,residential_multicard_17271290150000,18,1,2314,17271290150000,2007,TRUE,current_noncondo_parcel,17271290340000,1727129034,2506 S KING DR,2005,-2,295,1,2314,864,1179155.6037920546,1887763.2630322005,NA,construction_year_parcel,NA,FALSE,TRUE,TRUE,1,within_2pct
episode_064,17271290150000_card_19,noncondo_17271290330000,residential_multicard_17271290150000,19,1,1603,17271290150000,2007,TRUE,current_noncondo_parcel,17271290330000,1727129033,2508 S KING DR,2005,-2,295,1,1603,762,1179157.8046926337,1887746.2942860152,NA,construction_year_parcel,NA,FALSE,TRUE,TRUE,1,within_2pct
episode_064,17271290150000_card_2,noncondo_17271290410000,residential_multicard_17271290150000,2,1,2284,17271290150000,2007,TRUE,current_noncondo_parcel,17271290410000,1727129041,2519 S CALUMET AVE,2005,-2,295,1,2284,908,1178957.7032099406,1887629.3643648815,NA,construction_year_parcel,NA,FALSE,TRUE,TRUE,1,within_2pct
episode_064,17271290150000_card_20,noncondo_17271290360000,residential_multicard_17271290150000,20,1,1641,17271290150000,2007,TRUE,current_noncondo_parcel,17271290360000,1727129036,2502 S KING DR,2008,1,295,1,1641,918,1179156.4037203677,1887799.711882616,residential_17271290360000,construction_year_parcel,NA,TRUE,TRUE,TRUE,1,within_2pct
episode_064,17271290150000_card_21,noncondo_17271290730000,residential_multicard_17271290150000,21,1,2148,17271290150000,2007,TRUE,current_noncondo_parcel,17271290730000,1727129073,352 E EASTGATE PL,2008,1,295,1,2148,1135,1179096.3667573547,1887602.1397272607,residential_17271290730000,construction_year_parcel,NA,TRUE,TRUE,TRUE,1,within_2pct
episode_064,17271290150000_card_22,noncondo_17271290390000,residential_multicard_17271290150000,22,1,2020,17271290150000,2007,TRUE,current_noncondo_parcel,17271290390000,1727129039,2523 S CALUMET AVE,2005,-2,295,1,2020,1133,1178957.4173870008,1887587.200240173,NA,construction_year_parcel,NA,FALSE,TRUE,TRUE,1,within_2pct
episode_064,17271290150000_card_23,noncondo_17271290350000,residential_multicard_17271290150000,23,1,1603,17271290150000,2007,TRUE,current_noncondo_parcel,17271290350000,1727129035,2504 S KING DR,2008,1,295,1,1603,810,1179156.9255339715,1887780.8463651864,residential_17271290350000,construction_year_parcel,NA,TRUE,TRUE,TRUE,1,within_2pct
episode_064,17271290150000_card_24,noncondo_17271290430000,residential_multicard_17271290150000,24,1,2314,17271290150000,2007,TRUE,current_noncondo_parcel,17271290430000,1727129043,2515 S CALUMET AVE,2005,-2,295,1,2314,863,1178955.2795065334,1887664.5905896549,NA,construction_year_parcel,NA,FALSE,TRUE,TRUE,1,within_2pct
episode_064,17271290150000_card_25,noncondo_17271290450000,residential_multicard_17271290150000,25,1,1945,17271290150000,2007,TRUE,current_noncondo_parcel,17271290450000,1727129045,2511 S CALUMET AVE,2005,-2,295,1,1945,911,1178955.7818983905,1887699.9377357292,NA,construction_year_parcel,NA,FALSE,TRUE,TRUE,1,within_2pct
episode_064,17271290150000_card_26,noncondo_17271290420000,residential_multicard_17271290150000,26,1,1603,17271290150000,2007,TRUE,current_noncondo_parcel,17271290420000,1727129042,2517 S CALUMET AVE,2005,-2,295,1,1603,800,1178954.0182751678,1887647.2046364625,NA,construction_year_parcel,NA,FALSE,TRUE,TRUE,1,within_2pct
episode_064,17271290150000_card_27,noncondo_17271290290000,residential_multicard_17271290150000,27,1,1882,17271290150000,2007,TRUE,current_noncondo_parcel,17271290290000,1727129029,2516 S KING DR,2005,-2,295,1,1882,860,1179158.085876814,1887672.5469721912,NA,construction_year_parcel,NA,FALSE,TRUE,TRUE,1,within_2pct
episode_064,17271290150000_card_28,noncondo_17271290470000,residential_multicard_17271290150000,28,1,1603,17271290150000,2007,TRUE,current_noncondo_parcel,17271290470000,1727129047,2507 S CALUMET AVE,2005,-2,295,1,1603,800,1178951.4481870392,1887739.2840869904,NA,construction_year_parcel,NA,FALSE,TRUE,TRUE,1,within_2pct
episode_064,17271290150000_card_29,noncondo_17271290500000,residential_multicard_17271290150000,29,1,1641,17271290150000,2007,TRUE,current_noncondo_parcel,17271290500000,1727129050,2501 S CALUMET AVE,2008,1,295,1,1641,926,1178949.9447763185,1887792.6722497384,residential_17271290500000,construction_year_parcel,NA,TRUE,TRUE,TRUE,1,within_2pct
episode_064,17271290150000_card_3,noncondo_17271290490000,residential_multicard_17271290150000,3,1,1603,17271290150000,2007,TRUE,current_noncondo_parcel,17271290490000,1727129049,2503 S CALUMET AVE,2005,-2,295,1,1603,791,1178950.3274037128,1887774.0094249067,NA,construction_year_parcel,NA,FALSE,TRUE,TRUE,1,within_2pct
episode_064,17271290150000_card_4,noncondo_17271290480000,residential_multicard_17271290150000,4,1,1882,17271290150000,2007,TRUE,current_noncondo_parcel,17271290480000,1727129048,2505 S CALUMET AVE,2005,-2,295,1,1882,871,1178952.8724739854,1887756.7613216536,NA,construction_year_parcel,NA,FALSE,TRUE,TRUE,1,within_2pct
episode_064,17271290150000_card_5,noncondo_17271290690000,residential_multicard_17271290150000,5,1,2092,17271290150000,2007,TRUE,current_noncondo_parcel,17271290690000,1727129069,344 E EASTGATE PL,2005,-2,295,1,2092,1019,1179023.3327953366,1887600.1518801632,NA,construction_year_parcel,NA,FALSE,TRUE,TRUE,1,within_2pct
episode_064,17271290150000_card_6,noncondo_17271290700000,residential_multicard_17271290150000,6,1,1818,17271290150000,2007,TRUE,current_noncondo_parcel,17271290700000,1727129070,346 E EASTGATE PL,2005,-2,295,1,1818,863,1179042.205696149,1887600.6502963956,NA,construction_year_parcel,NA,FALSE,TRUE,TRUE,1,within_2pct
episode_064,17271290150000_card_7,noncondo_17271290710000,residential_multicard_17271290150000,7,1,1867,17271290150000,2007,TRUE,current_noncondo_parcel,17271290710000,1727129071,348 E EASTGATE PL,2005,-2,295,1,1867,777,1179059.2996103591,1887599.4299797136,NA,construction_year_parcel,NA,FALSE,TRUE,TRUE,1,within_2pct
episode_064,17271290150000_card_8,noncondo_17271290720000,residential_multicard_17271290150000,8,1,1818,17271290150000,2007,TRUE,current_noncondo_parcel,17271290720000,1727129072,350 E EASTGATE PL,2005,-2,295,1,1818,861,1179076.2790987422,1887601.5638029329,NA,construction_year_parcel,NA,FALSE,TRUE,TRUE,1,within_2pct
episode_064,17271290150000_card_9,noncondo_17271290460000,residential_multicard_17271290150000,9,1,2284,17271290150000,2007,TRUE,current_noncondo_parcel,17271290460000,1727129046,2509 S CALUMET AVE,2005,-2,295,1,2284,909,1178955.1446877937,1887721.439650896,NA,construction_year_parcel,NA,FALSE,TRUE,TRUE,1,within_2pct
episode_064,17271290200000_card_2,noncondo_17271290760000,residential_multicard_17271290200000,2,1,1760,17271290150000,2007,TRUE,current_noncondo_parcel,17271290760000,1727129076,353 E EASTGATE PL,2005,-2,295,1,1818,861,1179109.7332913235,1887494.1263386093,NA,construction_year_parcel,NA,FALSE,TRUE,TRUE,1.0329545454545455,within_5pct
episode_064,17271290200000_card_3,noncondo_17271290780000,residential_multicard_17271290200000,3,1,1760,17271290150000,2007,TRUE,current_noncondo_parcel,17271290780000,1727129078,357 E EASTGATE PL,2005,-2,295,1,1818,860,1179144.4159772135,1887495.055973153,NA,construction_year_parcel,NA,FALSE,TRUE,TRUE,1.0329545454545455,within_5pct
episode_064,17271290200000_card_4,noncondo_17271290770000,residential_multicard_17271290200000,4,1,1531,17271290150000,2007,TRUE,current_noncondo_parcel,17271290770000,1727129077,355 E EASTGATE PL,2008,1,295,1,1603,802,1179127.0356692106,1887496.2709985955,residential_17271290770000,construction_year_parcel,NA,TRUE,TRUE,TRUE,1.047028086218158,within_5pct
episode_064,17271290200000_card_5,noncondo_17271290680000,residential_multicard_17271290200000,5,1,1717,17271290150000,2007,TRUE,current_noncondo_parcel,17271290680000,1727129068,352 E 25TH PL,2005,-2,295,1,1641,924,1179098.6350351772,1887761.286901808,NA,construction_year_parcel,NA,FALSE,TRUE,TRUE,0.9557367501456028,within_5pct
episode_064,17271290200000_card_6,noncondo_17271290750000,residential_multicard_17271290200000,6,1,2164,17271290150000,2007,TRUE,current_noncondo_parcel,17271290750000,1727129075,351 E EASTGATE PL,2005,-2,295,1,2148,1117,1179089.807838109,1887493.3947307544,NA,construction_year_parcel,NA,FALSE,TRUE,TRUE,0.9926062846580407,within_2pct
episode_065,17271290140000_card_1,noncondo_17271290550000,residential_multicard_17271290140000,1,1,1945,17271290140000,2007,TRUE,current_noncondo_parcel,17271290550000,1727129055,2522 S CALUMET AVE,2005,-2,295,1,1945,915,1178857.3810004934,1887606.301839088,NA,construction_year_parcel,NA,FALSE,TRUE,TRUE,1,within_2pct
episode_065,17271290140000_card_10,noncondo_17271290620000,residential_multicard_17271290140000,10,1,1603,17271290140000,2007,TRUE,current_noncondo_parcel,17271290620000,1727129062,2508 S CALUMET AVE,2005,-2,295,1,1603,769,1178860.2935125935,1887736.7877707216,NA,construction_year_parcel,NA,FALSE,TRUE,TRUE,1,within_2pct
episode_065,17271290140000_card_11,noncondo_17271290580000,residential_multicard_17271290140000,11,1,1882,17271290140000,2007,TRUE,current_noncondo_parcel,17271290580000,1727129058,2516 S CALUMET AVE,2005,-2,295,1,1882,870,1178858.7963750008,1887662.286624998,NA,construction_year_parcel,NA,FALSE,TRUE,TRUE,1,within_2pct
episode_065,17271290140000_card_12,noncondo_17271290640000,residential_multicard_17271290140000,12,1,1603,17271290140000,2007,TRUE,current_noncondo_parcel,17271290640000,1727129064,2504 S CALUMET AVE,2005,-2,295,1,1603,804,1178859.4058649235,1887771.4961863323,NA,construction_year_parcel,NA,FALSE,TRUE,TRUE,1,within_2pct
episode_065,17271290140000_card_13,noncondo_17271290650000,residential_multicard_17271290140000,13,1,1641,17271290140000,2007,TRUE,current_noncondo_parcel,17271290650000,1727129065,2502 S CALUMET AVE,2008,1,295,1,1641,926,1178858.8826108966,1887790.208954127,residential_17271290650000,construction_year_parcel,NA,TRUE,TRUE,TRUE,1,within_2pct
episode_065,17271290140000_card_2,noncondo_17271290530000,residential_multicard_17271290140000,2,1,2628,17271290140000,2007,TRUE,current_noncondo_parcel,17271290530000,1727129053,2526 S CALUMET AVE,2005,-2,295,1,2628,1084,1178858.132107905,1887568.7590440349,NA,construction_year_parcel,NA,FALSE,TRUE,TRUE,1,within_2pct
episode_065,17271290140000_card_3,noncondo_17271290560000,residential_multicard_17271290140000,3,1,2314,17271290140000,2007,TRUE,current_noncondo_parcel,17271290560000,1727129056,2520 S CALUMET AVE,2005,-2,295,1,2360,910,1178857.3751178477,1887627.7539492808,NA,construction_year_parcel,NA,FALSE,TRUE,TRUE,1.0198789974070872,within_2pct
episode_065,17271290140000_card_4,noncondo_17271290600000,residential_multicard_17271290140000,4,1,2284,17271290140000,2007,TRUE,current_noncondo_parcel,17271290600000,1727129060,2512 S CALUMET AVE,2005,-2,295,1,2284,916,1178857.3822140489,1887696.9248669175,NA,construction_year_parcel,NA,FALSE,TRUE,TRUE,1,within_2pct
episode_065,17271290140000_card_5,noncondo_17271290570000,residential_multicard_17271290140000,5,1,1867,17271290140000,2007,TRUE,current_noncondo_parcel,17271290570000,1727129057,2518 S CALUMET AVE,2005,-2,295,1,1867,767,1178860.521616607,1887645.281759329,NA,construction_year_parcel,NA,FALSE,TRUE,TRUE,1,within_2pct
episode_065,17271290140000_card_6,noncondo_17271290630000,residential_multicard_17271290140000,6,1,1882,17271290140000,2007,TRUE,current_noncondo_parcel,17271290630000,1727129063,2506 S CALUMET AVE,2005,-2,295,1,1882,885,1178858.0548969707,1887753.904672942,NA,construction_year_parcel,NA,FALSE,TRUE,TRUE,1,within_2pct
episode_065,17271290140000_card_7,noncondo_17271290590000,residential_multicard_17271290140000,7,1,1867,17271290140000,2007,TRUE,current_noncondo_parcel,17271290590000,1727129059,2514 S CALUMET AVE,2005,-2,295,1,1867,769,1178860.5314260933,1887679.316606221,NA,construction_year_parcel,NA,FALSE,TRUE,TRUE,1,within_2pct
episode_065,17271290140000_card_8,noncondo_17271290610000,residential_multicard_17271290140000,8,1,2284,17271290140000,2007,TRUE,current_noncondo_parcel,17271290610000,1727129061,2510 S CALUMET AVE,2009,2,295,1,2284,951,1178857.7333410392,1887718.7949020755,residential_17271290610000,construction_year_parcel,NA,FALSE,TRUE,TRUE,1,within_2pct
episode_065,17271290140000_card_9,noncondo_17271290540000,residential_multicard_17271290140000,9,1,2284,17271290140000,2007,TRUE,current_noncondo_parcel,17271290540000,1727129054,2524 S CALUMET AVE,2005,-2,295,1,2314,862,1178858.7863750013,1887588.3369999975,NA,construction_year_parcel,NA,FALSE,TRUE,TRUE,1.0131348511383538,within_2pct
episode_066,17271290980000_card_1,noncondo_17271290990000,residential_multicard_17271290980000,1,1,2556,17271290160000,2007,TRUE,current_noncondo_parcel,17271290990000,1727129099,306 E 25TH PL,2008,1,295,1,2556,1047,1178567.5155102734,1887700.9719939297,residential_17271290990000,accepted_adjacent_year_parcel,NA,TRUE,TRUE,TRUE,1,within_2pct
episode_066,17271290980000_card_2,noncondo_17271291050000,residential_multicard_17271290980000,2,1,1738,17271290160000,2007,TRUE,current_noncondo_parcel,17271291050000,1727129105,339 E 25TH ST,2008,1,295,1,1738,871,1178763.6610667391,1887777.0299260416,residential_17271291050000,accepted_adjacent_year_parcel,NA,TRUE,TRUE,TRUE,1,within_2pct
episode_066,17271290980000_card_3,noncondo_17271291060000,residential_multicard_17271290980000,3,1,1738,17271290160000,2007,TRUE,current_noncondo_parcel,17271291060000,1727129106,341 E 25TH ST,2008,1,295,1,1738,872,1178780.9793719978,1887777.5115566489,residential_17271291060000,accepted_adjacent_year_parcel,NA,TRUE,TRUE,TRUE,1,within_2pct
episode_066,17271290980000_card_4,noncondo_17271291000000,residential_multicard_17271290980000,4,1,1921,17271290160000,2007,TRUE,current_noncondo_parcel,17271291000000,1727129100,308 E 25TH PL,2008,1,295,1,1921,896,1178586.2972032188,1887701.1214414951,residential_17271291000000,accepted_adjacent_year_parcel,NA,TRUE,TRUE,TRUE,1,within_2pct
episode_066,17271290980000_card_5,noncondo_17271291030000,residential_multicard_17271290980000,5,1,2556,17271290160000,2007,TRUE,current_noncondo_parcel,17271291030000,1727129103,338 E 25TH PL,2008,1,295,1,2556,1066,1178802.5986107823,1887707.0788204405,residential_17271291030000,accepted_adjacent_year_parcel,NA,TRUE,TRUE,TRUE,1,within_2pct
episode_066,17271290980000_card_6,noncondo_17271291020000,residential_multicard_17271290980000,6,1,1921,17271290160000,2007,TRUE,current_noncondo_parcel,17271291020000,1727129102,336 E 25TH PL,2008,1,295,1,1921,901,1178783.6128143969,1887706.5489380455,residential_17271291020000,accepted_adjacent_year_parcel,NA,TRUE,TRUE,TRUE,1,within_2pct
episode_066,17271290980000_card_7,noncondo_17271291010000,residential_multicard_17271290980000,7,1,2500,17271290980000,2008,FALSE,current_noncondo_parcel,17271291010000,1727129101,334 E 25TH PL,2010,2,295,1,2500,1034,1178764.9348062195,1887706.0350068132,residential_17271291010000,construction_year_parcel,NA,FALSE,TRUE,TRUE,1,within_2pct
episode_066,17271290980000_card_8,noncondo_17271291040000,residential_multicard_17271290980000,8,1,1921,17271290160000,2007,TRUE,current_noncondo_parcel,17271291040000,1727129104,337 E 25TH ST,2008,1,295,1,1921,873,1178746.3452537898,1887776.545881536,residential_17271291040000,accepted_adjacent_year_parcel,NA,TRUE,TRUE,TRUE,1,within_2pct
episode_066,17271290980000_card_9,noncondo_17271291070000,residential_multicard_17271290980000,9,1,2556,17271290160000,2007,TRUE,current_noncondo_parcel,17271291070000,1727129107,343 E 25TH ST,2008,1,295,1,2556,1074,1178800.3187081048,1887777.7814002433,residential_17271291070000,accepted_adjacent_year_parcel,NA,TRUE,TRUE,TRUE,1,within_2pct
episode_067,17294020010000_card_1,noncondo_17294020410000,residential_multicard_17294020010000,1,1,1876,17294020010000,2018,FALSE,current_noncondo_parcel,17294020410000,1729402041,2579 S HILLOCK AVE,2019,1,207,1,1880,2461,1168916.3415220962,1886987.8454850416,residential_17294020410000,construction_year_parcel,NA,TRUE,TRUE,TRUE,1.0021321961620469,within_2pct
episode_067,17294020010000_card_2,noncondo_17294020420000,residential_multicard_17294020010000,2,1,1876,17294020010000,2018,FALSE,current_noncondo_parcel,17294020420000,1729402042,2575 S HILLOCK AVE,2019,1,207,1,1880,2461,1168936.8865213944,1887001.4118077443,residential_17294020420000,construction_year_parcel,NA,TRUE,TRUE,TRUE,1.0021321961620469,within_2pct
episode_067,17294020010000_card_3,noncondo_17294020430000,residential_multicard_17294020010000,3,1,1876,17294020010000,2018,FALSE,current_noncondo_parcel,17294020430000,1729402043,2573 S HILLOCK AVE,2019,1,207,1,1880,2461,1168957.4317717445,1887014.9778963951,residential_17294020430000,construction_year_parcel,NA,TRUE,TRUE,TRUE,1.0021321961620469,within_2pct
episode_067,17294020010000_card_4,noncondo_17294020440000,residential_multicard_17294020010000,4,1,1876,17294020010000,2018,FALSE,current_noncondo_parcel,17294020440000,1729402044,2571 S HILLOCK AVE,2019,1,207,1,1880,2461,1168977.9770217454,1887028.5440213943,residential_17294020440000,construction_year_parcel,NA,TRUE,TRUE,TRUE,1.0021321961620469,within_2pct
episode_067,17294020010000_card_5,noncondo_17294020450000,residential_multicard_17294020010000,5,1,1876,17294020010000,2018,FALSE,current_noncondo_parcel,17294020450000,1729402045,2569 S HILLOCK AVE,2019,1,207,1,1880,2461,1168998.5220645329,1887042.1102618864,residential_17294020450000,construction_year_parcel,NA,TRUE,TRUE,TRUE,1.0021321961620469,within_2pct
episode_067,17294020010000_card_6,noncondo_17294020460000,residential_multicard_17294020010000,6,1,1876,17294020010000,2018,FALSE,current_noncondo_parcel,17294020460000,1729402046,2565 S HILLOCK AVE,2019,1,207,1,1880,2461,1169019.0672717453,1887055.676271394,residential_17294020460000,construction_year_parcel,NA,TRUE,TRUE,TRUE,1.0021321961620469,within_2pct
episode_067,17294020010000_card_7,noncondo_17294020470000,residential_multicard_17294020010000,7,1,1876,17294020010000,2018,FALSE,current_noncondo_parcel,17294020470000,1729402047,2563 S HILLOCK AVE,2019,1,207,1,1880,2461,1169039.6123963946,1887069.2424327463,residential_17294020470000,construction_year_parcel,NA,TRUE,TRUE,TRUE,1.0021321961620469,within_2pct
episode_068,17311230010000_card_1,noncondo_17311230650000,residential_multicard_17311230010000,1,1,1755,17311230010000,2014,TRUE,current_noncondo_parcel,17311230650000,1731123065,2061 W 34TH ST,2014,0,295,1,1755,1537,1162956.1908487608,1882061.8404177811,residential_17311230650000,construction_year_parcel,NA,TRUE,TRUE,TRUE,1,within_2pct
episode_068,17311230010000_card_2,noncondo_17311230670000,residential_multicard_17311230010000,2,1,1755,17311230010000,2014,TRUE,current_noncondo_parcel,17311230670000,1731123067,2055 W 34TH ST,2014,0,295,1,1755,1131,1163006.2988195706,1882062.4325265717,residential_17311230670000,construction_year_parcel,NA,TRUE,TRUE,TRUE,1,within_2pct
episode_068,17311230010000_card_3,noncondo_17311230660000,residential_multicard_17311230010000,3,1,1742,17311230010000,2014,TRUE,current_noncondo_parcel,17311230660000,1731123066,2059 W 34TH ST,2014,0,295,1,1742,1101,1162983.4734126397,1882062.1708060151,residential_17311230660000,construction_year_parcel,NA,TRUE,TRUE,TRUE,1,within_2pct
episode_068,17311230010000_card_4,noncondo_17311230690000,residential_multicard_17311230010000,4,1,1755,17311230010000,2014,TRUE,current_noncondo_parcel,17311230690000,1731123069,2049 W 34TH ST,2014,0,295,1,1755,1158,1163052.052275615,1882062.925966523,residential_17311230690000,construction_year_parcel,NA,TRUE,TRUE,TRUE,1,within_2pct
episode_068,17311230010000_card_5,noncondo_17311230680000,residential_multicard_17311230010000,5,1,1742,17311230010000,2014,TRUE,current_noncondo_parcel,17311230680000,1731123068,2053 W 34TH ST,2014,0,295,1,1742,1130,1163029.1694563327,1882062.6790982825,residential_17311230680000,construction_year_parcel,NA,TRUE,TRUE,TRUE,1,within_2pct
episode_068,17311230010000_card_6,noncondo_17311230700000,residential_multicard_17311230010000,6,1,1755,17311230010000,2014,TRUE,current_noncondo_parcel,17311230700000,1731123070,2047 W 34TH ST,2014,0,295,1,1755,1173,1163075.1035724347,1882063.1893145735,residential_17311230700000,construction_year_parcel,NA,TRUE,TRUE,TRUE,1,within_2pct
episode_068,17311230010000_card_7,noncondo_17311230710000,residential_multicard_17311230010000,7,1,1755,17311230010000,2014,TRUE,current_noncondo_parcel,17311230710000,1731123071,3407 S HOYNE AVE,2014,0,295,1,1755,1170,1162968.228061508,1882004.7071380697,residential_17311230710000,construction_year_parcel,NA,TRUE,TRUE,TRUE,1,within_2pct
episode_068,17311230010000_card_8,noncondo_17311230720000,residential_multicard_17311230010000,8,1,1742,17311230010000,2014,TRUE,current_noncondo_parcel,17311230720000,1731123072,3409 S HOYNE AVE,2014,0,295,1,1742,1124,1162968.5832320189,1881982.7390953351,residential_17311230720000,construction_year_parcel,NA,TRUE,TRUE,TRUE,1,within_2pct
episode_068,17311230010000_card_9,noncondo_17311230730000,residential_multicard_17311230010000,9,1,1771,17311230010000,2014,TRUE,current_noncondo_parcel,17311230730000,1731123073,3411 S HOYNE AVE,2014,0,295,1,1771,1201,1162969.6606838068,1881960.7563961265,residential_17311230730000,construction_year_parcel,NA,TRUE,TRUE,TRUE,1,within_2pct
episode_069,17312170200000_card_1,noncondo_17312170280000,residential_multicard_17312170200000,1,1,2780,17312170200000,2017,TRUE,current_noncondo_parcel,17312170280000,1731217028,1822 W 33RD PL,2018,1,278,1,2780,2596,1164631.936090329,1882580.8855107657,residential_17312170280000,construction_year_parcel,NA,TRUE,TRUE,TRUE,1,within_2pct
episode_069,17312170200000_card_2,noncondo_17312170290000,residential_multicard_17312170200000,2,1,2780,17312170200000,2017,TRUE,current_noncondo_parcel,17312170290000,1731217029,1820 W 33RD PL,2018,1,278,1,2780,3056,1164656.700854482,1882590.5648014396,residential_17312170290000,construction_year_parcel,NA,TRUE,TRUE,TRUE,1,within_2pct
episode_069,17312170200000_card_3,noncondo_17312170300000,residential_multicard_17312170200000,3,1,2780,17312170200000,2017,TRUE,current_noncondo_parcel,17312170300000,1731217030,1816 W 33RD PL,2018,1,278,1,2780,3151,1164681.6247264063,1882592.938362988,residential_17312170300000,construction_year_parcel,NA,TRUE,TRUE,TRUE,1,within_2pct
episode_069,17312170200000_card_4,noncondo_17312170310000,residential_multicard_17312170200000,4,1,2780,17312170200000,2017,TRUE,current_noncondo_parcel,17312170310000,1731217031,1814 W 33RD PL,2018,1,278,1,2780,3148,1164706.8200000003,1882593.5700000003,residential_17312170310000,construction_year_parcel,NA,TRUE,TRUE,TRUE,1,within_2pct
episode_070,17313050350000_card_1,noncondo_17313050370000,residential_multicard_17313050350000,1,1,1656,17313050350000,2013,FALSE,current_noncondo_parcel,17313050370000,1731305037,3559 S HAMILTON AVE A,2012,-1,295,1,1620,1561,1162670.219814447,1880831.0754559145,residential_17313050370000,construction_year_parcel,NA,TRUE,TRUE,TRUE,0.9782608695652174,within_5pct
episode_070,17313050350000_card_2,noncondo_17313050380000,residential_multicard_17313050350000,2,1,1656,17313050350000,2013,FALSE,current_noncondo_parcel,17313050380000,1731305038,3559 S HAMILTON AVE B,2012,-1,295,1,1620,1568,1162727.9950013496,1880833.521360132,residential_17313050380000,construction_year_parcel,NA,TRUE,TRUE,TRUE,0.9782608695652174,within_5pct
episode_071,17313100010000_card_1,noncondo_17313100310000,residential_multicard_17313100010000,1,1,1588,17313100010000,2006,FALSE,current_noncondo_parcel,17313100310000,1731310031,3535 S OAKLEY AVE,2007,1,295,1,1588,1088,1161671.561416743,1881049.962144208,residential_17313100310000,construction_year_parcel,NA,TRUE,TRUE,TRUE,1,within_2pct
episode_071,17313100010000_card_2,noncondo_17313100320000,residential_multicard_17313100010000,2,1,1588,17313100010000,2006,FALSE,current_noncondo_parcel,17313100320000,1731310032,3537 S OAKLEY AVE,2007,1,295,1,1588,921,1161672.0244252952,1881028.152045632,residential_17313100320000,construction_year_parcel,NA,TRUE,TRUE,TRUE,1,within_2pct
episode_071,17313100010000_card_3,noncondo_17313100330000,residential_multicard_17313100010000,3,1,1588,17313100010000,2006,FALSE,current_noncondo_parcel,17313100330000,1731310033,3539 S OAKLEY AVE,2007,1,295,1,1588,921,1161672.4486250016,1881008.1564999984,residential_17313100330000,construction_year_parcel,NA,TRUE,TRUE,TRUE,1,within_2pct
episode_071,17313100010000_card_4,noncondo_17313100340000,residential_multicard_17313100010000,4,1,1588,17313100010000,2006,FALSE,current_noncondo_parcel,17313100340000,1731310034,3541 S OAKLEY AVE,2007,1,295,1,1588,921,1161672.8729205492,1880988.161081739,residential_17313100340000,construction_year_parcel,NA,TRUE,TRUE,TRUE,1,within_2pct
episode_071,17313100010000_card_5,noncondo_17313100350000,residential_multicard_17313100010000,5,1,1588,17313100010000,2006,FALSE,current_noncondo_parcel,17313100350000,1731310035,3543 S OAKLEY AVE,2007,1,295,1,1588,921,1161673.297140764,1880968.165552285,residential_17313100350000,construction_year_parcel,NA,TRUE,TRUE,TRUE,1,within_2pct
episode_071,17313100010000_card_6,noncondo_17313100360000,residential_multicard_17313100010000,6,1,1588,17313100010000,2006,FALSE,current_noncondo_parcel,17313100360000,1731310036,3545 S OAKLEY AVE,2007,1,295,1,1588,921,1161673.7213270778,1880948.1700613145,residential_17313100360000,construction_year_parcel,NA,TRUE,TRUE,TRUE,1,within_2pct
episode_071,17313100010000_card_7,noncondo_17313100370000,residential_multicard_17313100010000,7,1,1588,17313100010000,2006,FALSE,current_noncondo_parcel,17313100370000,1731310037,3547 S OAKLEY AVE,2007,1,295,1,1588,950,1161674.1524679174,1880927.859627325,residential_17313100370000,construction_year_parcel,NA,TRUE,TRUE,TRUE,1,within_2pct
episode_071,17313100010000_card_8,noncondo_17313100380000,residential_multicard_17313100010000,8,1,1588,17313100010000,2006,FALSE,current_noncondo_parcel,17313100380000,1731310038,2243 W 35TH PL,2007,1,295,1,1588,939,1161807.7917825903,1881034.2702832173,residential_17313100380000,construction_year_parcel,NA,TRUE,TRUE,TRUE,1,within_2pct
episode_072,17313120190000_card_1,noncondo_17313120360000,residential_multicard_17313120190000,1,1,1911,17313120190000,2008,FALSE,current_noncondo_parcel,17313120360000,1731312036,3621 S BLAKE ST,2008,0,295,1,1727,1725,1162104.1880083168,1880401.3642754983,residential_17313120360000,construction_year_parcel,NA,TRUE,TRUE,TRUE,0.9037153322867608,within_10pct
episode_072,17313120190000_card_2,noncondo_17313120370000,residential_multicard_17313120190000,2,1,1911,17313120190000,2008,FALSE,current_noncondo_parcel,17313120370000,1731312037,3619 S BLAKE ST,2008,0,295,1,1727,3670,1162110.1712140716,1880437.6508496408,residential_17313120370000,construction_year_parcel,NA,TRUE,TRUE,TRUE,0.9037153322867608,within_10pct
episode_073,17344230090000_card_1,noncondo_17344230170000,residential_multicard_17344230090000,1,1,2044,17344230090000,2006,FALSE,current_noncondo_parcel,17344230170000,1734423017,723 E 38TH ST,2006,0,295,1,2090,2353,1181689.894561263,1879856.574706754,residential_17344230170000,construction_year_parcel,NA,TRUE,TRUE,TRUE,1.022504892367906,within_5pct
episode_073,17344230090000_card_2,noncondo_17344230190000,residential_multicard_17344230090000,2,1,1987,17344230090000,2006,FALSE,current_noncondo_parcel,17344230190000,1734423019,719 E 38TH ST,2006,0,295,1,2023,2345,1181653.7442639307,1879852.994393996,residential_17344230190000,construction_year_parcel,NA,TRUE,TRUE,TRUE,1.0181177654755913,within_2pct
episode_073,17344230090000_card_3,noncondo_17344230200000,residential_multicard_17344230090000,3,1,1987,17344230090000,2006,FALSE,current_noncondo_parcel,17344230200000,1734423020,717 E 38TH ST,2006,0,295,1,2023,2947,1181632.6931612494,1879847.9018330744,residential_17344230200000,construction_year_parcel,NA,TRUE,TRUE,TRUE,1.0181177654755913,within_2pct
episode_073,17344230090000_card_4,noncondo_17344230180000,residential_multicard_17344230090000,4,1,1987,17344230090000,2006,FALSE,current_noncondo_parcel,17344230180000,1734423018,721 E 38TH ST,2006,0,295,1,2023,2089,1181671.7742180072,1879854.8709479608,residential_17344230180000,construction_year_parcel,NA,TRUE,TRUE,TRUE,1.0181177654755913,within_2pct
episode_073,17344230090000_card_5,noncondo_17344230160000,residential_multicard_17344230090000,5,1,2044,17344230090000,2006,FALSE,current_noncondo_parcel,17344230160000,1734423016,725 E 38TH ST,2006,0,295,1,2090,2737,1181710.5382180938,1879859.5121603168,residential_17344230160000,construction_year_parcel,NA,TRUE,TRUE,TRUE,1.022504892367906,within_5pct
episode_074,17344240080000_card_1,noncondo_17344240150000,residential_multicard_17344240080000,1,1,1912,17344240080000,2006,FALSE,current_noncondo_parcel,17344240150000,1734424015,714 E PERSHING RD,2006,0,295,1,1912,3073,1181642.871909157,1879358.6523899487,residential_17344240150000,construction_year_parcel,NA,TRUE,TRUE,TRUE,1,within_2pct
episode_074,17344240080000_card_2,noncondo_17344240140000,residential_multicard_17344240080000,2,1,2130,17344240080000,2006,FALSE,current_noncondo_parcel,17344240140000,1734424014,712 E PERSHING RD,2006,0,295,1,2130,4205,1181614.433617252,1879357.8247751887,residential_17344240140000,construction_year_parcel,NA,TRUE,TRUE,TRUE,1,within_2pct
episode_075,17344240070000_card_1,noncondo_17344240180000,residential_multicard_17344240070000,1,1,2223,17344240070000,2006,FALSE,current_noncondo_parcel,17344240180000,1734424018,718 E PERSHING RD,2006,0,295,1,2223,3083,1181690.85237354,1879360.0447797168,residential_17344240180000,construction_year_parcel,NA,TRUE,TRUE,TRUE,1,within_2pct
episode_075,17344240070000_card_2,noncondo_17344240160000,residential_multicard_17344240070000,2,1,2026,17344240070000,2006,FALSE,current_noncondo_parcel,17344240160000,1734424016,716 E PERSHING RD,2006,0,295,1,2026,3078,1181666.8616273513,1879359.3517064056,residential_17344240160000,construction_year_parcel,NA,TRUE,TRUE,TRUE,1,within_2pct
episode_076,17344240060000_card_1,noncondo_17344240200000,residential_multicard_17344240060000,1,1,2090,17344240060000,2006,FALSE,current_noncondo_parcel,17344240200000,1734424020,722 E PERSHING RD,2006,0,295,1,2090,3085,1181738.8347193173,1879361.304779144,residential_17344240200000,construction_year_parcel,NA,TRUE,TRUE,TRUE,1,within_2pct
episode_076,17344240060000_card_2,noncondo_17344240190000,residential_multicard_17344240060000,2,1,2223,17344240060000,2006,FALSE,current_noncondo_parcel,17344240190000,1734424019,720 E PERSHING RD,2006,0,295,1,2223,3083,1181714.8439536367,1879360.6606588135,residential_17344240190000,construction_year_parcel,NA,TRUE,TRUE,TRUE,1,within_2pct
episode_077,19111200130000_card_1,noncondo_19111210260000,residential_multicard_19111200130000,1,1,2797,19111200130000,2006,TRUE,current_noncondo_parcel,19111210260000,1911121026,3640 W 51ST ST,2008,2,204,1,2797,6761,1152840.9899539598,1870660.9737942624,residential_19111210260000,construction_year_parcel,NA,FALSE,TRUE,TRUE,1,within_2pct
episode_077,19111200130000_card_2,noncondo_19111210240000,residential_multicard_19111200130000,2,1,1864,19111200130000,2006,TRUE,current_noncondo_parcel,19111210240000,1911121024,3642 W 51ST ST,2007,1,207,1,1852,3386,1152774.5985699596,1870659.043244221,residential_19111210240000,construction_year_parcel,NA,TRUE,TRUE,TRUE,0.9935622317596566,within_2pct
episode_077,19111200130000_card_3,noncondo_19111230180000,residential_multicard_19111200130000,3,1,1804,19111200130000,2006,TRUE,current_noncondo_parcel,19111230180000,1911123018,3621 W 50TH ST,2007,1,295,1,1804,942,1152980.8532957945,1870701.277252578,residential_19111230180000,construction_year_parcel,NA,TRUE,TRUE,TRUE,1,within_2pct
episode_077,19111200130000_card_4,noncondo_19111230170000,residential_multicard_19111200130000,4,1,1865,19111200130000,2006,TRUE,current_noncondo_parcel,19111230170000,1911123017,3619 W 50TH ST,2007,1,295,1,1867,1157,1152999.9211370768,1870701.8323599903,residential_19111230170000,construction_year_parcel,NA,TRUE,TRUE,TRUE,1.0010723860589812,within_2pct
episode_077,19111200130000_card_5,noncondo_19111210220000,residential_multicard_19111200130000,5,1,1880,19111200130000,2006,TRUE,current_noncondo_parcel,19111210220000,1911121022,3646 W 51ST ST,2007,1,207,1,1878,3418,1152721.2809598956,1870657.5436742036,residential_19111210220000,construction_year_parcel,NA,TRUE,TRUE,TRUE,0.9989361702127659,within_2pct
episode_077,19111200130000_card_6,noncondo_19111230020000,residential_multicard_19111200130000,6,1,1784,19111200130000,2006,TRUE,current_noncondo_parcel,19111230020000,1911123002,3620 W 51ST ST,2007,1,207,1,1784,2020,1152987.9432507085,1870629.5206976195,residential_19111230020000,construction_year_parcel,NA,TRUE,TRUE,TRUE,1,within_2pct
episode_077,19111200130000_card_7,noncondo_19111210230000,residential_multicard_19111200130000,7,1,1759,19111200130000,2006,TRUE,current_noncondo_parcel,19111210230000,1911121023,3644 W 51ST ST,2007,1,207,1,1759,3385,1152748.0097453145,1870658.2971974944,residential_19111210230000,construction_year_parcel,NA,TRUE,TRUE,TRUE,1,within_2pct
episode_077,19111230100000_card_1,noncondo_19111230130000,residential_multicard_19111230100000,1,1,1743,19111200130000,2006,TRUE,current_noncondo_parcel,19111230130000,1911123013,3609 W 50TH PL,2007,1,295,1,1743,1117,1153080.64692798,1870704.2037419784,residential_19111230130000,construction_year_parcel,NA,TRUE,TRUE,TRUE,1,within_2pct
episode_077,19111230100000_card_2,noncondo_19111230140000,residential_multicard_19111230100000,2,1,1920,19111200130000,2006,TRUE,current_noncondo_parcel,19111230140000,1911123014,3611 W 50TH PL,2007,1,295,1,1920,1040,1153061.0461461777,1870703.628526523,residential_19111230140000,construction_year_parcel,NA,TRUE,TRUE,TRUE,1,within_2pct
episode_077,19111230100000_card_3,noncondo_19111230030000,residential_multicard_19111230100000,3,1,1728,19111200130000,2006,TRUE,current_noncondo_parcel,19111230030000,1911123003,3618 W 51ST ST,2007,1,207,1,1726,2023,1153023.4514827305,1870630.5179419017,residential_19111230030000,construction_year_parcel,NA,TRUE,TRUE,TRUE,0.9988425925925926,within_2pct
episode_077,19111230100000_card_4,noncondo_19111230160000,residential_multicard_19111230100000,4,1,1935,19111200130000,2006,TRUE,current_noncondo_parcel,19111230160000,1911123016,3617 W 50TH PL,2007,1,295,1,1935,1338,1153022.591620334,1870702.4981661849,residential_19111230160000,construction_year_parcel,NA,TRUE,TRUE,TRUE,1,within_2pct
episode_077,19111230110000_card_1,noncondo_19111230200000,residential_multicard_19111230110000,1,1,1880,19111200130000,2006,TRUE,current_noncondo_parcel,19111230200000,1911123020,3625 W 50TH ST,2007,1,295,1,2007,1158,1152943.0849833875,1870700.1586137337,residential_19111230200000,construction_year_parcel,NA,TRUE,TRUE,TRUE,1.0675531914893617,within_10pct
episode_077,19111230110000_card_3,noncondo_19111230150000,residential_multicard_19111230110000,3,1,1804,19111200130000,2006,TRUE,current_noncondo_parcel,19111230150000,1911123015,3615 W 50TH PL,2007,1,295,1,1728,927,1153043.1738881343,1870703.1019994956,residential_19111230150000,construction_year_parcel,NA,TRUE,TRUE,TRUE,0.9578713968957872,within_5pct
episode_077,19111230110000_card_4,noncondo_19111230190000,residential_multicard_19111230110000,4,1,1865,19111200130000,2006,TRUE,current_noncondo_parcel,19111230190000,1911123019,3623 W 50TH ST,2007,1,295,1,1867,1028,1152962.950208302,1870700.7464461552,residential_19111230190000,construction_year_parcel,NA,TRUE,TRUE,TRUE,1.0010723860589812,within_2pct
episode_078,19174190410000_card_1,noncondo_19174190420000,residential_multicard_19174190410000,1,1,1448,19174190410000,2006,FALSE,current_noncondo_parcel,19174190420000,1917419042,6155 S MONITOR AVE,2007,1,234,1,1448,3759,1138563.8652410377,1862926.6496089175,residential_19174190420000,construction_year_parcel,NA,TRUE,TRUE,TRUE,1,within_2pct
episode_078,19174190410000_card_2,noncondo_19174190430000,residential_multicard_19174190410000,2,1,1448,19174190410000,2006,FALSE,current_noncondo_parcel,19174190430000,1917419043,6159 S MONITOR AVE,2007,1,234,1,1448,3760,1138564.9499070426,1862896.670069266,residential_19174190430000,construction_year_parcel,NA,TRUE,TRUE,TRUE,1,within_2pct
episode_079,19174270420000_card_1,noncondo_19174270430000,residential_multicard_19174270420000,1,1,2785,19174270420000,2006,FALSE,current_noncondo_parcel,19174270430000,1917427043,6201 S MONITOR AVE,2007,1,278,1,2785,4547,1138568.5408803646,1862797.6346755745,residential_19174270430000,construction_year_parcel,NA,TRUE,TRUE,TRUE,1,within_2pct
episode_079,19174270420000_card_2,noncondo_19174270440000,residential_multicard_19174270420000,2,1,2771,19174270420000,2006,FALSE,current_noncondo_parcel,19174270440000,1917427044,6203 S MONITOR AVE,2007,1,278,1,2771,4494,1138569.8400727818,1862761.5999400732,residential_19174270440000,construction_year_parcel,NA,TRUE,TRUE,TRUE,1,within_2pct
episode_080,20023000260000_card_1,noncondo_20023000460000,residential_multicard_20023000260000,1,1,2149,20023000260000,2017,FALSE,current_noncondo_parcel,20023000460000,2002300046,4302 S DREXEL BLVD,2019,2,295,1,1848,3101,1182825.3320843012,1876641.0689759396,residential_20023000460000,construction_year_parcel,NA,FALSE,TRUE,TRUE,0.8599348534201955,within_35pct
episode_080,20023000260000_card_10,noncondo_20023000470000,residential_multicard_20023000260000,10,1,2149,20023000260000,2017,FALSE,current_noncondo_parcel,20023000470000,2002300047,4302 S DREXEL BLVD,2018,1,295,1,1809,2325,1182825.9139230473,1876617.271127035,residential_20023000470000,construction_year_parcel,NA,TRUE,TRUE,TRUE,0.8417868776174965,within_35pct
episode_080,20023000260000_card_2,noncondo_20023000480000,residential_multicard_20023000260000,2,1,2149,20023000260000,2017,FALSE,current_noncondo_parcel,20023000480000,2002300048,4306 S DREXEL BLVD,2018,1,295,1,1829,2329,1182826.3490776331,1876596.85959505,residential_20023000480000,construction_year_parcel,NA,TRUE,TRUE,TRUE,0.8510935318752908,within_35pct
episode_080,20023000260000_card_3,noncondo_20023000490000,residential_multicard_20023000260000,3,1,2149,20023000260000,2017,FALSE,current_noncondo_parcel,20023000490000,2002300049,4306 S DREXEL BLVD,2018,1,295,1,1786,2349,1182826.9655337073,1876576.3486587333,residential_20023000490000,construction_year_parcel,NA,TRUE,TRUE,TRUE,0.8310842252210331,within_35pct
episode_080,20023000260000_card_4,noncondo_20023000500000,residential_multicard_20023000260000,4,1,2149,20023000260000,2017,FALSE,current_noncondo_parcel,20023000500000,2002300050,4310 S DREXEL BLVD,2018,1,295,1,1775,2333,1182827.423798683,1876555.8153010467,residential_20023000500000,construction_year_parcel,NA,TRUE,TRUE,TRUE,0.8259655653792461,within_35pct
episode_080,20023000260000_card_5,noncondo_20023000510000,residential_multicard_20023000260000,5,1,2149,20023000260000,2017,FALSE,current_noncondo_parcel,20023000510000,2002300051,4310 S DREXEL BLVD,2018,1,295,1,1786,2317,1182827.9118096472,1876535.4215036472,residential_20023000510000,construction_year_parcel,NA,TRUE,TRUE,TRUE,0.8310842252210331,within_35pct
episode_080,20023000260000_card_6,noncondo_20023000530000,residential_multicard_20023000260000,6,1,2149,20023000260000,2017,FALSE,current_noncondo_parcel,20023000530000,2002300053,4318 S DREXEL BLVD,2018,1,295,1,1809,2325,1182828.9129999974,1876494.4186249988,residential_20023000530000,construction_year_parcel,NA,TRUE,TRUE,TRUE,0.8417868776174965,within_35pct
episode_080,20023000260000_card_7,noncondo_20023000540000,residential_multicard_20023000260000,7,1,2149,20023000260000,2017,FALSE,current_noncondo_parcel,20023000540000,2002300054,4318 S DREXEL BLVD,2018,1,295,1,1837,3166,1182829.5009957068,1876470.3358850512,residential_20023000540000,construction_year_parcel,NA,TRUE,TRUE,TRUE,0.8548161935784085,within_35pct
episode_081,20023050210000_card_1,noncondo_20023050230000,residential_multicard_20023050210000,1,1,2148,20023050210000,2006,FALSE,current_noncondo_parcel,20023050230000,2002305023,4450 S DREXEL BLVD,2007,1,295,1,2148,2518,1182877.8125521047,1875483.758480903,residential_20023050230000,construction_year_parcel,NA,TRUE,TRUE,TRUE,1,within_2pct
episode_081,20023050210000_card_2,noncondo_20023050240000,residential_multicard_20023050210000,2,1,2046,20023050210000,2006,FALSE,current_noncondo_parcel,20023050240000,2002305024,4454 S DREXEL BLVD,2007,1,295,1,2046,3028,1182890.3041618129,1875429.8586263915,residential_20023050240000,construction_year_parcel,NA,TRUE,TRUE,TRUE,1,within_2pct
episode_081,20023050210000_card_3,noncondo_20023050250000,residential_multicard_20023050210000,3,1,1606,20023050210000,2006,FALSE,current_noncondo_parcel,20023050250000,2002305025,846 E 45TH ST,2007,1,295,1,1606,1564,1182857.5052229683,1875429.074805923,residential_20023050250000,construction_year_parcel,NA,TRUE,TRUE,TRUE,1,within_2pct
episode_081,20023050210000_card_4,noncondo_20023050260000,residential_multicard_20023050210000,4,1,1606,20023050210000,2006,FALSE,current_noncondo_parcel,20023050260000,2002305026,844 E 45TH ST,2007,1,295,1,1606,2416,1182834.7201569653,1875447.7253424427,residential_20023050260000,construction_year_parcel,NA,TRUE,TRUE,TRUE,1,within_2pct
episode_081,20023050210000_card_5,noncondo_20023050270000,residential_multicard_20023050210000,5,1,1684,20023050210000,2006,FALSE,current_noncondo_parcel,20023050270000,2002305027,842 E 45TH ST,2007,1,295,1,1684,2307,1182812.92628242,1875447.2043583596,residential_20023050270000,construction_year_parcel,NA,TRUE,TRUE,TRUE,1,within_2pct
episode_081,20023050210000_card_6,noncondo_20023050280000,residential_multicard_20023050210000,6,1,1684,20023050210000,2006,FALSE,current_noncondo_parcel,20023050280000,2002305028,840 E 45TH ST,2007,1,295,1,1684,2318,1182791.5824058664,1875446.6940950984,residential_20023050280000,construction_year_parcel,NA,TRUE,TRUE,TRUE,1,within_2pct
episode_081,20023050210000_card_7,noncondo_20023050290000,residential_multicard_20023050210000,7,1,1606,20023050210000,2006,FALSE,current_noncondo_parcel,20023050290000,2002305029,838 E 45TH ST,2007,1,295,1,1606,2409,1182769.7637386809,1875446.172786012,residential_20023050290000,construction_year_parcel,NA,TRUE,TRUE,TRUE,1,within_2pct
episode_081,20023050210000_card_8,noncondo_20023050300000,residential_multicard_20023050210000,8,1,1579,20023050210000,2006,FALSE,current_noncondo_parcel,20023050300000,2002305030,836 E 45TH ST,2007,1,295,1,1579,2422,1182747.4600562083,1875445.6392866336,residential_20023050300000,construction_year_parcel,NA,TRUE,TRUE,TRUE,1,within_2pct
episode_081,20023050210000_card_9,noncondo_20023050310000,residential_multicard_20023050210000,9,1,1644,20023050210000,2006,FALSE,current_noncondo_parcel,20023050310000,2002305031,834 E 45TH ST,2007,1,295,1,1644,2681,1182723.8992280643,1875445.079553464,residential_20023050310000,construction_year_parcel,NA,TRUE,TRUE,TRUE,1,within_2pct
episode_082,20023050320000_card_10,noncondo_20023050430000,residential_multicard_20023050320000,10,1,2318,20023050320000,2022,FALSE,current_noncondo_parcel,20023050430000,2002305043,4438 S DREXEL BLVD C,2022,0,295,1,2385,1168,1182780.7779358253,1875617.841131951,residential_20023050430000,construction_year_parcel,NA,TRUE,TRUE,TRUE,1.0289042277825713,within_5pct
episode_082,20023050320000_card_11,noncondo_20023050440000,residential_multicard_20023050320000,11,1,2318,20023050320000,2022,FALSE,current_noncondo_parcel,20023050440000,2002305044,4438 S DREXEL BLVD D,2022,0,295,1,2385,1349,1182780.25742137,1875639.1748699553,residential_20023050440000,construction_year_parcel,NA,TRUE,TRUE,TRUE,1.0289042277825713,within_5pct
episode_082,20023050320000_card_12,noncondo_20023050390000,residential_multicard_20023050320000,12,1,2318,20023050320000,2022,FALSE,current_noncondo_parcel,20023050390000,2002305039,4432 S DREXEL BLVD,2022,0,295,1,2391,962,1182868.5182493967,1875619.0120679063,residential_20023050390000,construction_year_parcel,NA,TRUE,TRUE,TRUE,1.031492666091458,within_5pct
episode_082,20023050320000_card_13,noncondo_20023050400000,residential_multicard_20023050320000,13,1,2318,20023050320000,2022,FALSE,current_noncondo_parcel,20023050400000,2002305040,4430 S DREXEL BLVD,2022,0,295,1,2391,991,1182868.0987874828,1875639.008271242,residential_20023050400000,construction_year_parcel,NA,TRUE,TRUE,TRUE,1.031492666091458,within_5pct
episode_082,20023050320000_card_14,noncondo_20023050450000,residential_multicard_20023050320000,14,1,2318,20023050320000,2022,FALSE,current_noncondo_parcel,20023050450000,2002305045,4446 S DREXEL BLVD A,2022,0,295,1,2422,1374,1182783.2728688545,1875512.3096471983,residential_20023050450000,construction_year_parcel,NA,TRUE,TRUE,TRUE,1.0448662640207076,within_5pct
episode_082,20023050320000_card_3,noncondo_20023050460000,residential_multicard_20023050320000,3,1,2318,20023050320000,2022,FALSE,current_noncondo_parcel,20023050460000,2002305046,4446 S DREXEL BLVD B,2022,0,295,1,2422,1192,1182782.7421214988,1875534.0631283028,residential_20023050460000,construction_year_parcel,NA,TRUE,TRUE,TRUE,1.0448662640207076,within_5pct
episode_082,20023050320000_card_4,noncondo_20023050410000,residential_multicard_20023050320000,4,1,2318,20023050320000,2022,FALSE,current_noncondo_parcel,20023050410000,2002305041,4438 S DREXEL BLVD A,2022,0,295,1,2445,1200,1182781.7505641386,1875577.9879928555,residential_20023050410000,construction_year_parcel,NA,TRUE,TRUE,TRUE,1.0547886108714408,within_10pct
episode_082,20023050320000_card_5,noncondo_20023050420000,residential_multicard_20023050320000,5,1,2318,20023050320000,2022,FALSE,current_noncondo_parcel,20023050420000,2002305042,4438 S DREXEL BLVD B,2022,0,295,1,2445,1167,1182781.2608108262,1875598.0521319483,residential_20023050420000,construction_year_parcel,NA,TRUE,TRUE,TRUE,1.0547886108714408,within_10pct
episode_082,20023050320000_card_6,noncondo_20023050350000,residential_multicard_20023050320000,6,1,2318,20023050320000,2022,FALSE,current_noncondo_parcel,20023050350000,2002305035,4448 S DREXEL BLVD A,2022,0,295,1,2490,987,1182871.2140911487,1875516.1810865933,residential_20023050350000,construction_year_parcel,NA,TRUE,TRUE,TRUE,1.0742018981880932,within_10pct
episode_082,20023050320000_card_7,noncondo_20023050360000,residential_multicard_20023050320000,7,1,2318,20023050320000,2022,FALSE,current_noncondo_parcel,20023050360000,2002305036,4448 S DREXEL BLVD B,2022,0,295,1,2490,980,1182862.4447008306,1875535.00301762,residential_20023050360000,construction_year_parcel,NA,TRUE,TRUE,TRUE,1.0742018981880932,within_10pct
episode_082,20023050320000_card_8,noncondo_20023050380000,residential_multicard_20023050320000,8,1,2318,20023050320000,2022,FALSE,current_noncondo_parcel,20023050380000,2002305038,4434 S DREXEL BLVD,2022,0,295,1,2490,959,1182869.1206866887,1875599.2641669707,residential_20023050380000,construction_year_parcel,NA,TRUE,TRUE,TRUE,1.0742018981880932,within_10pct
episode_082,20023050320000_card_9,noncondo_20023050370000,residential_multicard_20023050320000,9,1,2318,20023050320000,2022,FALSE,current_noncondo_parcel,20023050370000,2002305037,4436 S DREXEL BLVD,2022,0,295,1,2518,1001,1182860.629848848,1875580.0468530264,residential_20023050370000,construction_year_parcel,NA,TRUE,TRUE,TRUE,1.0862812769628991,within_10pct
episode_083,20031110050000_card_1,noncondo_20031110400000,residential_multicard_20031110050000,1,1,2080,20031110050000,2019,FALSE,current_noncondo_parcel,20031110400000,2003111040,4021 CALUMET,2020,1,278,1,2105,3687,1179194.4855337664,1878305.346931856,residential_20031110400000,construction_year_parcel,NA,TRUE,TRUE,TRUE,1.0120192307692308,within_2pct
episode_083,20031110050000_card_2,noncondo_20031110410000,residential_multicard_20031110050000,2,1,2080,20031110050000,2019,FALSE,current_noncondo_parcel,20031110410000,2003111041,4019 S CALUMET AVE,2020,1,278,1,2105,3603,1179193.6589410135,1878334.337486712,residential_20031110410000,construction_year_parcel,NA,TRUE,TRUE,TRUE,1.0120192307692308,within_2pct
episode_084,20032070190000_card_2,noncondo_20032070420000,residential_multicard_20032070190000,2,1,2425,20032070190000,2021,FALSE,current_noncondo_parcel,20032070420000,2003207042,3976 S LANGLEY AVE,2021,0,278,1,2425,4220,1181400.4832888893,1878461.5966605984,residential_20032070420000,construction_year_parcel,NA,TRUE,TRUE,TRUE,1,within_2pct
episode_084,20032070190000_card_3,noncondo_20032070410000,residential_multicard_20032070190000,3,1,2194,20032070190000,2021,FALSE,current_noncondo_parcel,20032070410000,2003207041,3972 S LANGLEY AVE,2021,0,278,1,2194,3370,1181370.4403559146,1878501.9171818672,residential_20032070410000,construction_year_parcel,NA,TRUE,TRUE,TRUE,1,within_2pct
episode_085,20032080150000_card_1,noncondo_20032080470000,residential_multicard_20032080150000,1,1,3222,20032080150000,2018,FALSE,current_noncondo_parcel,20032080470000,2003208047,755 E OAKWOOD BLVD,2018,0,295,1,3222,3260,1182024.6686290829,1878699.6917407676,residential_20032080470000,construction_year_parcel,NA,TRUE,TRUE,TRUE,1,within_2pct
episode_085,20032080150000_card_2,noncondo_20032080460000,residential_multicard_20032080150000,2,1,3140,20032080150000,2018,FALSE,current_noncondo_parcel,20032080460000,2003208046,753 E OAKWOOD BLVD,2018,0,295,1,3140,3255,1182044.6679109803,1878700.2221331,residential_20032080460000,construction_year_parcel,NA,TRUE,TRUE,TRUE,1,within_2pct
episode_086,20032210100000_card_1,noncondo_20032210360000,residential_multicard_20032210100000,1,1,2352,20032210100000,2018,TRUE,current_noncondo_parcel,20032210360000,2003221036,508 E 42ND PL,2019,1,295,1,2291,1645,1180485.0729030569,1877000.0952913535,residential_20032210360000,construction_year_parcel,NA,TRUE,TRUE,TRUE,0.9740646258503401,within_5pct
episode_086,20032210100000_card_2,noncondo_20032210340000,residential_multicard_20032210100000,2,1,2352,20032210100000,2018,TRUE,current_noncondo_parcel,20032210340000,2003221034,NA,2019,1,295,1,2188,1772,1180423.070105856,1877018.7943453845,residential_20032210340000,construction_year_parcel,NA,TRUE,TRUE,TRUE,0.9302721088435374,within_10pct
episode_086,20032210100000_card_3,noncondo_20032210350000,residential_multicard_20032210100000,3,1,2352,20032210100000,2018,TRUE,current_noncondo_parcel,20032210350000,2003221035,NA,2019,1,295,1,2188,1895,1180419.2622400883,1876988.993534212,residential_20032210350000,construction_year_parcel,NA,TRUE,TRUE,TRUE,0.9302721088435374,within_10pct
episode_086,20032210100000_card_4,noncondo_20032210370000,residential_multicard_20032210100000,4,1,2352,20032210100000,2018,TRUE,current_noncondo_parcel,20032210370000,2003221037,510 E 42ND PL,2019,1,295,1,2001,1618,1180520.4131675612,1876998.274835418,residential_20032210370000,construction_year_parcel,NA,TRUE,TRUE,TRUE,0.8507653061224489,within_35pct
episode_087,20034230370000_card_1,noncondo_20034230480000,residential_multicard_20034230370000,1,1,2674,20034230370000,2014,TRUE,current_noncondo_parcel,20034230480000,2003423048,544 E 46TH PL,2014,0,278,1,2674,3578,1180866.0864010125,1874408.9775064313,residential_20034230480000,construction_year_parcel,NA,TRUE,TRUE,TRUE,1,within_2pct
episode_087,20034230370000_card_2,noncondo_20034230470000,residential_multicard_20034230370000,2,1,2674,20034230370000,2014,TRUE,current_noncondo_parcel,20034230470000,2003423047,542 E 46TH PL,2014,0,278,1,2150,3577,1180838.596442466,1874408.1733330188,residential_20034230470000,construction_year_parcel,NA,TRUE,TRUE,TRUE,0.8040388930441287,within_35pct
episode_088,20041290470000_card_1,noncondo_20041290480000,residential_multicard_20041290470000,1,1,1693,20041290470000,2018,FALSE,current_noncondo_parcel,20041290480000,2004129048,S NORMAL AV,2018,0,295,1,1693,1000,1173620.701319217,1876535.3015477424,residential_20041290480000,construction_year_parcel,NA,TRUE,TRUE,TRUE,1,within_2pct
episode_088,20041290470000_card_2,noncondo_20041290500000,residential_multicard_20041290470000,2,1,1693,20041290470000,2018,FALSE,current_noncondo_parcel,20041290500000,2004129050,S NORMAL AV,2018,0,295,1,1693,997,1173621.3127618614,1876514.1202806951,residential_20041290500000,construction_year_parcel,NA,TRUE,TRUE,TRUE,1,within_2pct
episode_088,20041290470000_card_3,noncondo_20041290520000,residential_multicard_20041290470000,3,1,1693,20041290470000,2018,FALSE,current_noncondo_parcel,20041290520000,2004129052,S NORMAL AV,2018,0,295,1,1693,998,1173621.9229279505,1876492.979095346,residential_20041290520000,construction_year_parcel,NA,TRUE,TRUE,TRUE,1,within_2pct
episode_088,20041290470000_card_4,noncondo_20041290540000,residential_multicard_20041290470000,4,1,1693,20041290470000,2018,FALSE,current_noncondo_parcel,20041290540000,2004129054,S NORMAL AV,2018,0,295,1,1693,1015,1173622.5433226505,1876471.6657450292,residential_20041290540000,construction_year_parcel,NA,TRUE,TRUE,TRUE,1,within_2pct
episode_089,20084270400000_card_1,noncondo_20084270560000,residential_multicard_20084270400000,1,1,1352,20084270400000,2006,TRUE,current_noncondo_parcel,20084270560000,2008427056,941 W 54TH ST,2007,1,207,1,1353,4006,1170774.9643314108,1868895.909051495,residential_20084270560000,construction_year_parcel,NA,TRUE,TRUE,TRUE,1.0007396449704142,within_2pct
episode_089,20084270400000_card_2,noncondo_20084270570000,residential_multicard_20084270400000,2,1,1352,20084270400000,2006,TRUE,current_noncondo_parcel,20084270570000,2008427057,939 W 54TH ST,2007,1,207,1,1353,4007,1170807.3314203287,1868896.800716152,residential_20084270570000,construction_year_parcel,NA,TRUE,TRUE,TRUE,1.0007396449704142,within_2pct
episode_089,20084270400000_card_3,noncondo_20084270580000,residential_multicard_20084270400000,3,1,1352,20084270400000,2006,TRUE,current_noncondo_parcel,20084270580000,2008427058,935 W 54TH ST,2007,1,207,1,1353,4008,1170839.6996977697,1868897.681220952,residential_20084270580000,construction_year_parcel,NA,TRUE,TRUE,TRUE,1.0007396449704142,within_2pct
episode_089,20084270400000_card_4,noncondo_20084270590000,residential_multicard_20084270400000,4,1,1352,20084270400000,2006,TRUE,current_noncondo_parcel,20084270590000,2008427059,931 W 54TH ST,2007,1,207,1,1353,4014,1170872.0820712373,1868898.5733598827,residential_20084270590000,construction_year_parcel,NA,TRUE,TRUE,TRUE,1.0007396449704142,within_2pct
episode_090,20091110270000_card_1,noncondo_20091110390000,residential_multicard_20091110270000,1,3,3660,20091110270000,2006,FALSE,current_noncondo_parcel,20091110390000,2009111039,732 W 50TH ST,2006,0,211,3,3660,3060,1172106.497663449,1871805.533352906,residential_20091110390000,construction_year_parcel,NA,TRUE,TRUE,TRUE,1,within_2pct
episode_090,20091110270000_card_2,noncondo_20091110400000,residential_multicard_20091110270000,2,3,3660,20091110270000,2006,FALSE,current_noncondo_parcel,20091110400000,2009111040,728 W 50TH ST,2006,0,211,3,3660,3058,1172131.482764708,1871806.3165490655,residential_20091110400000,construction_year_parcel,NA,TRUE,TRUE,TRUE,1,within_2pct
episode_090,20091110270000_card_3,noncondo_20091110430000,residential_multicard_20091110270000,3,3,3660,20091110270000,2006,FALSE,current_noncondo_parcel,20091110430000,2009111043,720 W 50TH ST,2006,0,211,3,3660,3047,1172206.4480003722,1871808.6385502503,residential_20091110430000,construction_year_parcel,NA,TRUE,TRUE,TRUE,1,within_2pct
episode_090,20091110270000_card_4,noncondo_20091110440000,residential_multicard_20091110270000,4,3,3660,20091110270000,2006,FALSE,current_noncondo_parcel,20091110440000,2009111044,718 W 50TH ST,2006,0,211,3,3660,3045,1172231.4327512654,1871809.4267272265,residential_20091110440000,construction_year_parcel,NA,TRUE,TRUE,TRUE,1,within_2pct
episode_090,20091110270000_card_5,noncondo_20091110450000,residential_multicard_20091110270000,5,3,3660,20091110270000,2006,FALSE,current_noncondo_parcel,20091110450000,2009111045,716 W 50TH ST,2006,0,211,3,3660,3041,1172256.4175780716,1871810.1935320313,residential_20091110450000,construction_year_parcel,NA,TRUE,TRUE,TRUE,1,within_2pct
episode_091,20102110280000_card_1,noncondo_20102110510000,residential_multicard_20102110280000,1,1,2216,20102110280000,2014,TRUE,current_noncondo_parcel,20102110510000,2010211051,4814 S CHAMPLAIN AVE,2014,0,278,1,2211,3246,1181315.0462474774,1873134.6249889487,residential_20102110510000,construction_year_parcel,NA,TRUE,TRUE,TRUE,0.9977436823104693,within_2pct
episode_091,20102110280000_card_2,noncondo_20102110500000,residential_multicard_20102110280000,2,1,2216,20102110280000,2014,TRUE,current_noncondo_parcel,20102110500000,2010211050,4818 S CHAMPLAIN AVE,2014,0,278,1,2223,3247,1181315.6651528797,1873109.6496214475,residential_20102110500000,construction_year_parcel,NA,TRUE,TRUE,TRUE,1.003158844765343,within_2pct
episode_092,20143160010000_card_1,noncondo_20143160530000,residential_multicard_20143160010000,1,1,2142,20143160010000,2021,FALSE,current_noncondo_parcel,20143160530000,2014316053,6209 S ELLIS AVE E,2023,2,295,1,1908,982,1184158.1434460697,1863968.8727507875,NA,construction_year_parcel,NA,FALSE,TRUE,TRUE,0.8907563025210085,within_35pct
episode_092,20143160010000_card_2,noncondo_20143160400000,residential_multicard_20143160010000,2,1,2142,20143160010000,2021,FALSE,current_noncondo_parcel,20143160400000,2014316040,6205 S ELLIS AVE,2021,0,295,1,1982,1016,1184027.5302499996,1863969.9734999985,residential_20143160400000,construction_year_parcel,NA,TRUE,TRUE,TRUE,0.9253034547152195,within_10pct
episode_092,20143160010000_card_4,noncondo_20143160410000,residential_multicard_20143160010000,4,1,2142,20143160010000,2021,FALSE,current_noncondo_parcel,20143160410000,2014316041,6207 S ELLIS AVE,2021,0,295,1,1908,1016,1184027.9946249996,1863951.8293749983,residential_20143160410000,construction_year_parcel,NA,TRUE,TRUE,TRUE,0.8907563025210085,within_35pct
episode_092,20143160010000_card_5,noncondo_20143160490000,residential_multicard_20143160010000,5,1,2142,20143160010000,2021,FALSE,current_noncondo_parcel,20143160490000,2014316049,6209 S ELLIS AVE A,2023,2,295,1,1908,982,1184086.363131784,1863967.1964392848,NA,construction_year_parcel,NA,FALSE,TRUE,TRUE,0.8907563025210085,within_35pct
episode_092,20143160010000_card_6,noncondo_20143160500000,residential_multicard_20143160010000,6,1,2142,20143160010000,2021,FALSE,current_noncondo_parcel,20143160500000,2014316050,6209 S ELLIS AVE B,2023,2,295,1,1982,982,1184104.308297144,1863967.615559931,NA,construction_year_parcel,NA,FALSE,TRUE,TRUE,0.9253034547152195,within_10pct
episode_092,20143160010000_card_7,noncondo_20143160390000,residential_multicard_20143160010000,7,1,2221,20143160010000,2021,FALSE,current_noncondo_parcel,20143160390000,2014316039,6203 S ELLIS AVE,2021,0,295,1,1908,1016,1184027.0658750003,1863988.1175,residential_20143160390000,construction_year_parcel,NA,TRUE,TRUE,TRUE,0.8590724898694282,within_35pct
episode_092,20143160010000_card_8,noncondo_20143160510000,residential_multicard_20143160010000,8,1,2142,20143160010000,2021,FALSE,current_noncondo_parcel,20143160510000,2014316051,6209 S ELLIS AVE C,2023,2,295,1,1908,982,1184122.2533278542,1863968.0345650704,NA,construction_year_parcel,NA,FALSE,TRUE,TRUE,0.8907563025210085,within_35pct
episode_092,20143160010000_card_9,noncondo_20143160520000,residential_multicard_20143160010000,9,1,2142,20143160010000,2021,FALSE,current_noncondo_parcel,20143160520000,2014316052,6209 S ELLIS AVE D,2023,2,295,1,1982,982,1184140.1982971446,1863968.4538099305,NA,construction_year_parcel,NA,FALSE,TRUE,TRUE,0.9253034547152195,within_10pct
episode_093,20144120210000_card_1,noncondo_20144120420000,residential_multicard_20144120210000,1,1,2207,20144120210000,2018,FALSE,current_noncondo_parcel,20144120420000,2014412042,NA,2019,1,278,1,2208,4130,1185595.5510360517,1863703.9892306204,residential_20144120420000,construction_year_parcel,NA,TRUE,TRUE,TRUE,1.0004531037607611,within_2pct
episode_093,20144120210000_card_2,noncondo_20144120430000,residential_multicard_20144120210000,2,1,2207,20144120210000,2018,FALSE,current_noncondo_parcel,20144120430000,2014412043,NA,2019,1,278,1,2208,4123,1185596.39995232,1863679.02952596,residential_20144120430000,construction_year_parcel,NA,TRUE,TRUE,TRUE,1.0004531037607611,within_2pct
episode_094,20222220450000_card_1,noncondo_20222220550000,residential_multicard_20222220450000,1,2,2795,20222220450000,2021,TRUE,current_noncondo_parcel,20222220550000,2022222055,6552 S EVANS AVE,2021,0,211,2,2795,2828,1182258.2535968253,1861502.2556085165,residential_20222220550000,construction_year_parcel,NA,TRUE,TRUE,TRUE,1,within_2pct
episode_094,20222220450000_card_2,noncondo_20222220560000,residential_multicard_20222220450000,2,2,2768,20222220450000,2021,TRUE,current_noncondo_parcel,20222220560000,2022222056,6554 S EVANS AVE,2021,0,211,2,2768,2826,1182258.826395689,1861479.274391504,residential_20222220560000,construction_year_parcel,NA,TRUE,TRUE,TRUE,1,within_2pct
episode_094,20222220450000_card_3,noncondo_20222220570000,residential_multicard_20222220450000,3,2,2795,20222220450000,2021,TRUE,current_noncondo_parcel,20222220570000,2022222057,6556 S EVANS AVE,2021,0,211,2,2735,2780,1182259.4834373617,1861456.497155172,residential_20222220570000,construction_year_parcel,NA,TRUE,TRUE,TRUE,0.97853309481216455,within_5pct
episode_095,20231170240000_card_1,noncondo_20231170440000,residential_multicard_20231170240000,1,1,2334,20231170240000,2021,TRUE,current_noncondo_parcel,20231170440000,2023117044,6500 S UNIVERSITY AVE,2021,0,278,1,2334,3053,1184575.6800052542,1862087.6152421085,residential_20231170440000,construction_year_parcel,NA,TRUE,TRUE,TRUE,1,within_2pct
episode_095,20231170240000_card_2,noncondo_20231170450000,residential_multicard_20231170240000,2,1,2334,20231170240000,2021,TRUE,current_noncondo_parcel,20231170450000,2023117045,6500 S UNIVERSITY AVE,2021,0,278,1,2334,3053,1184576.2798917629,1862063.385309874,residential_20231170450000,construction_year_parcel,NA,TRUE,TRUE,TRUE,1,within_2pct
episode_096,20251190270000_card_1,noncondo_20251190310000,residential_multicard_20251190270000,1,3,4719,20251190270000,2008,TRUE,current_noncondo_parcel,20251190310000,2025119031,7252 S BENNETT AVE,2008,0,211,3,4554,3793,1189869.129891727,1856986.0655763284,residential_20251190310000,construction_year_parcel,NA,TRUE,TRUE,TRUE,0.965034965034965,within_5pct
episode_096,20251190270000_card_2,noncondo_20251190320000,residential_multicard_20251190270000,2,3,4719,20251190270000,2008,TRUE,current_noncondo_parcel,20251190320000,2025119032,7254 S BENNETT AVE,2008,0,211,3,4554,3788,1189868.3897566863,1857014.1750644615,residential_20251190320000,construction_year_parcel,NA,TRUE,TRUE,TRUE,0.965034965034965,within_5pct
episode_096,20251190270000_card_3,noncondo_20251190330000,residential_multicard_20251190270000,3,3,4719,20251190270000,2008,TRUE,current_noncondo_parcel,20251190330000,2025119033,7258 S BENNETT AVE,2008,0,211,3,4554,3793,1189867.654334616,1857042.2795215056,residential_20251190330000,construction_year_parcel,NA,TRUE,TRUE,TRUE,0.965034965034965,within_5pct
episode_097,20331040040000_card_1,noncondo_20331040290000,residential_multicard_20331040040000,1,2,2289,20331040040000,2007,FALSE,current_noncondo_parcel,20331040290000,2033104029,7906 S PARNELL AVE,2007,0,211,2,2219,3716,1173901.0016139832,1852424.3168057504,residential_20331040290000,construction_year_parcel,NA,TRUE,TRUE,TRUE,0.9694189602446484,within_5pct
episode_098,21313270020000_card_1,noncondo_21313270540000,residential_multicard_21313270020000,1,1,2027,21313270020000,2006,FALSE,current_noncondo_parcel,21313270540000,2131327054,8607 S KINGSTON AVE,2006,0,278,1,2027,2984,1194754.014725387,1848354.1954386288,residential_21313270540000,construction_year_parcel,NA,TRUE,TRUE,TRUE,1,within_2pct
episode_098,21313270020000_card_2,noncondo_21313270550000,residential_multicard_21313270020000,2,1,2027,21313270020000,2006,FALSE,current_noncondo_parcel,21313270550000,2131327055,8603 S KINGSTON AVE,2006,0,278,1,2027,2985,1194753.5160100623,1848377.7095797088,residential_21313270550000,construction_year_parcel,NA,TRUE,TRUE,TRUE,1,within_2pct
episode_099,25031150210000_card_1,noncondo_25031150520000,residential_multicard_25031150210000,1,1,1988,25031150210000,2007,TRUE,current_noncondo_parcel,25031150520000,2503115052,12 E 90TH ST,2008,1,207,1,1988,1669,1178006.8658570142,1845399.7058296185,residential_25031150520000,construction_year_parcel,NA,TRUE,TRUE,TRUE,1,within_2pct
episode_099,25031150210000_card_2,noncondo_25031150540000,residential_multicard_25031150210000,2,1,1988,25031150210000,2007,TRUE,current_noncondo_parcel,25031150540000,2503115054,8 E 90TH ST,2008,1,207,1,1988,1669,1177956.8723197344,1845398.912578318,residential_25031150540000,construction_year_parcel,NA,TRUE,TRUE,TRUE,1,within_2pct
episode_099,25031150210000_card_3,noncondo_25031150560000,residential_multicard_25031150210000,3,1,1988,25031150210000,2007,TRUE,current_noncondo_parcel,25031150560000,2503115056,14 E 90TH ST,2008,1,207,1,1988,1669,1178031.862648012,1845400.1004562369,residential_25031150560000,construction_year_parcel,NA,TRUE,TRUE,TRUE,1,within_2pct
episode_099,25031150210000_card_4,noncondo_25031150580000,residential_multicard_25031150210000,4,1,1988,25031150210000,2007,TRUE,current_noncondo_parcel,25031150580000,2503115058,10 E 90TH ST,2008,1,207,1,1988,1669,1177981.8691427682,1845399.3100588396,residential_25031150580000,construction_year_parcel,NA,TRUE,TRUE,TRUE,1,within_2pct
episode_100,25194030010000_card_1,noncondo_25194030300000,residential_multicard_25194030010000,1,1,1636,25194030010000,2006,TRUE,current_noncondo_parcel,25194030300000,2519403030,11501 S VINCENNES AVE,2006,0,295,1,1636,2007,1166123.7758995732,1828356.5978648467,residential_25194030300000,construction_year_parcel,NA,TRUE,TRUE,TRUE,1,within_2pct
episode_100,25194030010000_card_2,noncondo_25194030310000,residential_multicard_25194030010000,2,1,1742,25194030010000,2006,TRUE,current_noncondo_parcel,25194030310000,2519403031,11503 S VINCENNES AVE,2006,0,295,1,1742,1502,1166107.630457034,1828333.998077838,residential_25194030310000,construction_year_parcel,NA,TRUE,TRUE,TRUE,1,within_2pct
episode_100,25194030010000_card_3,noncondo_25194030410000,residential_multicard_25194030010000,3,1,1722,25194030010000,2006,TRUE,current_noncondo_parcel,25194030410000,2519403041,1825 W 115TH ST 4,2006,0,295,1,1722,1277,1166157.19349569,1828289.0890112836,residential_25194030410000,construction_year_parcel,NA,TRUE,TRUE,TRUE,1,within_2pct
episode_100,25194030010000_card_4,noncondo_25194030420000,residential_multicard_25194030010000,4,1,1722,25194030010000,2006,TRUE,current_noncondo_parcel,25194030420000,2519403042,1825 W 115TH ST 3,2006,0,295,1,1722,1276,1166165.7545088255,1828309.347687265,residential_25194030420000,construction_year_parcel,NA,TRUE,TRUE,TRUE,1,within_2pct
episode_100,25194030010000_card_5,noncondo_25194030430000,residential_multicard_25194030010000,5,1,1722,25194030010000,2006,TRUE,current_noncondo_parcel,25194030430000,2519403043,1825 W 115TH ST 2,2006,0,295,1,1722,1276,1166174.2922933097,1828329.6232756455,residential_25194030430000,construction_year_parcel,NA,TRUE,TRUE,TRUE,1,within_2pct
episode_100,25194030010000_card_6,noncondo_25194030440000,residential_multicard_25194030010000,6,1,1722,25194030010000,2006,TRUE,current_noncondo_parcel,25194030440000,2519403044,1825 W 115TH ST 1,2006,0,295,1,1722,2127,1166189.2612584028,1828356.0287629173,residential_25194030440000,construction_year_parcel,NA,TRUE,TRUE,TRUE,1,within_2pct
episode_101,25194030020000_card_1,noncondo_25194030330000,residential_multicard_25194030020000,1,1,1742,25194030020000,2006,TRUE,current_noncondo_parcel,25194030330000,2519403033,11507 S VINCENNES AVE,2006,0,295,1,1742,1499,1166090.618322996,1828293.4201617264,residential_25194030330000,construction_year_parcel,NA,TRUE,TRUE,TRUE,1,within_2pct
episode_101,25194030020000_card_2,noncondo_25194030340000,residential_multicard_25194030020000,2,1,1742,25194030020000,2006,TRUE,current_noncondo_parcel,25194030340000,2519403034,11509 S VINCENNES AVE,2006,0,295,1,1742,1498,1166082.1129706122,1828273.1307682064,residential_25194030340000,construction_year_parcel,NA,TRUE,TRUE,TRUE,1,within_2pct
episode_101,25194030020000_card_4,noncondo_25194030390000,residential_multicard_25194030020000,4,1,1722,25194030020000,2006,TRUE,current_noncondo_parcel,25194030390000,2519403039,1825 W 115TH ST 6,2006,0,295,1,1722,1276,1166140.1447953186,1828248.518737284,residential_25194030390000,construction_year_parcel,NA,TRUE,TRUE,TRUE,1,within_2pct
episode_101,25194030020000_card_5,noncondo_25194030400000,residential_multicard_25194030020000,5,1,1722,25194030020000,2006,TRUE,current_noncondo_parcel,25194030400000,2519403040,1825 W 115TH ST 5,2006,0,295,1,1722,1276,1166148.68045577,1828268.7952918953,residential_25194030400000,construction_year_parcel,NA,TRUE,TRUE,TRUE,1,within_2pct
episode_102,25194030030000_card_1,noncondo_25194030350000,residential_multicard_25194030030000,1,1,1742,25194030030000,2006,TRUE,current_noncondo_parcel,25194030350000,2519403035,11511 S VINCENNES AVE,2006,0,295,1,1742,1496,1166073.6055187676,1828252.8421302552,residential_25194030350000,construction_year_parcel,NA,TRUE,TRUE,TRUE,1,within_2pct
episode_102,25194030030000_card_2,noncondo_25194030360000,residential_multicard_25194030030000,2,1,1772,25194030030000,2006,TRUE,current_noncondo_parcel,25194030360000,2519403036,11513 S VINCENNES AVE,2006,0,295,1,1772,1699,1166064.5168936383,1828231.1714228585,residential_25194030360000,construction_year_parcel,NA,TRUE,TRUE,TRUE,1,within_2pct
episode_102,25194030030000_card_3,noncondo_25194030380000,residential_multicard_25194030030000,3,1,1722,25194030030000,2006,TRUE,current_noncondo_parcel,25194030380000,2519403038,1827 W 115TH ST 7,2006,0,295,1,1722,1276,1166131.6090453644,1828228.2421649313,residential_25194030380000,construction_year_parcel,NA,TRUE,TRUE,TRUE,1,within_2pct
episode_102,25194030030000_card_4,noncondo_25194030370000,residential_multicard_25194030030000,4,1,1759,25194030030000,2006,TRUE,current_noncondo_parcel,25194030370000,2519403037,1825 W 115TH ST 8,2006,0,295,1,1759,1450,1166122.4913749993,1828206.5831250015,residential_25194030370000,construction_year_parcel,NA,TRUE,TRUE,TRUE,1,within_2pct
