era,boundary_pairs,min_len_ft,median_len_ft,mean_len_ft,max_len_ft,geometry_types
1998_2002,116,353.50010077847446,9702.471044061185,12075.395367511468,43173.52642247719,LINESTRING
2003_2014,102,665.3955812636148,11041.686562007118,12831.605912092793,44371.14036105134,"LINESTRING,MULTILINESTRING"
2015_2023,122,331.03424090270585,10556.721715806863,13965.627465013182,63249.409534828206,"LINESTRING,MULTILINESTRING"
post_2023,119,666.3882797694082,11465.932135857056,13634.655952552817,37975.289248755325,"LINESTRING,MULTILINESTRING"
