estimate,production_estimate,production_clustered_se,bootstrap_mean,bootstrap_sd,p025,median,p975,probability_negative,probability_positive,score_sd_to_clustered_se,n_draws,workers,elapsed_seconds
density_multifamily_dupac_binary,-0.32516955129811054,0.119772647211605,-0.2475141521410858,0.08673387211556201,-0.391671688956958,-0.2560695868439979,-0.06092747824375484,0.9935,0.0065,0.7241542550389435,2000,8,6.929532051086426
density_multifamily_dupac_continuous,-0.16873374810808486,0.06041189589225402,-0.14829428794566635,0.06254248001028716,-0.27178069528136733,-0.14638587866002264,-0.031110689733034175,0.996,0.004,1.035267625466234,2000,8,6.929532051086426
density_multifamily_far_binary,-0.268004617647797,0.09548883735258179,-0.24645644109355402,0.07707154581478388,-0.3948863808527732,-0.24957352251009426,-0.0790886990879259,0.9995,5e-4,0.8071262353965613,2000,8,6.929532051086426
density_multifamily_far_continuous,-0.2289076174524248,0.06826938912285209,-0.17976320655267886,0.05835438741393169,-0.29324205974078915,-0.17912484612321422,-0.06684278662189753,1,0,0.8547665090267885,2000,8,6.929532051086426
