draw,density_multifamily_far_binary,density_multifamily_dupac_binary,density_multifamily_far_continuous,density_multifamily_dupac_continuous
1,-0.2710056259957298,-0.3497794823435775,-0.241457940077773,-0.2286890039250632
2,-0.28057234444295004,-0.2745100234681304,-0.15831644620399404,-0.10102621429688023
3,-0.23208272379014885,-0.24677229245563853,-0.14124775899856265,-0.0958701879845472
4,-0.2655976911100599,-0.3730077185739555,-0.4262420964615533,-0.428358211927377
5,-0.2579378950255606,-0.28510438950291567,-0.12843591722693426,-0.11171223458647202
6,-0.2366504184884494,-0.29624789893971853,-0.24994265251870118,-0.225843221701697
7,-0.2648057214486924,-0.31325950313019996,-0.30020797223410123,-0.2848026439073617
8,-0.21272084218487014,-0.2640539107756538,-0.1534008043944819,-0.10774831248375673
9,-0.30591906192045437,-0.15313846552357208,-0.16376867612849758,-0.1295026248372136
10,-0.27633048564197865,-0.33159894845266175,-0.3079873807147485,-0.33240813128470176
11,-0.2713551604098253,-0.23610908877976705,-0.23800688899165617,-0.14903470492420212
12,-0.1789993884310184,-0.14305842172672034,-0.17621777566399666,-0.1807073071691534
13,-0.19457543153597068,-0.28561045906686294,-0.21352079995316878,-0.18641667588036942
14,-0.25054639869024836,-0.26230677662083396,-0.19120803404420186,-0.1532221636233352
15,-0.058934521620039426,-0.11502402483426745,-0.09703291940526247,-0.026514714077382092
16,-0.17531241638934691,-0.12928612830624403,-0.13258471304473182,-0.12208151552217826
17,-0.15403208669892182,-0.20549837923262304,-0.1986446279402707,-0.09314009868653055
18,-0.18672329592050027,-0.16981375890789607,-0.08970270959001235,-0.06640092530075897
19,-0.21702431884717893,-0.2771977196941136,-0.08181007360818225,-0.024676489105424675
20,-0.08127589401802125,-0.16054028529821643,-0.1002217854639601,-0.07015308973641501
21,-0.21455971559092038,-0.1092142573235233,-0.1871095831251493,-0.14377667941556935
22,-0.3609556110735767,-0.21233206355572162,-0.283655004455334,-0.2760954603550721
23,-0.32754082532843987,-0.18123139547368916,-0.2610299914122889,-0.22221610434272887
24,-0.212297660188969,-0.2628778220870533,-0.078549986390976545,-0.06939096985024491
25,-0.1550951183531515,-0.29728003741186293,-0.23231844918020256,-0.2313160641527798
26,-0.3531059741271022,-0.35164258034253787,-0.2974106738307607,-0.22594311823125823
27,-0.2469697593269445,-0.35524546003286267,-0.1731372070024192,-0.13600557875164326
28,-0.2582592261883017,-0.33557984270296404,-0.1404418078645262,-0.1752156673747857
29,-0.22144186867009677,-0.29654053229560606,-0.15843056559507027,-0.13336691178397528
30,-0.23170806436391553,-0.16058694102852908,-0.18257758740503435,-0.1591946779187407
31,-0.23699946855762402,-0.28608991763449043,-0.20314730782966434,-0.19301565030509152
32,-0.3235993828364217,-0.42475375510534313,-0.1552134508346235,-0.1761472745668835
33,-0.21895783448513298,-0.10159419008974782,-0.17103275782740404,-0.10870810187247311
34,-0.059693350932798955,-0.10049734507044766,-0.164258811686931,-0.08215079563749456
35,-0.23596639327511884,-0.2641308685726403,-0.17553859777811057,-0.2254445497180961
36,-0.2339112427747263,-0.2661170533518142,-0.24327824692531272,-0.20291114008118166
37,-0.14236088232207614,-0.11687142489870472,-0.08964111073946421,0.010847745088773135
38,-0.3260348779677201,-0.3811598935032049,-0.22582388150256688,-0.208053862053343
39,-0.2078939751647344,-0.22785583350594152,-0.24811139164767815,-0.18875289102375617
40,-0.17145721810708706,-0.2233156996489006,-0.13399998039429245,-0.04617164349031871
41,-0.12443744525080673,-0.02454568304869619,-0.08314111577756253,-0.05532645891379179
42,-0.22272495194210618,-0.2673546096884034,-0.23523527910826683,-0.2187887855054358
43,-0.21574626227735053,-0.07441250080870274,-0.20433449965721578,-0.1315356173460628
44,-0.21373771810438394,-0.1307970228631264,-0.11780077240921055,-0.12768932832502744
45,-0.24415855450461002,-0.26617286160528425,-0.2579053099007171,-0.2216327011096958
46,-0.16686487622388585,-0.22047984904151813,-0.2014821153549708,-0.1552849667905787
47,-0.3371968097044729,-0.20729827385603677,-0.16657807206367506,-0.10307689904615185
48,-0.23447083717070977,-0.18281658408719392,-0.18132973004285774,-0.11942789038779136
49,-0.14808023004103688,-0.2571269952315318,-0.05756476634361901,-0.08560598681892977
50,-0.26677142397514253,-0.3655387651811826,-0.17286142167434052,-0.12693198610432238
51,-0.28096711662060275,-0.20319224900797608,-0.20676775786324164,-0.21303256049522035
52,-0.22948454727296652,-0.13578049064098183,-0.25422131422142275,-0.25744124168214766
53,-0.227231103318437,-0.15019660868092305,-0.24421009682997846,-0.22508697780905207
54,-0.19583031683520477,-0.17257333611938483,-0.196593378836796,-0.1404546981269837
55,-0.24943217478788524,-0.3452628445764272,-0.20621310903535917,-0.18957951684243762
56,-0.10561004084950104,-0.17416346950502087,-0.1745149206650398,-0.1306471718271596
57,-0.1090841418551958,-0.03967371475006904,-0.16932051104078505,-0.15581584519662375
58,-0.1619246777011504,-0.19235918190253204,-0.06270198634604734,-0.039503207252912384
59,-0.24489052492429386,-0.26277073156817715,-0.21050808720922234,-0.11625066361955631
60,-0.29067139498818806,-0.20078847618424103,-0.27999957061859726,-0.22243062168730396
61,-0.13229570907660487,-0.01312117858334145,-0.19611537004393834,-0.1374167189861176
62,-0.3043516508719944,-0.13504895664311836,-0.27205220721879164,-0.19975014921840104
63,-0.2230068406272509,-0.282731659295983,-0.2619186930141002,-0.23104508174697305
64,-0.28878257382275535,-0.3605560247665111,-0.327694902653807,-0.26191424013312514
65,-0.08248640971346467,-0.06801785469438636,-0.20180461110681402,-0.09015470850380354
66,-0.17688313680605489,-0.2903306348460673,-0.2006200321966943,-0.21699991404099325
67,-0.19328200175350652,-0.14036321352982714,-0.15191235267592518,-0.14542119952313373
68,-0.20428918100566623,-0.2501602352310724,-0.22306569923313152,-0.16339177712183056
69,-0.1419586668224454,-0.22431996683881042,-0.0655145612304141,-0.049939734058405176
70,-0.2809266382252788,-0.12317598558367607,-0.24615115109946864,-0.15327894801732608
71,-0.2678149171087192,-0.12880790088911798,-0.2341797093023548,-0.14542809654973154
72,-0.18895503771213826,-0.3201471327969475,-0.24269854261811463,-0.25399458651790097
73,-0.19642892683435728,-0.29567678538178516,-0.1829140982625802,-0.1934573605918054
74,-0.08324104966976738,-0.011004844777660965,-0.02911773930431096,-0.0692043718134687
75,-0.2231893595323725,-0.12656787693815214,-0.13915996444721468,-0.0750706765229203
76,-0.24773690285583988,-0.28439692131467514,-0.14375108799502886,-0.10192778274978737
77,-0.28260094765823984,-0.30548450939294675,-0.18069587267374534,-0.13090751087245228
78,-0.15669505356260877,-0.22565743753623108,-0.09388261448323132,-0.06391553088887733
79,-0.2655249759317733,-0.3538885058801138,-0.17375174457368947,-0.12275047459378988
80,-0.2747887882693565,-0.23817463252728213,-0.16755710942190855,-0.06790361299179216
81,-0.2839630288614622,-0.3084269082859493,-0.17131336274603975,-0.14616865259008957
82,-0.17879225411323582,-0.24482963174868258,-0.07261200724177574,-0.10801406710548123
83,-0.25426841041038845,-0.28976515347637144,-0.19302597145799713,-0.1595435905625869
84,-0.17090658559172847,-0.11907447418651293,-0.17551901170391926,-0.13043153016925546
85,-0.22401024727619376,-0.30996637351706924,-0.23165354941362964,-0.19233920909559668
86,-0.07698941668172664,0.05515733664502737,-0.17114839397145157,-0.13217751743345635
87,-0.2431970201298207,-0.30525170066189317,-0.21885188450083484,-0.1735291161550082
88,-0.07674125486047695,-0.17168538084033028,-0.0178079973720862,-0.008554556833473646
89,-0.21479435381223508,-0.30666946018325336,-0.2795654077487996,-0.26840286379364237
90,-0.1998019798841277,-0.29940416843419637,-0.1780087292029231,-0.16389910613009767
91,-0.20668714430884189,-0.32457696651694895,-0.1607413375041103,-0.10820649603068773
92,-0.19760886722434332,-0.2429709962728731,-0.15246478736557478,-0.1388702394322423
93,-0.2212262084159299,-0.27299313947358306,-0.20107338212511924,-0.1991763106275644
94,-0.17964839003616867,-0.2359221864730698,-0.1408425380724683,-0.07519621703843696
95,-0.15975760967202607,-0.09527933021663951,-0.11025202238379747,-0.09375088695463171
96,-0.2440425611110719,-0.3409867727159487,-0.23386758622321388,-0.19102294964484232
97,-0.23376902484717005,-0.18417366022359205,-0.1722922808370735,-0.18131028245245195
98,-0.2210349397804794,-0.1642694799352713,-0.19751200742894462,-0.18680222482782785
99,-0.27468481561539654,-0.14281043819901312,-0.16902694853112352,-0.14967426148455676
100,-0.37717335891693715,-0.3565767197091207,-0.24601988883860323,-0.22608650914347173
101,-0.2389176811206622,-0.28595100996899314,-0.2631743603279853,-0.2283799401871535
102,-0.19296251265934194,-0.23709364421970014,-0.22648119586218948,-0.19195108018953833
103,-0.21132036014587466,-0.2445517101036519,-0.16301531657343374,-0.1617898933561104
104,-0.18781658725665334,-0.2388576950103339,-0.08556694259420393,-0.08725903446459878
105,-0.21435594642503378,-0.21501012492800672,-0.142994456483047,-0.11081794721678864
106,-0.2563729582648429,-0.29069608466470986,-0.15999879625575847,-0.14010213773071475
107,-0.21863106118723824,-0.11866208484507762,-0.18069038439163987,-0.15991711113668278
108,-0.27803575564332467,-0.325592066624616,-0.1621494377792925,-0.13351523898344866
109,-0.21866352196290603,-0.2335473765079197,-0.08143802533135182,-0.04370977025967253
110,-0.26540823556999604,-0.1694823079002607,-0.18307539387694827,-0.11251605006219859
111,-0.18950332921218652,-0.3043315697019861,-0.11849113271484377,-0.14179807330178432
112,-0.13495790167686778,-0.16587815969402434,-0.028055765940907498,-0.0257234428774356
113,-0.18856202915288783,-0.30901980204467905,-0.2892690002660829,-0.33731342826207
114,-0.23558666267909525,-0.30953670731074784,-0.13854062262208228,-0.1781769156096868
115,-0.24638513244636406,-0.3294024980730529,-0.22411595944725124,-0.206549787231707
116,-0.2774979840099439,-0.30991083430925026,-0.2534368910540182,-0.19146705479317036
117,-0.14247720105685371,-0.2685438945963629,-0.14475979524253743,-0.15611839789467982
118,-0.20909647154710254,-0.30012147265539463,-0.22216719035719093,-0.19783725566810628
119,-0.25252353101996133,-0.257138193781167,-0.24697295449398382,-0.1321937033719837
120,-0.18202831121475196,-0.2928976361397394,-0.2769752959680643,-0.27218489936851914
121,-0.037603167977206385,-0.09586773655389025,-0.050233739947677825,-0.04127439736737291
122,-0.19132494423975488,-0.33811001237553084,-0.16689106781494253,-0.16941172579764596
123,-0.37081270132438465,-0.33756147617899257,-0.18083903772200588,-0.1387974504121215
124,-0.24712065866252436,-0.32334969858904417,-0.1630057918941695,-0.10632520965118761
125,-0.30102287322916194,-0.2172298960028065,-0.2320193752809262,-0.2140974158903165
126,-0.28069352887691135,-0.18170651230699736,-0.19367781394762984,-0.14346563496028733
127,-0.2908236695119251,-0.3499482650852882,-0.11703453725491579,-0.08959468253631923
128,-0.2679442975691694,-0.1458351333845197,-0.10883124336547755,-0.10397735177117721
129,-0.18081889836145495,-0.22385241812955128,-0.05641514423461219,-0.03569795735034346
130,-0.14951050077420358,-0.005282496983947063,-0.10358258681886552,-0.054089394294412424
131,-0.3063182257288809,-0.36457891338936654,-0.1397094805338159,-0.10368055536694049
132,-0.2192241344965329,-0.23700699491440208,-0.1028915489509239,-0.07947207674258677
133,-0.06288416224117818,-0.1744905237478686,-0.2314242419361009,-0.20358413768793107
134,-0.2911563211176526,-0.18039904993564843,-0.14343681140814069,-0.11499410785989173
135,-0.2513274633564517,-0.33745567795241416,-0.2040512314984289,-0.15120402043021075
136,-0.20261158701759172,-0.2722151638189984,-0.21345876052448706,-0.1844377944839688
137,-0.28323441492848134,-0.17559341868788803,-0.1749823260270281,-0.15464345828964013
138,-0.19171503395054298,-0.18036074996348914,-0.25619810002577464,-0.23141543037211162
139,-0.2066314046480841,-0.13153408771925287,-0.17786975472639016,-0.1801403562651061
140,-0.32471495601695716,-0.23936150400825493,-0.23393778009048244,-0.16108504118713543
141,-0.09854329748366811,-0.17642737869416042,-0.11193268700153673,-0.072691835936496
142,-0.20029722895835483,-0.17501932302722534,-0.15723235396526003,-0.16575151137492533
143,-0.16444206113280344,-0.08876787261162218,-0.21981317665679695,-0.15283675893180743
144,-0.19606542699352467,-0.2988609192158483,-0.15816693384908492,-0.22342835593863336
145,-0.15633692116792255,-0.191028705925184,-0.22252573007033496,-0.18584099534993256
146,-0.295427111916047,-0.3508902000195644,-0.22529786587924233,-0.21143675573425974
147,-0.2210335491145838,-0.25642139543057296,-0.19287340471023476,-0.10196605920505139
148,-0.2492773977217539,-0.15376310270531146,-0.11818769869521706,-0.07476986835503578
149,-0.28076491306645573,-0.33463585749048635,-0.2220133429285575,-0.1580063104580542
150,-0.17429063040067969,-0.2365714810331534,-0.23629422933434802,-0.19705441176440322
151,-0.15273629696889493,-0.096415873783198,-0.14354383341054325,-0.12272260858164513
152,-0.2019514059590456,-0.1500246336939631,-0.14938131511601205,-0.1288113570950743
153,-0.12835601652661718,-0.1918011902959733,-0.2302745861018617,-0.14436133481993116
154,-0.24598969947397803,-0.3177759743811229,-0.173920877324295,-0.136343468493502
155,-0.22325917255716377,-0.11459176863299404,-0.18445838056739772,-0.1250127268668739
156,-0.22482313848038685,-0.292256982707212,-0.21924919054227626,-0.20632968584197062
157,-0.12440459917623285,-0.1259585821161192,-0.11578659056321547,-0.03800180017175226
158,-0.2552334223330686,-0.2025015063213423,-0.21005822795832726,-0.19756784163648045
159,-0.20206272941104247,-0.0985392073986937,-0.16238743482798518,-0.1776230741099902
160,-0.28348270531719916,-0.09783181573161592,-0.25560548369447506,-0.11997763555642708
161,-0.28206161032235344,-0.228074836428308,-0.15115433670353373,-0.12899248043145578
162,-0.25518633369521077,-0.2607591466468485,-0.21917055208342429,-0.1422158494877691
163,-0.18040448271222345,-0.16956009011141515,-0.10010080092803837,-0.05045706954099638
164,-0.25975220454453984,-0.3058402923236582,-0.19532408757291309,-0.17013829994385446
165,-0.33172102330026065,-0.3617775811030203,-0.2439261907384103,-0.17452729603039885
166,-0.1017293656399708,-0.11903438732530677,-0.16827734516313056,-0.08810864022152969
167,-0.2295591056774573,-0.12196259561502165,-0.14067190980446975,-0.063437224438352
168,-0.14799709470287603,-0.2840311750506987,-0.06987118457827816,-0.12398441976310311
169,-0.2796771625185013,-0.2536191817859727,-0.15526362701804305,-0.12652183304419848
170,-0.15963362452834495,-0.23536463394878834,-0.06223391767483422,-0.015157210713567211
171,-0.18380334339142,-0.29651227250427065,-0.27420513868132007,-0.23455534160584096
172,-0.242935975946978,-0.1349466211156239,-0.1672434414863424,-0.1230617920507343
173,-0.23746617710766973,-0.09562407216057651,-0.12177759323738996,-0.03881251140664791
174,-0.19488480987305123,-0.26560382490527096,-0.21738289655318646,-0.19434426646241199
175,-0.10948444366614485,-0.15562860287767924,-0.08002578600988514,-0.07947264771036329
176,-0.1478643311714751,-0.08937264175500148,-0.18431439533473215,-0.1835867453703856
177,-0.11453276559619388,-0.12055930850507432,-0.1474163705598075,-0.14378609486186744
178,-0.297360484067248,-0.3509256664706278,-0.3109864231012338,-0.2960722743421092
179,-0.19904939701985594,-0.20003480877783333,-0.16490447873804612,-0.14166469575740262
180,-0.2348396795221532,-0.07553921517633587,-0.19201398678123577,-0.11379841202681243
181,-0.2957136085662353,-0.19717280762958106,-0.23314105590302966,-0.1480962333723294
182,-0.254694272021481,-0.19332364274334043,-0.24274157280055297,-0.23008989023020138
183,-0.10913656504416835,-0.15988393393000377,-0.21675699024357759,-0.16217468484752864
184,-0.1455452603717931,-0.25951392855092903,-0.15302274385493755,-0.1136814420774978
185,-0.25314312372479597,-0.26569607811990265,-0.2197673939393917,-0.17811288817297863
186,-0.2200296642226064,-0.1418011507655742,-0.27150716563887206,-0.2846621874463636
187,-0.23128479631477789,-0.17665401077617415,-0.18471047124755474,-0.12757306205414698
188,-0.12906009431515317,-0.1371708835242451,-0.22502832934896574,-0.20215888528524725
189,-0.27400489931194505,-0.1540099297524931,-0.21787060783745985,-0.11865635287894934
190,-0.30355046830635607,-0.3679002450396966,-0.21368486655818938,-0.18752070807104004
191,-0.23136347845555616,-0.325963257262531,-0.2801647490577004,-0.25018241142474623
192,-0.1829983992071204,-0.11215708995221439,-0.09441971359171947,-0.08348696424353291
193,-0.11587035570011954,-0.09299974767119237,-0.16913799030073393,-0.19005421886028342
194,-0.10052955899524012,-0.1779760296855127,-0.18226498839441108,-0.12714555601529096
195,-0.27408187646455634,-0.3169790913436952,-0.19876629827265002,-0.12399299219978435
196,-0.3481719781628854,-0.3651956104463502,-0.23784567824968733,-0.1693279209783231
197,-0.2615391770698983,-0.22841906036849358,-0.13178301651693292,-0.04758385531685386
198,-0.15974260118221975,-0.27187767267612617,-0.18689720714480781,-0.21700078960303198
199,-0.3458215718571085,-0.1975034239288258,-0.16847020019778738,-0.06536159458088911
200,-0.2272983473327202,-0.32735619552439976,-0.11671669163043226,-0.10298963574657759
201,-0.26909624544133,-0.27487848580477847,-0.1816095834345616,-0.07912607722682473
202,-0.18242438011596263,-0.28008535079387725,-0.1889444774017821,-0.21054067815981736
203,-0.1875309117942655,-0.2177331624867063,-0.1339806620808984,-0.12065247326272062
204,-0.1752606855744691,-0.07949647452375681,-0.19096060386943728,-0.18993021378596464
205,-0.12154923567702265,-0.06522196314284157,-0.11811730825721112,-0.09194968186002389
206,-0.40867035174190974,-0.426148913097856,-0.26285337637178424,-0.25978213634056363
207,-0.24284018571891913,-0.2660029537515485,-0.28302651027487663,-0.18309357585866068
208,-0.1698483058149937,-0.14370560798603021,-0.25911997269941867,-0.22355560178546371
209,-0.28881882010722626,-0.09167687819079398,-0.1494434171649593,-0.05835322737654903
210,-0.1963011824710558,-0.2706040120205872,-0.10248679302454451,-0.07286310984977681
211,-0.14112489638295195,-0.28585995079029736,-0.15981076304327088,-0.1446844310198285
212,-0.07868963606071705,-0.12153830571901668,-0.15161721846215745,-0.1725688658929478
213,-0.1805110896305272,-0.24229087715856562,-0.15153009395076972,-0.10561459885680193
214,-0.11628207000174343,-0.03193781458619317,-0.137146632798814,-0.05633624572402956
215,-0.3003798052176135,-0.33511559915502126,-0.20584112552160685,-0.18882331913669578
216,-0.05580982513698535,-0.11735429431416934,-0.15112713292803404,-0.1998812518420227
217,-0.13921500695448222,-0.1596748099104227,-0.14461322989758918,-0.1097422814842403
218,-0.23551675344230016,-0.3663114998246592,-0.22902540529637125,-0.2631963245550225
219,-0.1462261940390913,-0.10293247707741386,-0.20040134378894978,-0.18113322169761467
220,-0.1635969334364131,-0.28687472392277547,-0.16734698349202715,-0.20015335679590116
221,-0.2801466343049162,-0.3859067209268584,-0.23634066458397365,-0.2134784762773807
222,-0.15513105964645008,-0.21366084217748593,-0.13565159330995818,-0.0631519224719241
223,-0.3372860494551166,-0.2508943667330353,-0.29104246255553107,-0.24268675851421376
224,-0.29652544314567075,-0.30474070657710806,-0.1255859849041975,-0.0726240577339707
225,-0.3043153399933804,-0.3285329629665591,-0.23314566499204192,-0.1896996360018462
226,-0.1698453393032609,-0.15393505962808052,-0.11629440241101702,-0.021539376980814796
227,-0.24038737975540553,-0.29446389806606005,-0.13779993544504668,-0.07666182050520821
228,-0.3101609272908412,-0.34426485021469755,-0.1409718049256831,-0.10654410372329937
229,-0.21198023645460648,-0.30115818013109197,-0.18528092899455265,-0.21531154568360933
230,-0.17084581232001886,-0.18562481200462227,-0.08901314428634777,-0.008496979570353873
231,-0.27100906942638403,-0.14260805050626071,-0.10936685355784492,-0.10418655185020484
232,-0.2381940196523171,-0.27155932858316073,-0.26560549757902663,-0.23054544437622213
233,-0.22728351076375697,-0.17727030700423277,-0.0905094888481615,-0.06914757584578556
234,-0.1265938423095321,-0.18197537857289176,-0.12572732700008757,-0.05211489476975989
235,-0.19432895571967354,-0.10581590486612484,-0.1672542763508477,-0.07866035198583743
236,-0.19421872943221474,-0.2373756147446134,-0.16977678198555476,-0.11673123418119107
237,-0.039736352031208955,0.010590033270542403,-0.10240352980194574,-0.08323066840838902
238,-0.22826124313904356,-0.2463834221473895,-0.147813387961908,-0.07345684461974024
239,-0.26197065415539894,-0.0873145395766228,-0.044938310808483976,0.02498864671191613
240,-0.07747420350029659,-0.1317786540110941,-0.14406507322160472,-0.14407276332662058
241,-0.09768571981534457,0.033101899115303264,-0.0686480647342614,-0.016576615173759544
242,-0.28396107855257224,-0.3057297042643271,-0.17414511859649728,-0.11498675630862577
243,-0.23891643911751173,-0.3002050526362911,-0.1641399743552638,-0.2271102824355918
244,-0.21216214272205813,-0.3134041157216899,-0.27991524708305515,-0.24575283672905224
245,-0.19999042754175017,-0.31556282306208494,-0.1690551641348947,-0.14736399277648662
246,-0.22748910452335733,-0.27388761919017596,-0.1923516686880423,-0.20066945336300274
247,-0.08520290496278567,-0.06852722877830952,-0.05281775411890753,-0.03387561827682092
248,-0.274652588875205,-0.09948540558941198,-0.1000092951841979,-0.019148237762487634
249,-0.15327289758794524,-0.1427329173262467,-0.12312963085818765,-0.05995224117397812
250,-0.2076564115856599,-0.25173703128450164,-0.24569801281685583,-0.2333914916682702
251,-0.24338103520922466,-0.12011989711686245,-0.20602396115879618,-0.19412828532026805
252,-0.02870755311925616,-0.12495841346176277,-0.07840604929278462,-0.08621897503125094
253,-0.21790750487388783,-0.10436938813307016,-0.1733044779529642,-0.11750699603873406
254,-0.03707652804763368,-0.0362019684332642,-0.10748623976816989,0.01618151086266136
255,-0.027770742575345165,-0.11298360855640543,-0.06691519054947001,0.02120055527070788
256,-0.25790178950022324,-0.29708481772547135,-0.10679559501479442,-0.04600100455796141
257,-0.3425282530929265,-0.35442025358672485,-0.1498860490852263,-0.10877512772049298
258,-0.2065116646697016,-0.27724247962665705,-0.23745197055514478,-0.23018552583642501
259,-0.11151369289224906,-0.22689673538815044,-0.11594844304785394,-0.10563734764943847
260,-0.18956852166127003,-0.11293407965246467,-0.14186912874851176,-0.1136793833642723
261,-0.17511856537180887,-0.2517131409159582,-0.13378256948421624,-0.128414029773224
262,-0.21193334922291626,-0.30260490207426044,-0.21710159953688152,-0.2053673004560278
263,-0.21515632504045876,-0.2926345677908148,-0.22598681973947435,-0.16409772450047483
264,-0.14518737989729066,-0.12935164710801392,-0.1273044395412014,-0.03865495811182024
265,-0.3671713498747597,-0.4094514676212865,-0.19012829682173835,-0.1525786135072521
266,-0.18563574339849986,-0.2679207323493226,-0.13471652192886424,-0.067879732121317
267,-0.23305548662617068,-0.18283815139471374,-0.1642641108988033,-0.12163612527406306
268,-0.16839173955522907,-0.18957321379510766,-0.20996081344473086,-0.16181750424403035
269,-0.012574454238682116,-0.168860495195971,-0.11850661380643636,-0.1548593484986312
270,-0.17089931477880263,-0.24788236985055012,-0.11487054943281479,-0.06627902966109618
271,-0.218632760100989,-0.13156439389616958,-0.21802664319551496,-0.24363278763216212
272,-0.23549107524201351,-0.09070152957852458,-0.1835750747334104,-0.09967339736916858
273,-0.2626361681845865,-0.1586519204345455,-0.144866777345909,-0.08247466490878635
274,-0.2430989730800258,-0.2848543511376478,-0.2872077481511128,-0.24733728672109898
275,-0.3167381691882072,-0.366965651850563,-0.23793877416010598,-0.1770686023160582
276,-0.20189777525618788,-0.2711757777561387,-0.16030162009461874,-0.11524903552616557
277,-0.3184793670034702,-0.21172410762121316,-0.25880095890898935,-0.2068033452278215
278,-0.18321386111693297,-0.2266751727294094,-0.16956942492933752,-0.11929524986600676
279,-0.28634205729985146,-0.33057709526076395,-0.17889400642939693,-0.1874620123751621
280,-0.2084739139626971,-0.3038013678685221,-0.10319673220638198,-0.028134134688127
281,-0.1972100374828895,-0.08983620443497158,-0.19612837952185158,-0.16796558685677618
282,-0.245527784215393,-0.1509939703740009,-0.11071596340120272,-0.14813649792521288
283,-0.223869204963207,-0.2957613792732742,-0.31327728890691725,-0.2533302503925047
284,-0.16819785007394591,-0.039498612053676364,-0.19711339163725333,-0.14548238161944033
285,-0.25254691230472615,-0.30053763670909167,-0.20853691200749214,-0.12508743969026506
286,-0.2661006831849016,-0.12418008925109689,-0.12629649582377864,-0.08663209179830188
287,-0.28002122444099625,-0.3622980870743011,-0.15537696396784675,-0.13808514970573557
288,-0.16637020053234824,-0.03898042374895624,-0.1951825994073508,-0.14045680523498746
289,-0.2917143459537762,-0.33349959103886906,-0.22672094914509566,-0.21797983625409706
290,-0.2795504305072901,-0.21335988230342637,-0.21238250401721864,-0.15211575588611412
291,-0.27784252016119243,-0.0843246732675965,-0.08228334976994699,-0.0517411942794824
292,-0.22433240762941645,-0.2425851582662946,-0.20972881850200126,-0.12475884205237484
293,-0.33364231754016244,-0.23486469699387252,-0.20999712404035997,-0.1635998519823444
294,-0.22173400932193932,-0.32070773274782743,-0.06875585902033575,-0.10505340621682861
295,-0.17074026082703767,-0.12912799187817522,-0.23707339157638566,-0.22804284371013842
296,-0.1731556580455218,-0.2860354579827162,-0.09683619356650187,-0.11502214239337444
297,-0.11859358152398897,-0.17210916537238485,-0.12276257004348456,-0.048524394106663336
298,-0.16257157457617033,-0.21813704802929362,-0.1685381696941246,-0.13329628431451276
299,-0.17246304614568728,-0.1552543750689337,-0.08502125770918534,-0.09201107909236804
300,-0.2026306346397527,-0.25253021035256035,-0.18808575085779577,-0.12301810176472419
301,-0.2607746869652655,-0.17533918108793264,-0.16803307913151147,-0.15513715374938344
302,-0.08504186339391401,-0.1585980895616397,-0.17822976173619753,-0.10365615551499444
303,-0.1853548552938473,-0.2545447152232286,-0.1624087136108128,-0.10961125595657392
304,-0.24284676342265366,-0.29958631139006997,-0.25203572329515167,-0.2158810680125835
305,-0.27174803044984086,-0.14914676885818903,-0.19613332303676628,-0.14389383265670844
306,-0.24809168320074865,-0.2726719986301344,-0.27310284183336836,-0.19601678717181534
307,-0.14337016114094303,-0.26011464008621354,-0.19974772942291372,-0.18621522643184168
308,-0.17238776845450507,-0.26212755628446754,-0.1392076050315982,-0.11736864050787231
309,-0.27665002527247384,-0.31439551614964767,-0.20383835508512607,-0.17142397834208128
310,-0.20731857583216012,-0.2512537577911854,-0.14261070551159868,-0.10749088865945855
311,-0.19518145565513875,-0.2945241487212482,-0.08117669163464832,-0.0875937198302918
312,-0.24456255289629725,-0.31877755042954486,-0.2541907664830844,-0.26366976757483795
313,-0.2749081530644324,-0.18355698329853515,-0.0740292461907845,-0.031365139165621767
314,-0.10867250694439869,-0.015612449798265881,-0.1285021774610908,-0.07983839861468753
315,-0.17454687947570655,-0.09733532220310516,-0.31862726197621977,-0.2643848773901307
316,-0.2809198511381574,-0.32246158813938613,-0.257726887865109,-0.24310738384587893
317,-0.317197098830673,-0.37168668502387936,-0.15967818282717813,-0.16065324273523574
318,-0.18425282404914725,-0.27533957609599774,-0.15641438954975237,-0.10578897324090353
319,-0.3459077954086793,-0.24557556507751577,-0.268102660382362,-0.24824052065888297
320,-0.28439734408395767,-0.30870316260429903,-0.2011643730579479,-0.1580880504244491
321,-0.2574368660047291,-0.2978846815860362,-0.21892389422770245,-0.17142330537749564
322,-0.2551391613755951,-0.29214918322898736,-0.20744710849193335,-0.12676602157642694
323,-0.1558862337288659,-0.2627003562921535,-0.1283860804303315,-0.07534910849446923
324,-0.1712614105098224,-0.26284688212728485,-0.19123882848576876,-0.15105240012676863
325,-0.26392317457815273,-0.23970592846235583,-0.17595020297885347,-0.10903601874811725
326,-0.08346236161593869,-0.22695137297312643,-0.1147354426843208,-0.12358283673140621
327,-0.11498536489115599,-0.17208637903809137,-0.10662444536719495,-0.09480351222760615
328,-0.19279306716929662,-0.22321877948733704,-0.14838756276041282,-0.11417824599526365
329,-0.2593745441579411,-0.28033196895813667,-0.19864710083626172,-0.17783719492729244
330,-0.2584489791895209,-0.392930288350819,-0.29731663397197433,-0.31082749228196105
331,-0.3245373732268399,-0.3294238704549574,-0.2343385883495893,-0.14042986820987272
332,-0.10901912212115451,-0.20154693712316338,-0.20672285432566234,-0.2211327977711202
333,-0.3917236246894662,-0.49023138257939347,-0.18504714353836615,-0.1806164367163322
334,-0.1721323938629848,-0.26152531757707514,-0.12153453813433118,-0.12708166974273208
335,-0.19609016030343668,-0.30959348615088766,-0.2507352533663056,-0.2748639343566113
336,-0.26505542832225687,-0.33234602551727016,-0.10860873248264072,-0.11443854230898096
337,-0.26738104646929006,-0.36761607840650534,-0.19779729659254883,-0.1654161156016395
338,-0.09791415749489421,-0.14415719705071667,-0.23191085921422835,-0.1162897938531489
339,-0.2456571898073275,-0.3806825264298935,-0.16937677323152314,-0.18858262905906217
340,-0.17878356192866576,-0.2080237872220535,-0.13745328126021933,-0.07567807569502294
341,-0.08267181155214683,-0.12446651422620876,-0.1246701674212051,-0.09794600625131011
342,-0.2231186023460586,-0.27325863666257744,-0.13691215207405363,-0.08398775524337619
343,-0.2381158496174936,-0.25591947413860794,-0.25208461131866555,-0.19605707291120072
344,-0.20304779816601534,-0.23528155934500128,-0.15989674523691452,-0.08775621919585223
345,-0.30478129158254946,-0.14910089303839727,-0.16466768241298949,-0.06685748786371878
346,-0.2180262219838083,-0.3079853838077945,-0.12778962551086107,-0.10083966736313156
347,-0.27771629206064846,-0.3771106138093047,-0.26331914971216913,-0.2542363971230152
348,-0.23641327864505948,-0.3300183013698649,-0.15105675371730787,-0.15336874801705208
349,-0.2751446748746549,-0.1767380810303771,-0.26668704039461383,-0.2410711049120578
350,-0.2419055455283892,-0.1500234954908425,-0.2333413715604917,-0.2169195770089605
351,-0.2092734469237119,-0.17241720552987638,-0.08488155627099536,-0.02033629597502929
352,-0.018925259644764034,-0.13214804486897946,-0.055536057928236196,-0.0760586127211271
353,-0.2424450455113315,-0.10972130225438358,-0.17351528777442968,-0.10724989921842211
354,-0.21389556848549146,-0.36385563987752717,-0.10057176117618379,-0.14163187966477986
355,-0.11971065453424924,-0.06256866981313416,-0.14331185982901123,-0.0858818750304068
356,-0.04303252285462717,-0.12063683457488121,-0.16611850885353002,-0.13537444503764315
357,-0.14320750328412177,-0.03296437859226811,-0.19753344196797534,-0.10307617449983718
358,-0.2278285221050228,-0.26014542347577013,-0.23363291724765056,-0.17048097619190478
359,-0.1749686660874927,-0.2903689645393087,-0.16950062073661165,-0.1630983331876637
360,-0.24346294031041033,-0.12571947259256783,-0.18587080327537167,-0.18994406887794635
361,-0.1752270786989094,-0.2559925689426641,-0.25822451573439786,-0.27230223515779495
362,-0.1925158650843177,-0.1467221216100053,-0.19806301241130866,-0.22375970579814328
363,-0.2569354688665595,-0.3833903209447698,-0.20695983647896182,-0.22766014572114135
364,-0.24477619242887302,-0.11712386730945366,-0.13288168328731773,-0.051651512410905924
365,-0.2341757627641309,-0.29511152548786135,-0.19256092008693942,-0.16362265468222467
366,-0.22034747284341202,-0.13217269375093124,-0.11387507187195918,-0.05803784376048791
367,-0.1873226549401925,-0.278457229493233,-0.2532751442237824,-0.16995036946070816
368,-0.24720092194951343,-0.18151671884314816,-0.13906495853116746,-0.12158346575611324
369,-0.2505553230238967,-0.1481519430278205,-0.16503631992285384,-0.1513776538779272
370,-0.2611273252578388,-0.3213606571182086,-0.12597040109890134,-0.09404990533872334
371,-0.10726128041140384,0.02803811688004967,-0.13815147062318883,-0.020091975231724808
372,-0.23709687274761052,-0.11620472490978705,-0.3718553537338444,-0.2996302621220892
373,-0.13240606928781107,-0.1514534360574235,-0.23829486318769996,-0.13902600441064664
374,-0.08831318509298627,0.012942893489720945,-0.22016888494229306,-0.18880473600105696
375,-0.27188114222815696,-0.26398126798624766,-0.11093826905690365,-0.07932994545645473
376,-0.17920417215752935,-0.10259987031684886,-0.15420339643057854,-0.15471453087282927
377,-0.0832965486319638,-0.09850436251759499,-0.12711257344001334,-0.04257141718737387
378,-0.21773736656730353,-0.141450558425981,-0.21225414472898485,-0.19575020816397914
379,-0.32465383353523036,-0.37349534051678096,-0.08939893049271318,-0.13944991106307095
380,-0.0887229380416853,-0.04556582443738397,-0.12549356493970987,-0.055929849437882574
381,-0.263638202700625,-0.333364161180745,-0.2721746529691728,-0.25236779293203027
382,-0.34369378543249635,-0.32286198684641054,-0.3265816930158528,-0.2374330764364952
383,-0.2128667718489769,-0.11179919619046835,-0.1296814090981546,-0.10383513664161365
384,-0.3679672332985672,-0.17687541696485654,-0.19120574688727726,-0.14688199761714585
385,-0.18357852093610275,-0.278757700365354,-0.16270493228466024,-0.13627198076969274
386,-0.16481274012984642,-0.20145436254961638,-0.0998309068884498,-0.0867947480009431
387,-0.19782254777837907,-0.2903439656734982,-0.23154201340466107,-0.17980727590620896
388,-0.2478430709098431,-0.28502435893354255,-0.1591715545242348,-0.1352469051643679
389,-0.12431125888838002,-0.19881906898731042,-0.1779125892796175,-0.137378325169834
390,-0.23212914966128792,-0.21856734743252842,-0.18595338995252167,-0.12101694845558827
391,-0.1369510550382044,-0.19373811178295613,-0.17061934065796588,-0.11867924955976371
392,-0.1499208202664385,-0.19061914627638962,-0.0628677861608596,0.02542418756322957
393,-0.25832376666353646,-0.30968714615028986,-0.3437023123365485,-0.2892228285032113
394,-0.1441823284920788,-0.02312250764079128,-0.10268571106091964,-0.01898183579755502
395,-0.1757522244695023,-0.3128902506949801,-0.15343282942596248,-0.1605016304172697
396,-0.20214098159081523,-0.28172147179837237,-0.10169189683476476,-0.12558932389939234
397,-0.23179708355765644,-0.07152565022925206,-0.0983209304640936,-0.02747587641483415
398,-0.1860136055392322,-0.2935859486167038,-0.1564375311252781,-0.11721626902907031
399,-0.30869931161221614,-0.1728142321902031,-0.16530878842888264,-0.08359105064563295
400,-0.2731269332155507,-0.3519156158640988,-0.21533692977609592,-0.185968629109886
401,-0.24830329608699958,-0.13673878880671778,-0.2635370231922725,-0.19033078333391956
402,-0.22079933455661224,-0.07461669632191445,-0.15433954903504013,-0.1019787793852183
403,-0.1575005600862566,-0.1712148021284156,-0.13170823699158357,-0.0631101120050865
404,-0.2697028282912264,-0.3270211921804583,-0.2564679194130158,-0.23290591280096903
405,-0.2201650182537768,-0.19236257845176208,-0.12760091725047149,-0.141550890158693
406,-0.2654274097594958,-0.28179926387195386,-0.24772013005349391,-0.1293331758475615
407,-0.16229014393103602,-0.1485182495486357,-0.16663611180323468,-0.07464500599940371
408,-0.21106154250705655,-0.29022099381821775,-0.13344495109746618,-0.1242520612665323
409,-0.19602787312195716,-0.2704615520648417,-0.1738833870394374,-0.1586531415647334
410,-0.23507212716203238,-0.24100087754652594,-0.19426490682483993,-0.1264628618696272
411,-0.09877117038328388,-0.05744606402648511,-0.18525046269177678,-0.10077261421724402
412,-0.21142161719254537,-0.3584968907717151,-0.22060734879013674,-0.22507974751881762
413,-0.11840153991232912,-0.11632061402296338,-0.06570083415657275,-0.009645472043809103
414,-0.2281267401036569,-0.23133783473355576,-0.25375000983714247,-0.12338507811670342
415,-0.2741526248484548,-0.18389160707038027,-0.16782112013458883,-0.13977094216200905
416,-0.22946590132290473,-0.33224147283350475,-0.1323107692459357,-0.13583458906016724
417,-0.1781976118078348,-0.2559675557826865,-0.23277647390576925,-0.1831134658953279
418,-0.21599479741092176,-0.3037269967348314,-0.15624449380934843,-0.14090897806713026
419,-0.11698190754978223,-0.175628494317798,-0.09733891046953942,-0.054834221267217466
420,-0.08789776903137239,-0.16317243180500396,-0.17614863154439936,-0.13105278717365973
421,-0.21339140880494523,-0.14555264684724817,-0.22153228064783076,-0.2570786750566317
422,-0.12108913499945913,0.010324506477308822,-0.14893689300685412,-0.10966526333274541
423,-0.12140461959290322,-0.03287122393160826,-0.1936031093599763,-0.170951061000356
424,-0.20461808103648346,-0.06159763247705466,-0.18132738776484714,-0.08107452514541012
425,-0.2895513208521378,-0.28814916488129916,-0.20637395115838,-0.1336791269282835
426,-0.15400663056313538,-0.03835828644035923,-0.14420616106217393,-0.10704972109728007
427,-0.15464117341331057,-0.32197484411165694,-0.23503651111602372,-0.25979267587613286
428,-0.04949571116182916,-0.19060052234655267,-0.08911713851679662,-0.11792701725444861
429,-0.3780288526658585,-0.36985539157570946,-0.18813335320591423,-0.18350139286264222
430,-0.2175978527716787,-0.09938803185393844,-0.15904132605472493,-0.10031025422292134
431,-0.26355770722026267,-0.3773103276536642,-0.27058762870847125,-0.27352352989411394
432,-0.3936542627589681,-0.1746185949401662,-0.21712731160128426,-0.1509259667430901
433,-0.2705651307020678,-0.2839547792581414,-0.22101507006041338,-0.1982030607227445
434,-0.24650459655180315,-0.2700740927349861,-0.21054162329597076,-0.18756818753525228
435,-0.15194898211050184,-0.241913295882738,-0.1765999147679707,-0.11426394318059378
436,-0.23128721237871594,-0.214749367314939,-0.12987667098307915,-0.04911190880327105
437,-0.1597856081574278,-0.23716609377275638,-0.18125898611700225,-0.15750431292066383
438,-0.2514995788786629,-0.2445233922406943,-0.2443668003376369,-0.14388796733032796
439,-0.22925583314240322,-0.2867741213952486,-0.16242599189774584,-0.045672469739705374
440,-0.2755422095313559,-0.3094437895024227,-0.2009175684464636,-0.19531008975291939
441,-0.13675888720902377,-0.23442605855293996,-0.18763165071901922,-0.1496401054225322
442,-0.2688781633908656,-0.29701636068694615,-0.14259987259122037,-0.05225171834419258
443,-0.18023296877788475,-0.09984686620183851,-0.13487008963137442,-0.08411625802230516
444,-0.19651718942409754,-0.11813899876657068,-0.16079426795189788,-0.10316608291192637
445,-0.332240852829542,-0.22183411381375281,-0.24994580342895287,-0.19114799380709457
446,-0.18501366551560158,-0.09505751775441333,-0.15416237818547948,-0.15644195118105042
447,-0.18823671006692586,-0.19086391401504738,-0.15964556882378572,-0.1432392243608158
448,-0.32244537748722907,-0.35924335914716216,-0.2724133310740725,-0.20310932867490625
449,-0.1675917962708747,-0.28903410851259437,-0.18259988907382801,-0.1734737100503385
450,-0.16372386950155995,-0.27730193604635817,-0.21539897686164491,-0.2093728422117972
451,-0.22139032257369778,-0.2747176804837901,-0.19958682393657634,-0.2217383689607681
452,-0.33646128704545636,-0.34192652438258725,-0.2678507466632257,-0.23143604423165434
453,-0.2424626882493146,-0.20027463040625496,-0.24022826218505156,-0.21357222958684188
454,-0.21898571966214891,-0.10270507785605464,-0.17931574463109956,-0.17877142261087717
455,-0.2414527694276679,-0.3062162844661897,-0.2545020405124854,-0.22499477005528595
456,-0.24953549662099106,-0.3111448808369773,-0.17601063318895024,-0.17613500482621383
457,-0.2014798515776829,-0.2632006919160295,-0.22419553611498863,-0.1835665175239468
458,-0.24149781488679348,-0.32939679399739036,-0.09023976002593832,-0.0472387570234715
459,-0.07130510183032561,-0.10499628476345052,-0.1600340897176596,-0.0767344786841086
460,-0.215874050600855,-0.2705422283828317,-0.18007163475403018,-0.17229744321163387
461,-0.20864017682698077,-0.30761115139396034,-0.14743461839554287,-0.12075451416429257
462,-0.16028889226858076,-0.2150802388702731,-0.2665471590624025,-0.18380922938590846
463,-0.25336285961240396,-0.2800064856110275,-0.25657275874749347,-0.19859777600629971
464,-0.28475748805863327,-0.11473242175786698,-0.19048542587951664,-0.14895371847855995
465,-0.13093159297628598,-0.23731051965643646,-0.14305156929525267,-0.13906631934036606
466,-0.17905898398711206,-0.2593497434836448,-0.20717633673689909,-0.17113637214180777
467,-0.2460320880081851,-0.25634417697251183,-0.15027192162849204,-0.1391730234677296
468,-0.27970388054959655,-0.3816163723688965,-0.27853928520217186,-0.27686097144133187
469,-0.22589746484168852,-0.32458122632540437,-0.21961815333607443,-0.23369342309379348
470,-0.1057405653724309,-0.1648706874602079,-0.16086670872378875,-0.09570956104542229
471,-0.17557050773327967,-0.2571104543821121,-0.1971529319703833,-0.20666800340724223
472,-0.18361805886947227,-0.26871168298797066,-0.17091816240606364,-0.13224215670632142
473,-0.24084764324454366,-0.3459512287093056,-0.2514343243154006,-0.2551891294028479
474,-0.21096509726128052,-0.1647084537142861,-0.1494041081241929,-0.14973576502959907
475,-0.18222351297395226,-0.07226002273984519,-0.13620458957301715,-0.030016859997997584
476,-0.16841965446771778,-0.19452510968088496,-0.09710852266406585,-0.062186976643140005
477,-0.2716226923746479,-0.3394946185860309,-0.17170034683388483,-0.1267810577759201
478,-0.26523100803171534,-0.23329792959807885,-0.13997599232013064,-0.14836064638925014
479,-0.2202363450772737,-0.34140853814911076,-0.20148209202043563,-0.19630827687809838
480,-0.2594684086347349,-0.25542228211451645,-0.24091339484978563,-0.17279855385891993
481,-0.21000941635606857,-0.14860971273887916,-0.18770371800990207,-0.1561948733571871
482,-0.31578759746530033,-0.16891847085175996,-0.18627631199187109,-0.10364064550262897
483,-0.3033587252706088,-0.31213384483854145,-0.23598036732451383,-0.20767103330227943
484,-0.10674313827592086,-0.08282286502505336,-0.05051050190958568,-0.028474807689826027
485,-0.3824171150265375,-0.2629649257486002,-0.1893004268934436,-0.17773027787172355
486,-0.37445808810954745,-0.3644270563088502,-0.2620275773782787,-0.17472299516951734
487,-0.2764906922645275,-0.2719719252870886,-0.1836744757977172,-0.11856692226068107
488,-0.28539102743803546,-0.14882357791381828,-0.20675710399406377,-0.1349967034892135
489,-0.2304821795468301,-0.12887043040296392,-0.045642299273499526,0.031221227642822206
490,-0.14061232470954346,-0.2528370844170597,-0.16829054827294732,-0.1458781561785435
491,-0.2791171291839242,-0.32425124394264915,-0.23831879672180337,-0.21962565761674394
492,-0.23823085482647793,-0.2805891669586609,-0.2893355593565407,-0.22661571022246918
493,-0.16526682403240472,-0.30259619450000097,-0.08835904416952942,-0.09886927333549486
494,-0.24348794754067937,-0.13939044552895297,-0.14437884488116626,-0.08479542043301846
495,-0.3282039682391907,-0.3317474841559916,-0.274823157683608,-0.22514450545079903
496,-0.22446028862201062,-0.08478099359806418,-0.1850433322147755,-0.09276039460528254
497,-0.0931177551484071,0.02031347984948628,-0.079346047034628,0.0059961529952891396
498,-0.2144508145847841,-0.18867981726225735,-0.1911126060647234,-0.1949206141895028
499,-0.20950827251741377,-0.2010728531032405,-0.23646975250880412,-0.2024784777615796
500,-0.2635822936033769,-0.19766124781215902,-0.23196949152853208,-0.17830044741413245
501,-0.2633250669964805,-0.3162263747085478,-0.18423484287208947,-0.14914195157228916
502,-0.2269355490293548,-0.3501716935302177,-0.179851074647212,-0.11968801110419627
503,-0.2189950119130349,-0.25796281343956995,-0.028847448016895566,-0.0464509637406684
504,-0.2881985913109242,-0.2779919093224883,-0.15267300812599863,-0.11369770700932337
505,-0.17427593043010942,-0.23091922972329443,-0.17841134632358058,-0.1114637316521271
506,-0.2593740948118028,-0.18017138551834289,-0.11896556244375521,-0.06429725024231947
507,-0.23225757055293064,-0.24433917997856922,-0.12670575101238382,-0.10989189252575227
508,-0.21209808519298667,-0.2987615671770476,-0.1640609051624874,-0.11825492300560884
509,-0.23725162491348856,-0.19876306991020953,-0.16907458693491872,-0.10193969244239014
510,-0.10722607087635756,-0.2485691317086346,-0.14490778024062284,-0.11938701675784298
511,-0.18563291895042938,-0.2947609159912104,-0.234125472172899,-0.21539385217822973
512,-0.06793759938732458,-0.15945785214961544,-0.15331984830353532,-0.09288440473260472
513,-0.15433845117438677,-0.3295712173763153,-0.18040353619987765,-0.23262552778716444
514,-0.2554392668378309,-0.14444866709056775,-0.1940203719148497,-0.13120988338698136
515,-0.21208060350589814,-0.20374777152212656,-0.14841966494141515,-0.10150670645516749
516,-0.06461574798708276,0.026077896178305693,-0.10132733339359336,-0.053891435324175715
517,-0.22561141025384449,-0.36335718083951174,-0.1932751862446,-0.18641646309289195
518,-0.07297350153918782,-0.2198159154082381,-0.11935397436954423,-0.1428068957392821
519,-0.24677155070561468,-0.3026176194086058,-0.1251561017241325,-0.12162554286168527
520,-0.252836375079708,-0.13666562433122553,-0.1669686422010185,-0.11203517618312352
521,-0.13928585247949798,-0.23975573558069005,-0.13172734389498314,-0.09638842451032874
522,-0.23434574429685487,-0.2697466412458396,-0.2865771698651763,-0.24335327557892275
523,-0.17157956524154533,-0.24412960276293838,-0.06902484546515932,-0.09861739288048274
524,-0.22751799720100252,-0.2857024479269623,-0.20265500332205344,-0.18710615563553046
525,-0.1560891505368266,-0.12003888979470095,-0.27566270613526633,-0.16767960080326777
526,-0.24694847907086762,-0.3442109461829355,-0.3581954543144999,-0.3539975799052608
527,-0.2441345391562845,-0.1258667795556987,-0.17390839112863404,-0.09596984951377538
528,-0.19759745698549677,-0.2738375130273974,-0.12326878252128871,-0.12688137732298602
529,-0.2233371186793707,-0.31359613907684436,-0.259534896850047,-0.21443704253959694
530,-0.3012562887663905,-0.40348804628274526,-0.3815830172333877,-0.3261806989219585
531,-0.1689669773048391,0.011153584432371898,-0.14166285632024767,-0.05763814255038899
532,-0.27287430912719385,-0.36738938399392307,-0.19866808388137538,-0.18321418854969793
533,-0.03187659451137722,-0.03952004989300207,-0.09836581583339804,0.02765351915865102
534,-0.10776645072504865,-0.1430781336213167,-0.1942419738952133,-0.16433760118084528
535,-0.25482578738435585,-0.32601099284017765,-0.2240226526100076,-0.2214816136279823
536,-0.18550234037765362,-0.2668830288366651,-0.20515106442185593,-0.16754169328195312
537,-0.2398098996938707,-0.2726357446554151,-0.12148319194521105,-0.06823449267887172
538,-0.2824059903728228,-0.28169573006343757,-0.2644643319366072,-0.22802237483185706
539,-0.29317002530926034,-0.36640772975732483,-0.2848988389079197,-0.321759671873712
540,-0.21357068019689876,-0.13083801540683762,-0.13427736561181344,-0.08295285779014686
541,-0.36569035702542413,-0.3849148305783253,-0.31384550487947827,-0.24714436868088668
542,-0.3114956710930098,-0.35302766089129345,-0.2476848632007705,-0.18581916899367576
543,-0.2981719759682585,-0.3186272983295013,-0.2078682436741324,-0.13478804433133149
544,-0.3253568008291765,-0.216094574895816,-0.1820078049074979,-0.17363124691486131
545,-0.32132676013334033,-0.20867547855244872,-0.2558502825858825,-0.22451910211680526
546,-0.16232691612942818,-0.2632230353942749,-0.19250154745010134,-0.17284226468092487
547,-0.18211942004270437,-0.20812384644993548,-0.2540524908529784,-0.20092501924530295
548,-0.10525175874835446,-0.17086933719619726,-0.17687991176149587,-0.1419494364571835
549,-0.1647689857213634,-0.2681698329731803,-0.18775246263330284,-0.17525126509606342
550,-0.27489660184973846,-0.3224107307948902,-0.2426649538173035,-0.17708723261157
551,-0.21917412683890142,-0.12609086814391163,-0.23062723862062073,-0.18533824935936466
552,-0.22942037870925686,-0.31008683803673304,-0.1186725867727141,-0.03344154917812557
553,-0.2974948424256048,-0.18537065353441706,-0.16670934301549514,-0.12472105948155714
554,-0.1780222077750612,-0.28388553115233134,-0.13816638143411583,-0.11918126605908297
555,-0.27838932417233575,-0.2860265285558364,-0.1416530787593305,-0.09585543317177259
556,-0.18217083001744452,-0.12979658778409064,-0.06818616186429036,-0.08600768443389353
557,-0.14523617260459387,-0.14799738185698977,-0.27359681951924025,-0.1810526157519111
558,-0.2528951189587192,-0.1171513559444904,-0.17946144739322528,-0.12063980883302983
559,-0.16323748865919713,-0.21583865635919783,-0.175246448039894,-0.13848235183932694
560,-0.19446437205665404,-0.27406457353894015,-0.21951780602190293,-0.13544010446836188
561,-0.20890403358070414,-0.24038841684838294,-0.22614556238486092,-0.16517452636802524
562,-0.1712061306106686,-0.2150457546755297,-0.18437767440628358,-0.1344521871292027
563,-0.3497255896255484,-0.3391570580496156,-0.37860312131831275,-0.30650332361323607
564,-0.23770639044926045,-0.29857450407026476,-0.10800784230176678,-0.09465086218336115
565,-0.18744456691185968,-0.23293573947008386,-0.06988424003897448,-0.040238453881542485
566,-0.15492398047117165,-0.1581108625035596,-0.04396266038088755,-0.06796496898856307
567,-0.19916016986255053,-0.2741675772719344,-0.1634234212334618,-0.13285211346989922
568,-0.2799782183747932,-0.3085242454277465,-0.23564383314906617,-0.18869121099360375
569,-0.3239921064731952,-0.39055490493840944,-0.1366159657554263,-0.1429127806951381
570,-0.18574886846411356,-0.17816304387648596,-0.12860849139839298,-0.1293682899968433
571,-0.33477318516793053,-0.22760144865958595,-0.23998872464101048,-0.17966446525855312
572,-0.17721888977357497,-0.29145785212205677,-0.22633740037039624,-0.19611452383479464
573,-0.17707692042649487,-0.22589725872918268,-0.15559974961112577,-0.14748554893848262
574,-0.2701512544486318,-0.20413142126757927,-0.120682411759235,-0.06965607347180837
575,-0.2666283080199852,-0.19661146218823336,-0.231507081606089,-0.17675885318507326
576,-0.31884909809863043,-0.22104137147740116,-0.2650139398618875,-0.19300307281187928
577,-0.18399226155176693,-0.12352142248157394,-0.08998221104588047,-0.09805669480184621
578,-0.07155714160898012,0.014211434219438658,-0.062389661073122375,-0.04252971923445243
579,-0.06482918893080504,-0.20261143549384505,-0.10228819410597571,-0.1022631637080094
580,-0.22448507146372315,-0.18048699418162562,-0.1851353908003124,-0.1681763588126403
581,-0.30174592284244467,-0.3812886346394629,-0.23137130024974611,-0.23986734424666067
582,-0.27744832803807523,-0.28915325941905423,-0.14411901415124198,-0.18346648612132843
583,-0.27464528503714736,-0.38487239292452585,-0.20997045330834865,-0.2200195072256197
584,-0.2085908702121633,-0.3682014820047471,-0.24607623921379135,-0.2436367762487132
585,-0.3546783099459278,-0.4196607701959234,-0.3089292217365031,-0.27350654967913507
586,-0.18718466379979193,-0.2188909596269155,-0.19806119008526699,-0.10299727379017354
587,-0.16107370727695433,-0.12468006904963834,-0.20367227321195958,-0.1673548117965313
588,-0.2532503168578602,-0.2594636555754005,-0.2060826866395308,-0.21273807051349392
589,-0.17639858222206328,-0.22149148671398375,-0.23796943612439886,-0.18667708813845812
590,-0.11798705058743256,-0.028929067410210035,-0.19464627751867877,-0.1258204777672914
591,-0.10128166773748551,0.014143007301935902,-0.1524071648270062,-0.060673467590616495
592,-0.22081913001526493,-0.2712861623248652,-0.16403571563809125,-0.08348395063286568
593,-0.23045983690297328,-0.11458978253026497,-0.24462970602662545,-0.18008887949688623
594,-0.19444942030479392,-0.3159722562606479,-0.0945752886133736,-0.08633356680799738
595,-0.09360809131416038,-0.13663058809842882,-0.22078956697910154,-0.14116108549900516
596,-0.2923259928841608,-0.34366085629711096,-0.16234092977791836,-0.14907281902084743
597,-0.24334623488190635,-0.26629437860542843,-0.1533835761463655,-0.15168345001073996
598,-0.18580038711734506,-0.1432403792789155,-0.1779965842848905,-0.15461822899418293
599,-0.278382324263038,-0.37270872229444985,-0.1289510832702741,-0.09494524115501178
600,-0.25141884882518106,-0.27236237262179286,-0.22574308887275227,-0.20892659563941923
601,-0.32195366435721334,-0.39319633768685847,-0.2253263116827565,-0.2850717004944048
602,-0.2603200342187038,-0.32998171729423914,-0.2650901798511203,-0.24736194668003003
603,-0.16706215493923648,-0.13386641026225454,-0.21844923462475496,-0.17652016162812434
604,-0.15296651312023543,-0.20790450497152743,-0.1488713447671049,-0.18039473699646255
605,-0.1374222210375758,-0.0421784655976367,-0.15889188587581576,-0.06697743302365701
606,-0.17920239423443302,-0.24220227928135196,-0.23404530615827246,-0.17311876676838878
607,-0.28598307968179265,-0.33383634433198245,-0.2645248563775456,-0.2339881015114262
608,-0.1568840616587768,-0.13070331793500575,-0.18305017239397095,-0.10348841379747756
609,-0.18190086621996868,-0.27425473985701476,-0.18576075644928522,-0.1794005102872872
610,-0.1937435238616377,-0.13208360113449166,-0.12929128943060178,-0.11690146579643544
611,-0.22329686863247822,-0.31624056792138017,-0.29758137022312264,-0.2718787655043843
612,-0.020749245957322297,-0.12412993983533718,-0.22771885363709898,-0.18639995421845634
613,-0.1697557067876247,-0.20018318802562218,-0.14814388641330442,-0.09895665872160912
614,-0.09957460530044712,-0.11349244188107005,-0.1595032151354438,-0.04393770403581532
615,-0.3100809549474059,-0.19534209113048312,-0.17133010621599534,-0.12251419645302285
616,-0.1744034309371827,-0.2762336655853635,-0.270441445622117,-0.239211015571925
617,-0.260407698384775,-0.2105256863605448,-0.17856296646549238,-0.12398985902688407
618,-0.21729314872620897,-0.3149992719090834,-0.2571103020551469,-0.23889362499875313
619,-0.24107541199801974,-0.12346658850939993,-0.15838842721699473,-0.14740809169992383
620,-0.18747749983718734,-0.3092625611209728,-0.26371227572022643,-0.2555237869276655
621,-0.1160366603837392,-0.03040230968877263,-0.13627393699117124,-0.038294497468814595
622,-0.2842821176753166,-0.20972409699248812,-0.14902011848483943,-0.10169641600443123
623,-0.1350606573738182,-0.23886944751784248,-0.204111795205116,-0.23366755329482264
624,-0.19185153991975767,-0.24313903845018128,-0.2069977715108871,-0.1390852694919796
625,-0.17862684765093587,-0.2510148762554041,-0.12218869360984023,-0.10943056400470372
626,-0.11352543764806841,-0.2926238072233163,-0.05739327167408552,-0.1108876592106072
627,-0.21302187662691077,-0.17329478186775454,-0.12385671966858318,-0.09811436856336572
628,-0.12294085479199345,-0.2336275618463057,-0.19225761257075857,-0.189643845697626
629,-0.1967129534313209,-0.1993797568652634,-0.1580638098826605,-0.18939535498075513
630,-0.16953624817243593,-0.31498646172734124,-0.12084758493705665,-0.1141137461522973
631,-0.16698759052559256,-0.12647872419490772,-0.10209348969748551,-0.1020870449781296
632,-0.31578119437256974,-0.3780570881804093,-0.37014784689174246,-0.33294037415893746
633,-0.30923423233555514,-0.2800960881001548,-0.08549633218682964,-0.08568253636509575
634,-0.20520811082611465,-0.13512345925162755,-0.09095277247681342,-0.12093971141326329
635,-0.14548579947651333,-0.09807128117866126,-0.13241782719862563,-0.13016198152242703
636,-0.28809407468262155,-0.2949817887916004,-0.16765747132608697,-0.11036297697973656
637,-0.2203392376626529,-0.17045053728478968,-0.11919801539672704,-0.02881211216408199
638,-0.13935941391205361,-0.28352886156346047,-0.17807217275482526,-0.15774502641396562
639,-0.27684608008894096,-0.11428291810826084,-0.16724436987131924,-0.09722952616546122
640,-0.3036395558962309,-0.33919697215321304,-0.16115235754303123,-0.14325429039093535
641,-0.2745155824624755,-0.280361431292747,-0.26916900974151076,-0.17681484703111822
642,-0.0675197181412191,-0.1562980040389409,-0.11703085649208415,-0.061404673510082074
643,-0.18841917648937861,-0.22395701482713318,-0.1645337158905365,-0.14885171768036579
644,-0.20948140028091816,-0.11412381218238798,-0.1293459161927381,-0.08035768070252618
645,-0.3338101718151697,-0.34397757126449363,-0.2760517831574905,-0.259503860985289
646,-0.19361104371778348,-0.302510704990045,-0.15144556330821998,-0.20017456173915818
647,-0.2864316964763527,-0.21599824544391488,-0.17894052726798276,-0.18469457579162354
648,-0.2222427877256702,-0.12417308035111432,-0.14267387241630508,-0.09581364321659064
649,-0.30434144917915923,-0.1987945828951434,-0.25516754641312106,-0.28315182502942915
650,-0.12982273404040667,-0.01354437189333444,-0.26421605258955594,-0.20855229663996303
651,-0.28077862226454176,-0.34983084214217813,-0.18366206834216864,-0.14791198319359897
652,-0.22689707291704017,-0.19977754677325268,-0.14237076610908225,-0.1301148350991066
653,-0.26778821085094345,-0.3920540405719078,-0.17308586496484735,-0.18384242166719988
654,-0.2179465262976497,-0.10499861474784271,-0.11607391835457684,-0.08985534258483943
655,-0.2734822712890713,-0.1804241589526532,-0.2604875352126726,-0.26992025622624527
656,-0.055085938265843404,0.011538494921314547,-0.005187553254359765,0.030356333904238728
657,-0.20389171224835495,-0.07412223357649612,-0.1240693646122448,-0.07307654927720238
658,-0.23122813141278797,-0.28530807565824823,-0.1668731185266971,-0.09863308140560963
659,-0.22760918888964393,-0.17544412769729717,-0.13184516065807608,-0.1342342288171947
660,-0.2618712533712253,-0.33543774039986984,-0.1754858656227091,-0.14415855061129784
661,-0.2907743502187019,-0.1775932356155119,-0.16847700432019377,-0.12308109774937759
662,-0.23557869309512314,-0.17674109854760064,-0.16018925395372835,-0.07793624673238396
663,-0.15365223243072867,-0.27100956126524633,-0.1506080749579172,-0.19264799914383707
664,-0.2482593450756192,-0.27267940492101567,-0.13700543780952337,-0.06601161241943439
665,-0.2994027523130102,-0.35019805975958607,-0.20598445397330928,-0.2095433314845346
666,-0.20150282993562632,-0.24718691576054724,-0.10639751717725814,-0.08141231807540386
667,-0.27239102273968996,-0.33506214619950964,-0.14161355300421724,-0.09567741484252398
668,-0.2654972104994262,-0.32874500788586564,-0.18591477928262173,-0.1760417510243789
669,-0.16232071244263,-0.09083933525727676,-0.16927947144625552,-0.13847102671131228
670,-0.19827309062262183,-0.25833501416622856,-0.12735525766912706,-0.08398250752929017
671,0.012977618878897434,-0.02354259271337868,-0.11406516685359663,-0.04063843135011482
672,-0.24964290250134727,-0.31647432316397855,-0.30413556454523677,-0.2648736314636908
673,-0.11271805016167355,-0.018106088191332283,-0.17969349648404437,-0.0869500915348247
674,-0.16264019264437793,-0.22690273277896128,-0.3356021846493463,-0.3156842145652888
675,-0.23298930139381632,-0.10115552600158026,-0.27417548067249176,-0.21658104568659742
676,-0.1907019786670204,-0.2681121610792014,-0.11161805534816444,-0.07108613133566671
677,-0.09636501472021351,-0.2113026704718067,-0.110393507906497,-0.12350490126921823
678,-0.29198478223170893,-0.1880037070715143,-0.2148353691669545,-0.14417396552688885
679,-0.21018723414518903,-0.1450980541801844,-0.08771805487170369,-0.03499563471783213
680,-0.19089522255689093,-0.24361081448794863,-0.10413989602624599,-0.0841723374367089
681,-0.17809758140003806,-0.26520484705955955,-0.05299554482694364,-0.059288641061887574
682,-0.32072535978286987,-0.29577754645498167,-0.2281033829047382,-0.1559300816956258
683,-0.17016655198945924,-0.2863560152760767,-0.14903978606918517,-0.1532610787057272
684,-0.13939591613504723,-0.20237403401680848,-0.12164162272884088,-0.07532084881471733
685,-0.1732188992160533,-0.30140152835312217,-0.19633095029750613,-0.17622324325161745
686,-0.18863144338094553,-0.33615344449900714,-0.25040997546365323,-0.2797116186103107
687,-0.15504557173663142,-0.2854240357127963,-0.17952956023673283,-0.12744896870580597
688,-0.20876729627153012,-0.3801451936108898,-0.25229441775330447,-0.2430081154315849
689,-0.23523730074467858,-0.24338059934309209,-0.2552066363749424,-0.18110726903652352
690,-0.19433044244626999,-0.13041755844685446,-0.1658762471069336,-0.1491449888346578
691,-0.30517382212612054,-0.20379065275848246,-0.15562899565129962,-0.1513782159683975
692,-0.19129374970407753,-0.23271950091929655,-0.0886651390800609,-0.09296066167295207
693,-0.15843452322407486,-0.22201323722334498,-0.13807342739166809,-0.11803843361684899
694,-0.15040908496917826,-0.24041049940675646,-0.12203015467102349,-0.08795408938453729
695,-0.3143144790493312,-0.3817154350173359,-0.17519239914296228,-0.13747279015744937
696,-0.19402437663885344,-0.2457838332343348,-0.08629802009010727,-0.07928670473524167
697,-0.07923737214421778,-0.12113848056126383,-0.18540819793515118,-0.1573283382484104
698,-0.33490544551260787,-0.3270730412334508,-0.19574278677779117,-0.1216925511755525
699,-0.15308904148950658,-0.10338185298324228,-0.10459671144884147,-0.0811573778149453
700,-0.19753493338121103,-0.08498629441212116,-0.18590103098478533,-0.13759708611338728
701,-0.05424983063716423,-0.10807200404918942,-0.18240354834030933,-0.12418876624267879
702,-0.41112450204498635,-0.3712734324369201,-0.29163749537496125,-0.1932442617336649
703,-0.3470358407790351,-0.33015573713206586,-0.24522152966237867,-0.17123608135540955
704,-0.24645631694625122,-0.30542268244109977,-0.21703864236622708,-0.19566401680621248
705,-0.26216370050993776,-0.32091052246030805,-0.16778046000833755,-0.08813956192525854
706,-0.2476786961187375,-0.26570428776488364,-0.19945039533698525,-0.1486094379055145
707,-0.23379209986352864,-0.27843557830108134,-0.25242412561089017,-0.18167410716520593
708,-0.11695945619785064,-0.09985912507358215,-0.09340605596285717,-0.05788398686573425
709,-0.14213764909797388,0.03599531216571983,-0.07932363654212923,-0.024323798409026376
710,-0.17791038175022436,-0.07136840867858654,-0.12628290098925948,-0.10822296391748576
711,-0.17829780578493484,-0.20021727534188963,-0.12501801146174657,-0.0996314165712477
712,-0.1441278334929647,-0.27273560879467246,-0.18358835908628102,-0.24586604058435974
713,-0.29356412487235456,-0.31993905594403027,-0.10186194319896898,-0.07584477504585803
714,-0.09345134192310599,0.01567216201477168,-0.2057080425654868,-0.1227323034227542
715,-0.21691983342613727,-0.29410227684315804,-0.11120820370705148,-0.04813368787898144
716,-0.18394482513619237,-0.10436677118601964,-0.07595265206692413,-0.06972461057501846
717,-0.3822101570084463,-0.20179163635096678,-0.2186633181415805,-0.1405186657965817
718,7.142969055960489e-4,-0.0322334739191493,-0.11364078848047503,-0.12526598525636296
719,-0.26762019636107104,-0.3102679108630098,-0.26176286605406324,-0.1850538946112234
720,-0.13094151742346308,-0.13755015654056688,-0.35949544645684023,-0.26482665422541246
721,-0.23730447364762852,-0.3371244654723739,-0.16375094637306803,-0.11368627581556372
722,-0.14798230085706301,-0.3406186002085509,-0.15561357888367344,-0.2189219651886712
723,-0.2881787805934775,-0.19174054722316303,-0.18812571438118827,-0.10561875005950863
724,-0.1951872487731221,-0.17396145334206395,-0.11767115186218974,-0.10736182631334731
725,-0.2269295406843745,-0.18866293962825614,-0.11303156029694145,-0.10318545340615706
726,-0.221791017773539,-0.2787730653283497,-0.20171062115389043,-0.1685376115299971
727,-0.21732920799741792,-0.3440952886505314,-0.19016220545831336,-0.21264516300067285
728,-0.31973662465106883,-0.1539295553860086,-0.08371720696344782,-0.03281702065400593
729,-0.21610407634447515,-0.19406367276392097,-0.013069704412017965,-0.02219550975382771
730,-0.2927064471918675,-0.2651278768986911,-0.24220317185046136,-0.2216358155931836
731,-0.25406925530115454,-0.10428287054736762,-0.14825457802508257,-0.08997454210031754
732,-0.22321909177329985,-0.26588506979593995,-0.10872911499654275,-0.0791539796130513
733,-0.25143189594944976,-0.19499865698335472,-0.3208744837796732,-0.2843018563790334
734,-0.3389989585719794,-0.31175859468186784,-0.1853528721987802,-0.10514447506806311
735,-0.25154559464112203,-0.15219389229737246,-0.17317226637040536,-0.17089691626648063
736,-0.1920271679969556,-0.28952578079028213,-0.1713069625565704,-0.17429732664430653
737,-0.25049029808669304,-0.2663453222847614,-0.13679671947981897,-0.08153389323897482
738,-0.18511670681857645,-0.2828967066885316,-0.2481100715154162,-0.19352265456536757
739,-0.28446115762494506,-0.29211169282388694,-0.2026986696523796,-0.16563840229731672
740,-0.1930729777398298,-0.06270532492760035,-0.05728528164341781,-0.04077095154734112
741,-0.29016368117809077,-0.3395288668256407,-0.23920977912430713,-0.27395663135931425
742,-0.10726437944020242,-0.21806810690754883,-0.10061863883366949,-0.09110503712295269
743,-0.22884301990875722,-0.2655083240860507,-0.06801752010439427,-0.0037780458050841745
744,-0.16250102043815867,-0.21696859770061547,-0.21335500516011802,-0.17389272588044202
745,-0.2880440881360283,-0.3117334041953769,-0.24267433771598199,-0.1661801634361071
746,-0.30231869751094426,-0.24851519711485862,-0.16168511742270883,-0.1242880162606093
747,-0.2091918207997396,-0.26381502034988036,-0.25065789182589804,-0.2103773121665623
748,-0.19466050808566615,-0.11845663832466444,-0.1882887239731236,-0.1303289273088125
749,-0.2488967374042485,-0.08886257461333491,-0.22654839319760572,-0.11069003669106085
750,-0.35935885284555036,-0.3402181470141625,-0.25647542364517256,-0.2679640781862001
751,-0.3056959746041196,-0.32568054847357153,-0.20743309611199792,-0.1348567078565449
752,-0.22471766032514492,-0.1567226280506455,-0.13116464620430926,-0.05317340439802119
753,-0.23276052767074604,-0.23405136350894312,-0.1033761270321503,-0.11971849445723524
754,-0.17143820029566087,-0.2682092543445434,-0.21086788081939142,-0.18632271173253426
755,-0.3394098720751433,-0.20784537173414794,-0.14923559975842746,-0.09075301989262152
756,-0.3235234418004084,-0.26518104734060194,-0.2747183565333061,-0.272601987546915
757,-0.2252208582846286,-0.0995678265766217,-0.16589232465501264,-0.09820687345981101
758,-0.3999686698561443,-0.3587289630157077,-0.3194575103337675,-0.1898173559480664
759,-0.09271548838672468,-0.20210083116347374,-0.11804730779825819,-0.09666774053404166
760,-0.17143895462008274,-0.1620296734666745,-0.0731004723450366,-0.062456829151134895
761,-0.2310912451481463,-0.05123856742546927,-0.14300255126788408,-0.06480857717797774
762,-0.12023292216646919,-0.17834468555714128,-0.1870316955993909,-0.17442598565173428
763,-0.1855992201600926,-0.272834592321812,-0.21236389760552118,-0.13013066358363
764,-0.2705093050179564,-0.3117080417185037,-0.11660643800417375,-0.10162424386490931
765,-0.24798502925922994,-0.18977142082539877,-0.20278591931475223,-0.2057091517976775
766,-0.19275322935752964,-0.09735448569367958,-0.07195681053309502,-0.02084770813577602
767,-0.2406843438428272,-0.3112227506801261,-0.20040465139507418,-0.12268652773375378
768,-0.2053469050298789,-0.2573057520110339,-0.10941278319870668,-0.1600310214387554
769,-0.20643504342990857,-0.24174366942066897,-0.24369893713583865,-0.181615594474533
770,-0.12183691802135611,-0.22615777904739232,-0.1491693571030206,-0.08616050153166623
771,-0.20511461957643445,-0.35734155771226134,-0.2870919503625063,-0.3169738919058375
772,-0.15565536857618845,-0.13553779088750562,-0.22093309641371267,-0.1067718130218525
773,-0.22756465206036688,-0.15536975842995826,-0.14746399053386589,-0.11417275781748114
774,-0.11353803738069561,-0.2096973475745132,-0.14769251387817517,-0.09850072108912021
775,-0.2536992393270305,-0.2263006867166897,-0.1512602085236668,-0.17678020847786963
776,-0.13376658187211737,-0.016038298272463586,-0.14259397411787608,-0.08010807862729373
777,-0.2404183571706763,-0.13597331362951504,-0.14082108522251963,-0.06619184939079786
778,-0.1393667036599798,-0.233460762174489,-0.16900354939175313,-0.16636849833546505
779,-0.17768231208983654,-0.15413991177237601,-0.13756020987823514,-0.13148985221727927
780,-0.3264489571189342,-0.3996489391419622,-0.25807321613266826,-0.26508721658917295
781,-0.18190738773958928,-0.037090803523590454,-0.19289864096298617,-0.13241915409540062
782,-0.2556246170204587,-0.1395738114752093,-0.16240021429739562,-0.0949728075196901
783,-0.2614639038771835,-0.3160080598455345,-0.19212766738726147,-0.16550067188843798
784,-0.21731663814185373,-0.3540197505507972,-0.11169644487128005,-0.16633974381903907
785,-0.2280117173222334,-0.32124445505590865,-0.23226578008287527,-0.19916713852802
786,-0.1792101311715752,-0.27299805804248806,-0.18223266808835706,-0.17195008652078053
787,-0.13442803577208723,0.013534214581511822,-0.1853007504983579,-0.09993577550756227
788,-0.3384698768535446,-0.34370621287053005,-0.22509029547071646,-0.14617905554262203
789,-0.25071087506036177,-0.11293697868133393,-0.09161760543733519,-0.05478884650468982
790,-0.22769488109115846,-0.29204739821873504,-0.1855248616656717,-0.07406656783076114
791,-0.15169190859125292,-0.13896778635416446,-0.27406685119941065,-0.20320988128380554
792,-0.2792180057776683,-0.282682741372085,-0.18774542392695132,-0.18533430751618485
793,-0.10939011322915503,-0.16060171255736633,-0.2653135733555226,-0.2067227702490794
794,-0.20763759138744659,-0.27828381732294366,-0.1493613393746333,-0.11932880214950137
795,-0.0468439289255534,-0.12054523204822078,-0.2931975832754156,-0.3080061693579135
796,-0.24551072197631313,-0.3126738531619248,-0.13637449034209767,-0.1695987235034961
797,-0.2535703838205008,-0.13562383505722925,-0.16652377456412085,-0.0934900953487551
798,-0.2155276065949518,-0.32033766316212425,-0.21920957381332198,-0.1544092459798912
799,-0.22393889784971172,-0.1803837582422933,-0.19523872447241059,-0.13448931656840232
800,-0.29731449844253427,-0.3812433440905132,-0.23242125555793747,-0.2676131999803666
801,-0.22535333127824964,-0.31076866832500066,-0.18219043046217331,-0.15204945458568664
802,-0.24536033857580183,-0.288776437886941,-0.20736506849617,-0.15228787512727723
803,-0.22319781630839805,-0.3303661399503158,-0.16041519388956924,-0.1288659292825678
804,-0.24504927739252536,-0.16193163508106437,-0.11363671752637239,-0.07647075715277477
805,-0.25221367315163296,-0.3490020691512717,-0.154744651916525,-0.18853176720959966
806,-0.34743152913959846,-0.3706426563358108,-0.2562758944294066,-0.2108243662873803
807,-0.28746783596128483,-0.35512474455593185,-0.2996436329388783,-0.31832159197510757
808,-0.2221525816445946,-0.312287353849627,-0.24951916896731424,-0.22907241372285922
809,-0.19720574052514478,-0.11076383951603962,-0.04479021036931023,-0.04439058512365484
810,-0.20343270810219366,-0.31477075324097936,-0.18380587240287932,-0.23677143913818482
811,-0.21110850891095143,-0.24847266892597714,-0.1335709319840383,-0.09828354448169785
812,-0.20059816500093072,-0.1118988615168395,-0.13893820423079614,-0.10849086264130198
813,-0.11089960820363533,-0.15383221186656323,-0.19552825248426026,-0.1427523015237584
814,-0.2728750528945301,-0.1439378999959416,-0.1032341533967427,-0.0831075137523266
815,-0.14479931147606756,-0.2275199301547393,-0.12692528508225198,-0.06837274199558153
816,-0.20491195092606884,-0.23896810983089903,-0.31664166307723185,-0.24576450560970248
817,-0.17544170804552509,-0.22540189629577742,-0.08506979329930517,-0.031587706785495315
818,-0.26313436458614253,-0.21900337810429513,-0.1774417602050559,-0.1878604175709857
819,-0.03626381345831147,-0.03345760333803391,-0.10143405134577334,-0.03306987462161678
820,-0.3302164571329942,-0.25391789811036564,-0.1713444607383111,-0.15885750028920084
821,-0.20731441543611523,-0.1731978472429222,-0.27341904231272335,-0.26481265588779196
822,-0.20865044317072873,-0.24020191518520037,-0.16684282796102462,-0.12018817200452436
823,-0.11366731514330938,-0.20575519862614497,-0.22834392424022404,-0.1876949239621033
824,-0.23891486309909718,-0.274615476370916,-0.26942511747000975,-0.21910143505277058
825,-0.1528832160914292,-0.3372132914891022,-0.1510518419836353,-0.17681469627904278
826,-0.3070611220759609,-0.22858799142915176,-0.3036744986275013,-0.31151984297383084
827,-0.09302597187041572,-0.09009548383264934,-0.18376894282356432,-0.0814991971113801
828,-0.2393717076945464,-0.1144746535067414,-0.1394122667756444,-0.043832659602359686
829,-0.19265466485269855,-0.2876687921860019,-0.15568470842175477,-0.21124619397727987
830,-0.26028736860011903,-0.30134400424192126,-0.22000748106578066,-0.24346247593524165
831,-0.1458229395348571,-0.23461090892513906,-0.16538276503095448,-0.15269400486747892
832,-0.05930074261845896,-0.07470483803148396,-0.11246253520418255,-0.07666835262715926
833,-0.2190991100706683,-0.26836532158235277,-0.16151656110930154,-0.16296218120778996
834,-0.2765925901118905,-0.34088437454852427,-0.20584153415431258,-0.1985464931361672
835,-0.2597228825800094,-0.25502055404128215,-0.12271127287072318,-0.11103925088578775
836,-0.22736409413090997,-0.2510395870454391,-0.2093279785002545,-0.22213843618384513
837,-0.24870911854642672,-0.307023139892348,-0.18053428324960144,-0.14518808171964506
838,-0.3252183547610945,-0.1503900546846685,-0.17016048847792076,-0.12884508799555247
839,-0.21589478693256742,-0.10430867561324676,-0.1775166016283181,-0.07190443102552722
840,-0.1791114186096001,-0.09206104757540898,-0.1690477859743568,-0.09191564172580914
841,-0.2480535398711952,-0.3047901179531649,-0.1302982624546841,-0.11811631820052973
842,-0.26299255370580515,-0.3947002077677033,-0.1820203167800857,-0.1862398346371432
843,-0.20236846579667458,-0.297210001924484,-0.21743756606684664,-0.19536967764458213
844,-0.2720329151196024,-0.36711172682556953,-0.16642967558926838,-0.17046801086683339
845,-0.1602504758742901,-0.28781607075201504,-0.17430601971307633,-0.23845570330634702
846,-0.19343372964668393,-0.08661413695043185,-0.23777951458674518,-0.10811562705919535
847,-0.1738641685107347,-0.21755006580994468,-0.19461241644667496,-0.09948324809853626
848,-0.3001079067688739,-0.2385247523306596,-0.24478779949446117,-0.20905306407800955
849,-0.27750842671655307,-0.3368079316548236,-0.2253519679007932,-0.2192831329631946
850,-0.1509205795925326,-0.2515019192033548,-0.11559040946856335,-0.08344558940490712
851,-0.11030576864356484,-0.19331996992480102,-0.1457126133810332,-0.1405737609994214
852,-0.3263668911808302,-0.34786957163828164,-0.18334369217127364,-0.1373924031172082
853,-0.19149417510819214,-0.06294652718379432,-0.20305527666082673,-0.09190387032149859
854,-0.24026300191979336,-0.1209434010398284,-0.17811238616091912,-0.1278392114761755
855,-0.28904574765426827,-0.15095745575669986,-0.24218843041461924,-0.20899622597886408
856,-0.24191919935526393,-0.2745747725608772,-0.30130224841352155,-0.29392046013671413
857,-0.21843778518197754,-0.12366122390397968,-0.10141568987217853,-0.08228416059274962
858,-0.22333880613367224,-0.03993079681719989,-0.1859887149603034,-0.07375878429246151
859,-0.22560578543918183,-0.29234836972611067,-0.20203826143657308,-0.18284988489983248
860,-0.267988766642781,-0.32785225458537304,-0.054560270092394815,-0.12703755296795305
861,-0.2174741655193013,-0.30042907107226885,-0.15886096863736257,-0.1205120080707726
862,-0.2180150113683167,-0.24846310757647155,-0.1617590652245514,-0.11536498156437926
863,-0.20996030947279434,-0.11404118322510863,-0.165034382526584,-0.1679887495587322
864,-0.2497268951120774,-0.23133700460778936,-0.02570674659169753,-0.056535959477273384
865,-0.12849174210004669,-0.11476078015632865,-0.14291633084408412,-0.13934860879722924
866,-0.24539746082113376,-0.25323924719565083,-0.1983488585835117,-0.16417607202666748
867,-0.26261462816400116,-0.24113026858733366,-0.21451139916778206,-0.20012838463907617
868,-0.2731674988545549,-0.25911647542079996,-0.1824760965371676,-0.1329834664628701
869,-0.12296633765914992,-0.20027866571616618,-0.15635239385817257,-0.059718016282394086
870,-0.2529716653656213,-0.3036457664091349,-0.2802817558499288,-0.24494718246433309
871,-0.16488798456096682,-0.12316373776771952,-0.15764979202095486,-0.11904665852374115
872,-0.30821656325388047,-0.35770407413340094,-0.2307587081530672,-0.16614462395987636
873,-0.21217483348843877,-0.26564511831700116,-0.18884168655353428,-0.15704345419764892
874,-0.17310499842286803,-0.02336542575751379,-0.10890287607631986,-0.06428614988976876
875,-0.21043754377551244,-0.14183994156308088,-0.115022418432571,-0.10433576490227255
876,-0.16010002101866497,-0.2558184551803492,-0.08005940011492019,-0.02876746150856512
877,-0.3155683111071189,-0.33958570617350015,-0.1662747617330259,-0.0871775353832245
878,-0.212463242861781,-0.14496732294593448,-0.14357257908631013,-0.10690292294272
879,-0.19513306738410674,-0.35089956871536704,-0.08270645721877984,-0.11443684559706702
880,-0.16402501303120137,-0.22498847704887437,-0.18700512728994778,-0.1549992322283168
881,-0.13736272246437514,-0.18633634594835374,-0.19768487793894496,-0.22868951208337232
882,-0.23733708669663037,-0.24632686930866093,-0.1559824338072051,-0.10330373916634548
883,-0.08875431539027713,-0.2777736127099215,-0.15860405193653931,-0.1337445136967935
884,-0.29108214296670015,-0.3227422485163235,-0.12646359045690478,-0.1056641588783129
885,-0.2688453002929792,-0.1903027803835817,-0.23419203202836464,-0.17545121008480122
886,-0.21165072940344382,-0.3068605928938607,-0.24840556881480408,-0.2089007142774258
887,-0.22013953375239464,-0.16778940986989277,-0.16207806735047933,-0.09642055748966127
888,-0.2812812534291135,-0.25287722635437526,-0.24237594949537167,-0.18025766140785532
889,-0.16930715086509138,-0.27648184518926333,-0.14630155754786045,-0.1444715649959077
890,-0.24208309524173768,-0.2612375449506469,-0.13240461766330633,-0.09526851918190986
891,-0.323654434310234,-0.26005020060379763,-0.27940061744199385,-0.15108370159634663
892,-0.29463939662801564,-0.2724788129276356,-0.2586797832472496,-0.22651245798743264
893,-0.23010445341102845,-0.2868957868580062,-0.22982918710939856,-0.15314008249830063
894,-0.09139495646769145,-0.21852075956352823,-0.18376866803053435,-0.1724261350222396
895,-0.2747998211031206,-0.3499683025539691,-0.14946885441197694,-0.14703368852942758
896,-0.18455631978429232,-0.23226783702675602,-0.23597549505999799,-0.16335041319376095
897,-0.24450591529203025,-0.29407998967614607,-0.16416114277640764,-0.0936063743328791
898,-0.2266608944330108,-0.09137445804686929,-0.18633154018619338,-0.11584912727757082
899,-0.24998658294082413,-0.3027427360630613,-0.30283403845875506,-0.3115706713086155
900,-0.23128202885838708,-0.24765899106430056,-0.18592065382404396,-0.09797955428259522
901,-0.15690075923676455,-0.24970981553188767,-0.10211908106336284,-0.13783927083266104
902,-0.31364480904140674,-0.3517212491154577,-0.24048032904190692,-0.21139734086844061
903,-0.2763072862321814,-0.14378410586746454,-0.16102131832568706,-0.09712185861902425
904,-0.3087151805350149,-0.1918946803010711,-0.18102619032578657,-0.16172360711544884
905,-0.2782947612200479,-0.35609233549433655,-0.23418242575029413,-0.20912751579610236
906,-0.18884051789082684,-0.21905351550517121,-0.22004477325422864,-0.1286395433847678
907,-0.18039806651826346,-0.012284334296333018,-0.22926112617634611,-0.11036900981507008
908,-0.1244770651628434,-0.10525342382805528,-0.06179448825839531,-0.08216476193136096
909,-0.21900606669697797,-0.33915074663414074,-0.2812891735653633,-0.3195164542428573
910,-0.2633755857203609,-0.2743649123696715,-0.087420929283183485,-0.11819577998781944
911,-0.24202266904195427,-0.08747933153392858,-0.15919105380690632,-0.11052911167474304
912,-0.17143004625575842,-0.033556186917063746,-0.08339023859531297,-0.055400946107371035
913,-0.21899013895548788,-0.18024446942067485,-0.09821530577501227,-0.04217376930230775
914,-0.22799724345376904,-0.26763421435198476,-0.21120613502863575,-0.18840120606484756
915,-0.2854668928262418,-0.27030411108036634,-0.16604331673361297,-0.15751342772959726
916,-0.09417109709514102,-0.24459606352863766,-0.1161626575319907,-0.1585150014283147
917,-0.22880468291411277,-0.31071593700176,-0.18395046710033347,-0.16103116537828882
918,-0.2914349551774016,-0.23357221967400005,-0.14915777611134545,-0.17244826786269138
919,-0.27886487508873714,-0.3024903401939135,-0.30187698454363593,-0.25896216425381546
920,-0.3660455995903894,-0.23580347249465014,-0.2260947465567049,-0.20583447838721092
921,-0.1931541253105708,-0.2522199959890464,-0.12262361118398679,-0.06904442737719912
922,-0.0518095866597284,-0.014197386276336413,-0.08401329780077055,-0.05146536830770612
923,-0.2680503566097461,-0.19394166719713113,-0.18551339172595704,-0.19800164575342277
924,-0.2637883578206227,-0.28584204617489173,-0.14149722382476668,-0.15631047949252092
925,-0.10811202559927387,-0.06181973548019499,-0.2145255020421492,-0.13368224854357494
926,-0.19316762564153941,-0.20926021960273272,-0.09746823759278843,0.007280665013129412
927,-0.2412903993719694,-0.1918847523027242,-0.1519561054750526,-0.12282918289459419
928,-0.06507849164507225,0.08750449589829296,-0.06405792440355293,0.02287056665415077
929,-0.09413290166074145,0.0507383491505804,-0.1482799518564063,-0.0902194152244712
930,-0.2451433587385009,-0.14587505117946048,-0.32502871620891477,-0.24832471322464097
931,-0.1825830859512013,-0.18129199121237638,-0.18321516537599297,-0.12747019834695367
932,-0.17668835939122374,-0.15047735028630219,-0.09637588757526434,-0.03507965156647122
933,-0.18285086307153836,-0.13805319061475058,-0.12185455144050165,-0.06015555793487685
934,-0.2640984047975052,-0.15507629859494934,-0.16931723571169882,-0.10694853578671329
935,-0.32376578096677233,-0.36911485038709735,-0.18922124370639368,-0.12343175241439908
936,0.006729639154086675,-0.0750124257768918,-0.09413558553130376,-0.021924670215038276
937,-0.30837531221616216,-0.1915387400299281,-0.1367667938224759,-0.11628601067677005
938,-0.19631229435561395,-0.16117016084981609,-0.06502520830325677,-0.13348734105219023
939,-0.18132618340580803,-0.2863460483121038,-0.1927901713764016,-0.19768491852891507
940,-0.23550591161689616,-0.3340470365694692,-0.1478160945229202,-0.17249076217819873
941,-0.08055678627486405,0.02999534105944729,-0.0751497097088312,-0.05659455979157348
942,-0.3040657609359856,-0.3337188429891783,-0.2642776596451217,-0.27583802695082216
943,-0.26556935804559345,-0.07499826573459382,-0.2256121191828227,-0.1480437629687431
944,-0.2443533839919627,-0.32843580683754925,-0.11738707767805882,-0.2099915457380975
945,-0.20494750544064108,-0.1631829594020366,-0.07739167375627165,-0.05818490304476181
946,-0.2399276046949462,-0.26642518615730065,-0.19956986682086342,-0.12258261780975797
947,-0.2166931191491585,-0.2705466844431937,-0.17834520974358997,-0.12003194442680087
948,-0.1718050155680306,-0.3087006408113621,-0.1525259363039868,-0.1407511198697371
949,-0.35617537532746707,-0.3562665770972827,-0.16031985454725597,-0.15333639212931735
950,-0.21208574774933245,-0.27706553718211097,-0.2214345120522386,-0.20280797273249207
951,-0.1813408135106214,-0.15584109089655113,-0.038484932465361534,-0.024825844529438968
952,-0.32548441123324245,-0.21007343009253215,-0.20485372577154096,-0.1963951776430457
953,-0.2533697109977809,-0.11278938326646779,-0.1498454255889263,-0.07542730833161311
954,-0.1835663643743916,-0.2231360185317339,-0.20421861035871589,-0.14641150039870313
955,-0.30190031351313795,-0.37835725308822116,-0.22653605761711137,-0.20417173531712382
956,-0.22517920829545762,-0.2704209542715292,-0.2649161560740508,-0.1924494005181351
957,-0.22905513598819097,-0.2883207728135023,-0.16239948665613926,-0.10084507866651776
958,-0.21709530049219808,-0.27528307794822626,-0.15878846212411518,-0.11735032051993964
959,-0.24739083748509944,-0.2340448811318749,-0.24899074578001415,-0.2882471079902698
960,-0.3172013905622973,-0.39436940693117306,-0.09934871871692372,-0.14511849435357968
961,-0.12021281857271443,-0.1344310275542751,-0.21527999919351673,-0.11794182015932854
962,-0.16286878256977946,-0.2523157011208976,-0.11698153563169883,-0.12901571340968285
963,-0.22575510613229513,-0.2347367972713612,-0.2069106557466759,-0.09698071815478644
964,-0.2189840667620045,-0.29905944027981196,-0.14473121470239073,-0.15418080317419922
965,-0.20920201045241732,-0.21257156294546498,-0.14336751494045655,-0.07790822218164707
966,-0.16331808298950867,-0.1801468165236269,-0.2382025652808811,-0.17724903092788702
967,-0.29263798931961915,-0.21358412216743738,-0.19738216017746832,-0.17859954299821618
968,-0.21126559949331247,-0.2875819350828245,-0.24169324367024583,-0.21171964476521482
969,-0.30680361860599736,-0.2986153134377799,-0.3068240699924378,-0.26954840032620947
970,-0.16185598810757212,-0.1856724799530684,-0.1241422026131915,-0.08785662935649531
971,-0.2625127901597247,-0.3054760574142742,-0.1999923609165103,-0.19320272238937386
972,-0.2156881541892451,-0.26152815134109153,-0.08321639621957143,-0.0897594096549764
973,-0.3432079679352136,-0.32141483991636816,-0.3475403769103823,-0.2658681946303824
974,-0.2099551706458922,-0.11396238004947536,-0.18693515747106762,-0.12291582260432161
975,-0.18895272547977104,-0.17088744583183313,-0.10329301889718462,-0.013186469963825297
976,-0.10782820956839437,-0.14055928348949304,-0.04446452877385004,-0.07296680362221292
977,-0.27005838057299164,-0.24508281999846332,-0.013579631594487069,0.001364412160606872
978,-0.07207675582319004,-0.09255166399574094,-0.157223943099163,-0.11572137832919477
979,-0.15244278732284583,-0.07544445523055363,-0.13263915726120915,-0.10637963101295696
980,-0.1927810388864521,-0.26168475058617274,-0.21755144168647225,-0.21396926896235188
981,-0.15338308133688633,-0.13690921505521297,-0.10318189106199589,-0.02963200447249884
982,-0.2552103142335119,-0.2918201427487415,-0.2659805316036945,-0.2403764927783183
983,-0.24476972768892893,-0.3118145811043612,-0.28033549672948754,-0.26534905826613014
984,-0.18316683959967905,-0.2346172925284566,-0.1848088681639124,-0.16933163213666594
985,-0.24502490725221684,-0.31012343778731455,-0.10969612242173307,-0.11404293263145737
986,-0.19542379769670792,-0.08969452130348282,-0.19465425329579233,-0.14220177984068455
987,-0.2340058000938567,-0.2485998406981177,-0.12578663547804594,-0.0817734725489728
988,-0.14077136735114218,-0.24496288913670175,-0.14144100584390062,-0.17774942484101977
989,-0.22360946027237827,-0.3278359922198846,-0.1288197313726106,-0.1590544647934799
990,-0.2967770661397115,-0.39895186148852185,-0.1495984738225943,-0.13445223915853588
991,-0.27780930001812476,-0.21110060647979628,-0.1813423287267288,-0.1854069099332607
992,-0.1402481765904106,-0.24177055143273726,-0.1791750011140338,-0.12164597871002554
993,-0.23975041963733373,-0.13301557527888497,-0.17445359280290068,-0.12220514348712226
994,-0.18858901722270174,-0.1290631430254845,-0.18793039827978808,-0.11654211646139996
995,-0.23760783682089992,-0.24344908733466403,-0.18013668931947835,-0.13869325380604186
996,-0.15324125686493006,-0.1311863131643918,-0.1989274526761301,-0.16918234484881958
997,-0.17595697522641343,-0.19780423070782147,-0.11003921171464622,-0.06098562233538863
998,-0.175144689722326,-0.2665079778763068,-0.12066862950457334,-0.13125881941118725
999,-0.096859124375017,-0.2342524672780854,-0.1952318773078698,-0.18804582630220565
1000,-0.19437561333527853,-0.15732233563178927,-0.06696576107482943,-0.033170580092023554
1001,-0.20978269610421615,-0.07388545501609596,-0.15672687191660636,-0.08072767081301112
1002,-0.15944236318475133,-0.23675755139507498,-0.12877694131189996,-0.06168071909709647
1003,-0.2655891188445753,-0.1947977393445971,-0.19731203165079358,-0.1529311468030513
1004,-0.16820822107429853,-0.18404131077477437,-0.12155029722207672,-0.08766352950331523
1005,-0.2663774809643927,-0.32373635091102654,-0.229808079155586,-0.23462970300613786
1006,-0.16620335254651852,-0.23876009904406156,-0.16250898713043677,-0.14085360099700608
1007,-0.28227975502046493,-0.23481102522690783,-0.29406879645919676,-0.260297341859438
1008,-0.23936839447309946,-0.3499189667865114,-0.23854428260248378,-0.298156725802886
1009,-0.31060693991308685,-0.22022019913678417,-0.26396343813939427,-0.24312889801871468
1010,-0.18901090987004535,-0.25959672045479887,-0.02663524521260515,0.028262726161959753
1011,-0.18675375184728985,-0.34483536736052517,-0.10203345864660464,-0.12833304241122392
1012,-0.28846266858641706,-0.19764224166566,-0.31993197162675346,-0.28355544880964395
1013,-0.2694327679949663,-0.2315301052627677,-0.28640115404078004,-0.2573140673348688
1014,-0.20078042839132978,-0.24295480331722194,-0.10338336129720369,-0.06111199686024756
1015,-0.19123067458984022,-0.2522776889685212,-0.2595747620984949,-0.18339998316261288
1016,-0.10416525634090172,-0.20052585458040806,-0.14117279291331267,-0.12150508290148193
1017,-0.056597504298507184,-0.08905645764316318,-0.24574784867376356,-0.2157046086333102
1018,-0.09350378201500305,-0.16861590638480195,-0.10794176491936613,-0.07133941084617898
1019,-0.21650888826793355,-0.26558537529988496,-0.2983614150139866,-0.27716111026159906
1020,-0.23683334930645006,-0.3252752983717337,-0.30564059916965924,-0.27536753415441306
1021,-0.20204013882821764,-0.289888827102539,-0.12339538546647263,-0.10019738431217787
1022,-0.16319188312648386,-0.11082605460018075,-0.13144351188672254,-0.08965490921309754
1023,-0.19797016399393583,-0.2777288680939623,-0.2471532634572357,-0.24584752522234893
1024,-0.221724066649409,-0.2850790211512142,-0.22645918338175275,-0.1545170612920926
1025,-0.20708766768418432,-0.09249310349253054,-0.1829432156827783,-0.09608436594480037
1026,-0.23612387081352368,-0.14986343619436224,-0.1782937223729123,-0.16314883959774265
1027,-0.2798733036239716,-0.3970443772945896,-0.21007771169901826,-0.22486766991540885
1028,-0.26885453691543615,-0.27553507746263795,-0.34276657614503137,-0.2601028006069644
1029,-0.24319788270736015,-0.12784600138990324,-0.21203781280750986,-0.11019180795560422
1030,-0.15760457242699596,-0.20936237294130783,-0.1959872268828233,-0.15987810810691
1031,-0.29168797022022186,-0.19449012493479376,-0.07713283831127334,-0.022798985452764414
1032,-0.17097851609404977,-0.24141658687462264,-0.13347692225073968,-0.11103109436006099
1033,-0.23020651362710673,-0.2592137914922473,-0.15007246568725766,-0.10021055326841453
1034,-0.15888140856957952,-0.11831090941798894,-0.27974845966618483,-0.26330547444000985
1035,-0.24291277469810502,-0.17365259709471942,-0.15573263128898673,-0.13768400173865336
1036,-0.24598246199306287,-0.14719625267665284,-0.10470336301382425,-0.04157219961425217
1037,-0.19467874933983045,-0.3140397461489618,-0.2219940982240481,-0.22870079821599523
1038,-0.20615876959101317,-0.32426719217439237,-0.2861286415249532,-0.3088698997860569
1039,-0.2993791847193427,-0.3540212318889361,-0.24108035713876927,-0.26144046872460575
1040,-0.25260479680349257,-0.3128220777258467,-0.2461022929923816,-0.18776233661855066
1041,-0.10227943604114872,-0.22585520008465965,-0.16674524277716743,-0.17940770895627975
1042,-0.23512137691134277,-0.268835978764924,-0.11777199824185094,-0.04350948382922623
1043,-0.22533493717131062,-0.33250310758785345,-0.2837846274815076,-0.2945630893565937
1044,-0.18608585274198494,-0.1519033553265496,-0.24847968065710932,-0.25016638609099723
1045,-0.12668181964317005,-0.2733796279686208,-0.11429289381844601,-0.1159103837040056
1046,-0.20697490730820578,-0.0744161097206932,-0.2284974755689717,-0.1376580194556261
1047,-0.25058521209195467,-0.34143242175951427,-0.21045677005006208,-0.21834128432390398
1048,-0.09886835616126266,-0.009964915015296259,-0.055428443481617747,-0.036362270080802554
1049,-0.14691237247856956,-0.32353387695354463,-0.12118302996905854,-0.17220674233883718
1050,-0.20246575895126875,-0.225616396371202,-0.1545231933420108,-0.0978905852605762
1051,-0.18943538789220324,-0.23800430380958953,-0.14420366866191367,-0.08505495142097898
1052,-0.13999774500291606,-0.2564296452414187,-0.15235976454120898,-0.16961829374663867
1053,-0.15335304119938506,-0.21710686039280866,-0.2610543582521749,-0.22817784408836725
1054,-0.19889504632312696,-0.2564675308832629,-0.13047272420972067,-0.11000779059152654
1055,-0.23123028030510867,-0.17204207080963055,-0.1661312346955753,-0.16030304770608386
1056,-0.2820643766968469,-0.3811422278928186,-0.25311119013266276,-0.22932245401729356
1057,-0.23479228272872024,-0.09806417450297022,-0.095239861342280685,-0.05349116054798701
1058,-0.15682241134595234,-0.21290687856957904,-0.22592383683888984,-0.19834572339990023
1059,-0.34605374236980896,-0.3711010998515474,-0.2586243491509801,-0.2326043854835306
1060,-0.2169524442062657,-0.33208720128935304,-0.2075389035826017,-0.20992031271400605
1061,-0.16755068943773377,-0.18839107232300098,-0.09339885533832291,-0.11278569809167462
1062,-0.22751391842025379,-0.29648414804107553,-0.15521124735800393,-0.15769167757110936
1063,-0.31481951267372815,-0.22113920323841965,-0.30125294042042494,-0.24368804158888882
1064,-0.28806612375543966,-0.3709073109247468,-0.15978350671778832,-0.18418511408490118
1065,-0.34313998405960106,-0.4087710371950738,-0.1461833889407344,-0.16845844566973367
1066,-0.24720259942358955,-0.24569510636042816,-0.28381468441046476,-0.23294660897551625
1067,-0.22895359558634681,-0.1049810738874923,-0.16821745781880612,-0.08596633550328463
1068,-0.15233062629111233,-0.24102683063653124,-0.14605921128653995,-0.1061030442075316
1069,-0.17295143902034282,-0.3321977964670604,-0.2220353072736904,-0.18867384142455623
1070,-0.21259208603381358,-0.18997521179876325,-0.12661247669957704,-0.12138395797489338
1071,-0.10138506967606405,-0.09675833497226521,-0.034719465430049966,-0.01706019633118205
1072,-0.24361507768562463,-0.20321639934671132,-0.19613651279456346,-0.13364396355697702
1073,-0.24314765207734912,-0.10098257782417734,-0.13291489473544463,6.520009839765032e-4
1074,-0.25225660864292515,-0.3804145232967329,-0.22958592507904008,-0.20306090792272763
1075,-0.15934654117623825,-0.30156915366059456,-0.11007628142555667,-0.13610989556970407
1076,-0.1771072934966306,-0.1097772064984933,-0.10091704521402942,-0.10866250228186665
1077,-0.34308207522038653,-0.17813422370972287,-0.10885830627318442,-0.05942960613288234
1078,-0.15438673302332304,-0.2208278578148867,-0.17660813165834405,-0.16824316860655922
1079,-0.13168903113740746,0.03527347908694939,-0.12724077872041478,-0.04416786252982576
1080,-0.3143772286819247,-0.21332457032416954,-0.2550235041808497,-0.20453113985253077
1081,-0.28207059216769315,-0.35061397950342627,-0.23045188042789064,-0.2139438186933396
1082,-0.23307619237870889,-0.32218246996178773,-0.14922785050094955,-0.0582985246751972
1083,-0.23764575864388665,-0.3011099764750905,-0.31958569375091794,-0.2723005639430438
1084,-0.3019336347042193,-0.30334463602003936,-0.19652354457735566,-0.1487457544270099
1085,-0.37426728827673705,-0.40193913613357996,-0.2785806185095679,-0.2917244335130054
1086,-0.2467865579232208,-0.33608317198835075,-0.14283482226877486,-0.1628666623780744
1087,-0.2231891103209132,-0.2774387620642442,-0.16539265322792984,-0.08536392159513657
1088,-0.25056052855585775,-0.17980977526979805,-0.21437757697307844,-0.19519389367195727
1089,-0.15015613422946206,-0.31016833288754675,-0.1343372798037606,-0.14945546016127093
1090,-0.15639666036954752,-0.215982598309587,-0.2651569711172528,-0.25661091678225534
1091,-0.32334491178553443,-0.2733209397048863,-0.23952631959312007,-0.161786704826252
1092,-0.20446188576931146,-0.13490939816339245,-0.19026451122714685,-0.18399545660143457
1093,-0.24741149244360414,-0.262966727290035,-0.24131562682709515,-0.167930482619968
1094,-0.21483425157489247,-0.31262466834194297,-0.18332368420501347,-0.11222270265833958
1095,-0.2809494027595854,-0.2837350865311317,-0.1686726732146971,-0.09045319608618538
1096,-0.0869694408470802,-0.10003999436008738,-0.08535394459211029,-0.02686496789238757
1097,-0.22822545130688793,-0.24285353164815246,-0.22245897340338056,-0.2001103573806672
1098,-0.13287119009420578,-0.16174766418527964,-0.22344814345739797,-0.14083228424579433
1099,-0.28612402120291913,-0.3393095551308068,-0.18656758482416277,-0.14552288277577938
1100,-0.3114113022830476,-0.25311167873975604,-0.23084653045777,-0.21438816838777713
1101,-0.2247092837359242,-0.3335182524136743,-0.2006153475254731,-0.17518274379011195
1102,-0.2371611276078117,-0.0943333117869644,-0.14650158724635132,-0.10541756354638743
1103,-0.18577582591737093,-0.0724810320423501,-0.026646718563401738,-0.07527794638478168
1104,-0.19253359072831883,-0.13153232632119138,-0.2505234724468693,-0.21046624952252876
1105,-0.18666240586920013,-0.3088792794208492,-0.1463434055949092,-0.14786780561895907
1106,-0.20935148478336998,-0.3276001361480402,-0.12060821062356301,-0.08639245028496012
1107,-0.26080132353960145,-0.12634843651730543,-0.1869868351191437,-0.1239799275372833
1108,-0.22690011007325434,-0.1692765877213028,-0.20252267595644033,-0.19319315791219252
1109,-0.2351042484163034,-0.26887109342847365,-0.13514233384460367,-0.02778370875640166
1110,-0.1528742063544833,-0.12805100059804336,-0.09997233740489174,-0.08114847304424458
1111,-0.1646998258288867,-0.17244640608519787,-0.11804714695707279,-0.15439919695279852
1112,-0.11877798460845852,-0.15599668646914633,-0.1866531237917841,-0.12363202713722322
1113,-0.2922835784422882,-0.3505765223420873,-0.23628490290259585,-0.27225860007649805
1114,-0.24673087086670592,-0.2780492663081133,-0.1738592467449716,-0.1413350702803651
1115,-0.06503405019838593,-0.062077449378839876,-0.039028618328162276,0.016508162684221495
1116,-0.32421296532780236,-0.3111583459096581,-0.2647272911700791,-0.1867636202311766
1117,-0.1597349630278483,-0.17407831274555427,-0.2366600496499728,-0.2432150379007607
1118,-0.2325527342091778,-0.3015645453475494,-0.12022394557457491,-0.13355275071709252
1119,-0.245689028827644,-0.12345637961450133,-0.1961640704982613,-0.1502215515811046
1120,-0.1497354948436203,-0.2554938798751034,-0.22618290260067253,-0.20923834847159412
1121,-0.21662906027265333,-0.27778019689716216,-0.06400490893525793,-0.00903282646997286
1122,-0.21638032169303362,-0.26787253967339003,-0.21160610234384422,-0.12585127250989966
1123,-0.25684458460640475,-0.18284201668893343,-0.20764989337857492,-0.14254151528775602
1124,-0.17974907649858385,-0.07755887368459144,-0.15677546008118395,-0.07053139999000535
1125,-0.2790994420751085,-0.3321588017302882,-0.2675118984150287,-0.24472816217586685
1126,-0.19758249290146024,-0.2594045621421343,-0.11840375584749387,-0.0965393011653498
1127,-0.09959337284669158,-0.0259365911070449,-0.10138815899648579,-0.03320157021701061
1128,-0.23076337675049988,-0.26785056706443783,-0.20039054615076082,-0.1814853491999305
1129,-0.22816459241469314,-0.19733697485168686,-0.16599137296943914,-0.1807955067256949
1130,-0.1822480233679546,-0.11830016264577663,-0.07028906829283599,-0.008849147024506057
1131,-0.19914469260313128,-0.2973827446647663,-0.14067896255849224,-0.1470136513947531
1132,-0.22700501820692365,-0.2948428378983207,-0.16328033234798317,-0.13169530288207917
1133,-0.23188910963980516,-0.3454419960414016,-0.22351315665829924,-0.22015210619338768
1134,-0.19606701041761979,-0.27412637126223943,-0.2091343714772221,-0.21523944624185098
1135,-0.1735142385099389,-0.21163052124045406,-0.2338655691753318,-0.15409533434407124
1136,-0.22098845058992228,-0.25842637244210287,-0.22270187433087146,-0.21137096775034173
1137,-0.20832078889563194,-0.30325853011555054,-0.15027145203620676,-0.11738907072514722
1138,-0.11850842391044436,-0.1362649509320014,-0.1667959943899257,-0.10700935395631608
1139,-0.2620486862580664,-0.2680418128645324,-0.18272863845529078,-0.12469558362539877
1140,-0.1879212381476141,-0.29077771199969554,-0.21906175019154295,-0.17629144696974408
1141,-0.23156571865906697,-0.2728967251676134,-0.2779634386429778,-0.22286893207564107
1142,-0.2284458451829447,-0.12508437148081938,-0.23530032104293552,-0.17926912456998814
1143,-0.24203602325345727,-0.32424530028771187,-0.22145690840134408,-0.17596186128578378
1144,-0.24587101941729678,-0.31768773382216264,-0.1502935985196406,-0.16262028601621448
1145,-0.2866230973777562,-0.3506315959760389,-0.14891947611742354,-0.10474969669350749
1146,-0.16981273780487563,-0.19528474745119195,-0.2368702626271442,-0.2060831616780691
1147,-0.31081555747537665,-0.4413402175824144,-0.1899252788917092,-0.1719879158984612
1148,-0.16001297503961862,-0.3194639548653767,-0.11856024839780258,-0.132147333265198
1149,-0.247729645189698,-0.17397540905320552,-0.29622174963362896,-0.28346258446596984
1150,-0.23980542101965543,-0.2847234146597408,-0.20598217821834414,-0.14523935746536198
1151,-0.2511960264449362,-0.26970664213200396,-0.09548527209239198,-0.057470175397136766
1152,-0.34022062445252776,-0.35834468931083147,-0.27521311920214303,-0.24474878812205209
1153,-0.2597318509150241,-0.31001251579582123,-0.14639884389495691,-0.12055177457008417
1154,-0.2525822097501376,-0.316525949855524,-0.16444642725043518,-0.1031603123676468
1155,-0.23394272365142416,-0.1664347143865234,-0.2828006055386655,-0.24925309818095653
1156,-0.26307270466494714,-0.1783025301242271,-0.13081785508843055,-0.09988646993373375
1157,-0.16011201415947238,-0.11498935126907311,-0.1916797161331065,-0.1989446786974918
1158,-0.22955546876295121,-0.15837466894779287,-0.10541923063715608,-0.04241085452027058
1159,-0.04119772350775187,0.03279303886878184,-0.05138179318614533,-0.04504582337493617
1160,-0.20362014376553153,-0.0607432499873677,-0.09939711182962455,-0.0018884956902940832
1161,-0.13036915370217392,-0.09404427289237709,-0.04062580452590727,-0.05645539972122408
1162,-0.23064276450088392,-0.3140477427871219,-0.0178736712183196,-0.02204859402392217
1163,-0.15987883057399807,-0.10605435184996793,-0.08323356361479957,-0.02329611086265334
1164,-0.09550335902210608,-0.06402759214961573,-0.2295806790356184,-0.07925110108378729
1165,-0.3415241926690597,-0.2861000668636287,-0.1568971383386548,-0.15789015071512
1166,-0.3387384108195335,-0.33293395392088476,-0.3021560510148888,-0.2550482308709512
1167,-0.1542980955116197,-0.16754895419156668,-0.0892547798119384,-0.05319956815646899
1168,-0.07202835577979191,-0.1572185222116091,-0.16474127897760177,-0.1658577893482078
1169,-0.1781254948549972,-0.20536412130785317,-0.14024353169709988,-0.07184628735450772
1170,-0.23724262977783012,-0.27341218442557785,-0.11885803868486002,-0.05158264445205028
1171,-0.3157461908755714,-0.2845234295760058,-0.10905934682416502,-0.13561610695058798
1172,-0.15884929062624964,-0.1683235982722716,-0.10173428979923654,-0.06085618009434736
1173,-0.1487099571675844,-0.15764664222360497,-0.169295396802903,-0.07377081589358267
1174,-0.30239508961891637,-0.3119729773480615,-0.1828816963846343,-0.13562642379022005
1175,-0.2592034265502495,-0.282938063227764,-0.25294478206791954,-0.18570455387258825
1176,-0.1959484468198726,-0.15298515025313975,-0.09847179637169133,-0.05388918149584754
1177,-0.2718630856325832,-0.28823905195840094,-0.24254231605705281,-0.1852918056025339
1178,-0.20125203404089897,-0.2551937517340236,-0.19019661693370538,-0.16352375655250673
1179,-0.24933083867898181,-0.12017193875751088,-0.07324525870856671,-0.025582628888432518
1180,-0.3362910680801864,-0.29075890113806585,-0.1654282019152253,-0.1598883179903267
1181,-0.17653819483312352,-0.25040877774091913,-0.13512499808874368,-0.16648803792945846
1182,-0.12856292773290542,-0.0700558149257829,-0.19435840066932347,-0.1924046824172839
1183,-0.19178176096009705,-0.31586016967468916,-0.17171388992277187,-0.17270139679230895
1184,-0.3109197833031867,-0.4147630206896479,-0.26741132399620343,-0.25631176669403727
1185,-0.21818173624818304,-0.23681339072391713,-0.09204880551828296,-0.07254404457193901
1186,-0.21158091972570123,-0.24918772283995796,-0.17943664952525218,-0.15279430644489056
1187,-0.10451875208891044,-0.051693503599942105,-0.10443031797315676,-0.17189574625224277
1188,-0.16137461407770073,-0.20696429697429844,0.046057338317948594,0.02226168250255275
1189,-0.09176028415808925,-0.1522358431212326,-0.20093475296766805,-0.15430028904944754
1190,-0.2530252283637149,-0.2606995736133973,-0.22166595266599876,-0.18629759371327076
1191,-0.1832524413746706,-0.27764698741206967,-0.15603970161093214,-0.14414389281193515
1192,-0.08575624070961949,-0.0059068441505899915,-0.12874847474573706,-0.033955958631233504
1193,-0.2429151777834617,-0.2947193185282732,-0.26166260431854893,-0.22476853781482986
1194,-0.19259996559381243,-0.2868911286683133,-0.13864503589411759,-0.1079774120654649
1195,-0.15845309218315168,-0.25151944647941976,-0.27163115582015457,-0.27261840288625805
1196,-0.3165033111138481,-0.3333928221151718,-0.17072969032175656,-0.09330102913038751
1197,-0.044776614212389834,-0.18526688367146552,-0.16281626381132208,-0.15654508033975287
1198,-0.28883294444030205,-0.31408367202854365,-0.16483380233407452,-0.14143768543413726
1199,-0.3705242977840642,-0.3433040363479551,-0.26925908332814474,-0.21037786845716608
1200,-0.2743948657115205,-0.193337945246045,-0.23688797065242057,-0.19963408114519493
1201,-0.24468792591374244,-0.291420916383678,-0.21663790926297613,-0.17587370987368245
1202,-0.12408311480241277,-0.19583325855301081,-0.1051739836150058,-0.0588347282950458
1203,-0.18515955024042002,-0.2238404788539165,-0.2716330690880184,-0.22368181486801156
1204,-0.15458963068467133,-0.11168635086324864,-0.18779855985368293,-0.05756261355505251
1205,-0.1582014492381812,-0.10757521658109272,-0.24652905546947482,-0.20569205581668143
1206,-0.15717336209378707,-0.19391973829586379,-0.18894325422697356,-0.15249722090258477
1207,-0.23513872461550941,-0.28266731801148687,-0.16748964062132965,-0.16326840402991394
1208,-0.22313197383962532,-0.2581282716214057,-0.17999073794935622,-0.13888627770839862
1209,-0.30068821378038446,-0.3559440280313983,-0.19250490668003759,-0.19902770059446254
1210,-0.2507281243367807,-0.19234114071872147,-0.17523694585715102,-0.16175062666078788
1211,-0.22010224654563681,-0.23945059355090498,-0.2827868915723968,-0.17536304597027877
1212,-0.2218959338148345,-0.28642206002785614,-0.19979280074364542,-0.12736982586742457
1213,-0.18648232267786208,-0.1758219455728186,-0.061070469099626906,-0.07568402670335929
1214,-0.13111541524565473,-0.1671966810296945,-0.03690048783772331,-0.02483250356316665
1215,-0.16935319296132065,-0.07544805470034424,-0.1351919185527571,-0.07254617245911993
1216,-0.16127125983849486,-0.19863879069504986,-0.13847489444492872,-0.14293319729659032
1217,-0.3600499336113483,-0.23068178695176653,-0.286039035597374,-0.29024426302078615
1218,-0.11646010975994459,-0.2838594418188443,-0.11581565571817315,-0.13187268370331445
1219,-0.24758982099996674,-0.30178376902547305,-0.11304098025752157,-0.14604107234650204
1220,-0.31091892471969973,-0.428560871028036,-0.24634614980962727,-0.23579882416884218
1221,-0.31340271774185097,-0.15721759532605203,-0.21366515976157874,-0.09593430882075497
1222,-0.31860537247813625,-0.2500001808226005,-0.3301340121459947,-0.33606357260019437
1223,-0.17767232887543016,-0.1949754902106722,-0.14344366403985262,-0.12177831769515195
1224,-0.27993787840154355,-0.2351260576095707,-0.2726221648268193,-0.2571557508835347
1225,-0.06031918580261029,-0.02214071924461285,-0.09757474189291375,-0.05862083346490712
1226,-0.22267869104037832,-0.2754984355183647,-0.15056615380290292,-0.17246287491962553
1227,-0.28309643885046687,-0.27820497819243123,-0.16151241701122251,-0.11705460294913876
1228,-0.17632372972581442,-0.20327137974995438,-0.10267892962665226,-0.037068003194870455
1229,-0.17903179403837102,-0.2409849688420134,-0.23186076001180778,-0.18753326793675532
1230,-0.33567749934465924,-0.38928583561822466,-0.23305227281480598,-0.2222732520763345
1231,-0.24996850623921166,-0.22416145876365715,-0.2330294934544169,-0.22814669830954618
1232,-0.14778416400013494,-0.1306080289230326,-0.17211482075196857,-0.20708056881885475
1233,-0.25161823422150853,-0.2794145715637512,-0.2531242623415539,-0.16289697814144224
1234,-0.11835197680325053,-0.2425558798963046,-0.23922748508247663,-0.16999181604265767
1235,-0.2832661031366594,-0.35442315861912477,-0.23342440643225792,-0.25145592058377025
1236,-0.1528705470754891,-0.2896983144179052,-0.04742730353711243,-0.050515089377022995
1237,-0.2746692740556974,-0.35392662154530347,-0.16502635713752437,-0.16799173850324814
1238,-0.312644232761229,-0.21073188982056026,-0.1926630423721687,-0.14938713798179015
1239,-0.310064363221042,-0.34553744003532566,-0.2151095719034206,-0.16825980195487406
1240,-0.24642835234469043,-0.33929070286727453,-0.2812265162683047,-0.2745090596126669
1241,-0.2989689950970341,-0.31641234083899306,-0.2144556038380584,-0.1952037075142952
1242,-0.25842064327949615,-0.33037018283187136,-0.28911915590759346,-0.23134788042836746
1243,-0.2735828668891681,-0.3128947289656232,-0.1980796592754939,-0.12076672227757336
1244,-0.23073581343310262,-0.14008129977463396,-0.24319372905553316,-0.2298786306824346
1245,-0.31583729954782863,-0.296465002841335,-0.20118059460839735,-0.1355815151815383
1246,-0.205051668774473,-0.27034194207931866,-0.2599728971337042,-0.20385555096228714
1247,-0.24506356564573342,-0.20885436583679515,-0.1304196612062182,-0.1706676021413356
1248,-0.22479947161817887,-0.2597519199912911,-0.21896936433626898,-0.15459402123737923
1249,-0.219368686907039,-0.28284701289443426,-0.18824873047207114,-0.08991142145973625
1250,-0.217555984594844,-0.13007605013494905,-0.14693623890777988,-0.1696037056010156
1251,-0.2563408419393538,-0.1520539514413987,-0.14242131681141204,-0.09515546444089965
1252,-0.24874264198950263,-0.3739963793313676,-0.1784395704260539,-0.189127845818777
1253,-0.3291946199639999,-0.35633253317571556,-0.219669165406134,-0.17726625689919026
1254,-0.08870820677872715,-0.12414679052337621,-0.11277864065320094,-0.11873230181630302
1255,-0.2859115636604105,-0.32389928787887773,-0.2641033413158548,-0.24750750308823322
1256,-0.19602844895763294,-0.2265321425343473,-0.13932004799283332,-0.09822562292044525
1257,-0.321106707266815,-0.23079419891181427,-0.12353296616048448,-0.07555891844150968
1258,-0.25924036697886915,-0.1688556889958708,-0.18905875121850574,-0.1741708956262413
1259,-0.21840872152236804,-0.2760345899342084,-0.19981196322852493,-0.11855957249279886
1260,-0.22697790681430385,-0.15771873081062235,-0.0767320277947189,-0.0943696397502217
1261,-0.26488353640927415,-0.2935860632646728,-0.22790446103849363,-0.15628051450366487
1262,-0.20566837727949605,-0.20337058446942863,-0.22418365739615398,-0.1907412577323661
1263,-0.22845508364804215,-0.1758120398914554,-0.06763013303461446,0.0011063096219663777
1264,-0.18646318339553755,-0.26488725636678406,-0.2185414124249655,-0.17806371958614667
1265,-0.19156708817242368,-0.1615774392782336,-0.11437382574670905,-0.12356486743167584
1266,-0.3000926979687955,-0.3535777898053277,-0.21703813209516598,-0.17159529691213266
1267,-0.23059138432780438,-0.32406709631520264,-0.15181848804886006,-0.11750418979435379
1268,-0.26261066211588036,-0.16400509410334727,-0.11214735519909777,-0.06439253666482625
1269,-0.15961647833095663,-0.18219945504655377,-0.1855018143809104,-0.16478918458179928
1270,-0.21384976205502543,-0.1251612143529395,-0.1447810304566648,-0.08447014603084638
1271,-0.10732944506646631,-0.04354989576219013,-0.06622451616847545,-0.04375616162238107
1272,-0.25271244992151753,-0.33363573214734216,-0.2020425419030412,-0.16171170814695662
1273,-0.22324966290757212,-0.27599638643149316,-0.17265280811848552,-0.14416573793267998
1274,-0.17770742437451112,-0.2613195037015204,-0.14183979582539988,-0.11065057271423775
1275,-0.2860332409910204,-0.323908159685564,-0.15512096425213487,-0.10730691141996151
1276,-0.2354831282362657,-0.1522041184845688,-0.21614568682837051,-0.13851474003672082
1277,-0.16503176037942244,-0.20748204304227072,-0.10560599708514126,-0.0835915288252153
1278,-0.3010387235699824,-0.2010397871378934,-0.17932907673322798,-0.12230012706038076
1279,-0.22988388792466827,-0.07422495216109057,-0.22911478659979548,-0.19139629765049973
1280,-0.2868305489140747,-0.32242929317634494,-0.25024560033154514,-0.25021493614429147
1281,-0.3240043910796948,-0.249903797454467,-0.07584449657204119,-0.07347871251684289
1282,-0.18457723465979625,-0.05426583644545315,-0.17067279224785264,-0.08033994020204352
1283,-0.2461525123197435,-0.31322404179215774,-0.18148455546438635,-0.18201533340346365
1284,-0.1899679265691642,-0.31480349034295163,-0.2833171741701266,-0.27367477191861234
1285,-0.22929732624378144,-0.1291821319299048,-0.1466618145547219,-0.12231802650721092
1286,-0.24735395631880214,-0.1852757876309379,-0.16096288922648297,-0.12016492794359263
1287,-0.23531791530212948,-0.302066079660951,-0.13591414475532182,-0.07502223913579531
1288,-0.18247093688298155,-0.19453844622499109,-0.21183603127719844,-0.11370694675192378
1289,-0.18303324083991157,-0.07272264289480754,-0.1185427659940196,-0.0702749638442164
1290,-0.2664405602037008,-0.2697924997200134,-0.21253896760963842,-0.16773174940696536
1291,-0.15571504537487252,-0.1775192215254034,-0.07398960988000822,-0.038983861660971016
1292,-0.32282382175074037,-0.3215970429016822,-0.11496388177358387,-0.0666214639198817
1293,-0.21986848367174855,-0.3309127286618493,-0.2805136735932646,-0.25482495911692454
1294,-0.19438510715131763,-0.2853612693761448,-0.13651746292948505,-0.1689932357722153
1295,-0.19797796639239892,-0.20295060562644082,-0.09612349215531674,-0.12065827629215585
1296,-0.14079133249581524,-0.19444310192098435,-0.12384693958304636,-0.0780209952894554
1297,-0.21855121440737613,-0.29459890453790144,-0.11934610677619775,-0.0841565456500673
1298,-0.27082116782450083,-0.3487115600446297,-0.22468289971490654,-0.20240222186729936
1299,-0.08484679511133617,-0.09241536775421275,-0.1287090557520001,-0.04768156576624256
1300,-0.23444054454383115,-0.2733496308132385,-0.22663480068839942,-0.1748577210239781
1301,-0.15298514651822864,-0.02690919745893995,-0.037943744265842634,-0.03457249811284368
1302,-0.3429920432747142,-0.3847345035016464,-0.31617721815233957,-0.3158658734803098
1303,-0.18695016470490086,-0.2839590203045445,-0.10831605019100944,-0.06898775277924041
1304,-0.20620116778724598,-0.28310834757537684,-0.1810725565182686,-0.12194444605523988
1305,-0.2681715319474573,-0.28146553894843473,-0.17347473506278122,-0.1556956454720041
1306,-0.13194703711561728,0.013211838456870248,-0.1369988775564946,-0.05468696404773333
1307,-0.25963439286994233,-0.3043819493286464,-0.17988884071120972,-0.13098396084033823
1308,-0.22429129314957694,-0.13513670323770557,-0.15643426691912485,-0.11047987726784791
1309,-0.21059537746639143,-0.19512087555729685,-0.11574516551001547,-5.456216752896951e-4
1310,-0.27376240176705546,-0.325368609029773,-0.20119902849697308,-0.1713549823502574
1311,-0.2038796927438682,-0.22258221845512055,-0.23716382233313815,-0.19353258449311614
1312,-0.15525834642277164,-0.02018813917515913,-0.09648924839948356,-0.05153908333308157
1313,-0.1715087491439334,-0.06494208762403289,-0.1805139107022823,-0.09657491998459547
1314,-0.08402676369363285,-0.03314117437631365,-0.06594673513364514,-0.006146612561433579
1315,-0.25227859165417793,-0.26672024252504145,-0.2121521248212582,-0.11587877661806062
1316,-0.2399807058582328,-0.3647997057318524,-0.11843809662353984,-0.13139888136391048
1317,-0.19364947645271324,-0.2493577677950685,-0.2533882372746059,-0.15156119727770095
1318,-0.20940406208933102,-0.22580108757764003,-0.14195230919762292,-0.07265836300485921
1319,-0.28557241608643297,-0.2510385795726556,-0.12132316706219334,-0.08064830317014725
1320,-0.31430899221791914,-0.19704793801677795,-0.23107100784041487,-0.21398119811791208
1321,-0.1966533920760461,-0.07982739457672741,-0.16210836430533798,-0.10622399815965537
1322,-0.08402603103093285,-0.07294785316958229,-0.10273745764695502,-0.07318275040275035
1323,-0.24956199960831835,-0.36091859921166564,-0.23432988272895028,-0.25218458809716265
1324,-0.15234515708365368,-0.2548577886704035,-0.2553742003035543,-0.21264731168670303
1325,-0.20439136843841038,-0.11640288118763796,-0.13249563859726954,-0.1060897141621952
1326,-0.27125641099124065,-0.22344142369619618,-0.04896117001170913,-0.07381440082887425
1327,-0.33015192335048416,-0.40260624089766356,-0.2744489159810797,-0.26832831099825716
1328,-0.25539309811534905,-0.3340245523559868,-0.13529097346657343,-0.11395716080937315
1329,-0.32441061067739446,-0.34130190600374904,-0.19317829282024268,-0.2360432207952799
1330,-0.25778634576788717,-0.3045691741049721,-0.31612990334987195,-0.24054427429806674
1331,-0.06027746670445136,-0.04932733949793112,-0.23607418571793684,-0.1266687000595077
1332,-0.3415328463355831,-0.2696352922431058,-0.2151381113294218,-0.20135215309183832
1333,-0.08760519450970489,-0.18945816169284313,-0.176358736063238,-0.2091029469642938
1334,-0.2743928765095056,-0.3849376463117509,-0.25477301676256453,-0.2304568128701465
1335,-0.26041294427662387,-0.1618864719759042,-0.20012521380371392,-0.21641725339945048
1336,-0.19768673890684627,-0.12584826463806548,-0.21531704994365478,-0.21869494000937853
1337,-0.343600696750236,-0.17476519870026364,-0.2017278891279586,-0.12071219481962392
1338,-0.17635366790378063,-0.25900136986019245,-0.13089605681725777,-0.1005784649884487
1339,-0.17475337783377767,-0.09975475040381473,-0.06530838200611082,-0.05982755244632742
1340,-0.12460545689774336,-0.08781008591084415,-0.0830036911114469,-0.04436177384173935
1341,-0.22786071099470354,-0.1370091593404489,-0.1864919050200247,-0.11139226529667616
1342,-0.27070174140638,-0.30933536266993317,-0.14092561476482102,-0.09510633915448519
1343,-0.22078040444835936,-0.32600116657391054,-0.18395560176376338,-0.10749551272879927
1344,-0.24809224540879835,-0.2840662050613749,-0.1463418378873665,-0.12672897209706516
1345,-0.24941205556824714,-0.33381887721898446,-0.1511729468771288,-0.1398990797362721
1346,-0.32866698541254674,-0.21680687211791277,-0.16533999412389505,-0.14201646023503287
1347,-0.2254364689537999,-0.2898470183606526,-0.24138820590402776,-0.22642923419580796
1348,-0.2303872072520486,-0.13695866936162587,-0.12853907989455032,-0.08724056688710545
1349,-0.3032427690450233,-0.3593175954100985,-0.26972886544220387,-0.2482776074175482
1350,-0.28471752791599975,-0.29577611937076626,-0.29319347996531553,-0.3040964790147109
1351,-0.1899299263920809,-0.20411920882648246,-0.16944978097291152,-0.13457718748215977
1352,-0.23309852788570243,-0.12128816061585798,-0.1767399858239289,-0.11111676779824926
1353,-0.21650618745376646,-0.2587371807807049,-0.22391407008396874,-0.24158022430940337
1354,-0.23126985923230886,-0.312442462645288,-0.23294929274509216,-0.24528246197567252
1355,-0.2019856457573255,-0.24301247284271524,-0.20651687368685917,-0.17879136515204858
1356,-0.23550816583387826,-0.15115479275087595,-0.14040224643323604,-0.08895797592088632
1357,-0.272549872133846,-0.23822144846150886,-0.13302572349971356,-0.030465085381947418
1358,-0.22408313920719003,-0.24485162443038874,-0.050859660503718956,-0.07321532318664271
1359,-0.4247068402675426,-0.22926732062660532,-0.15783314015820363,-0.13290124262782863
1360,-0.3254320872008496,-0.30085235368850094,-0.11372910255664159,-0.08429057342758135
1361,-0.29984758838596637,-0.30152845370725295,-0.15946934003624758,-0.1399829480750224
1362,-0.20024315530298126,-0.284697790040996,-0.25080782055341316,-0.2096253804827315
1363,-0.2584418016660187,-0.2704977227769905,-0.1930442673250806,-0.16622549060812697
1364,-0.22540312204492396,-0.2387087711557519,-0.15389868824711994,-0.13968140848107047
1365,-0.10010334138546982,-0.1771748544370116,-0.11552118817798097,-0.1235238661950965
1366,-0.33706644275498343,-0.34609960340424556,-0.2411188813258817,-0.21586448092783717
1367,-0.1898442075694996,-0.3322896025539173,-0.14475620630257804,-0.17779714893573637
1368,-0.19986530051495777,-0.3091905157702508,-0.15415650282157806,-0.12163374071218633
1369,-0.21300691655046128,-0.3057867457948074,-0.25376731101491157,-0.2873522945384197
1370,-0.16190615792171065,-0.26012593623165375,-0.18179375122174643,-0.21139042644644337
1371,-0.2112681160869956,-0.281843581516171,-0.1696932593824473,-0.11483602283067439
1372,-0.2739902084365807,-0.318783863601037,-0.17438611738146673,-0.10470599177202891
1373,-0.21087136438252296,-0.276264273354735,-0.09323629198015364,-0.07906568432542758
1374,-0.24134572923268025,-0.09010813707766664,-0.11802382553169784,-0.08059937993472022
1375,-0.23690420709163099,-0.24388822147934225,-0.08641675713745703,-0.005916113954439574
1376,-0.24912319627376728,-0.26185509346251074,-0.10596470337132288,-0.08639573955054138
1377,-0.23632371604733957,-0.29103021707858934,-0.23255037907868178,-0.17682666788695328
1378,-0.2918051735210386,-0.3600968983589065,-0.18242697219567422,-0.16437787520780733
1379,-0.12622151581471508,-0.17444370773667203,-0.18728282131162075,-0.10622837796695313
1380,-0.32169227463424743,-0.35214646194092697,-0.2579431917547732,-0.23860446247466907
1381,-0.239766766987187,-0.3335540693863389,-0.0974146461403534,-0.06749759612784063
1382,-0.11097763610635819,-0.07486987431033759,-0.16482170841647545,-0.10828729692544274
1383,-0.14717545732199153,-0.19591497185404472,-0.11434812466132058,-0.08989349283881383
1384,-0.19517596203056056,-0.15303301032056543,-0.19695467885655643,-0.15815450319571986
1385,-0.2563624288282003,-0.1483158594605779,-0.20568561108812083,-0.14952483224471846
1386,-0.2771302114325603,-0.1420589924595371,-0.14411653701557536,-0.06395257542752926
1387,-0.1785397401687845,-0.17514284204488287,-0.1930223198702749,-0.1328537721555832
1388,-0.21639902533689084,-0.10610652527677254,-0.17961289630359137,-0.08652055804194386
1389,-0.21886301336530498,-0.33022079880674315,-0.1707644467110057,-0.16025241241173957
1390,-0.23900525290529753,-0.288546180002868,-0.1770700788098433,-0.1205314761733994
1391,-0.22583592042557404,-0.26681523507213073,-0.14508369419716927,-0.10581240185153555
1392,-0.2170018329869587,-0.14595060642226648,-0.2623426197309376,-0.24096771061892724
1393,-0.1886380157746783,-0.21043340534481125,-0.18032525423383775,-0.06731138180130836
1394,-0.1876878806185627,-0.2662987128367116,-0.24844229367661583,-0.19569145381598158
1395,-0.21557650328805095,-0.28639192213702847,-0.1621744484555202,-0.1257426089096778
1396,-0.233355035465928,-0.3514973719640424,-0.2150945815454297,-0.22313298703490964
1397,-0.26006950048388394,-0.19306128563741623,-0.20657596844143436,-0.15002347317007453
1398,-0.09095114390058899,-0.19426458829002746,-0.15573606815761795,-0.11050522133519314
1399,-0.13413188075072482,-0.2151420869908071,-0.10804831147471096,-0.04013648568021603
1400,-0.23998856945286265,-0.23029428896503712,-0.25593738771724744,-0.19954061803818765
1401,-0.29268418217432995,-0.15698386627939392,-0.06732758783048604,-0.03593907240694024
1402,-0.35177688382629185,-0.33499461059319635,-0.25095194265725923,-0.17041730971651314
1403,-0.19559752027714053,-0.27840660368825976,-0.0575819303748755,-0.06826792457513998
1404,-0.016706013738606196,-0.0866971493522773,-0.11919071119455206,-0.14326892582101997
1405,-0.1944852622964989,-0.3154257479952672,-0.09368288116107623,-0.09642769521473142
1406,-0.18868276633472997,-0.2417939540387095,-0.17677050090657512,-0.11171642330109612
1407,-0.25207604388525706,-0.1756356506110766,-0.1991787993513216,-0.16252816923301788
1408,-0.23026843427511492,-0.33417468280128354,-0.08289672132523412,-0.08828768867499563
1409,-0.24789020179618437,-0.35588402069042674,-0.29402517735450356,-0.30463041206223485
1410,-0.15360451249811216,-0.20712692820242504,-0.15873634067270576,-0.11677862233657263
1411,-0.21040735591301857,-0.3059529384259802,-0.2388746133267337,-0.24632513996818572
1412,-0.21659454412357423,-0.2668462758907584,-0.09358738229634651,-0.07411568745644684
1413,-0.09557714512723312,-0.13141404297094642,-0.18510201899571263,-0.15773626472406668
1414,-0.19868770018239487,-0.21233503336729806,-0.13680898892217477,-0.18580320140674506
1415,-0.25211143313781725,-0.2694665691496485,-0.16181049636475883,-0.1177159074111395
1416,-0.16023581793670771,-0.08917880562165105,-0.1540322287283046,-0.055714031779435395
1417,-0.25636490465973494,-0.2806553820558069,-0.18490302357403485,-0.0970422577262516
1418,-0.22379913633334989,-0.13878079781372202,-0.17979546072915192,-0.10852571853644136
1419,-0.14373998723683817,-0.02611401778204346,-0.10263327337420479,-0.055980181660230846
1420,-0.20077166280330838,-0.2271904956945013,-0.14289789970593603,-0.12309541768695305
1421,-0.21534964297893663,-0.2509149249180691,-0.18132722503736726,-0.08314007023725407
1422,-0.2930681850666956,-0.3089434662049749,-0.1626755233598435,-0.09894053286746164
1423,-0.2520492394182188,-0.15072743348969792,-0.15819020126933142,-0.12105910889210164
1424,-0.2763747247221383,-0.3431603836163592,-0.23655530487813933,-0.20514030850473206
1425,-0.23145877684038876,-0.30399985207538777,-0.24957772543979942,-0.2451643668242576
1426,-0.254822261519925,-0.28487015199656096,-0.20767772033224904,-0.24677812052228443
1427,-0.29935157298528875,-0.24264814439331442,-0.22928280850383678,-0.2360064976730352
1428,-0.13858340077671055,-0.2845543753801188,-0.22716321954708985,-0.2204801181433884
1429,-0.2055304989836993,-0.27424150136351105,-0.13551709682450916,-0.12315844255750663
1430,-0.20358831924304877,-0.20047752785299747,-0.19538379471577508,-0.22921893813270677
1431,-0.12552087880110585,-0.13582545009555932,-0.15722163042103904,-0.12523742749679764
1432,-0.2659871591432628,-0.15709408348541326,-0.12856165975907546,-0.10431826699739791
1433,-0.279709996591964,-0.2612959583568637,-0.10805571215066695,-0.09911077214425584
1434,-0.19781495557595094,-0.09436250783094327,-0.1682751189058233,-0.1334288400182093
1435,-0.2612710996004833,-0.33558644513884384,-0.11481501757420494,-0.10866618828326652
1436,-0.23158919741279457,-0.27489793349968555,-0.21921751434985426,-0.1881895618535
1437,-0.2543184072656687,-0.1671779523884654,-0.14503322514597008,-0.11422290144051597
1438,-0.26958893548986096,-0.2993849078992912,-0.21444538131122123,-0.10957679304239212
1439,-0.252358012657311,-0.18083924633342505,-0.20897140822804508,-0.184629198099509
1440,-0.3256457551848848,-0.1693297117121717,-0.21620901961552835,-0.1437626361043447
1441,-0.3066645889089083,-0.37452300700491903,-0.15591867052553415,-0.16257384859342114
1442,-0.09797746806795062,-0.16026930593802563,-0.19317275378331636,-0.14028141580933168
1443,-0.19685805217704336,-0.13513405495173791,-0.17766438775420304,-0.17252515590177028
1444,-0.2296303554784477,-0.32626322535364805,-0.21216970464957005,-0.20871193120772596
1445,-0.2047786384088868,-0.06495600268032918,-0.2154398901065723,-0.1774516590326
1446,-0.22793184623352242,-0.2843566839539464,-0.26897542739354324,-0.2052895857486633
1447,-0.1767443647590123,-0.23017037034940444,-0.12300262096331295,-0.10566594261095315
1448,-0.0877242091100384,-0.04928707395436253,-0.0958988823645821,-0.07513930944396995
1449,-0.24564312507993671,-0.22790707355519968,-0.14332328697157262,-0.1179494562936239
1450,-0.21488490655100842,-0.2557004617656845,-0.18272109732076552,-0.1064435365280554
1451,-0.10975272252577487,0.0032494280172579793,-0.20746049260336066,-0.1541852385876776
1452,-0.2919604650861454,-0.18966626064444705,-0.19224347877976822,-0.17227046109510913
1453,-0.22383608832644564,-0.18642701797429476,-0.10941463207336097,-0.11659149087635752
1454,-0.2862854552473254,-0.1490933870246409,-0.20614483419223564,-0.16639229488229376
1455,-0.06589939904954815,-0.11516115209239922,-0.18768521615146552,-0.14115660808440125
1456,-0.13439198457619367,-0.21243481067008793,-0.1723696026978537,-0.07417594182051157
1457,-0.25042635682134434,-0.2972271106771496,-0.19498951387655747,-0.1924218882042243
1458,-0.28574935822811043,-0.32478127013750385,-0.2537349642145033,-0.19603265430685632
1459,-0.23222174367887446,-0.09448777879680163,-0.24855795972204242,-0.17115905738853657
1460,-0.010813553702191054,-0.09088830078725908,-0.23073419273841653,-0.16362673032539307
1461,-0.19460068044787704,-0.3167591308837521,-0.26575094722564935,-0.271227871363011
1462,-0.1393183876768393,-0.14168405453284885,-0.11987474920970055,-0.12296980902196945
1463,-0.34114467550656374,-0.372543840966463,-0.1493254386724866,-0.12359349462700829
1464,-0.18583640052908115,-0.1954672114224604,-0.1493473145615234,-0.1572676763066162
1465,-0.2032400026259372,-0.12338232939569665,-0.24949242054644713,-0.18054960719740729
1466,-0.2591409794739057,-0.291450149851838,-0.19525199699904927,-0.1319730165357465
1467,-0.11907999796794337,-0.017179718610871707,-0.15453197862162873,-0.09760581417993795
1468,-0.13144873814281588,-0.30736617632286595,-0.09491949508413143,-0.11231764018486241
1469,-0.2642134817419707,-0.14542184756622042,-0.1617223532864463,-0.07287478623567414
1470,-0.18882359492301432,-0.16313561328181328,-0.22255232347016934,-0.10456472664796454
1471,-0.23037255411494614,-0.10514253697484686,-0.19938532340076692,-0.12751395386717956
1472,-0.18363558029226193,-0.06570122925073503,-0.1165666793317922,-0.0362335404036695
1473,-0.1824686299944026,-0.3023177324998855,-0.19309410178820663,-0.20010126849066112
1474,-0.2855285517363868,-0.2978630721745044,-0.22614993191163124,-0.16280062640394877
1475,-0.22298458085405307,-0.13690361056023603,-0.15230494657567703,-0.10070786594581893
1476,-0.2092016764672278,-0.252931070944302,-0.048054582728091336,0.009212793667346968
1477,-0.016928525483840808,-0.0988967392858668,-0.12558510761431008,-0.14144862189046362
1478,-0.2453561244286597,-0.24536522585687467,-0.19369322591338128,-0.1382374885574686
1479,-0.3032987102170866,-0.34053240229354753,-0.18558114588569968,-0.16035616807280795
1480,-0.30234000766697955,-0.3675421720814583,-0.23437833712863254,-0.22855974414365768
1481,-0.35117656390785595,-0.41442141196808596,-0.2131145144603345,-0.21081452404228118
1482,-0.1789829967251828,-0.28969846732591864,-0.10602377668059167,-0.13868469245692663
1483,-0.17687030172903753,-0.07113140951257857,-0.11445149091706208,-0.10001090868500001
1484,-0.18081843245932613,-0.25242793744086894,-0.07440578227576697,-0.08201008173341545
1485,-0.3159440633241956,-0.24701232803370496,-0.16123505621408987,-0.13752741264618298
1486,0.009462629956902625,-0.040503746418025226,-0.11175318544385279,-0.04082636913794902
1487,-0.15748282378678957,-0.20171923284737872,-0.03686022151206664,-0.020412919641257122
1488,-0.30429919796039556,-0.3443785932107698,-0.17168174295476035,-0.16657567204672277
1489,-0.21268261567858457,-0.20755621792930593,-0.168671843106162,-0.07701267794603586
1490,-0.2120151485267236,-0.27467715757433375,-0.23317927998571647,-0.21852792031016424
1491,-0.3633189111141903,-0.27172082550784216,-0.22864491763976724,-0.2479982571020511
1492,-0.2506476133054076,-0.374467483951264,-0.16070602015231494,-0.14001342742452322
1493,-0.24931741589979325,-0.3182404207599163,-0.294085005044417,-0.2447384673176904
1494,-0.20429396943064865,-0.30486265235610455,-0.09705379133827477,-0.13109252244245373
1495,-0.11299717187556997,-0.18411505208229112,-0.13350838492095352,-0.17801135072165122
1496,-0.16553353997502152,-0.0726662037789236,-0.1576400870471479,-0.10922917738977002
1497,-0.1848267850027055,-0.0678234627981394,-0.13562401791428588,-0.07242135420462097
1498,-0.15438646069249695,-0.1919839052199536,-0.190304528450313,-0.13437365191215267
1499,-0.21321553714011338,-0.08525729339752357,-0.11888550185840956,-0.044478430112504574
1500,-0.06988454987932805,-0.10987382774202355,-0.16657635419802805,-0.14339151065270747
1501,-0.08240843682306424,-0.22091746342989108,-0.03128432300922311,-0.06329233452774434
1502,-0.236712436934461,-0.25351979761825355,-0.22676621519631962,-0.17094868543797
1503,-0.3810645004067591,-0.4048418217000439,-0.15578620659380726,-0.12428149311265922
1504,-0.3371258656261287,-0.1955937651652556,-0.11244935547735853,-0.0885628624803008
1505,-0.11481163978954276,-0.23208328798595332,-0.08874275792419814,-0.03599624050358411
1506,-0.18738692015500683,-0.2331844937001707,-0.2039916689880334,-0.09520206089308385
1507,-0.2053276300168288,-0.31009983357919957,-0.16422227753373192,-0.11976643627878053
1508,-0.30489233957472833,-0.38371473253964,-0.25166078759159943,-0.2251711032849575
1509,-0.23251119592890257,-0.270721363201545,-0.2084477160846054,-0.17361668219493812
1510,-0.17116839146061455,-0.32196329722744144,-0.1357186543309358,-0.14134560750354033
1511,-0.2857801071433323,-0.17868270705212402,-0.19448824222427166,-0.168313993745861
1512,-0.18295588646490069,-0.1278856917097303,-0.18392587884948247,-0.21154089273200471
1513,-0.1707586775490958,-0.060339724424272274,-0.10860933367079256,-0.06398345087213952
1514,-0.2781451586506116,-0.2529301106459467,-0.20137661144892666,-0.15381611897483363
1515,-0.19041817883298395,-0.286180757326775,-0.13419171851738065,-0.08362114297760796
1516,-0.2368448234141936,-0.25384729084110536,-0.21905675474102768,-0.12436472836841282
1517,-0.2261569282141292,-0.2943063818656303,-0.24721114446177417,-0.22487025789843912
1518,-0.2735527584912435,-0.17233942133305757,-0.15015220789338038,-0.08599713978383772
1519,-0.19880565580198672,-0.2713802031478966,-0.1257590299022746,-0.08320516676251055
1520,-0.2918017815301948,-0.3216114638411455,-0.2256034240104396,-0.18393013872498706
1521,-0.23965213387366638,-0.3039826498284603,-0.3464999478831127,-0.3100504416043012
1522,-0.3094381656669417,-0.387808828942944,-0.33613404710318845,-0.2903652158027602
1523,-0.17668820788618614,-0.1347675463779032,-0.09420666120438459,-0.09877956548780835
1524,-0.16860222612241488,-0.06303312099770968,-0.1302300941984685,-0.08293078828063574
1525,-0.23953362928865402,-0.060209059780125196,-0.1811494335569795,-0.12226517255712988
1526,-0.22889281749020093,-0.26123792354772246,-0.20684653911408746,-0.13329584202054762
1527,-0.17678334152169511,-0.18796252393653,-0.027552656530153232,-0.010928727172981751
1528,-0.09482780756727345,-0.21655801237505576,-0.12078290808654937,-0.09243277659821444
1529,-0.35177421759279026,-0.355406893236907,-0.3402277558741005,-0.24653903486429954
1530,-0.20543150844987634,-0.10254720535250353,-0.17094571703235467,-0.15013804376919615
1531,-0.33953713193520185,-0.2926803906150132,-0.1753705787823582,-0.1398506676313381
1532,-0.2564538464438713,-0.28373822433048174,-0.30955626363439054,-0.17299932902496618
1533,-0.19048888163964608,-0.30277896476256394,-0.08429536336643752,-0.16056599194688242
1534,-0.21480089198970886,-0.26658484973028657,-0.10534501680869648,-0.10496192390754497
1535,-0.35903426505040137,-0.16169965245051957,-0.16579093362679814,-0.09639659089362368
1536,-0.15996139328527,-0.08937178294058569,-0.1736050217591467,-0.14605456169688213
1537,-0.1109019039490992,-0.15070592596791502,-0.2434820328801269,-0.21228865152073495
1538,-0.1473702434123722,-0.2424682022384545,-0.17178832534600277,-0.15490125505635013
1539,-0.14535526777036192,-0.24876489101126492,-0.17109921722215427,-0.15456242954932173
1540,-0.29070367667164,-0.21593154928395997,-0.18083405383181136,-0.16507007873623947
1541,-0.1358479515400799,-0.2006715370137063,-0.1364732923825046,-0.09281066163680006
1542,-0.19604093777724574,-0.25681643292895023,-0.08760159397905112,-0.09242913041439516
1543,-0.27342719296499324,-0.23438756505891017,-0.19607266841655482,-0.09034290193534197
1544,-0.1141368078570557,-0.20199369327484534,-0.08716356808146256,-0.00940860914291619
1545,-0.12401788418982497,-0.03312975993626792,-0.18951084835653745,-0.13969868825868223
1546,-0.18654574447552433,-0.08242551386985397,-0.15363183939144487,-0.13658369344100182
1547,-0.12732027260324094,-0.23606590968776672,-0.15842769202775803,-0.12445670263800102
1548,-0.2684595774238941,-0.30417483308399695,-0.1083783404951724,-0.06533280302216764
1549,-0.2790688316108641,-0.1863577214555383,-0.22296365366415857,-0.17285414902406818
1550,-0.16604720634377795,-0.2250812204518738,-0.21106324390111897,-0.1470993996876977
1551,-0.3582509635983845,-0.35691921072182586,-0.2587285368092516,-0.2063589667101608
1552,-0.26072235000514554,-0.22359267168262797,-0.2924794276235457,-0.19463195910200706
1553,-0.3473400451493564,-0.18845973753960857,-0.21189904722704797,-0.1518515383184381
1554,-0.274854426663466,-0.32274175539344574,-0.25730808649932563,-0.3107570877878412
1555,-0.1911926549429038,-0.22161289115706884,-0.16390519517775015,-0.12488094918340484
1556,-0.21806032618173013,-0.30975723213347506,-0.20545195981164788,-0.1720616054084669
1557,-0.25815676353616523,-0.3372982765762234,-0.29670509685831453,-0.21287118667694493
1558,-0.12193726215474168,-0.05576495139386903,-0.12409161546592028,-0.07224190753283857
1559,-0.18880815660548583,-0.24243158161354317,-0.12475284275995571,-0.11987127289329999
1560,-0.19102815503492332,-0.1640354091906303,-0.09849051669232771,-0.10419231285509228
1561,-0.341227309050016,-0.40876990646862044,-0.22796145603998108,-0.21072858600266886
1562,-0.2159553887027741,-0.2875414466294322,-0.25537653330642296,-0.2417899697026337
1563,-0.3023257131436807,-0.202608896963323,-0.18777763796120306,-0.15677086667275925
1564,-0.29880578037116395,-0.3724299665190629,-0.19660324274220117,-0.20326193911220283
1565,-0.24011158625809367,-0.16821844344020517,-0.1916060547042585,-0.18616478234545378
1566,-0.15404618935389477,-0.27252170324727554,-0.23335691036690123,-0.22439195898125947
1567,-0.22104730793675967,-0.2980426364739045,-0.21906057688347336,-0.19912828693436538
1568,-0.21207747659885004,-0.27293422388522043,-0.26733532846848906,-0.2333208087829922
1569,-0.18521959132473068,-0.16286767980500896,-0.21074399747821332,-0.11454756809637916
1570,-0.14339390462581766,-0.12480395285811748,-0.2336437771284491,-0.18561763150188199
1571,-0.16332375632890758,-0.20435072420258724,-0.22006950802627998,-0.21502761759003583
1572,-0.12331520972602017,-0.036063643745253546,-0.04102684093261783,0.029586265395439366
1573,-0.2884333889603512,-0.3234900616931205,-0.2563736178193685,-0.19401342736898883
1574,-0.17462832082917834,-0.0368646183206294,-0.09361851325038109,-0.04106670659084086
1575,-0.2522725703512591,-0.3069154822825588,-0.2938160426783914,-0.23953295458963766
1576,-0.14445965069271227,-0.2579098992886394,-0.186963254845438,-0.18659578628873216
1577,-0.298988373047438,-0.3342735285892694,-0.23259870187320203,-0.140383123555318
1578,-0.24862822321593217,-0.19918214179412674,-0.1920939022157934,-0.18318648769598758
1579,-0.2528652867889928,-0.31828376711473744,-0.3187703995915464,-0.2627046236333479
1580,-0.20479591931189525,-0.1691249899040117,-0.1456421739763811,-0.05588874230787727
1581,-0.25682293912076604,-0.2792690456554381,-0.21631722748489063,-0.18035190322184294
1582,-0.2867188322080266,-0.3614552359269255,-0.2599112241876775,-0.2423997227218682
1583,-0.24526755315458115,-0.17654185401119626,-0.2698293185017291,-0.2547638964831132
1584,-0.34544620401708764,-0.28121646265944616,-0.15015091217451207,-0.05598334573969763
1585,-0.22463734088116816,-0.13317015688543693,-0.10504095600176823,-0.11811734828737981
1586,-0.30233458548168973,-0.19212094248407016,-0.24528254762581267,-0.18870947857814582
1587,-0.33858756251947775,-0.4315249740986577,-0.21543733184151917,-0.23617260757492747
1588,-0.2642082383459381,-0.22425953351068592,-0.17461307451890282,-0.20052323632287666
1589,-0.11482327000029537,0.01750524261902293,-0.23941466577711426,-0.19061962952386405
1590,-0.30158071907695355,-0.30883125476616036,-0.19453973966857033,-0.1566146427041843
1591,-0.10086939487655207,-0.13949400756292352,-0.1423065301437555,-0.07657512570159168
1592,-0.21277763047278858,-0.28018544959315067,-0.23882282203124505,-0.17073417293398305
1593,-0.25302209758374533,-0.21266965199368126,-0.20485094673636153,-0.10801424566239556
1594,-0.18332914989871293,-0.26101257343575585,-0.25457799158121974,-0.21265980220634378
1595,-0.2186099755915357,-0.2670136592882295,-0.21780178552833038,-0.16107604190831218
1596,-0.17331374059198723,-0.11076191383588078,-0.13512947692393315,-0.119353303006186
1597,-0.3427971959795173,-0.23255843468408324,-0.19351458774460967,-0.18139999937158763
1598,-0.1916830432610469,-0.2812700338917305,-0.07431384220650417,-0.05296431268661488
1599,-0.19204521876104944,-0.3200779001716479,-0.21992111540481174,-0.21194758533920452
1600,-0.28889555817107887,-0.3856425702000822,-0.2662809421942958,-0.2823761731372101
1601,-0.2624796109164749,-0.1955319619164899,-0.14071989247055902,-0.06079151903037493
1602,-0.26878926766082195,-0.3248703332629604,-0.2598603432822673,-0.2301262347985511
1603,-0.13186197928286136,-0.1956105011821854,-0.16312643915663522,-0.13686464479779373
1604,-0.26393148515740067,-0.36407636082336436,-0.17792930931498968,-0.15780457740449808
1605,-0.1251753091759318,-0.25397797402943484,-0.15731582005235925,-0.15645615645004868
1606,-0.16214557004959212,-0.11882836955992725,-0.09163036362497885,-0.009719816259524349
1607,-0.3349594471765435,-0.21928250758273504,-0.22224346467036848,-0.17365399817485117
1608,-0.21068877529612723,-0.06689484951052622,-0.08862739508745424,-0.025348895827556193
1609,-0.1263550626901438,-0.21689486914508965,-0.11265144106830818,-0.09742450150269827
1610,-0.16041308051458755,-0.26822174413802147,-0.14588822732915124,-0.12415392207035807
1611,-0.19166191556698378,-0.2772034474917761,-0.009560176767756558,-0.04489167672657571
1612,-0.28267714996534477,-0.18273002336624897,-0.14066043189856012,-0.09718021966840758
1613,-0.17894881149489192,-0.24774822859865953,-0.1695381982156763,-0.15424271545715887
1614,-0.08040506762372332,-0.17703642272906966,-0.0820800200775084,-0.1305257051463648
1615,-0.18506142119441085,-0.22739957842080738,-0.07723225729839601,-0.06627529138269872
1616,-0.12786402162255053,-0.2595694891130922,-0.0898586827803739,-0.10155813880529793
1617,-0.33080251560505525,-0.24679755445764587,-0.27365479945329074,-0.21746793722128557
1618,-0.001797957840760625,0.025786608266022786,-0.18294762205292064,-0.15229877659724253
1619,-0.23491033013632676,-0.18520731856534756,-0.16620930282727456,-0.1910259736294912
1620,-0.2838403492351512,-0.21146951954377516,-0.18375846997451634,-0.11935920385512272
1621,-0.23380115658323636,-0.378126320405629,-0.16844123660366997,-0.19770949553133788
1622,-0.2455234175671843,-0.17999049691196986,-0.13278673840873947,-0.1223222120685389
1623,-0.26196824207010977,-0.26131813385003866,-0.12343224057427256,-0.10197901829441136
1624,-0.28881585451900715,-0.28717970296902984,-0.24995262021329118,-0.2050269928404027
1625,-0.1283376491267465,-0.07076275090704687,-0.027667320556855224,-0.07317469831233633
1626,-0.2344788934999149,-0.202303945317428,-0.15073362273871654,-0.09266401501424851
1627,-0.19404702664776002,-0.2793703446529012,-0.20849811103279456,-0.2172229624088386
1628,-0.15600827258010713,-0.23301742474601972,-0.06406178382502675,-0.019942392177130685
1629,-0.18447795509577156,-0.23646604345565098,-0.1713685558555687,-0.21141978052217592
1630,-0.19153859913552676,-0.2835161929922469,-0.2152970161897845,-0.18147420635853623
1631,-0.2984927811355493,-0.3244133439544728,-0.31009015019667346,-0.25869363087786507
1632,-0.290950536200648,-0.27503237789118384,-0.1281819783385875,-0.13356598286926824
1633,-0.1560421357457039,-0.233890908581321,-0.14549762546488318,-0.09152600439911832
1634,-0.16973705234221997,-0.2660464053325522,-0.16041109409003598,-0.11872679080589432
1635,-0.08604320122376861,-0.06894286219409897,-0.09499138116852872,-0.07188413391339671
1636,-0.24230931769643238,-0.3060027788450928,-0.12263348190349592,-0.1540419463295301
1637,-0.19102962962931652,-0.282126320705047,-0.14673737442656698,-0.1097938457393455
1638,-0.23873300618309246,-0.2727303363535907,-0.1783637314195481,-0.13499289536738251
1639,-0.24893240364442035,-0.2721997166691607,-0.24901767914973713,-0.18669340251850816
1640,-0.16137811976734073,-0.1550771761759621,-0.11131474557195349,-0.11187744351378767
1641,-0.23537463153899954,-0.24082369396157163,-0.19055083908076165,-0.07696049530383396
1642,-0.08162055814125821,-0.11605546355057472,-0.18149718234160256,-0.11854996488542768
1643,-0.2649888493754947,-0.3544623329735957,-0.22575545033144062,-0.20464258610039057
1644,-0.21347967112531382,-0.3210064863183329,-0.18432843328424525,-0.1852753734297831
1645,-0.1358566621282334,-0.08095492368073441,-0.18033613437357543,-0.1608693358975929
1646,-0.06808083743458464,-0.06700500836392911,-0.10637468269921008,-0.04990987930033817
1647,-0.295369082061652,-0.3162629101078921,-0.2155652342962798,-0.1510020566848281
1648,-0.28161655002776,-0.18187505044972938,-0.06524244515954668,0.003957998961502545
1649,-0.2802203298865429,-0.3235452050268607,-0.2649707228782087,-0.18335835245437643
1650,-0.23691758609527003,-0.34096598606308803,-0.26195747299837735,-0.21252351060917768
1651,-0.28971902647700754,-0.1381205558754135,-0.1328058286583607,-0.054995991427555985
1652,-0.14615670684863252,-0.2777298934629338,-0.13658415375328578,-0.12348487324042225
1653,-0.2810948618302156,-0.35570816261079463,-0.28551535853949234,-0.2463942245485278
1654,-0.275314150386355,-0.23570226401497282,-0.14913227628867654,-0.1795462091126961
1655,-0.3120149351485517,-0.36366155576563536,-0.2249710476564423,-0.21352145798871902
1656,-0.1682311633722776,-0.20972372762189875,-0.13006690094097992,-0.04099824785305824
1657,-0.1836225351641672,-0.3160709257017052,-0.19571295981558334,-0.13065185316013572
1658,-0.2655721025364002,-0.33281570436918323,-0.1474237701249366,-0.1461124901946427
1659,-0.19315529587607735,-0.16081824392217237,-0.13607942785957472,-0.100692045283324
1660,-0.20422971886135208,-0.2995526981515264,-0.222472253685999,-0.1730950319253403
1661,-0.19759956917525107,-0.28860435291020586,-0.15547216514905152,-0.11092285792921745
1662,-0.2504547904078292,-0.1945318682393522,-0.11143364725457541,-0.08203353292119794
1663,-0.2618909637448969,-0.2787836258022377,-0.1858262868756374,-0.1510530383841425
1664,-0.32017554663944836,-0.3481233586499741,-0.24645949186596613,-0.24979646741569286
1665,-0.12514427086106086,-0.17866225351408718,-0.15720506776854803,-0.09273458164662275
1666,-0.20047767351631102,-0.17671858660608167,-0.13871775521864843,-0.07863733599684732
1667,-0.26892975010065684,-0.281938414582341,-0.2299731800440497,-0.1318115669102931
1668,-0.28055082320080393,-0.15138337805187568,-0.2358068906918091,-0.19588944971593714
1669,-0.14963801829009557,0.00766717380419819,-0.0880365447271707,-0.04289436208865572
1670,-0.13995682423618605,-0.013366912115151895,-0.1528779266588022,-0.17331839941124325
1671,-0.26408022387426683,-0.3022752157801147,-0.11428638190013161,-0.0664058651587688
1672,-0.17659951973220814,-0.1048918044236387,-0.11522245444803315,-0.07362735346622665
1673,-0.26900570352742853,-0.35868752661950865,-0.30501285461076616,-0.3466644853782826
1674,-0.37251313473202663,-0.4123505489438458,-0.2175640799552725,-0.2059047630164511
1675,-0.34274280832481,-0.4038169039670376,-0.330065599866163,-0.3245848076522565
1676,-0.24922169535101216,-0.14300248905556845,-0.20534214303119072,-0.17228437485176243
1677,-0.19110125114282167,-0.2116916395711254,-0.19078715081209707,-0.2380044150680019
1678,-0.259433055408087,-0.3340059891581129,-0.25660850677090874,-0.2387778867268494
1679,-0.2556747996488857,-0.233599876692707,-0.15186752624211197,-0.11234157979569889
1680,-0.28277868662072,-0.23050909924686513,-0.13333328025371485,-0.03749632541818494
1681,-0.22541893724872877,-0.165524500964136,-0.2627870586580597,-0.27658404733628783
1682,-0.2445670601143163,-0.14423622537304537,-0.1958256281806499,-0.1791345630856502
1683,-0.28377148112889883,-0.12561579506778017,-0.1620768080643113,-0.10317303834927952
1684,-0.18414049482042574,-0.25324375012583566,-0.23536649655394412,-0.13402598357067677
1685,-0.20368488745348315,-0.30039536721503995,-0.26525076247897994,-0.2521866670441181
1686,-0.3348942470581196,-0.39440092578806174,-0.23842042253583898,-0.23015467729591588
1687,-0.18115874860193396,-0.14441217915960738,-0.13621313685356878,-0.07502691553428448
1688,-0.25701837103762987,-0.31703649251108496,-0.19262836956566093,-0.1816927447323126
1689,-0.08513989751148628,-0.2518420463526377,-0.19700136797940923,-0.22407300475412212
1690,-0.11010939434244629,-0.19253197772443045,-0.32026162224330124,-0.25052850898300605
1691,-0.16033268484208674,-0.14965915241487932,-0.10148169686643914,-0.07321859061948195
1692,-0.22573640512405238,-0.3014759269586123,-0.12338985786974954,-0.124503329545827
1693,-0.19031120486508743,-0.3333747328497765,-0.19038353316402096,-0.23971770125814218
1694,-0.05075292679157281,-0.0944192426574527,-0.05426325111587993,0.01610853621859312
1695,-0.1396783892817638,-0.25371680857043355,-0.11434061703935536,-0.13728220873082583
1696,-0.21084426877153004,-0.27338400274624836,-0.14877407443634078,-0.13637703482995375
1697,-0.2768279479779161,-0.3092312695825177,-0.2794743061085884,-0.1919022238120796
1698,-0.24353211279630915,-0.27390745324072807,-0.14702640887126622,-0.09207034279486064
1699,-0.2823442609891984,-0.19157339349938085,-0.1897520502983574,-0.16065501435904292
1700,-0.2604168815042997,-0.27832236799353843,-0.13420860683888097,-0.05641552202863038
1701,-0.17781277872951584,-0.19820027984107363,-0.2269838350500627,-0.16189254784315013
1702,-0.08966614657930504,-0.20917983183152994,-0.17215465653080014,-0.14765488085976144
1703,-0.2885649452353633,-0.20471896819391971,-0.29173044764990846,-0.2924474977986578
1704,-0.1892524482530624,-0.24635604447245685,-0.15979266158863092,-0.09326604730212414
1705,-0.17444571307124562,-0.09080386370706799,-0.16259638157180448,-0.07664199894476154
1706,-0.38421932582999246,-0.2650439194667975,-0.20030082071831393,-0.18345239631427435
1707,-0.2516454999134591,-0.14085328704689914,-0.2306313620872239,-0.2552384515192375
1708,-0.19216804396734985,-0.09997675826033225,-0.17274019114614764,-0.12911135716297004
1709,-0.1701505440202265,-0.14076847609344395,-0.11605450355890488,0.0027102883244079167
1710,-0.2629608925646742,-0.3487221430215211,-0.1630080730866397,-0.14366927994041925
1711,-0.19332800704307743,-0.27900841849112273,-0.19638359784457274,-0.18204395904564588
1712,-0.20755252978219038,-0.15815178564951188,-0.26826272371810167,-0.21204256668313914
1713,-0.19341957340072038,-0.3488211760272797,-0.19877375820517817,-0.22810315302044934
1714,-0.22606085055564865,-0.28303605324444264,-0.11850510529291873,-0.15343155868476152
1715,-0.2122261501976218,-0.13159927617681225,-0.1815965514764317,-0.12454192286707831
1716,-0.2444690565849115,-0.15237097582618878,-0.24216657293974025,-0.25546087653334704
1717,0.005665785459791045,0.11926153204754755,-0.042663313327940086,0.033722542540656944
1718,-0.13719935154982268,-0.222343635413223,-0.15650510352455954,-0.1237812591523071
1719,-0.2241970635871787,-0.11354635381168492,-0.1698811627644815,-0.0832722836365672
1720,-0.18870142075752905,-0.26844045685402773,-0.18998459308793286,-0.20310316437994297
1721,-0.16777716359719871,-0.07327865735750835,-0.03352349121011192,-3.061907085161528e-4
1722,-0.2974215710129311,-0.3558590557565325,-0.15177552860773016,-0.11894262248050867
1723,-0.20513312103306128,-0.3357975994136017,-0.08318263703635702,-0.07813275378987065
1724,-0.11598119490397057,-0.23237071780820154,-0.08676107204746508,-0.07049120447870466
1725,-0.29235567045398686,-0.3148400398000871,-0.18271510633702162,-0.10728605184313553
1726,-0.16483561054130846,-0.08971335000301994,-0.1702776059029698,-0.10254693956728757
1727,-0.1009988234900328,-0.17694261297509614,-0.09499494166940664,-0.06371766881925446
1728,-0.1395538118155734,-0.18646344309457819,-0.21970283123283213,-0.16732905195693618
1729,-0.17085596511648424,-0.18568924158321634,-0.24770051946438543,-0.1588597264562477
1730,-0.1527384336185717,-0.2721865967491197,-0.1197385867737946,-0.09182572756984805
1731,-0.37295618230224986,-0.48482844484181936,-0.14381653378583542,-0.16031969798931478
1732,-0.16387161772708472,-0.21949099098484512,-0.06933172521712944,-0.017397291047703017
1733,-0.19972625856514864,-0.14840475447139395,-0.1687884570536677,-0.0884137467478754
1734,-0.24385469624716646,-0.3006511011519314,-0.1576418850336867,-0.12116289003941674
1735,-0.19136558377668672,-0.24521762260249735,-0.11909347612178975,-0.14283949881236047
1736,-0.31279563152900425,-0.2947090035765303,-0.19923042136927585,-0.12511957472891924
1737,-0.270040823355302,-0.23323208288597652,-0.17309335801784592,-0.1196277398675818
1738,-0.20444860089714334,-0.26236381981904505,-0.16841551265824575,-0.17543464050565738
1739,-0.2267889605394222,-0.2941840548442865,-0.1574207626581615,-0.11767161621738004
1740,-0.3006512162427855,-0.301362762442264,-0.2927153370460227,-0.23347659674883975
1741,-0.21513599765835484,-0.09149299099695608,-0.1092503235175924,-0.04727496275173488
1742,-0.2558093468750115,-0.3772155699432538,-0.18419615320862046,-0.18459069368594982
1743,-0.213278702217955,-0.3310306447901567,-0.09619740026822617,-0.11356766784403291
1744,-0.1630936997041732,-0.21161000623348858,-0.2724726616628616,-0.25748804821332677
1745,-0.22636298769515173,-0.2444405816385698,-0.15728401852891657,-0.06611405604768494
1746,-0.08644988907514718,-0.02862387757397284,-0.22062928041190868,-0.18325205302364037
1747,-0.3591751903191346,-0.3507057341661866,-0.24446375157916148,-0.21225767803351425
1748,-0.19643263793763852,-0.2730591773396798,-0.18643928707466378,-0.14812816534069018
1749,-0.2827020993536486,-0.35864371354971647,-0.17531642235343473,-0.15096595616944475
1750,-0.14313597572147593,-0.023081569613704646,-0.16258750813368752,-0.10893969370434647
1751,-0.2597015009669131,-0.22361656823104445,-0.24085797547543272,-0.21248520436103205
1752,-0.18086471221210212,-0.13264255878678965,-0.16812303907025067,-0.15298240548335867
1753,-0.23882349580013518,-0.1003066056525481,-0.1817208460764805,-0.14280303351733017
1754,-0.3770363213470225,-0.20118610354532146,-0.2539169714260897,-0.2232399582958012
1755,-0.27172578862092844,-0.2816236629845414,-0.33163634137328635,-0.228043735335875
1756,-0.11299554989746172,-0.1286992473745536,-0.16970194175847358,-0.09155880352045341
1757,-0.2212446034236504,-0.34564320759269285,-0.3136123356949618,-0.31811057628758305
1758,-0.23783640330294525,-0.32000668310807284,-0.11907945720786187,-0.1357096947326086
1759,-0.31303912496076625,-0.3326311828850598,-0.23694822507101207,-0.20710846808386818
1760,-0.2592232198226646,-0.2718628951438075,-0.2558126075933679,-0.18994834874186306
1761,-0.07924772293788554,-0.18095629842657324,-0.1840722122799336,-0.17276115714089219
1762,-0.16060297284248407,-0.2418011013080678,-0.11465332122274773,-0.09780199828113763
1763,-0.2612582620629973,-0.1132048181998957,-0.151275335733484,-0.08351169734868362
1764,-0.14200799860407826,-0.08568549630367463,-0.09622525420305132,-0.01877243681416068
1765,-0.3841345571886258,-0.26190703016387384,-0.2772937309437202,-0.25458798183990683
1766,-0.17628472304977585,-0.37093439400865785,-0.08073611124775547,-0.12754116350519484
1767,-0.19415364242359448,-0.12192535293245498,-0.20262389394323824,-0.15964198186828185
1768,-0.32554429187705336,-0.3889990979041609,-0.23906017950215586,-0.23100658392158446
1769,-0.16046854171758856,-0.1695585308014588,-0.29859797693175927,-0.2139496132536096
1770,-0.22280230876617352,-0.2759033144607252,-0.1658216551861555,-0.10907145299622258
1771,-0.04084490733843438,0.010241247713934427,-0.09187138806227278,-0.10787293117696371
1772,-0.08559413194636142,0.006194396842596515,-0.21100632013142748,-0.1557572661774619
1773,-0.18109884895097933,-0.17588430679421785,-0.18427610502878675,-0.23148151589655408
1774,-0.18226767642047778,-0.2060651241923963,-0.12240881672061871,-0.09084964073549238
1775,-0.28554879726913973,-0.2971252891976353,-0.07883347651246277,-0.04004179189221088
1776,-0.11827183105456843,-0.14700338863567242,-0.20188014215546046,-0.14157047208770476
1777,-0.20415776563358398,-0.1086844454297461,-0.14357327743704332,-0.09107151410122294
1778,-0.25078291960471666,-0.30140240649414973,-0.1583870578231181,-0.08903761342966068
1779,-0.1991737588241526,-0.3035720888077193,-0.1392446626271162,-0.17248617677091393
1780,-0.13385334149903855,-0.19702277073299732,-0.18891201386569592,-0.20296333725114393
1781,-0.291723495650027,-0.29845841992106076,-0.19461963108642555,-0.16699611529267752
1782,-0.12912744560289593,-0.20791133247039054,-0.09318609866251819,-0.0095477341424576
1783,-0.23512712479883383,-0.27865259860320707,-0.1523397602345344,-0.10794453292156546
1784,-0.2185986304399746,-0.2602139031351197,-0.19443150950489319,-0.18456922520631988
1785,-0.23273491659595846,-0.29542948418472637,-0.26986321857873313,-0.25009593267682967
1786,-0.3031710579477921,-0.1771212124844144,-0.13237456646920884,-0.06018774566164396
1787,-0.13665308270590548,-0.21207677354658627,-0.27248796658220226,-0.22986189964517764
1788,-0.1953441762081763,-0.18708111364294597,-0.056971351785916495,-0.06589148728521291
1789,-0.24206186968696555,-0.25606890330835214,-0.16097963468142445,-0.15981830558134016
1790,-0.17871912039664117,-0.26620819173412785,-0.2157000463779975,-0.17915582057131785
1791,-0.14138413579755896,-0.05982658591756214,-0.20594888703350403,-0.14625892974258495
1792,-0.20387755493407103,-0.11062503631361804,-0.17545346274651466,-0.14631752490518093
1793,-0.28361304934681547,-0.1236600090653604,-0.22464269273739668,-0.18203928572863678
1794,-0.16805213322858017,-0.2436913397393716,-0.2295554238957556,-0.2409636768387561
1795,-0.3334680251275744,-0.37736038245168324,-0.20900572743975487,-0.17600128054637978
1796,-0.17918378620479236,-0.06780378192527983,-0.18230702110458014,-0.15549701666291427
1797,-0.0688593932300326,-0.1899900077289772,-0.2142411843490011,-0.22789165907528464
1798,-0.28796659270569713,-0.30755371402084797,-0.1469412393579106,-0.13226299510457118
1799,-0.33544798258626635,-0.3282761245561685,-0.1508049863333502,-0.08372444851566753
1800,-0.1882156042657297,-0.21838463506648115,-0.10288417208435949,-0.065689329765737825
1801,-0.18539828676821773,-0.08895800168262297,-0.19863706205161316,-0.12382028017247589
1802,-0.09188510314678283,-0.15350579708392548,-0.11751009638877064,-0.04343883758190293
1803,-0.19342684696700854,-0.0557216747787772,-0.10835960046468662,-0.031354808082667336
1804,-0.2784242961829519,-0.3683438615807534,-0.1762450268953571,-0.17647594187908197
1805,-0.10876294424670653,-0.18150866627779805,-0.0030104315187914473,0.003960439142797577
1806,-0.18286718497688495,-0.2095598171605898,-0.17614408914020172,-0.10520223058210552
1807,-0.1912500928991895,-0.2756267989607292,-0.13252805957237546,-0.0473941342860517
1808,-0.24256401941185332,-0.22745095087886893,-0.08701984555524357,-0.0120670935116914
1809,-0.1908234677977958,-0.3343608593273612,-0.23947528465741258,-0.3289424120410665
1810,-0.21773450615999962,-0.2083009664393665,-0.1731268044182465,-0.07694642251118862
1811,-0.1931677623361078,-0.1579566402681019,-0.18526001188824417,-0.14902552433536373
1812,-0.19770378698034824,-0.13217455906170164,-0.16442981396396358,-0.16919618308983775
1813,-0.22676427630570026,-0.2919188475850451,-0.11788192684534088,-0.11922188011485761
1814,-0.21120335632893783,-0.32751963996412126,-0.1213237485613283,-0.15627619045888846
1815,-0.18891938856058532,-0.2520321843449976,-0.1682758980890303,-0.10448567019590382
1816,-0.16236061904442337,-0.33445772444130256,-0.18313341299405836,-0.22279079178082276
1817,-0.19922139255764448,-0.09695495447171429,-0.11360358592534425,-0.1165249153538608
1818,-0.1948913049514008,-0.24675311838966893,-0.17116263781712626,-0.10500982182731983
1819,-0.11554784705195928,-0.12100567498721684,-0.1937294004270761,-0.0823634341141503
1820,-0.17203720148372972,-0.25649231732276656,-0.18488136486418186,-0.13106076934788438
1821,-0.17920781712748013,-0.11963584279542674,-0.19132302387053127,-0.12580821925654273
1822,-0.2536530140353012,-0.34862417223102465,-0.22892694524610468,-0.24947246885748678
1823,-0.2511122396539032,-0.3556974612390261,-0.08884611240472166,-0.09546029251512703
1824,-0.26880117298667433,-0.2709844201577294,-0.2049077686773196,-0.10789423878900459
1825,-0.2589794426588314,-0.22266223006974864,-0.07953434118879242,-0.06941439907640579
1826,-0.16379652639398756,-0.12566427710843492,-0.1220152299395854,-0.05984492868593227
1827,-0.3410316647920397,-0.4178095983350563,-0.25748195140744345,-0.1853103196322074
1828,-0.1922448725172138,-0.17763620248859435,-0.18988853248514595,-0.21000457375755363
1829,-0.23719461270487524,-0.35956437880493447,-0.27982839977941426,-0.2816523983220379
1830,-0.07575867920728242,-0.07076447330068017,-0.10808629210456229,-0.043370395254160976
1831,-0.22904224189013764,-0.3415408106492409,-0.13388103133245946,-0.18140428083491109
1832,-0.21785249551594268,-0.3418455270379085,-0.29494085122535596,-0.3016289516271228
1833,-0.06089809269622785,-0.11979457209877806,-0.1378528083461395,-0.08912697730722867
1834,-0.1830732034581576,-0.2222434364336454,-0.21067725340437773,-0.12202158456200868
1835,-0.20259908673235544,-0.29078457989465184,-0.18778798665930296,-0.12781005329052997
1836,-0.285226624703166,-0.1734246127560396,-0.1470470078538659,-0.13425841261089771
1837,-0.08785218118533739,-0.15849550147389457,-0.10374206533125183,-0.024218657244187595
1838,-0.23402301750986326,-0.09810909801635173,-0.11732503109957919,-0.025300390138811975
1839,-0.270604016682474,-0.18058350260167533,-0.1528659567101694,-0.022046082665879423
1840,-0.32067194965943485,-0.35575786577972246,-0.30555102321886207,-0.3279739170809069
1841,-0.23928801649411563,-0.2732894500224541,-0.14237594094146247,-0.057827773761562715
1842,-0.28252815133830445,-0.12855702053453222,-0.0990374519225521,-0.022381650580527015
1843,-0.19731758553661216,-0.2854730706122834,-0.13796603712298983,-0.11481414693371769
1844,-0.22500170012791823,-0.3391422859854991,-0.18202789119578835,-0.16505196338870343
1845,-0.1680510467114312,-0.23892026336955494,-0.05793212073957309,-0.04424984084152624
1846,-0.21483624720099082,-0.2931738575336654,-0.23740071283632694,-0.24379754400907983
1847,-0.22003865549536508,-0.17746240017870948,-0.24325049506890212,-0.2516469337222762
1848,-0.19988671043705755,-0.2996785124814456,-0.14124404892856465,-0.12664773785208236
1849,-0.26384737662637997,-0.27038242588753686,-0.06656806086784255,-0.03594037619083981
1850,-0.21257044300031636,-0.07142548439470184,-0.031121593680869458,-0.015305336517199692
1851,-0.23630443796173015,-0.28608844098332853,-0.28637449223155076,-0.28372362364901266
1852,-0.2308988950330724,-0.2571692364304941,-0.17470924158065665,-0.14491326844420185
1853,-0.2356778105361361,-0.1735391082374467,-0.2786960480976225,-0.3029003047928408
1854,-0.24379348573929685,-0.19454051739115516,-0.13933751532089608,-0.08490988983184072
1855,-0.23671523976542977,-0.28168671219853786,-0.214131109769282,-0.162686102645448
1856,-0.195712938251391,-0.13242796258482756,-0.17346510799614437,-0.10566234203558682
1857,-0.16756979358699392,-0.10920565307749118,-0.1899052816669054,-0.15695360958698817
1858,-0.23387834473726013,-0.28725999473343,-0.1830306538079947,-0.2003117065323431
1859,-0.2974484005753676,-0.17830128261008168,-0.21505260207468105,-0.21623904752325504
1860,-0.13283911070543614,-0.14234199094497152,-0.20952991572180538,-0.15773182608798636
1861,-0.13615949845494005,-0.07890183771854979,-0.026563680344333342,0.020425303783414867
1862,-0.19820122862846984,-0.28295584843544336,-0.16371606154769253,-0.17573934007727607
1863,-0.06953478112336672,-0.09563241290408117,-0.002505333996598086,0.02883635286032855
1864,-0.1968480319719743,-0.30714825990631245,-0.182546623961005,-0.16063427660693538
1865,-0.19130404005195384,-0.29358069413902355,-0.23361021441895416,-0.19566947042948638
1866,-0.10414309975448319,-0.17634116122002733,-0.1580366318831212,-0.06788290281994695
1867,-0.18703086535994445,-0.321627250006374,-0.19578606045605554,-0.18917089737829648
1868,-0.2610882988701373,-0.2859044595458191,-0.1756731026927978,-0.17985269041957466
1869,-0.18749565618757316,-0.24878766092928412,-0.2107462281722838,-0.24446603349776716
1870,-0.19962456146504187,-0.2958965062082187,-0.11605893956382324,-0.13737797833521084
1871,-0.32117422464349255,-0.3123707401271391,-0.15621620397972427,-0.05472976967840083
1872,-0.2863211369750949,-0.14587491910682257,-0.1932281163210291,-0.1574822599706025
1873,-0.09130559832315155,-0.1791350442092967,-0.20664087664920838,-0.19716890364667639
1874,-0.1821849803615356,-0.12823573770689403,-0.1848883298942706,-0.1496463975282382
1875,-0.27222514627167343,-0.4015446287324885,-0.25846121527811455,-0.25952141473633283
1876,-0.20180333176202456,-0.22475687966044577,-0.12263328704005935,-0.07854400441008344
1877,-0.2614634211853063,-0.3038455785087409,-0.1021972436632723,-0.09872445555179324
1878,-0.19985154685035317,-0.31959470548302676,-0.20915023162345067,-0.17190522700759173
1879,-0.1738200326682714,-0.28194268175408416,-0.19592424039646197,-0.15651921901636057
1880,-0.1934156682425487,-0.2935802142299593,-0.27211208014057403,-0.2732183483525056
1881,-0.3229787862609794,-0.304689038081965,-0.2021181673204906,-0.1760837131992462
1882,-0.3177006689780166,-0.340038400967491,-0.16913975150043292,-0.14496894914095512
1883,-0.19975870820877015,-0.19401706157515441,-0.24614651324778672,-0.24618387066253605
1884,-0.24316263573044938,-0.09257900490986798,-0.09097794537030458,-0.03589462899098149
1885,-0.22397614939316393,-0.26685000916429336,-0.2249735454595053,-0.2065699203970249
1886,-0.28145360687255394,-0.1599385753771377,-0.22235378733963107,-0.18580669794778149
1887,-0.2627839096384393,-0.1374064558723661,-0.1272595132288989,-0.09926980555265703
1888,-0.2857113323429184,-0.18645765498180406,-0.1444656696036759,-0.12735706195271188
1889,-0.015944302065278797,-0.11452007906989747,-0.07072708689394959,-0.0071775075843141444
1890,-0.08157582119681449,-0.2165078719258689,-0.16315012936702444,-0.13343094930561694
1891,-0.3142808932531482,-0.3371587646822574,-0.14722806796389767,-0.12069136376982599
1892,-0.22294630983287636,-0.12417111323295264,-0.17146744389477286,-0.15715283912761066
1893,-0.2746321836953303,-0.3238652925241828,-0.25784744788217323,-0.21029883700317825
1894,-0.36778144030792953,-0.19977607197315317,-0.22833376827098442,-0.20588566180151513
1895,-0.2896526269314137,-0.34832150541637247,-0.18432795687495668,-0.15379598396910996
1896,-0.20718786127301794,-0.3203588922140475,-0.24772474195671895,-0.2424495317455206
1897,-0.247432357885164,-0.26542336733394084,-0.2059853866285678,-0.1198262037317789
1898,-0.24828948307362853,-0.30040779938740136,-0.1812877804260384,-0.15951877139853818
1899,-0.2720800071884372,-0.16267033211544943,-0.17989093934485775,-0.15850164463241073
1900,-0.11707059838802128,-0.19845611331852303,-0.0796308496970717,-0.07311271728990765
1901,-0.28102597366281706,-0.15311037928287388,-0.23916966195020561,-0.193658623584248
1902,-0.15869979592593464,-0.2062690863718896,-0.12505640157679954,-0.0653168009327418
1903,-0.19681004855684725,-0.13227530684625927,-0.08239043212187622,-0.04275139663498779
1904,-0.2635948961569027,-0.17037077979474285,-0.21349668895025983,-0.1816421177974905
1905,-0.3378733213370627,-0.16007118448589897,-0.09235795310384573,0.006897403460145581
1906,-0.20290549453816561,-0.2524770099062179,-0.18927286823745312,-0.15188589346750198
1907,-0.2656745547707613,-0.07330712536878532,-0.09078971826786017,-0.027483057505157116
1908,-0.24098530152261413,-0.18470289189940284,-0.1563640693510324,-0.12337606528525312
1909,-0.29323985306049366,-0.22498910359511612,-0.1797650323911899,-0.1830667229609834
1910,-0.2304502056372891,-0.3476830992871312,-0.22697669052517286,-0.24826887854857727
1911,-0.2568880495602892,-0.22416857476200078,-0.18181334907582203,-0.204050001168798
1912,-0.2947217725180641,-0.15435995323413357,-0.26375168526238135,-0.18081005537983535
1913,-0.04824669453506106,-0.05008355494993215,-0.0397074030363126,-0.0279527602365718
1914,-0.25412100186599007,-0.11517202393550763,-0.15660935199707676,-0.0646071789666871
1915,-0.25021544056822714,-0.22054807460756617,-0.18479755066527848,-0.17291221235528628
1916,-0.15959272364101693,-0.22496895309360881,-0.18132790488991551,-0.13678214636128913
1917,-0.20592566335751464,-0.3181448748044929,-0.31211276344722005,-0.3430758666510006
1918,-0.25058134379607416,-0.3033088014290497,-0.22501379628742887,-0.18146097331677474
1919,-0.17312038851898612,-0.3489977386942844,-0.16094280527010651,-0.1714516815865564
1920,-0.22661199537142668,-0.13876247962771615,-0.12384602456633687,-0.1530103664003367
1921,-0.09357798381938814,-0.03838835308723341,-0.1398236892064895,-0.07335922578797499
1922,-0.2480991440346041,-0.2519104590717629,-0.15203124854121344,-0.09554786437053131
1923,-0.2960063755044932,-0.3180843188479435,-0.23234378680776308,-0.2117675992103163
1924,-0.26650376716693325,-0.35543516606708886,-0.24447412205387337,-0.22190662914985082
1925,-0.20688294207254548,-0.10325988200323769,-0.10316715338749928,-0.06360712763023216
1926,-0.27163893695798297,-0.22787299874229888,-0.12331873404480284,-0.09014486856542601
1927,-0.34796199313463244,-0.2780242438539607,-0.28277885076352494,-0.21036820155733804
1928,-0.18255046542410466,-0.23080366383070394,-0.19980867503920796,-0.1809971198335787
1929,-0.18478141493208802,-0.03566983162152641,-0.13278820542861108,-0.0813724943814896
1930,-0.2299823528806153,-0.22857639357987872,-0.25004142934808826,-0.17405271260756583
1931,-0.22818968693062738,-0.29924384144374117,-0.23497621590051704,-0.19808691052298447
1932,-0.21102243024057668,-0.34896703079633795,-0.2341183988478434,-0.22597508297312832
1933,-0.2117099217775993,-0.3454271468150503,-0.17987252638389056,-0.17940831939313484
1934,-0.3749061031429736,-0.3572352673070711,-0.24223888020416467,-0.21754975736536444
1935,-0.08064125181477015,-0.21554827273556157,-0.2744199625826107,-0.30762009517904454
1936,-0.24128088705164683,-0.13705454641033232,-0.19860221011258375,-0.149664660900973
1937,-0.20972556417801702,-0.21619832836353184,-0.14606988956753073,-0.04445908751796035
1938,-0.17976210179690952,-0.2482735634138721,-0.09943876544761625,-0.07613824846109422
1939,-0.25513094650339935,-0.2444605630164692,-0.1327892664889297,-0.07830757082277381
1940,-0.22974132135390712,-0.3385858020887703,-0.2714334866642428,-0.24976807108799864
1941,-0.13426646314115365,-0.043142126625465925,-0.09779434835501086,-0.06409630277204875
1942,-0.19753469207001134,-0.18198118923032788,-0.06071224100867274,-0.08309715864123744
1943,-0.05134933441089156,-0.16905799838616992,0.00790759761742526,0.049786437239710143
1944,-0.18087618863791077,-0.13072713419945503,-0.055650998191326885,0.01356868184061683
1945,-0.23482873127879342,-0.11561036326403094,-0.11373188629457677,-0.06835004588329495
1946,-0.3092017330223019,-0.1301845787724885,-0.1935501260283711,-0.08820041307990725
1947,-0.11030823985119095,-0.1476994743182069,-0.1027713823545228,-0.09820625819492583
1948,-0.18575387336918597,-0.16480925400482674,-0.08143641052945724,-0.04640677681601586
1949,-0.2953393790305422,-0.20534474570179692,-0.3423580043750345,-0.30975541934329526
1950,-0.19331002064650968,-0.313525946843837,-0.11996345748023339,-0.12787960197451795
1951,-0.24347513781018246,-0.21532281543342946,-0.13142590814156208,-0.13867772477739876
1952,-0.21036723451698172,-0.28085064921207725,-0.2371601249781481,-0.20107686649618647
1953,-0.20152663798914142,-0.29307914762725085,-0.11877076780449354,-0.07378733093685443
1954,-0.2567744094774425,-0.29784600634013375,-0.19993135929298236,-0.1408879445081847
1955,-0.2777924642221041,-0.3194516691866514,-0.19152719740381033,-0.13226354273800361
1956,-0.2119109868841433,-0.2580319683270254,-0.045332913773869714,-0.06285944622206094
1957,-0.15622210407298398,-0.25467324252034124,-0.14323690489841356,-0.1178781225929038
1958,-0.20108694341879016,-0.2891819636209033,-0.2194948219701521,-0.1841556482638516
1959,-0.12005141222208637,-0.22055865346252956,-0.17295634701582419,-0.11807796740769809
1960,-0.195316951921567,-0.1077611809452941,-0.18704348704493648,-0.09895147330334782
1961,-0.06293981437466052,0.011534966641344933,-0.1300139532665335,-0.07571882475847194
1962,-0.20068911589461916,-0.12599629231789788,-0.2187462179270725,-0.194730204711577
1963,-0.23744577076125936,-0.22636603993536578,-0.08522237811996075,-0.022823303580713928
1964,-0.22818285922737658,-0.33110026463944764,-0.25388529676667576,-0.19663496366982436
1965,-0.1010929192894546,-0.20502077979566066,-0.17061574403711455,-0.1332503144806039
1966,-0.27281581579089187,-0.28265454141988844,-0.21172228897025153,-0.20119823528440622
1967,-0.2680624506037462,-0.14653538703473973,-0.17598867339796448,-0.11055192020194607
1968,0.03267520956539145,-0.10991887400208271,-0.07427707690259273,-0.02333974010174692
1969,-0.3161167299205173,-0.35496545702167737,-0.2582103087467528,-0.23902047100935123
1970,-0.14759310201808756,-0.23766105532005627,-0.2186132936751772,-0.1968017290930362
1971,-0.20642559479613012,-0.1385543244227306,-0.16543255479605684,-0.09050792535978572
1972,-0.17204942062119644,-0.2312950413888222,-0.11397795635246197,-0.08314528116242088
1973,-0.3025818914761298,-0.32489386184387253,-0.2405987973637336,-0.20075365600549264
1974,-0.14677749407462073,-0.24619173670451067,-0.13779908635514962,-0.07557778101931432
1975,-0.1757552045280728,-0.24223504078554828,-0.1963350128881869,-0.11284139314558683
1976,-0.24159153999185787,-0.1271291347799219,-0.27051399327724457,-0.21929585686572756
1977,-0.09561185307641205,-0.17738821334590824,-0.22214302142468748,-0.15648755525263833
1978,-0.16624260054355205,-0.22956476044457896,-0.1987891046816511,-0.1582672277803433
1979,-0.2419880250143963,-0.19571236265512523,-0.21128355234797314,-0.1674617258592321
1980,-0.1217829957487845,-0.19230815280967742,-0.2123953636068766,-0.16682772580209196
1981,-0.16174500449518098,-0.2801704608063348,-0.10245051584898639,-0.0921927711845576
1982,-0.2573494037422576,-0.21834662302494204,-0.15933061265124468,-0.15001381321384258
1983,-0.21205561192059166,-0.1077987069833659,-0.2497647974637136,-0.20614589389522028
1984,-0.27787296787370414,-0.3885742442028193,-0.1892111262126866,-0.20514241593068566
1985,-0.2382329328704143,-0.2931163781448602,-0.2075649010236462,-0.13217640052660906
1986,-0.24321313494009286,-0.34420255347206885,-0.2238383701975332,-0.2249182412014843
1987,-0.09794873453560637,-0.10680914518060072,-0.13504305090229,-0.12446348461248978
1988,-0.22079151416915072,-0.1059530165469235,-0.13286326718831512,-0.10547085731564952
1989,-0.09932407136599115,-0.06385696775766096,0.015428766082366551,0.04557464981582588
1990,-0.19044360395468732,-0.2761258016320614,-0.24434142040544207,-0.2134515783987804
1991,-0.24233373752984344,-0.3266577834834396,-0.2003771736328626,-0.20009361525435893
1992,-0.25835102403037524,-0.16929902398528654,-0.21524371272471715,-0.1472133967912713
1993,-0.15472355672329843,-0.15719084344469847,-0.10990427483536432,-0.06636783975275137
1994,-0.23795617280246262,-0.2523099795817348,-0.18845692195488362,-0.17483321223028994
1995,-0.15816287478196567,-0.2449879754406127,-0.17922846982031843,-0.1426513110315065
1996,-0.22031880105591498,-0.27051487973115995,-0.16315553138227495,-0.09838591536271193
1997,-0.18940491190233105,-0.20966798321120242,-0.21619274473233852,-0.18631458363214973
1998,-0.1930494496720507,-0.24971589553663623,-0.08168348611456377,-0.038386818746505846
1999,-0.13917649888266237,-0.11604474539107829,-0.1340798467886199,-0.11512292265528314
2000,-0.20066815860718393,-0.10641928904379218,-0.17724381997834415,-0.0746041398441611
