estimate,production_estimate,production_clustered_se,bootstrap_mean,bootstrap_sd,p025,median,p975,probability_negative,probability_positive,score_sd_to_clustered_se,n_draws,workers,elapsed_seconds
density_multifamily_dupac_binary,-0.3187074855715145,0.12173194830336781,-0.2374971356381366,0.09428638714869422,-0.3926934610133856,-0.2482263202907974,-0.030615664238664846,0.9875,0.0125,0.7745410178905822,2000,8,7.888051986694336
density_multifamily_dupac_continuous,-0.1761038632458866,0.057349256968557416,-0.14703584225773306,0.06254065264715676,-0.2720421371474888,-0.14473745953417827,-0.030227321295675548,0.9955,0.0045,1.0905224575349879,2000,8,7.888051986694336
density_multifamily_far_binary,-0.2590984481993109,0.09888412014275082,-0.24037067412082627,0.07577392152783302,-0.3839444180477875,-0.2442015989807692,-0.07557725772245076,1,0,0.766290092063766,2000,8,7.888051986694336
density_multifamily_far_continuous,-0.23534939940390093,0.06915913131892751,-0.17990325202132493,0.059722356997950345,-0.2968340770583024,-0.1797062974202635,-0.06432466534447005,1,0,0.8635498430791524,2000,8,7.888051986694336
