estimate,production_estimate,production_clustered_se,bootstrap_mean,bootstrap_sd,p025,median,p975,probability_negative,probability_positive,score_sd_to_clustered_se,n_draws,workers,elapsed_seconds
density_multifamily_dupac_binary,-0.3271484032494558,0.11915493018126287,-0.25053912706010706,0.08566391047539818,-0.3922424492347882,-0.25910624874125726,-0.06397976083152097,0.9965,0.0035,0.7189287958549686,2000,8,1884.1469240188599
density_multifamily_dupac_continuous,-0.10686973835891056,0.051901756011493154,-0.10037340092547303,0.0335542150033191,-0.17012208318398353,-0.10006552532431538,-0.03741329761871781,0.9995,5e-4,0.6464947928908,2000,8,1884.1469240188599
density_multifamily_far_binary,-0.2717330364764436,0.09643805739511423,-0.2517621460270373,0.07614380141202601,-0.39878293469059717,-0.2545327405643414,-0.08768106228781904,0.9995,5e-4,0.7895617505033198,2000,8,1884.1469240188599
density_multifamily_far_continuous,-0.15365872027960573,0.05586078366898249,-0.13395496430015108,0.03336395001766142,-0.19834918915421604,-0.1341465377388783,-0.06693184757195572,1,0,0.5972696375934882,2000,8,1884.1469240188599
home_sale_price_binary,0.01139595170688855,0.007801922732169083,0.013149755017584223,0.005169452170611446,0.002804991693374912,0.013109819555399258,0.022941082073454338,0.005,0.995,0.6625869478682006,2000,8,1884.1469240188599
permit_high_discretion_pooled,-0.09904366935939114,0.03220617831230085,-0.08694582759148592,0.019894341789693924,-0.127663165430043,-0.08642350883837932,-0.04920039855720955,1,0,0.61771817807068,2000,8,1884.1469240188599
permit_low_discretion_pooled,-0.04454543928816558,0.03191864837053358,-0.039964079073332874,0.014433596596336936,-0.06813317325439686,-0.040159445469836116,-0.012048054923808092,0.999,0.001,0.4521994925593916,2000,8,1884.1469240188599
rental_price_binary,0.016850572265509782,0.008289248407945543,0.019019392211141045,0.005567312229979729,0.009186914258235231,0.018397164793390895,0.029851428693612875,5e-4,0.9995,0.6716305213682896,2000,8,1884.1469240188599
