estimate,production_estimate,production_clustered_se,bootstrap_mean,bootstrap_sd,p025,median,p975,probability_negative,probability_positive,score_sd_to_clustered_se,n_draws,workers,elapsed_seconds
density_multifamily_dupac_binary,-0.32714840324945493,0.11915493018126011,-0.2505391270601072,0.08566391047539823,-0.39224244923478974,-0.2591062487412571,-0.06397976083152146,0.9965,0.0035,0.7189287958549857,2000,8,7005.762640953064
density_multifamily_dupac_continuous,-0.10609718042627854,0.05189724793432969,-0.10037340092547303,0.033554215003319114,-0.17012208318398334,-0.1000655253243154,-0.037413297618717825,0.9995,5e-4,0.646550950944033,2000,8,7005.762640953064
density_multifamily_far_binary,-0.2717330364764427,0.0964380573951144,-0.2517621460270373,0.07614380141202602,-0.398782934690594,-0.2545327405643424,-0.08768106228781906,0.9995,5e-4,0.7895617505033186,2000,8,7005.762640953064
density_multifamily_far_continuous,-0.15306211480690066,0.05577669924068962,-0.13395496430015108,0.033363950017661424,-0.19834918915421615,-0.13414653773887836,-0.06693184757195578,1,0,0.5981700328606414,2000,8,7005.762640953064
home_sale_price_binary,0.01139595170688855,0.007801922732169083,0.013149755017584223,0.005169452170611446,0.002804991693374912,0.013109819555399258,0.022941082073454338,0.005,0.995,0.6625869478682006,2000,8,7005.762640953064
permit_high_discretion_pooled,-0.0996003143617737,0.03220663406014779,-0.0874408886115329,0.01986805972878529,-0.12807621780327505,-0.08677703779765092,-0.04973273786462173,1,0,0.6168933919539843,2000,8,7005.762640953064
permit_low_discretion_pooled,-0.046165591864813775,0.032282299270197413,-0.041353844003216685,0.014415950668158246,-0.06946021567646837,-0.04146547032727131,-0.01332887029138309,1,0,0.44655898105333713,2000,8,7005.762640953064
rental_price_binary,0.016850572265509726,0.00828924840794553,0.019019392211140955,0.005567312229979717,0.009186914258235186,0.018397164793390694,0.029851428693612805,5e-4,0.9995,0.6716305213682892,2000,8,7005.762640953064
