estimate,production_estimate,production_clustered_se,bootstrap_mean,bootstrap_sd,p025,median,p975,probability_negative,probability_positive,score_sd_to_clustered_se,n_draws,workers,elapsed_seconds
density_multifamily_dupac_binary,-0.32714840324945504,0.11915493018126315,-0.2505391270601071,0.08566391047539822,-0.39224244923479124,-0.25910624874125765,-0.06397976083152114,0.9965,0.0035,0.7189287958549673,2000,8,1281.12171792984
density_multifamily_dupac_continuous,-0.10686973835891066,0.05190175601149315,-0.1003734009254731,0.03355421500331909,-0.17012208318398347,-0.10006552532431547,-0.03741329761871799,0.9995,5e-4,0.6464947928907999,2000,8,1281.12171792984
density_multifamily_far_binary,-0.27173303647644304,0.09643805739511385,-0.2517621460270373,0.07614380141202605,-0.3987829346905958,-0.25453274056434144,-0.08768106228781891,0.9995,5e-4,0.7895617505033232,2000,8,1281.12171792984
density_multifamily_far_continuous,-0.153658720279606,0.05586078366898254,-0.13395496430015108,0.03336395001766141,-0.1983491891542162,-0.13414653773887839,-0.06693184757195576,1,0,0.5972696375934876,2000,8,1281.12171792984
home_sale_price_binary,0.01139595170688855,0.007801922732169083,0.013149755017584223,0.005169452170611446,0.002804991693374912,0.013109819555399258,0.022941082073454338,0.005,0.995,0.6625869478682006,2000,8,1281.12171792984
permit_high_discretion_pooled,-0.09904366935941707,0.032206177630678144,-0.0869458276644116,0.019894341914115203,-0.12766316543004014,-0.0864235088383696,-0.04920039855721097,1,0,0.6177181950075552,2000,8,1281.12171792984
permit_low_discretion_pooled,-0.04454543928816645,0.031918648371438554,-0.03996407907332942,0.014433596596322564,-0.068133173254397,-0.04015944546983616,-0.012048054923808234,0.999,0.001,0.4521994925461203,2000,8,1281.12171792984
rental_price_binary,0.016850572265509782,0.008289248407945543,0.019019392211141045,0.005567312229979729,0.009186914258235231,0.018397164793390895,0.029851428693612875,5e-4,0.9995,0.6716305213682896,2000,8,1281.12171792984
