score_vintage,draw,pearson_correlation,rank_correlation,score_rmse
2022,1,0.9135094428995368,0.8760978774369554,0.4140655840329696
2022,2,0.8958573975810654,0.8483847894071463,0.4543588592034374
2022,3,0.9163324812247299,0.8887567369751814,0.4072520061464026
2022,4,0.8573330577649397,0.7984147315190634,0.53179771139644
2022,5,0.9142406103533782,0.8921834453390114,0.41231167093567056
2022,6,0.9161573115842463,0.8917509481668776,0.4076781027276516
2022,7,0.9081756239421865,0.8701260895601838,0.42664217081755224
2022,8,0.8699248535017013,0.8647198749085103,0.5077874338877699
2022,9,0.8561866232478405,0.8427207399028547,0.5339301302645145
2022,10,0.8958733080378835,0.9097910705968464,0.45432415038606394
2022,11,0.8446696099870223,0.880697318517533,0.5548978010257817
2022,12,0.8998357159721303,0.886901989486992,0.4455959479948228
2022,13,0.9167610954556876,0.9076868055093488,0.4062075259531003
2022,14,0.8295165365336489,0.8697185441479808,0.5813342588388105
2022,15,0.9139610703581419,0.8913184509947436,0.4129831066396071
2022,16,0.9134463006681357,0.8797241998802318,0.4142167002690119
2022,17,0.9070104362093712,0.905075187969925,0.4293405345338518
2022,18,0.9189412735920143,0.8881911637500834,0.40085257276452235
2022,19,0.9021442842799005,0.8858373810632778,0.44043100693517484
2022,20,0.9163605369950628,0.8791336748952028,0.40718371963023076
2022,21,0.9104305771894413,0.8835584536562647,0.4213710313991062
2022,22,0.8551334839284875,0.8921668108323909,0.5358815382237165
2022,23,0.9129678991356965,0.9056074921817822,0.4153598567060475
2022,24,0.8800839385612826,0.8700013307605298,0.48755483251668974
2022,25,0.920483773193238,0.9186822143855214,0.39702025989536843
2022,26,0.9039501283587602,0.9020227560050571,0.4363481930228625
2022,27,0.9170555403287294,0.8947035730920222,0.4054884410295025
2022,28,0.918885818681019,0.8859621398629318,0.40098966746174053
2022,29,0.9172947146941136,0.8933478608024488,0.4049033961976318
2022,30,0.9002743084167201,0.875740235544614,0.44461930533700406
2022,31,0.8855163071002596,0.864611750615477,0.4763833810579007
2022,32,0.9307597399501416,0.895535298423049,0.37047945796143844
2022,33,0.9068017337195857,0.8753825936522726,0.42982206286323393
2022,34,0.875816152166853,0.8477609954088763,0.49615496717946833
2022,35,0.9083714110865541,0.8912602302215717,0.4261870867240933
2022,36,0.9079812367582619,0.8974482666844104,0.42709352114803983
2022,37,0.8732876076017021,0.8360170337347795,0.501180693548751
2022,38,0.8012284033911761,0.8635720939516937,0.6277141960014438
2022,39,0.8972630168290615,0.8908693193159893,0.45128218739214054
2022,40,0.865995803905863,0.8563194490651409,0.5153994921468126
2022,41,0.9088962734233236,0.8982217712422652,0.4249647018467666
2022,42,0.9190780306072791,0.9130763856544016,0.4005142838146387
2022,43,0.8534667953458344,0.8906613879832326,0.5389553796571254
2022,44,0.8697000822374049,0.8920087830194958,0.5082259756156244
2022,45,0.8941649049386853,0.8781688735112118,0.45803602762165047
2022,46,0.888060480593578,0.8849141659458382,0.47106030227654744
2022,47,0.9028675806921589,0.8846313793332892,0.4388002743297092
2022,48,0.8845816071841722,0.8431199680617474,0.4783241392810794
2022,49,0.9248732980954302,0.9000349324639033,0.3859063716359642
2022,50,0.8528359001826593,0.9021558320580213,0.5401143631691636
2022,51,0.86682965566618,0.8957349125024954,0.5137934326388336
2022,52,0.9047334833342022,0.8809218843569102,0.43456518532121563
2022,53,0.9324154620953173,0.8948532836516071,0.36602307208395735
2022,54,0.8813845077267949,0.8797990551600241,0.4849036969364502
2022,55,0.9000042149696237,0.8731702042717415,0.44522099361728235
2022,56,0.8987848758770859,0.8565024286379668,0.4479272598533804
2022,57,0.9145213860340952,0.8707665180650743,0.41163616472487435
2022,58,0.8769296277318592,0.8672982234346931,0.4939256096407326
2022,59,0.9220246055479202,0.8950778494909843,0.39315479575751244
2022,60,0.8934944674866537,0.8859870916228627,0.4594845061086284
2022,61,0.8756205155773185,0.8645285780823743,0.49654562936493635
2022,62,0.8951654932034133,0.8720473750748554,0.4558656990789875
2022,63,0.871946162150505,0.9120450462439286,0.5038265932749422
2022,64,0.8338317301742861,0.8690697983897799,0.5739298810195191
2022,65,0.9095408492834725,0.8838578747754343,0.4234586810040823
2022,66,0.8903160933598967,0.8827599973384791,0.4662901512986089
2022,67,0.909726483445156,0.8828598043782023,0.42302396120637836
2022,68,0.9221038096945813,0.9070463770044582,0.3929550699216285
2022,69,0.8808861078792556,0.8497072326834788,0.48592136582113304
2022,70,0.931307191540516,0.922874110053896,0.36901194425022454
2022,71,0.8718636400142796,0.9174179918823611,0.5039889084044441
2022,72,0.8593393115513362,0.8877253975647085,0.5280452700197891
2022,73,0.905688427196171,0.888058087697119,0.43238167656666343
2022,74,0.8914922067738922,0.8775866657794931,0.4637834565146859
2022,75,0.8943675117050993,0.8663251047973919,0.4575973940343842
2022,76,0.8988699497426467,0.9034117373078716,0.4477389731984147
2022,77,0.9247529287282542,0.8942710759198884,0.386215401003519
2022,78,0.9158321250558289,0.909408476944574,0.40846793385365804
2022,79,0.8774684836041876,0.8541486459511612,0.4928431123454895
2022,80,0.9175523392067849,0.9193475946503429,0.4042722732922974
2022,81,0.8904673692142023,0.8844816687737044,0.46596848706561617
2022,82,0.838854282941988,0.8624742165147383,0.5651896120161151
2022,83,0.8764919416726294,0.8828265353649613,0.4948031258202729
2022,84,0.8412980475566773,0.8460143722137203,0.5608877078102211
2022,85,0.9401440744259311,0.9120117772306876,0.3444596554537603
2022,86,0.9059734325085428,0.8662585667709097,0.4317278632977814
2022,87,0.9237686359741133,0.9168690531638833,0.3887331994696365
2022,88,0.8894320526966303,0.8641210326701712,0.46816550469594714
2022,89,0.8281228851398552,0.8868188169538893,0.5837055395410475
2022,90,0.916224064491773,0.9120783152571696,0.40751578018029533
2022,91,0.9261458448743697,0.8944956417592657,0.38262404140774603
2022,92,0.913313403587651,0.9126937920021294,0.4145345785118551
2022,93,0.9118446407525218,0.8719974715549939,0.4180316335516588
2022,94,0.9004259543621467,0.8968993279659327,0.4442811258499978
2022,95,0.8715074599312964,0.8448250049903522,0.5046888901971233
2022,96,0.8956334865894477,0.8655016967196755,0.4548470423048645
2022,97,0.9055386031729684,0.8598625989753146,0.43272498255171404
2022,98,0.8582842869915236,0.8700512342803914,0.5300218705948273
2022,99,0.89441520316693,0.8871431898329898,0.45749408324050184
2022,100,0.8772627603894223,0.8388282653536498,0.4932566661456026
2022,101,0.9044933443051215,0.8639047840841042,0.43511254647863423
2022,102,0.8674550636459245,0.898962006786879,0.5125855485975851
2022,103,0.9121062187929462,0.888648612682148,0.4174109728658924
2022,104,0.8764557675832941,0.8447085634440085,0.4948755815867405
2022,105,0.9047282828985741,0.8712073324905185,0.4345770462431369
2022,106,0.8938701304219746,0.8916261893672236,0.45867345070840804
2022,107,0.8852938821355703,0.8658177523454655,0.4768459278975736
2022,108,0.915936769233205,0.8970989420453792,0.40821393501601216
2022,109,0.8979923699839517,0.8972985561248256,0.4496774569100085
2022,110,0.9044903407515026,0.8722054028877505,0.4351193882719068
2022,111,0.9072543436469782,0.872222037394371,0.4287770943793482
2022,112,0.8945937731151569,0.8794081442544416,0.4571070518310476
2022,113,0.8108646468845645,0.8945538625324375,0.6123097074660392
2022,114,0.8956437475752442,0.8645119435757538,0.4548246821933242
2022,115,0.8569846122812249,0.8614595116108857,0.5324467387797742
2022,116,0.8485413933836877,0.9013407412336152,0.547938436258746
2022,117,0.9174806773770315,0.8956850089826337,0.40444792775023386
2022,118,0.8832404869359471,0.856818484263757,0.48109509046951865
2022,119,0.8783903518211473,0.8504973717479541,0.49098565478443096
2022,120,0.9038717963891427,0.9113796659791072,0.4365260852308927
2022,121,0.8839452888552766,0.8754574489320649,0.4796408621098376
2022,122,0.8998619646630367,0.8618753742763992,0.4455375585359691
2022,123,0.8850511916253557,0.9024053496573294,0.47735010690861457
2022,124,0.9227898771220356,0.8964252445272475,0.391220775149441
2022,125,0.9078668779112734,0.8939467030407879,0.4273588298493653
2022,126,0.8662560513800734,0.9014405482733384,0.5148987742331078
2022,127,0.9001286301017292,0.8717978574755475,0.44494393459298454
2022,128,0.9170228535092814,0.9002262292900394,0.4055683307651789
2022,129,0.9014247634703763,0.8725464102734715,0.4420472583416794
2022,130,0.9188604087592473,0.9002511810499703,0.40105246978605236
2022,131,0.9178006632265047,0.9078448333222439,0.4036630005696279
2022,132,0.9145179927535597,0.880822077317187,0.4116443350908785
2022,133,0.9309031850317219,0.9113630314724868,0.37009549775597256
2022,134,0.9171270527680667,0.8898462971588265,0.40531360282718487
2022,135,0.883694275493084,0.8563859870916231,0.4801592867116906
2022,136,0.9055609413613187,0.9049587464235813,0.4326738142224991
2022,137,0.8416707595793683,0.8815872646217315,0.560228697408648
2022,138,0.8957365145046392,0.875806773571096,0.4546224802690965
2022,139,0.9050498941018594,0.9143905116774239,0.43384291967084826
2022,140,0.8976881555868882,0.8658094350921554,0.45034748774870126
2022,141,0.908870492359818,0.8915263823275004,0.4250248270874488
2022,142,0.8798756481022031,0.9078781023354849,0.48797808257312053
2022,143,0.9125843499002406,0.8990119103067404,0.41627409305857077
2022,144,0.8952558769882019,0.9125523986958549,0.4556691428440169
2022,145,0.8951942427075259,0.9025550602169141,0.4558031871645135
2022,146,0.9175272365735506,0.897315190631446,0.4043338124928425
2022,147,0.9244392329847042,0.8903286978508219,0.38701960586300643
2022,148,0.9229588343524631,0.8967080311397966,0.39079249076861006
2022,149,0.8723893606697195,0.8194573823940383,0.502953957409805
2022,150,0.9192135023583331,0.8851220972785949,0.4001788922064138
2022,151,0.9224809645387788,0.9189234147315192,0.3920026180980112
2022,152,0.9051663863171049,0.897656198017167,0.43357670178084373
2022,153,0.9127955657936019,0.8703839244128021,0.4157708829384402
2022,154,0.9122557668967975,0.899153303613015,0.41705571681759945
2022,155,0.9186638344226854,0.8999850289440416,0.40153798450808714
2022,156,0.9235845803636247,0.8938718477609956,0.38920220190725063
2022,157,0.9079779507526634,0.86595082839843,0.42710114687089884
2022,158,0.8955938581739045,0.8970490385255175,0.4549333878016472
2022,159,0.8882574565398023,0.8637966597910708,0.4706456658552751
2022,160,0.875672689275662,0.8988621997471558,0.4964414749726538
2022,161,0.9266970622910699,0.8894803380131747,0.3811934919306321
2022,162,0.9077485878135428,0.8756736975181318,0.42763308573545894
2022,163,0.929512690416951,0.9056158094350923,0.37380082418933674
2022,164,0.8721826789306668,0.870691662785282,0.5033610917307881
2022,165,0.7789798463591511,0.8434110719276068,0.6619127179283623
2022,166,0.9020165098971444,0.887401024685608,0.44071845790929204
2022,167,0.846899531286818,0.8859288708496909,0.5509003490807391
2022,168,0.9130071720398915,0.8816704371548342,0.4152661313544942
2022,169,0.931298846137283,0.908285647747688,0.369034358968844
2022,170,0.8870784043458163,0.8531089892873779,0.4731221607533351
2022,171,0.9093419089745215,0.9115044247787613,0.42392406639421304
2022,172,0.8961361394337874,0.8771208995941182,0.45375039693131325
2022,173,0.8907629317138541,0.8983881163084705,0.46533937844717
2022,174,0.883879121004684,0.8837081642158496,0.47977757470962945
2022,175,0.9347708087064092,0.9045012974915166,0.3595884920659082
2022,176,0.9137786115491396,0.8888814957748354,0.4134207718877394
2022,177,0.9177401697237977,0.8814874575820083,0.4038115084452475
2022,178,0.8988075816691306,0.8630730587530776,0.44787701482448816
2022,179,0.90479540611666,0.8678388448998604,0.43442392971244015
2022,180,0.9097363107344612,0.8767882094617075,0.4230009351176991
2022,181,0.8800526795043744,0.8557455585867325,0.4876183749271035
2022,182,0.9043642235463425,0.8732117905382928,0.4354065735579972
2022,183,0.806742210058505,0.8492248319914832,0.6189467570200349
2022,184,0.9306873934769624,0.9059900858340543,0.3706729572671933
2022,185,0.9096079498021068,0.8872929003925746,0.4233015959103491
2022,186,0.8881420740758871,0.9072875773504561,0.47088859144035794
2022,187,0.8686486179643278,0.829263424046843,0.5102724378696863
2022,188,0.9192367937834778,0.8926408942710761,0.4001212005816186
2022,189,0.8879767837381167,0.8903869186239938,0.47123637458447565
2022,190,0.9057910973912706,0.8819199547541422,0.4321462611338838
2022,191,0.8964038455080027,0.8685125424179921,0.45316525542841374
2022,192,0.8550171528995206,0.9028212123228427,0.5360966574328594
2022,193,0.9259097487331741,0.897656198017167,0.3832351375498107
2022,194,0.9043764899618134,0.858066072260297,0.4353786496502479
2022,195,0.905149121313283,0.8837580677357111,0.43361616754856935
2022,196,0.8846758941318965,0.8879582806573959,0.4781287244237394
2022,197,0.8972490113763617,0.872845831392641,0.4513129465002277
2022,198,0.8977662839254948,0.8734280391243597,0.45017550560509784
2022,199,0.9119472736962697,0.8881495774835321,0.4177882206030356
2022,200,0.9054094061458334,0.8783352185774171,0.43302080539577426
2022,201,0.9226422452178337,0.9127520127753013,0.3915946191699754
2022,202,0.9091459651640561,0.8942378069066473,0.42438194313270744
2022,203,0.9147391675030808,0.9117872113913104,0.41111144925762755
2022,204,0.824015609966075,0.8523105329695922,0.5906386476540862
2022,205,0.8886387630029086,0.8990368620666713,0.4698419719960125
2022,206,0.9160813902176675,0.8793332889746491,0.4078626416280045
2022,207,0.8665266755909717,0.8682796593253046,0.5143775744470229
2022,208,0.8893708000413204,0.8644620400558921,0.46829516437823243
2022,209,0.8999780336729104,0.8709661321445208,0.4452792745740633
2022,210,0.9178342206556029,0.8826269212855149,0.40358059555369735
2022,211,0.899689823401031,0.8901207665180653,0.4459203424852963
2022,212,0.9267781523719454,0.8976811497770979,0.3809825893019103
2022,213,0.8866013224651682,0.8758566770909577,0.4741205530559813
2022,214,0.8695859685749405,0.9006753609687939,0.508448473205047
2022,215,0.9216898737724735,0.9039689932796595,0.3939977570010037
2022,216,0.8906034647929646,0.8599208197484864,0.465678911431471
2022,217,0.9221637879965223,0.9017233348858875,0.3928037575381586
2022,218,0.8674819630779164,0.8765802781289509,0.5125335324281189
2022,219,0.9013524735326275,0.8718976645152707,0.44220931583919465
2022,220,0.932813431574321,0.9178421718011845,0.36494382313907386
2022,221,0.9198937641663194,0.9238971322110588,0.3984904794139748
2022,222,0.8819993555549238,0.8687454255106796,0.483645305889371
2022,223,0.8938310866291322,0.866483132610287,0.4587578129360433
2022,224,0.8943685452536211,0.853641293499235,0.45759515537526285
2022,225,0.9179531752787461,0.8927407013107993,0.40328835000871516
2022,226,0.9226092871330861,0.8982799920154371,0.3916780292580114
2022,227,0.9073459520542438,0.897656198017167,0.4285652823521818
2022,228,0.9036469692942021,0.88142091955552615,0.437036266271201
2022,229,0.9270126842722283,0.9142075321045979,0.3803719502772335
2022,230,0.9211529935779997,0.9032453922416663,0.39534603906760307
2022,231,0.8990007700886535,0.8609771109188903,0.4474492852079571
2022,232,0.8853526095880078,0.8924995009648016,0.47672384403505497
2022,233,0.9303196860671722,0.8984130680684013,0.3716548775047085
2022,234,0.9042710498926269,0.8667409674629052,0.43561862048554767
2022,235,0.9006613108328234,0.9040688003193826,0.44375575652203
2022,236,0.9305540907689124,0.9209195555259834,0.3710292270500288
2022,237,0.8814118805853441,0.8551633508550138,0.48484774317399065
2022,238,0.8993399009871602,0.8878501563643625,0.44669744050406823
2022,239,0.9099346858225251,0.8999268081708698,0.42253585883073475
2022,240,0.8181200370710313,0.848775700312729,0.6004505070943105
2022,241,0.9034253412071066,0.8960176991150445,0.4375386058274748
2022,242,0.8898797668012796,0.8509880896932599,0.4672166903283286
2022,243,0.8819335857531452,0.858565107458913,0.48378007136000706
2022,244,0.8988458171267236,0.872438285980438,0.4477923918811849
2022,245,0.891934846921112,0.8908859538226098,0.46283652468356234
2022,246,0.9313614764430548,0.9010496373677558,0.36886610848516427
2022,247,0.9044736474078502,0.8923913766717682,0.43515741207063574
2022,248,0.9161283817281887,0.8696852751347397,0.4077484311715787
2022,249,0.9064603935583759,0.8863364162618939,0.43060845861135266
2022,250,0.8543499972867389,0.8947285248519531,0.5373286976072513
2022,251,0.8606705202834791,0.8911770576884691,0.5255406272996258
2022,252,0.8909760509465304,0.8841905649078451,0.4648852231358439
2022,253,0.8638181652780491,0.8784267083638301,0.5195703720230987
2022,254,0.8790176410961548,0.8916261893672236,0.4897177116657368
2022,255,0.9180781802629726,0.9047757668507553,0.4029810116641888
2022,256,0.9150331556284055,0.8906863397431634,0.41040205992381346
2022,257,0.8965298146986995,0.8523604364894539,0.4528896553127523
2022,258,0.9086610394074781,0.8986376339077785,0.4255129873617189
2022,259,0.9136782577227777,0.8762642225031607,0.4136612939435598
2022,260,0.9119070283603711,0.8538325903253711,0.41788368673545895
2022,261,0.9310610496913333,0.9166943908443678,0.3696724796421692
2022,262,0.9285242261964178,0.8996606560649414,0.3764126587453437
2022,263,0.8546927991632047,0.903328564774769,0.536695996639832
2022,264,0.8868350302895892,0.864145984430102,0.47363173415950277
2022,265,0.9263802038009166,0.9134756138132945,0.38201647497942426
2022,266,0.8981482326201037,0.8524186572626258,0.4493337830738714
2022,267,0.8517787924891291,0.8879832324173267,0.5420507640599805
2022,268,0.9120320830325399,0.8859538226096215,0.41758697256058114
2022,269,0.9191706188371298,0.8961757269279396,0.40028509066611856
2022,270,0.8718705926906534,0.8958014505289774,0.5039752350048298
2022,271,0.8926651405045226,0.8852468560782489,0.4612699718868409
2022,272,0.9019386722446178,0.8798822276931269,0.44089347555779335
2022,273,0.9235446075674093,0.9154052165812764,0.38930398415475126
2022,274,0.9073821642037808,0.8921668108323909,0.42848152569455317
2022,275,0.9233345329758393,0.9027546742963606,0.3898384577328658
2022,276,0.8896256649252922,0.879108723135272,0.46775542978675955
2022,277,0.910529327695167,0.8788009847627921,0.4211386860494488
2022,278,0.897950274703313,0.8841323441346731,0.44977023107928715
2022,279,0.9167412920731726,0.888523853882494,0.40625584353166355
2022,280,0.8954016189986813,0.8867106926608559,0.4553520212141946
2022,281,0.896210166586223,0.894911504424779,0.4535886667736969
2022,282,0.9236093706168563,0.9111883691529712,0.38913906541046783
2022,283,0.8964365613992024,0.855479406480804,0.4530936944909092
2022,284,0.9050761542713703,0.8609272073990287,0.4337829219681962
2022,285,0.92068510902002,0.9049836981835121,0.39651731182860456
2022,286,0.9251208245539382,0.8887567369751814,0.38527010752391033
2022,287,0.9222785209685268,0.9180750548938721,0.39251414836176207
2022,288,0.8255341647087987,0.8787094949763792,0.5880848405564388
2022,289,0.8935201491336079,0.8542068667243331,0.45942910508848395
2022,290,0.8443445438759037,0.8921335418191498,0.5554781259626591
2022,291,0.9130321272527345,0.8885571228957351,0.4152065643864809
2022,292,0.8710011721730292,0.8776199347927343,0.5056822031272802
2022,293,0.9144419500343302,0.8862033402089295,0.4118273887953975
2022,294,0.8883627750500372,0.8697933994277732,0.4704238193505038
2022,295,0.9085003462066115,0.8884406813493914,0.42588712669882245
2022,296,0.9117443420620795,0.884939117705769,0.4182693735294189
2022,297,0.9062179769657039,0.8836832124559187,0.43116607850551814
2022,298,0.8746297045887179,0.8460975447468231,0.4985194555290186
2022,299,0.9000105401355751,0.8938884822676161,0.445206912317741
2022,300,0.9270321766515159,0.9195222569698585,0.38032115481129253
2022,301,0.929856378420245,0.9228657928005857,0.37288840573494453
2022,302,0.8972498602801635,0.8720307405682349,0.45131108217720517
2022,303,0.9290550203883298,0.9063477277263958,0.37501239428501765
2022,304,0.8833147012279001,0.8244477343801985,0.48094217013821766
2022,305,0.9150541472224727,0.8713071395302417,0.4103513605853082
2022,306,0.9142974871935641,0.8851636835451463,0.4121749227926524
2022,307,0.9297017855892858,0.8951194357575357,0.3732990927355268
2022,308,0.9043328100031385,0.906663783352186,0.4354780768213363
2022,309,0.9004424190244663,0.8774369552199084,0.44424439317998554
2022,310,0.9153879037665439,0.879108723135272,0.40954442157297283
2022,311,0.9258335203868038,0.8964917825537296,0.3834322341317842
2022,312,0.911453324197426,0.8721055958480273,0.41895841536282924
2022,313,0.9028958294611771,0.900492381395968,0.4387364621182094
2022,314,0.8535805391785619,0.8384207199414467,0.5387461617135488
2022,315,0.8867661112967041,0.897315190631446,0.4737759362647327
2022,316,0.9146709977110673,0.8950196287178125,0.41127576727755677
2022,317,0.9260909890987279,0.9114711557655202,0.38276611359392254
2022,318,0.9085848385061333,0.8838828265353652,0.4256904456617101
2022,319,0.8698798763979909,0.8445921218976647,0.5078752171220936
2022,320,0.9060584364419081,0.888523853882494,0.43153266918662403
2022,321,0.9187211204876602,0.8996856078248721,0.40139655552274317
2022,322,0.9157215499858403,0.8717812229689269,0.40873615700812216
2022,323,0.8771452857070386,0.8244227826202676,0.49349266343475057
2022,324,0.9045598244329814,0.8738522190431833,0.4349610838762861
2022,325,0.8864970277351142,0.8778445006321115,0.4743385313948161
2022,326,0.9277099251691677,0.9146732982899729,0.37855076186778064
2022,327,0.9222616643142383,0.8779775766850757,0.3925567113486565
2022,328,0.9088107545202678,0.8712655532636904,0.42516411185907854
2022,329,0.8806260636027328,0.8243562445937855,0.4864514978504572
2022,330,0.9131038614698188,0.8959927473551137,0.4150352904363864
2022,331,0.9246895694629305,0.9042185108789675,0.3863779666337507
2022,332,0.9121783076073198,0.8946536695721607,0.41723976146613984
2022,333,0.8934188915656376,0.8755905249850291,0.4596475014279979
2022,334,0.8980715380803542,0.8905116774236478,0.44950292575854545
2022,335,0.8960880375065023,0.8560948832257637,0.45385545629456703
2022,336,0.8890821403293829,0.8856460842371418,0.46890571694367467
2022,337,0.8995234362797602,0.8832174462705438,0.4462900191354772
2022,338,0.8805508041066635,0.8637051700046579,0.48660481576595
2022,339,0.8912745758616517,0.8893722137201413,0.4642483220073465
2022,340,0.9126658319234436,0.8849308004524589,0.4160800387726283
2022,341,0.8561458800441809,0.8904700911570965,0.5340057577338947
2022,342,0.911677079433821,0.8788508882826537,0.4184287318053236
2022,343,0.9213460833687154,0.8811714019562181,0.39486165747440244
2022,344,0.8680036837860476,0.865485062213055,0.5115236206098567
2022,345,0.8972756475918116,0.8572676159425113,0.451254445612735
2022,346,0.9085288096668356,0.8891559651340742,0.4258208796493976
2022,347,0.9271008810898648,0.9088928072393374,0.3801420628239608
2022,348,0.9101155747807362,0.8943875174662321,0.42211133087834174
2022,349,0.9136554909999723,0.8762309534899196,0.41371584040476883
2022,350,0.8983773907696593,0.8906863397431634,0.4488280162922282
2022,351,0.9023799786775614,0.8799986692394706,0.43990027808228377
2022,352,0.9100527866115591,0.8900375939849625,0.4222587366759986
2022,353,0.8867472810952561,0.8674978375141394,0.4738153278530766
2022,354,0.8970532478540516,0.8708330560915565,0.45174266776809413
2022,355,0.9101709798201588,0.867730720606827,0.421981215455388
2022,356,0.8277959723450343,0.8539323973650943,0.5842603840869101
2022,357,0.8614225611737566,0.899369552199082,0.524120386571792
2022,358,0.9055800830774275,0.8961507751680087,0.43262996298576406
2022,359,0.9151734187048152,0.8909940781156434,0.4100631746075423
2022,360,0.9119194242247459,0.8963004857275936,0.41785428477723846
2022,361,0.860080793676337,0.8735527979240137,0.5266516557628055
2022,362,0.8764042178921049,0.8392358107658529,0.49497881596011534
2022,363,0.8658405454911886,0.8357009781089895,0.5156979788577791
2022,364,0.8750331531927472,0.8713819948100341,0.49771667745429854
2022,365,0.8642358245763645,0.8649111717346466,0.5187730188507884
2022,366,0.881663355243549,0.8823108656597247,0.48433339305008283
2022,367,0.8943903603245847,0.8503892474549206,0.45754790152336333
2022,368,0.9228834435866333,0.8917509481668776,0.39098365441915306
2022,369,0.8935980885596375,0.8937055026947902,0.45926093150758335
2022,370,0.9204463084770231,0.8609105728924082,0.39711377854148144
2022,371,0.9219713663966623,0.8989453722802583,0.39328898973119514
2022,372,0.8519700122770523,0.8424130015303748,0.5417010020880421
2022,373,0.9169759194036168,0.8746423581076588,0.4056830147280608
2022,374,0.8791371509504787,0.8534333621664784,0.4894757732811103
2022,375,0.9071062119973189,0.8936056956550671,0.4291193751913413
2022,376,0.8755110235171577,0.8242398030474418,0.4967641374426851
2022,377,0.9107703629969608,0.8951277530108459,0.4205710265762545
2022,378,0.9026049335065058,0.885313394104731,0.4393931343345919
2022,379,0.912093176812289,0.8758649943442679,0.4174419401529361
2022,380,0.9334765515721856,0.8889480338013177,0.36313839054658514
2022,381,0.919407451424387,0.881287843502562,0.3996982366264295
2022,382,0.8595795214624821,0.8859787743695524,0.5275941990496409
2022,383,0.9084557740886733,0.8860120433827935,0.4259908450150219
2022,384,0.9272178296867963,0.9297524785414866,0.3798370184972304
2022,385,0.9144688686442816,0.9013324239803049,0.41176259832299894
2022,386,0.9000252779720039,0.9005339676625194,0.44517410071712493
2022,387,0.8656501961699024,0.8946037660522991,0.5160636927996712
2022,388,0.9134883309772968,0.8992032071328767,0.41411611664206377
2022,389,0.8991062714688034,0.8840075853350192,0.4472155267361321
2022,390,0.9109725245157555,0.9015985760862335,0.420094326833622
2022,391,0.9096651891503135,0.9010330028611353,0.42316755013781926
2022,392,0.9152831592198977,0.8924662319515605,0.40979783851193313
2022,393,0.9128067878854096,0.8969492314857943,0.41574412988866954
2022,394,0.8913885805063004,0.8852219043183182,0.46400486309807315
2022,395,0.9117542379521189,0.8706500765187306,0.4182459231135558
2022,396,0.8880218096774785,0.884315323707499,0.4711416621060786
2022,397,0.9083991453884414,0.9032453922416663,0.42612258231545846
2022,398,0.9031803963144012,0.8673564442078651,0.43809312487989044
2022,399,0.8921923236870138,0.87935824073458,0.46228481714226416
2022,400,0.8998226801263527,0.8744261095215917,0.44562494301601524
2022,401,0.880880630166981,0.878484929137002,0.4859325387699049
2022,402,0.9209483612814926,0.9066055625790141,0.3958587290800833
2022,403,0.8936312151668342,0.8656514072792603,0.4591894340100306
2022,404,0.9081993427439082,0.8740851021358708,0.42658706510895283
2022,405,0.9040357363259854,0.8917842171801186,0.4361536940175182
2022,406,0.903568005332961,0.9198632643555794,0.4372153112215082
2022,407,0.9362983191076267,0.9015653070729924,0.3553532023299082
2022,408,0.9011373483785965,0.8764555193292969,0.4426912262493801
2022,409,0.8999449146870953,0.9038525517333158,0.4453529882689609
2022,410,0.9223328344525304,0.9113630314724868,0.3923769756200699
2022,411,0.8946919680588338,0.8832839842970259,0.456894085002117
2022,412,0.9177929329965925,0.8960010646084239,0.40368198085928003
2022,413,0.8625763127016562,0.8096347062346132,0.5219339967327182
2022,414,0.9033774946729953,0.8980886951893009,0.43764697852991286
2022,415,0.9142895101776596,0.8908194157961277,0.4121941045488349
2022,416,0.9313623551221306,0.9028128950695324,0.3688637474497603
2022,417,0.9191904530090867,0.9110303413400761,0.40023597603534017
2022,418,0.8966397333165802,0.8885155366291837,0.4526490341487604
2022,419,0.8677773407858536,0.8583405416195358,0.5119620048122775
2022,420,0.905361621370768,0.8812129882227695,0.4331301671639876
2022,421,0.8932885661143127,0.9043016834120702,0.45992843989744087
2022,422,0.9122064909973565,0.9110636103533171,0.41717280662731476
2022,423,0.9195201795520772,0.9035947168806975,0.3994186015886061
2022,424,0.8529461258339306,0.8597711091889015,0.5399120529267439
2022,425,0.8935152686198322,0.8713986293166547,0.4594396339555197
2022,426,0.8913455760591508,0.9041769246124162,0.4640967148475662
2022,427,0.9113357040732024,0.8966414931133144,0.4192365827067925
2022,428,0.931098589167193,0.9189483664914501,0.3695718166589188
2022,429,0.9034111013912323,0.900151374010247,0.43757086190588956
2022,430,0.8932317863601299,0.8626239270743231,0.46005078456998605
2022,431,0.9284468497485249,0.9150808437021759,0.3766163473149715
2022,432,0.8857802823271574,0.8688202807904719,0.47583384434303516
2022,433,0.9220977494186872,0.9053163883159228,0.39297035545621295
2022,434,0.9131430178616301,0.9164199214851289,0.41494177008042465
2022,435,0.8956442273338374,0.9019312662186442,0.4548236367058941
2022,436,0.9026390380425436,0.8649777097611286,0.4393161971159355
2022,437,0.8782746447497438,0.9005422849158297,0.49121917657409886
2022,438,0.9167410157164873,0.8916511411271544,0.40625651776399185
2022,439,0.8932095434515526,0.8584486659125693,0.4600987030201411
2022,440,0.9177944734243091,0.8856128152239006,0.403678198667263
2022,441,0.9171061393454011,0.8924246456850091,0.4053647411073263
2022,442,0.9128572189540349,0.9140744560516337,0.41562388283750223
2022,443,0.9083179840923995,0.8902871115842707,0.4263113196575522
2022,444,0.8908184248462797,0.8729456384323643,0.46522116573526995
2022,445,0.8799429706699019,0.8178937387717082,0.4878413220363898
2022,446,0.9157616415220354,0.8647198749085103,0.40863892687565756
2022,447,0.9082185722049676,0.8647448266684412,0.4265423842252911
2022,448,0.8917702448225703,0.884814358906115,0.4631888809835188
2022,449,0.9118658606598826,0.9007668507552068,0.4179813182532537
2022,450,0.8985193584131158,0.9046510080511013,0.44851439845734853
2022,451,0.9013885645465772,0.8717895402222372,0.44212841547007276
2022,452,0.8672035079859792,0.8611600904917162,0.5130717334237125
2022,453,0.9224251823099082,0.8915097478208799,0.39214363409004815
2022,454,0.89938514015942,0.8622829196886023,0.44659705070866884
2022,455,0.9264752633123123,0.8969825004990354,0.38176976124641
2022,456,0.8723646781204739,0.8925410872313528,0.50300259593107155
2022,457,0.8972766613962185,0.9028128950695324,0.45125221885314415
2022,458,0.9266304846026889,0.9022889081109856,0.3813665629035455
2022,459,0.9037182505274595,0.868229755805443,0.4368745783225494
2022,460,0.8996664380476896,0.8623744094750151,0.4459723182539794
2022,461,0.8629039121184813,0.8523022157162821,0.5213115156329331
2022,462,0.8796410434232873,0.8516950562246326,0.4884543644337396
2022,463,0.9232694561637869,0.9051084569831661,0.39000387812130877
2022,464,0.9041430547613362,0.8762060017299889,0.4359097468235351
2022,465,0.9125332197641454,0.8706168075054896,0.4163958163403725
2022,466,0.9150360946239109,0.8834669638698518,0.4103949619772605
2022,467,0.9179642635129363,0.8801982833189169,0.40326109784642267
2022,468,0.8276119231235736,0.8643705502694792,0.5845725253105566
2022,469,0.9211980083863637,0.9046177390378604,0.3952331687902567
2022,470,0.8977479722191851,0.8360253509880899,0.45021582064430976
2022,471,0.9141476506258946,0.8942710759198884,0.4125350750418926
2022,472,0.8912375174639269,0.867855479406481,0.464327433371369
2022,473,0.8536783149199032,0.9041270210925546,0.5385662501702946
2022,474,0.9133885073615232,0.9011411271541688,0.41435496679126654
2022,475,0.9016461669506711,0.8686788874841973,0.4415505523634585
2022,476,0.9083133539579694,0.8646699713886489,0.42632208433031227
2022,477,0.8625850508474899,0.8786928604697586,0.5219174027671147
2022,478,0.8818566511448029,0.8717396367023756,0.48393766642749836
2022,479,0.9092853250785278,0.891143788675228,0.42405634103890744
2022,480,0.8692497711555229,0.8799654002262295,0.5091034220534887
2022,481,0.9273594563597883,0.9011328099008585,0.3794672765096596
2022,482,0.9116435348661918,0.8958596713021494,0.41850818274713514
2022,483,0.9296534746403293,0.9085684343602372,0.3734273416262345
2022,484,0.908884950318351,0.8836166744294366,0.424991110044341
2022,485,0.9219881262008842,0.9120616807505492,0.39324675010614335
2022,486,0.8869222734942859,0.8803479938785017,0.47344912854609894
2022,487,0.8975530469220285,0.8655349657329166,0.4506447445022335
2022,488,0.9105918333756081,0.8703340208929405,0.4209915531478059
2022,489,0.9162378268412027,0.8754574489320649,0.40748230633795673
2022,490,0.9216471459878803,0.9019146317120236,0.3941052294083814
2022,491,0.8968798529204539,0.8580411205003662,0.4521229465671384
2022,492,0.8538363302956319,0.8947701111185045,0.538275368007259
2022,493,0.8953254668543716,0.8776864728192163,0.45551774903609366
2022,494,0.911068225926423,0.9168357841506424,0.4198684727944404
2022,495,0.9093764558450809,0.8760646084237143,0.42384328681261774
2022,496,0.8885935416131286,0.8692694124692264,0.46993735864483155
2022,497,0.9183385038434924,0.893979972054029,0.4023402243100418
2022,498,0.8861047944893492,0.8990701310799123,0.4751574125234495
2022,499,0.8922301962939159,0.8798988621997473,0.4622036101742165
2022,500,0.9082305467101364,0.8657179453057424,0.4265145583311337
2022,501,0.9070650808339052,0.9024968394437423,0.4292143666121163
2022,502,0.8894122841507927,0.8440930866990487,0.46820735469780894
2022,503,0.8911656673951027,0.8728957349125027,0.4644807787586673
2022,504,0.8865847647845541,0.8837747022423317,0.47415516567368887
2022,505,0.9057310379004059,0.8764139330627455,0.4322839888243436
2022,506,0.9061411968819925,0.8728874176591924,0.4313425419335701
2022,507,0.8780551075298162,0.890295428837581,0.4916619450999636
2022,508,0.8984925745379508,0.8702758001197687,0.44857358295267485
2022,509,0.9094437348455096,0.8924080111783886,0.42368592678307665
2022,510,0.9313912585568612,0.8965250515669707,0.36878607468074803
2022,511,0.8409155001128573,0.8619502295561916,0.56156330445376
2022,512,0.899220052638451,0.85317552731386,0.4469632857859724
2022,513,0.8853830704877482,0.86377170803114,0.47666050896109274
2022,514,0.9038304220249951,0.8983465300419191,0.43662001732132505
2022,515,0.9027716076814166,0.8668075054893873,0.4390170021035085
2022,516,0.8606195583955769,0.8640628118969993,0.5256367307732331
2022,517,0.8951252459196944,0.8842321511743964,0.45595319696533176
2022,518,0.9027533708332867,0.8808137600638767,0.4390581727472338
2022,519,0.9129569435213257,0.9075786812163154,0.4153859986650115
2022,520,0.9076295061695908,0.8584237141526384,0.42790899927884235
2022,521,0.8730706891497704,0.8618171535032273,0.5016094947518771
2022,522,0.9030564012742011,0.9091672765985763,0.43837356392116744
2022,523,0.8815277042283153,0.8575004990351988,0.48461091274438856
2022,524,0.9181389127027149,0.9010330028611353,0.4028316097240245
2022,525,0.8912174107651716,0.8821362033402091,0.4643703510216584
2022,526,0.8876039464127969,0.890952491849092,0.47201991111757863
2022,527,0.8800189969406952,0.8775949830328035,0.48768683449765066
2022,528,0.9113108646516792,0.8943708829596116,0.4192953034401128
2022,529,0.8905935734689437,0.9008832923015506,0.4656999636379196
2022,530,0.8901269695761957,0.8759232151174399,0.4666919813344536
2022,531,0.9146951450856212,0.871723002195755,0.411217569405534
2022,532,0.9102433181950401,0.859904185241866,0.42181127269510466
2022,533,0.8201525865793109,0.8467462905050238,0.597085996135259
2022,534,0.8867453985686294,0.8728375141393309,0.47381926579943684
2022,535,0.9302970082240094,0.9167526116175396,0.3717153511514012
2022,536,0.8953331840098341,0.8819532237673832,0.4555009571480685
2022,537,0.9029747569871135,0.8791419921485131,0.4385581205353429
2022,538,0.8989684556943527,0.8964917825537296,0.44752085949766635
2022,539,0.8678438127961839,0.8308520194291039,0.5118332998609043
2022,540,0.9220688457327108,0.8968244726861403,0.3930432496172281
2022,541,0.9126359228978483,0.8822193758733118,0.4161512794080266
2022,542,0.908999664420715,0.9025966464834655,0.4247234932872052
2022,543,0.8965406564699725,0.8711491117173467,0.4528659274404681
2022,544,0.8856486498676988,0.9034200545611819,0.4761079526358973
2022,545,0.9344277881423323,0.8993612349457717,0.3605327358145994
2022,546,0.9125084114818149,0.8734280391243597,0.41645486351558264
2022,547,0.8922972179897167,0.8713404085434828,0.4620598663497858
2022,548,0.8925489754873115,0.874900192960277,0.46151951310958156
2022,549,0.89913349117985,0.9089177589992683,0.44715519643249274
2022,550,0.881092441158857,0.850214585135405,0.4855003183507986
2022,551,0.9240016019909847,0.9180584203872516,0.3881387530619558
2022,552,0.8833126874567068,0.8840824406148116,0.4809463202039062
2022,553,0.9176137622409835,0.9069798389779761,0.4041216549726988
2022,554,0.9033524577356726,0.8760479739170938,0.43770367665736515
2022,555,0.8896343211946391,0.8628817619269414,0.46773708722380364
2022,556,0.8900941772800111,0.8646533368820283,0.46676161971570057
2022,557,0.8918410979012151,0.8678970656730324,0.46303724185670464
2022,558,0.9010971668004448,0.8671568301284186,0.4427811804674062
2022,559,0.9297584145121914,0.9030873644287711,0.37314870638014835
2022,560,0.9142614443778946,0.8771208995941182,0.41226158526417095
2022,561,0.8787673058920827,0.9194889879566174,0.4902241087662822
2022,562,0.9183459647677071,0.8923996939250783,0.4023218441760064
2022,563,0.8380132498545803,0.8738272672832526,0.5666625787577391
2022,564,0.9066369655706576,0.8808636635837384,0.4302018430590935
2022,565,0.9028911628349886,0.8945954487989889,0.4387470043763576
2022,566,0.8976084737055986,0.8851886353050771,0.45052282204718747
2022,567,0.9136974598185615,0.8931815157362434,0.41361528232838957
2022,568,0.9242648713853617,0.9005672366757603,0.3874658855628923
2022,569,0.8884777502620321,0.8740435158693195,0.47018151212891157
2022,570,0.895865708542966,0.8548556124825339,0.4543407290894352
2022,571,0.8872733055803818,0.8743263024818685,0.4727136830113412
2022,572,0.9150120266210703,0.8691446536695723,0.4104530848216982
2022,573,0.9239951527358911,0.8950279459711227,0.3881552215191371
2022,574,0.9253501245340776,0.9070630115110788,0.38467975537833377
2022,575,0.9015958474745335,0.8875424179918825,0.44166349026668783
2022,576,0.8931489947289074,0.8729206866724335,0.46022911936045413
2022,577,0.9269634725168276,0.9001347395036265,0.3805001617134839
2022,578,0.9199637334781628,0.8860037261294832,0.39831640934663004
2022,579,0.8943115943938758,0.8879416461507753,0.45771849423262584
2022,580,0.9035615884568502,0.9136585933861203,0.43722985779302787
2022,581,0.9119140557117281,0.8928737773637636,0.41786701869710213
2022,582,0.8870255224983432,0.895102801250915,0.4732329307317354
2022,583,0.8668872200119855,0.8785348326568636,0.5136823742052694
2022,584,0.9080500955212804,0.8616175394237808,0.4269336915959697
2022,585,0.9036018617393755,0.8812046709694593,0.4371385533010357
2022,586,0.9171828080988947,0.8876089560183648,0.4051772362745843
2022,587,0.8847718142097635,0.8963919755140064,0.4779298428261536
2022,588,0.8904550698982617,0.8723301616874045,0.46599464791249706
2022,589,0.8411895363602164,0.8772373411404619,0.5610794262966491
2022,590,0.8963557289056505,0.8560366624525918,0.45327048250567015
2022,591,0.8911507188096247,0.8738355845365628,0.4645126762861021
2022,592,0.8552446337693159,0.8653436689067804,0.5356759193590649
2022,593,0.9145460425516309,0.9278810965466766,0.4115767917082714
2022,594,0.9135211005004872,0.8707997870783154,0.41403767824665866
2022,595,0.9206085723284987,0.9201377337148182,0.3967085798556887
2022,596,0.8828422162275293,0.862648878834254,0.4819149078951838
2022,597,0.9207459442148287,0.8881246257236012,0.39636521658601415
2022,598,0.8968204577303799,0.8622579679286714,0.45225313481544516
2022,599,0.9007704863963965,0.9051417259964072,0.4435118404621824
2022,600,0.9011218955912254,0.8762974915164018,0.4427258224592968
2022,601,0.9070908687603992,0.8888066404950431,0.4291548124823141
2022,602,0.9163683319487651,0.8755655732250983,0.4071647450213343
2022,603,0.8859120281224518,0.8712905050236212,0.4755593418446013
2022,604,0.9212432024203931,0.8928405083505224,0.3951198166864522
2022,605,0.8868644273915589,0.8675726927939319,0.4735702120084069
2022,606,0.9144635626251286,0.8866275201277533,0.411775370201
2022,607,0.9145523036081563,0.8990368620666713,0.41156171368943095
2022,608,0.9194499204811457,0.908693193159891,0.39959291023925997
2022,609,0.929449182791428,0.8874592454587799,0.3739691797286294
2022,610,0.9095260019979112,0.8834919156297826,0.42349343124188554
2022,611,0.8821501998468807,0.8713570430501033,0.4833360767989355
2022,612,0.9242224296920802,0.9009997338478943,0.38757443760029575
2022,613,0.8857350379147448,0.8717562712089961,0.47592807803389475
2022,614,0.8744934073567415,0.846130813760064,0.49879036645118957
2022,615,0.9164333487595243,0.8995774835318386,0.4070064455346911
2022,616,0.8747492418497094,0.871689733182514,0.4982817362925306
2022,617,0.8522653390785351,0.8492830527646551,0.5411603727946621
2022,618,0.8543491233505995,0.8968161554328301,0.5373303096575588
2022,619,0.9288318381297952,0.9162369419123031,0.3756017974610621
2022,620,0.9304621040061416,0.9090674695588531,0.3712748749465631
2022,621,0.9037612983348082,0.900741898995276,0.4367769035536358
2022,622,0.8832360921998513,0.9048755738904786,0.4811041444044372
2022,623,0.9031502628052103,0.8975896599906849,0.43816129421591293
2022,624,0.8339054695388995,0.8763390777829532,0.5738025224058793
2022,625,0.9342314524792362,0.9341107192760665,0.36107208415033293
2022,626,0.9152313436954611,0.9011993479273407,0.4099231420754362
2022,627,0.8958256700453959,0.8803313593718812,0.4544280652190019
2022,628,0.9063804274126211,0.8853383458646619,0.43079248088742433
2022,629,0.9072779364785236,0.8567186772240337,0.428722554309364
2022,630,0.8966179753126435,0.8762891742630915,0.45269667441485006
2022,631,0.9242221915456861,0.8830926874708898,0.38757504661548264
2022,632,0.8780512579371439,0.8359421784549872,0.4916697055040516
2022,633,0.9184578896868351,0.8839493645618474,0.40204601407668183
2022,634,0.899005920856224,0.8717978574755475,0.4474378755335752
2022,635,0.9154748791993069,0.8922333488588731,0.4093338756616732
2022,636,0.906676094743122,0.8974565839377207,0.43011168314547854
2022,637,0.8932202910812658,0.8669904850622132,0.4600755497577814
2022,638,0.8769708769838589,0.9002345465433497,0.49384282867145757
2022,639,0.941408510362412,0.9348592720739904,0.34080193919557744
2022,640,0.8911165185265341,0.8818783684875908,0.46458564515266054
2022,641,0.9284762059469791,0.8833671568301287,0.3765390819645372
2022,642,0.9071600979127574,0.8867023754075456,0.42899489515231537
2022,643,0.9290629177515876,0.8888482267615945,0.37499152112708667
2022,644,0.895564388757337,0.9024386186705704,0.45499758745209434
2022,645,0.915529620883664,0.8785348326568636,0.4092013040972141
2022,646,0.9224443697358162,0.909816022356777,0.39209513450946176
2022,647,0.9142964001562283,0.9080194956417594,0.4121775367656535
2022,648,0.8781054906353932,0.8404085434826005,0.49156036636887857
2022,649,0.9071229623232238,0.8910522988888152,0.42908068469548133
2022,650,0.8983593536406367,0.8560782487191432,0.4488678460589942
2022,651,0.8982085434071115,0.8767549404484665,0.44920072850009757
2022,652,0.9075308276014795,0.8863863197817555,0.42813750393619143
2022,653,0.8303830304473788,0.90523321578282,0.5798550412367505
2022,654,0.9225966956405461,0.8658676558653272,0.3917098910293747
2022,655,0.8570528990971605,0.8491998802315526,0.5323196075869823
2022,656,0.8946303776640491,0.9044763457315858,0.4570276748775801
2022,657,0.9046327577906005,0.8855545944507287,0.43479485809687624
2022,658,0.901327814169916,0.8967329828997274,0.44226458290427606
2022,659,0.8726092148991713,0.8730703972320183,0.5025205130545239
2022,660,0.9010946969421648,0.8759065806108193,0.44278670912569507
2022,661,0.9307601170895478,0.907537094949764,0.37047844899214105
2022,662,0.9190881849541931,0.8965749550868324,0.4004891541211567
2022,663,0.8959820984680377,0.8888232750016636,0.4540867519076599
2022,664,0.9133519705618848,0.8844733515203941,0.414442354779103
2022,665,0.9130595661824924,0.9042018763723471,0.4151410590328092
2022,666,0.8872231117318838,0.8494161288176195,0.4728189139791701
2022,667,0.8590585013287533,0.8780690664714886,0.5285720930421915
2022,668,0.9017636475855395,0.8713986293166547,0.44128676427693875
2022,669,0.8836799075779429,0.8571262226362368,0.4801889442150647
2022,670,0.8404367883648904,0.873777363763391,0.5624075885251365
2022,671,0.8902538578060802,0.8768131612216383,0.4664224209785448
2022,672,0.8940475839369779,0.8721222303546479,0.4582898298292577
2022,673,0.9084002506719213,0.8454072127220709,0.4261200114460425
2022,674,0.8892792795613319,0.8733365493379468,0.46848882815763027
2022,675,0.8978294460934187,0.8982467230021959,0.4500364201100124
2022,676,0.8830367010625487,0.895069532237674,0.4815147463900289
2022,677,0.8601305168426857,0.9157129549537563,0.5265580692013446
2022,678,0.8966687840942239,0.8714485328365162,0.45258541816277525
2022,679,0.8704308642936048,0.8708247388382462,0.5067987888439939
2022,680,0.9155360146119261,0.9115959145651742,0.40918581718049374
2022,681,0.9006772501746403,0.8709162286246592,0.4437201537850724
2022,682,0.9059101439126643,0.8790754541220309,0.4318731352923955
2022,683,0.9265834594217682,0.8945205935191963,0.38148875915106484
2022,684,0.9115639967227821,0.8760729256770245,0.4186965100862187
2022,685,0.9271267847793144,0.9057072992215053,0.38007451772190104
2022,686,0.9014256051157975,0.8805891942244994,0.4420453712153679
2022,687,0.9024490128074972,0.8861950229556192,0.4397447080295629
2022,688,0.8436740354872728,0.8702508483598378,0.5566732414937338
2022,689,0.91353094640938,0.8950528977310535,0.41401410779582604
2022,690,0.8977325853262558,0.8671984163949699,0.45024969362554873
2022,691,0.9135999790138564,0.9019312662186442,0.41384881063140644
2022,692,0.9123440783852887,0.8665496706367691,0.4168457880181282
2022,693,0.8885792320115906,0.8679303346862735,0.46996753822564574
2022,694,0.9376412895244053,0.9236892008783021,0.35158743857036606
2022,695,0.8937843622458723,0.8903370151041321,0.4588587502883061
2022,696,0.9023260936827966,0.8791004058819617,0.4400216709773236
2022,697,0.8564263946838443,0.8856377669838315,0.5334848497141242
2022,698,0.911943388936384,0.8891393306274538,0.41779743660966817
2022,699,0.8890444393067704,0.8439932796593255,0.4689854007887145
2022,700,0.91416019508827,0.8892890411870386,0.41250493480799905
2022,701,0.785817131080319,0.8492248319914832,0.6515941149226612
2022,702,0.9332531950449204,0.9015902588329232,0.3637475093116435
2022,703,0.8601946872829991,0.8795661720673367,0.5264372660825091
2022,704,0.9018419757905495,0.8881495774835321,0.44111080042989376
2022,705,0.9050875794250528,0.8719891543016836,0.43375681585308945
2022,706,0.7811140136442166,0.8916345066205339,0.6587092563927447
2022,707,0.9230873134524266,0.8898130281455854,0.3904664987006934
2022,708,0.9060486684440975,0.8819864927806244,0.4315551038813427
2022,709,0.8839881623027186,0.8582989553529844,0.47955225839595744
2022,710,0.9107771923876723,0.8907279260097147,0.4205549315941415
2022,711,0.910668957477695,0.8769046510080514,0.42080993886312373
2022,712,0.9090380760546108,0.868978308603367,0.424633845017355
2022,713,0.8899112424431294,0.8673065406880034,0.4671499133347488
2022,714,0.8932022460173106,0.8720806440880966,0.4601144229766891
2022,715,0.9329070193681064,0.920628451660124,0.3646895595995618
2022,716,0.8810474659987361,0.8727543416062281,0.48559212660259937
2022,717,0.8647088683945781,0.8463054760795796,0.5178684484578038
2022,718,0.9143685276072794,0.878825936522723,0.4120040576306923
2022,719,0.9293735678928086,0.9178338545478744,0.3741695322542342
2022,720,0.9032873478014508,0.8897631246257238,0.43785108888708074
2022,721,0.8960534981498044,0.8948782354115379,0.45393087866513104
2022,722,0.8890687371528689,0.8769379200212923,0.46893404708032
2022,723,0.9329899353687953,0.8883824605762195,0.3644641414726268
2022,724,0.8962799947206197,0.8846646483465302,0.4534360575129988
2022,725,0.875743271711155,0.8630896932596981,0.4963005364178896
2022,726,0.8375611192163817,0.8764056158094352,0.5674528501369868
2022,727,0.915707472567838,0.8840574888548808,0.40877029212496757
2022,728,0.9008123867726823,0.8616341739304013,0.4434181925419398
2022,729,0.9172748523336925,0.8825936522722737,0.4049520137337464
2022,730,0.8942391417044236,0.8517532769978045,0.457875357486076
2022,731,0.9221718526766894,0.8852551733315591,0.3927834076351286
2022,732,0.8808563406274336,0.8618920087830197,0.4859820793106521
2022,733,0.9157164427049611,0.9097744360902257,0.40874854154256424
2022,734,0.9176533914759455,0.8878168873511213,0.40402444845620233
2022,735,0.9014765785190687,0.8894553862532439,0.4419310642968187
2022,736,0.9249113559222844,0.9033535165346998,0.38580861266356314
2022,737,0.8519330704897108,0.865734579812363,0.5417685902679547
2022,738,0.911085849554486,0.9128601370683347,0.41982686802208224
2022,739,0.8513920509377373,0.8544647015769514,0.5427574678782243
2022,740,0.8828093329031862,0.8454155299753812,0.48198253401401253
2022,741,0.8894134281766973,0.8935973784017568,0.46820493289750387
2022,742,0.9222322438596556,0.9170021292168475,0.3926309868286346
2022,743,0.882847658134459,0.8658011178388451,0.48190371543981664
2022,744,0.9004166868375897,0.8857542085301752,0.4443018003662275
2022,745,0.8463569825865592,0.9205619136336418,0.5518756104285962
2022,746,0.887782632190931,0.8757984563177859,0.4716445563295763
2022,747,0.8843500113812369,0.8883242398030476,0.47880379570769577
2022,748,0.914326325844112,0.8781106527380399,0.41210556911624924
2022,749,0.8929503995223337,0.8542817220041256,0.4606566158876217
2022,750,0.8440916212131757,0.8890894271075922,0.5559292376203452
2022,751,0.8972836255654598,0.8957598642624263,0.45123692218283146
2022,752,0.8920569215308225,0.8837996540022625,0.46257503172382664
2022,753,0.8977597048425193,0.8503227094284386,0.45018999052490283
2022,754,0.8956595649675944,0.8990701310799123,0.45479021174757733
2022,755,0.8933793263361764,0.8589976046310468,0.45973280909499653
2022,756,0.8940421737405425,0.879857275933196,0.45830153039468535
2022,757,0.9253885796360384,0.8958430367955288,0.38458066074009256
2022,758,0.8814278394438343,0.8738605362964936,0.48481511816526796
2022,759,0.8543551549543108,0.8613264355579215,0.5373191837477184
2022,760,0.9156857186824904,0.9157462239669973,0.4088230356402476
2022,761,0.9050892376491362,0.9014904517932,0.4337530267328888
2022,762,0.8927631713752499,0.8703090691330096,0.4610592806599729
2022,763,0.8637575873287597,0.8995026282520463,0.5196859197695343
2022,764,0.9129723789464345,0.8936140129083774,0.41534916664184784
2022,765,0.9237495868070661,0.887617273271675,0.38878176596979946
2022,766,0.8649462430958251,0.8212455918557457,0.5174139366384962
2022,767,0.9205573459903637,0.9003094018231421,0.39683654487274206
2022,768,0.9358485791696596,0.9054577816221973,0.356605409778304
2022,769,0.8651330774663288,0.8648030474416131,0.5170559156317184
2022,770,0.915121799456457,0.861093552465234,0.41018792284868255
2022,771,0.8526854181006904,0.8934143988289309,0.5403904385404025
2022,772,0.9080662225086852,0.8677723068733784,0.42689625025099365
2022,773,0.9104386431859507,0.8771375341007388,0.4213520581061971
2022,774,0.897917940227871,0.8884573158560118,0.4498414803287908
2022,775,0.9312135396144618,0.9058320580211593,0.3692634036771388
2022,776,0.9319245418623251,0.9179419788409078,0.36735002505795555
2022,777,0.9139747198832162,0.8707082972919025,0.4129503467779972
2022,778,0.8813002608431943,0.8487091622862467,0.48507586826655574
2022,779,0.8978339573895681,0.9018813626987826,0.45002648441962395
2022,780,0.9172171016580936,0.8962588994610422,0.40509333818561233
2022,781,0.8992272511547624,0.8742098609355248,0.4469473226403075
2022,782,0.9067613283287076,0.9083854547874112,0.42991522579004127
2022,783,0.8821558113419895,0.840641426575288,0.48332456948066244
2022,784,0.9051334449597616,0.9194058154235147,0.43365199873742916
2022,785,0.9147892040512312,0.9029293366158762,0.41099079821454304
2022,786,0.8948349363654717,0.8804062146516737,0.4565838353568306
2022,787,0.9099105717195972,0.8887484197218712,0.42259241995733854
2022,788,0.9312025459064491,0.9163034799387851,0.3692929110236868
2022,789,0.9150030507571326,0.8898878834253778,0.4104747589105513
2022,790,0.9006310687944677,0.8953273670902923,0.4438232984711761
2022,791,0.8870554617439527,0.8618670570230889,0.47317022110006185
2022,792,0.8968384351929521,0.8756404285048908,0.4522137339913847
2022,793,0.9199882894606204,0.9047175460775835,0.39825530079213783
2022,794,0.9057741010675292,0.8834336948566107,0.4321852413486474
2022,795,0.8934410509243824,0.8932813227759666,0.45959971611452444
2022,796,0.8937343889237372,0.877644886552665,0.4589666816631022
2022,797,0.817327246906185,0.9011411271541688,0.6017577254304044
2022,798,0.8649812492356951,0.8412153170536963,0.5173468750516432
2022,799,0.8887766351600626,0.8837747022423317,0.46955103508560664
2022,800,0.8867778190104776,0.8797907379067138,0.4737514428180147
2022,801,0.894302844135905,0.8811880364628387,0.45773744177934683
2022,802,0.8686550131480523,0.8028727792933663,0.5102600157479679
2022,803,0.8993787337023642,0.9014655000332692,0.44661126858507705
2022,804,0.9002201494524816,0.8967080311397966,0.4447400207324482
2022,805,0.8953434747638129,0.898654268414399,0.455478564360704
2022,806,0.8873134148442261,0.8403336882028082,0.47262957744615636
2022,807,0.9038210021402898,0.8950279459711227,0.43664140043227784
2022,808,0.9319362449841326,0.8947118903453326,0.36731844740138764
2022,809,0.9183930942336013,0.8962173131944908,0.4022057203959597
2022,810,0.9132910944333532,0.8859205535963806,0.41458791617497565
2022,811,0.9009643901185567,0.8546144121365362,0.4430782968168469
2022,812,0.8728622989833614,0.8194823341539691,0.5020210924219431
2022,813,0.9122789985637868,0.8810383259032539,0.417000502129446
2022,814,0.9009358702880345,0.8994028212123231,0.4431420900742791
2022,815,0.9124788114281789,0.8920004657661855,0.41652530482348843
2022,816,0.8656702262071334,0.8925494044846631,0.5160252217338853
2022,817,0.9230557414577025,0.9008250715283787,0.39054663204367734
2022,818,0.8927986452068004,0.9048007186106862,0.4609830153866997
2022,819,0.8895543158678954,0.834187238006521,0.46790659045862437
2022,820,0.9001887983197069,0.8820197617938654,0.4448098845791785
2022,821,0.8574017631808255,0.84226329097079,0.5316696446476703
2022,822,0.9273033133974637,0.91240268813627,0.37961389092808345
2022,823,0.910148300387859,0.9072875773504561,0.4220344815959069
2022,824,0.9094295639757237,0.9102152505156699,0.4237190761362432
2022,825,0.9095183966472702,0.8726794863264358,0.42351123054569745
2022,826,0.8649440385046162,0.8453074056823476,0.5174181597033967
2022,827,0.8775511165813173,0.8815290438485596,0.4926769022013304
2022,828,0.8857394540266704,0.8435524652338814,0.47591888111153774
2022,829,0.9067111532957431,0.8960010646084239,0.43003088653996674
2022,830,0.8299639799096444,0.9254191895668377,0.5805708855079328
2022,831,0.860026691065201,0.8887983232417328,0.5267534662170115
2022,832,0.867874187391092,0.8733282320846365,0.5117744769526278
2022,833,0.835414882970033,0.8766301816488125,0.5711893058689468
2022,834,0.9110549746839819,0.8798822276931269,0.4198997527938715
2022,835,0.8984664348869366,0.8740019296027682,0.44863133637357416
2022,836,0.880851985170898,0.9002678155565907,0.48599096209337966
2022,837,0.907078401075504,0.8770709960742566,0.42918360614023016
2022,838,0.901275579085621,0.8827433628318586,0.44238163043385687
2022,839,0.8774924059957444,0.8587979905516004,0.4927949999831935
2022,840,0.829536825199455,0.8782270942843836,0.5812996664883673
2022,841,0.888062201804887,0.8634057488854883,0.4710566806894593
2022,842,0.9034952253789806,0.8777114245791472,0.43738026948377745
2022,843,0.8664940818232446,0.8969658659924148,0.5144403753095317
2022,844,0.9420380365720872,0.9138083039457052,0.33896615081291787
2022,845,0.8903284174309932,0.9009830993412737,0.46626395440891644
2022,846,0.8731243593575522,0.9005006986492783,0.5015034344098276
2022,847,0.9150895790095723,0.8900542284915832,0.4102657707770534
2022,848,0.8236131326061554,0.8695854680950165,0.591313659007967
2022,849,0.9263170716636028,0.8994194557189436,0.3821802376462858
2022,850,0.9288656162502694,0.8963587065007654,0.3755126520609831
2022,851,0.9196028299936073,0.8995774835318386,0.39921345324476604
2022,852,0.9223578392423751,0.899186572626256,0.3923138080411076
2022,853,0.891892718250734,0.8478608024485995,0.46292673316814403
2022,854,0.9251180483771885,0.9121032670171004,0.38527724948290387
2022,855,0.8349145819343609,0.888490584869253,0.5720567894228744
2022,856,0.8443266448980313,0.8179852285581212,0.5555100625395227
2022,857,0.8931163632710999,0.8781771907645222,0.46029938917511876
2022,858,0.9240145285815976,0.9085684343602372,0.388105742338964
2022,859,0.8547695788047007,0.8731702042717415,0.536554184083899
2022,860,0.8973373162644965,0.8704837314525252,0.45111897413079555
2022,861,0.9131252278754335,0.9057821545012977,0.4149842619459896
2022,862,0.8995348459602952,0.8673398097012444,0.44626467904162237
2022,863,0.9186908216675076,0.8902205735577884,0.4014713640641446
2022,864,0.8936916898333338,0.873843901789873,0.4590588821943564
2022,865,0.9137037114384684,0.8775783485261829,0.413600301237706
2022,866,0.8908771733217085,0.8935890611484465,0.4650959856774189
2022,867,0.8895083852129747,0.8836665779492983,0.46800387367254903
2022,868,0.9059999310719987,0.888864861268215,0.43166702424655695
2022,869,0.9067576758323028,0.8859954088761729,0.42992364637567637
2022,870,0.8953640381654397,0.8752328830926877,0.4554338148873502
2022,871,0.8970531975268995,0.8626156098210128,0.45174277818886205
2022,872,0.8609746660568559,0.9009415130747225,0.5249667060935979
2022,873,0.9145423160003147,0.8932231020027948,0.4115857658117507
2022,874,0.8475639961569703,0.8774120034599775,0.549703579501859
2022,875,0.9114618923016745,0.8897215383591724,0.41893814488859615
2022,876,0.9046914574510116,0.8820613480604167,0.43466102682285884
2022,877,0.9063494281838143,0.8897381728657929,0.43086379679411047
2022,878,0.9026336271942134,0.8578664581808506,0.43932840447419524
2022,879,0.9122760161210173,0.8969908177523457,0.4170075909083103
2022,880,0.8740212158003645,0.8600788475613815,0.49972778130156714
2022,881,0.8928484638165167,0.8609687936655801,0.46087588893419695
2022,882,0.8888832221057138,0.8455901922948967,0.4693259924117509
2022,883,0.8775942965724542,0.8751912968261363,0.49259002652109707
2022,884,0.907461845702664,0.8700013307605298,0.42829716921289823
2022,885,0.9101093982732739,0.8716148779027216,0.42212583355214633
2022,886,0.9101318055282868,0.8824522589659992,0.42207321809213794
2022,887,0.9119205148619015,0.8866607891409942,0.41785169777769315
2022,888,0.8684281289312603,0.8764971055958483,0.5107005350054447
2022,889,0.8911829110623932,0.8920171002728061,0.4644439812284433
2022,890,0.9168175812643378,0.8750831725331029,0.4060696766226971
2022,891,0.9065453077179988,0.8879083771375343,0.43041296357553943
2022,892,0.8865766447823641,0.8598542817220043,0.4741721390197548
2022,893,0.8977660169726954,0.8760063876505424,0.45017609335411973
2022,894,0.9019340431711406,0.8908360503027483,0.44090388182219603
2022,895,0.9158994208482186,0.871190697983898,0.40830460746587954
2022,896,0.8424725191270698,0.87561547674496,0.5588084329528854
2022,897,0.9362131378131224,0.9124525916561317,0.3555907104545887
2022,898,0.924838710373917,0.8861284849291372,0.38599519548849326
2022,899,0.9021969855007365,0.9057405682347464,0.4403123915962725
2022,900,0.8912543688478367,0.8587065007651875,0.4642914611189882
2022,901,0.8978819103548644,0.877270610153703,0.4499208591225155
2022,902,0.9313454318272701,0.9031705369618739,0.36890921816221534
2022,903,0.9120281359365067,0.8986792201743299,0.41759634096130355
2022,904,0.9155193944979425,0.8860536296493448,0.4092260732753059
2022,905,0.9026842177596976,0.8831176392308205,0.439214254385161
2022,906,0.8332483584146974,0.8766967196752946,0.5749364544733353
2022,907,0.8722014370387933,0.9218344533901126,0.5033241544512573
2022,908,0.9118025115113892,0.8721554993678889,0.4181315097930893
2022,909,0.887378081526488,0.8617672499833657,0.47249394562836083
2022,910,0.9072995615464788,0.8843652272273607,0.42867255706681395
2022,911,0.9151120998660185,0.8877586665779494,0.4102113596155374
2022,912,0.9254853887039216,0.9115959145651742,0.3843310811193278
2022,913,0.9035455605129435,0.8656929935458116,0.43726618981245574
2022,914,0.8504966480072242,0.8887983232417328,0.5443901422317737
2022,915,0.9175213017406892,0.8879749151640164,0.4043483603891939
2022,916,0.9269425245888671,0.9113963004857277,0.38055472426462245
2022,917,0.886370682085269,0.8294048173531176,0.4746024625508074
2022,918,0.8830502789003889,0.8809135671035999,0.4814867969436841
2022,919,0.9090905448101199,0.8640711291503096,0.42451135847435845
2022,920,0.9119064297994396,0.8941379998669242,0.41788510641979487
2022,921,0.9176362945064466,0.8841323441346731,0.4040663884661848
2022,922,0.898544632383319,0.8620084503293635,0.44845854324570217
2022,923,0.8872662492777875,0.872280258167543,0.47272847790356637
2022,924,0.8461924104607245,0.8717562712089961,0.5521710974477175
2022,925,0.8867858644363769,0.866017366424912,0.4737346104278956
2022,926,0.8679954874503629,0.8609521591589595,0.5115395019402678
2022,927,0.9090820344958137,0.8684959079113715,0.424531227917717
2022,928,0.8972940025735797,0.8559618071727995,0.45121412831232977
2022,929,0.8780134394583592,0.8679802382061349,0.4917459373644116
2022,930,0.8994436734096721,0.8785597844167944,0.446467126659854
2022,931,0.9206330036181078,0.9063394104730855,0.3966475351796649
2022,932,0.907669613616931,0.8986709029210196,0.4278160897342044
2022,933,0.8740515255227254,0.8429120367289908,0.499667661966559
2022,934,0.9060830701510748,0.8724466032337482,0.4314760864194569
2022,935,0.9040415927591253,0.881354381529044,0.43614038518868137
2022,936,0.8823578773619412,0.8677723068733784,0.48291001626959146
2022,937,0.9271743273908227,0.9073374808703175,0.37995051685801146
2022,938,0.8310056855465094,0.8682380730587532,0.57878975379117
2022,939,0.8760737102117584,0.8838911437886754,0.4956401859378569
2022,940,0.8647446317842458,0.888648612682148,0.5177999962428604
2022,941,0.9181745177401831,0.9072543083372149,0.40274399548046247
2022,942,0.9070684582553196,0.9033368820280793,0.42920656733184065
2022,943,0.9153816004323007,0.8702508483598378,0.4095596761725821
2022,944,0.8920472960982264,0.8591972187104933,0.4625956554895972
2022,945,0.9108475111151223,0.8936223301616876,0.4203891739953604
2022,946,0.9227682318210021,0.8941379998669242,0.3912756092678472
2022,947,0.921857738265926,0.9035697651207667,0.3935752464115314
2022,948,0.8991192314286021,0.8751580278128953,0.44718680304107744
2022,949,0.9344617190647877,0.9158210792467897,0.360439443313784
2022,950,0.8903403673200586,0.8814042850489057,0.46623855150059257
2022,951,0.892425026734227,0.8617090292101939,0.4617856263504031
2022,952,0.9142877487755642,0.9107558719808372,0.4121983399454055
2022,953,0.8770414948947639,0.8411071927606629,0.49370107705264765
2022,954,0.9174842094727896,0.8841240268813629,0.4044392718133505
2022,955,0.855504458668732,0.9028045778162223,0.5351949546222695
2022,956,0.8646830297796537,0.8798406414265755,0.5179178987226889
2022,957,0.9308348738292778,0.9070630115110788,0.37027839636724497
2022,958,0.9113902833583618,0.9176758267349793,0.4191075276279306
2022,959,0.8940239824455799,0.8868271342071996,0.4583408702943843
2022,960,0.9122931774878712,0.8881911637500834,0.4169667994966145
2022,961,0.8744535897732394,0.9005339676625194,0.4988694820246325
2022,962,0.8630319338866572,0.8622246989154304,0.5210680556963333
2022,963,0.9218396062202137,0.8758317253310268,0.39362090614976203
2022,964,0.8499914582239921,0.8433778029143657,0.5453091463688303
2022,965,0.8834441624710042,0.8581908310599509,0.48067529568357026
2022,966,0.8791445511452951,0.8345615144054829,0.4894607882317088
2022,967,0.8947687426032521,0.8705003659591458,0.45672750591855005
2022,968,0.9101706755522587,0.8864861268214786,0.42198193011992124
2022,969,0.8500395700764268,0.8855130081841774,0.545221691558438
2022,970,0.8970864142712006,0.8671817818883494,0.4516698928024405
2022,971,0.8946544845846804,0.8434526581941582,0.45697539149707683
2022,972,0.9193890627184726,0.9033951028012511,0.39974383336117253
2022,973,0.9064055515645171,0.9083022822543085,0.4307346723455216
2022,974,0.8659964841005972,0.841548007186107,0.5153981840815598
2022,975,0.8720708648151925,0.886743961674097,0.5035812128033261
2022,976,0.8948666394455078,0.8630730587530776,0.4565150092445393
2022,977,0.9028097914521284,0.8817203406746957,0.438930787725671
2022,978,0.8861544779574241,0.8741100538958017,0.47505376442382685
2022,979,0.8919383727820831,0.8652272273604367,0.46282897409716334
2022,980,0.91244205172097,0.902488522190432,0.4166127678773551
2022,981,0.9014595210979555,0.8752827866125493,0.44196931854087523
2022,982,0.8778331012486514,0.8591140461773905,0.4921092881739761
2022,983,0.8925777465974449,0.8574339610087166,0.46145772068936664
2022,984,0.8427458928656694,0.9068633974316324,0.5583233433551825
2022,985,0.9292093504604837,0.9124525916561317,0.37460428084683683
2022,986,0.8971735226422693,0.8883325570563579,0.4514787005641705
2022,987,0.9040679802877379,0.8832423980304747,0.4360804141109873
2022,988,0.9181695442458405,0.8822775966464836,0.4027562350328084
2022,989,0.8666417023454882,0.8584070796460179,0.514155882448826
2022,990,0.9031689492010746,0.8726462173131947,0.4381190222872145
2022,991,0.896350627830381,0.8527014438751749,0.45328163670828736
2022,992,0.8954653537376412,0.8875840042584339,0.4552132706703628
2022,993,0.8601855928382569,0.8862282919688604,0.5264543883816414
2022,994,0.9096916913238209,0.8706750282786615,0.4231054717297429
2022,995,0.8747714653771663,0.8801733315589861,0.49823752869946925
2022,996,0.8826886767150626,0.8490501696719677,0.4822305879587703
2022,997,0.9106367687226224,0.8983298955352986,0.42088574749408064
2022,998,0.9150570212641362,0.8808137600638767,0.4103444186520385
2022,999,0.9115814264770292,0.885404883891144,0.4186552478365812
2022,1000,0.8311638493782563,0.8312429303346864,0.5785188422082767
2022,1001,0.8721133992724491,0.8707831525716949,0.5034974893643538
2022,1002,0.9164798548035329,0.8944540554927143,0.4068931773015983
2022,1003,0.9254804174301484,0.897872446603234,0.38434390131072776
2022,1004,0.8495961108476545,0.8491582939650012,0.5460272544182038
2022,1005,0.9012107028679791,0.8895385587863466,0.4425269609062959
2022,1006,0.9095240518416262,0.8860868986625858,0.4234979953926052
2022,1007,0.9129208844607066,0.9043848559451729,0.41547203009914635
2022,1008,0.8880610804194949,0.8768464302348794,0.4710590401907453
2022,1009,0.879179422458986,0.8861368021824474,0.48939016927234785
2022,1010,0.9042024049107047,0.8736110186971856,0.4357747784373749
2022,1011,0.9087615977995254,0.9066471488455655,0.42527869147648417
2022,1012,0.8937978167790518,0.877861135138732,0.4588296871205252
2022,1013,0.8687983748751538,0.853857542085302,0.5099814678913493
2022,1014,0.9086179484394284,0.8869934792734049,0.4256133476262138
2022,1015,0.877530142924916,0.8746257236010382,0.49271909447508083
2022,1016,0.918541468284405,0.8904451393971656,0.4018399177620615
2022,1017,0.8841493049596815,0.8626405615809437,0.47921908904087107
2022,1018,0.8810887156946932,0.8565772839177592,0.48550792383815283
2022,1019,0.9108163629508995,0.9039274070131083,0.420462605526347
2022,1020,0.9050299591906371,0.890702974249784,0.43388846025295946
2022,1021,0.9002325179615236,0.864179253443343,0.4447124553401652
2022,1022,0.9122752588779431,0.8764804710892277,0.4170093907321132
2022,1023,0.8736305281456981,0.8692527779626058,0.500502063820095
2022,1024,0.8915978672324403,0.8948283318916763,0.46355759482099285
2022,1025,0.9078291436258871,0.9058819615410209,0.4274463359973199
2022,1026,0.9256372680860415,0.9014155965134076,0.38393919997932974
2022,1027,0.9111087046811109,0.8882743362831861,0.41977290690979213
2022,1028,0.8993150501318259,0.8591223634307008,0.44675257718943967
2022,1029,0.8783625552332109,0.8588395768181517,0.49104176442025943
2022,1030,0.8992805644522138,0.8818284649677293,0.4468290794236873
2022,1031,0.8927354052858808,0.8726379000598844,0.46111896623996995
2022,1032,0.89164989989636,0.881287843502562,0.463446328414079
2022,1033,0.8839599891801372,0.9219508949364563,0.47961048376624255
2022,1034,0.8810762494887467,0.8810799121698052,0.48553337257156093
2022,1035,0.9169595239581955,0.8815539956084905,0.40572306952503534
2022,1036,0.9131857744837324,0.8679885554594453,0.41483962692544685
2022,1037,0.8887299354706639,0.859596446869386,0.46964960064455064
2022,1038,0.9014989650568299,0.8925826734979042,0.44188085355319856
2022,1039,0.908388824081487,0.8599374542551069,0.42614658874043043
2022,1040,0.9120343161316286,0.9097411670769847,0.4175816722247415
2022,1041,0.8724020312075537,0.921069266085568,0.5029289874881168
2022,1042,0.9048645466061471,0.8927157495508685,0.4342661550861402
2022,1043,0.9153178241368304,0.8769628717812232,0.40971398823269356
2022,1044,0.8490630541696106,0.8854963736775568,0.5469940048045316
2022,1045,0.911131014394597,0.9041602901057957,0.4197202268305766
2022,1046,0.9241429680363737,0.9110137068334555,0.3877775929467995
2022,1047,0.913907324476424,0.8893555792135207,0.4131120754451422
2022,1048,0.888079705899181,0.8799570829729192,0.4710198488817238
2022,1049,0.8719818871786915,0.8407495508683215,0.5037563084826288
2022,1050,0.8953438758291956,0.8712406015037596,0.4554776916159818
2022,1051,0.9117927868489434,0.8915346995808107,0.4181545607652985
2022,1052,0.9179791199335278,0.884248785681017,0.40322458151831186
2022,1053,0.9020667010517736,0.8899045179319983,0.44060556643295523
2022,1054,0.8185825420945165,0.8692527779626058,0.5996865742639756
2022,1055,0.886626944517877,0.879233481934926,0.4740669870517778
2022,1056,0.9113390326836797,0.8749500964801386,0.4192287132010099
2022,1057,0.9076275813542437,0.9029376538691865,0.4279134576371565
2022,1058,0.8397841582260833,0.8844483997604633,0.5635565676419428
2022,1059,0.9019254706629299,0.8791253576418926,0.44092315237067314
2022,1060,0.8945556526475044,0.8699015237208065,0.45718970140460574
2022,1061,0.9177827432717678,0.9086848759065809,0.40370699866488485
2022,1062,0.8966581158716598,0.8631645485394905,0.45260878069321986
2022,1063,0.9104201731037395,0.8875174662319517,0.42139550321596986
2022,1064,0.9007282044813479,0.9032952957615279,0.4436063210863547
2022,1065,0.9057835163416117,0.8861950229556192,0.4321636483248463
2022,1066,0.9235687597425418,0.8986043648945373,0.389242488945676
2022,1067,0.8980032811435383,0.8915263823275004,0.4496534065830562
2022,1068,0.871344888910159,0.7844084769445739,0.5050080599034755
2022,1069,0.9079129051861711,0.8884822676159427,0.42725206792063336
2022,1070,0.8956326595959085,0.8768796992481205,0.4548488443906476
2022,1071,0.8747032695040327,0.8499817020427176,0.4983731731787118
2022,1072,0.8909396058890139,0.8955103466631181,0.4649629186933421
2022,1073,0.8880444428021576,0.8658759731186375,0.4710940459281959
2022,1074,0.9124888290864215,0.8802565040920888,0.4165014664385954
2022,1075,0.8901826098764165,0.8679053829263426,0.4665737986916024
2022,1076,0.9125155097875667,0.8814375540621467,0.4164379694120252
2022,1077,0.9172432538810603,0.9101154434759466,0.4050293459338871
2022,1078,0.9142893030412559,0.8906863397431634,0.4121946026229511
2022,1079,0.8914918267155301,0.8557455585867325,0.46378426873573075
2022,1080,0.8594660331161665,0.8624409475014972,0.5278073577738047
2022,1081,0.9046705134900066,0.8994527247321846,0.43470878237175936
2022,1082,0.9220071095957588,0.9071378667908712,0.39319890089951065
2022,1083,0.8982800423992103,0.900367622596314,0.4490429400065291
2022,1084,0.8634405634974924,0.8592554394836651,0.5202901996270727
2022,1085,0.9091754348351457,0.8732450595515339,0.4243131106883357
2022,1086,0.9264915494246514,0.9029459711224967,0.381727476908905
2022,1087,0.8824000493491017,0.8768713819948102,0.48282345246065717
2022,1088,0.926005231700244,0.9191812495841375,0.3829881129783314
2022,1089,0.8665570561647993,0.8851054627719744,0.5143190310066493
2022,1090,0.9110877286538144,0.9003010845698319,0.41982243171723177
2022,1091,0.8880589549551419,0.8480770510346666,0.47106351233702437
2022,1092,0.8637417681070878,0.8718643955020295,0.5197160894794631
2022,1093,0.9001031561768452,0.8527014438751749,0.44500067630839174
2022,1094,0.9100895184720649,0.8808802980903588,0.42217250869712375
2022,1095,0.9038841565294449,0.8642790604830662,0.4364980201214545
2022,1096,0.9079921534093022,0.882443941712689,0.4270681862649255
2022,1097,0.9153256993658982,0.895102801250915,0.40969493660526213
2022,1098,0.9086331977655647,0.869352585002329,0.42557783415598305
2022,1099,0.900949927251315,0.8685790804444742,0.443110648557052
2022,1100,0.896583415054555,0.8702175793465968,0.45277233556883345
2022,1101,0.9009206159404693,0.8811048639297361,0.4431762072833768
2022,1102,0.9166868682759761,0.8883408743096681,0.40638860065824617
2022,1103,0.9124296031793423,0.8861118504225167,0.41664238276190424
2022,1104,0.8744462116430372,0.8970823075387585,0.4988841406274159
2022,1105,0.9175545568251843,0.9074955086832126,0.4042668363420459
2022,1106,0.8790957700231784,0.878701177723069,0.4895595592754223
2022,1107,0.8445063804699205,0.8701427240668044,0.5551892826770423
2022,1108,0.9029198744288539,0.8932813227759666,0.438682138719252
2022,1109,0.9076076791078939,0.9148562778627989,0.4279595535416139
2022,1110,0.9178205133756548,0.882011444540555,0.40361425775193976
2022,1111,0.8825020376336007,0.8573175194623729,0.48261404328864094
2022,1112,0.9193442346794736,0.9031954887218047,0.3998549674215167
2022,1113,0.8947187071807399,0.8645784816022358,0.4568360755510715
2022,1114,0.8944607767354832,0.842604298356511,0.4573953384926369
2022,1115,0.8778202688113436,0.8625657063011513,0.49213513312801555
2022,1116,0.8845311168388794,0.872064009581476,0.4784287504688036
2022,1117,0.8424325959490837,0.8898795661720675,0.5588792396308101
2022,1118,0.9019609082516641,0.8711407944640364,0.440843485074901
2022,1119,0.8666385819685775,0.8395934526581944,0.5141618976379353
2022,1120,0.9006437388673771,0.8870350655399563,0.44379500264096255
2022,1121,0.8817914175044145,0.8487673830594186,0.48407125269981205
2022,1122,0.920196782234109,0.9074871914299024,0.3977360798313894
2022,1123,0.8811948185787803,0.8752827866125493,0.485291269516166
2022,1124,0.9053177206316937,0.8895136070264158,0.43323061547104663
2022,1125,0.8838348168906877,0.8649943442677492,0.4798690918142539
2022,1126,0.8807913847142582,0.866391642823874,0.4861145375066212
2022,1127,0.9031955236627411,0.8895801450528978,0.438058899134611
2022,1128,0.9031859636831259,0.888898130281456,0.43808052897507094
2022,1129,0.9263694444841833,0.9107309202209065,0.382044389251808
2022,1130,0.8893075620293244,0.8667659192228361,0.468428989012401
2022,1131,0.9192638967491717,0.9000598842238341,0.40005405749972783
2022,1132,0.8879455792840505,0.8720057888083041,0.4713020022750085
2022,1133,0.9289345745366756,0.9145485394903189,0.37533059532324875
2022,1134,0.8940916016066532,0.8643788675227895,0.45819462225060875
2022,1135,0.8581211009687759,0.9031039989353918,0.5303269435981389
2022,1136,0.9144583671616692,0.8783684875906582,0.4117878755815701
2022,1137,0.9089656443568461,0.8891975514006256,0.4248028763471361
2022,1138,0.9254996515084629,0.9100738572093953,0.3842942970488694
2022,1139,0.8819383501058398,0.8533751413933065,0.48377031023465084
2022,1140,0.9041210771115606,0.896999135005656,0.43595971567377456
2022,1141,0.8696407022249126,0.8729290039257437,0.5083417662771431
2022,1142,0.9025404550146033,0.8859787743695524,0.4395385560698144
2022,1143,0.9166762622538185,0.9040272140528315,0.4064144671047977
2022,1144,0.9124128337563582,0.8949780424512611,0.41668227362768556
2022,1145,0.8955922394515087,0.9127021092554397,0.4549369144524577
2022,1146,0.8299603128342199,0.8754491316787546,0.5805771459042506
2022,1147,0.9185918062812604,0.9012409341938921,0.4017157383664581
2022,1148,0.9004632761215174,0.9079113713487259,0.4441978566246277
2022,1149,0.9283307756589347,0.9175677024419457,0.3769216985467754
2022,1150,0.8869458764843079,0.8581741965533304,0.47339971387090285
2022,1151,0.8936951783607604,0.8645036263224435,0.4590513500802817
2022,1152,0.8973112027814485,0.8634390178987292,0.45117634423956227
2022,1153,0.9165641841369602,0.8926159425111454,0.4066877077344581
2022,1154,0.9129614096392994,0.9058403752744696,0.41537534194667447
2022,1155,0.9117433337765369,0.879732517133542,0.41827176280262524
2022,1156,0.9016268572233945,0.8791419921485131,0.4415938948648893
2022,1157,0.9094347084709186,0.8827599973384791,0.4237070421227073
2022,1158,0.8771360196036471,0.8874758799654003,0.49351127349724916
2022,1159,0.908659605547649,0.8696603233748088,0.4255163272485581
2022,1160,0.8814374526198397,0.8769711890345334,0.48479546470062995
2022,1161,0.9047515070323021,0.8929319981369355,0.4345240751679585
2022,1162,0.8901328423563707,0.8866358373810634,0.4666795086829282
2022,1163,0.8890118050411798,0.8911188369152973,0.4690543647451857
2022,1164,0.8975858992493099,0.8767549404484665,0.45057248312567927
2022,1165,0.8871991157817534,0.8811464501962875,0.47286921300674917
2022,1166,0.873619611403498,0.8964252445272475,0.5005236819131524
2022,1167,0.9260703268882801,0.9009914165945839,0.3828196134393493
2022,1168,0.9053087888279379,0.886935258500233,0.43325104928194963
2022,1169,0.9292736114376334,0.9176425577217381,0.37443421670154936
2022,1170,0.9140866557061311,0.8828265353649613,0.4126815944808358
2022,1171,0.8309206312064629,0.8844317652538427,0.5789353870573034
2022,1172,0.9141757682968176,0.8959761128484931,0.41246751442491264
2022,1173,0.8941535779419818,0.8771874376206004,0.45806053760939763
2022,1174,0.8745507511728888,0.8856544014904519,0.4986764050634613
2022,1175,0.9196938723214071,0.9040604830660725,0.3989873531387217
2022,1176,0.913261587665793,0.8810466431565642,0.41465845165600523
2022,1177,0.905986491654232,0.8497155499367891,0.4316978813842052
2022,1178,0.8583314311453056,0.8757319182913037,0.5299337028450594
2022,1179,0.9209981891458991,0.8879582806573959,0.3957339504884473
2022,1180,0.9020159194646193,0.8632310865659727,0.44071978575605253
2022,1181,0.9033491137281274,0.9026798190165681,0.43771124887131946
2022,1182,0.8992301954469514,0.90928371814492,0.4469407933298616
2022,1183,0.9164318193788897,0.8927989220839712,0.4070101698967345
2022,1184,0.882652985886966,0.8357342471222305,0.48230393936104543
2022,1185,0.8904229857883738,0.8651523720806443,0.46606288442925314
2022,1186,0.8981031738774032,0.8868188169538893,0.4494331636595218
2022,1187,0.8951033443414482,0.8807222702774637,0.45600080410109484
2022,1188,0.9100444820063353,0.876397298556125,0.4222782292819434
2022,1189,0.8927924640715053,0.8834586466165415,0.46099630513159234
2022,1190,0.8740321706518756,0.838928072393373,0.49970605318801414
2022,1191,0.9178118414187667,0.8954271741300155,0.4036355528053293
2022,1192,0.9066935019497204,0.852643223102003,0.43007156806419006
2022,1193,0.9008567283900181,0.8527596646483467,0.4433190668693099
2022,1194,0.9001462916048885,0.8681715350322712,0.4449045903536436
2022,1195,0.9085855504077791,0.905075187969925,0.425688788112163
2022,1196,0.9286097357725729,0.9144653669572163,0.37618743194749876
2022,1197,0.9028679351339234,0.8755822077317189,0.4387994737253028
2022,1198,0.9257396719506383,0.9053662918357844,0.3836747502890353
2022,1199,0.9270788264928891,0.8829346596579947,0.38019956177664993
2022,1200,0.8832155564301666,0.9046759598110322,0.4811464494699574
2022,1201,0.896566059756385,0.8426957881429239,0.4528103259416447
2022,1202,0.9036597716133201,0.861093552465234,0.4370072310474448
2022,1203,0.9347842044708545,0.9027629915496709,0.35955156680303557
2022,1204,0.8927445541303731,0.878609687936656,0.46109930087095663
2022,1205,0.9342243371231012,0.9020976112848494,0.361091615423879
2022,1206,0.8914966016858663,0.9191729323308273,0.46377406406440363
2022,1207,0.8963979403241846,0.8794164615077519,0.4531781708981658
2022,1208,0.9137470786456175,0.9114545212588996,0.41349636314097354
2022,1209,0.9285925441643875,0.9054161953556459,0.37623272438129823
2022,1210,0.8971143498474035,0.8618587397697786,0.45160858644044827
2022,1211,0.8922526026307072,0.8417725730254842,0.46215555947843806
2022,1212,0.9018794502086788,0.8823441346729658,0.4410265895427178
2022,1213,0.9055565205141618,0.8836499434426778,0.4326839411892678
2022,1214,0.9183386789907646,0.9268996606560651,0.4023397928409059
2022,1215,0.91030922651117685,0.8797158826269215,0.4216563762819897
2022,1216,0.8554961304917014,0.8949614079446405,0.5352103777075239
2022,1217,0.9033339271142284,0.9034865925876641,0.4377456359881415
2022,1218,0.8955311158618194,0.8676974515935859,0.4550700621634603
2022,1219,0.9198357712183934,0.9149228158892809,0.398634697004129
2022,1220,0.914320554329876,0.8825021624858609,0.4121194498860801
2022,1221,0.8810822339101426,0.8544730188302616,0.48552115603430246
2022,1222,0.8811773305119761,0.8608024485993747,0.48532698552513437
2022,1223,0.8246303143663157,0.8370067868787013,0.5896062101318674
2022,1224,0.8363209215242468,0.875773504557855,0.569614941966262
2022,1225,0.8224092882785666,0.8741682746689735,0.5933280922097981
2022,1226,0.9129155314965558,0.8956184709561517,0.41548479993891285
2022,1227,0.9106525055380454,0.8931898329895537,0.42084868698917416
2022,1228,0.8993390615130863,0.8714485328365162,0.4466993031593901
2022,1229,0.8497581233930246,0.8730454454720874,0.5457330894818638
2022,1230,0.8907744529972985,0.8792667509481671,0.46531483802177465
2022,1231,0.8678567650150064,0.8796327100938188,0.5118082176476537
2022,1232,0.891994871015775,0.8707665180650743,0.46270796704313294
2022,1233,0.9055285519454309,0.8974233149244795,0.43274800413361064
2022,1234,0.9026395866734587,0.8708580078514874,0.43931495933653414
2022,1235,0.8248838943852583,0.8583987623927076,0.5891797782766368
2022,1236,0.8309546769340109,0.8927157495508685,0.5788770970692667
2022,1237,0.9016400394712525,0.8883907778295298,0.4415643065289013
2022,1238,0.9239278605103699,0.9049088429037196,0.3883270135218151
2022,1239,0.9126577789509205,0.8846979173597713,0.4160992214359349
2022,1240,0.9007530961216358,0.87468394437421,0.4435507021606437
2022,1241,0.9267338285491958,0.9051916295162687,0.38109788310124315
2022,1242,0.9268342691349122,0.8768464302348794,0.3808365699907223
2022,1243,0.9268736520804832,0.9061564309002597,0.38073405967215335
2022,1244,0.9205226152011986,0.903578082374077,0.39692328001848387
2022,1245,0.894162077904779,0.8642624259764458,0.4580421450382416
2022,1246,0.9145277579830288,0.8501979506287846,0.41162082186084037
2022,1247,0.8963458978874711,0.8702175793465968,0.45329197913371394
2022,1248,0.9024566153054044,0.8869518930068536,0.4397275722554534
2022,1249,0.8666548061277446,0.881728657928006,0.514130621357616
2022,1250,0.925655484466891,0.9052831193026817,0.3838921709710784
2022,1251,0.9009264366452768,0.8985378268680553,0.4431631892585249
2022,1252,0.9021522351637646,0.8805559252112584,0.44041311382134435
2022,1253,0.9068866505331549,0.8715899261427907,0.42962620386717687
2022,1254,0.9225056085123372,0.9058071062612285,0.39194030262924096
2022,1255,0.9189100050452292,0.8789506953223769,0.4009298801036156
2022,1256,0.8924135949323345,0.8735444806707034,0.46181016226891514
2022,1257,0.9190349711445702,0.8873677556723669,0.40062082865296184
2022,1258,0.8628088804128623,0.8612349457715086,0.52149216462537
2022,1259,0.9128504526712807,0.8936223301616876,0.41564001827688946
2022,1260,0.8762102239265551,0.8673730787144855,0.4953671190731833
2022,1261,0.9242799260410894,0.898121964202542,0.38742737334584665
2022,1262,0.9035116363032797,0.8817120234213854,0.43734307899398783
2022,1263,0.8940185282109977,0.8973567768979974,0.4583526647858099
2022,1264,0.8915033680875292,0.923497904052166,0.4637596030863506
2022,1265,0.9073183483597077,0.893572426641826,0.4286291171464129
2022,1266,0.8990954653604145,0.8953939051167744,0.44723947535084485
2022,1267,0.8955373684581308,0.8598542817220043,0.45505644369710135
2022,1268,0.9131393032797367,0.8794913167875442,0.4149506428196622
2022,1269,0.8651244558617124,0.8839826335750883,0.5170724422208333
2022,1270,0.8435157970769295,0.8325154700911572,0.5569549119417097
2022,1271,0.8591588174779105,0.8849973384789409,0.5283839520195075
2022,1272,0.9140108327988393,0.8812628917426312,0.4128636605944747
2022,1273,0.9032075455924827,0.9052248985295098,0.4380316975163565
2022,1274,0.9196466393115096,0.8910107126222638,0.3991046704837763
2022,1275,0.9172971034987201,0.8910023953689535,0.40489754867483774
2022,1276,0.9190108313228623,0.8881163084702909,0.4006805469953855
2022,1277,0.9031367762198123,0.8758234080777166,0.43819180072102326
2022,1278,0.8990606395705579,0.8751330760529644,0.4473166479197394
2022,1279,0.9257236776681127,0.9211690731252913,0.3837160662387724
2022,1280,0.9236960130075372,0.9099490984097414,0.38891832168311496
2022,1281,0.9146533310988959,0.9075204604431435,0.41131834057173267
2022,1282,0.9212343188224013,0.9120200944839978,0.395142100392373
2022,1283,0.9286851574822336,0.8943459311996808,0.3759886639693384
2022,1284,0.8551052744449172,0.8777862798589395,0.5359337110998548
2022,1285,0.9193836713562805,0.9024469359238806,0.39975720082611166
2022,1286,0.8793891680397681,0.862058353849225,0.48896519194112004
2022,1287,0.9062151140965203,0.8942461241599576,0.43117265952509365
2022,1288,0.8040259483992676,0.8858041120500368,0.6232812654945563
2022,1289,0.9009237575639538,0.8925078182181119,0.4431691810799397
2022,1290,0.8809569281665438,0.9006337747022425,0.48577688977895184
2022,1291,0.8915398787935828,0.8675394237806908,0.46368156557047774
2022,1292,0.9081217734291002,0.891019029875574,0.4267672548821665
2022,1293,0.9102295346607968,0.9071545012974916,0.42184365929191264
2022,1294,0.902055387829436,0.876364029542884,0.44063101500275326
2022,1295,0.913723645962098,0.8942128551467166,0.41355252744976545
2022,1296,0.8955331568200625,0.8919172932330829,0.455065616899501
2022,1297,0.913922528500026,0.9011078581409276,0.4130755959012253
2022,1298,0.9287348882075545,0.9021391975514008,0.3758575450521586
2022,1299,0.9121323278748011,0.8898379799055162,0.4173489717404184
2022,1300,0.9057160491249617,0.8655349657329166,0.43231835405949826
2022,1301,0.8840984812681912,0.862399361234946,0.47932419420448674
2022,1302,0.9164019194498807,0.8891892341473154,0.40708297563900037
2022,1303,0.9304616306473661,0.8841489786412937,0.37127613861667175
2022,1304,0.8977110005542479,0.8799238139596782,0.4502972064343207
2022,1305,0.9310112368257476,0.8994360902255641,0.36980601170387123
2022,1306,0.9266883227445043,0.8944374209860938,0.38121621516032095
2022,1307,0.901105083807216,0.8678305276465502,0.442763458165396
2022,1308,0.90903103945245,0.8559867589327302,0.42465026904137443
2022,1309,0.9080610656500022,0.8940880963470625,0.42690822306895154
2022,1310,0.9144031647083161,0.9053829263424049,0.4119207233778332
2022,1311,0.8883565240179008,0.8739437088295963,0.4704369896583941
2022,1312,0.9049841594357343,0.9258267349790407,0.43399307003148985
2022,1313,0.885647528972952,0.8557122895734914,0.4761102860827453
2022,1314,0.9153997026545023,0.8811464501962875,0.4095158657433186
2022,1315,0.9030163343170426,0.8821112515802783,0.43846414483920926
2022,1316,0.9072477674315038,0.8662169805043584,0.42879229552564285
2022,1317,0.9034421808882781,0.8727127553396768,0.437500457456405
2022,1318,0.8820483107423499,0.8511128484929139,0.48354496998465923
2022,1319,0.8964177077972664,0.9122363430700647,0.4531349352005696
2022,1320,0.8444928624093093,0.8928987291236944,0.5552134152404481
2022,1321,0.9008168178234557,0.8694024885221906,0.44340828792580117
2022,1322,0.9135542043927283,0.8739353915762861,0.4139584244015316
2022,1323,0.9114294284978757,0.8836915297092289,0.41901494277614687
2022,1324,0.9197970313818593,0.8955020294098078,0.39873100665463657
2022,1325,0.9107901185873237,0.8906198017166812,0.4205244664358377
2022,1326,0.8329568833441672,0.8821445205935194,0.5754387178254727
2022,1327,0.9024535910958349,0.8911853749417794,0.4397343888019003
2022,1328,0.9109422668375077,0.8984879233481936,0.4201657092864219
2022,1329,0.9116762094860632,0.905357974582474,0.41843079248356224
2022,1330,0.9238278411804693,0.902704770776499,0.38858221502912954
2022,1331,0.9195297752135007,0.8923913766717682,0.39939478940875844
2022,1332,0.9039357632225342,0.8975563909774438,0.4363808217332281
2022,1333,0.8772947011611788,0.8802066005722272,0.4931924801504532
2022,1334,0.8844582604003991,0.8605778827599975,0.47857966176762634
2022,1335,0.9157248670220998,0.8926907977909377,0.4087281133979598
2022,1336,0.9007853972193401,0.8716398296626524,0.44347851683326917
2022,1337,0.8969175576773982,0.8850888282653538,0.45204028209828157
2022,1338,0.9174167502995255,0.8851969525583873,0.4046045587530784
2022,1339,0.8959623261921087,0.8735777496839446,0.45412990746935106
2022,1340,0.8942458158784997,0.8759148978641296,0.4578609098534443
2022,1341,0.9138267523029923,0.8990867655865329,0.41330534132683183
2022,1342,0.8883468361062679,0.8988538824938455,0.4704574004037507
2022,1343,0.9133855819898418,0.8885737574023557,0.41436196431557804
2022,1344,0.8787928814799473,0.900151374010247,0.490172396514979
2022,1345,0.9395046941333064,0.9020560250182982,0.346294525447944
2022,1346,0.9071788156871502,0.8880830394570499,0.4289516473986354
2022,1347,0.8965671621979033,0.8773121964202544,0.45280791281577704
2022,1348,0.8888418950210495,0.8652189101071264,0.46941326128453065
2022,1349,0.8927211321879776,0.8700761860403222,0.4611496444765233
2022,1350,0.768257178153031,0.8250548938718479,0.6777787255656454
2022,1351,0.886027173019722,0.8673564442078651,0.4753192987707457
2022,1352,0.9006201781190799,0.8668823607691798,0.4438476189654427
2022,1353,0.8898180936430374,0.9045428837580679,0.4673475050511308
2022,1354,0.8966841092607609,0.8768381129815692,0.452551855197154
2022,1355,0.9043576313101948,0.899278062412669,0.43542157972827383
2022,1356,0.9001860354941014,0.8814625058220775,0.44481604082023013
2022,1357,0.9140406509791126,0.8976062944973053,0.41279207070185553
2022,1358,0.9163656111166468,0.8899461041985497,0.4071713682176162
2022,1359,0.920756695797109,0.903079047175461,0.3963383302788253
2022,1360,0.9057226654117924,0.8772123893805311,0.43230318502813864
2022,1361,0.9006937601886947,0.861060283451993,0.4436832733601505
2022,1362,0.894472266954146,0.8633891143788678,0.45737043914552744
2022,1363,0.914257008297484,0.893979972054029,0.41227225025539954
2022,1364,0.8592796439546817,0.8734945771508419,0.5281572552942191
2022,1365,0.9012045949575709,0.8668574090092489,0.44254064089659506
2022,1366,0.91885415228719,0.8694690265486728,0.40106793156719367
2022,1367,0.8937305552930004,0.8789922815889283,0.45897496041335556
2022,1368,0.9211576477900165,0.9047757668507553,0.39533437057488874
2022,1369,0.9190050996221716,0.9116957216048973,0.40069472506619297
2022,1370,0.896712015625442,0.8662585667709097,0.45249073231501796
2022,1371,0.8314026621453604,0.8711491117173467,0.5781095501982603
2022,1372,0.8916281458956193,0.8575504025550603,0.46349285031746673
2022,1373,0.9034765843401056,0.8706001729988689,0.4374225100307023
2022,1374,0.9218999732722648,0.9118287976578617,0.3934688705570714
2022,1375,0.8734124756716465,0.9179586133475284,0.5009336897239514
2022,1376,0.9035689513146957,0.8667659192228361,0.4372131667117185
2022,1377,0.889709567323775,0.8688369152970925,0.46757761098691814
2022,1378,0.9141694610072636,0.9035281788542153,0.4124826704257152
2022,1379,0.864401137873239,0.8971155765519997,0.5184570805697147
2022,1380,0.9192267672305865,0.8998935391576288,0.4001460368409823
2022,1381,0.9151983159364458,0.9103483265686342,0.4100029918975243
2022,1382,0.9061519306425015,0.8639713221105865,0.43131787690606793
2022,1383,0.9119735653839111,0.8986126821478477,0.4177258421967363
2022,1384,0.9070027560614582,0.8661338079712558,0.42935826410797917
2022,1385,0.909602618223757,0.9062479206866727,0.4233140794879487
2022,1386,0.8923171923961797,0.8752994211191698,0.4620170178765842
2022,1387,0.8967319515128062,0.8631312795262495,0.4524470619904802
2022,1388,0.9127101260138736,0.886868720473751,0.4159745117797185
2022,1389,0.9082253461804538,0.8865193958347197,0.4265266433448139
2022,1390,0.9078191015596482,0.8964169272739373,0.4274696206215418
2022,1391,0.9106903632947592,0.8903370151041321,0.42075951786724247
2022,1392,0.8246845386584531,0.8939217512808572,0.5895150499892042
2022,1393,0.9214569923571405,0.9025467429636038,0.3945831643108042
2022,1394,0.9087311726789421,0.872563044780092,0.42534959406047074
2022,1395,0.8747942942479796,0.8675227892740703,0.4981921128578218
2022,1396,0.9221142542471542,0.9068134939117707,0.39292872474700247
2022,1397,0.884731391478862,0.88247721072593,0.47801366578694143
2022,1398,0.875003069142662,0.8636552664847962,0.4977765830724208
2022,1399,0.9020158193571425,0.871689733182514,0.440720010891269
2022,1400,0.8830955379003939,0.8658842903719477,0.4813936213488142
2022,1401,0.9089710199922397,0.9063893139929472,0.42479033372477115
2022,1402,0.8548560586289142,0.868728791004059,0.5363944103231028
2022,1403,0.8914099778388133,0.8735527979240137,0.46395915448181974
2022,1404,0.931004636870046,0.8868853549803715,0.369823700417308
2022,1405,0.8873312145103522,0.8748586066937257,0.4725922483314957
2022,1406,0.903449608734546,0.8734280391243597,0.43748362946324465
2022,1407,0.9188358268481325,0.895660057222703,0.40111321626898466
2022,1408,0.9182604878261419,0.8738189500299424,0.4025323680377638
2022,1409,0.8410773718930501,0.8396350389247457,0.5612775305817086
2022,1410,0.8325641686501188,0.8753160556257903,0.5761147426148477
2022,1411,0.8962135803228307,0.8664581808503561,0.45358120725228585
2022,1412,0.9069248694251533,0.8510962139862933,0.42953802358567916
2022,1413,0.8895902852524395,0.8439017898729125,0.4678303915435606
2022,1414,0.8660978848999644,0.8813876505422852,0.5152031456234015
2022,1415,0.9227048784986887,0.9022972253642959,0.3914360583221879
2022,1416,0.899275672744179,0.8614927806241268,0.44683993001497535
2022,1417,0.8670933550904764,0.896658127619935,0.5132844823493589
2022,1418,0.9106125802921164,0.9070962805243198,0.4209427053541239
2022,1419,0.8975517086744883,0.8687204737507487,0.4506476878413628
2022,1420,0.89303511779924,0.8331808503559787,0.4604742996582495
2022,1421,0.8977905818905589,0.8811464501962875,0.4501220056486425
2022,1422,0.9192670652750982,0.9169605429502963,0.40004620726892
2022,1423,0.9149628935781758,0.9089260762525786,0.41057171275437315
2022,1424,0.9119363295212058,0.881944906514073,0.4178141834865889
2022,1425,0.8225288324043999,0.8633641626189369,0.5931283609631967
2022,1426,0.8993307398173719,0.8738355845365628,0.4467177672175853
2022,1427,0.9191106543822654,0.8740684676292503,0.4004335418037902
2022,1428,0.9187372287525983,0.9034200545611819,0.401356778138456
2022,1429,0.9085314205531682,0.8694108057755009,0.42581480244714376
2022,1430,0.8808638664496344,0.8868853549803715,0.48596673030887266
2022,1431,0.8276016858095834,0.8268431033335553,0.5845898825540362
2022,1432,0.896341559300374,0.88465633109322,0.45330146561863577
2022,1433,0.9136228860025886,0.8945039590125758,0.4137939457229803
2022,1434,0.8951894742070994,0.8720224233149246,0.45581355621783
2022,1435,0.8364996391019159,0.8684044181249586,0.5693038820338902
2022,1436,0.9183445580216268,0.8911604231818486,0.4023253097869721
2022,1437,0.889188135581765,0.8825437487524123,0.4686816157050161
2022,1438,0.8794029826912574,0.8893805309734515,0.4889371883321452
2022,1439,0.9217253092804395,0.8894969725197952,0.39390860447954457
2022,1440,0.9035746039576219,0.8668906780224901,0.43720035213505326
2022,1441,0.8965660334700057,0.8550469093086701,0.45281038347954367
2022,1442,0.9061329055888023,0.884905848692528,0.4313615934683371
2022,1443,0.8577431418376589,0.8498403087364431,0.5310328575768494
2022,1444,0.9118801462514202,0.8902704770776501,0.4179474417531235
2022,1445,0.9163002858999284,0.8855961807172801,0.4073303540507572
2022,1446,0.9114424407558982,0.8995608490252182,0.418984162062367
2022,1447,0.9120593640240008,0.876929602767982,0.41752221559911584
2022,1448,0.920829039849924,0.8772373411404619,0.3961573732347942
2022,1449,0.9050664896780243,0.8720806440880966,0.43380500403200556
2022,1450,0.7945065083369017,0.8665330361301486,0.6382397123153712
2022,1451,0.9058371150826152,0.864179253443343,0.43204070421861757
2022,1452,0.9039571025556219,0.8973983631645488,0.4363323510785165
2022,1453,0.8951320411770556,0.9029376538691865,0.45593842520479155
2022,1454,0.8975205139956436,0.8988039789739838,0.4507162919134917
2022,1455,0.9229478412302444,0.8890811098542819,0.39082037116434576
2022,1456,0.863741176862227,0.8448416394969727,0.5197172170411877
2022,1457,0.8710964303819311,0.8603200479073793,0.5054954600467281
2022,1458,0.9143108930364053,0.8888814957748354,0.4121426847161072
2022,1459,0.8932391273012973,0.867730720606827,0.46003496870269184
2022,1460,0.87843129684573,0.8455319715217249,0.49090299229647405
2022,1461,0.8697236566827843,0.8522523121964204,0.5081799982747417
2022,1462,0.8796207444395076,0.8274752145851356,0.4884955525159651
2022,1463,0.8762616446211382,0.8589892873777366,0.495264223794216
2022,1464,0.9065175923892729,0.8876006387650544,0.4304767814116573
2022,1465,0.8885225066424471,0.8537161487790274,0.470087155467288
2022,1466,0.9163938596975975,0.8867273271674764,0.4071025987502249
2022,1467,0.9238411603358999,0.906231286180052,0.3885482405871221
2022,1468,0.9080074682160765,0.8922998868853551,0.4270326418022288
2022,1469,0.9247546115014217,0.8905199946769581,0.38621108245307034
2022,1470,0.8854103173515235,0.8781189699913503,0.4766038494608215
2022,1471,0.8901311383223426,0.87561547674496,0.46668312775661974
2022,1472,0.8383323587572641,0.8771042650874977,0.5661041496970178
2022,1473,0.9210808900916772,0.8893306274535899,0.39552676446883916
2022,1474,0.9017929825604986,0.8567519462372748,0.4412208716495498
2022,1475,0.9082819780786776,0.8899377869452394,0.42639502344777414
2022,1476,0.8895000891844514,0.8752911038658595,0.46802144288183345
2022,1477,0.8968924816265693,0.8783352185774171,0.4520952608878394
2022,1478,0.893257897059533,0.8829512941646153,0.4599945272727981
2022,1479,0.9010535686871425,0.8618836915297095,0.44287876259162745
2022,1480,0.9076059522515143,0.8795994410805777,0.42796355290663196
2022,1481,0.8947926836640077,0.8883159225497373,0.4566755481484169
2022,1482,0.915282859054047,0.8891809168940051,0.4097985645022235
2022,1483,0.8930223282842865,0.873685873976978,0.46050182769731046
2022,1484,0.8941662416522951,0.8723218444340942,0.4580331350796001
2022,1485,0.9003374755951457,0.8744926475480739,0.44447847003501434
2022,1486,0.8322966869057701,0.8981053296959214,0.5765747357946781
2022,1487,0.8911713040813599,0.8736941912302884,0.46446875053990627
2022,1488,0.9100904228999368,0.8939300685341675,0.4221703853320993
2022,1489,0.8891219492189426,0.8752911038658595,0.46882156326843455
2022,1490,0.9129580711264842,0.8738522190431833,0.41538330808329876
2022,1491,0.8992563824766238,0.8670237540754543,0.4468827163476264
2022,1492,0.8911435486898984,0.8730703972320183,0.46452797522340494
2022,1493,0.857061306304124,0.8869518930068536,0.5323039535901976
2022,1494,0.8958590974146676,0.8673231751946239,0.45435515112629044
2022,1495,0.9057535621407156,0.8709245458779694,0.43223234165479424
2022,1496,0.897742695017088,0.8775533967662521,0.45022743825850553
2022,1497,0.8946083339726766,0.8812462572360106,0.45707547826690836
2022,1498,0.8403053978152268,0.8902122563044782,0.5626390950098764
2022,1499,0.889729807368487,0.8583571761261563,0.46753470506229794
2022,1500,0.9070851993367602,0.9029376538691865,0.4291679060463719
2022,1501,0.9169334925049231,0.9010330028611353,0.40578665739237113
2022,1502,0.903700998808091,0.9085102135870653,0.43691371606196594
2022,1503,0.8816845992161593,0.8985544613746759,0.48428991696885526
2022,1504,0.8793796267491522,0.8379715882626924,0.48898453210592335
2022,1505,0.8767927582651341,0.8517948632643557,0.4942001864871986
2022,1506,0.9191198427516447,0.898620999401158,0.40041079816705105
2022,1507,0.8957241113271875,0.8576502095947836,0.454649520395286
2022,1508,0.9000031461490191,0.852518464302349,0.4452233730180727
2022,1509,0.8786089425763582,0.8315007651873048,0.49054418817941187
2022,1510,0.8911118670035233,0.8792501164415465,0.46459556864018425
2022,1511,0.9283749498466608,0.9134340275467432,0.37680552053276045
2022,1512,0.8921650110182199,0.8803978973983634,0.46234337249254137
2022,1513,0.9112294548986078,0.89042018763723485,0.41948769959617926
2022,1514,0.9080748606376362,0.8872014106061616,0.42687619412154293
2022,1515,0.9012490327231141,0.8942045378934063,0.44244110322528585
2022,1516,0.8533573237997689,0.8751829795728261,0.5391566625796234
2022,1517,0.912610557585883,0.8926325770177659,0.41621168776632556
2022,1518,0.9303604475586134,0.9117373078714487,0.3715461565303586
2022,1519,0.8949967548475655,0.8678138931399297,0.4562324251835873
2022,1520,0.9278949723771446,0.9023637633907781,0.3780659467163705
2022,1521,0.8254542922577046,0.8821528378468296,0.5882194411295669
2022,1522,0.8765672230805582,0.8527263956351055,0.49465230507898716
2022,1523,0.8700356602838794,0.9087514139330629,0.5075711040159356
2022,1524,0.8960080488747607,0.8984796060948834,0.4540301055478989
2022,1525,0.8945606917236146,0.8788758400425846,0.4571787769630186
2022,1526,0.8942960031852866,0.8768630647415,0.4577522544228127
2022,1527,0.9215292021351519,0.9092088628651277,0.394401739411318
2022,1528,0.8922118137413156,0.8907861467828866,0.46224302807978157
2022,1529,0.8420355318841144,0.8462555725597181,0.5595829741313484
2022,1530,0.9008129832381164,0.8647281921618207,0.4434168592906713
2022,1531,0.9112660269241819,0.863397431632178,0.41940127962827606
2022,1532,0.8743298588140265,0.8916511411271544,0.49911524930167217
2022,1533,0.8269274961687151,0.880572559717879,0.5857318307094672
2022,1534,0.838322179621477,0.8960925543948368,0.5661219713224906
2022,1535,0.9105483007798217,0.8868604032204407,0.4210940305026363
2022,1536,0.893362608591455,0.8629233481934928,0.4597688499219272
2022,1537,0.9110143109033462,0.8637966597910708,0.4199957264600373
2022,1538,0.9206948144758916,0.8852551733315591,0.39649305094291576
2022,1539,0.9192336942850234,0.8883408743096681,0.40012887835471767
2022,1540,0.9142960943044797,0.9083937720407215,0.4121782722371396
2022,1541,0.9051509016252165,0.8880248186838781,0.4336120981310236
2022,1542,0.9013817363556746,0.8728291968860206,0.44214372244208827
2022,1543,0.782134564724258,0.8607275933195824,0.6571718535880657
2022,1544,0.8982429184413607,0.8392108590059221,0.44912487442158616
2022,1545,0.9088085048792939,0.8891310133741436,0.4251693562313904
2022,1546,0.8882153322244937,0.894695255838712,0.4707343686792701
2022,1547,0.8421526400324331,0.8240318717146852,0.5593755101464811
2022,1548,0.9107553597307284,0.8947202075986428,0.4206063829560067
2022,1549,0.9070914713057302,0.889488655266485,0.42915342087718156
2022,1550,0.9109429503965278,0.8919422449930137,0.42016409680089384
2022,1551,0.8929664757023488,0.8697102268946705,0.46062202502178173
2022,1552,0.8856355218432418,0.8565190631445874,0.47613528146698414
2022,1553,0.9046722362807595,0.8941296826136139,0.4347048543339538
2022,1554,0.9117378716934932,0.9011328099008585,0.41828470573290916
2022,1555,0.9152973032406029,0.8990202275600508,0.4097636278933157
2022,1556,0.9093440211145263,0.8977393705502698,0.42391912810252513
2022,1557,0.9168022909624233,0.8967912036728992,0.4061069960632048
2022,1558,0.8853618390739577,0.8829679286712359,0.4767046547427384
2022,1559,0.9288608221056697,0.9108806307804912,0.37552530579836546
2022,1560,0.8992978250511621,0.8892890411870386,0.4467907905474897
2022,1561,0.7870653510199118,0.8612099940115778,0.6496926528066727
2022,1562,0.9120895408207069,0.8669738505555927,0.4174505731556482
2022,1563,0.9247784423542409,0.9148396433561782,0.3861499194470187
2022,1564,0.892355602310852,0.8588562113247723,0.461934610956709
2022,1565,0.9118379574994383,0.8834752811231621,0.4180474792034624
2022,1566,0.9189570183370036,0.9152139197551403,0.4008136403242903
2022,1567,0.934041783778551,0.9101320779825672,0.36159235388193867
2022,1568,0.8349620690352944,0.8458729789074458,0.5719745069516666
2022,1569,0.9202931629973312,0.8884406813493914,0.3974958283144803
2022,1570,0.82615370687979806,0.8676475480737244,0.5870397437128538
2022,1571,0.8359931668876269,0.8578082374076788,0.5701849615847892
2022,1572,0.9110224160036474,0.8799487657196089,0.4199765987494963
2022,1573,0.919968622004517,0.9195887949963406,0.39830424479871424
2022,1574,0.8923072243776334,0.8507801583605032,0.4620384014555062
2022,1575,0.894484208791101,0.8551217645884626,0.457344559703302
2022,1576,0.9021900268588484,0.8815207265952494,0.44032805533511327
2022,1577,0.9182440276635404,0.9069216182048042,0.40257289565118765
2022,1578,0.8857312087143513,0.9063976312462574,0.47593605252004795
2022,1579,0.9115361111597998,0.8981718677224035,0.41876251639151646
2022,1580,0.9040879840071598,0.8786845432164484,0.43603494605420945
2022,1581,0.853895529129517,0.907853150575554,0.5381663515146131
2022,1582,0.9151459017994026,0.8948616009049173,0.41012967943708545
2022,1583,0.9252915656839859,0.9049088429037196,0.3848306061870522
2022,1584,0.932929773998154,0.9241716015702977,0.36462771199902144
2022,1585,0.9134049459858332,0.8695771508417063,0.4143156432058459
2022,1586,0.9085098498771826,0.8750914897864132,0.4258650086038949
2022,1587,0.8497272937014203,0.8825104797391711,0.545789078931018
2022,1588,0.8809469910620278,0.8927407013107993,0.48579716443633836
2022,1589,0.9062181448623583,0.8933811298156898,0.43116569255002185
2022,1590,0.9373049276708595,0.9135587863463971,0.35253439174131695
2022,1591,0.8993711339047668,0.9068550801783221,0.4466281342601185
2022,1592,0.9227269415627735,0.8874093419389183,0.39138018872108465
2022,1593,0.9006742153194877,0.8759398496240604,0.4437269327763464
2022,1594,0.903526345700989,0.8782104597777631,0.4373097418213369
2022,1595,0.9048963353180475,0.8893306274535899,0.4341935958320548
2022,1596,0.8871895869829226,0.8516534699580812,0.47288918528126345
2022,1597,0.9112661158794194,0.9007585335018965,0.41940106940467853
2022,1598,0.9149460554416037,0.899743828598044,0.41061235924785056
2022,1599,0.8675764421908323,0.8557039723201812,0.5123507937283804
2022,1600,0.8942940945937187,0.9043432696786216,0.45775638699194426
2022,1601,0.9281658147269414,0.9027713088029811,0.37735522924276577
2022,1602,0.8645563622866808,0.8461474482666845,0.5181602482830373
2022,1603,0.9060345800291837,0.8753410073857212,0.43158745946029176
2022,1604,0.9034613548512712,0.8550302748020495,0.4374570169865315
2022,1605,0.9035585540924803,0.8727876106194692,0.4372367362984134
2022,1606,0.9216711472024988,0.8859704571162421,0.39404486320475596
2022,1607,0.8626518071914889,0.8817951959544882,0.5217906133224189
2022,1608,0.9082871688506521,0.8761145119435759,0.4263829573859051
2022,1609,0.9124498057614133,0.878609687936656,0.41659432007313624
2022,1610,0.9102874986935293,0.8939217512808572,0.42170744685315825
2022,1611,0.893781410241817,0.8685458114312331,0.4588651266727484
2022,1612,0.8570230441545168,0.8626738305941847,0.5323751929802707
2022,1613,0.8997913578217281,0.9052082640228893,0.4456946040398093
2022,1614,0.8684770104234013,0.8675394237806908,0.5106056586346426
2022,1615,0.880274808036511,0.8499733847894073,0.4871666593484417
2022,1616,0.892407977297323,0.8628069066471491,0.4618222188436764
2022,1617,0.9175179199182347,0.8856294497305213,0.4043566499256245
2022,1618,0.9171553170114161,0.8912934992348129,0.4052444797923208
2022,1619,0.902184064925875,0.8834919156297826,0.44034147506249355
2022,1620,0.8887097715147042,0.8875424179918825,0.4696921528121692
2022,1621,0.9013989420336563,0.899028544813361,0.44210515091350866
2022,1622,0.9071939621519509,0.8896217313194492,0.42891664802782425
2022,1623,0.8742648318263394,0.8532919688602038,0.4992443641551765
2022,1624,0.9165636880929545,0.8717729057156167,0.4066889166559381
2022,1625,0.8468993834761271,0.8219608756404286,0.5509006150137647
2022,1626,0.9122740013795336,0.8784766118836917,0.4170123795512278
2022,1627,0.8427798996537287,0.8536329762459247,0.558262970336782
2022,1628,0.9159256289097859,0.891268547474882,0.4082409830164418
2022,1629,0.8975868011302061,0.9046925943176527,0.45057049920155867
2022,1630,0.8932988111234623,0.8829180251513742,0.4599063612691081
2022,1631,0.9021995293942395,0.8773787344467365,0.4403066652128805
2022,1632,0.9030349710153899,0.9036279858939386,0.43842201446318085
2022,1633,0.9092237397989954,0.8967995209262095,0.42420026040706915
2022,1634,0.9063758297363972,0.8859205535963806,0.4308030589106667
2022,1635,0.8916162608767547,0.8595132743362833,0.46351826498944115
2022,1636,0.8598898779414037,0.866391642823874,0.5270108338051639
2022,1637,0.9124893408201133,0.9059152305542619,0.4165002486618101
2022,1638,0.9056399240790157,0.8672982234346931,0.43249284618668415
2022,1639,0.896388639075202,0.8813876505422852,0.453198513294889
2022,1640,0.8966132203268213,0.8653769379200215,0.4527070850327697
2022,1641,0.8764882970580662,0.8508051101204339,0.4948104263697231
2022,1642,0.9197497346881176,0.8962173131944908,0.39884855765776434
2022,1643,0.9347790456727751,0.9070380597511479,0.3595657874165957
2022,1644,0.9064688060431548,0.8847395036263226,0.43058909478947793
2022,1645,0.8992583897831845,0.8716148779027216,0.44687826427860705
2022,1646,0.8936646846881985,0.8801816488122964,0.45911718508963767
2022,1647,0.8856520803769351,0.8432364096080912,0.4761008110281372
2022,1648,0.9111946008523705,0.9059651340741236,0.4195700434006165
2022,1649,0.8815715883803169,0.8564608423714155,0.48452115037179083
2022,1650,0.8612415743896792,0.8555708962672168,0.5244625342981192
2022,1651,0.9073865437500045,0.8952774635704307,0.4284713949415734
2022,1652,0.890106843753879,0.8899627387051702,0.4667347221680276
2022,1653,0.9193957330986874,0.8978558120966135,0.3997272940514353
2022,1654,0.8833946322638969,0.8834253776033005,0.4807774159149633
2022,1655,0.8671318834093186,0.8626322443276335,0.5132100789151668
2022,1656,0.916700107167933,0.8953440015969127,0.4063563107393872
2022,1657,0.9043149503138648,0.8942128551467166,0.4355187236731164
2022,1658,0.864673726332636,0.8897797591323443,0.5179357026201029
2022,1659,0.9160581301825199,0.8875507352451929,0.4079191621192022
2022,1660,0.9268823210354785,0.9120699980038595,0.3807114914436942
2022,1661,0.9068678344348807,0.861060283451993,0.42966961053532926
2022,1662,0.8949287733611044,0.892574356244594,0.45638008890580334
2022,1663,0.9064864509461555,0.8823441346729658,0.4305484769974094
2022,1664,0.883605721372275,0.839335617805576,0.4803420463872864
2022,1665,0.922850758114314,0.8825603832590327,0.39106650388860975
2022,1666,0.8976660969637703,0.8724965067536099,0.45039603300838843
2022,1667,0.9129114230651149,0.9004840641426578,0.4154946005997659
2022,1668,0.8964989071611624,0.8840907578681219,0.45295729150585023
2022,1669,0.8936179943295364,0.8845482068001865,0.4592179700141623
2022,1670,0.8887870008544396,0.87312030075188,0.4695291541798313
2022,1671,0.845514986810806,0.8983382127886089,0.5533857410137536
2022,1672,0.8987165132164531,0.8661837114911174,0.4480785037049085
2022,1673,0.8957087469221819,0.8798822276931269,0.4546830140540817
2022,1674,0.9134684768841028,0.9135671035997074,0.41416363293897834
2022,1675,0.8694750499274527,0.8743595714951097,0.5086646479141393
2022,1676,0.9179250711875571,0.915796127486859,0.40335741472989645
2022,1677,0.8894182792928402,0.8484596446869388,0.4681946633802361
2022,1678,0.9065139292289761,0.8808636635837384,0.4304852155654553
2022,1679,0.8992822656273244,0.8566105529310002,0.44682530588328684
2022,1680,0.8998412674744258,0.8879998669239472,0.44558359947544207
2022,1681,0.8952694032668428,0.8660423181848428,0.455639720158462
2022,1682,0.8988005702892224,0.8780274802049373,0.4478925307176842
2022,1683,0.906521869581866,0.9037444274402824,0.4304669332850978
2022,1684,0.8496078685417342,0.8608357176126158,0.5460059113966638
2022,1685,0.9245853993652356,0.9001929602767984,0.38664509511550565
2022,1686,0.9228615228773923,0.910248519528911,0.3910392198543316
2022,1687,0.8091185907896153,0.8778528178854217,0.6151295687896546
2022,1688,0.9018767859050978,0.8689200878301951,0.44103257718112804
2022,1689,0.8836659696276222,0.876738305941846,0.4802177124572088
2022,1690,0.9113803956287891,0.886436223301617,0.4191309105392728
2022,1691,0.9160151762422651,0.8931815157362434,0.40802351704014683
2022,1692,0.9028428241325327,0.8667076984496642,0.43885619022851025
2022,1693,0.9137447259906273,0.9012575687005125,0.41350200241459634
2022,1694,0.9055239949856679,0.881786878701178,0.43275844110426703
2022,1695,0.9010391822168037,0.897065673032138,0.44291095794479496
2022,1696,0.8875369181175675,0.8918341206999802,0.47216063658504775
2022,1697,0.8940779460029583,0.8486176724998339,0.4582241606186499
2022,1698,0.9105830957908609,0.8961674096746293,0.4210121237491621
2022,1699,0.9022725706770695,0.8392857142857145,0.44014221523423164
2022,1700,0.9120875349229148,0.872438285980438,0.4174553357198207
2022,1701,0.9284802501504119,0.8804145319049839,0.376528436401094
2022,1702,0.8812602635029808,0.8618587397697786,0.4851575875295096
2022,1703,0.903911629361829,0.9016900658726463,0.436435633455842
2022,1704,0.9097902841092969,0.8778777696453525,0.4228744490291977
2022,1705,0.9236354498870737,0.9008084370217581,0.3890726349514977
2022,1706,0.9046785390679896,0.8737357774968396,0.4346904834026169
2022,1707,0.8801078250335569,0.8903120633442014,0.48750627127786733
2022,1708,0.9064618296456175,0.912277929336616,0.43060515309345104
2022,1709,0.904906052981821,0.873527846164083,0.4341714123800321
2022,1710,0.8800979357457146,0.8371980837048375,0.4875263768036472
2022,1711,0.869784549083823,0.8713736775567239,0.5080612203131136
2022,1712,0.8984110805548698,0.8831425909907514,0.4487536127072176
2022,1713,0.9241926062255551,0.9010413201144456,0.38765069813592645
2022,1714,0.8726100313911156,0.8995109455053565,0.5025189026373805
2022,1715,0.9210639390192296,0.8896300485727595,0.3955692398772974
2022,1716,0.8536396002217899,0.8797657861467831,0.538637494055904
2022,1717,0.9037363154177684,0.8652521791203676,0.4368335920421619
2022,1718,0.9399253231744494,0.9283967662519131,0.3450885176802028
2022,1719,0.9182586678983157,0.8899461041985497,0.4025368491984705
2022,1720,0.911638172502095,0.8920420520327369,0.41852088220948497
2022,1721,0.8651972502150332,0.8795828065739573,0.516932887513659
2022,1722,0.8713978127389789,0.8734197218710495,0.5049041786465708
2022,1723,0.9231643027348316,0.9076784882560385,0.3902710220922569
2022,1724,0.929621024321166,0.9264422117240005,0.3735134612974901
2022,1725,0.9029399842589054,0.8640295428837583,0.43863670058191684
2022,1726,0.9021638969297227,0.8957848160223569,0.4403868682156998
2022,1727,0.9162243348936137,0.8905116774236478,0.4075151225146699
2022,1728,0.8908184332325122,0.8689034533235745,0.4652211478684593
2022,1729,0.8707073838132459,0.8482683478608026,0.5062577085687153
2022,1730,0.9038446957734643,0.9113297624592457,0.4365876139578997
2022,1731,0.9092154158711876,0.8502894404151975,0.42421970894677263
2022,1732,0.9126255078927485,0.9002594983032806,0.4161760841600158
2022,1733,0.8669184932358611,0.8640461773903788,0.5136220289568952
2022,1734,0.8490902921037975,0.8720806440880966,0.5469446475751054
2022,1735,0.8137784460676164,0.865676359039191,0.6075748111615555
2022,1736,0.8092284661350335,0.8368238073058755,0.6149525025600677
2022,1737,0.9130621128288717,0.8947035730920222,0.415134978862912
2022,1738,0.9141069263682319,0.9092171801184379,0.4126329069182719
2022,1739,0.9281460162209773,0.9095748220107793,0.3774072278491157
2022,1740,0.8498968607097478,0.9289623394770113,0.5454810591117747
2022,1741,0.9276736136746805,0.8883575088162886,0.37864582345291137
2022,1742,0.9049977174489018,0.8675061547674497,0.43396210522793083
2022,1743,0.9062712157607361,0.9014322310200281,0.4310436775354909
2022,1744,0.9193049591027416,0.9112216381662122,0.39995231088490507
2022,1745,0.9321631926840228,0.9047092288242732,0.3667055537826414
2022,1746,0.9066789168964873,0.8941130481069933,0.4301051797190099
2022,1747,0.834911644830005,0.865393572426642,0.5720618782521438
2022,1748,0.9250374938467587,0.9066887351121168,0.3854844254779575
2022,1749,0.9127432493879121,0.8863863197817555,0.41589558059289905
2022,1750,0.8999549933459791,0.8763806640495045,0.44533055725569787
2022,1751,0.9239787295760343,0.8817619269412471,0.3881971556269931
2022,1752,0.9234328424951039,0.8888482267615945,0.38958842908959973
2022,1753,0.8893621409135758,0.8801400625457451,0.46831349113241294
2022,1754,0.8766367663338922,0.8740767848825606,0.49451293943366875
2022,1755,0.9049747567531784,0.8921668108323909,0.43401454328318406
2022,1756,0.9023616351019464,0.8525933195821414,0.43994160651505226
2022,1757,0.8939307381790523,0.8897631246257238,0.45854246430866913
2022,1758,0.9232528211693752,0.9065473418058423,0.3900461517741269
2022,1759,0.9184147981557014,0.8775450795129419,0.4021522321400768
2022,1760,0.8915323880647289,0.8586565972453258,0.46369757722930244
2022,1761,0.8740719030372193,0.824680617472886,0.49962723909942486
2022,1762,0.9206569117946166,0.9054993678887486,0.39658778847142234
2022,1763,0.8923705963088667,0.9088761727327169,0.4619024379500432
2022,1764,0.9304842612580745,0.9107891409940784,0.37121571953039795
2022,1765,0.9306705045160386,0.8980055226561982,0.3707181142747031
2022,1766,0.9079349400196869,0.8779443076718347,0.42720094788340424
2022,1767,0.8942725715655419,0.8895385587863466,0.45780298704761835
2022,1768,0.91986049548699,0.8856710359970725,0.39857321876419993
2022,1769,0.9187745041135811,0.9036030341340078,0.4012647160872942
2022,1770,0.8888327304522949,0.9073957016434894,0.4694326115669092
2022,1771,0.8978699447248183,0.8862948299953425,0.4499472179629217
2022,1772,0.9150606518835653,0.8985794131346067,0.4103356491200497
2022,1773,0.9185573768692237,0.9081193026814827,0.40180067683523835
2022,1774,0.8773131914254473,0.9150475746889349,0.4931553195593991
2022,1775,0.9248831418651785,0.9124775434160625,0.3858810883624019
2022,1776,0.8812189508669638,0.8476445538625326,0.4852419796476703
2022,1777,0.8921233499855616,0.8419805043582409,0.46243267487244394
2022,1778,0.9016004940380933,0.8813377470224235,0.44165306264928816
2022,1779,0.9012241745772147,0.8750166345066207,0.4424967865960406
2022,1780,0.9133733928433445,0.8871930933528513,0.4143911196289726
2022,1781,0.9024709326800945,0.8747338478940716,0.4396952995622738
2022,1782,0.8975147960242982,0.8644038192827203,0.4507288658782618
2022,1783,0.913094154726461,0.8643455985095484,0.41505847057199474
2022,1784,0.8760905519768287,0.8669156297824209,0.4956065056783568
2022,1785,0.857724837933414,0.8507302548406416,0.5310670199436378
2022,1786,0.8746820318443485,0.8542567702441948,0.4984154082447742
2022,1787,0.9000097063364773,0.8695937853483268,0.4452087685751328
2022,1788,0.9044297026134142,0.8765719608756406,0.43525749285326937
2022,1789,0.9127195962628217,0.8855545944507287,0.4159519462239646
2022,1790,0.8626744637580275,0.91240268813627,0.5217475750010591
2022,1791,0.8996169358440479,0.8688119635371617,0.4460823207782556
2022,1792,0.9173184892475957,0.8765303746090892,0.40484519502393723
2022,1793,0.865726012713739,0.888523853882494,0.5159180592149227
2022,1794,0.8730496770752371,0.9215599840308739,0.5016510116397408
2022,1795,0.8698754538746274,0.8738938053097347,0.5078838478813748
2022,1796,0.9177239292610707,0.898779027214053,0.40385136849645825
2022,1797,0.9171866795478125,0.8764472020759866,0.4051677657693108
2022,1798,0.8828293438693925,0.8626655133408745,0.4819413816415327
2022,1799,0.9123024672546639,0.8867938651939585,0.41694471668257904
2022,1800,0.9151380115234532,0.8920171002728061,0.41014874723222444
2022,1801,0.881490065257404,0.8515952491849094,0.48468788773425847
2022,1802,0.92190193288759,0.9104730853682882,0.39346393424336107
2022,1803,0.9126603836475332,0.8803646283851223,0.41609301698921947
2022,1804,0.8941721327604839,0.8667243329562847,0.4580203869718822
2022,1805,0.9078519288242294,0.9090258832923017,0.4273934990599353
2022,1806,0.902612845742126,0.8960176991150445,0.4393752861378375
2022,1807,0.8602624407912529,0.8661837114911174,0.5263096876184753
2022,1808,0.8594528868912826,0.8437104930467765,0.5278320440191047
2022,1809,0.9077552557968769,0.8970240867655866,0.42761763067765196
2022,1810,0.9187950715698345,0.8867772306873379,0.4012139098908269
2022,1811,0.8761305850265707,0.88247721072593,0.495526438165291
2022,1812,0.917962156110064,0.899960077184111,0.4032662774679813
2022,1813,0.9290397037714535,0.9268414398828932,0.37505287361993495
2022,1814,0.8741715699523467,0.908693193159891,0.4994294827461194
2022,1815,0.8832644088104125,0.8578914099407813,0.4810458041818399
2022,1816,0.9327683342514161,0.9103982300884957,0.3650662823522155
2022,1817,0.9159786199347583,0.8920171002728061,0.40811230814388805
2022,1818,0.9073108562356796,0.8815040920886289,0.4286464413824099
2022,1819,0.9030727566396123,0.8752827866125493,0.43833658333479114
2022,1820,0.8054905872231882,0.877362099940116,0.620947808660034
2022,1821,0.9155281079598326,0.9019645352318852,0.40920496862221784
2022,1822,0.9077462076154184,0.8769212855146719,0.4276386024255526
2022,1823,0.9173629244015188,0.8932730055226564,0.4047363933340129
2022,1824,0.9012053231772782,0.8728208796327104,0.44253900991279804
2022,1825,0.9063663673656656,0.8696769578814295,0.43082482847749576
2022,1826,0.9064472484441302,0.8835251846430237,0.4306387142364775
2022,1827,0.9023248357745153,0.8724466032337482,0.44002450441126256
2022,1828,0.9007723031228198,0.8577084303679555,0.44350778046360695
2022,1829,0.9114129729188897,0.9092670836382996,0.4190538654856722
2022,1830,0.84213937103325065,0.8791752611617542,0.559399020825438
2022,1831,0.8853917935710484,0.8612432630248189,0.4766423701553427
2022,1832,0.887480132257823,0.8865692993545814,0.4722798253159045
2022,1833,0.8884034600283311,0.877927673165214,0.47033809110451447
2022,1834,0.9217522907661388,0.8986126821478477,0.3938407079772773
2022,1835,0.9097910428517568,0.8979223501230955,0.42287267065382383
2022,1836,0.8968570685917358,0.8773537826868056,0.452172891942378
2022,1837,0.9056515018300347,0.8861700711956886,0.4324663124644132
2022,1838,0.9113713838118888,0.8975647082307541,0.41915222091991355
2022,1839,0.878718144150887,0.8929236808836252,0.4903234954382385
2022,1840,0.8897584846367264,0.8781522390045913,0.46747390671938077
2022,1841,0.9382659921689547,0.9119286046975849,0.349821923777435
2022,1842,0.898645510983108,0.8767882094617075,0.44823553325503296
2022,1843,0.8808256986508821,0.8699181582274272,0.4860445689731956
2022,1844,0.9116104371498098,0.8975231219642027,0.41858656053292526
2022,1845,0.8920512975073213,0.881695388914765,0.4625870820516528
2022,1846,0.9126968972334377,0.8962089959411805,0.4160060310542855
2022,1847,0.8900720312447542,0.9017815556590594,0.46680864360561286
2022,1848,0.9180848551182581,0.9062146516734315,0.4029645942143754
2022,1849,0.8799278762080246,0.8570763191163752,0.48787198859060266
2022,1850,0.9187385566248238,0.912743695521991,0.4013534989450002
2022,1851,0.924884493473226,0.8993030141725998,0.3858776166894411
2022,1852,0.9180169267350592,0.8998935391576288,0.40313163939894847
2022,1853,0.8942703551713196,0.8710243529176926,0.4578077855497339
2022,1854,0.8217076903299326,0.8699015237208065,0.5944989514202517
2022,1855,0.8568222319543082,0.83853716148779045,0.5327489242626063
2022,1856,0.9172015692607207,0.9039773105329698,0.4051313398484758
2022,1857,0.9134034895257256,0.8846230620799789,0.4143191274214043
2022,1858,0.9056974654557708,0.899743828598044,0.43236095762753096
2022,1859,0.9214242635378909,0.9119286046975849,0.39466536701982013
2022,1860,0.8833988488369093,0.8439017898729125,0.48076872312729985
2022,1861,0.9044653804589341,0.8474283052764656,0.43517624114853115
2022,1862,0.9012148467108517,0.8783019495641762,0.4425176796305077
2022,1863,0.8829160424581242,0.8447335152039392,0.4817630461641709
2022,1864,0.9094419061045033,0.8659591456517401,0.4236902048300723
2022,1865,0.9057523424557687,0.8461807172799256,0.43223513850095063
2022,1866,0.8930084132483307,0.8597877436955222,0.46053177642878673
2022,1867,0.9138877905947743,0.901149444407479,0.4131589390409851
2022,1868,0.9268261639078903,0.9016567968594054,0.3808576637551039
2022,1869,0.8872220109626502,0.8786762259631381,0.4728212214698793
2022,1870,0.9234882955596373,0.9105812096613216,0.38944732560592127
2022,1871,0.8459302299990945,0.8685042251646817,0.5526415125718683
2022,1872,0.9258865752439218,0.920378934060816,0.3832950658188476
2022,1873,0.9116530883175245,0.9032204404817356,0.418485556753491
2022,1874,0.9010372882021188,0.8817120234213854,0.44291519636896887
2022,1875,0.9236180517177494,0.8837663849890215,0.3891169537228493
2022,1876,0.9344782175478548,0.9056241266884026,0.36039407228583265
2022,1877,0.9360927282382034,0.9207033069399163,0.35592617404247967
2022,1878,0.8893810656439322,0.8332307538758402,0.46827343664454835
2022,1879,0.934732034869578,0.907786612549072,0.35969535031370203
2022,1880,0.859589781459549,0.826302481868388,0.5275749240340816
2022,1881,0.8451131238787647,0.8774951759930802,0.5541050366159443
2022,1882,0.9196612111730679,0.8938967995209265,0.3990684805743261
2022,1883,0.9295825235733814,0.9029626056291172,0.37361561241045094
2022,1884,0.8837596929450168,0.8789257435624461,0.4800242322452279
2022,1885,0.8956345324414259,0.8841988821611553,0.45484476329862455
2022,1886,0.9149447773123708,0.8790172333488591,0.4106154444292075
2022,1887,0.8936292442497817,0.8889313992946971,0.45919368817207173
2022,1888,0.8938540556170604,0.8870766518065075,0.45870818554366977
2022,1889,0.9001549362297897,0.8569099740501698,0.44488533159697613
2022,1890,0.9029149938517671,0.8823275001663453,0.4386931656677327
2022,1891,0.9167127222716162,0.8737191429902191,0.4063255398649365
2022,1892,0.8778844275271356,0.8621248918757072,0.49200590177338127
2022,1893,0.9132343848231641,0.8786263224432765,0.41472346901130525
2022,1894,0.8874551202253543,0.8703257036396302,0.4723323139215838
2022,1895,0.9143047422058121,0.8995858007851488,0.41215747641154266
2022,1896,0.9188307113081855,0.8880913567103602,0.4011258565650102
2022,1897,0.9275547771375474,0.8973650941513076,0.37895676454056937
2022,1898,0.901408611774328,0.8715400226229293,0.44208347190181796
2022,1899,0.9066932229561513,0.9042933661587599,0.43007221103715876
2022,1900,0.9094295435956742,0.8776033002861138,0.42371912380861543
2022,1901,0.8961523057804904,0.8969409142324841,0.45371508257049226
2022,1902,0.8968813471533128,0.8592970257502164,0.4521196708764544
2022,1903,0.8836667210402431,0.9082274269745162,0.48021616156865093
2022,1904,0.9194801645102585,0.9086100206267884,0.3995178858922421
2022,1905,0.9252986156861944,0.8998270011311466,0.38481244812593574
2022,1906,0.9071687950783037,0.8781106527380399,0.42897480073751193
2022,1907,0.9244364558207123,0.8846646483465302,0.38702671806607203
2022,1908,0.9136015764603334,0.8738771708031142,0.4138449847967998
2022,1909,0.9356582585138212,0.9070546942577685,0.3571339959842064
2022,1910,0.9122730809102351,0.8881994810033936,0.41701456730680664
2022,1911,0.920033152267859,0.891484796060949,0.3981436336632109
2022,1912,0.9293123512378328,0.8942461241599576,0.37433165601734225
2022,1913,0.916011918694328,0.8797408343868522,0.40803143003691433
2022,1914,0.8782664492061332,0.8339460376605232,0.4912357127362461
2022,1915,0.9122753250721382,0.8772622929003928,0.41700923340131885
2022,1916,0.9229160366028327,0.9142657528777698,0.39090102181767544
2022,1917,0.9111106051608341,0.8915929203539825,0.41976841955161387
2022,1918,0.9185203952659833,0.9034283718144921,0.40189189164511097
2022,1919,0.8865481729929529,0.8757818218111653,0.4742316491714946
2022,1920,0.8975188344652987,0.8813876505422852,0.4507199852799247
2022,1921,0.8324946121877544,0.8729290039257437,0.5762343954460462
2022,1922,0.8825921965354772,0.8655016967196755,0.482428847301273
2022,1923,0.9043517569706875,0.9004840641426578,0.43543495128603266
2022,1924,0.9076507776696944,0.8940964136003728,0.4278597260205046
2022,1925,0.8428060089399043,0.8491998802315526,0.5582166135006682
2022,1926,0.8759676859801455,0.8381129815689667,0.49585216127860776
2022,1927,0.919329893233988,0.8774369552199084,0.39989051505598616
2022,1928,0.9181067586728063,0.9043848559451729,0.4029107156117714
2022,1929,0.8981058843874208,0.8744177922682815,0.44942718603862664
2022,1930,0.8633287089228946,0.9010912236343072,0.5205032384627312
2022,1931,0.9236159720755446,0.9066305143389448,0.3891222509072613
2022,1932,0.8821863554899351,0.8930068534167278,0.4832619287427506
2022,1933,0.8778640722898126,0.8362083305609158,0.49204690587869476
2022,1934,0.8939656665159075,0.8343702175793467,0.4584669596614458
2022,1935,0.903732160143029,0.8764388848226764,0.436843020021212
2022,1936,0.8990428439139722,0.8566937254641029,0.447356077249375
2022,1937,0.9107834029918217,0.8891226961208333,0.42054029438574864
2022,1938,0.8827325967217826,0.8606194690265488,0.4821403087223397
2022,1939,0.9197046328096327,0.8872596313793335,0.3989606214143358
2022,1940,0.905806599730936,0.8826435557921354,0.4321107042302439
2022,1941,0.9313093288286142,0.8920171002728061,0.36900620354032343
2022,1942,0.8959928303106816,0.8944623727460245,0.45406332654914927
2022,1943,0.8951193131240872,0.8882577017765655,0.4559660934860064
2022,1944,0.8447258686633708,0.8572842504491319,0.5547973034896039
2022,1945,0.8815844546787651,0.85611983498569455,0.4844948299856272
2022,1946,0.864302796547821,0.875432497172134,0.5186450486501102
2022,1947,0.9331819573073683,0.9232733382127888,0.3639415683329055
2022,1948,0.9244127292037307,0.9130680684010914,0.38708747563158685
2022,1949,0.7963148141136885,0.9158709827666514,0.635425309721616
2022,1950,0.8943055420193015,0.897780956816821,0.45773159994701806
2022,1951,0.9062426164268672,0.8705419522256971,0.43110943439938343
2022,1952,0.9244332711703093,0.9072792600971457,0.3870348736642564
2022,1953,0.9220782483497838,0.8822360103799323,0.3930195380048243
2022,1954,0.9357306791119855,0.9091672765985763,0.3569329512272805
2022,1955,0.9081796665201186,0.8612848492913702,0.42663277923068743
2022,1956,0.8358089368938102,0.8817702441945573,0.5705051180289494
2022,1957,0.9114863435596627,0.8738605362964936,0.41888029255665676
2022,1958,0.8953208925131312,0.8998519528910774,0.45552770212973615
2022,1959,0.9141801626849883,0.9123943708829598,0.41245695467079374
2022,1960,0.8424532542850269,0.9016900658726463,0.5588426016801951
2022,1961,0.9287844677730696,0.8872679486326438,0.375726779130846
2022,1962,0.8984150505468607,0.8565939184243797,0.44874484420341104
2022,1963,0.9189776858374701,0.9052581675427509,0.4007625295178499
2022,1964,0.7878011108626303,0.8669405815423517,0.6485692297076967
2022,1965,0.8942142626997165,0.8787427639896203,0.4579292092300385
2022,1966,0.888737890326973,0.8614096080910243,0.4696328123831277
2022,1967,0.8475306144832223,0.8867106926608559,0.5497637654834736
2022,1968,0.9241445557253559,0.9029626056291172,0.387773534829724
2022,1969,0.8783841143820946,0.8919588794996341,0.4909982461119919
2022,1970,0.8446158627057935,0.8826269212855149,0.5549937953404454
2022,1971,0.9295018954109969,0.9038525517333158,0.3738294465588307
2022,1972,0.9121649142471059,0.8810549604098744,0.4172715760965827
2022,1973,0.9095548792478291,0.907853150575554,0.42342584109494147
2022,1974,0.9264336692085204,0.8929652671501765,0.3818777325675027
2022,1975,0.9077379187533428,0.8868188169538893,0.42765781333106545
2022,1976,0.8682998422386511,0.8934559850954823,0.5109494488490358
2022,1977,0.9058768378324717,0.873685873976978,0.43194956610642116
2022,1978,0.8765778830377857,0.8933561780557591,0.49463094492490994
2022,1979,0.8198217569428492,0.8587730387916696,0.5976349141925729
2022,1980,0.9209026538918618,0.9110802448599377,0.3959731546302272
2022,1981,0.8794969470083808,0.8532503825936524,0.48874667117552517
2022,1982,0.8852599954452639,0.8610519661986827,0.4769163580426655
2022,1983,0.8541122511498466,0.8615343668906782,0.5377670626301522
2022,1984,0.909679469878337,0.8962006786878703,0.4231341002446447
2022,1985,0.8935215260020289,0.8771375341007388,0.4594261346886087
2022,1986,0.9074091857655933,0.9065473418058423,0.42841901567932067
2022,1987,0.8696326287621667,0.8865609821012711,0.508357507443444
2022,1988,0.9107737140041091,0.9036529376538693,0.4205631292576297
2022,1989,0.8988913879325039,0.8498236742298225,0.44769151340855823
2022,1990,0.8889730874363294,0.8489919488987958,0.469136171094138
2022,1991,0.9008997262342475,0.8934393505888617,0.4432229240294418
2022,1992,0.8138524971482617,0.8735361634173933,0.6074539979581203
2022,1993,0.8974983764700447,0.8695937853483268,0.4507649709469802
2022,1994,0.9049627663749765,0.8833837913367492,0.4340419246093984
2022,1995,0.9151530247100934,0.8847311863730124,0.41011246531043316
2022,1996,0.9178685511527329,0.9024968394437423,0.4034962747444331
2022,1997,0.8619587784783398,0.848467961940249,0.5231053771304209
2022,1998,0.9253184197161666,0.8984297025750217,0.3847614360698558
2022,1999,0.795039024905863,0.8435025617140197,0.6374122075317519
2022,2000,0.8950512198021255,0.8889147647880766,0.4561140864534578
2014,1,0.9096799990490079,0.8830443726124005,0.42244954294791176
2014,2,0.8636423345845907,0.8193190881994876,0.519066088232837
2014,3,0.8884050348897657,0.8753830653624951,0.46957522817606784
2014,4,0.8543283327189657,0.8738088241467611,0.5365008610474861
2014,5,0.9224032439769373,0.8909575584568236,0.3915657169571551
2014,6,0.9232026463831102,0.932307627723437,0.38954353876352243
2014,7,0.9124339694981093,0.8693379790940764,0.4159591760887253
2014,8,0.8838845324494016,0.8410226270937406,0.4789916199973521
2014,9,0.941293124119783,0.9279417320851348,0.34058644753608225
2014,10,0.9435437441162914,0.9127240669997059,0.3339941916551467
2014,11,0.8523787498622035,0.8918811133033875,0.5400790328443187
2014,12,0.9197378790168848,0.9067419503799168,0.39823386967282026
2014,13,0.9130288592796028,0.9244364216447671,0.41454383520075766
2014,14,0.9128791771861159,0.8868225515301623,0.4149004081613962
2014,15,0.9266011269421766,0.8976743209772887,0.3808268616734973
2014,16,0.9039252733145837,0.8947567272574618,0.43569989639172735
2014,17,0.9250983404127777,0.8997313294991812,0.3847056795880218
2014,18,0.9270630272901942,0.9162713572058266,0.37962669559044077
2014,19,0.8698438898528502,0.8434784433902858,0.5071251605703725
2014,20,0.9402049568527949,0.9291171655262163,0.34372844206033426
2014,21,0.8907239064011072,0.8832542714411651,0.4646708817172486
2014,22,0.9212278758932348,0.9016414088409386,0.39452011956436134
2014,23,0.9285722021906407,0.884912472188405,0.3756786444080571
2014,24,0.8750517952999604,0.8464590067587422,0.49687584896714965
2014,25,0.903518531038493,0.8588220477729733,0.4366212125506983
2014,26,0.8638766193642673,0.9143612778640694,0.518619976293204
2014,27,0.9139799414770964,0.8995424205532931,0.41227096011152403
2014,28,0.9219610671182366,0.8629990344653875,0.39267977990916253
2014,29,0.8505450097340622,0.8987448050039878,0.5434230906625394
2014,30,0.9299927928797196,0.8969186851937365,0.3719240427655351
2014,31,0.9307280424601342,0.9110028966038367,0.36996582448057225
2014,32,0.9385354091105286,0.9147810755215984,0.34849405633335834
2014,33,0.8958046502592054,0.9163133369715795,0.45373997858083126
2014,34,0.9423568782913974,0.9127450568825823,0.3374866701555185
2014,35,0.9193975355779789,0.9033415893539313,0.39907731179018446
2014,36,0.9344041063745268,0.8958691910499138,0.3600155042608081
2014,37,0.9363471279096913,0.9232399983208092,0.3546433984072765
2014,38,0.9357788168466347,0.8886486713404137,0.3562230592164037
2014,39,0.9255568514864286,0.9130808950086057,0.38352638269040523
2014,40,0.8953838223660223,0.9151169136476216,0.45465534585852896
2014,41,0.9048263349459708,0.8985978758238528,0.4336519212242175
2014,42,0.897870231103124,0.872465471642668,0.44921996784101276
2014,43,0.8967022244137085,0.9053985978758237,0.4517814163358285
2014,44,0.9101395644437229,0.8900340036102597,0.4213734203914658
2014,45,0.853017611167358,0.8773980941186346,0.5389091141890848
2014,46,0.9060959575320844,0.8652029721674152,0.4307497381595913
2014,47,0.9137502885383314,0.8768733470467233,0.4128209256118876
2014,48,0.845086525856203,0.916985013223626,0.5532577098323596
2014,49,0.9154729058950669,0.9012216111834095,0.40867761225880084
2014,50,0.9017493806514383,0.882687544603501,0.44060612103503904
2014,51,0.9030576441520562,0.8835691196843121,0.4376628283439305
2014,52,0.8868502756528163,0.8377691952478904,0.47283501278195167
2014,53,0.8843724923839517,0.8314722303849542,0.4779841108544291
2014,54,0.9404780511358485,0.9228411905461565,0.3429426102137955
2014,55,0.9212575382232829,0.9214558582763106,0.3944458325751756
2014,56,0.9359329407918263,0.9102472608202845,0.3557953539004043
2014,57,0.894306285463336,0.8620754796188236,0.45699080141559634
2014,58,0.9248374644019598,0.9168170941606143,0.38537504558544355
2014,59,0.9193908309368374,0.8943789093656855,0.3990939093876839
2014,60,0.9039432814179283,0.9081272826497626,0.4356590610090358
2014,61,0.9082663668407029,0.8756979136056419,0.4257426656171578
2014,62,0.9114981288741121,0.8780068007220518,0.4181760000812131
2014,63,0.9302083488921453,0.9138995004407874,0.3713510141133171
2014,64,0.9291810582619774,0.9044540531463833,0.3740740607850761
2014,65,0.8924528779909706,0.8763695898576884,0.4609802025056807
2014,66,0.9097264222362281,0.8854791990260693,0.42234096248585257
2014,67,0.9311932205822417,0.8876831367280968,0.36872152656273255
2014,68,0.8969274800665867,0.8427228076067333,0.45128856033330517
2014,69,0.9131743214100928,0.8956383023382728,0.4141970209375629
2014,70,0.7947687752141881,0.8249233869275008,0.6368022604026252
2014,71,0.9101668975511209,0.8868225515301623,0.4213093303342566
2014,72,0.9081589361080692,0.8780487804878047,0.42599188971119867
2014,73,0.9048208595496076,0.9088199487846855,0.43366439516856764
2014,74,0.9003374890310085,0.8835481298014356,0.44376065130830766
2014,75,0.9292178637408921,0.9277318332563702,0.37397684269673426
2014,76,0.9240244914496902,0.9186642038537424,0.38745358683954506
2014,77,0.9366430782513105,0.9132068343058645,0.35381799089949817
2014,78,0.8776319988976041,0.8737248646152552,0.4917187973549551
2014,79,0.9469580149774736,0.9265773896981654,0.3237373162365249
2014,80,0.9201992651214284,0.8877041266109733,0.39708759799691695
2014,81,0.9377875971022226,0.8971705637882539,0.3506076321899237
2014,82,0.9264048674422333,0.9143402879811929,0.38133566372343686
2014,83,0.9100172575345662,0.889635195835607,0.4216600835700219
2014,84,0.9404109507298092,0.9168800638092438,0.3431358591506801
2014,85,0.9331590064681858,0.9163763066202089,0.36341623617205576
2014,86,0.9237345028574996,0.914760085638722,0.38819231247191094
2014,87,0.8872719500059243,0.8861508752781158,0.47195313478572987
2014,88,0.9265344666253803,0.9083161915956508,0.3809997545051483
2014,89,0.8893498869638127,0.8613828134839006,0.46758310308261763
2014,90,0.9177969685304431,0.8652029721674152,0.40302018187689814
2014,91,0.841836406849697,0.8909365685739472,0.5590313187839495
2014,92,0.8840338216924417,0.8775660131816463,0.47868360205125654
2014,93,0.9120209854826119,0.9065110616682757,0.41693890773271014
2014,94,0.8886581712353722,0.847613450316947,0.4690423455258305
2014,95,0.9288499573459857,0.918181436547584,0.3749474982566156
2014,96,0.9362253531183691,0.923135048906427,0.35498247179851855
2014,97,0.8262974205043238,0.8948826665547204,0.5858494300297269
2014,98,0.9214792731563778,0.8813022123336549,0.3938900709337163
2014,99,0.9124707905357646,0.8748583182905838,0.41587171261221806
2014,100,0.8861250416577168,0.858947987070232,0.47434791217496886
2014,101,0.936170512239015,0.9229671298434153,0.3551350666660808
2014,102,0.9145179655715224,0.8773561143528817,0.41097963550331473
2014,103,0.9030946248316535,0.8399941228327945,0.4375793425831796
2014,104,0.9165964020903486,0.8849544519541579,0.40595254718805157
2014,105,0.8901112573802581,0.8695478779228409,0.4659716340407155
2014,106,0.908172589549588,0.8956592922211493,0.42596022374779424
2014,107,0.8682847126320745,0.8818269594055664,0.5101536164623702
2014,108,0.9231777593241164,0.8752151462994835,0.38960665166578806
2014,109,0.8851467357865896,0.870660341715293,0.47638112881552946
2014,110,0.9146668168639197,0.8996683598505519,0.41062165674958456
2014,111,0.8908368386113151,0.8580454221065444,0.464430710820834
2014,112,0.9355717368834272,0.9190420217455185,0.35679691417566345
2014,113,0.9235647374078043,0.9021031862642205,0.3886241264100217
2014,114,0.9064877585004939,0.8892363880609544,0.429850178521456
2014,115,0.9399538882165659,0.9412283279459299,0.34444931311736626
2014,116,0.8722939321911507,0.8727803198858148,0.5023294546129088
2014,117,0.9403492291362534,0.9301876495529154,0.34331352107785146
2014,118,0.9126801757356181,0.8944208891314385,0.4153739957891129
2014,119,0.8924276728774662,0.8837160488644472,0.4610342177941408
2014,120,0.9135275767525421,0.91820242643046035,0.41335356977481075
2014,121,0.942661719088749,0.9276268838419881,0.336593102275342
2014,122,0.8596732920456344,0.8897401452499895,0.5265662821070101
2014,123,0.9300482907764384,0.9028168422820199,0.3717765929860804
2014,124,0.9098451372983537,0.8924688300239283,0.4220631695293169
2014,125,0.9044260003925351,0.8894043071239661,0.4345630118551062
2014,126,0.9253254467000197,0.9018932874354559,0.38412201157113274
2014,127,0.9190873163389738,0.8921120020150287,0.3998445499207217
2014,128,0.8556636920808567,0.9092607363250911,0.5340361715417156
2014,129,0.9142257202407044,0.8941900004197975,0.4116815631090481
2014,130,0.8993825078313088,0.8989756937156288,0.4458816731530899
2014,131,0.9280651281370113,0.8982200579320766,0.37700977881169057
2014,132,0.9401664756292043,0.9151798832962511,0.3438390278458893
2014,133,0.9475339672929117,0.9361277864069516,0.32197488048324313
2014,134,0.8926011481645395,0.8385038411485662,0.4606623270143834
2014,135,0.9041499437204241,0.8714579572645983,0.4351901568840921
2014,136,0.8987963834162653,0.8686453129591535,0.44717847869056204
2014,137,0.9111090973723174,0.8472566223080473,0.41909408942916
2014,138,0.8481899757223325,0.883149322026783,0.5476878451099444
2014,139,0.936282996801198,0.8912514168170941,0.35482200738248304
2014,140,0.8817654605346867,0.8967297762478483,0.48334258438841227
2014,141,0.8963858489693844,0.8816170605768019,0.45247273457123666
2014,142,0.8995520775039694,0.8737248646152552,0.44550579471504853
2014,143,0.8970532240097968,0.8569329583140924,0.4510132002234767
2014,144,0.8927910246647937,0.8698417362831113,0.4602549313881968
2014,145,0.9175233685085057,0.9049158305696652,0.403690319765475
2014,146,0.9109730071350491,0.9076445153436042,0.4194147791699388
2014,147,0.9295691586500227,0.9120104109819065,0.3730476564632527
2014,148,0.930861062246718,0.9093866756223499,0.3696104395258402
2014,149,0.914576797988723,0.8786994668569748,0.4108381842193388
2014,150,0.8915153509725842,0.8560723731161578,0.46298510788842845
2014,151,0.8923838985025782,0.8427857772553627,0.4611280125112944
2014,152,0.9346316177075054,0.9123882288736828,0.35939062709397546
2014,153,0.9088725070215187,0.8695478779228409,0.42433376338993106
2014,154,0.9165534931892116,0.8930145669787162,0.4060569595774914
2014,155,0.9222670738581856,0.9055455270559588,0.3919091345273721
2014,156,0.8977686453033438,0.8695478779228409,0.4494433259667381
2014,157,0.9376417883422743,0.9174467906469079,0.3510182556586274
2014,158,0.9047650973913769,0.8759917719659123,0.43379141103405566
2014,159,0.8662842169245311,0.843814281516309,0.5140131312416819
2014,160,0.9284044201324547,0.8976743209772887,0.376119615334652
2014,161,0.9134614665252254,0.9029637714621551,0.4135115489108946
2014,162,0.9353783562479263,0.9027748625162669,0.35733197374700215
2014,163,0.9234418799127453,0.9011796314176566,0.38893632666093747
2014,164,0.9388194328845295,0.9200915158893412,0.34768794011014803
2014,165,0.8950893344644572,0.8597456026195371,0.4552948091367351
2014,166,0.9292777321874724,0.8940430712396624,0.373818652013818
2014,167,0.9248586674602981,0.9172788715838964,0.38532068535231084
2014,168,0.9099009428054685,0.9114646740271186,0.42193252158362554
2014,169,0.9188882049223405,0.9101213215230257,0.4003362200314995
2014,170,0.9093550912278365,0.8879979849712436,0.4232086989596468
2014,171,0.8854694870140688,0.8628730951681287,0.4757113143226786
2014,172,0.9045293522446443,0.8826665547206246,0.43432798433262143
2014,173,0.9190510325443709,0.9195877587003062,0.3999341913142789
2014,174,0.9068596767870026,0.8934133747533688,0.4289945236111194
2014,175,0.9304520686987523,0.9005709248142394,0.3707020485999513
2014,176,0.9215232342772308,0.8978002602745475,0.3937797925777543
2014,177,0.9416282481666357,0.926472440283783,0.3396129494435976
2014,178,0.9308426214602635,0.8719617144536332,0.3696597276186484
2014,179,0.9262283197812348,0.8851013811342932,0.3817927835736094
2014,180,0.9392993161200234,0.9102892405860373,0.3463216722622308
2014,181,0.939735353872215,0.932391587254943,0.34507554550838854
2014,182,0.8933580580819022,0.8402879811930647,0.45903616250658513
2014,183,0.8835741119145503,0.8592208555476258,0.4796314554785816
2014,184,0.9329910621671131,0.8939591117081565,0.3638725085314637
2014,185,0.9413262666665019,0.9296209227152511,0.3404902961427743
2014,186,0.8875279728041098,0.8701146047605053,0.4714168909381152
2014,187,0.9296721593928131,0.9172998614667729,0.37277477711448537
2014,188,0.9268310937433931,0.9069938289744343,0.3802298072723323
2014,189,0.8807973515610161,0.8723605222282858,0.4853173641067602
2014,190,0.9196151244222688,0.8810083539733846,0.398538286996095
2014,191,0.927690040690901,0.8845346542966288,0.37799141519371426
2014,192,0.9065066041008732,0.9258637336803658,0.4298068623056408
2014,193,0.9169670780431992,0.8633768523571637,0.40504944218383687
2014,194,0.8566006234585395,0.8422400403005749,0.5323000529957433
2014,195,0.9240075817195432,0.8904328113849124,0.3874967018591834
2014,196,0.9421457875921964,0.9320137693631668,0.33810404819846407
2014,197,0.9112772951599533,0.8798539104151797,0.4186974004910032
2014,198,0.8968392131227753,0.8812812224507786,0.4514817511938017
2014,199,0.9162852484920062,0.9114436841442423,0.40670908532768774
2014,200,0.8942501622029889,0.9041392049032364,0.4571121161503413
2014,201,0.9189271353549351,0.9052096889299355,0.40024013577680306
2014,202,0.9078355066929814,0.876810377398094,0.42674132147005867
2014,203,0.9386613709445205,0.9353511607405229,0.34813678182089425
2014,204,0.8973595272391087,0.89754838168003,0.45034173814771544
2014,205,0.921506370241022,0.9216237773393223,0.3938221003863018
2014,206,0.9028277679115512,0.8726753704714325,0.4381814288722212
2014,207,0.9437035614769413,0.9393182486041726,0.33352111831009357
2014,208,0.9019172035465635,0.8650350531044034,0.44022965827903615
2014,209,0.9213944943983755,0.8962889887074429,0.39410265494479296
2014,210,0.8722768808696816,0.85997649133117815,0.5023629890223046
2014,211,0.8886697621935731,0.8900549934931361,0.4690179306595523
2014,212,0.9135730457340948,0.8931824860417278,0.4132448805739557
2014,213,0.9136738203714897,0.8775660131816463,0.41300388660436355
2014,214,0.8893590866210425,0.8822047772973424,0.4675636648119675
2014,215,0.8334524493290805,0.8576885940976448,0.5736566110050231
2014,216,0.91911077817381,0.8884387725116492,0.3997865752836753
2014,217,0.9040146703064582,0.9079803534696274,0.43549714106569604
2014,218,0.8681642594331643,0.8951765249149909,0.5103868300619993
2014,219,0.9057535719831533,0.8591368960161201,0.4315343065947678
2014,220,0.9154119891705349,0.9022081356786027,0.4088248479945154
2014,221,0.851760418934493,0.8937492128793919,0.5412089467415054
2014,222,0.9298274464472175,0.9055665169388353,0.37236299789409455
2014,223,0.9241841806986921,0.9082742118298979,0.38704618767084614
2014,224,0.8929196336651036,0.8714579572645983,0.45997878524839675
2014,225,0.8918236718369886,0.9076235254607278,0.4623267219359816
2014,226,0.929143807371458,0.8802527181898323,0.37417242966506337
2014,227,0.9050141178440617,0.8499643171991098,0.4332239003960698
2014,228,0.88823569906063,0.8671760211578018,0.46993136327920715
2014,229,0.8867879466389407,0.8827085344863774,0.4729652264557193
2014,230,0.9413290294504766,0.9228831703119096,0.3404822796748056
2014,231,0.9336895839295516,0.9340707778850593,0.36197098059071103
2014,232,0.897029019736544,0.8847235632425169,0.4510662169646804
2014,233,0.94271995486607,0.9177826287729313,0.3364221280124715
2014,234,0.9282754020459693,0.9027118928676376,0.37645835406177874
2014,235,0.9273348428997058,0.9150539439989923,0.3789186542776926
2014,236,0.9246373110709334,0.9062172033080054,0.3858878197743518
2014,237,0.9082586426243309,0.8735359556693671,0.4257605895733561
2014,238,0.8650475407556141,0.8640065488434573,0.5163845969826701
2014,239,0.9088534433627532,0.8493346207128162,0.4243781458851536
2014,240,0.821163623706425,0.8786994668569748,0.5944438092158212
2014,241,0.8793730202716536,0.8776289828302756,0.4882082396338387
2014,242,0.9223274638436795,0.9082742118298979,0.3917568696722245
2014,243,0.9252195270287251,0.9168170941606143,0.3843943376726671
2014,244,0.9003590930509227,0.8631459636455228,0.443712551308321
2014,245,0.9057910405183691,0.9102052810545316,0.43144851784896054
2014,246,0.9115431441415366,0.9098274631627554,0.41806963680027515
2014,247,0.9364039446372066,0.9154317618907685,0.35448508523857947
2014,248,0.8460303868285461,0.8479492884429704,0.5515696829795388
2014,249,0.9253856318815052,0.9087569791360562,0.3839671856497893
2014,250,0.9079594338388638,0.8578775030435328,0.4264543203609662
2014,251,0.9303247480039064,0.8960790898786783,0.3710412136910678
2014,252,0.9250216044664524,0.9093866756223499,0.3849026925613597
2014,253,0.9003470442734549,0.913374753368876,0.44373937780130157
2014,254,0.8851617454670313,0.8776499727131521,0.4763499996953092
2014,255,0.9194823959747822,0.910918937072331,0.3988671769159653
2014,256,0.903185235793714,0.895050585617732,0.43737471637954023
2014,257,0.9267082170421196,0.8728432895344442,0.38054894410119544
2014,258,0.9370934453185098,0.9355400696864109,0.3525582062131652
2014,259,0.9314696177928389,0.899815289030687,0.3679802031404757
2014,260,0.9060514972627184,0.905272658578565,0.43085169853616145
2014,261,0.9397837355258432,0.9279417320851348,0.3449370009489185
2014,262,0.9225384948880879,0.8979471894546828,0.39122431919804196
2014,263,0.9342701011196191,0.9081272826497626,0.36038305284196115
2014,264,0.8763313883237559,0.8720666638680155,0.49432505176864394
2014,265,0.8975559739700054,0.8858780068007219,0.4499105703495728
2014,266,0.9174896064080121,0.9011376516519035,0.4037729373407123
2014,267,0.9179901908245324,0.8883548129801434,0.4025462437668535
2014,268,0.9438648281358825,0.9311531841652322,0.33304307376752473
2014,269,0.909019811019222,0.8778388816590401,0.4239906652877826
2014,270,0.8773109513098414,0.8945678183115736,0.4923634173669656
2014,271,0.9143395949808428,0.9109819067209602,0.41140819619117325
2014,272,0.9425527445285532,0.9116745728558832,0.33691280730585926
2014,273,0.8869619111023663,0.8737248646152552,0.47260170167302545
2014,274,0.9119834098542932,0.8756769237227654,0.4170279350369177
2014,275,0.9092999357178542,0.8759078124344064,0.42333743615070174
2014,276,0.8892078015889534,0.8782586793165692,0.4678832175811768
2014,277,0.9243541922374644,0.9057974056504763,0.3866119824534358
2014,278,0.948581598099214,0.9273959951303471,0.3187441076559821
2014,279,0.8700438636028764,0.8626422064564878,0.5067354335627724
2014,280,0.9319818837681271,0.9177406490071784,0.36660229365235997
2014,281,0.9112009480746721,0.89754838168003,0.41887750913564636
2014,282,0.9030350263415624,0.8984509466437176,0.4377138813511805
2014,283,0.9171332780162709,0.8890684689979428,0.40464386253336626
2014,284,0.9221011214941992,0.8728222996515678,0.3923272557468089
2014,285,0.9181013490468181,0.8814071617480373,0.4022733404510073
2014,286,0.8989054792370526,0.8391125477519833,0.4469373882071061
2014,287,0.9162880367072411,0.8704924226522814,0.4067023123164203
2014,288,0.922526716824749,0.8906637000965534,0.39125406100115206
2014,289,0.915657959761265,0.8865916628185213,0.40823001133976505
2014,290,0.8994889959290748,0.8518953864237435,0.44564566219871016
2014,291,0.9208158163075494,0.871814785273498,0.39555064753556607
2014,292,0.9230823733841789,0.9004869652827334,0.38984845317856237
2014,293,0.9441536023922945,0.9189370723311362,0.33218533815855605
2014,294,0.9204311963069246,0.8823097267117248,0.3965101345681262
2014,295,0.9283228507847958,0.9026069434532553,0.37633381220447604
2014,296,0.9468167909141458,0.9247512698879138,0.32416800437613297
2014,297,0.9187360018376926,0.865475840644809,0.40071165155782207
2014,298,0.911319513183221,0.8989127240669995,0.4185977716533542
2014,299,0.9187233724646808,0.8960580999958019,0.4007427879799959
2014,300,0.8902111812866921,0.9175097602955374,0.4657597274589991
2014,301,0.9300845391381662,0.8859619663322277,0.37168025482043027
2014,302,0.9090172661062066,0.8635657613030517,0.42399659521510485
2014,303,0.9147768930497278,0.8831913017925358,0.41035672902776715
2014,304,0.8980006714345502,0.8921329918979051,0.4489330038933913
2014,305,0.9099158953961253,0.8927836782670752,0.42189750875300625
2014,306,0.9098361843603663,0.8768943369295998,0.4220841257565397
2014,307,0.9423904052171351,0.9267662986440535,0.3373885098205242
2014,308,0.9232121872737119,0.8931824860417278,0.3895193406137657
2014,309,0.9082812934903326,0.8902019226732714,0.42570802635826377
2014,310,0.9163674007167493,0.8579614625750387,0.4065094773929368
2014,311,0.9189164614730547,0.939801015910331,0.4002664822945109
2014,312,0.8251483471472512,0.9082322320641448,0.5877839848666109
2014,313,0.8985746020922121,0.833172410897947,0.44766819221810017
2014,314,0.9088577281719292,0.8609210360606186,0.42436817073737204
2014,315,0.9159252639041405,0.9173838209982786,0.40758259891265797
2014,316,0.8846716491724602,0.8766844381008353,0.4773653791904011
2014,317,0.9222258823001439,0.8837160488644472,0.39201295931947794
2014,318,0.9072418835687799,0.8570169178455983,0.4281134166628602
2014,319,0.9251946718669352,0.8901179631417654,0.384458213904745
2014,320,0.9295279320301157,0.9228202006632801,0.373156822019929
2014,321,0.9099021899801413,0.8701146047605053,0.42192960132345964
2014,322,0.8204025384501836,0.8454934721464253,0.5957073723093695
2014,323,0.9427318254266538,0.9120943705134122,0.3363872666033545
2014,324,0.9111545448219832,0.8737878342638846,0.4189869401477731
2014,325,0.9289358359412101,0.8962889887074429,0.37472114781819665
2014,326,0.9301875688530286,0.902543973804626,0.3714062937503749
2014,327,0.918911488876558,0.9129969354770999,0.4002787556438794
2014,328,0.9351598749203182,0.9182863859619661,0.3579355214376475
2014,329,0.9345474576671818,0.9191469711599007,0.35962190557705104
2014,330,0.9277415148872747,0.8944628688971913,0.37785685372834044
2014,331,0.9099204240983254,0.8903698417362829,0.42188690381777316
2014,332,0.904994473389675,0.8777969018932873,0.4332686965646253
2014,333,0.9298470426470007,0.8817849796398135,0.3723110017159004
2014,334,0.9288828363674065,0.9253389866084546,0.37486085508042893
2014,335,0.9214732066830063,0.9025019940388731,0.3939052865180034
2014,336,0.9142210175566488,0.9093237059737206,0.4116928484371958
2014,337,0.9155012814715645,0.86996767558037,0.40860901037225134
2014,338,0.9197796221238415,0.8937282229965154,0.39813029851880755
2014,339,0.939002780194984,0.9260946223920068,0.3471665696529696
2014,340,0.9341343163350986,0.8964988875362074,0.3607551003412368
2014,341,0.9292862617999706,0.9119684312161537,0.37379610872942853
2014,342,0.9280100948135391,0.9321397086604256,0.3771539657254106
2014,343,0.933008693824799,0.9124092187565592,0.3638246335926565
2014,344,0.901999722541206,0.8807564753788673,0.4400444323573486
2014,345,0.9224489596595686,0.8850803912514167,0.3914503556182106
2014,346,0.8770883210082072,0.8644473363838628,0.4928099337259381
2014,347,0.9229744973882705,0.9004449855169806,0.3901217361490475
2014,348,0.9332583923824301,0.9076445153436042,0.3631459537517694
2014,349,0.9157743934552903,0.897821250157424,0.40794813445044137
2014,350,0.9302483163727606,0.9131018848914821,0.3712446683705801
2014,351,0.8996742582850922,0.8720876537508919,0.4452347646777474
2014,352,0.9229431396974975,0.9083791612442801,0.39020113888927505
2014,353,0.8967876403887659,0.8591578858989966,0.4515945907698174
2014,354,0.9118064109017366,0.898891734184123,0.4174470403192082
2014,355,0.9143004859317659,0.8916712144746229,0.41150210157993566
2014,356,0.9344961423424194,0.8924898199068046,0.35976285120415696
2014,357,0.8928010059935397,0.8826455648377481,0.46023350565078264
2014,358,0.9262171743547349,0.9012426010662858,0.38182162311397516
2014,359,0.9134895048770791,0.908610049955921,0.4134445549307861
2014,360,0.8848124724476633,0.9017463582553207,0.47707384337345843
2014,361,0.8864864667278232,0.8737878342638846,0.4735945530539524
2014,362,0.9174154237112577,0.8763276100919355,0.40395440681764305
2014,363,0.926390201136075,0.9101423114059021,0.3813736588108095
2014,364,0.9500172252961344,0.9182653960790896,0.3142628600359885
2014,365,0.9152222231821013,0.8804836069014733,0.40928317292576893
2014,366,0.8996221761234375,0.8863607741068803,0.4453503171763903
2014,367,0.8778840998814126,0.8549179295579529,0.4912120198316493
2014,368,0.9218974130269455,0.8804416271357205,0.3928398960118046
2014,369,0.9199123479379541,0.9115486335586246,0.3978008059102413
2014,370,0.9207988583792961,0.8628311154023759,0.3955930004405233
2014,371,0.8341115852498965,0.8466059359388773,0.5725203212999601
2014,372,0.9210635919306708,0.9002770664539689,0.3949313029078662
2014,373,0.9167662860263087,0.8809453843247552,0.4055388961435962
2014,374,0.9407964834135337,0.9249821585995548,0.3420240377690043
2014,375,0.8606756401758698,0.8787204567398512,0.5246822906850606
2014,376,0.9204931513706118,0.8895722261869777,0.39635573615246067
2014,377,0.9158887819250401,0.9071407581545693,0.40767101909599107
2014,378,0.912403498263751,0.8901599429075183,0.4160315425475759
2014,379,0.930199772873662,0.8948406867889676,0.3713738292730236
2014,380,0.8377955083065666,0.92571680450023075,0.5661275840465201
2014,381,0.943261513935112,0.9268502581755592,0.33482798523193574
2014,382,0.9302753988359416,0.9054195877587,0.37117258985099216
2014,383,0.9295416470737268,0.876999286343982,0.37312050897232746
2014,384,0.9076070948591426,0.8949246463204734,0.42726979207297106
2014,385,0.8983093725772162,0.913143864657235,0.448253140849189
2014,386,0.9153409565468719,0.8762016707946768,0.40899646692310015
2014,387,0.9260593752228454,0.8886486713404137,0.38222970548146895
2014,388,0.9078509295027195,0.8904538012677888,0.4267056145218921
2014,389,0.9436814143763169,0.9228831703119096,0.33358671570520865
2014,390,0.9129035109665512,0.9059443348306115,0.4148424610472968
2014,391,0.9196445252796854,0.8807354854959907,0.3984653974203339
2014,392,0.9190614230789311,0.890831619159565,0.3999085228991913
2014,393,0.9235432911002535,0.9039502959573484,0.38867864292312226
2014,394,0.9052571197576933,0.8917761638890054,0.4326693882341559
2014,395,0.9170386005004169,0.9221905041769864,0.4048749549326387
2014,396,0.9240461704487138,0.8965408673019603,0.38739830451655216
2014,397,0.9376012890924718,0.915872549431174,0.3511322235564457
2014,398,0.8939703465669829,0.8589899668359848,0.4577164793384764
2014,399,0.8902868334014767,0.8464170269929892,0.4655992294190739
2014,400,0.9146732894247322,0.9032576298224253,0.41060608353441225
2014,401,0.9250685092764674,0.9085051005415389,0.38478228046174573
2014,402,0.9177379386884384,0.883149322026783,0.4031648599249021
2014,403,0.9005873313218106,0.882918433315142,0.4432040741736617
2014,404,0.8896965857718305,0.8713110280844631,0.4668499918180135
2014,405,0.9355964025133352,0.8745434700474369,0.35672860981141924
2014,406,0.8581802746654146,0.8682465051845009,0.5293600928385371
2014,407,0.9230002804352486,0.89393812182528,0.3900564371988139
2014,408,0.9291020570573861,0.8897821250157423,0.3742826495015975
2014,409,0.921585847667111,0.8809453843247552,0.3936226708653888
2014,410,0.8793848755520918,0.8256580328281766,0.4881842483682806
2014,411,0.8970530191040521,0.8753200957138657,0.4510136490726462
2014,412,0.9340424685787975,0.9241005835187437,0.3610065438961875
2014,413,0.9106390548612519,0.8786364972083455,0.4202006835918054
2014,414,0.9088523033166613,0.8827085344863774,0.42438079990277
2014,415,0.9204330480304896,0.897779270391671,0.39650552075342926
2014,416,0.9185090639717608,0.8968557155451071,0.4012707752176197
2014,417,0.9238115160269139,0.9096805339826202,0.3879962639800586
2014,418,0.9296963153181754,0.9466647076109314,0.3727107520216194
2014,419,0.9473621685235502,0.913605642080517,0.32250159917671617
2014,420,0.9160370721110414,0.913332773603123,0.40731149344973705
2014,421,0.923449788182534,0.8862768145753744,0.3889162380483011
2014,422,0.9053324763238438,0.8878090760253557,0.43249728577586277
2014,423,0.8963734526587437,0.8711431090214514,0.45249980049208255
2014,424,0.9193052901663868,0.9049788002182946,0.39930560831005313
2014,425,0.91852899085119,0.8947147474917089,0.40122171109083854
2014,426,0.9108747502987453,0.8890054993493134,0.41964616407655303
2014,427,0.8865795996837895,0.8538894252970067,0.4734002312399672
2014,428,0.9148465820563114,0.8849754418370344,0.41018891537725943
2014,429,0.9298879007657573,0.8936862432307626,0.3722025662111503
2014,430,0.9018149342689494,0.8738298140296376,0.44045910850357345
2014,431,0.9169041644391036,0.8731791276604675,0.4052028650332667
2014,432,0.8997596078471645,0.9092187565593383,0.44504533833021803
2014,433,0.8215501909536077,0.8692750094454471,0.593800995868209
2014,434,0.8509705377760838,0.8334242894924645,0.5426489224802189
2014,435,0.8905907703286541,0.8722345829310271,0.46495386046645454
2014,436,0.8836876827064468,0.8134209311112043,0.4793974636419117
2014,437,0.915370469048889,0.8817010201083076,0.4089251717566069
2014,438,0.935847539991944,0.9118844716846477,0.3560324108929957
2014,439,0.9094538847345409,0.8958272112841609,0.42297800939071967
2014,440,0.8888733499346912,0.8582133411695562,0.4685888918088375
2014,441,0.925873264275443,0.8843877251164938,0.38271044543637994
2014,442,0.9384045911505061,0.9243104823475082,0.34886471730417573
2014,443,0.9247551108130356,0.9109819067209602,0.38558611037484397
2014,444,0.9167323396672875,0.8945258385458208,0.4056215859873007
2014,445,0.9442761709838204,0.9317199110028965,0.33182060690152926
2014,446,0.9101515202826908,0.8936652533478862,0.4213453878078789
2014,447,0.923536788296469,0.8971915536711303,0.3886951715394215
2014,448,0.9166405028840765,0.9209311112043992,0.4058452065144289
2014,449,0.9281529453018018,0.9177616388900549,0.37677958419521473
2014,450,0.9509619581301771,0.9467276772595606,0.3112787242593311
2014,451,0.9396766161666243,0.9149070148188571,0.345243670691721
2014,452,0.927359071338674,0.9129549557113469,0.3788554783812512
2014,453,0.9095597759886679,0.9077914445237393,0.4227306063160883
2014,454,0.9127153975256451,0.8882288736828846,0.41529021360440527
2014,455,0.8903185694111989,0.8934343646362453,0.46553188412751784
2014,456,0.9274581747625957,0.8874942277822088,0.37859695546313504
2014,457,0.9273675543714054,0.895554342806767,0.3788333562985863
2014,458,0.9047231499693306,0.8844087149993702,0.4338869349839379
2014,459,0.91298109837778,0.9080643130011333,0.4146576446196242
2014,460,0.9182616895902816,0.8982200579320766,0.40187936371284155
2014,461,0.9193565926011118,0.919713697997565,0.39917865694655874
2014,462,0.9281049740587273,0.931510012174132,0.376905348355392
2014,463,0.8888461257137739,0.8299399689349731,0.468646286620459
2014,464,0.9106019228933744,0.9050207799840476,0.42028797708304894
2014,465,0.8683133802997155,0.871353007850216,0.5100980962927882
2014,466,0.9200391163699068,0.8914823055287351,0.39748584752157406
2014,467,0.912923653194437,0.9263255111036479,0.4147944893400777
2014,468,0.9002229907335407,0.8759497922001593,0.44401548762333576
2014,469,0.9414613861720789,0.9289072666974517,0.3400980132960793
2014,470,0.915252967328649,0.8838629780445822,0.4092089541663265
2014,471,0.9370703707073293,0.9119684312161537,0.3526228608242505
2014,472,0.9422485405544755,0.9295159733008688,0.3378036670295724
2014,473,0.9060547311313303,0.9155157214222742,0.4308442831451024
2014,474,0.908841716742071,0.8796230217035387,0.4244054445658213
2014,475,0.9269167027156381,0.8968347256622305,0.38000730422015067
2014,476,0.8539451945290237,0.8855421686746986,0.537205936340095
2014,477,0.9223855393465202,0.89689769531086,0.3916103846164009
2014,478,0.9307905909472028,0.9012216111834095,0.36979875811299345
2014,479,0.9091532001507758,0.8980941186348178,0.423679737754838
2014,480,0.9143382819067722,0.8782166995508164,0.41141134938292107
2014,481,0.8848985890769554,0.9136896016120228,0.47689547478670746
2014,482,0.9229691893521943,0.9076025355778514,0.390135178090384
2014,483,0.9184000666599348,0.8742286218042902,0.401539043215168
2014,484,0.9382710585290563,0.9034045590025606,0.349242664302479
2014,485,0.9328809216376197,0.9255069056714662,0.36417142877401165
2014,486,0.8848817259040156,0.876999286343982,0.4769304077917475
2014,487,0.9427732069736507,0.8931195163930983,0.3362657092012127
2014,488,0.881250368336041,0.8579404726921621,0.48439428817890934
2014,489,0.916259218865071,0.8938121825280212,0.4067723099253783
2014,490,0.9256999447210859,0.901116661769027,0.383157601751582
2014,491,0.8935370334632872,0.8606901473489776,0.45865080440984085
2014,492,0.8690827844991943,0.8359220855547624,0.5086057405326802
2014,493,0.9227037815168626,0.9214558582763106,0.3908067009209958
2014,494,0.9054853451960138,0.8501532261449979,0.43214794694228237
2014,495,0.8992015841810652,0.856030393350405,0.44628237042063
2014,496,0.9346169417918148,0.9019352672012088,0.3594309683901202
2014,497,0.918497803507488,0.9067209604970402,0.40129849817287766
2014,498,0.895670386771197,0.8636287309516811,0.4540322233870402
2014,499,0.8922534869012194,0.8704294530036522,0.4614073305411483
2014,500,0.9150030124293747,0.8595566936736491,0.40981197512862705
2014,501,0.9333329210979129,0.8905167709164181,0.3629431390286625
2014,502,0.9132559392703848,0.8796020318206623,0.41400229845786624
2014,503,0.8929298408649577,0.901431510012174,0.45995686149410275
2014,504,0.8966074145700402,0.9070148188573106,0.45198869815427645
2014,505,0.9086364525938126,0.8581083917551738,0.4248829998359254
2014,506,0.8192751601877457,0.9051467192813062,0.5975741495474401
2014,507,0.9019779917709404,0.9075395659292219,0.4400932178030178
2014,508,0.9247352755415824,0.8906637000965534,0.3856369291167015
2014,509,0.933934528205166,0.9063431426052642,0.3613018191350186
2014,510,0.9185812914796632,0.9023340749758615,0.4010929075037616
2014,511,0.9118480754558351,0.8961630494101841,0.4173484231768813
2014,512,0.8866076261039614,0.8767893875152175,0.47334173852845035
2014,513,0.9316539565392017,0.9214558582763106,0.36748495793444785
2014,514,0.9218995380818943,0.89920658242727,0.3928345516815078
2014,515,0.9121774638017736,0.8525460727929136,0.41656796168804
2014,516,0.9135958544650002,0.8865916628185213,0.4131903477415047
2014,517,0.8905678060590003,0.86373368036606335,0.46500265326777745
2014,518,0.8964061880569497,0.9346584946055999,0.452428323001266
2014,519,0.9065881967816196,0.8668401830317785,0.4296192728593788
2014,520,0.9205612377297296,0.9027958523991434,0.3961859885178723
2014,521,0.9087726740471146,0.8575836446832625,0.42456613511634234
2014,522,0.9413352511734163,0.9151588934133746,0.34046422609094634
2014,523,0.905609330177705,0.8933084253389865,0.43186440658263187
2014,524,0.9265361595662646,0.9250031484824313,0.3809953645977493
2014,525,0.9346885491750666,0.8925317996725576,0.35923409046257043
2014,526,0.9121868605536185,0.8933923848704921,0.41654567532144027
2014,527,0.9316287570274959,0.9096805339826202,0.3675526984179891
2014,528,0.9028861061679414,0.9040762352546071,0.4380498759694364
2014,529,0.8637779148292343,0.8350824902397043,0.5188079706961896
2014,530,0.9296594257452453,0.9033835691196842,0.3728085231228069
2014,531,0.9367437976754728,0.8937282229965154,0.3535366442250483
2014,532,0.9121056400077131,0.8721296335166447,0.4167382675003788
2014,533,0.9305371568782895,0.9178246085386842,0.37047521211911744
2014,534,0.8854590904227273,0.8794551026405271,0.47573290535448537
2014,535,0.9029169032036977,0.8835271399185591,0.4379804126471556
2014,536,0.9217464816855688,0.9109819067209602,0.3932192895593081
2014,537,0.9273515005066114,0.911149825783972,0.3788752205329946
2014,538,0.9116846027376678,0.8628101255194994,0.417735218365558
2014,539,0.9060337755763118,0.9086730196045505,0.4308923328114826
2014,540,0.9243559229274575,0.8922799210780401,0.386607559807051
2014,541,0.9417613112052492,0.9253809663742074,0.3392256412637942
2014,542,0.9158954633298241,0.8827505142521302,0.4076548270275985
2014,543,0.9178394884739018,0.8840938667562233,0.4029159362573311
2014,544,0.893940523511179,0.889866084547248,0.45778084597519586
2014,545,0.8916137694456635,0.8540993241257713,0.4627750476308898
2014,546,0.9311536611890954,0.8947987070232146,0.3688275067001577
2014,547,0.9128827018975538,0.8583602703496912,0.41489201511046603
2014,548,0.9043866958277472,0.876306620209059,0.4346523591379778
2014,549,0.9366736005977727,0.9207002224927582,0.35373275430678025
2014,550,0.9078950771551314,0.9015364594265561,0.42660338718596186
2014,551,0.9311901413676911,0.9018093279039502,0.368729776912458
2014,552,0.918167163317845,0.9050627597498004,0.4021116732720002
2014,553,0.9095821300022222,0.9112757650812308,0.42267836015129334
2014,554,0.9014044836198147,0.9086520297216739,0.44137879104567795
2014,555,0.9334975026538147,0.9141933588010577,0.3624948618626205
2014,556,0.9097169991171187,0.8683094748331303,0.42236300473477223
2014,557,0.915653507949573,0.8916502245917465,0.4082407849655359
2014,558,0.9180370140719335,0.8872633390705678,0.40243131109174596
2014,559,0.9400846886359275,0.9071407581545693,0.34407394595586127
2014,560,0.9031019460446718,0.8432895344443976,0.437562812684376
2014,561,0.9312599127339315,0.9060282943621173,0.3685427884074943
2014,562,0.8790549712728832,0.8364468326266739,0.4888514287721943
2014,563,0.9097675205732312,0.875655933839889,0.42224481316038015
2014,564,0.9292234146577191,0.895134545149238,0.37396217829721107
2014,565,0.9137117422787807,0.9259896729776246,0.41291316316705834
2014,566,0.9363951959015466,0.9088619285504385,0.3545094671726218
2014,567,0.915851328020375,0.8976113513286594,0.40776177495734633
2014,568,0.8576960654146363,0.8919021031862642,0.5302630089859091
2014,569,0.8953289466985902,0.8880189748541203,0.4547745733298679
2014,570,0.9076974074081331,0.8766004785693294,0.42706091641134664
2014,571,0.9314151283652142,0.9181184668989545,0.3681264670738818
2014,572,0.9229636475085786,0.8729692288317029,0.3901492116260728
2014,573,0.9286412267096323,0.904307123966248,0.3754970813038553
2014,574,0.8889062376550396,0.8774820536501404,0.4685195476830466
2014,575,0.9158856480043761,0.908463120775786,0.40767861378288034
2014,576,0.9332805374901781,0.9301666596700388,0.36308570218040825
2014,577,0.9181062854724242,0.9124302086394356,0.40226121679378235
2014,578,0.9159699273651088,0.8659795978338439,0.40747432341490586
2014,579,0.937223452354744,0.9367364930103689,0.35219370720591475
2014,580,0.9041048780958163,0.8578775030435328,0.43529245109391657
2014,581,0.887918647496764,0.8536585365853657,0.4705974389268026
2014,582,0.9061260197927622,0.8689391713194239,0.43068078294140716
2014,583,0.8128474580679442,0.8783006590823221,0.6081080365021655
2014,584,0.8887215643101877,0.8897611351328658,0.46890880061128476
2014,585,0.9277510285055373,0.9178036186558077,0.37783197841999716
2014,586,0.927967877381097,0.8868225515301623,0.3772645377447496
2014,587,0.9328777615473899,0.886486713404139,0.36418000160499375
2014,588,0.8976304656306989,0.8807564753788673,0.44974696549356047
2014,589,0.8892906366341686,0.8552537676839761,0.4677082757754792
2014,590,0.8970602862898744,0.8842827757021113,0.4509977299178911
2014,591,0.9335288134154209,0.9149280047017336,0.3624095167483464
2014,592,0.9219460921854516,0.8855001889089458,0.3927174538689671
2014,593,0.9174423930537455,0.8745434700474369,0.40388844247650024
2014,594,0.92120056830282,0.8818269594055664,0.3945884969277233
2014,595,0.918782616463356,0.9040552453717307,0.4005967070344721
2014,596,0.9307019695222333,0.9095965744511144,0.37003544275626854
2014,597,0.9249406691148495,0.9006129045799922,0.38511037793696806
2014,598,0.8593619890713089,0.9030897107594139,0.5271500299954099
2014,599,0.9187722759297547,0.896393938121825,0.40062220805215076
2014,600,0.9233521518289112,0.9039922757231014,0.3891641816016327
2014,601,0.935929090054831,0.922673271483145,0.35580604624185513
2014,602,0.8737123529151439,0.9067839301456697,0.4995319993116976
2014,603,0.8981907759798738,0.909722513748373,0.4485144520821094
2014,604,0.9395008649345931,0.9288442970488222,0.34574623591199194
2014,605,0.8889296638630092,0.8761596910289239,0.46847014700205336
2014,606,0.8619213051605115,0.8670081020947902,0.5223314964780178
2014,607,0.8881790550784938,0.9102472608202845,0.47005043265855456
2014,608,0.9473534493714866,0.9110238864867132,0.32252830833217805
2014,609,0.9267663776468104,0.9292431048234748,0.38039792205992157
2014,610,0.9214904793264905,0.8881239242685024,0.3938619627079251
2014,611,0.9279318828839087,0.909344695856597,0.3773587856362362
2014,612,0.9324847134597738,0.9112337853154777,0.3652447107159635
2014,613,0.8885125307406594,0.9152848327106332,0.4693490103071349
2014,614,0.9365977487177685,0.9255488854372191,0.35394454010949966
2014,615,0.9332527902644479,0.9106040888291841,0.3631611941981848
2014,616,0.9284953354910718,0.8890894588808191,0.3758807324854314
2014,617,0.9089905147109542,0.884261785819235,0.4240589238921555
2014,618,0.8965476699541324,0.9003820158683513,0.4521192684034986
2014,619,0.8950839093623477,0.9102892405860373,0.4553065810041866
2014,620,0.8966584866921402,0.8875362075479617,0.45187705149580387
2014,621,0.9174652067293486,0.8856681079719574,0.4038326340725948
2014,622,0.9127622236789434,0.8966038369505895,0.41517880190351547
2014,623,0.9011601270510416,0.878804416271357,0.44192540344768533
2014,624,0.9109625176449919,0.8723605222282858,0.41943948694357025
2014,625,0.8928107249587571,0.8800218294781914,0.46021264213959306
2014,626,0.9389715942595106,0.9162923470887031,0.3472553059166008
2014,627,0.9420272315161969,0.9151588934133746,0.33845029588888387
2014,628,0.9087982253437119,0.8814701313966666,0.42450667390316427
2014,629,0.9241835430677674,0.8961840392930605,0.3870478152473995
2014,630,0.8823302772658016,0.8525040930271608,0.48218671742671826
2014,631,0.9488802676147633,0.9377649972713151,0.3178170291065378
2014,632,0.9201278684916043,0.9087359892531798,0.3972651927137452
2014,633,0.9097578178775585,0.9137525712606521,0.42226751453586103
2014,634,0.8894458256645358,0.8869904705931739,0.4673803511732644
2014,635,0.9267131966411962,0.9147390957558456,0.38053601623068506
2014,636,0.9160454354893517,0.8666932538516433,0.4072912072053877
2014,637,0.910246219211246,0.9019772469669617,0.42112328345955236
2014,638,0.9279630886086522,0.9137735611435286,0.377277078011033
2014,639,0.8311167218264143,0.7543134209311111,0.5776651969477435
2014,640,0.9347298478372486,0.9201544855379705,0.35912049450649847
2014,641,0.9033665478015792,0.879727971117921,0.43696497282550784
2014,642,0.900386672012285,0.9194828092859241,0.44365114089687496
2014,643,0.9247303551874494,0.9023550648587378,0.3856495342199658
2014,644,0.9301849911212186,0.9265144200495359,0.37141315053049817
2014,645,0.9149059782637937,0.912220309810671,0.4100458329471513
2014,646,0.9153712492053871,0.9169010536921203,0.40892328691592833
2014,647,0.9054052005717896,0.9027958523991434,0.43233113015270447
2014,648,0.9313289538381133,0.9173838209982786,0.368357663582383
2014,649,0.9198863280398504,0.8937282229965154,0.3978654219626895
2014,650,0.935962352474207,0.9006129045799922,0.3557136758793387
2014,651,0.902073716673702,0.8700096553461231,0.43987827540679264
2014,652,0.9195403253040331,0.8896981654842364,0.39872366627761424
2014,653,0.9010111782770738,0.8829814029637713,0.4422582623685527
2014,654,0.9322738510769553,0.88967717560136,0.36581462853520824
2014,655,0.896283090270095,0.890831619159565,0.4526970475005511
2014,656,0.9062531710094527,0.8891944082952016,0.43038900804549146
2014,657,0.9113402911316381,0.8887326308719196,0.4185487297911384
2014,658,0.8697986100621106,0.8482431468032406,0.5072133643603137
2014,659,0.9237733719465401,0.9107510180093193,0.3880933777955552
2014,660,0.9150889030998255,0.9047059317409007,0.4096048623644915
2014,661,0.9352584321086571,0.9269971873556945,0.35766338644341583
2014,662,0.9144582851299048,0.8796650014692916,0.41112307597450903
2014,663,0.9057588029393407,0.8612778640695182,0.431522330711852
2014,664,0.9199071145250408,0.919293900340036,0.3978138030565663
2014,665,0.9156434953628536,0.9049788002182946,0.4082650149297224
2014,666,0.906657333532066,0.898660845472482,0.42946025666774057
2014,667,0.760093259162813,0.8193190881994876,0.6885002515271844
2014,668,0.9468553457908065,0.9191679610427771,0.32405048116158713
2014,669,0.8844705367104179,0.8723185424625329,0.47778141873691404
2014,670,0.9342348309420805,0.8927207086184457,0.3604797293149413
2014,671,0.878174031110142,0.8560094034675284,0.49062854815460616
2014,672,0.9026313824608602,0.8913353763485998,0.4386239885486744
2014,673,0.9195054872491473,0.8984929264094704,0.39880997817059566
2014,674,0.9022247762183818,0.8819738885857015,0.4395388698107627
2014,675,0.9313173899215323,0.9033625792368077,0.36838867722073415
2014,676,0.9301596365696275,0.9198186474119472,0.37148058702592085
2014,677,0.8826574501449433,0.8643004072037277,0.48151590668253547
2014,678,0.9015321263872168,0.8913563662314763,0.44109299175964667
2014,679,0.9153515377119873,0.9046429620922714,0.40897090678088777
2014,680,0.8710305464918799,0.8523571638470256,0.504808091596545
2014,681,0.9387113672815635,0.941564166071953,0.3479948719644249
2014,682,0.9405884730427696,0.9022291255614793,0.3426243582339854
2014,683,0.8901295238962945,0.9087359892531798,0.4659329038128919
2014,684,0.8929373483835255,0.8539104151798831,0.459940735641487
2014,685,0.8759458977029242,0.8888585701691782,0.4950948890032231
2014,686,0.8926938437131942,0.8467528651190124,0.4604634861318275
2014,687,0.9154758065615116,0.8994374711389109,0.4086706000243253
2014,688,0.8881775320966672,0.8815121111624195,0.47005363365023545
2014,689,0.9099812877354275,0.8846186138281347,0.4217443525791518
2014,690,0.938248414504464,0.9194408295201711,0.3493067147638743
2014,691,0.8780834053871794,0.8430166659670038,0.4908110022787402
2014,692,0.9189071565482464,0.8924478401410518,0.4002894483782739
2014,693,0.8870120183589583,0.911569623441501,0.47249694318040697
2014,694,0.927723499681326,0.9124721884051885,0.3779039536972728
2014,695,0.9447818428603967,0.8994584610217874,0.3303116048155786
2014,696,0.9095391883743158,0.8895512363041013,0.42277871831252084
2014,697,0.9228729884665124,0.9303345787330505,0.3903787146622466
2014,698,0.8920633798577307,0.8481591872717348,0.4618142027606687
2014,699,0.9065416997797674,0.8988497544183702,0.42972618398957585
2014,700,0.9084205323623139,0.9127450568825823,0.42538476831620115
2014,701,0.9053411722294707,0.8897611351328658,0.43247742129749356
2014,702,0.9182606754734383,0.8692959993283236,0.4018818567382384
2014,703,0.926497775492667,0.9262205616892656,0.3810948846084533
2014,704,0.9330892948219389,0.9158305696654211,0.36360569881019944
2014,705,0.8297656429175543,0.8950925653834849,0.5799712764129865
2014,706,0.9075814583174107,0.8900549934931361,0.42732906588898106
2014,707,0.9216048317544703,0.9064061122538934,0.39357501990392013
2014,708,0.9308836793328096,0.9068678896771754,0.3695499801438597
2014,709,0.9192926269951436,0.9068678896771754,0.39933693797805836
2014,710,0.9314728088176994,0.919944586709206,0.36797163578970327
2014,711,0.9273072173717302,0.9022711053272321,0.37899067526813424
2014,712,0.9118909422950201,0.8853112799630577,0.41724693598125273
2014,713,0.9355789670505176,0.9082112421812684,0.356776893663237
2014,714,0.9327623736310637,0.9241845430502497,0.3644928928935998
2014,715,0.9269740288417722,0.9138575206750346,0.37985823718965983
2014,716,0.8733901545436331,0.9039293060744719,0.5001688227620575
2014,717,0.9197620742132673,0.9086310398387974,0.39817384090194047
2014,718,0.935102079048397,0.9178455984215605,0.3580950105475789
2014,719,0.9085154589478415,0.8824566558918601,0.42516424512413353
2014,720,0.9080816848041771,0.8789303555686158,0.4261710117198261
2014,721,0.9315579726114588,0.9051257293984297,0.367742911961387
2014,722,0.9212965360417424,0.8881868939171317,0.3943481442906421
2014,723,0.9349389394616573,0.9276058939591116,0.3585448154389772
2014,724,0.90678924994856,0.8872633390705678,0.42915668226530695
2014,725,0.9274925008761908,0.9212459594475461,0.3785073705940654
2014,726,0.8819301081479071,0.8927207086184457,0.48300592757149113
2014,727,0.8971328910992399,0.8673019604550605,0.4508386543829601
2014,728,0.8756674408312403,0.8946517778430794,0.49565023257973356
2014,729,0.906290102261062,0.9107510180093193,0.4303042245352014
2014,730,0.9171248234671391,0.8827505142521302,0.40466450407727816
2014,731,0.8842666335240515,0.9151588934133746,0.47820286190402367
2014,732,0.8891207298789786,0.9052516686956886,0.46806703643876885
2014,733,0.9022827512752151,0.8783216489651986,0.43940853991493795
2014,734,0.9502700042163017,0.9323496074891902,0.31346718873907864
2014,735,0.9185097619956369,0.8699466856974937,0.40126905663887125
2014,736,0.9241698889917858,0.8902858822047771,0.38708266613976455
2014,737,0.9103659516205602,0.9045170227950126,0.42084229845801235
2014,738,0.9264443053346226,0.9159984887284328,0.3812334756461916
2014,739,0.9008920640054057,0.8739977330926492,0.4425242693380495
2014,740,0.9034716403122683,0.8734729860207379,0.43672730027406576
2014,741,0.9426854672071818,0.9265563998152889,0.33652339072684373
2014,742,0.9070841259226632,0.9157676000167916,0.42847731728752986
2014,743,0.8855445268219468,0.8509928214600561,0.4755554469743739
2014,744,0.9276397119602621,0.8859409764493512,0.3781229359360891
2014,745,0.9173473211442106,0.8758448427857771,0.4041209310290373
2014,746,0.8989086876117558,0.8913773561143526,0.44693029606216805
2014,747,0.9105470423753359,0.877922841190546,0.4204169624248242
2014,748,0.9310326311718577,0.8980311489861885,0.3691515587765718
2014,749,0.9257379565772865,0.8896561857184835,0.3830595776324669
2014,750,0.9283188197238347,0.8973384828512655,0.37634439439996786
2014,751,0.9206586113378938,0.9027958523991434,0.39594309772183106
2014,752,0.8964021715508049,0.8897821250157423,0.4524370936193738
2014,753,0.9076697870377058,0.878615507325469,0.4271248078909232
2014,754,0.9197531458204381,0.8956592922211493,0.3981959934784215
2014,755,0.9306444970878707,0.9067209604970402,0.37018885570289223
2014,756,0.9286036594180672,0.933504051047395,0.3755959097419762
2014,757,0.9027695848022335,0.8750682171193483,0.43831259259175004
2014,758,0.8787326324457598,0.8891524285294486,0.4895024309093982
2014,759,0.9065287159127139,0.9006548843457451,0.4297560332049838
2014,760,0.9143845147079596,0.8904747911506652,0.4113003122319537
2014,761,0.9163778109088823,0.9159984887284328,0.4064841764128284
2014,762,0.9226016937308097,0.9216447672221988,0.3910646917201899
2014,763,0.9049870285741669,0.8997523193820577,0.43328567211561875
2014,764,0.9196069509842203,0.8972125435540067,0.39855854792936596
2014,765,0.9001110387343167,0.8963309684731957,0.44426451536140205
2014,766,0.9126482312988345,0.8991646026615169,0.41544996751223395
2014,767,0.9258624228711771,0.9145921665757103,0.3827384310674679
2014,768,0.9137470235328232,0.9040552453717307,0.4128287392602905
2014,769,0.9261151229057425,0.8768313672809704,0.3820855868837713
2014,770,0.8948108498564001,0.8879140254397379,0.4558986970484635
2014,771,0.9342427359066237,0.909722513748373,0.3604580638561994
2014,772,0.8729244369761572,0.862978044582511,0.5010878808034321
2014,773,0.9128296736425391,0.8814911212795431,0.41501826818005966
2014,774,0.9322628157883481,0.9167331346291085,0.365844430211803
2014,775,0.9266357864927363,0.9051886990470591,0.3807369362707793
2014,776,0.9084034428084835,0.876348599974812,0.42542445678006213
2014,777,0.936837228778417,0.904307123966248,0.3532754562036521
2014,778,0.8259914326745834,0.8379790940766549,0.5863652079761552
2014,779,0.8990981474317101,0.8993954913731579,0.44651129346879226
2014,780,0.9182411606803479,0.8899710339616304,0.4019298273648993
2014,781,0.9327078527435194,0.904621972209395,0.36464064089005277
2014,782,0.833530603749095,0.9044960329121362,0.5735219976154143
2014,783,0.9155117971573467,0.9041811846689894,0.4085835843200817
2014,784,0.9315661876413475,0.9248562193022961,0.3677208413873082
2014,785,0.9198860493895982,0.8993954913731579,0.39786611388705806
2014,786,0.9123160101961624,0.8938331724108979,0.4162392489704514
2014,787,0.9068846550221634,0.8939171319424036,0.4289369961931416
2014,788,0.9273482200781578,0.909995382225767,0.3788837744538052
2014,789,0.9154185281692986,0.8881029343856259,0.4088090457737517
2014,790,0.875211176267747,0.8188783006590822,0.4965588463178358
2014,791,0.9346600470920611,0.8788673859199864,0.3593124672472441
2014,792,0.8857898215170389,0.8515805381805968,0.4750455814680899
2014,793,0.9529419485373758,0.9377230175055622,0.3049297853184248
2014,794,0.9393159453242323,0.9078544141723688,0.34627423088327774
2014,795,0.9236125030865874,0.9225053524201333,0.38850267856296405
2014,796,0.9370712452580974,0.9135846521976405,0.3526204105661722
2014,797,0.9035111181459207,0.8665463246715082,0.4366379855331751
2014,798,0.9356785483350757,0.9269552075899413,0.356501036228366
2014,799,0.9205153756479153,0.9216027874564459,0.39630033629951256
2014,800,0.9271605323713121,0.925590865202972,0.37937286060379777
2014,801,0.9066575850316256,0.8886276814575372,0.42945967810521196
2014,802,0.9682005376475635,0.9410813987657947,0.2506644621800118
2014,803,0.8761581693866808,0.8749002980563366,0.4946711238084669
2014,804,0.9291864048726484,0.8989547038327523,0.37405993980228264
2014,805,0.9294197046606327,0.8871793795390621,0.3734432495983257
2014,806,0.9263650900475602,0.9065530414340287,0.38143870375894295
2014,807,0.9176109316288077,0.9101003316401493,0.40347596952786724
2014,808,0.9320524315078133,0.9162293774400738,0.36641212613303614
2014,809,0.9305506797946594,0.8991436127786405,0.3704391485998366
2014,810,0.9321530337506998,0.9170689727551319,0.3661407732580323
2014,811,0.9317998876264572,0.9230510893749211,0.3670924250720975
2014,812,0.9397714997781541,0.9118424919188949,0.34497204420317845
2014,813,0.9244666915737668,0.911149825783972,0.38632439365299204
2014,814,0.8723547000105922,0.8791822341631332,0.5022099258453819
2014,815,0.8890520924621896,0.8496074891902101,0.4682118874190326
2014,816,0.8978315980809529,0.9068678896771754,0.44930492389381194
2014,817,0.9114953378215322,0.8689811510851768,0.41818259396441115
2014,818,0.9116975461687404,0.892091012132152,0.417704605781025
2014,819,0.9265532549800888,0.8914193358801056,0.3809510322272473
2014,820,0.9108668124496568,0.881071323622014,0.4196648513383861
2014,821,0.915433614156076,0.8712480584358337,0.4087725864715537
2014,822,0.8484534553598324,0.8620754796188236,0.5472123585164194
2014,823,0.9381659803948443,0.9285294488056756,0.3495397871977991
2014,824,0.8872012276236326,0.860942025943495,0.4721011565807379
2014,825,0.9330769866668652,0.8846396037110111,0.36363913971869305
2014,826,0.9360696718019109,0.9230930691406741,0.355415484412369
2014,827,0.9165770557210564,0.8690021409680532,0.4059996270065761
2014,828,0.9417093129345394,0.9370723311363922,0.3393770458676812
2014,829,0.9311936937710762,0.8894672767725954,0.36872025869922376
2014,830,0.9187169975376945,0.923554846563956,0.40075850378907035
2014,831,0.85582160455204,0.8774400738843876,0.5337439579914284
2014,832,0.9094764380260354,0.8927626883841987,0.4229253282767001
2014,833,0.9434394556192118,0.9280676713823935,0.33430253375902214
2014,834,0.9148015814088378,0.9132907938373702,0.4102972864160432
2014,835,0.9156230472570956,0.9328953444439778,0.40831449386672725
2014,836,0.9442408851911478,0.9207002224927582,0.3319256490387265
2014,837,0.9371863235929534,0.9127660467654589,0.3522978430959625
2014,838,0.9191895513282224,0.8850384114856638,0.39959186380170864
2014,839,0.9177106421480045,0.8902439024390243,0.403231744299939
2014,840,0.9124491323844259,0.8891314386465723,0.4159231608969755
2014,841,0.9289812226699026,0.8977582805087946,0.3746014666561178
2014,842,0.8883263271310954,0.894169010536921,0.46974079433390675
2014,843,0.9215216905976444,0.917635699592796,0.39378366548734955
2014,844,0.9298083600352147,0.9023340749758615,0.37241363443238884
2014,845,0.8964265942203362,0.8659166281852146,0.45238376058579344
2014,846,0.9193214358207644,0.9049158305696652,0.3992656591431573
2014,847,0.9202237803630936,0.8992905419587757,0.3970265995224295
2014,848,0.9137484461894618,0.8827505142521302,0.41282533464753174
2014,849,0.938481474184841,0.8953234540951259,0.3486469238560544
2014,850,0.8793202920804647,0.8809873640905083,0.4883149302140213
2014,851,0.9138555900696201,0.8857730573863396,0.4125688438876283
2014,852,0.933744151229746,0.9123462491079298,0.36182201572612444
2014,853,0.9232451298365382,0.9010746820032742,0.38943577825262327
2014,854,0.925060003603891,0.9140044498551696,0.38480411867147196
2014,855,0.9302604256475876,0.901200621300533,0.3712124419165965
2014,856,0.9139642712584359,0.8870744301246797,0.4123085099691364
2014,857,0.9299319762690594,0.9238067251584735,0.37208555648920555
2014,858,0.9198827509381705,0.9000671676252046,0.39787430427421083
2014,859,0.9276684808993184,0.9061752235422524,0.3780477615728754
2014,860,0.9020464481257382,0.8692959993283236,0.43993951538516596
2014,861,0.926834023688619,0.9326644557323368,0.3802221943140528
2014,862,0.8777298923283283,0.8588850174216026,0.49152207243276835
2014,863,0.8818115087871441,0.8297090802233322,0.48324845263570004
2014,864,0.9245276222575313,0.8945678183115736,0.38616854347948965
2014,865,0.9083866262545737,0.9102472608202845,0.42546350761994073
2014,866,0.8878580441172891,0.9018093279039502,0.47072464983365586
2014,867,0.9248009042919755,0.9006129045799922,0.3854687601005364
2014,868,0.8940041802481127,0.8550438688552116,0.4576434456705074
2014,869,0.9155015680592463,0.9203643843667351,0.40860831744808507
2014,870,0.9080761665905421,0.9011376516519035,0.4261838038787575
2014,871,0.9302106531674305,0.914760085638722,0.37134488370936947
2014,872,0.917031077965025,0.8828974434322655,0.40489331056042155
2014,873,0.9380495833872832,0.9102892405860373,0.3498686212026379
2014,874,0.9101455847730978,0.8836320893329414,0.4213593048952753
2014,875,0.8983639050916064,0.9005079551656101,0.4481329348406267
2014,876,0.9006782255170334,0.9008228034087568,0.44300141443934304
2014,877,0.9398149758207299,0.9010536921203978,0.34484751240519484
2014,878,0.8842034230574249,0.8575626548003861,0.4783334348785149
2014,879,0.8509015775274091,0.8942739599513034,0.542774457646593
2014,880,0.9360783820664498,0.9008228034087568,0.3553912715823126
2014,881,0.8856023035307712,0.8453255530834136,0.47543540248828564
2014,882,0.9201589014423648,0.8993745014902814,0.39718800991761494
2014,883,0.911899875117973,0.8650770328701565,0.41722578442443375
2014,884,0.8324478352473818,0.8994584610217874,0.5753841568421328
2014,885,0.8962558529376893,0.882183787414466,0.45275648549663505
2014,886,0.9347377000328598,0.9110448763695898,0.359098892218986
2014,887,0.9230077761943268,0.8931195163930983,0.39003745115408534
2014,888,0.9349398282102915,0.9097435036312495,0.3585423665294408
2014,889,0.9162874399965868,0.8931195163930983,0.40670376182949447
2014,890,0.9287237467227278,0.9013055707149151,0.3752799041723043
2014,891,0.9002045009640994,0.9069518492086813,0.44405662617695374
2014,892,0.9151823259713161,0.8544771420175473,0.4093794678329415
2014,893,0.9354164469762086,0.9023760547416143,0.3572266449388096
2014,894,0.9053488763591072,0.8910415179883295,0.43245982161876495
2014,895,0.9328153500352883,0.9176566894756725,0.3643492729529691
2014,896,0.901843802335351,0.8648461441585155,0.4403943525376052
2014,897,0.9096409562694258,0.8534066579908482,0.42254083957198035
2014,898,0.8871560790068069,0.873389026489232,0.4721956282729054
2014,899,0.8797372566130213,0.856219302296293,0.48747060356799543
2014,900,0.8908235485839867,0.847382561605306,0.46445898093005017
2014,901,0.9084825815675575,0.8779648209562989,0.4252406352484582
2014,902,0.9218880645149992,0.8937911926451448,0.39286340585133256
2014,903,0.931341654696687,0.8908106292766884,0.3683235977337174
2014,904,0.9008252528042731,0.9101633012887785,0.4426734026875551
2014,905,0.9077940699688333,0.8918391335376347,0.4268372411388536
2014,906,0.9125323242958577,0.9045799924436418,0.4157255062803333
2014,907,0.8818059572363913,0.8821418076487131,0.48325980207751246
2014,908,0.925639915628858,0.9035724780655723,0.38331235237118166
2014,909,0.9045971441051777,0.8969186851937365,0.4341737529977813
2014,910,0.9141037746520086,0.8776709625960286,0.4119741037169453
2014,911,0.92973532559091,0.9063431426052642,0.372607332366961
2014,912,0.9039712916369584,0.8540783342428948,0.4355955371055248
2014,913,0.8726712631180069,0.8724864615255445,0.5015867935158183
2014,914,0.9378047077172691,0.8905377607992945,0.3505594141136561
2014,915,0.8025786168168518,0.8612778640695182,0.6245683506253314
2014,916,0.9042935450342088,0.8662944460769907,0.43486403656068434
2014,917,0.8481028616555496,0.8830443726124005,0.547844964091668
2014,918,0.9269522779175072,0.8956592922211493,0.37991480372671377
2014,919,0.9355305947937226,0.9179295579530665,0.3569108162679162
2014,920,0.9365880409341757,0.9005709248142394,0.35397163603601667
2014,921,0.9096375835314483,0.8643843667352334,0.4225487253694582
2014,922,0.9485435865926661,0.9299147810755214,0.3188619030843724
2014,923,0.9434712178915695,0.9247512698879138,0.3342086547187946
2014,924,0.9201153599286608,0.9179715377188195,0.39729629882069484
2014,925,0.8456368739603884,0.8953864237437554,0.5522740793126882
2014,926,0.8913636598035138,0.8697997565173585,0.4633086846322948
2014,927,0.9251724475381103,0.9148020654044748,0.38451532007252875
2014,928,0.8794300866752746,0.8459342596868308,0.4880927448069598
2014,929,0.9065181276807338,0.8755929641912596,0.42978037344895537
2014,930,0.9066165043479157,0.8735569455522437,0.42955417189181255
2014,931,0.9388105925435087,0.9208891314386464,0.3477130589434527
2014,932,0.9194840259506378,0.8919650728348935,0.3988631396177486
2014,933,0.8918457634202698,0.8816590403425547,0.46227951174242626
2014,934,0.9144459371095663,0.8827924940178832,0.4111527478891032
2014,935,0.9252403872436197,0.8903068720876536,0.3843407200138958
2014,936,0.9191338286510604,0.9103102304689138,0.3997296089305065
2014,937,0.9176181306071528,0.922673271483145,0.40345834171463063
2014,938,0.9279062295452898,0.9236597959783382,0.3774259419029847
2014,939,0.9437320089400754,0.9226522816002684,0.33343684096629933
2014,940,0.9241123440602621,0.9200705260064647,0.3872295103217989
2014,941,0.9044633310076271,0.8716048864447334,0.4344781347493687
2014,942,0.9295805541012979,0.9115906133243774,0.37301747637257304
2014,943,0.9272649579954586,0.9016204189580621,0.37910082088346264
2014,944,0.9053527793627801,0.8902439024390243,0.4324509051389187
2014,945,0.9228138952873028,0.8879140254397379,0.3905282362233732
2014,946,0.9346905523956911,0.9121783300449182,0.35922858123985474
2014,947,0.9126373328845554,0.9118215020360184,0.4154758834422086
2014,948,0.8952346694280204,0.8702825238235169,0.4549793350769277
2014,949,0.9062907619047885,0.8769153268124762,0.4303027100314598
2014,950,0.9295156144735001,0.9080853028840098,0.37318943195734955
2014,951,0.9370347905061371,0.9154737416565214,0.35272253262871833
2014,952,0.8844598167539376,0.8711431090214514,0.4778035848452931
2014,953,0.8946473643293007,0.8896981654842364,0.45625283956858176
2014,954,0.9125042977224859,0.9040972251374835,0.4157921047586953
2014,955,0.8854732886322231,0.859178875781873,0.4757034191001364
2014,956,0.915695719598098,0.8975693715629065,0.40813861905042004
2014,957,0.9236965958141372,0.9093866756223499,0.38828877414404156
2014,958,0.8702169136703134,0.9119474413332772,0.5063979357919226
2014,959,0.938945262922707,0.9121363502791653,0.3473302112842991
2014,960,0.8900590825336794,0.8894462868897189,0.46608224188281644
2014,961,0.9453904883592376,0.9323705973720665,0.3284861206120577
2014,962,0.8862606711393736,0.9016414088409386,0.47406534465379113
2014,963,0.9287374408690746,0.9053566181100707,0.37524385159827867
2014,964,0.9141815445299983,0.8670710717434195,0.411787562160836
2014,965,0.9123101618417784,0.8506359934511564,0.416253129919827
2014,966,0.9045692689598481,0.8627051761051172,0.4342371775799356
2014,967,0.8963350924084447,0.8703874732378991,0.4525835454395023
2014,968,0.8922778712304262,0.8588430376558497,0.46135511657820855
2014,969,0.9240841938760049,0.8844926745308759,0.3873013241842611
2014,970,0.9156837535353268,0.8823517064774776,0.4081675834103746
2014,971,0.9209103180992164,0.89559632257252,0.3953145435397969
2014,972,0.919414299222342,0.8947987070232146,0.3990358097216234
2014,973,0.9166735405209161,0.8785735275597161,0.4057647747953193
2014,974,0.872034430083233,0.8723395323454093,0.502839568972745
2014,975,0.9269561401382094,0.9065530414340287,0.37990476005818036
2014,976,0.9234415386533933,0.916985013223626,0.3889371935056988
2014,977,0.8927805348103929,0.8767054279837116,0.46027744764259415
2014,978,0.9212163865686357,0.9039083161915954,0.39454888992250514
2014,979,0.9296121436075935,0.9259057134461188,0.3729338009080081
2014,980,0.9238418201216649,0.8777759120104108,0.38791909322967283
2014,981,0.9218632210871784,0.8916712144746229,0.39292587580348465
2014,982,0.9083138063748049,0.9014944796608033,0.42563256616464884
2014,983,0.9125639312528971,0.908610049955921,0.41565038706993085
2014,984,0.9181967392115991,0.8753830653624951,0.40203900142428756
2014,985,0.8700705425192745,0.8851223710171695,0.5066834166032183
2014,986,0.909633266205263,0.9027538726333906,0.4225588194935345
2014,987,0.9211374535864798,0.9249401788338019,0.3947464889062629
2014,988,0.9215434115165568,0.8905167709164181,0.39372916676627584
2014,989,0.9230750120520732,0.8790143151001215,0.3898671077796033
2014,990,0.9325715480160875,0.9021871457957262,0.3650097560234629
2014,991,0.9268487254915401,0.9038033667772132,0.3801839919084742
2014,992,0.9188455617825753,0.8830863523781536,0.40044144116600144
2014,993,0.9225459770404421,0.9149489945846101,0.39120542419563964
2014,994,0.8890154009577622,0.8723605222282858,0.4682893020310313
2014,995,0.9068850797535715,0.8767893875152175,0.42893601792676556
2014,996,0.9383556998598884,0.9154317618907685,0.3490031453405106
2014,997,0.9406955327815123,0.9124302086394356,0.34231551400791965
2014,998,0.9408032329396449,0.918181436547584,0.3420045409037339
2014,999,0.9069345455960844,0.9029008018135257,0.42882207002188844
2014,1000,0.9149264205679503,0.8646782250955037,0.40999657693040764
2014,1001,0.9291222273638492,0.9298308215440156,0.3742294044252672
2014,1002,0.8613025959593008,0.9292221149405985,0.5235004316712032
2014,1003,0.9209209006324134,0.8743545611015489,0.39528809527796815
2014,1004,0.9030037100134194,0.8760127618487886,0.4377845588568472
2014,1005,0.9344901554651531,0.9364216447672219,0.35977929150935734
2014,1006,0.9200236365093978,0.8879979849712436,0.39752432088147005
2014,1007,0.9306691764569148,0.8827085344863774,0.3701229860899201
2014,1008,0.9033074846447461,0.8847865328911462,0.43709849071057877
2014,1009,0.8932832639142837,0.8222156920364383,0.459197108609048
2014,1010,0.9156520927162461,0.8942529700684267,0.4082442098473948
2014,1011,0.9034301816167789,0.8968137357793541,0.4368210768620744
2014,1012,0.9207677671557238,0.8989547038327523,0.39567063987433965
2014,1013,0.9015614511955774,0.8941270307711682,0.4410273057131972
2014,1014,0.891000213095389,0.8812812224507786,0.46408304528387345
2014,1015,0.8669067289758142,0.872465471642668,0.5128152447779831
2014,1016,0.9057736594021462,0.8592838251962552,0.43148831613895733
2014,1017,0.9346162827319804,0.90772847487511,0.35943277991380945
2014,1018,0.9385865515344204,0.911569623441501,0.34834904162270675
2014,1019,0.9256464460582855,0.8983250073464587,0.3832955204293649
2014,1020,0.9321547499588756,0.9286134083371813,0.3661361424116062
2014,1021,0.9120619663410647,0.881575080811049,0.41684179079718414
2014,1022,0.877213493479366,0.8605851979345953,0.49255893255606553
2014,1023,0.9464467753671145,0.9149280047017336,0.32529372898657316
2014,1024,0.9249889136713799,0.8907266697451827,0.38498659275503183
2014,1025,0.9310125190387644,0.8970026447252422,0.3692053804911927
2014,1026,0.894680992025629,0.8706393518324166,0.45618001767687405
2014,1027,0.9255581882299662,0.9114017043784893,0.383522939265958
2014,1028,0.8977590043619903,0.8731161580118381,0.44946451787311403
2014,1029,0.905706097923107,0.8675958188153309,0.4316429797124765
2014,1030,0.9164353977345238,0.8840099072247175,0.4063441886591777
2014,1031,0.8980577760424956,0.880609546198732,0.4488073181037739
2014,1032,0.921418697809855,0.8896561857184835,0.3940419762237406
2014,1033,0.9082657352215935,0.9210150707359052,0.42574413131044375
2014,1034,0.9141789486504562,0.8874312581335795,0.41179379009175604
2014,1035,0.9258722042479369,0.9094496452709792,0.3827131818454834
2014,1036,0.8860961568362885,0.8934973342848745,0.4744080684472126
2014,1037,0.9108043641687069,0.8760547416145417,0.41981183789039994
2014,1038,0.9267735985700103,0.891209437051341,0.3803791677514122
2014,1039,0.9308535432714464,0.8925527895554342,0.3696305368566026
2014,1040,0.9265706303712103,0.9080853028840098,0.38090596852357905
2014,1041,0.9355588249857291,0.9000251878594515,0.35683266474722714
2014,1042,0.9191296597417868,0.8720876537508919,0.399739912466391
2014,1043,0.9077661898900541,0.8637546702489398,0.4269017671214985
2014,1044,0.9077303028805199,0.8889005499349313,0.4269848100849837
2014,1045,0.913694980731287,0.8936862432307626,0.41295326553849054
2014,1046,0.9178600946884347,0.9008228034087568,0.402865406552046
2014,1047,0.9272933128019236,0.9376390579740563,0.3790269199277715
2014,1048,0.9180099406214847,0.8814701313966666,0.4024977697772008
2014,1049,0.8844484876591652,0.9012635909491623,0.47782700937716305
2014,1050,0.8845498659860088,0.8514545988833381,0.4776173542574485
2014,1051,0.9311494685194402,0.8995214306704167,0.36883873713288357
2014,1052,0.9077282503747947,0.8952185046807437,0.4269895591191792
2014,1053,0.9203170919541233,0.9399269552075898,0.3967943371803056
2014,1054,0.9316680788532783,0.9029847613450315,0.3674469893422103
2014,1055,0.92660970558331,0.9200915158893412,0.38080460606991234
2014,1056,0.9130762714863259,0.8742496116871666,0.41443082577472473
2014,1057,0.89229147935359,0.9049368204525416,0.4613259750470889
2014,1058,0.9190666349650755,0.8970236346081186,0.399895647016495
2014,1059,0.9046384868373595,0.8741446622727843,0.4340796684230084
2014,1060,0.9417303793311328,0.9265144200495359,0.33931571447945136
2014,1061,0.9043972276722229,0.8701565845262582,0.43462841991135825
2014,1062,0.9210619578079865,0.9107300281264429,0.3949353907735084
2014,1063,0.9237158071988247,0.8904538012677888,0.38823989012186866
2014,1064,0.921089973946345,0.8794760925234036,0.3948653006993391
2014,1065,0.9181092920942184,0.870702321481046,0.402253832475894
2014,1066,0.9133270043024734,0.8783846186138279,0.4138326781135488
2014,1067,0.9050862238822862,0.8900759833760126,0.433059433903514
2014,1068,0.9069785375428576,0.8784685781453337,0.42872070616104035
2014,1069,0.8812896316629028,0.8793711431090213,0.4843142015994277
2014,1070,0.9231939558593115,0.8837160488644472,0.3895655788564918
2014,1071,0.8274224769026309,0.8914613156458586,0.5839491002324353
2014,1072,0.8631071776928431,0.904160194786113,0.5200836686438491
2014,1073,0.9272616299173215,0.9081482725326391,0.3791094938881567
2014,1074,0.9146678862146411,0.8729482389488264,0.4106190838938409
2014,1075,0.9059360699027903,0.8688132320221651,0.43111629459947964
2014,1076,0.879020001899423,0.8711011292556986,0.4889220955571872
2014,1077,0.8924014941730456,0.852378153729902,0.46109031281706825
2014,1078,0.9164720814398225,0.9203224046009822,0.4062549891277566
2014,1079,0.9042099487157889,0.8684354141303889,0.43505391454574155
2014,1080,0.9190071852024861,0.9095965744511144,0.40004249212242593
2014,1081,0.9362856924377289,0.9167751143948615,0.354814501683583
2014,1082,0.8871449055906395,0.8695058981570881,0.4722190052861437
2014,1083,0.8882659245343639,0.8326056840602828,0.46986781499763697
2014,1084,0.9078847887395045,0.8583182905839384,0.42662721300470247
2014,1085,0.8831335683758105,0.8551907980353468,0.4805380366370851
2014,1086,0.9063483497664325,0.8814491415137902,0.43017047108843587
2014,1087,0.9073934906870367,0.9067419503799168,0.4277634117988665
2014,1088,0.8907795319102221,0.9060282943621173,0.4645525994668083
2014,1089,0.9061948778547574,0.8794551026405271,0.4305227983527042
2014,1090,0.9325472317478904,0.9096595440997437,0.3650755655950263
2014,1091,0.9204794615182684,0.8881868939171317,0.396389857854217
2014,1092,0.9071518762103321,0.8812812224507786,0.4283210751196263
2014,1093,0.9068105834420452,0.8840099072247175,0.4291075681062719
2014,1094,0.9161292307135612,0.895134545149238,0.4070878973642334
2014,1095,0.9304869370456382,0.8896981654842364,0.3706091099036264
2014,1096,0.9298639461304031,0.9159984887284328,0.3722661445051709
2014,1097,0.9128375034104316,0.894630787960203,0.41499962898356557
2014,1098,0.9312116428998763,0.9104781495319254,0.3686721625329871
2014,1099,0.9119400722425576,0.903236639939549,0.4171305905167161
2014,1100,0.8875643878276003,0.902082196381344,0.47134056953038006
2014,1101,0.9187534293349121,0.8895092565383482,0.40066868187999305
2014,1102,0.8803917699195274,0.8848285126568992,0.4861422982367503
2014,1103,0.9229201138902804,0.918097477016078,0.3902594336671331
2014,1104,0.9198942433616152,0.896666806599219,0.3978457666994389
2014,1105,0.9080958043098606,0.8647621846270096,0.42613827855284864
2014,1106,0.9139684695244162,0.871583896561857,0.4122984501838992
2014,1107,0.938496071664395,0.9218966458167162,0.3486055569001687
2014,1108,0.9549442468212688,0.9171739221695141,0.2983719583975264
2014,1109,0.8987505446464218,0.8945888081944501,0.44727973886039335
2014,1110,0.9308268235889247,0.9089878678476973,0.36970194656530114
2014,1111,0.9368919770579783,0.9301456697871624,0.35312231681448314
2014,1112,0.834472487415015,0.9062172033080054,0.5718972026587347
2014,1113,0.9377650699924822,0.9232190084379327,0.35067110395266954
2014,1114,0.889239342291813,0.8395953150581418,0.46781661354138904
2014,1115,0.8642206036496564,0.8845766340623819,0.5179642844999508
2014,1116,0.915874184544102,0.9101633012887785,0.4077063929208386
2014,1117,0.8829170580738942,0.895134545149238,0.4809829603459448
2014,1118,0.9191585851649517,0.8945888081944501,0.39966841727919544
2014,1119,0.9105096581013998,0.8667142437345198,0.4205048037971873
2014,1120,0.9214004638207812,0.9110868561353427,0.39408769028127244
2014,1121,0.9232898964458446,0.8972965030855127,0.38932219417609615
2014,1122,0.9414962879679245,0.9167751143948615,0.33999661184102586
2014,1123,0.9048007637129531,0.8569539481969689,0.4337101740485241
2014,1124,0.8789504801225995,0.8713739977330924,0.48906255617675315
2014,1125,0.877540570588835,0.8466269258217537,0.49190245902817353
2014,1126,0.9230120069496655,0.8889425297006841,0.39002673464521614
2014,1127,0.9154135955501775,0.9087569791360562,0.408820966055309
2014,1128,0.9277893420323501,0.9076025355778514,0.3777317832545439
2014,1129,0.9225853617210011,0.8960580999958019,0.39110594931222714
2014,1130,0.8731955893323575,0.9017883380210737,0.500552987572134
2014,1131,0.9115014065089145,0.8928676377985809,0.41816825651102557
2014,1132,0.8688485712582891,0.9012845808320388,0.5090604896199024
2014,1133,0.8060831171630352,0.8867385919986566,0.6190000563020608
2014,1134,0.9283792947567787,0.9060282943621173,0.376185606263848
2014,1135,0.9133467802169759,0.8796859913521681,0.4137854639468206
2014,1136,0.8967995297314241,0.8565551404223163,0.45156857974999365
2014,1137,0.9111515982689502,0.9120523907476594,0.41899388792580533
2014,1138,0.9004204741453199,0.8716678560933628,0.44357586167673596
2014,1139,0.9114893993594183,0.8808194450274965,0.4181966232809136
2014,1140,0.9127999440864689,0.895365433860879,0.415089033413882
2014,1141,0.9242054990674927,0.908924898199068,0.3869917678046489
2014,1142,0.9215706252714263,0.9206582427270054,0.39366087563517865
2014,1143,0.9488836913991394,0.9185382645564836,0.31780638590529026
2014,1144,0.8989767650616103,0.9073296671004574,0.4467797836283404
2014,1145,0.9077258304823393,0.8863187943411275,0.4269951581353591
2014,1146,0.9074832644725301,0.8907266697451827,0.42755602220827904
2014,1147,0.9227677068787659,0.892174971663658,0.39064506541247074
2014,1148,0.9121708689458186,0.8521682549011375,0.41658360205923667
2014,1149,0.879084167417753,0.8863817639897568,0.4887924208132112
2014,1150,0.9305420749026935,0.9159355190798033,0.3704620969174969
2014,1151,0.9011987686029422,0.9198186474119472,0.44183900940312004
2014,1152,0.8955148016787342,0.8945258385458208,0.4543706427800228
2014,1153,0.9198539869165715,0.910226270937408,0.397945721092627
2014,1154,0.9220597149848814,0.8856471180890808,0.39243151106052365
2014,1155,0.9026909049656068,0.8573947357373743,0.43848990022357276
2014,1156,0.9267442552646215,0.909722513748373,0.38045537294462667
2014,1157,0.9353672458579168,0.8995214306704167,0.3573626904444645
2014,1158,0.903460371374842,0.9164182863859619,0.43675279179287085
2014,1159,0.9132948338763643,0.9148860249359806,0.4139094721504413
2014,1160,0.8858382191016813,0.8483900759833759,0.4749449183957336
2014,1161,0.9326371210651551,0.9260526426262539,0.36483222989155595
2014,1162,0.9400833858110887,0.9355610595692874,0.3440776867830069
2014,1163,0.8641144737274525,0.8596616430880314,0.5181666744537231
2014,1164,0.8999254248405516,0.9154317618907685,0.4446770904520338
2014,1165,0.924831790987123,0.8909785483397,0.3853895897411672
2014,1166,0.8922097890222446,0.8716678560933628,0.46150088566991737
2014,1167,0.9021428543941737,0.8308635237815372,0.4397229669952178
2014,1168,0.9340225345158082,0.89393812182528,0.36106109250787577
2014,1169,0.9301142624181107,0.9010746820032742,0.371601239889086
2014,1170,0.8970963060215107,0.9156206708366565,0.4509188184952579
2014,1171,0.9218518644252603,0.8863187943411275,0.3929544293493438
2014,1172,0.9300920068181842,0.9220015952310984,0.37166040468072853
2014,1173,0.9114993233716779,0.9023340749758615,0.41817317803975046
2014,1174,0.9014644128004874,0.8968767054279836,0.4412446293160304
2014,1175,0.8987044451527728,0.849418580244322,0.447381551867248
2014,1176,0.9329725042980774,0.9137315813777758,0.3639228915931041
2014,1177,0.9376063954552861,0.8981990680492001,0.351117855910167
2014,1178,0.9233241780362297,0.886297804458251,0.38923519080337304
2014,1179,0.7831412692143063,0.8586331388270851,0.6545929651212197
2014,1180,0.8678647846251075,0.8597456026195371,0.5109661922832216
2014,1181,0.9267497125866971,0.8977582805087946,0.38044120131765313
2014,1182,0.9293749214709865,0.9042231644347423,0.37356170566165653
2014,1183,0.9481666962730667,0.9290332059947103,0.32002751785328953
2014,1184,0.9417118964808887,0.9175097602955374,0.33936952488887867
2014,1185,0.9191532740168956,0.8976953108601651,0.399681545842559
2014,1186,0.8896239863021601,0.8717937953906215,0.4670036021435041
2014,1187,0.9339907141068811,0.9156836404852859,0.36114815046459
2014,1188,0.921542469958642,0.9190210318626421,0.3937315293320474
2014,1189,0.9196041076340933,0.8964988875362074,0.398565595998146
2014,1190,0.9260382506416948,0.8978842198060533,0.3822843024356338
2014,1191,0.9374862790633851,0.9130599051257292,0.35145566882875073
2014,1192,0.9328192058859096,0.8993325217245286,0.3643388174655282
2014,1193,0.9208259224205789,0.9058603752991056,0.3955254050760111
2014,1194,0.8968587422946644,0.8612358843037654,0.451439014596323
2014,1195,0.9330703315679281,0.8968347256622305,0.3636572201529825
2014,1196,0.8746254234038039,0.8448217958943787,0.497722893845104
2014,1197,0.895858109436183,0.8555056462784936,0.45362356418237076
2014,1198,0.9161889464633032,0.9042441543176187,0.40694294884501697
2014,1199,0.8962619365559112,0.8625372570421055,0.45274321034779846
2014,1200,0.9147608423886823,0.8770622559926113,0.41039536987829595
2014,1201,0.9002994677318346,0.8992695520758993,0.443845290694896
2014,1202,0.9367872581978242,0.9426976197472817,0.35341517370750886
2014,1203,0.9008940494799639,0.8629570546996346,0.4425198366704226
2014,1204,0.9225823931715912,0.8905587506821709,0.3911134479341361
2014,1205,0.9039368723828269,0.8841148566390997,0.4356735946495905
2014,1206,0.9361222580037657,0.9184123252592249,0.3552692799747311
2014,1207,0.9201555586087623,0.9133957432517524,0.39719632468001465
2014,1208,0.9096418954799556,0.8924688300239283,0.4225386435779743
2014,1209,0.9337717069565916,0.8972125435540067,0.3617467672334382
2014,1210,0.9043414004398415,0.8646572352126274,0.4347553020089478
2014,1211,0.9197476651197214,0.90476890138953,0.3982095912438849
2014,1212,0.882659760460359,0.8798749002980562,0.48151116646213354
2014,1213,0.9124648701481944,0.9057134461189705,0.4158857769462885
2014,1214,0.9331347286990761,0.9073926367490869,0.36348222961404736
2014,1215,0.9326203266816717,0.925821753914613,0.36487770560925215
2014,1216,0.9044697055147093,0.8619075605558119,0.43446363963363643
2014,1217,0.917848731324117,0.8974014524998949,0.40289327210686077
2014,1218,0.9139433011912933,0.8631879434112756,0.4123587542716081
2014,1219,0.9126654790154696,0.864363376852357,0.4154089499279926
2014,1220,0.9367758315631662,0.9377859871541915,0.35344711476461527
2014,1221,0.8705982764815161,0.8869694807102976,0.5056533725955406
2014,1222,0.8220689652421708,0.8994374711389109,0.5929372434770953
2014,1223,0.9158976727730579,0.9157676000167916,0.4076494724049444
2014,1224,0.8992736772519379,0.8757189034885184,0.44612274677373426
2014,1225,0.9278882487887172,0.9152848327106332,0.3774730054762292
2014,1226,0.8874103770612456,0.8815960706939254,0.47166327280712433
2014,1227,0.92309919365995,0.858024432223668,0.3898058249975575
2014,1228,0.9324408034975139,0.9128500062969647,0.36536346363467814
2014,1229,0.9168041333097857,0.910918937072331,0.4054466841659275
2014,1230,0.9170025050571549,0.8751731665337306,0.40496302331017037
2014,1231,0.9026472293503996,0.8844087149993702,0.4385882937380223
2014,1232,0.9262213214357619,0.8861088955123629,0.38181089251748734
2014,1233,0.9241642525831593,0.9027538726333906,0.38709705168865144
2014,1234,0.9169058862608631,0.8810923135048905,0.40519866692442347
2014,1235,0.9298369298214998,0.9212669493304225,0.372337835798563
2014,1236,0.9193792157537796,0.9051467192813062,0.3991226615873006
2014,1237,0.92767023543211935,0.9097015238654966,0.3780431764263955
2014,1238,0.9223399938888036,0.9039502959573484,0.39172526951159087
2014,1239,0.894752622498066,0.881994878468578,0.4560248607458568
2014,1240,0.9247341041362787,0.9199026069434532,0.3856399300935178
2014,1241,0.9227300029740401,0.9023760547416143,0.3907404079599906
2014,1242,0.8965596327087808,0.878111750136434,0.45209312714479977
2014,1243,0.894672263586717,0.8852483103144283,0.4561989205178669
2014,1244,0.8991710568169096,0.8838839679274587,0.44634994486101565
2014,1245,0.8872783036999063,0.8911464674027118,0.4719398342449721
2014,1246,0.9188181352647182,0.8885017421602787,0.40050910096884096
2014,1247,0.915927298167403,0.8846605935938876,0.40757766797049144
2014,1248,0.9220793416253197,0.9345955249569705,0.3923820976082682
2014,1249,0.9048305366184923,0.8717098358591157,0.43364234881009145
2014,1250,0.9125075699223265,0.9066370009655345,0.4157843297049252
2014,1251,0.9368558894581728,0.8976743209772887,0.3532232668601006
2014,1252,0.9363285222011936,0.907959363586751,0.35469522568048917
2014,1253,0.914634257848447,0.8926157592040634,0.4106999859607123
2014,1254,0.9370108382649186,0.8978002602745475,0.3527896148471725
2014,1255,0.9201951747537814,0.9154317618907685,0.3970977746792057
2014,1256,0.9190960582917149,0.8923848704924225,0.3998229493729519
2014,1257,0.9045997678395801,0.8868855211787916,0.43416778271296164
2014,1258,0.9301388938955446,0.8850803912514167,0.371535748026775
2014,1259,0.8576937289754838,0.8748373284077072,0.5302673620706418
2014,1260,0.9005378538196437,0.8828134839007596,0.44331435138003233
2014,1261,0.8832593148819928,0.8847865328911462,0.4802794412411932
2014,1262,0.9299233259870903,0.9150119642332394,0.3721085237820967
2014,1263,0.9457732852488646,0.9219176356995926,0.32733279957398415
2014,1264,0.8862397654321131,0.8600184710969312,0.47410891012957906
2014,1265,0.9242712255896867,0.9017043784895679,0.3868239380852744
2014,1266,0.8984409777877983,0.8921539817807815,0.44796298850451
2014,1267,0.9184046262829562,0.8893833172410897,0.4015278245035374
2014,1268,0.9227220145627998,0.8983459972293354,0.3907606054138309
2014,1269,0.9326583416103233,0.9383317241089792,0.364774760935767
2014,1270,0.894014573017935,0.8883128332143905,0.4576210094103181
2014,1271,0.9201924977008742,0.8735359556693671,0.39710443494589043
2014,1272,0.9211825122501583,0.8902858822047771,0.3946337022194096
2014,1273,0.9306028444289245,0.9226103018345155,0.37030000071020813
2014,1274,0.8980783741034067,0.8506569833340328,0.44876197365696796
2014,1275,0.912949347271253,0.8669031526804079,0.41473328702630513
2014,1276,0.9156940679989638,0.8890054993493134,0.4081426169381022
2014,1277,0.9316537547758516,0.8881449141513789,0.36748550035751937
2014,1278,0.9126816411740241,0.8965618571848367,0.4153705102830149
2014,1279,0.9036981468193205,0.9047269216237771,0.43621460289482805
2014,1280,0.8839748925741726,0.8806935057302379,0.47880521000773474
2014,1281,0.9207487374836242,0.900004197976575,0.3957181522958652
2014,1282,0.9334197960712571,0.9090928172620794,0.36270658333443806
2014,1283,0.9418183739630571,0.9095545946853616,0.33905941246546983
2014,1284,0.9167050659189608,0.8809663742076317,0.40568800982621034
2014,1285,0.9036614919542066,0.8595776835565256,0.43629761202550493
2014,1286,0.9343482351131993,0.9092397464422146,0.3601687931170127
2014,1287,0.9345116695188245,0.9157046303681623,0.35972020919398395
2014,1288,0.9190294157857772,0.8884177826287727,0.3999875873244638
2014,1289,0.9096700156098512,0.8875152176650852,0.42247288984077264
2014,1290,0.8805183854855316,0.8729062591830736,0.4858849184533253
2014,1291,0.9236025239319504,0.9070358087401871,0.3885280544546489
2014,1292,0.939484041451627,0.9191259812770243,0.3457943047942091
2014,1293,0.8972516965748429,0.8802107384240794,0.45057823307077033
2014,1294,0.8905718815590132,0.8973804626170184,0.46499399431698607
2014,1295,0.9296345404059747,0.9103522102346666,0.37287446405569347
2014,1296,0.9340997142995457,0.8921959615465344,0.3608498478721187
2014,1297,0.867664781709822,0.8391545275177363,0.5113527511802672
2014,1298,0.8921527190152615,0.8611309348893832,0.4616230413521334
2014,1299,0.8996156294261776,0.8751101968851012,0.4453648399367532
2014,1300,0.9133118174652337,0.9022711053272321,0.41386893239433176
2014,1301,0.9361956356142692,0.9074556063977162,0.35506516895909385
2014,1302,0.9122198183967054,0.8983879769950882,0.41646749946150013
2014,1303,0.8705068802796674,0.8207044204693336,0.5058319121040366
2014,1304,0.9321667544187353,0.9105411191805548,0.3661037491264289
2014,1305,0.9018592126685052,0.9058183955333527,0.4403597806499114
2014,1306,0.8959490147269339,0.8505100541538976,0.4534255373145062
2014,1307,0.9178085144454493,0.8901809327903949,0.4029918775668996
2014,1308,0.9124050980663828,0.870240544057764,0.416027743472372
2014,1309,0.9256924631322181,0.9061332437764996,0.38317689215101125
2014,1310,0.9080700097164048,0.8888165904034253,0.4261980761083146
2014,1311,0.932633523799562,0.9035934679484486,0.3648419710199647
2014,1312,0.912070476326799,0.876075731497418,0.41682162089247826
2014,1313,0.9009201810142828,0.8935812938163803,0.4424614926224721
2014,1314,0.9183392864248958,0.8799798497124384,0.4016885598473688
2014,1315,0.907398067859087,0.8748793081734603,0.42775284034475924
2014,1316,0.9224561440257416,0.8848075227740229,0.3914322231223869
2014,1317,0.9229767181276886,0.8940850510054152,0.39011611226518805
2014,1318,0.9323012756996939,0.9014524998950504,0.36574055563904634
2014,1319,0.9353002760599978,0.9102892405860373,0.35754778476096644
2014,1320,0.9008707692867713,0.8684773938961419,0.44257180803197627
2014,1321,0.8639362835437797,0.9055665169388353,0.5185063057884749
2014,1322,0.9244468547588239,0.9097015238654966,0.3863751192373769
2014,1323,0.9315878565016937,0.9089668779648208,0.36766261927358135
2014,1324,0.9187259945372753,0.8914613156458586,0.40073632372828755
2014,1325,0.9001263064798507,0.8539314050627596,0.44423056177588255
2014,1326,0.9297832328130112,0.9105830989463076,0.3724802868345044
2014,1327,0.9220059396707789,0.8816590403425547,0.39256686782094735
2014,1328,0.9498616746238866,0.9301036900214095,0.3147514866263927
2014,1329,0.9275344907517913,0.910226270937408,0.3783977558694856
2014,1330,0.9222184894809806,0.9010746820032742,0.39203159027369133
2014,1331,0.9357308475988794,0.9166071953318498,0.35635607266821606
2014,1332,0.9199752304753419,0.8847235632425169,0.3976446043264348
2014,1333,0.9109124105232012,0.900046177742328,0.41955749314073953
2014,1334,0.9049913730904117,0.8775450232987698,0.4332757658989618
2014,1335,0.9026425608210495,0.8707862810125518,0.43859880981147886
2014,1336,0.9339744165987752,0.924709290122161,0.3611927309472962
2014,1337,0.8727622504348852,0.8541413038915241,0.5014075480696223
2014,1338,0.9169043618431995,0.9071617480374456,0.40520238372904765
2014,1339,0.9507803703578805,0.9368204525418745,0.3118545239565066
2014,1340,0.912626637627682,0.891860123420511,0.4155013147016464
2014,1341,0.9279016004072695,0.905272658578565,0.37743805896054144
2014,1342,0.8684277541640097,0.8879769950883671,0.5098765302596964
2014,1343,0.924283726305908,0.8950295957348556,0.386792009826256
2014,1344,0.9249248122842348,0.9019142773183324,0.3851510544756187
2014,1345,0.9249866489886723,0.9047898912724064,0.38499240433530263
2014,1346,0.9276239372206188,0.8815331010452959,0.3781641496043818
2014,1347,0.9034937676088145,0.8708492506611811,0.43667724167793687
2014,1348,0.9470626151067365,0.9274799546618528,0.3234179496418602
2014,1349,0.9222451460658992,0.906616011082658,0.3919644077336984
2014,1350,0.903678979191986,0.9081692624155155,0.43625801214742427
2014,1351,0.9375748480642498,0.900738843877251,0.3512066106196295
2014,1352,0.9210318128280045,0.9076864951093572,0.39501079284030866
2014,1353,0.9170035264902853,0.8822047772973424,0.4049605314041102
2014,1354,0.9209793690700568,0.9011586415347801,0.3951419368672643
2014,1355,0.9225390846890357,0.8773561143528817,0.3912228297813734
2014,1356,0.9469307783880769,0.9337559296419123,0.3238204236910675
2014,1357,0.9047146121348643,0.8818479492884428,0.4339063750254624
2014,1358,0.8944385161251538,0.862789135636623,0.45670484728743527
2014,1359,0.9167715958799123,0.9221275345283572,0.4055259603606626
2014,1360,0.9362592082316076,0.9248772091851726,0.35488823711637757
2014,1361,0.9042183067564533,0.9073506569833338,0.4350349340901417
2014,1362,0.9025115369634306,0.8811342932706434,0.4388938442059713
2014,1363,0.9310094779315508,0.9230510893749211,0.36921351806018865
2014,1364,0.9182794120379593,0.9136686117291464,0.4018357937389547
2014,1365,0.8072571639813411,0.8810503337391375,0.6171233801681157
2014,1366,0.9131136997648145,0.931426052642626,0.41434159178336344
2014,1367,0.9484676656609985,0.9216867469879516,0.3190970474352313
2014,1368,0.8970366834921872,0.8861718651609922,0.45104943104315376
2014,1369,0.9296305076700743,0.9061332437764996,0.3728851488625728
2014,1370,0.924609755755276,0.904349103732001,0.38595836057534544
2014,1371,0.8996069363327317,0.9021871457957262,0.4453841233886195
2014,1372,0.9357606175587531,0.9204693337811173,0.35627352968779274
2014,1373,0.9257503306443204,0.8950925653834849,0.3830276622545505
2014,1374,0.910747189339592,0.9114226942613658,0.41994636703324323
2014,1375,0.9239750016845896,0.8758028630200241,0.38757975819251517
2014,1376,0.8971909562796302,0.8877461063767262,0.45071139444885505
2014,1377,0.9196468153678813,0.9087569791360562,0.3984597193541657
2014,1378,0.91038619038861,0.9027328827505141,0.4207947840889683
2014,1379,0.8562189744987706,0.8421350908861926,0.533007924873854
2014,1380,0.9184581604854567,0.9012426010662858,0.40139608297332124
2014,1381,0.9013958505132426,0.8904747911506652,0.4413981143723019
2014,1382,0.922967005011291,0.8818689391713193,0.3901407095276017
2014,1383,0.9383017939286343,0.8902439024390243,0.3491557079326857
2014,1384,0.8910997396917723,0.9028168422820199,0.4638711221432355
2014,1385,0.879675172029436,0.8904747911506652,0.48759641353895705
2014,1386,0.8727907758245088,0.8820788380000838,0.5013513397216851
2014,1387,0.9310848516117756,0.9162923470887031,0.3690117759519192
2014,1388,0.9133913129924041,0.8911254775198353,0.4136791240826102
2014,1389,0.9336654509742236,0.9195037991688005,0.3620368423012528
2014,1390,0.9167963352728709,0.8994164812560344,0.40546568519477877
2014,1391,0.9119961441460087,0.864132488140716,0.4169977660229454
2014,1392,0.8965822077542447,0.905272658578565,0.4520437915707242
2014,1393,0.7918297595814584,0.8302338272952435,0.6413457183653382
2014,1394,0.8970187480195224,0.8719827043365096,0.45108871412352836
2014,1395,0.8976313228469609,0.8726963603543091,0.4497450824566695
2014,1396,0.8744059171311714,0.8851853406657988,0.4981584108444157
2014,1397,0.9236986686069142,0.9083371814785272,0.38828350014846474
2014,1398,0.9029891875496058,0.8712690483187102,0.437817330586884
2014,1399,0.8977067890039303,0.8860669157466099,0.4495792759254273
2014,1400,0.9175202336490733,0.923323957852315,0.40369799163784964
2014,1401,0.9289728670667071,0.9190840015112715,0.3746235025828854
2014,1402,0.9295288097807994,0.9102052810545316,0.37315449812277846
2014,1403,0.9369860825543624,0.912262289576424,0.3528589339126651
2014,1404,0.9098820892468613,0.8935603039335038,0.4219766647393128
2014,1405,0.9006540343636092,0.9172998614667729,0.44305536062973855
2014,1406,0.9460350532300309,0.9150539439989923,0.32654177891474473
2014,1407,0.9088277625520862,0.8756139540741361,0.42443792657058926
2014,1408,0.9203352130296055,0.8964988875362074,0.39674921615526215
2014,1409,0.8837965264906619,0.8637546702489398,0.4791731037106067
2014,1410,0.9146259264144005,0.9254649259057134,0.4107200269998713
2014,1411,0.9082047202055049,0.8878090760253557,0.42588569491837924
2014,1412,0.9170489886197988,0.8945048486629443,0.4048496056674278
2014,1413,0.9170173390749051,0.8829394231980184,0.40492683247621786
2014,1414,0.9234842171406551,0.898660845472482,0.38882876940222627
2014,1415,0.9114851124546353,0.9037613870114604,0.4182067505842233
2014,1416,0.9166222154541016,0.8757818731371477,0.4058897212910507
2014,1417,0.93761702337194,0.9160404684941856,0.3510879505195564
2014,1418,0.9300971159944842,0.8916502245917465,0.3716468231635041
2014,1419,0.913015475671676,0.9040762352546071,0.4145757301413455
2014,1420,0.8915155994827094,0.8437723017505561,0.462984577598871
2014,1421,0.9035861516829445,0.8962050291759371,0.4364681791075485
2014,1422,0.9051185288178822,0.8434784433902858,0.4329857293881906
2014,1423,0.9051865835904445,0.9071617480374456,0.4328304196596349
2014,1424,0.8947645428366269,0.8923428907266696,0.45599903528212726
2014,1425,0.8800780589676906,0.843583392804668,0.4867794128129694
2014,1426,0.9169359117057431,0.8943789093656855,0.4051254525357134
2014,1427,0.8911110554458799,0.8936022836992566,0.4638470212462125
2014,1428,0.9362617114894258,0.9192729104571595,0.3548812683805661
2014,1429,0.9090470157989647,0.8615927123126651,0.4239272699751118
2014,1430,0.9182452309942829,0.8984929264094704,0.4019198223247527
2014,1431,0.9347118447342633,0.9073716468662102,0.3591700181959153
2014,1432,0.9419828084239961,0.9223374333571217,0.3385799440836964
2014,1433,0.9274445966262677,0.9017463582553207,0.3786323860614717
2014,1434,0.9057447927915838,0.8843037655849878,0.43155440515024396
2014,1435,0.9197976092327974,0.9076655052264807,0.398085661390956
2014,1436,0.8585904413756683,0.909995382225767,0.5285940389417028
2014,1437,0.935523359190967,0.9151798832962511,0.356930844313948
2014,1438,0.9297216665964093,0.900088157508081,0.3726435468248817
2014,1439,0.9116307390674052,0.8792242139288861,0.4178625875616061
2014,1440,0.9167738426505276,0.8972755132026362,0.4055204866887211
2014,1441,0.9169790662700241,0.9049578103354181,0.40502020077117673
2014,1442,0.9063799209113039,0.8761806809118003,0.43009795704837
2014,1443,0.9131364487571322,0.909953402460014,0.4142873457703302
2014,1444,0.9009336343752786,0.8783006590823221,0.44243145221501645
2014,1445,0.9227994168804802,0.8891944082952016,0.39056486173760047
2014,1446,0.8864899847774345,0.8746274295789428,0.47358721409623317
2014,1447,0.9334468833181006,0.9123462491079298,0.3626327947182913
2014,1448,0.9107688147173082,0.8871583896561857,0.4198954888093294
2014,1449,0.8837193976376814,0.9067629402627932,0.4793321004262491
2014,1450,0.9412126183422874,0.9180764871332016,0.340819893641766
2014,1451,0.9133176767083987,0.8852693001973048,0.4138549454838937
2014,1452,0.9125797825475883,0.8911464674027118,0.4156127087095734
2014,1453,0.9180197387713331,0.8890264892321899,0.4024737189878604
2014,1454,0.8714376235577582,0.884912472188405,0.5040107779557038
2014,1455,0.9344560956403216,0.9130389152428529,0.35987280743335737
2014,1456,0.9262004219998667,0.8976533310944123,0.3818649668612263
2014,1457,0.9077924163008699,0.902543973804626,0.4268410686795891
2014,1458,0.9234339495307726,0.9286134083371813,0.38895647040113135
2014,1459,0.9108771159135383,0.8991226228957641,0.41964059479195565
2014,1460,0.89139742805909294,0.8919650728348935,0.46323667216386677
2014,1461,0.9346936896743956,0.9120104109819065,0.35921995298043535
2014,1462,0.8839582582160854,0.8976533310944123,0.4788395315957299
2014,1463,0.9075720410446534,0.9179925276016958,0.4273508373419074
2014,1464,0.8863056809851909,0.8749002980563366,0.47397153488862825
2014,1465,0.9185098854592763,0.9071827379203223,0.4012687526628474
2014,1466,0.9202017697266496,0.909344695856597,0.39708136650370696
2014,1467,0.8845857011879659,0.8847865328911462,0.4775432233660263
2014,1468,0.9091304466093209,0.8621804290332058,0.4237327919677817
2014,1469,0.9320424376189687,0.9033205994710548,0.3664390715227062
2014,1470,0.9119205088205584,0.8983879769950882,0.41717692287693103
2014,1471,0.9224571486951643,0.9245623609420257,0.3914296873879009
2014,1472,0.937825437868945,0.9168800638092438,0.35050098721984263
2014,1473,0.9369533144102145,0.9156206708366565,0.35295066785096657
2014,1474,0.8693645707511123,0.8657487091222029,0.5080580841096098
2014,1475,0.8885209040811834,0.9133537634859995,0.4693313845913989
2014,1476,0.9157230568424066,0.9297258721296333,0.40807244038350055
2014,1477,0.901331405769225,0.886024935980857,0.44154233316190794
2014,1478,0.9208384471955192,0.9058603752991056,0.3954941191882235
2014,1479,0.9032190764479567,0.9014524998950504,0.4372982696707709
2014,1480,0.9330378897776079,0.9078754040552452,0.36374534446525697
2014,1481,0.9219835370796562,0.8979891692204356,0.392623243162606
2014,1482,0.8836353793786482,0.8520213257210023,0.4795052392630793
2014,1483,0.9277896068223997,0.8841568364048528,0.37773109069950983
2014,1484,0.8612529095385123,0.8612568741866419,0.5235941916583496
2014,1485,0.9026187362205583,0.8764745392720708,0.4386524718752527
2014,1486,0.9143055964525983,0.8970866042567481,0.4114898318404938
2014,1487,0.9280945137021677,0.8949456362033499,0.37693276625312705
2014,1488,0.9191802604649041,0.9065530414340287,0.3996148338925065
2014,1489,0.9073871665285888,0.8755299945426303,0.4277780176696119
2014,1490,0.927332239660096,0.8918391335376347,0.3789254416243012
2014,1491,0.92879951657404,0.9141093992695519,0.3750803814550936
2014,1492,0.9436165779329904,0.9362117459384576,0.33377868035227215
2014,1493,0.9386449828097826,0.8995424205532931,0.3481832853990445
2014,1494,0.9327601239354517,0.907959363586751,0.3644989906044144
2014,1495,0.9232243458476022,0.872885269300197,0.3894885011679892
2014,1496,0.9108713828458764,0.8992695520758993,0.41965409182618657
2014,1497,0.9283765277474028,0.9042861340833717,0.37619287301054377
2014,1498,0.8859594989424059,0.9210780403845344,0.4746925723394909
2014,1499,0.9259202709323776,0.9112337853154777,0.38258908037576245
2014,1500,0.9052626563654302,0.8894882666554719,0.43265674582939295
2014,1501,0.9212142928429848,0.9183493556105954,0.39455413258406363
2014,1502,0.8631751585436677,0.8382099827882958,0.519954516069614
2014,1503,0.931641231348744,0.9183913353763484,0.36751916692589337
2014,1504,0.9103687858351562,0.8891524285294486,0.4208356449215766
2014,1505,0.897831065622759,0.8869065110616681,0.44930609468523125
2014,1506,0.9289259774919513,0.9131228747743585,0.3747471387051675
2014,1507,0.9261297126147631,0.8987238151211114,0.38204786067393226
2014,1508,0.8922892063216606,0.8636707107174341,0.46133084282882214
2014,1509,0.890990236080615,0.8533856681079718,0.4641042841210443
2014,1510,0.9347283516582486,0.922673271483145,0.3591246105185298
2014,1511,0.8875554251848443,0.8856890978548339,0.4713593552730653
2014,1512,0.8477375225261282,0.7873095168128961,0.5485033997952315
2014,1513,0.9095374740955247,0.9115906133243774,0.42278272423035207
2014,1514,0.9195452912503297,0.8787834263884806,0.3987113615369216
2014,1515,0.8919140861144794,0.8681835355358716,0.462133474137482
2014,1516,0.8835775438494751,0.9008647831745097,0.4796243862773041
2014,1517,0.9216495229746335,0.8860669157466099,0.39346282003375777
2014,1518,0.9326956092999582,0.8961630494101841,0.3646738115811097
2014,1519,0.9042883588401108,0.8901809327903949,0.43487581872704323
2014,1520,0.8967190396299207,0.8869275009445444,0.45174464346565946
2014,1521,0.9186475198509546,0.8785525376768396,0.4009297439347782
2014,1522,0.923863590226984,0.8988497544183702,0.3878636451929272
2014,1523,0.9294852648091333,0.9214348683934342,0.3732697685805413
2014,1524,0.8896442793243482,0.9097015238654966,0.4669606700345536
2014,1525,0.9274686017377108,0.9225683220687626,0.37856974520970066
2014,1526,0.9389717197384774,0.9207002224927582,0.34725494892497655
2014,1527,0.9171218417559195,0.9013265605977916,0.4046717835902162
2014,1528,0.8834881227561504,0.8816800302254312,0.4798085444981041
2014,1529,0.8791231767860916,0.7959783384408713,0.48871356835322394
2014,1530,0.9015455541485302,0.8887746106376725,0.4410629154863976
2014,1531,0.8982284970456863,0.8565551404223163,0.44843135543384377
2014,1532,0.8061962713014658,0.8705134125351579,0.6188194308769227
2014,1533,0.9335099952925988,0.9137525712606521,0.3624608125393303
2014,1534,0.8518927016692834,0.8666302842030139,0.5409674168554396
2014,1535,0.9372199734412849,0.9177616388900549,0.35220346590163404
2014,1536,0.9041178426964582,0.8543721926031651,0.4352630252825087
2014,1537,0.9045352554429493,0.8756349439570126,0.43431455631094024
2014,1538,0.915796783257023,0.9123042693421768,0.4078939081567954
2014,1539,0.8911813733089747,0.884219806053482,0.4636972264302801
2014,1540,0.9175796099809901,0.8702615339406404,0.4035526564694946
2014,1541,0.922209702579108,0.8799168800638091,0.39205373336277544
2014,1542,0.9273060055235784,0.9286973678686872,0.37899383429725936
2014,1543,0.9386823878226835,0.9191889509256536,0.34807713445597344
2014,1544,0.9171601957967666,0.8742076319214137,0.40457813651524527
2014,1545,0.8913533593614269,0.869086100499559,0.4633306486047046
2014,1546,0.9248107362215178,0.882183787414466,0.3854435601593648
2014,1547,0.9297070232474868,0.89624700894169,0.3726823672194462
2014,1548,0.9302453045575406,0.898660845472482,0.37125268329018196
2014,1549,0.9052652821623443,0.8450736744888963,0.4326507499011962
2014,1550,0.9409375420045407,0.9310272448679734,0.3416163406981457
2014,1551,0.9392650736922534,0.9249611687166783,0.3464193418608528
2014,1552,0.9371731716965396,0.9142353385668105,0.35233472313941455
2014,1553,0.906004403613476,0.8790562948658746,0.43095967171332017
2014,1554,0.9047615738805377,0.9064900717853992,0.43379943568972
2014,1555,0.9139109092350959,0.9204693337811173,0.4124363534022703
2014,1556,0.9165796873180048,0.8758028630200241,0.40599322327787213
2014,1557,0.9270739443992928,0.884261785819235,0.3795982835177077
2014,1558,0.8822902569479656,0.8334662692582174,0.48226870803880423
2014,1559,0.9228453295570808,0.8942319801855503,0.3904487062348485
2014,1560,0.8988330601797637,0.8756349439570126,0.4470974413418644
2014,1561,0.9098391608123415,0.8839679274589647,0.4220771588625053
2014,1562,0.9257083419608766,0.8972125435540067,0.3831359492968117
2014,1563,0.9060270881353313,0.871583896561857,0.43090766553233445
2014,1564,0.9331868495193485,0.8786994668569748,0.3633405365879706
2014,1565,0.874701986523815,0.8653499013475503,0.49757089717142794
2014,1566,0.9048020413257861,0.8660215775995969,0.4337072637544662
2014,1567,0.8980918211516391,0.9136266319633936,0.4487323689341908
2014,1568,0.9181615460763911,0.89284664791570445,0.4021254740865089
2014,1569,0.9267144772215825,0.8946727677259558,0.3805326915592227
2014,1570,0.9166711689336109,0.8969396750766129,0.40577054907006865
2014,1571,0.8864321260278005,0.8565341505394398,0.4737078980426224
2014,1572,0.9067674033531355,0.8822467570630955,0.4292069718676857
2014,1573,0.901999135589238,0.8861928550438687,0.44004575013197955
2014,1574,0.9242850177003935,0.9083581713614036,0.3867887113068365
2014,1575,0.9131717886096405,0.9067839301456697,0.41420306218462377
2014,1576,0.9222127047503261,0.8739557533268962,0.3920461679990365
2014,1577,0.9328274173875291,0.9354351202720287,0.3643165502368079
2014,1578,0.8589510320477672,0.8649510935728978,0.5279196582742149
2014,1579,0.9319814847703566,0.9071827379203223,0.366603368904742
2014,1580,0.9076255564164223,0.9053776079929472,0.42722710232418737
2014,1581,0.9033450991023347,0.9052516686956886,0.4370134643678144
2014,1582,0.9195386687636367,0.9024810041559966,0.3987277708086287
2014,1583,0.9463998141544127,0.9342386969480708,0.3254363239527919
2014,1584,0.8361757777424995,0.909344695856597,0.5689471617772055
2014,1585,0.9360247553521867,0.9047479115066536,0.35554031717294443
2014,1586,0.9044372686304052,0.8890894588808191,0.4345373934664823
2014,1587,0.9280409968694577,0.9002350866882161,0.37707300934755444
2014,1588,0.935802865893219,0.9150329541161158,0.35615635515798755
2014,1589,0.9423616683539133,0.9047269216237771,0.337472647529871
2014,1590,0.9243538674598143,0.9194618194030476,0.3866128123923318
2014,1591,0.9228097190753789,0.8948616766718439,0.3905388009916213
2014,1592,0.9405095170188416,0.9288442970488222,0.3428519510638861
2014,1593,0.9094594915238392,0.9138155409092815,0.4229649133827714
2014,1594,0.9067351178974979,0.8760967213802945,0.4292812803376329
2014,1595,0.9216481584394384,0.902124176147097,0.39346624625111143
2014,1596,0.9223359001374086,0.9015154695436797,0.3917355940326435
2014,1597,0.9020168933482786,0.9089668779648208,0.44000588017541603
2014,1598,0.9127461738041494,0.8997523193820577,0.4152169921326152
2014,1599,0.9256453501861286,0.896666806599219,0.38329834505118143
2014,1600,0.9378265421048526,0.9268292682926828,0.3504978747130486
2014,1601,0.874225871915355,0.8445489274169848,0.49851535010241327
2014,1602,0.9238554658349312,0.878111750136434,0.3878843387892422
2014,1603,0.9248727605149947,0.9013055707149151,0.3852845494471074
2014,1604,0.9238891922972801,0.9034675286511898,0.3877984270714737
2014,1605,0.8852172004806117,0.8417992527601694,0.476234971886722
2014,1606,0.9504816037801035,0.9333361319843834,0.31279958131853136
2014,1607,0.9040657032826435,0.8933713949876158,0.43538135425658125
2014,1608,0.9338593753440672,0.9205532933126231,0.3615072603975704
2014,1609,0.9299041781368808,0.880651525964485,0.3721593580413221
2014,1610,0.8887470285784573,0.8721926031652741,0.4688551464482394
2014,1611,0.9114875720702623,0.8861928550438687,0.4182009400644717
2014,1612,0.9323218844879321,0.9164392762688384,0.3656848821868203
2014,1613,0.8546790409137395,0.8224046009823264,0.5358546522285883
2014,1614,0.9206655798946238,0.8834431803870533,0.3959257094924857
2014,1615,0.8959572787233845,0.8718357751563744,0.45340753084669094
2014,1616,0.9297643927176653,0.9066370009655345,0.37253025419797287
2014,1617,0.8712192914976781,0.8943159397170563,0.5044385665293422
2014,1618,0.9228948578563879,0.9058183955333527,0.390323364730896
2014,1619,0.8925824804505298,0.8747743587590779,0.4607023606775777
2014,1620,0.9261519571647125,0.9119054615675244,0.3819903333317236
2014,1621,0.9075780818435206,0.8805885563158556,0.4273368719646283
2014,1622,0.9052081251089994,0.8625162671592291,0.4327812475354762
2014,1623,0.9162557207324694,0.902543973804626,0.406780805956819
2014,1624,0.9376788726387436,0.9128709961798411,0.35091386522933704
2014,1625,0.9235111080838393,0.900738843877251,0.3887604378058761
2014,1626,0.9162429761604037,0.9111918055497248,0.4068117576237057
2014,1627,0.9143940612197279,0.9156626506024095,0.4112773806751288
2014,1628,0.8979951501731168,0.8734729860207379,0.4489451541838563
2014,1629,0.9239676932872377,0.9165652155660969,0.38759838705716154
2014,1630,0.9077724208759368,0.8919230930691405,0.42688734690071517
2014,1631,0.8924576916354321,0.8603123294572014,0.4609698860063289
2014,1632,0.8895694204557546,0.8809453843247552,0.46711902259290217
2014,1633,0.9226227520330846,0.8981151085176942,0.39101148823868165
2014,1634,0.9301752777829819,0.9225263423030098,0.3714389869239885
2014,1635,0.9235447841034689,0.9066579908484108,0.3886748479566301
2014,1636,0.8984035414643908,0.9052096889299355,0.448045544154415
2014,1637,0.9158048187054337,0.890600730447924,0.40787444519099986
2014,1638,0.9049803037361251,0.9214768481591871,0.43330100541364414
2014,1639,0.8567754196255201,0.8668401830317785,0.5319755314308559
2014,1640,0.9073596457606966,0.8819319088199485,0.42784157206388157
2014,1641,0.928368131659502,0.9055455270559588,0.37621492203839935
2014,1642,0.874267993539167,0.9096805339826202,0.49843186697781927
2014,1643,0.9296598936380068,0.9292850845892278,0.37280728319335427
2014,1644,0.9326764043223661,0.9169010536921203,0.36472583681134235
2014,1645,0.8992833624555551,0.8782796691994457,0.4461012980928299
2014,1646,0.9168050750609091,0.9044540531463833,0.40544438939476835
2014,1647,0.9466335344407695,0.9333151421015069,0.32472602635040215
2014,1648,0.9319408623571761,0.917719659124302,0.36671282506252645
2014,1649,0.9005886496260667,0.9058183955333527,0.4432011355152292
2014,1650,0.9489953690403254,0.9485328071869358,0.31745902832855327
2014,1651,0.9138090813955138,0.9022081356786027,0.4126802001599364
2014,1652,0.9222735817194331,0.922484362537257,0.3918927287146741
2014,1653,0.8887105716595863,0.8842407959363585,0.46893196063903436
2014,1654,0.9336078393991711,0.913605642080517,0.3621940227320738
2014,1655,0.9348803425558098,0.9203853742496115,0.3587062398624128
2014,1656,0.9262063787032013,0.9112337853154777,0.38184955551142963
2014,1657,0.9187649908227677,0.8862768145753744,0.40064017304035937
2014,1658,0.9210087850112072,0.8847655430082698,0.3950683829500546
2014,1659,0.9357184084278514,0.9102052810545316,0.3563905570164714
2014,1660,0.9272200299824581,0.8888375802863018,0.3792178869961081
2014,1661,0.912230039553843,0.86866630284203,0.4164432519400236
2014,1662,0.9110480171058648,0.8859199865664749,0.4192380523207696
2014,1663,0.8837121404642106,0.8434154737416563,0.47934705795939747
2014,1664,0.9362370601499871,0.9070777885059399,0.3549498884604661
2014,1665,0.9048489729029565,0.8525250829100371,0.4336003440501672
2014,1666,0.9254046778465149,0.91790856807019,0.38391817704390785
2014,1667,0.9054182663399535,0.8747533688762015,0.4323012715694619
2014,1668,0.9222393763880393,0.9013475504806681,0.39197895001819605
2014,1669,0.8899515375340908,0.8654128709961797,0.46631014866922693
2014,1670,0.9095824523973992,0.9096385542168673,0.4226776065967916
2014,1671,0.8525241224144335,0.8647411947441332,0.5398130413084343
2014,1672,0.8740911360776287,0.8787204567398512,0.498782296514715
2014,1673,0.9121570674916225,0.9019982368498382,0.4166163317104564
2014,1674,0.9487487156474341,0.9258847235632425,0.31822570291829055
2014,1675,0.8627005809261971,0.887872045673985,0.5208554678707779
2014,1676,0.9152623331005715,0.8868645312959151,0.4091863417897814
2014,1677,0.9112860235958876,0.8750262373535954,0.4186768045041586
2014,1678,0.9325225569204587,0.907812434406616,0.3651423334471618
2014,1679,0.9253883477129158,0.8979891692204356,0.38396019772200346
2014,1680,0.9382118450661936,0.92512908777969,0.34941012959613676
2014,1681,0.931183463986323,0.9163763066202089,0.36874766744196696
2014,1682,0.9415487634553099,0.9284244993912931,0.33984409595898907
2014,1683,0.929536887173649,0.8790562948658746,0.3731331120653021
2014,1684,0.9057214048255676,0.8786994668569748,0.4316079435913646
2014,1685,0.9184056811195113,0.9149489945846101,0.40152522908925953
2014,1686,0.9179110920510022,0.8972335334368832,0.4027403256731577
2014,1687,0.9189186873444433,0.901200621300533,0.40026098828276985
2014,1688,0.8985483261562296,0.8305906553041432,0.447726176407749
2014,1689,0.9344063435932186,0.909722513748373,0.36000936484994933
2014,1690,0.891331248263894,0.8700936148776288,0.46337779331123785
2014,1691,0.9040241266391726,0.8713949876159689,0.435475688270201
2014,1692,0.9139347590592792,0.8866546324671506,0.41237921947396183
2014,1693,0.9280343277382568,0.909806473279879,0.37709048242943777
2014,1694,0.9112753009934993,0.8946097980773265,0.41870210586839335
2014,1695,0.9281974915944565,0.9154947315393978,0.3766627614798848
2014,1696,0.9230828826512217,0.9021031862642205,0.38984716259468666
2014,1697,0.8679513563324515,0.8857730573863396,0.5107987786858567
2014,1698,0.927727715337282,0.9162713572058266,0.37789293257507417
2014,1699,0.8831856592130133,0.9093656857394734,0.4804309296678517
2014,1700,0.9251535393725934,0.9132907938373702,0.3845638985696234
2014,1701,0.9264188017788701,0.8869694807102976,0.3812995613966379
2014,1702,0.9237767084086377,0.9034675286511898,0.3880848842215397
2014,1703,0.9029622831109518,0.8681835355358716,0.4378780372887008
2014,1704,0.9027851990586598,0.8901599429075183,0.4382773968148402
2014,1705,0.8743696622136952,0.8440031904621971,0.4982303067031526
2014,1706,0.9134251386795743,0.9061332437764996,0.41359833341566254
2014,1707,0.9040749176592939,0.8762436505604297,0.4353604448203415
2014,1708,0.9237617707340652,0.9081272826497626,0.38812290935530336
2014,1709,0.880107233436799,0.8960580999958019,0.4867201976490978
2014,1710,0.8908751703348029,0.8846605935938876,0.46434916319786496
2014,1711,0.9461174165895297,0.9260526426262539,0.32629249350402467
2014,1712,0.8719570973598274,0.8512027202888206,0.5029914851489918
2014,1713,0.9063044820816597,0.8703454934721463,0.430271208092462
2014,1714,0.9029836300120213,0.8654968305276856,0.43782987120664246
2014,1715,0.9250633055334534,0.9006338944628687,0.3847956411551082
2014,1716,0.9338596666508502,0.8911254775198353,0.3615064642935593
2014,1717,0.9070324858279317,0.8807984551446202,0.42859636871974144
2014,1718,0.9306319343451448,0.9109399269552074,0.3702223813539319
2014,1719,0.9235032040811573,0.926892237941312,0.3887805236254576
2014,1720,0.9008356739334596,0.8494815498929514,0.4426501443579928
2014,1721,0.9502565770258774,0.9262205616892656,0.31350950424201374
2014,1722,0.8590201002168631,0.8764955291549471,0.527790387888414
2014,1723,0.9226113527324464,0.909806473279879,0.39104028929761314
2014,1724,0.9245808327913448,0.9016204189580621,0.3860323886502017
2014,1725,0.8994168189682805,0.8614247932496535,0.44580564257784033
2014,1726,0.9058366894501798,0.917635699592796,0.4313439760385035
2014,1727,0.8865849629327066,0.8864657235212625,0.4733890383977353
2014,1728,0.8873125295666947,0.8610469753578773,0.471868180886651
2014,1729,0.9179163877234828,0.9121153603962889,0.4027273347873526
2014,1730,0.9433616914708,0.9085890600730446,0.3345322683084881
2014,1731,0.9418275204328049,0.9334410813987657,0.3390327604211639
2014,1732,0.9022505987883924,0.9036144578313251,0.4394808245704282
2014,1733,0.910403053634954,0.8944418790143148,0.4207551903031953
2014,1734,0.9298233597072609,0.8964149280047017,0.37237384065603896
2014,1735,0.8850150770644835,0.8634398220057931,0.47665409348545595
2014,1736,0.9124433384776717,0.9199235968263295,0.4159369230686664
2014,1737,0.9175680052970171,0.8718987448050038,0.4035810653147545
2014,1738,0.9333819533601271,0.897359472734142,0.36280964588037734
2014,1739,0.9335654515977421,0.9068049200285461,0.36230962492444885
2014,1740,0.9215472748119443,0.9078963939381217,0.3937194728015687
2014,1741,0.9413019680728985,0.9317409008857729,0.3405607925852901
2014,1742,0.932440898441134,0.9306914067419503,0.36536320690469937
2014,1743,0.9193354069670832,0.913563662314764,0.3992310871318879
2014,1744,0.8856953670628795,0.8653079215817974,0.4752419777016044
2014,1745,0.9280268684835439,0.8845976239452583,0.37711002467080373
2014,1746,0.9013281648562925,0.8732420973090969,0.44154958465119065
2014,1747,0.9147034628556204,0.9013475504806681,0.4105334773734249
2014,1748,0.9204102993214421,0.903509508416943,0.39656219845615553
2014,1749,0.9116221716637566,0.9223164434742452,0.417882842968597
2014,1750,0.9362069740643805,0.9021451660299733,0.35503361886361345
2014,1751,0.8835359949848258,0.8510557911086855,0.4797099628564297
2014,1752,0.871384716938565,0.8751731665337306,0.504114473781111
2014,1753,0.9369616588874987,0.8966248268334662,0.3529273098721842
2014,1754,0.8950180919358434,0.9059233449477351,0.45544937325310514
2014,1755,0.9244338030253246,0.9090088577305737,0.3864084907621639
2014,1756,0.9205154435276287,0.8824566558918601,0.396300167079622
2014,1757,0.9171764884495016,0.8846186138281347,0.4045383490285197
2014,1758,0.9366574640417316,0.9159774988455561,0.35377781975254935
2014,1759,0.871201924035078,0.8519373661894966,0.5044725798636668
2014,1760,0.8851833967308865,0.8572687964401157,0.4763050927706026
2014,1761,0.9124021294214842,0.8636287309516811,0.4160347931302127
2014,1762,0.9241575111612805,0.9005079551656101,0.3871142568104439
2014,1763,0.8977747355175433,0.8758658326686536,0.44942993845514245
2014,1764,0.927493249705314,0.8951975147978672,0.3785054160508958
2014,1765,0.9145427354873576,0.8997103396163048,0.41092008691740645
2014,1766,0.890284784932037,0.890747659628059,0.46560357603202174
2014,1767,0.9254536182811838,0.9173838209982786,0.3837922160270604
2014,1768,0.9116824293191438,0.8823307165946012,0.41774035851044927
2014,1769,0.9382113640191219,0.9169220435749967,0.34941148974673997
2014,1770,0.906278828513209,0.8765584988035765,0.43033010758250667
2014,1771,0.9040112096956127,0.881952898702825,0.4355049916015586
2014,1772,0.9343510857727362,0.9332311825700011,0.3601609736033078
2014,1773,0.9237893513877563,0.886486713404139,0.38805269752072025
2014,1774,0.9433964814039152,0.8918391335376347,0.33442950974014746
2014,1775,0.9204547116794789,0.9297468620125097,0.39645153891189344
2014,1776,0.910081822854205,0.8753830653624951,0.4215087795382625
2014,1777,0.9071307882882339,0.8967507661307248,0.428369713090371
2014,1778,0.9536775100545445,0.9375970782083034,0.30253722963283713
2014,1779,0.9275524917981197,0.9157256202510388,0.37835075434649124
2014,1780,0.9102070872337906,0.856261282062046,0.421215076757054
2014,1781,0.9264506370726424,0.9159565089626798,0.3812170668388772
2014,1782,0.9168245622683655,0.8872213593048149,0.40539690187277966
2014,1783,0.9404316459500944,0.9103941900004198,0.3430762685971038
2014,1784,0.9071671335054401,0.8755929641912596,0.42828588168077936
2014,1785,0.9259473785092901,0.8889635195835606,0.3825190746401692
2014,1786,0.9437614585671494,0.9196297384660591,0.33334957220462325
2014,1787,0.8849836269290613,0.8601024306284369,0.47671927512184425
2014,1788,0.8787420425038992,0.817199110028966,0.4894834384310869
2014,1789,0.9339910481622161,0.9250451282481843,0.3611472366263515
2014,1790,0.901310560114843,0.8817849796398135,0.44158897288983623
2014,1791,0.8472859905627322,0.8807144956131143,0.549316086807445
2014,1792,0.9065706806460091,0.884219806053482,0.4296595510493003
2014,1793,0.9030998713050713,0.9149489945846101,0.4375674971130037
2014,1794,0.9121431295720216,0.9039502959573484,0.41664938237515176
2014,1795,0.8505766901910168,0.8616976617270473,0.5433654920362737
2014,1796,0.9301789082797396,0.9263045212207713,0.3714293304189288
2014,1797,0.9051115023435549,0.8723395323454093,0.4330017615320325
2014,1798,0.9168019824424537,0.9009907224717685,0.40545192514980266
2014,1799,0.9168054831117962,0.9091557869107089,0.4054433950904535
2014,1800,0.9105655129434264,0.9015574493094326,0.42037355558153955
2014,1801,0.9119185773674495,0.8970446244909951,0.41718149688863776
2014,1802,0.9066342347523045,0.8687082826077829,0.42951339096650165
2014,1803,0.9163797045915225,0.8974854120314008,0.4064795738283073
2014,1804,0.9295142436642574,0.9178455984215605,0.3731930609102847
2014,1805,0.8617521484078876,0.8376642458335081,0.5226513461686328
2014,1806,0.911733104237207,0.907959363586751,0.41762049563530174
2014,1807,0.8936149518460672,0.8679316569413541,0.4584829344388149
2014,1808,0.915036506124669,0.9144032576298222,0.40973122244372834
2014,1809,0.8844041860003641,0.8733050669577261,0.4779185984015222
2014,1810,0.9063734143907423,0.8759707820830358,0.4301129025205811
2014,1811,0.9109948767955797,0.8937911926451448,0.41936326096223386
2014,1812,0.9117725874033265,0.8831283321439065,0.4175270810905919
2014,1813,0.9151286004120761,0.9000671676252046,0.40950910271918595
2014,1814,0.922394595154291,0.8979471894546828,0.391587538024514
2014,1815,0.9173132786979596,0.9225263423030098,0.4042041458079909
2014,1816,0.9120460101099589,0.8710801393728221,0.41687960675681857
2014,1817,0.8917527194127497,0.8704504428865285,0.46247831621339697
2014,1818,0.914964773407779,0.8919650728348935,0.40990414925907875
2014,1819,0.9111764377634708,0.8861088955123629,0.41893531442476556
2014,1820,0.8939718021691153,0.8757818731371477,0.45771333750339294
2014,1821,0.9416109091411623,0.8965618571848367,0.33966338582909317
2014,1822,0.9372896225405306,0.9002350866882161,0.3520080417919181
2014,1823,0.9267208988659075,0.8976113513286594,0.38051601910441857
2014,1824,0.9186022968480403,0.8721716132823978,0.4010411648029691
2014,1825,0.9188395766662759,0.8772931447042523,0.4004562071138773
2014,1826,0.906089433408083,0.8641114982578396,0.43076470139131817
2014,1827,0.9173863475444238,0.8722975525796565,0.4040255121778025
2014,1828,0.8970752237875216,0.898660845472482,0.4509650067749139
2014,1829,0.9113787926256498,0.9042651442004952,0.41845784013278414
2014,1830,0.9408509568107265,0.9116955627387598,0.34186665270161604
2014,1831,0.941324549414466,0.9281516309138993,0.3404952788099975
2014,1832,0.9033803314631794,0.8861718651609922,0.4369338076752832
2014,1833,0.9125186693727657,0.8996473699676755,0.4157579552864054
2014,1834,0.9437159384539593,0.9383317241089792,0.33348445337854626
2014,1835,0.9268226838888566,0.9099114226942612,0.3802516579849868
2014,1836,0.9122498600835847,0.8963519583560722,0.41639622792482867
2014,1837,0.934490363445453,0.9250031484824313,0.3597787203962283
2014,1838,0.922478160663314,0.8635447714201754,0.3913766504848962
2014,1839,0.9149445264236388,0.9038663364258426,0.4099529456766407
2014,1840,0.9283814306306868,0.9072876873347044,0.37617999691520604
2014,1841,0.9038087154239381,0.850573023802527,0.43596411190966267
2014,1842,0.8088737175681252,0.8991855925443933,0.6145299929824659
2014,1843,0.9279306297599378,0.9051047395155534,0.3773620663885526
2014,1844,0.896001578639039,0.8479282985600939,0.45331099332029395
2014,1845,0.9438402536206516,0.9087569791360562,0.33311596457988807
2014,1846,0.9231375207204272,0.8695478779228409,0.3897086740434421
2014,1847,0.9133533638822929,0.9272490659502118,0.4137697445265783
2014,1848,0.9219649140738929,0.894399899248562,0.3926701011484356
2014,1849,0.9119507617149636,0.9149699844674866,0.4171052722966499
2014,1850,0.9290872728380529,0.922673271483145,0.3743216717081083
2014,1851,0.9040426478812544,0.8622643885647117,0.43543366760648267
2014,1852,0.9209375343578493,0.9172578817010199,0.3952465200735777
2014,1853,0.9029270763989691,0.9125351580538178,0.43795746438354577
2014,1854,0.888768884433464,0.9068259099114225,0.4688090904495073
2014,1855,0.9051571492387437,0.8787204567398512,0.4328975994674156
2014,1856,0.9041027702673088,0.8745644599303134,0.4352972350536097
2014,1857,0.9432300933139123,0.9434742454137104,0.3349206828690555
2014,1858,0.9277215747972752,0.9044750430292597,0.3779089858754142
2014,1859,0.906902356337341,0.8959321606985431,0.42889622359092194
2014,1860,0.8540168068864525,0.8863607741068803,0.5370742210562268
2014,1861,0.9126018437549875,0.8984089668779647,0.4155602637662444
2014,1862,0.9061585047684079,0.8811133033877669,0.43060625821535486
2014,1863,0.9237401552730519,0.8776709625960286,0.38817792677323676
2014,1864,0.8927026803084586,0.9021661559128498,0.46044452630056726
2014,1865,0.9134815526002685,0.9040972251374835,0.413463556960476
2014,1866,0.9176330867984649,0.8984089668779647,0.4034217167018243
2014,1867,0.8823528158816676,0.8780277906049282,0.48214053587123196
2014,1868,0.9035572283933612,0.8794131228747741,0.4365336424674373
2014,1869,0.9068611800008153,0.8930355568615925,0.428991061774865
2014,1870,0.9120931747473204,0.8841778262877292,0.41676781755826775
2014,1871,0.925011094893418,0.9076235254607278,0.38492966713976584
2014,1872,0.9065434751600903,0.8783006590823221,0.4297221023241017
2014,1873,0.9090175012471757,0.8776499727131521,0.42399604731425355
2014,1874,0.9340046839705797,0.9082532219470214,0.3611099326795347
2014,1875,0.9170324553656874,0.9046849418580243,0.4048899496475922
2014,1876,0.9061947903493783,0.8734729860207379,0.4305229991575796
2014,1877,0.9229252099732357,0.8869275009445444,0.3902465325886477
2014,1878,0.9065661728563781,0.9046429620922714,0.4296699160584918
2014,1879,0.9339827433954251,0.9292221149405985,0.36116995437268873
2014,1880,0.9179844278445544,0.9008647831745097,0.4025603873504844
2014,1881,0.9175333058720684,0.8761596910289239,0.40366599931102465
2014,1882,0.902250600049747,0.865475840644809,0.4394808217349068
2014,1883,0.8914135648377288,0.8773141345871289,0.4632022557352485
2014,1884,0.8999282906832584,0.876117711263171,0.44467072328175855
2014,1885,0.8897609581342782,0.8735989253179965,0.46671374661225357
2014,1886,0.9229646386416024,0.9074556063977162,0.3901467018303792
2014,1887,0.9397671305807583,0.9105201292976783,0.34498455674804596
2014,1888,0.940696806952078,0.9177406490071784,0.3423118366230994
2014,1889,0.890337157070045,0.8926367490869399,0.46549243572481364
2014,1890,0.9263173308051803,0.9101423114059021,0.3815623833463477
2014,1891,0.9130921835449631,0.8831283321439065,0.4143928916597686
2014,1892,0.9271148651975882,0.9117165526216363,0.3794917670995394
2014,1893,0.9317307379574105,0.8765165190378236,0.3672784796667517
2014,1894,0.9163010600735872,0.915641660719533,0.4066706750269646
2014,1895,0.9280220048235949,0.9166071953318498,0.3771227662585321
2014,1896,0.9167469707113969,0.8886276814575372,0.4055859483339077
2014,1897,0.9158130216902474,0.8832752613240415,0.4078545754708689
2014,1898,0.9144736030309915,0.9203433944838586,0.4110862645511514
2014,1899,0.9299531154939328,0.9049788002182946,0.37202942393989274
2014,1900,0.9221364171482673,0.8882078838000081,0.39223836476226487
2014,1901,0.9198468344964771,0.8838419881617059,0.3979634775059741
2014,1902,0.9004361251135415,0.8890264892321899,0.4435410017772659
2014,1903,0.9130006634636884,0.9209940808530287,0.41461102676789985
2014,1904,0.9036584126822964,0.8820998278829603,0.4363045846695348
2014,1905,0.9262419566940266,0.8578355232777799,0.3817574941813326
2014,1906,0.9432137484930526,0.9163972965030852,0.334968893487273
2014,1907,0.9056668236101384,0.8729062591830736,0.4317328620709971
2014,1908,0.8858473158186143,0.89624700894169,0.4749259955762189
2014,1909,0.9288680198910042,0.9017463582553207,0.3748999021084258
2014,1910,0.9345638831666295,0.8869694807102976,0.3595767786817456
2014,1911,0.854838656056656,0.8937702027622684,0.5355602899554909
2014,1912,0.9067689302724936,0.9112127954326013,0.42920345717893493
2014,1913,0.9389836558696306,0.9370933210192686,0.3472209885767279
2014,1914,0.8829425670313752,0.875005247470719,0.4809305614138709
2014,1915,0.9236850129713525,0.8987238151211114,0.3883182441081105
2014,1916,0.9357033544526472,0.9250661181310607,0.35643228576340746
2014,1917,0.9297641753949293,0.8802737080727088,0.3725308305383392
2014,1918,0.9233763907444678,0.9094706351538556,0.389102642603221
2014,1919,0.9191245181285265,0.9316359514713906,0.39975261969230863
2014,1920,0.8871052897126753,0.8911044876369588,0.4723018802735116
2014,1921,0.9066719519510944,0.8944838587800679,0.42942662641029417
2014,1922,0.9105122027054432,0.8737248646152552,0.42049882535410876
2014,1923,0.9242543618164754,0.880609546198732,0.3868670059157814
2014,1924,0.9044874996218512,0.8827505142521302,0.43442317470766834
2014,1925,0.8733563199588494,0.8703245035892698,0.5002356496108115
2014,1926,0.9066279903232926,0.8741656521556608,0.4295277539454203
2014,1927,0.9022178535216686,0.8802527181898323,0.4395544296853134
2014,1928,0.9036263364453884,0.8916082448259937,0.43637721085787545
2014,1929,0.9370559967462949,0.8941270307711682,0.35266313039136993
2014,1930,0.848989126408439,0.8690651106166826,0.5462443875702521
2014,1931,0.9128707463068435,0.8780907602535576,0.4149204831016665
2014,1932,0.8877523026211149,0.8889215398178077,0.4709465266519207
2014,1933,0.9168678028331361,0.9071407581545693,0.4052915109644255
2014,1934,0.8368661869392982,0.8626841862222407,0.567747030698469
2014,1935,0.9090438629245927,0.8502791654422567,0.4239346176056146
2014,1936,0.9240235829584368,0.901116661769027,0.3874559033567304
2014,1937,0.9222428083333553,0.8916082448259937,0.39197029997719707
2014,1938,0.9285994157272669,0.9085470803072917,0.3756070720033033
2014,1939,0.9149637762672793,0.8907056798623062,0.40990655256207825
2014,1940,0.9406825624313339,0.9254859157885897,0.34235294549967654
2014,1941,0.9022299246037719,0.886024935980857,0.4395272976291933
2014,1942,0.9085113981048741,0.8694219386255823,0.4251736811777889
2014,1943,0.9295388536513385,0.915872549431174,0.37312790534769985
2014,1944,0.9066152919007366,0.8868015616472859,0.4295569604469512
2014,1945,0.9230020739778945,0.9072247176860752,0.3900518944100068
2014,1946,0.8927504479161861,0.8858570169178454,0.4603420224261432
2014,1947,0.8823861068114716,0.864594265563998,0.4820723147637401
2014,1948,0.8898764904490919,0.8626002266907349,0.4664691206912001
2014,1949,0.9251227579611563,0.9082532219470214,0.38464296845930335
2014,1950,0.9102990187224677,0.8662734561941143,0.42099939801226577
2014,1951,0.913466010377269,0.8907686495109355,0.4135006927068072
2014,1952,0.8861165951733261,0.8670081020947902,0.474365503829895
2014,1953,0.8976825054646144,0.8442970488224675,0.44963263590929203
2014,1954,0.9337322270511905,0.9125771378195708,0.36185457312520336
2014,1955,0.9288925310793983,0.9095336048024851,0.37483530364036555
2014,1956,0.8870554390523117,0.8796020318206623,0.4724061453980984
2014,1957,0.9147794323839907,0.8888165904034253,0.41035061542371354
2014,1958,0.917202278671765,0.9076445153436042,0.40447535999283357
2014,1959,0.919076250785936,0.9019352672012088,0.39987189019428127
2014,1960,0.9191003254416668,0.896016120230049,0.39981240522058975
2014,1961,0.9059137147871535,0.8945678183115736,0.431167520834969
2014,1962,0.89505106481244745,0.8613828134839006,0.45537784352182253
2014,1963,0.878517758941971,0.8632928928256578,0.4899359133590804
2014,1964,0.904499276178701,0.8726124008228032,0.43439639199910945
2014,1965,0.9194311123106504,0.8911044876369588,0.39899418090773336
2014,1966,0.9453055128103203,0.9424457411527641,0.32874159294042155
2014,1967,0.9371711758397435,0.925359976491331,0.3523403195071287
2014,1968,0.928517929992505,0.923554846563956,0.3758213411938403
2014,1969,0.9152715335826712,0.907812434406616,0.409164127266148
2014,1970,0.9036583571101643,0.8888795600520548,0.436304710504977
2014,1971,0.8933561362780575,0.8823097267117248,0.45904029865354357
2014,1972,0.9230795706526789,0.9229671298434153,0.3898555557806249
2014,1973,0.8679227213783559,0.8915662650602408,0.5108541594391296
2014,1974,0.9278109993170013,0.903425548885437,0.3776751347039356
2014,1975,0.9156061084107171,0.9036144578313251,0.40835547679616907
2014,1976,0.9184267088495326,0.8937911926451448,0.40147348707907043
2014,1977,0.9332574073093131,0.8951765249149909,0.36314863366921024
2014,1978,0.9274228907154624,0.8771042357583644,0.37868901827517887
2014,1979,0.9025568771951156,0.8958062214012844,0.43879177129275043
2014,1980,0.8821201098707979,0.897590361445783,0.4826171370539823
2014,1981,0.9215718548535144,0.8944418790143148,0.39365778979992727
2014,1982,0.9249721951241597,0.8927626883841987,0.3850294934664227
2014,1983,0.9249109741050626,0.9158095797825447,0.38518654918354145
2014,1984,0.9176700038631214,0.9091977666764618,0.40333129923817895
2014,1985,0.8835147037082951,0.8198648251542754,0.4797538097545151
2014,1986,0.8393388815047995,0.9005499349313629,0.5634277990457203
2014,1987,0.9116951208601013,0.9075395659292219,0.41771034206347857
2014,1988,0.9278387127521048,0.9159565089626798,0.3776026327994089
2014,1989,0.9002385773663636,0.8849544519541579,0.4439808054018299
2014,1990,0.9504051431267772,0.9434322656479575,0.31304098286697163
2014,1991,0.9107291548084935,0.8659795978338439,0.4199887923261801
2014,1992,0.934866969490191,0.925590865202972,0.35874307018383395
2014,1993,0.8256230864269347,0.8871583896561857,0.5869854971010954
2014,1994,0.9199664222542973,0.8940850510054152,0.39766648783336767
2014,1995,0.9113303454878862,0.9187901431510012,0.418572205053336
2014,1996,0.9287737999630277,0.8958272112841609,0.37514811221322886
2014,1997,0.8728815106444789,0.867511859283825,0.5011725078074344
2014,1998,0.9243207256727496,0.8937072331136391,0.3866974937632255
2014,1999,0.9181619660856605,0.8876201670794676,0.40212444219602667
2014,2000,0.8883556878169127,0.9155786910709037,0.4696790393196412
