score_vintage,pearson_correlation_p025,pearson_correlation_median,pearson_correlation_mean,pearson_correlation_p975,rank_correlation_p025,rank_correlation_median,rank_correlation_mean,rank_correlation_p975,score_rmse_p025,score_rmse_median,score_rmse_mean,score_rmse_p975
2014,0.8524712194991816,0.9152766229945433,0.9112781435607171,0.943110511441554,0.8436746987951805,0.894536333487259,0.8922724171949119,0.9301687586583264,0.33527323476854193,0.4091518370537496,0.41555319986368183,0.5399098521238022
2022,0.8368860187638931,0.9037410246672788,0.8992419828821118,0.9315529597990496,0.8442877104265091,0.8873843901789875,0.8862641143788678,0.9192068251380666,0.36835122956684313,0.4368229065641567,0.44411930230682284,0.5686308017557463
