alderman,gender,race_ethnicity,birth_year,first_year_in_council,entry_route,pre_council_occupation,occupation_category,lawyer,property_tax_or_real_estate_work,prior_elected_office,family_political_ties,progressive_caucus,indicted_or_convicted,left_office_reason,confidence,sources,notes
Ameya Pawar,male,Asian,1980,2011,elected,Grad student in social work with nonprofit refugee-resettlement work (Heartland Alliance) and staff role in Northwestern University's Office of Emergency Management,community_organizer_nonprofit,FALSE,FALSE,FALSE,FALSE,TRUE,FALSE,did_not_seek_reelection,high,https://en.wikipedia.org/wiki/Ameya_Pawar; https://crownschool.uchicago.edu/alumni/success-stories/ameya-pawar; https://en.wikipedia.org/wiki/Chicago_City_Council_Progressive_Reform_Caucus; https://blockclubchicago.org/2018/10/29/ald-ameya-pawar-announces-bid-for-city-treasurer-touts-bold-progressive-agenda/,First Indian American/Asian American on Chicago City Council. Ran for IL Governor (2018) then City Treasurer (2019) instead of council re-election.
Andre Vasquez,male,Hispanic,1979,2019,elected,"Community organizer (chair, north side chapter of Reclaim Chicago); cell phone account manager at AT&T; former rapper (stage name ""Prime"")",community_organizer_nonprofit,FALSE,FALSE,FALSE,FALSE,TRUE,FALSE,still_serving_2022,high,https://en.wikipedia.org/wiki/Andre_Vasquez; https://ballotpedia.org/Andr%C3%A9_Vasquez,"Race/ethnicity based on his chairmanship of the Council's Latino Caucus and Wikipedia's Hispanic/Latino American categorization; no explicit self-ID quote found. Elected 2019 defeating incumbent Patrick O'Connor. Progressive Caucus member since taking office, became co-chair in 2023 (after our 2022 window). No indictment/conviction found; a 2019 campaign controversy over old rap lyrics (misogynistic/homophobic content) is not corruption-related."
Anthony Beale,male,Black,1967,1999,elected,Computer data analyst; community activist working with Jesse Jackson Jr. and Rev. James Meeks before entering politics,community_organizer_nonprofit,FALSE,FALSE,FALSE,FALSE,FALSE,FALSE,still_serving_2022,medium,https://en.wikipedia.org/wiki/Anthony_Beale;https://en.wikipedia.org/wiki/Chicago_City_Council_Progressive_Reform_Caucus,"Elected April 13, 1999, took office May 3, 1999 (matches dataset first_start of 1999-05-03). Race/ethnicity not explicitly self-identified in sources checked; inferred from Wikipedia category listings and his community-activist career alongside Black political figures (Jesse Jackson Jr., Rev. James Meeks) and representation of the majority-Black 9th Ward, so treat with medium confidence. No documented lawyer or real-estate/property-tax background, no documented family political ties, no documented indictment or conviction (a 2009 controversy over a school-admission favor for his daughter was not a criminal matter). Confirmed absent from the Progressive Reform Caucus membership list. Still serving as of his 2023 reelection."
Anthony Napolitano,male,White,1975,2015,elected,Chicago police officer (2000-2005) and Chicago firefighter,public_safety,FALSE,FALSE,FALSE,FALSE,FALSE,FALSE,still_serving_2022,high,https://en.wikipedia.org/wiki/Anthony_Napolitano;https://chicago.suntimes.com/2019/1/27/18319195/41st-ward-candidate-for-alderman-anthony-v-napolitano;https://blockclubchicago.org/2023/02/28/ald-anthony-napolitano-cruises-to-reelection-in-41st-ward-race/; https://franoi.com/profiles/police-association-to-honor-napoilitano-roti/,"Elected 2015 unseating incumbent Mary O'Connor; described as the council's only independent alderman, so coded not in Progressive Reform Caucus. Race not documented in any source found (Italian surname, Northwest Side ward), so left NA rather than inferred. [Race filled in a second pass (documented_ancestry): Fra Noi (Chicago Italian-American community newspaper) states he 'traces his roots to Italy on both sides of his family': mother Sara DeLiso born in Mola di Bari, Italy; father's family from Naples and Calabria. Rests on documented ancestry.]"
Arenda Troutman,female,Black,1957,1990,appointed,"Supervisor, Illinois Secretary of State's office",government_political_staff,FALSE,FALSE,FALSE,FALSE,FALSE,TRUE,lost_election,high,https://en.wikipedia.org/wiki/Arenda_Troutman; https://www.justice.gov/archive/usao/iln/chicago/2007/pr0108_01.pdf; https://www.wbez.org/stories/former-alderman-troutman-gets-four-years/c9924356-c2f5-4adb-93b1-51aa7d3120b0; https://www.nbcchicago.com/news/local/troutman-gets-4-years-in-prison/1893412/,"Appointed 1990 to fill vacancy (predates dataset window). Arrested Jan 2007 on federal bribery charges (zoning favors); lost Feb 2007 election while under indictment; pleaded guilty 2008 to mail/tax fraud, sentenced 2009 to 4 years. Left office before Progressive Caucus existed (formed 2013)."
Ariel Reboyras,male,Hispanic,1953,2003,elected,"City of Chicago employee, rising from truck driver to Deputy Commissioner of the Department of General Services; earlier a CPS teacher/coach at Roberto Clemente High School",government_political_staff,FALSE,FALSE,FALSE,FALSE,FALSE,FALSE,still_serving_2022,medium,https://en.wikipedia.org/wiki/Ariel_Reboyras; https://chicago.suntimes.com/2019/1/27/18332047/30th-ward-candidate-for-alderman-ariel-reboyras; https://blockclubchicago.org/2022/09/13/ald-ariel-reboyras-retiring-after-20-years-on-northwest-side/,"Puerto Rican descent per sources, treated as Hispanic. First elected 2003. No source documents Progressive Caucus membership; he was generally described as an ally of the mayoral administration rather than the Progressive Reform Caucus, so marked FALSE with medium confidence given absence-based inference. He was ward committeeman (appointed 2006, elected 2008), but that came after he joined the council in 2003, so it does not count as 'prior' elected office. Announced retirement effective at the end of his term (May 2023), so per the task's framing he was still serving through the 2022-12-31 cutoff."
Bernard Stone,male,White,1927,1973,elected,Attorney; employee in the office of Cook County Sheriff Richard Elrod; vice president of the 50th Ward Regular Democratic Organization,lawyer,TRUE,FALSE,FALSE,FALSE,FALSE,FALSE,lost_election,high,https://en.wikipedia.org/wiki/Bernard_Stone,"Born to Jewish immigrant parents per Wikipedia. Won the 50th Ward alderman seat in a July 3, 1973 runoff and served until losing the April 2011 runoff to Debra Silverstein (62%-38%). His ward-organization vice-president and sheriff's-office roles held before council were not elected positions; he ran for (and lost) 50th Ward committeeman in 2008, but that was after he was already alderman, so prior_elected_office is FALSE. Son Jay Stone ran unsuccessfully for alderman in 2003, an unsuccessful candidacy rather than held office, so family_political_ties is FALSE. The Progressive Reform Caucus did not exist during his 1973-2011 tenure. No indictment/conviction of Stone himself found; two 2007 campaign staffers were convicted of vote fraud, not Stone."
Billy Ocasio,male,Hispanic,NA,1993,appointed,"Community organizer/staffer at nonprofit agencies (education, affordable housing, youth programs, economic development) in Humboldt Park before his 1993 appointment",community_organizer_nonprofit,FALSE,FALSE,FALSE,FALSE,FALSE,FALSE,resigned,medium,https://en.wikipedia.org/wiki/Billy_Ocasio;https://www.huffpost.com/entry/luis-gutierrez-alderman-b_n_880775;https://www.elnuevodia.com/english/news/story/billy-ocasio-the-driving-force-behind-chicagos-national-museum-of-puerto-rican-arts-and-culture/,"Appointed 1993 by Mayor Richard M. Daley to fill Luis Gutierrez's unexpired term (Gutierrez elected to Congress); ward's first_start of 1998-01-01 in our data understates his actual 1993 start. Resigned effective 2009-05-28 to become an adviser to Gov. Pat Quinn (a non-elected appointment), so coded 'resigned' rather than 'appointed_or_elected_elsewhere.' Birth year not found in any source. A 2011 HuffPost piece describes him as 'connected to alleged affordable-housing fraud' but no indictment/conviction of Ocasio himself is documented, so indicted_or_convicted is FALSE."
Brendan Reilly,male,NA,1971,2007,elected,"Illinois House Democratic caucus communications staff (1995-2001); press director, Paul Vallas gubernatorial campaign; VP Public Affairs, AT&T",government_political_staff,FALSE,FALSE,FALSE,FALSE,FALSE,FALSE,still_serving_2022,medium,https://en.wikipedia.org/wiki/Brendan_Reilly_(politician); https://ward42chicago.com/about-brendan/; https://en.wikipedia.org/wiki/Chicago_City_Council_Progressive_Reform_Caucus,Race/ethnicity not documented in any source found. Also served as Vice Mayor (2015-2019) and Council President Pro Tempore (2019-2023). [Second race pass found no documented race or ethnicity.]
Brian Doherty,male,White,1957,1991,elected,NA,NA,FALSE,FALSE,FALSE,FALSE,FALSE,FALSE,did_not_seek_reelection,medium,https://en.wikipedia.org/wiki/Brian_Doherty_(politician); https://www.dnainfo.com/chicago/20160224/norwood-park/plan-honor-republican-alderman-with-street-sign-has-been-dropped/,"Race based on documented Irish descent (White). Could not verify his job/occupation immediately before first winning election in 1991 beyond education (Business Management degree, Northeastern University, 1984; later a Master's in Urban Studies, Loyola, 2005) and an amateur boxing career (Chicago Golden Gloves finalist/champion, 1973-75); pre_council_occupation and occupation_category are set to NA rather than guessed. He ran for Cook County Board of Commissioners in 1986 but lost, so prior_elected_office is FALSE (never actually held prior office). The Progressive Reform Caucus did not exist during his 1991-2011 tenure. He did not seek reelection to the council in 2011 after losing a 2010 Illinois State Senate race; left_office_reason reflects the council seat itself, not the separate senate race loss."
Brian Hopkins,male,NA,1961,2015,elected,"Chief of Staff to Cook County Commissioner John P. Daley; earlier legislative staff for Illinois Senate Democrats, downstate campaign manager for Dawn Clark Netsch's 1994 gubernatorial run, and director of the Illinois Coalition to End Homelessness",government_political_staff,FALSE,FALSE,FALSE,FALSE,FALSE,FALSE,still_serving_2022,medium,https://en.wikipedia.org/wiki/Brian_K._Hopkins;https://chicago.suntimes.com/2019/2/14/18377626/2nd-ward-candidate-for-alderman-brian-hopkins;https://en.wikipedia.org/wiki/Chicago_City_Council_Progressive_Reform_Caucus,"First elected May 2015 (matches dataset first_start 2015-05-18). Race/ethnicity not documented in sources checked, so left NA rather than guessed. No documented lawyer or real-estate background, no documented prior elected office or family political ties, no documented indictment/conviction. Confirmed absent from the Progressive Reform Caucus roster; generally described as a moderate/centrist alderman. Still serving as of the 2022 dataset end point and beyond. [Second race pass found no documented race or ethnicity.]"
Burton Natarus,male,NA,1933,1971,elected,Attorney in private practice; taught local government at Loyola University; U.S. Army/Army Reserve veteran,lawyer,TRUE,FALSE,FALSE,FALSE,FALSE,FALSE,lost_election,high,https://en.wikipedia.org/wiki/Burton_Natarus;https://chicago.suntimes.com/2020/6/11/21288690/former-downtown-ald-burt-natarus-dies-council-obituary-carriages-valet-street-musicians,"First elected 1971 (well before our 1998 data start); defeated by Brendan Reilly in Feb 2007, consistent with input last_end of 2007-05-20. Race/ethnicity not documented in sources found; not treated as White by default per instructions. [Second race pass found no documented race or ethnicity.]"
Byron Sigcho-Lopez,male,Hispanic,1983,2019,elected,Adult-education teacher; Executive Director of the Pilsen Alliance (community organizing nonprofit),community_organizer_nonprofit,FALSE,FALSE,FALSE,FALSE,TRUE,FALSE,still_serving_2022,high,https://en.wikipedia.org/wiki/Byron_Sigcho-Lopez; https://en.wikipedia.org/wiki/Chicago_City_Council_Progressive_Reform_Caucus; https://blockclubchicago.org/2019/04/02/25th-ward-shell-byron-sigcho-lopez-vs-alex-acevedo/; https://25thward.org/meet-the-alderman/; https://jacobin.com/2019/02/byron-sigcho-lopez-chicago-democratic-socialists-america-pilsen,"Born Quito, Ecuador; immigrated at 17. DSA member. Elected 25th Ward Democratic Committeeperson in 2020, after (not before) joining council."
Carlos Ramirez-Rosa,male,Hispanic,1989,2015,elected,Congressional caseworker for Rep. Luis Gutiérrez; community/family-support organizer with the Illinois Coalition for Immigrant and Refugee Rights (ICIRR),community_organizer_nonprofit,FALSE,FALSE,FALSE,FALSE,TRUE,FALSE,still_serving_2022,high,https://en.wikipedia.org/wiki/Carlos_Ramirez-Rosa,"Of Mexican (mother) and Puerto Rican (father) descent; treated as Hispanic. First elected Feb 2015, defeating incumbent Rey Colón with 67% of the vote. He is a nephew of a Cook County judge, but no parent/spouse/sibling/child is documented as having held elected office or been a ward committeeman, so family_political_ties is FALSE. His two documented arrests were at immigration and Fight-for-$15 civil-disobedience protests, not corruption or public-office-related conduct, so indicted_or_convicted is FALSE. He was a member of the Progressive Reform Caucus and founding chair of the council's Democratic Socialist Caucus. He resigned in 2025 to lead the Chicago Park District, which falls outside our 2022 window, so left_office_reason is still_serving_2022 per the task's framing."
Carrie Austin,female,Black,1949,1994,appointed,Elected Democratic Committeewoman for the 34th Ward before becoming alderman; no documented private-sector occupation found in sources checked,other,FALSE,FALSE,TRUE,TRUE,FALSE,TRUE,still_serving_2022,medium,https://en.wikipedia.org/wiki/Carrie_Austin;https://news.wttw.com/2023/03/01/indicted-ald-carrie-austin-resigns-city-council-after-29-years-office;https://chicago.suntimes.com/city-hall/2023/3/6/23627362/carrie-austin-leaves-chicago-city-council-34th-ward-federal-indictment-bill-conway-lightfoot;https://news.wttw.com/2025/07/09/ex-ald-carrie-austin-too-sick-stand-trial-corruption-charges-federal-judge-rules,"Appointed July 13, 1994 by Mayor Richard M. Daley to the seat of her late husband, Ald. Lemuel Austin (Budget Committee chairman), establishing family_political_ties. Also served as elected 34th Ward Democratic Committeewoman before becoming alderman, satisfying prior_elected_office. Race/ethnicity not explicitly self-identified in sources checked; inferred from the ward's demographics ('predominantly African-American') and coverage discussing her seat relative to the City Council Black Caucus, so medium confidence. Federally indicted July 1, 2021 on bribery-related charges; she resigned effective March 1, 2023 (letter dated Feb 15, 2023), just after our dataset's 2022-12-31 end point -- coded 'resigned' to reflect her actual departure rather than 'still_serving_2022'. As of mid-2025 she has been ruled medically unfit for trial and has not been convicted. No documented private-sector occupation before her 1994 appointment was found. [Merge: left_office_reason recoded from resigned to still_serving_2022 because the alderman served through the end of the data, 2022-12-31.]"
Chris Taliaferro,male,Black,1965,2015,elected,"Chicago Police Department officer/sergeant (1994-2015, retired after ~23 years); also earned a JD from John Marshall Law School",public_safety,TRUE,FALSE,FALSE,FALSE,TRUE,FALSE,still_serving_2022,high,https://en.wikipedia.org/wiki/Chris_Taliaferro;https://aldtaliaferro.com/about-chris,"Wikipedia documents him as a member of the Council's Progressive Reform Caucus, Veterans Caucus, and Black Caucus. Coded occupation_category as public_safety (his 23-year police career) even though he also holds a law degree; lawyer=TRUE reflects the JD/bar admission."
Daniel La Spata,male,NA,1981,2019,elected,"Housing/community organizer: Logan Square Neighborhood Association, Jane Addams Senior Caucus, Friends of the Parks, Center for Tax and Budget Accountability",community_organizer_nonprofit,FALSE,FALSE,FALSE,FALSE,TRUE,FALSE,still_serving_2022,high,https://en.wikipedia.org/wiki/Daniel_La_Spata; https://chicago.suntimes.com/2019/1/27/18383799/1st-ward-candidate-for-alderman-daniel-la-spata; https://en.wikipedia.org/wiki/Chicago_City_Council_Progressive_Reform_Caucus,Race/ethnicity not documented in sources reviewed; surname is Italian in origin but that is not a confirmed self-identification. [Second race pass found no documented race or ethnicity.]
Daniel Solis,male,Hispanic,1949,1996,appointed,Schoolteacher; founder/executive director of Latino Youth High School; executive director of Pilsen Neighbors Community Council; co-founder/executive director of the United Neighborhood Organization (UNO),community_organizer_nonprofit,FALSE,FALSE,FALSE,FALSE,FALSE,FALSE,did_not_seek_reelection,high,https://en.wikipedia.org/wiki/Daniel_Solis; https://chicago.suntimes.com/2023/10/30/23914958/daniel-solis-fbi-mole-disgraced-alderman-ed-burke-michael-madigan; https://news.wttw.com/2024/11/21/i-agreed-cooperate-disgraced-ex-ald-turned-government-mole-danny-solis-takes-witness-stand,"Appointed by Mayor Richard M. Daley in 1996 to replace Ambrosio Medrano (convicted of corruption), then won a special election in Feb 1997, so first_year_in_council is 1996, well before the 1998 placeholder in our service-date window. Solis became an FBI informant starting around 2016 (wore a wire, secretly recorded Ald. Ed Burke and House Speaker Michael Madigan, among others) as part of a corruption investigation into his own conduct on the Zoning Committee. He faced a bribery charge/criminal complaint that was resolved through a deferred prosecution agreement contingent on his cooperation, but multiple sources confirm he was never indicted by a grand jury and never convicted; prosecutors dismissed the charge in May 2025 after he completed cooperation. Per the task's explicit instruction to check this carefully, indicted_or_convicted is FALSE. He announced in November 2018 that he would not seek reelection and served out his term through May 2019 (did_not_seek_reelection, not a resignation). His sister, Patti Solis Doyle, was Hillary Clinton's campaign manager — a staff role, not an elected office — so family_political_ties is FALSE. The Progressive Reform Caucus did not exist during his 1996-2019 tenure."
Darcel Beavers,female,Black,NA,2006,appointed,"Aldermanic chief of staff to her father, 7th Ward Ald. William Beavers, immediately before her own appointment",government_political_staff,FALSE,FALSE,FALSE,TRUE,FALSE,FALSE,lost_election,medium,https://en.wikipedia.org/wiki/William_Beavers;https://en.wikipedia.org/wiki/Sandi_Jackson; https://en.wikipedia.org/wiki/William_Beavers;https://wgntv.com/news/chicago-news/william-bill-beavers-former-7th-ward-alderman-and-cook-county-commissioner-dies-at-89-family-spokesman-says/,"Appointed by Mayor Richard M. Daley on December 4, 2006 (matches dataset first_start exactly) to succeed her father William Beavers, who vacated the 7th Ward seat after winning a Cook County Board seat -- satisfies family_political_ties. She had been William Beavers's aldermanic chief of staff. She lost the February 27, 2007 election for the seat to Sandi Jackson (56.7% to 33.5%); Jackson was sworn in May 21, 2007, essentially matching the dataset last_end of 2007-05-20. Birth year and an explicit statement of her race/ethnicity were not found in sources checked (limited independent biographical coverage of her specifically, mostly discussed via her father's Wikipedia page), so both left NA rather than guessed. No documented lawyer, real-estate, or indictment/conviction history for her specifically (her father was later convicted on unrelated federal tax charges in 2013, which does not apply to her). [Race filled in a second pass (documented_ancestry): Darcel Beavers is the daughter of and chief of staff to Ald. William 'Bill' Beavers, whose family background is documented in reliable sources: Wikipedia states he was 'one of six children in an African-American family,' and WGN describes him as a 'leader of Chicago's Black community.' No direct self-description of Darcel herself was found, so this rests on her father's documented family background.]"
David Moore,male,Black,1966,2015,elected,"Accountant at Fortune 500 companies; finance officer, Chicago Dept. of Aviation; assistant commissioner, Cook County Board of Review",government_political_staff,FALSE,TRUE,FALSE,FALSE,TRUE,FALSE,still_serving_2022,high,https://en.wikipedia.org/wiki/David_H._Moore;https://www.17thwardalderman.com/alderman-david-moore-biography/;https://chicago.suntimes.com/2019/1/27/18405327/17th-ward-candidate-for-alderman-david-moore,"Cook County Board of Review is the property-tax assessment appeals body, so property_tax_or_real_estate_work=TRUE for his role there as assistant commissioner. Elected 17th Ward Democratic Committeeman in 2016, after becoming alderman, so not counted as prior_elected_office."
Deb Mell,female,NA,1968,2013,appointed,"Illinois State Representative, 40th District (2009-2013); earlier worked at Christy Webber Landscapes",government_political_staff,FALSE,FALSE,TRUE,TRUE,FALSE,FALSE,lost_election,high,https://en.wikipedia.org/wiki/Deb_Mell; https://www.dnainfo.com/chicago/20130724/albany-park/deb-mell-named-new-33rd-ward-alderman/; https://chicago.suntimes.com/news/2019/4/29/18620033/mell-family-dynasty-ends-after-44-years-deb-mell-concedes-to-socialist; https://en.wikipedia.org/wiki/Chicago_City_Council_Progressive_Reform_Caucus,"Father Richard (Dick) Mell was 33rd Ward alderman 1975-2013, whom she succeeded by appointment; sister married to former Gov. Rod Blagojevich. Lost 2019 runoff to Rossana Rodriguez-Sanchez. Race/ethnicity not documented. [Second race pass found no documented race or ethnicity.]"
Deborah Graham,female,Black,1966,2010,appointed,"Illinois State Representative, 78th District (1995-2010); earlier, Senior Case Manager at Inner Voice, a nonprofit serving homeless and abused women",other,FALSE,FALSE,TRUE,FALSE,FALSE,FALSE,lost_election,high,"https://en.wikipedia.org/wiki/Deborah_L._Graham; https://www.nbcchicago.com/news/politics/chicago-city-council-deborah-l-graham/1897912/; https://www.dnainfo.com/chicago/20150406/austin/29th-ward-race-pits-ald-deborah-graham-vs-police-sgt-chris-taliaferro/; https://oakpark.com/News/Articles/4-13-2015/Say-hello-to-Chris-Taliaferro,-the-29th-Ward's-new-alderman","Appointed by Mayor Richard M. Daley in March 2010 to fill the vacancy left by Isaac 'Ike' Carothers' resignation, then won election to a full term in 2011. prior_elected_office is TRUE for her 1995-2010 Illinois House seat, held immediately before joining the council. occupation_category is set to 'other' because her immediate pre-council role was an elected state legislator, which does not map cleanly onto the listed categories (the closest alternative, government_political_staff, implies staff/appointed rather than elected legislative service); her earlier nonprofit case-manager job at Inner Voice would map to community_organizer_nonprofit if that job is preferred as the primary occupation instead. Race treated as Black based on her having served as secretary of the Illinois Legislative Black Caucus; no explicit self-identification quote was located. She lost the April 2015 runoff to Chris Taliaferro by 437 votes. The Progressive Reform Caucus did not exist during her 2010-2015 tenure."
Debra Silverstein,female,White,1965,2011,elected,"Founded a small tax consultancy after earning an accounting degree from the University of Illinois at Chicago; co-founded the Libenu Foundation, which provides supervised housing for adults with developmental disabilities",business_owner,FALSE,FALSE,FALSE,TRUE,FALSE,FALSE,still_serving_2022,medium,https://en.wikipedia.org/wiki/Debra_Silverstein;https://en.wikipedia.org/wiki/Chicago_City_Council_Progressive_Reform_Caucus,"Defeated 38-year incumbent Bernard Stone in the April 2011 runoff (62%-38%), taking office May 16, 2011 (matches dataset first_start). Wikipedia's category tags describe her as Jewish American (she is also described elsewhere as one of the few Orthodox Jewish women in elected office in the U.S.); race_ethnicity coded White on that basis rather than an explicit statement in article text. Her pre-council 'tax consultancy' is not specified as property-tax-specific (could be income tax/general accounting), so property_tax_or_real_estate_work is coded FALSE rather than guessed TRUE. Formerly married to former Illinois State Senator Ira Silverstein, satisfying family_political_ties (tie predates and does not depend on the marriage's current status). No documented prior elected office, indictment, or conviction; confirmed absent from the Progressive Reform Caucus roster."
Derrick Curtis,male,Black,NA,2015,elected,Chicago Streets and Sanitation ward superintendent; longtime precinct captain (~25 years),government_political_staff,FALSE,FALSE,FALSE,FALSE,FALSE,FALSE,still_serving_2022,medium,https://en.wikipedia.org/wiki/Derrick_Curtis;https://chicago.suntimes.com/2019/1/27/18400384/18th-ward-candidate-for-alderman-derrick-g-curtis,"Sources give birth year as '1968 or 1969' without resolving which, so left as NA. Became 18th Ward Democratic committeeman in 2011 by succeeding Lona Lane after she stepped down (not clearly an election), so not counted as prior_elected_office."
Dick Mell,male,White,1938,1975,elected,Owned a spring manufacturing business,business_owner,FALSE,FALSE,FALSE,TRUE,FALSE,FALSE,resigned,high,https://en.wikipedia.org/wiki/Richard_Mell; https://en.wikipedia.org/wiki/Council_Wars; https://www.wbez.org/stories/long-time-chicago-alderman-dick-mell-retires/2f5b7bb4-57a6-4605-ba55-4436ae07c56e; https://www.chicagomag.com/Chicago-Magazine/Felsenthal-Files/January-2013/Dick-Mell-Stands-Up-for-Nepotism-A-View-of-Chicagos-Most-Infamous-Father-in-Law/,"First elected 1975, well before dataset's 1998 start. Daughter Deb Mell succeeded him via appointment; son-in-law Rod Blagojevich was Illinois Governor. Race inferred from documented racial composition of the 'Vrdolyak 29' bloc he belonged to, not an explicit self-ID statement."
Dorothy Tillman,female,Black,1947,1985,appointed,Civil rights organizer with the Southern Christian Leadership Conference (SCLC); founder of Parent Equalizers of Chicago,community_organizer_nonprofit,FALSE,FALSE,FALSE,FALSE,FALSE,FALSE,lost_election,medium,https://en.wikipedia.org/wiki/Dorothy_Tillman,"Appointed by Mayor Harold Washington in February 1985 to fill a vacancy, then later won election to the seat, so first_year_in_council (1985) is well before the 1998 placeholder start in our service-date window (medium confidence on the exact appointment circumstances since only one source was checked). The Progressive Reform Caucus did not exist during her 1985-2007 tenure, so progressive_caucus is FALSE. Her October 2008 conviction for criminal trespassing at an Alabama hospital (later dropped as part of a settlement) is unrelated to conduct in public office, so indicted_or_convicted (scoped to public-office-related conduct) is FALSE; a separate 2006 investigative report alleged accounting irregularities/conflicts of interest involving her and family members at the Harold Washington Cultural Center, but no indictment or conviction resulted from it. Her son Jimmy Lee Tillman Jr. ran for Congress in 2014 and her daughter Ebony Tillman challenged Ald. Pat Dowell in 2011, but neither is documented as having won, so family_political_ties is FALSE. She lost the 2007 runoff election to Pat Dowell, 46% to 54%."
Ed Burke,male,White,1943,1969,elected,Chicago police officer assigned to the state's attorney's office; concurrently completed a JD at DePaul University College of Law (1968) and was admitted to the Illinois Bar just before entering the council,lawyer,TRUE,TRUE,FALSE,TRUE,FALSE,TRUE,still_serving_2022,high,https://en.wikipedia.org/wiki/Edward_M._Burke;https://www.cbsnews.com/chicago/news/former-alderman-ed-burke-sentencing-racketeering-bribery/;https://www.justice.gov/usao-ndil/pr/former-city-chicago-alderman-convicted-federal-racketeering-bribery-and-extortion,"First entered the council via a March 1969 special election, decades before our dataset's 1998 start; his father, Ald./committeeman Joseph P. Burke, died in office May 1968. Burke was chosen 14th Ward Democratic committeeman shortly after his father's death via an internal party vote of precinct captains to fill the vacancy, not via a public primary election, so this is coded prior_elected_office = FALSE under the appointed-committeeman exclusion rule (he was later repeatedly elected committeeman in subsequent primaries, but only after already being alderman). Wife Anne Burke, an elected Illinois Supreme Court Justice, and his alderman/committeeman father both establish family_political_ties = TRUE. He was lead partner of Klafter & Burke, a property-tax-appeal law firm (over $18.1M in refunds won 2003-2013), so property_tax_or_real_estate_work = TRUE. Race/ethnicity not explicitly stated in sources checked; coded White based on Irish-Catholic educational/family background (Visitation Grammar School, Quigley Preparatory Seminary) rather than an explicit self-identification. He opted not to run for reelection in 2023 amid federal charges (did_not_seek_reelection), was convicted Dec 21, 2023 on 13 of 14 counts of racketeering/bribery/extortion, and sentenced June 24, 2024 to two years in prison. The Progressive Reform Caucus postdates his tenure; his historical 'Vrdolyak 29'/'Young Turks' faction membership was a different, unrelated bloc. [Merge: left_office_reason recoded from did_not_seek_reelection to still_serving_2022 because the alderman served through the end of the data, 2022-12-31.]"
Ed Smith,male,Black,NA,1983,elected,School teacher; employee of the Chicago Economic Development Corporation,education,FALSE,FALSE,FALSE,FALSE,FALSE,FALSE,resigned,medium,https://en.wikipedia.org/wiki/Ed_Smith_(alderman);https://www.nbcchicago.com/blogs/ward-room/alderman-ed-smith-retire-108737129.html,"First elected 1983 after losing runs in 1972, 1976, 1979, and 1980 (none of which count as holding prior elected office). Birth year not available in any source found (Wikipedia flags 'year of birth missing'). Announced retirement in Nov 2010 effective end of that month, ahead of the term's natural May 2011 end, so coded as resigned rather than did_not_seek_reelection; explicitly described as free of any corruption scandal."
Emma Mitts,female,Black,1955,2000,appointed,"Coordinator of special projects, Chicago Dept. of Streets and Sanitation; longtime precinct captain/community organization founder",government_political_staff,FALSE,FALSE,FALSE,FALSE,FALSE,FALSE,still_serving_2022,high,https://en.wikipedia.org/wiki/Emma_Mitts; https://ballotpedia.org/Emma_Mitts; https://www.chicago.gov/city/en/about/wards/37/alderman_emma_mitts.html; https://chicago.suntimes.com/2019/1/27/18369075/37th-ward-candidate-for-alderman-emma-mitts,"Appointed Jan 2000 by Mayor Richard M. Daley to replace Percy Giles, who had been indicted in Operation Silver Shovel."
Eugene Schulter,male,NA,1947,1975,elected,NA,lawyer,TRUE,FALSE,FALSE,FALSE,FALSE,FALSE,did_not_seek_reelection,medium,https://en.wikipedia.org/wiki/Eugene_Schulter; https://www.huffpost.com/entry/ald-gene-schulter-retirin_n_810603; https://www.dreamtown.com/agents/gene-schulter,"Wikipedia states Schulter was first elected in 1975 (age 26), well before the 1998 data-start convention used here; the 1998-2011 window given reflects only the portion of his tenure inside our sample, not his true tenure. No source found states his race/ethnicity explicitly, so left NA rather than inferring from name or photos. Pre-council occupation is not documented; Wikipedia says he earned a law degree and a Kennedy School of Government degree but does not say he was ever licensed or practiced, so lawyer=TRUE rests on the JD credential alone and should be read with that caveat. After leaving council in 2011 he became a residential real-estate agent (Dream Town Real Estate), but that is post-council work, outside the 'before or during council' rule, so property_tax_or_real_estate_work=FALSE. A 2008 controversy over paying his daughter from his aldermanic expense account (violating city ordinance) is an ethics matter, not an indictment or conviction. The Progressive Reform Caucus was not founded until 2013, two years after he left office, so progressive_caucus=FALSE. [Second race pass found no documented race or ethnicity.]"
Felix Cardona Jr.,male,Hispanic,NA,2019,elected,"Worked at the Cook County Assessor's Office and served on the Cook County Board of Review (property assessments), before becoming alderman",real_estate,FALSE,TRUE,FALSE,FALSE,TRUE,FALSE,still_serving_2022,medium,https://en.wikipedia.org/wiki/Felix_Cardona_Jr.;https://ballotpedia.org/Felix_Cardona_Jr.;https://blockclubchicago.org/2023/01/24/ald-felix-cardona-jr-faces-community-activist-in-31st-ward-race/,"Exact birth year undocumented; Wikipedia lists him under 'Year of birth missing (living people)' and a Sun-Times source implies he was born in 1974 or 1975 based on reported age, so birth_year is NA rather than a guess. Progressive Reform Caucus membership is confirmed for the 2019-23 term, matching our sample window exactly; he did not rejoin after the 2023 election. 'Served on the Cook County Board of Review' could describe a hearing-officer/staff role rather than an elected Commissioner seat; no source clarifies, so prior_elected_office is marked FALSE with this flagged as uncertain."
Frank Olivo,male,White,NA,1994,appointed,Not documented in available sources,other,FALSE,FALSE,FALSE,FALSE,FALSE,FALSE,did_not_seek_reelection,low,https://en.wikipedia.org/wiki/Frank_Olivo;https://chicago.suntimes.com/politics/2020/9/29/21494636/madigan-13th-ward-alderman-implicated-comed-scheme-frank-olivo-madigan-house,"Race coded White based on Wikipedia's 'American of Italian descent' category. Wikipedia categorizes him among 'Chicago City Council members appointed by Richard M. Daley,' so entry_route coded appointed (1994), though the exact appointment mechanism/predecessor is not detailed in sources found. Pre-council occupation and exact birth year not documented anywhere found. After leaving the council in 2011 he became a lobbyist for ComEd and was named/implicated in 2020 testimony about a Madigan-era bribery scheme, but sources describe him as a beneficiary/witness, not as indicted or convicted himself, so indicted_or_convicted=FALSE with this caveat."
Fredrenna Lyle,female,Black,1951,1998,appointed,Attorney specializing in municipal finance/bond law,lawyer,TRUE,FALSE,FALSE,FALSE,FALSE,FALSE,lost_election,high,https://en.wikipedia.org/wiki/Freddrenna_Lyle; https://ballotpedia.org/Freddrenna_Lyle; https://www.chicagolawbulletin.com/justice-freddrenna-m-lyle-reflects-on-time-as-alderman-smollett-appeal-20240111; https://chicagoreader.com/blogs/alderman-lyle-tells-her-constituents-so-long-and-to-some-good-riddance/,Name spelled 'Freddrenna' in most sources vs. 'Fredrenna' in our input; confirmed same person via ward (6th) and dates. Appointed Feb 1998 to fill John O. Steele's unexpired term. Lost 2011 runoff to Roderick Sawyer. Left office before Progressive Caucus existed (formed 2013).
George Cardenas,male,Hispanic,1964,2003,elected,"corporate auditor/accountant and tax-policy consultant at Centel, McDonald's, Andersen Worldwide, Tenneco, and Ameritech/SBC; also worked as a substitute teacher",other,FALSE,FALSE,FALSE,FALSE,FALSE,FALSE,appointed_or_elected_elsewhere,high,https://en.wikipedia.org/wiki/George_Cardenas; https://blockclubchicago.org/2022/06/29/ald-george-cardenas-wins-cook-county-board-seat-will-leave-city-council-by-the-end-of-the-year/; https://www.cookcountyboardofreview.com/GeorgeCardenas,"First elected outright in the Feb 2003 general election after the scheduled April runoff was canceled when incumbent Ray Frias withdrew. He chaired the City Council's Latino Caucus, but no source documents membership in the separate Progressive Reform Caucus, so progressive_caucus=FALSE. He left the council on 2022-11-30 (matching the given last_end) after winning election in Nov 2022 to the Cook County Board of Review (1st District, an elected property-tax-appeals board); he took that new office on 2022-12-05, i.e. after his council service ended, so left_office_reason=appointed_or_elected_elsewhere and property_tax_or_real_estate_work is coded FALSE under the 'before or during council' rule even though his very next job is property-tax appeals. No lawyer background found; his pre-council career was corporate/accounting/tax-policy roles, not legal practice."
Gilbert Villegas,male,Hispanic,1970,2015,elected,"Deputy Director, Office of Business and Workforce Diversity, Illinois Dept of Transportation; Associate Director of the Hispanic American Construction Industry Association (government affairs/lobbying); earlier drove a bread delivery truck and was a union shop steward after his Marine Corps service",government_political_staff,FALSE,FALSE,FALSE,FALSE,FALSE,FALSE,still_serving_2022,high,https://en.wikipedia.org/wiki/Gilbert_Villegas;https://36thward.org/meet-gil-villegas/;https://ballotpedia.org/Gilbert_Villegas,"No documented indictment or conviction; a 2022 dispute over campaign-mailer claims during his run for Congress was a messaging controversy, not a legal case. No evidence found of Progressive Reform Caucus membership. No family political ties documented."
Gregory Mitchell,male,Black,1969,2015,elected,Financial analyst/IT specialist; ~20 years of corporate business experience managing technology and finance projects at the Chicago Board of Trade,other,FALSE,FALSE,FALSE,FALSE,FALSE,FALSE,still_serving_2022,high,https://en.wikipedia.org/wiki/Gregory_Mitchell;https://gregmitchell7thward.org/about-greg-mitchell,Elected 2015 unseating incumbent Natashia Holmes. Race coded Black per Wikipedia's African-American politician categories. No documented indictment/conviction; a 2024 altercation allegation with another alderman did not result in charges.
Harry Osterman,male,White,1967,2011,elected,"Illinois State Representative, 14th District (2000-2011); earlier aide to Ald. Mary Ann Smith and staff liaison to CPD/Cook County State's Attorney",government_political_staff,FALSE,FALSE,TRUE,TRUE,FALSE,FALSE,still_serving_2022,high,https://en.wikipedia.org/wiki/Harry_Osterman; https://en.wikipedia.org/wiki/Kathy_Osterman; https://en.wikipedia.org/wiki/Chicago_City_Council_Progressive_Reform_Caucus; https://blockclubchicago.org/2022/07/15/ald-harry-osterman-wont-seek-reelection-after-three-terms-as-edgewater-uptown-alderman/; https://en.wikipedia.org/wiki/Kathy_Osterman,"Mother Kathy Osterman was 48th Ward alderman 1987-1989. Announced July 2022 he would not seek re-election in 2023; still serving as of the dataset's 2022-12-31 cutoff, so coded still_serving_2022 per dataset convention (actual exit was May 2023, did_not_seek_reelection). [Race filled in a second pass (documented_ancestry): His mother, Ald. Kathy Osterman, is documented on Wikipedia as 'Born Kathleen Mary Lonergan in the Bronx, New York' and 'Raised by Irish-Catholic family in the Bronx.' Wikipedia confirms Harry Osterman is her son. Rests on documented ancestry via his mother; father's side (Osterman) ancestry not documented.]"
Helen Shiller,female,White,1947,1987,elected,"community organizer; earlier cab driver, waitress, freelance photographer, and owner/operator of Justice Graphics, Inc. (1981-1987); 1983 campaign organizer for Harold Washington in the 46th Ward",community_organizer_nonprofit,FALSE,FALSE,FALSE,FALSE,FALSE,FALSE,did_not_seek_reelection,medium,https://en.wikipedia.org/wiki/Helen_Shiller; https://chicagolgbthalloffame.org/shiller-helen/,"First elected in 1987 (on her third attempt), well before the 1998 data-start convention; the 1998-2011 window given covers only part of her true tenure. She announced on 2010-08-02 that she would not seek re-election in 2011. Race/ethnicity: no source states this directly, but her Wikipedia page reports her father emigrated from Latvia and her mother from Belarus (European-Jewish ancestry), so coded White on that basis (medium confidence) rather than a direct self-identification statement. Her husband, Marc Zalkin, was an assistant press secretary to Mayor Harold Washington -- a staff job, not an elected office or ward-committeeman post -- so family_political_ties=FALSE. The Progressive Reform Caucus was founded in 2013, two years after she left office, so progressive_caucus=FALSE (it did not exist during her tenure)."
Howard Brookins,male,Black,1963,2003,elected,"Attorney: Assistant Public Defender, Assistant Cook County State's Attorney, Special Assistant Illinois Attorney General; later law partner at Brookins and Wilson Law Firm",lawyer,TRUE,FALSE,FALSE,TRUE,FALSE,FALSE,still_serving_2022,high,https://en.wikipedia.org/wiki/Howard_Brookins;https://en.wikipedia.org/wiki/Howard_B._Brookins_Sr.;https://blockclubchicago.org/2022/09/07/ald-brookins-jr-will-retire-after-almost-2-decades-leading-south-side-ward/,"Father Howard B. Brookins Sr. served in the Illinois House (1983-87) and Senate (1987-93), confirming family_political_ties. His former chief of staff was convicted of bribery in 2015, but Brookins himself was never charged, so indicted_or_convicted is FALSE. No documented Progressive Reform Caucus membership; he chaired the Council's Black Caucus instead. Wikipedia's navbox places him among 'Cook County Democratic committeemen,' suggesting possible ward committeeman service, but the timing relative to his 2003 aldermanic election is undocumented, so prior_elected_office is left FALSE rather than guessed TRUE. [Merge: left_office_reason recoded from did_not_seek_reelection to still_serving_2022 because the alderman served through the end of the data, 2022-12-31.]"
Isaac Carothers,male,Black,NA,1999,elected,"Cook County deputy sheriff; Cook County Public Defender's office; Chicago Dept. of Water superintendent; Chicago Park District director of internal audit; deputy commissioner, Dept. of Streets and Sanitation",government_political_staff,FALSE,FALSE,FALSE,TRUE,FALSE,TRUE,removed_or_convicted,high,https://en.wikipedia.org/wiki/Isaac_Carothers;https://www.fbi.gov/chicago/press-releases/2009/cg052809b.htm;https://chicagotalks.colum.edu/former-alderman-carothers-to-serve-28-months-in-prison/,"Grandfather Isaac 'Ike' Sims was an Illinois State Representative and 28th Ward committeeman; father William Carothers was also a Chicago alderman, convicted of corruption in 1983 -- strong family_political_ties. Isaac Carothers was indicted May 28, 2009 on federal bribery/corruption charges tied to a zoning favor, pleaded guilty Feb 1, 2010, and resigned that day as required by state law upon the guilty plea, hence coded removed_or_convicted. Progressive Reform Caucus did not yet exist during his 1999-2010 tenure."
James Balcer,male,NA,1950,1997,appointed,U.S. Marine Corps veteran (Vietnam War); Director of Veterans Affairs for the City of Chicago,government_political_staff,FALSE,FALSE,FALSE,FALSE,FALSE,FALSE,did_not_seek_reelection,medium,https://en.wikipedia.org/wiki/James_Balcer; https://www.nbcchicago.com/news/politics/chicago-city-council-james-bal/1914275/; http://www.gazettechicago.com/index/2015/06/retiring-alderman-james-balcer-looks-back-on-government-career/; https://www.wbez.org/afternoon-shift/2014/08/26/alderman-james-balcer-announces-his-retirement; https://chicago.councilmatic.org/person/balcer-james-227c7a7f1a91/,Appointed Dec 1997 by Mayor Richard M. Daley to replace Patrick Huels (resigned amid scandal). Race/ethnicity not documented; Ballotpedia page could not be fetched to cross-check. [Second race pass found no documented race or ethnicity.]
James Cappleman,male,NA,1952,2011,elected,licensed clinical social worker; earlier a Houston elementary school teacher and a Franciscan friar; co-founded Chicago's first HIV/AIDS homeless shelter in 1987,community_organizer_nonprofit,FALSE,FALSE,FALSE,FALSE,FALSE,FALSE,still_serving_2022,high,https://en.wikipedia.org/wiki/James_Cappleman; https://www.cbsnews.com/chicago/news/ald-james-cappleman-says-he-wont-run-for-re-election-in-2023/; https://news.wttw.com/2019/07/03/city-council-caucus-chairs-chicago-future,"Elected in 2011, matching the given start date. He chaired the council's LGBT Caucus, and coverage describes him as an ally of Mayor Lightfoot rather than a Progressive Reform Caucus member, so progressive_caucus=FALSE. His given last_end (2022-12-31) reflects that he was still serving at year-end 2022; he actually announced on 2022-07-05 that he would not seek a fourth term and left office in May 2023, after our sample window, so left_office_reason is coded still_serving_2022 rather than did_not_seek_reelection. No source found states his race/ethnicity explicitly. [Second race pass found no documented race or ethnicity.]"
Jason Ervin,male,Black,1974,2011,appointed,"Village Manager of Maywood, Illinois; auditor at Arthur Andersen LLP; Certified Public Accountant",government_political_staff,FALSE,FALSE,FALSE,TRUE,FALSE,FALSE,still_serving_2022,high,https://en.wikipedia.org/wiki/Jason_Ervin;https://www.aldermanervin.com/meet-the-alderman/;https://chicago.suntimes.com/2019/1/27/18319747/28th-ward-candidate-for-alderman-jason-ervin,"Appointed by Mayor Richard M. Daley in late 2010 to replace retiring Ed Smith; Wikipedia's infobox lists his formal term start as January 13, 2011, matching our dataset's first_start of 2011-01-01. family_political_ties is TRUE via wife Melissa Conyears-Ervin, elected Chicago City Treasurer in 2019 (after Ervin was already alderman, but the field does not require the tie to predate council service). No indictment/conviction or documented Progressive Reform Caucus membership found."
Jeanette Taylor,female,Black,1975,2019,elected,"Community organizer at Kenwood Oakland Community Organization (parent organizer, education organizer, youth development coordinator) for about 10 years; longtime Local School Council member",community_organizer_nonprofit,FALSE,FALSE,FALSE,FALSE,TRUE,FALSE,still_serving_2022,high,https://en.wikipedia.org/wiki/Jeanette_Taylor;https://www.ward20th.com/meet-jbt,"Won the open seat succeeding Willie Cochran in 2019. A member of the Democratic Socialists of America; coded progressive_caucus TRUE on that basis even though this is a socialist/DSA affiliation rather than the older Progressive Reform Caucus specifically. Her 21 years on a Local School Council is a community, not government, elected body, so not counted as prior_elected_office."
Jim Gardiner,male,White,1976,2019,elected,"Chicago firefighter; earlier ironworker, stationary engineer, Chicago Park District employee, CPS special education teacher",public_safety,FALSE,FALSE,FALSE,FALSE,FALSE,FALSE,still_serving_2022,high,https://en.wikipedia.org/wiki/Jim_Gardiner_(Chicago_politician); https://ballotpedia.org/Jim_Gardiner; https://blockclubchicago.org/2023/04/04/gardiner-takes-strong-lead-in-far-northwest-sides-45th-ward/; https://chicago.suntimes.com/2019/1/27/18314263/45th-ward-candidate-for-alderman-james-jim-gardiner,Subject of a 2023 Board of Ethics probable-cause finding/fine and a reported federal bribery investigation; no indictment or conviction documented as of sources reviewed.
JoAnn Thompson,female,Black,1956,2007,elected,Cook County Jail correctional officer (rank of lieutenant),public_safety,FALSE,FALSE,FALSE,FALSE,FALSE,FALSE,died,medium,https://chicago.suntimes.com/2015/2/10/18430945/ald-joann-thompson-16th-dies-of-heart-failure; https://windycitytimes.com/2007/04/18/aldermanic-runoffs-full-of-upsets/; https://citizennewspapergroup.com/news/2015/feb/11/chicago-alderman-joann-thompson-passes/,"Elected in the 2007 runoff, unseating 16-year incumbent Shirley Coleman with union backing after Coleman supported a Wal-Mart in the ward; took office in April/May 2007. Race coded Black based on a fellow alderman's on-record statement that they 'worked together as members of the Black Caucus' (Citizen Newspaper Group obituary), which satisfies the caucus-membership basis for this field; no source explicitly labels her race in words. She died in office of heart failure on 2015-02-09, matching the given last_end exactly, so left_office_reason=died. One Sun-Times obituary gives her exact birth date as September 18, 1956, consistent with her reported age at death (58). No evidence found that her own relatives held elected office (a mention of predecessor Shirley Coleman's daughter later running for the seat refers to Coleman's family, not Thompson's). No evidence found of Progressive Reform Caucus membership."
Joe Moore,male,NA,1958,1991,elected,"Attorney in the City of Chicago Department of Law (Appeals Division; Affirmative Litigation Division), 1984-1991",lawyer,TRUE,FALSE,FALSE,FALSE,FALSE,FALSE,lost_election,high,https://en.wikipedia.org/wiki/Joe_Moore_(politician);https://en.wikipedia.org/wiki/2019_Chicago_aldermanic_election,"First took office via an April 1991 special-election runoff, which predates our dataset's window; the dataset's first_start of 1998-01-01 is a left-censoring artifact, not his true start. Race/ethnicity is not documented in available sources (no race/ethnicity Wikipedia category, no caucus membership found), so it is marked NA rather than assumed. As chair of the Housing and Real Estate committee he had substantial real-estate/TIF/zoning policy involvement during his council tenure, but no personal real-estate occupation (broker, developer, property-tax practice) is documented, so property_tax_or_real_estate_work is FALSE. The Progressive Reform Caucus did not exist until roughly 2015, near the end of his tenure, and no source confirms he ever joined it (a 2008 Nation blog post informally dubbed him a 'Most Valuable Local Official,' which is not caucus membership). Lost his 2019 reelection bid to Maria Hadden. [Second race pass found no documented race or ethnicity.]"
John Arena,male,NA,NA,2011,elected,Small business owner / marketing and advertising director (business run with his wife),business_owner,FALSE,FALSE,FALSE,FALSE,TRUE,FALSE,lost_election,medium,https://en.wikipedia.org/wiki/John_Arena;https://ballotpedia.org/John_Arena,"Wikipedia gives only an approximate birth year (c. 1965-1966) and documents no race/ethnicity, so both left NA. Described as 'a founding member of the Chicago Progressive Reform Coalition.' Defeated by Jim Gardiner in the Feb 2019 election; later took a city planning-department advisory job under Mayor Lightfoot, an appointed staff position rather than elected office. [Second race pass found no documented race or ethnicity.]"
John Pope,male,NA,NA,1999,elected,Chicago Office of Budget and Management analyst; Director of Demolition (Building Dept.); Director of Conservation; aide to Mayor Richard M. Daley,government_political_staff,FALSE,FALSE,FALSE,FALSE,FALSE,FALSE,lost_election,medium,https://en.wikipedia.org/wiki/John_Pope_(alderman); https://www.nbcchicago.com/news/politics/chicago-city-council-profile-john-pope/1913837/; https://www.chicagoreader.com/Bleader/archives/2015/02/23/six-challengers-battle-alderman-john-pope-in-forgotten-tenth-ward; https://www.dnainfo.com/chicago/20150421/loop/susan-sadlowski-garza-wins-10th-ward-alderman-race-over-incumbent-john-pope/,"Birth year uncertain: one low-reliability source suggested c.1972, not independently confirmed, so left NA. Race/ethnicity not documented. Lost 2015 runoff to Susan Sadlowski Garza by 20 votes. [Second race pass found no documented race or ethnicity.]"
John Rice,male,NA,1968,2009,appointed,city zoning inspector (1997-2005) and longtime aide/driver to Ald. William Banks; earlier Cook County Highway Department worker (1991-1997),government_political_staff,FALSE,FALSE,FALSE,FALSE,FALSE,FALSE,lost_election,medium,https://en.wikipedia.org/wiki/John_Rice_(alderman); https://chicago.suntimes.com/2016/6/24/18428778/former-northwest-side-alderman-john-rice-dead-at-47; https://www.nbcchicago.com/news/politics/chicago-mayor-daley-appointment-john-rice-william-banks/1863399/,"Appointed by Mayor Daley on 2009-10-06 (Council approved 10-07) to fill the vacancy left by retiring Ald. William Banks; Rice had been Banks's longtime aide/driver. Lost re-election to firefighter Nick Sposato on 2011-04-05, matching the given last_end of 2011-05-15 (end of term). Birth year is inferred from two independent age statements -- 'then 41' at his Oct 2009 appointment and 'age 47' at his death in June 2016 -- both consistent with a 1968 birth year; no source gives an exact birth date. No source states his race/ethnicity explicitly. The Sun-Times obituary reports his father was a precinct captain in the 36th Ward Regular Democratic Organization, a patronage/party post rather than an elected ward-committeeman position, so family_political_ties=FALSE under the definition used here (a parent must have held elected office or been a ward committeeman). Served entirely before the Progressive Reform Caucus was founded (2013), so progressive_caucus=FALSE. [Second race pass found no documented race or ethnicity.]"
Latasha Thomas,female,Black,1965,2000,appointed,"Commercial litigator in private practice; Director of Intergovernmental Relations, City of Chicago Dept of Human Services; chief of staff to Alderman Terry Peterson (17th Ward)",lawyer,TRUE,FALSE,FALSE,FALSE,FALSE,FALSE,did_not_seek_reelection,high,https://en.wikipedia.org/wiki/Latasha_Thomas;https://www.dnainfo.com/chicago/20141019/auburn-gresham/ald-latasha-thomas-will-not-seek-fifth-term/,"Appointed by Mayor Richard M. Daley in 2000 to replace Terry Peterson, then won a 2001 special election outright, matching our dataset's first_start of 2000-08-01. She was elected 17th Ward Democratic committeeman in 2004, but that was after she was already alderman, so it does not count toward prior_elected_office. Her husband, Timothy Thomas Jr., held an appointed city post (First Deputy Commissioner of Cultural Affairs) and resigned in 2009 amid a patronage-violation finding; because that post was appointed rather than elected, family_political_ties is FALSE. The Progressive Reform Caucus did not exist during her 2000-2015 tenure. She announced in fall 2014 that she would not seek a fifth term in 2015."
Leslie Hairston,female,Black,1961,1999,elected,Private law practice; Assistant Illinois Attorney General; litigator for the Illinois Attorney's Appellate Prosecutor's Office,lawyer,TRUE,FALSE,FALSE,FALSE,TRUE,FALSE,still_serving_2022,high,https://en.wikipedia.org/wiki/Leslie_Hairston;https://abc7chicago.com/chicago-city-council-leslie-hairston-5th-ward-alderman/12169494/,"Father was the first African American to own/operate a McDonald's restaurant; race coded Black on that documented basis. Documented member of the Council's Progressive Reform Caucus. Announced in Aug 2022 she would not seek re-election in 2023, but our data window ends 2022-12-31 while she was still in office, so coded still_serving_2022 per the stated convention."
Lona Lane,female,Black,NA,2006,appointed,"Executive Director, Greater Ashburn Planning Association; aldermanic aide to Ald. Thomas Murphy",community_organizer_nonprofit,FALSE,FALSE,FALSE,FALSE,FALSE,FALSE,lost_election,medium,"https://www.nbcchicago.com/news/politics/chicago-city-council-lona-lane/1915069/; https://www.dnainfo.com/chicago/20150327/auburn-gresham/where-is-ald-lona-lane-18th-ward-residents-wonder-as-runoff-looms/; https://www.dnainfo.com/chicago/20150407/ashburn/derrick-curtis-wins-18th-ward-election/; https://en.wikipedia.org/wiki/18th_ward,_Chicago","Appointed Dec 2006 by Mayor Richard M. Daley to replace Thomas Murphy (became judge). Reported as first African American to hold this seat. Birth year not found in sources reviewed. Possibly held ward Democratic committeeman post at some point, but timing relative to council service unconfirmed, so prior_elected_office left FALSE rather than guessed. Lost 2015 runoff to Derrick Curtis."
Madeline Haithcock,female,Black,NA,1993,appointed,NA,NA,FALSE,FALSE,FALSE,FALSE,FALSE,FALSE,lost_election,low,"https://chicagocrusader.com/black-female-aldermen-make-history/; https://en.wikipedia.org/wiki/2nd_ward,_Chicago; https://windycitytimes.com/2007/02/21/incumbent-madeline-haithcock/","Sources describe her as appointed 2nd Ward alderman in 1993, succeeding Bobby Rush after he left to run for Congress, but none of the sources checked (Wikipedia ward page, Chicago Crusader, Windy City Times, and a Ballotpedia page that returned no retrievable content) give her birth year, appointment mechanism/date detail, or her occupation before entering the council, so those fields are NA. Race coded Black based on repeated description as 'the first and only Black female alderman of the 2nd Ward' and coverage of her 2007 defeat as ending '20 years of Black leadership' in the ward. Lost re-election to Bob Fioretti in 2007 (34% to 66%), matching the given last_end of 2007-05-20. No evidence found of prior elected office, family political ties, lawyer background, indictment/conviction, or Progressive Reform Caucus membership (founded 2013, six years after she left office); overall confidence is low given how thin the available biographical record is."
Manuel Flores,male,Hispanic,1972,2003,elected,Congressional aide to U.S. Rep. Luis Gutierrez; Assistant Cook County State's Attorney,lawyer,TRUE,FALSE,FALSE,FALSE,FALSE,FALSE,appointed_or_elected_elsewhere,high,https://en.wikipedia.org/wiki/Manuel_Flores_(American_politician),"Elected 1st Ward alderman in 2003 (Wikipedia infobox term_start2: May 19, 2003, close to our dataset's first_start of 2003-05-05). Resigned effective January 4, 2010 after Governor Pat Quinn nominated him chairman of the Illinois Commerce Commission (he ultimately became Director of Banking at IDFPR when Senate confirmation for the ICC chairmanship stalled); this matches our dataset's last_end of 2010-01-13, so left_office_reason is appointed_or_elected_elsewhere. As alderman he sponsored TIF-transparency and green-building ordinances and worked closely with developers on projects like the Green Exchange and Lathrop Homes redevelopment, but no personal real-estate brokerage/development/property-tax occupation is documented, so property_tax_or_real_estate_work is FALSE. The Progressive Reform Caucus did not exist during his 2003-2010 tenure. No indictment/conviction or family political ties documented."
Margaret Laurino,female,NA,1952,1994,appointed,Not documented; her career was built through the family's 39th Ward political organization (daughter of longtime Ald. Anthony Laurino),other,FALSE,FALSE,FALSE,TRUE,FALSE,FALSE,did_not_seek_reelection,medium,https://en.wikipedia.org/wiki/Margaret_Laurino;https://blockclubchicago.org/2018/08/24/ald-margaret-laurino-to-not-seek-reelection-after-24-years-in-the-city-council/,"Appointed 1994 by Mayor Richard M. Daley to replace her father Anthony C. Laurino, 39th Ward alderman since 1965, who resigned due to poor health; her brother William Laurino was a state representative and her husband Randy Barnette was 39th Ward Democratic committeeman -- strong family_political_ties. No occupation before the appointment, or race/ethnicity, is documented in sources found (surname suggests Italian-American heritage, but this is not stated in any source, so left NA). Did not run for re-election in 2019. [Second race pass found no documented race or ethnicity.]"
Maria Hadden,female,Black,1981,2019,elected,"Community organizer/nonprofit leader; founding board member, Participatory Budgeting Project; executive director, Our City Our Voice",community_organizer_nonprofit,FALSE,FALSE,FALSE,FALSE,TRUE,FALSE,still_serving_2022,high,https://en.wikipedia.org/wiki/Maria_Hadden; https://chicago.suntimes.com/2019/1/27/18372623/49th-ward-candidate-for-alderman-maria-hadden; https://news.wttw.com/elections/voters-guide/2019/candidates/chicago-city-council/maria-hadden; https://localprogress.org/board_members/maria-hadden/,"First Black, queer woman elected to Chicago City Council; defeated 28-year incumbent Joe Moore in 2019. Progressive Caucus treasurer then co-chair."
Marty Quinn,male,NA,NA,2011,elected,Political strategist/campaign operative for Illinois House Speaker Michael Madigan's political operation (paid consultant since ~2000); father Bob Quinn was a Chicago Streets and Sanitation ward superintendent,government_political_staff,FALSE,FALSE,FALSE,FALSE,FALSE,FALSE,still_serving_2022,medium,https://en.wikipedia.org/wiki/Marty_Quinn_(Illinois_politician); https://www.chicagoreader.com/chicago/marty-quinn-michael-madigan-behind-the-scenes-muscle/Content?oid=21671054; https://www.chicagoreader.com/chicago/13th-ward-marty-quinn-david-krupa-madigan-election/Content?oid=66868578,"Data given start date of 2011-01-01 does not match any documented appointment; all sources say Quinn was elected unopposed in the Feb 22, 2011 municipal election (incumbent Frank Olivo filed petitions but withdrew, letting Quinn win outright) and took office May 16, 2011 — no evidence of a mid-term appointment to fill a vacancy, so entry_route=elected. Birth year: Wikipedia infobox only gives 'Born: 1974 or 1975' (age-derived, imprecise) so left NA rather than guessing. Race/ethnicity not documented in any source found. Father was a city Streets & Sanitation ward superintendent (a patronage job, not an elected office or committeeman), so family_political_ties=FALSE per the definition requiring elected office/committeeman. No evidence found of him being a lawyer or doing real-estate work, or of Progressive Caucus membership (he is a machine/Madigan-aligned alderman). No indictment/conviction found for Quinn himself (his name surfaces in the Madigan/ComEd scandal narrative via association, not as a charged party). Ballotpedia page could not be fetched (returned blank). [Second race pass found no documented race or ethnicity.]"
Mary Ann Smith,female,NA,1946,1989,appointed,Homemaker; chief of staff to Ald. Kathy Osterman in the 48th Ward aldermanic office,government_political_staff,FALSE,FALSE,FALSE,FALSE,FALSE,FALSE,did_not_seek_reelection,high,https://en.wikipedia.org/wiki/Mary_Ann_Smith; https://chicago.suntimes.com/obituaries/2024/08/06/mary-ann-smith-dead-alderperson-48th-ward-chicago-obituary; https://www.cbsnews.com/chicago/news/alderwoman-mary-ann-smith-dies-48th-ward/; https://chicagolgbthalloffame.org/mary-ann-smith/,"Race/ethnicity not documented in any source found. Appointed by Mayor Richard M. Daley in 1989 to replace Kathy Osterman (who left to head the city's Special Events office); re-elected five times before announcing retirement in 2010 and not running in 2011. Arrested in 1993 in an advertising-bench vandalism protest with her son; case was dismissed and is unrelated to public-office conduct, so not counted under indicted_or_convicted. The Progressive Reform Caucus did not exist until 2013, two years after she left office, so marked FALSE. [Second race pass found no documented race or ethnicity.]"
Mary O'Connor,female,NA,1959,2011,elected,"Owner of Unforgettable Edibles and O'Connor's Deli and Market; 41st Ward Democratic Committeeman, 2008-2015",business_owner,FALSE,FALSE,TRUE,FALSE,FALSE,FALSE,lost_election,high,https://en.wikipedia.org/wiki/Mary_O%27Connor_(alderman),"Elected 41st Ward Democratic Committeeman in 2008, before her 2011 aldermanic runoff win, so prior_elected_office=TRUE. Lost re-election to Anthony Napolitano in 2015; afterward hired by Mayor Emanuel as a city deputy commissioner (an appointed staff job, not elected office), which is not the reason she left the council. Race/ethnicity not documented in the source found. [Second race pass found no documented race or ethnicity.]"
Matt Martin,male,Black,1984,2019,elected,"Civil rights lawyer, Illinois Attorney General's office",lawyer,TRUE,FALSE,FALSE,FALSE,TRUE,FALSE,still_serving_2022,high,https://en.wikipedia.org/wiki/Matt_Martin_(Chicago_politician); https://www.matt47.com/about; https://chicago.suntimes.com/2019/1/27/18341794/47th-ward-candidate-for-alderman-matt-martin,"Father emigrated from West Africa; joined council's Black Caucus and Progressive Caucus. No source gave an explicit self-identification quote for race, so medium-high (not full) confidence on that field specifically."
Matthew O'Shea,male,NA,1969,2011,elected,Ward/legislative aide to 19th Ward Alderwoman Ginger Rugai and state Rep. Kevin Joyce; social worker in the Cook County court system; assistant director of operations for Cook County Sheriff Michael Sheahan; director of community programs at Chicago High School for Agricultural Sciences,government_political_staff,FALSE,FALSE,TRUE,FALSE,FALSE,FALSE,still_serving_2022,high,https://en.wikipedia.org/wiki/Matthew_O'Shea; https://news.wttw.com/elections/voters-guide/2019/candidates/chicago-city-council/matt-o-shea,"O'Shea became Democratic Committeeman of the 19th Ward in 2005, six years before becoming alderman in 2011; Illinois ward committeemen are elected on the primary ballot, so this counts as prior_elected_office=TRUE (he was also an elected delegate to the 2004 DNC, but that is a party-convention role rather than a government office, so it isn't the basis for this TRUE). Race/ethnicity not explicitly documented in sources found (surname suggests Irish heritage but this is not a documented self-identification/source claim, so left NA per instructions). No evidence of lawyer status, real-estate work, family political ties, Progressive Caucus membership, or any indictment/conviction. [Second race pass found no documented race or ethnicity.]"
Michael Chandler,male,NA,1952,1995,elected,13 years as an employee of the City of Chicago Department of Buildings; attended Harold Washington City College,government_political_staff,FALSE,FALSE,FALSE,FALSE,FALSE,FALSE,did_not_seek_reelection,medium,https://chicago.suntimes.com/2014/12/3/18432947/ald-michael-chandler-s-quiet-exit-shakes-up-24th-ward-race; https://www.nbcchicago.com/news/local/chicago-politics/chicago-city-council-michael-chandler/1915104/; https://chicagoreader.com/news-politics/michael-chandler-24th-ward/; http://austintalks.org/2011/04/chandler-in-dixon-out-in-the-24th-ward/,"First elected in 1995, replacing Ald. Jesse Miller (who had succeeded 'Wild Bill' Henry after Henry's corruption indictment); a Sun-Times profile explicitly noted Chandler himself was never accused of corruption. Lost his seat to Sharon Dixon in 2007, won it back in 2011 defeating Dixon and 23 others, then withdrew from the 2015 race in December 2014, citing family and his already-vested city pension from his prior Buildings Department career. Race/ethnicity not documented in any source found, despite the 24th Ward's majority-Black population - left NA per accuracy standard rather than inferring from ward demographics. Birth year is approximate, calculated from a reported age of 62 in a December 3, 2014 article; exact birth date not found. No evidence found of family political ties or Progressive Caucus membership. [Second race pass found no documented race or ethnicity.]"
Michael Rodriguez,male,Hispanic,1978,2019,elected,"Executive officer, Cook County Medical Examiner's Office; executive director of Enlace Chicago (nonprofit founded by Rep. Jesus 'Chuy' Garcia)",community_organizer_nonprofit,FALSE,FALSE,FALSE,FALSE,TRUE,FALSE,still_serving_2022,high,https://en.wikipedia.org/wiki/Michael_Rodriguez_(politician);https://www.mikerodriguez.org/bio-aria,Won the open 22nd Ward seat in 2019. Joined other newly elected progressive aldermen in 2019 TIF protests; coded progressive_caucus TRUE on that documented basis.
Michael Scott Jr.,male,Black,1975,2015,elected,"Chicago Park District (Park Supervisor; Area Manager, Central Region); also worked with CPS and the Public Building Commission",government_political_staff,FALSE,FALSE,FALSE,TRUE,FALSE,FALSE,resigned,high,https://en.wikipedia.org/wiki/Michael_Scott_Jr.; https://blockclubchicago.org/2022/05/24/ald-michael-scott-key-lightfoot-ally-on-west-side-resigns/; https://blockclubchicago.org/2022/06/22/monique-scott-lawndales-new-alderperson-appointed-to-seat-brother-held/; https://blockclubchicago.org/2023/04/04/monique-scott-wins-24th-ward-race-keeping-west-side-ward-in-the-family/,"Father Michael Scott Sr. was Chicago Board of Education President (a mayoral appointment, not elected office). family_political_ties is TRUE based on sister Monique Scott, who succeeded him as 24th Ward alderman (appointed 2022, elected outright 2023). Resigned June 2022 to join Cinespace Chicago Film Studios."
Michael Zalewski,male,White,1954,1995,elected,"City of Chicago Department of Streets and Sanitation employee, rising to Deputy Commissioner of the Bureau of Sanitation (directed snow removal and refuse collection)",government_political_staff,FALSE,FALSE,FALSE,TRUE,FALSE,FALSE,resigned,high,https://en.wikipedia.org/wiki/Michael_R._Zalewski; https://ballotpedia.org/Michael_R._Zalewski_(Chicago_Alderman); https://chicago.suntimes.com/city-hall/2019/7/12/20692354/former-alderman-michael-zalewski-hires-defense-lawyers-feds-breen-pugh,"Wikipedia categorizes him among 'American politicians of Polish descent' (documented ethnicity) so race_ethnicity=White. He announced in April 2018 he would retire effective May 31, 2018, about a year before his term would have ended, so classified as resigned rather than did_not_seek_reelection. He was also Democratic Committeeman of the 23rd Ward, but that role ran concurrently with (not prior to) his 1995-2018 aldermanic tenure, so prior_elected_office=FALSE. His son, state Rep. Michael J. Zalewski, held elected office, giving family_political_ties=TRUE. A July 2019 Sun-Times article reports he hired defense lawyers as the federal City Council corruption/ComEd probe widened and that he had IRS tax liens (2018 and 2019, personal unpaid taxes 2013-2017), but the article explicitly states 'the former alderman has not been charged with any wrongdoing' — no indictment or conviction found, so indicted_or_convicted=FALSE despite the scrutiny. No evidence of lawyer status, real-estate/property-tax work, or Progressive Caucus membership (caucus founded 2013, no record of his membership)."
Michele Smith,female,NA,1955,2011,elected,"Attorney; Assistant U.S. Attorney (federal prosecutor) in the U.S. Attorney's Office in Chicago handling narcotics, white-collar, and political-corruption cases; later General Counsel of the Engine Group at Navistar International Corporation",lawyer,TRUE,FALSE,TRUE,FALSE,FALSE,FALSE,resigned,high,https://en.wikipedia.org/wiki/Michele_Smith_(politician); https://abc7chicago.com/post/michele-smith-alderman-chicago-city-council-gold-coast/12067115/; https://news.wttw.com/2022/07/21/lincoln-park-ald-michele-smith-resigns-chicago-city-council-citing-personal-issues; https://en.wikipedia.org/wiki/Chicago_City_Council_Progressive_Reform_Caucus,"Elected 43rd Ward Democratic Committeeman in 2008 (re-elected 2012), which predates her 2011 council start and counts as prior_elected_office. Directly checked the Progressive Reform Caucus roster on Wikipedia; she is not listed as a member - she was generally viewed as an independent/moderate voice rather than aligned with that bloc, so marked FALSE. Resigned effective August 2022, citing 'deepening responsibilities toward family and friends'; Mayor Lightfoot appointed Timmy Knudsen as successor. Race/ethnicity not documented in any source found. [Second race pass found no documented race or ethnicity.]"
Michelle A. Harris,female,Black,1961,2006,appointed,Secretary to the Cook County Board of Commissioners; Chief of Staff to Ald. Lorraine Dixon; 8th Ward Streets and Sanitation superintendent,government_political_staff,FALSE,FALSE,FALSE,FALSE,FALSE,FALSE,still_serving_2022,high,https://en.wikipedia.org/wiki/Michelle_A._Harris,"Appointed by Mayor Richard M. Daley in Dec 2006 to fill the vacancy left when Todd Stroger became Cook County Board President; described as a 'Stroger protege' but not related to the Stroger family, so family_political_ties=FALSE. Investigated by the Illinois Attorney General in 2014 for an alleged Open Meetings Act violation but not indicted or convicted. Wikipedia explicitly notes she is not listed as a Progressive/Democratic Socialist caucus member."
Milagros Santiago,female,Hispanic,NA,2015,elected,"TV journalist/news anchor (Telemundo, Univision); chief of staff to Ald. Billy Ocasio; communications specialist, State of Illinois",government_political_staff,FALSE,FALSE,FALSE,FALSE,FALSE,FALSE,lost_election,medium,https://en.wikipedia.org/wiki/Milly_Santiago; https://www.dnainfo.com/chicago/20150407/logan-square/milagros-milly-santiago-declares-victory-31st-ward-election/; https://news.wttw.com/2015/03/23/rough-run-31; https://chicago.suntimes.com/2019/1/27/18332039/31st-ward-candidate-for-alderman-milagros-milly-santiago,"Won a contested April 2015 runoff defeating incumbent Ray Suarez; no appointment is documented (contrary to initial assumption). Puerto Rican-born; member of council's Latino, Women's, and Veterans Caucuses (not Progressive Caucus). Birth year appears only in a low-reliability secondary source, left NA. Lost 2019 re-election to Felix Cardona Jr."
Monique Scott,female,Black,NA,2022,appointed,Chicago Park District recreation supervisor; former owner of Eclectic Chique clothing boutique (2010-2014); health consultant for North Lawndale Christian Health Center,government_political_staff,FALSE,FALSE,FALSE,TRUE,FALSE,FALSE,still_serving_2022,high,https://en.wikipedia.org/wiki/Monique_Scott; https://blockclubchicago.org/2022/06/22/monique-scott-lawndales-new-alderperson-appointed-to-seat-brother-held/; https://abc7chicago.com/chicago-city-council-24th-ward-alderman-monique-scott-michael-jr/11981799/; https://chicago.suntimes.com/city-hall/2022/6/20/23175815/monique-scott-picked-replace-michael-scott-jr-24th-ward-alderperson,"Mayor Lori Lightfoot appointed Monique Scott on June 20, 2022 (sworn in June 22, 2022) to fill the 24th Ward vacancy created when her brother, Ald. Michael Scott Jr., resigned to take a job with Cinespace — she was chosen from a pool of 19 applicants/3 finalists. family_political_ties=TRUE because her brother held this same elected seat immediately before her (their father, Michael Scott Sr., also had a prominent political career as Chicago Board of Education president and Park District Board president, but those were appointed/board positions, not elected office, so the TRUE here rests specifically on the brother's aldermanic seat). Birth year not documented in sources found (Wikipedia gives no birth date). No evidence found of lawyer status, real-estate work, prior elected office, Progressive Caucus membership, or indictment/conviction."
Natashia Holmes,female,Black,1975,2013,appointed,"Transportation/planning policy staffer: worked at Metro Strategies (a planning, policy, and public-affairs firm), as a senior transportation associate at the Metropolitan Planning Council, and for the Illinois Department of Transportation (IDOT)",government_political_staff,TRUE,FALSE,FALSE,FALSE,FALSE,FALSE,lost_election,medium,https://en.wikipedia.org/wiki/Natashia_Holmes; https://www.wbez.org/news/2013/02/11/chicagos-7th-ward-lands-a-new-alderman; https://ballotpedia.org/Natashia_L._Holmes,"Appointed February 13, 2013 by Mayor Rahm Emanuel from a pool of 65 applicants, replacing Sandi Jackson (who resigned amid personal/legal problems). WBEZ quoted Emanuel explicitly noting Holmes did not come from a political family or institution, supporting family_political_ties=FALSE. She holds a JD (Chicago-Kent, 2011) and in 2016 - after leaving council - founded McMillan Holmes LLC, a real-estate/property-law firm; this supports lawyer=TRUE but does NOT count toward property_tax_or_real_estate_work since that work postdates her council service. Her successor Gregory Mitchell took office May 18, 2015, implying an electoral loss, but no source explicitly confirmed whether she ran and lost versus declined to run; left_office_reason (lost_election) is my best-supported inference and is flagged at lower confidence."
Nicholas Sposato,male,White,1958,2011,elected,"UPS driver, then Chicago firefighter for 18 years",public_safety,FALSE,FALSE,FALSE,FALSE,TRUE,FALSE,still_serving_2022,high,https://en.wikipedia.org/wiki/Nicholas_Sposato;http://aldermansposato.com/Alderman-Sposato.html,"Race coded White based on Wikipedia's 'American of Italian descent' category. First elected 36th Ward alderman in 2011, then re-elected in the redistricted 38th Ward from 2015 on (matches the input's '36;38' ward listing). Was a member of the Progressive Reform Caucus but left it in Dec 2016, shifting rightward politically; coded progressive_caucus=TRUE because the field asks about ever being a member."
Nicole Lee,female,Asian,NA,2022,appointed,"Corporate social-impact/community-engagement executive (United Airlines, BP America, PrivateBank); also nonprofit leadership (president, Chicago chapter of the Organization of Chinese Americans; interim executive director, Chinese Mutual Aid Association)",other,FALSE,FALSE,FALSE,FALSE,FALSE,FALSE,still_serving_2022,high,https://en.wikipedia.org/wiki/Nicole_Lee_(politician); https://blockclubchicago.org/2022/03/24/who-is-nicole-lee-11th-ward-alderman-pick-has-background-in-corporate-giving-chinese-american-organizing-and-oil-consulting/; https://www.cbsnews.com/chicago/news/chicago-city-council-to-appoint-nicole-lee-as-new-11th-ward-alderman/; https://news.wttw.com/2022/03/28/nicole-lee-confirmed-11th-ward-alderperson-chicago-city-council,"First Chinese American on Chicago City Council. Appointed March 2022 by Mayor Lightfoot to replace Patrick Daley Thompson, removed after federal tax-fraud conviction (that conviction was Thompson's, not Lee's). Birth year given inconsistently (1974 vs 1975) across sources, left NA."
Pat Dowell,female,Black,NA,2007,elected,"City Planner and Deputy Commissioner of Neighborhood Planning for the City of Chicago (under Mayors Washington, Sawyer, and Daley); Executive Director of the Near West Side Community Development Corporation (affordable housing/commercial development); founding Executive Director of the Mid-South Planning and Development Commission; Executive Director of Public Allies",community_organizer_nonprofit,FALSE,TRUE,FALSE,FALSE,FALSE,FALSE,still_serving_2022,medium,https://en.wikipedia.org/wiki/Pat_Dowell; https://www.chicago.gov/city/en/about/wards/03/alderman_dowell_sbiography.html; https://chicago.suntimes.com/2019/1/27/18378645/3rd-ward-candidate-for-alderman-patricia-pat-dowell,"Elected in an April 2007 runoff, defeating incumbent Dorothy Tillman; assumed office May 21, 2007, matching the given start date. property_tax_or_real_estate_work=TRUE based on her nonprofit CDC work building affordable housing and commercial space (real-estate development activity), not property-tax appeals specifically — noted for transparency. Birth year not given in any source found (Ballotpedia and WTTW voter guide pages returned blank/403 and could not be fetched). No evidence found of lawyer status, prior elected office, family political ties, or indictment/conviction; no record found of Progressive Reform Caucus membership (caucus founded 2013)."
Patrick Daley Thompson,male,White,1969,2015,elected,"Attorney practicing land-use and commercial real-estate/transactional law at Burke, Warren, MacKay & Serritella; also served as an elected Commissioner on the Metropolitan Water Reclamation District Board (Dec 2012-May 2015)",lawyer,TRUE,TRUE,TRUE,TRUE,FALSE,TRUE,removed_or_convicted,high,https://en.wikipedia.org/wiki/Patrick_Daley_Thompson; https://www.cbsnews.com/chicago/news/ald-patrick-daley-thompson-resigns-federal-tax-fraud-conviction/; https://news.wttw.com/2022/07/06/former-ald-patrick-daley-thompson-sentenced-4-months-prison-lying-cheating-taxes; https://chicago.suntimes.com/news/2022/3/18/22985920/patrick-daley-thompson-law-license-suspended-illinois-supreme-court-washington-federal-bank,"Confirmed family relationship: grandson of Mayor Richard J. Daley, nephew of Mayor Richard M. Daley. Elected 11th Ward alderman in an April 2015 runoff, sworn in May 18, 2015. Indicted April 29, 2021 on federal charges (false statements to the FDIC and false income-tax filings) tied to the collapsed Washington Federal Bank for Savings; convicted on all counts February 14, 2022; sentenced July 6, 2022 to four months in prison; Illinois Supreme Court suspended his law license in March 2022. The conviction made him ineligible to continue serving under Illinois law, and he left office effective February 28, 2022, matching this dataset's last_end date - coded as removed_or_convicted. Note: per Wikipedia, two of the false-statement counts were later overturned by the U.S. Supreme Court in March 2025, well after our data window; that later partial reversal does not change indicted_or_convicted=TRUE, which reflects the original 2021-2022 case. No evidence found that he was ever a Progressive Reform Caucus member. Race is not explicitly labeled 'White' in these specific articles but reflects the extensively documented Irish-Catholic Bridgeport heritage of the Daley family."
Patrick Levar,male,NA,NA,1987,elected,"Assistant to the Clerk of the Circuit Court of Cook County, 1974-1987",government_political_staff,FALSE,FALSE,FALSE,FALSE,FALSE,FALSE,did_not_seek_reelection,low,https://en.wikipedia.org/wiki/Patrick_Levar;https://abc7chicago.com/archive/7793085/,"Sources found do not clearly state whether his original 1987 entry to the council was by regular election or appointment, nor his exact birth year (only 'c. 1951' from his 1969 high school graduation) or race/ethnicity, so these are left as low-confidence estimates or NA. His brother Michael held a senior city aviation-contracts post (appointed, not elected), so family_political_ties=FALSE. Was 'a focus of a massive investigation of city aviation deals' but no indictment/conviction is documented. Retired/did not seek re-election in 2011. [Second race pass found no documented race or ethnicity.]"
Patrick O'Connor,male,White,1955,1983,elected,"Practicing attorney; VP and in-house counsel, Foster Bank",lawyer,TRUE,FALSE,FALSE,FALSE,FALSE,FALSE,lost_election,high,https://en.wikipedia.org/wiki/Patrick_J._O'Connor; https://chicago.suntimes.com/news/chicago-alderman-patrick-oconnor-defends-wife-real-estate-sales-conflict-interest-ed-burke-investigation/; https://chicago.suntimes.com/2019/4/2/18417634/longtime-ald-pat-o-connor-loses-in-40th-ward-runoff-to-political-newcomer,"Actual first_year_in_council (1983) predates the dataset's first_start of 1998-01-01, which reflects only the study window, not his true tenure start. Wife Barbara O'Connor was a real-estate broker whose sales in the ward were tied to zoning changes he approved (per Chicago Tribune investigation) -- a documented conflict of interest, but not his own real-estate employment, so property_tax_or_real_estate_work is FALSE per the strict definition. Defeated by Andre Vasquez in 2019 runoff."
Proco Joe Moreno,male,Hispanic,1972,2010,appointed,Employee (rising to Vice President) at a suburban union printing company; also pursued an MBA at DePaul at night,other,FALSE,FALSE,FALSE,FALSE,FALSE,FALSE,lost_election,high,https://en.wikipedia.org/wiki/Proco_Joe_Moreno; https://readjack.wordpress.com/2011/02/17/people-with-passion-alderman-proco-joe-moreno-1st-ward-incumbent/; https://chicago.suntimes.com/fran-spielman-show/2022/11/4/23439104/proco-joe-moreno-chicago-city-council-1st-ward-alcoholism-laspata,"Appointed March 26, 2010, by Mayor Richard M. Daley to replace Manny Flores, who was appointed to chair the Illinois Commerce Commission, matching the given start date. race_ethnicity=Hispanic based on Wikipedia's description of him as of Mexican descent (his grandfather/namesake immigrated from Mexico). He was an employee/VP at a printing company, not an owner, so occupation_category is coded 'other' rather than business_owner. In 2008 he lost a Democratic primary challenge to state Sen. Willie Delgado — a loss, so prior_elected_office=FALSE. In 2019 he pleaded guilty to filing a false police report/insurance fraud after reporting his car stolen; this was personal criminal conduct (auto insurance fraud), not documented as related to his official duties as alderman, so indicted_or_convicted is coded FALSE per the field's 'conduct related to public office' definition — flagged here for visibility given it did occur during his tenure. Lost his 2019 reelection bid to Daniel La Spata (left_office_reason=lost_election). No evidence of lawyer status, real-estate work, family political ties, or Progressive Caucus membership."
Ray Suarez,male,Hispanic,1946,1991,elected,U.S. Marine Corps veteran (Vietnam era); City of Chicago Department of Streets and Sanitation employee rising to Assistant Commissioner; also Administrative Assistant in the Mayor's office working on Development Action Grants,government_political_staff,FALSE,FALSE,FALSE,FALSE,FALSE,FALSE,lost_election,high,https://en.wikipedia.org/wiki/Ray_Suarez_(politician); https://www.thedailyline.com/ousted-31st-ward-alderman-ray-suarez-gets-appointment; https://nbcchicago.com/blogs/ward-room/chicago-ray-suarez-31st-ward-299024061.html,"First elected in 1991; also served as Chicago's Vice Mayor from May 2011 to May 2015 while alderman. Lost the April 2015 runoff to Milly Santiago after 24 years in office. As alderman he chaired the City Council's Housing and Real Estate Committee, but no source documents any real-estate industry work (brokerage, development, or property-tax practice); that field reflects a council committee assignment rather than a real-estate profession, so property_tax_or_real_estate_work is marked FALSE. No evidence found of Progressive Caucus membership, indictment/conviction, or family political ties."
Raymond Lopez,male,Hispanic,1978,2015,elected,Clerical/office work (including at Willis Tower); elected 15th Ward Democratic Committeeman in 2012 before becoming alderman,other,FALSE,FALSE,TRUE,FALSE,NA,FALSE,still_serving_2022,high,https://en.wikipedia.org/wiki/Raymond_Lopez,"Race coded Hispanic; Wikipedia identifies him as the first openly gay Mexican-American elected in Illinois (as ward committeeman in 2012, before his 2015 aldermanic win, so prior_elected_office=TRUE). No source found documents his membership or non-membership in the Progressive Reform Caucus, so progressive_caucus is left NA rather than guessed."
Rey Colon,male,Hispanic,NA,2003,elected,"Executive Director, Boys and Girls Clubs of Chicago; Area Manager, Chicago Park District; Executive Director, YMCA of Metropolitan Chicago",community_organizer_nonprofit,FALSE,FALSE,FALSE,FALSE,FALSE,FALSE,lost_election,medium,https://en.wikipedia.org/wiki/Rey_Col%C3%B3n; https://www.dnainfo.com/chicago/20150224/logan-square/carlos-rosa-wins-35th-ward-election/; https://www.nbcchicago.com/news/politics/chicago-city-council-profile-rey-colon/1917123/,"Faced public controversy over zoning-related dealings connected to developer Mark Fishman, but no indictment or conviction documented. Also investigated for campaign-finance reporting failures (2010) and arrested for DUI (2014); neither is an indictment/conviction tied to public-office conduct. Defeated by Carlos Ramirez-Rosa in Feb 2015. Birth year not found; race/ethnicity inferred from name and community-organization work, not an explicit self-ID quote."
Ricardo Munoz,male,Hispanic,1965,1993,appointed,Aide to 22nd Ward Alderman Jesus 'Chuy' Garcia; also worked briefly for the Chicago Department of Health after college; professional/wedding photographer,government_political_staff,FALSE,FALSE,FALSE,FALSE,TRUE,TRUE,did_not_seek_reelection,high,https://en.wikipedia.org/wiki/Ricardo_Mu%C3%B1oz; https://en.wikipedia.org/wiki/Chicago_City_Council_Progressive_Reform_Caucus; https://blockclubchicago.org/2018/07/23/ald-ricardo-munoz-announces-he-will-not-seek-re-election/; https://www.justice.gov/usao-ndil/pr/former-city-chicago-alderman-sentenced-more-year-federal-prison-using-political-funds,"Appointed by Mayor Richard M. Daley in January 1993 to fill the 22nd Ward vacancy left when Jesus 'Chuy' Garcia moved to the Illinois Senate; born in Monterrey, Mexico (race_ethnicity=Hispanic). Founding member (2013) of both the Progressive Reform Caucus and the council's Latino Caucus; removed from/left the Progressive Caucus in 2019 amid the PAC-fund scandal, but progressive_caucus=TRUE reflects that he was a member for years. Announced in July 2018 he would not seek reelection in 2019 (left_office_reason=did_not_seek_reelection). Indicted April 2021 on 15 counts of wire fraud and 1 count of money laundering for misusing Progressive Caucus PAC funds; pleaded guilty in September 2021 and was sentenced in March 2022 to 13 months in federal prison plus probation and restitution — this is conduct related to his public/political role, so indicted_or_convicted=TRUE. No evidence of lawyer status, real-estate work, prior elected office before 1993, or family political ties."
Robert Fioretti,male,White,1953,2007,elected,"Civil-rights/governmental-law attorney; partner at law firm Roth Fioretti LLC; previously Senior Supervising Attorney, General Litigation Division, City of Chicago Corporation Counsel's office",lawyer,TRUE,FALSE,TRUE,FALSE,TRUE,FALSE,did_not_seek_reelection,high,https://en.wikipedia.org/wiki/Robert_Fioretti; https://en.wikipedia.org/wiki/Chicago_City_Council_Progressive_Reform_Caucus,"Served two terms as 2nd Ward Democratic Committeeman before his 2007 aldermanic election, counted as prior_elected_office. Confirmed as a founding member (2013) of the Chicago City Council Progressive Reform Caucus by directly checking that caucus's Wikipedia page, alongside Waguespack, Foulkes, Arena, Munoz, Pawar, and Sposato - note this caucus was founded in 2013, earlier than the approximate 2015 founding suggested in our research brief. After the post-2010-Census remap left him with none of his original ward, he did not run for city council re-election in 2015 and instead ran for Mayor. Race is based on documented Polish-American/Italian-American parentage (not an explicit 'White' label in sourced text, but consistent with that category)."
Roberto Maldonado,male,Hispanic,1951,2009,appointed,"School psychologist; research analyst, Mayor's Commission on Latino Affairs; Director of Management Services, Mayor's Office of Employment Training; Cook County Commissioner, 1994-2009",government_political_staff,FALSE,TRUE,TRUE,FALSE,FALSE,FALSE,still_serving_2022,high,https://en.wikipedia.org/wiki/Roberto_Maldonado;https://www.cbsnews.com/chicago/news/ald-roberto-maldonado-withdraws-candidacy/,"First Puerto Rican in the nation elected as a county commissioner (Cook County, 1994-2009, an elected office held before his 2009 aldermanic appointment by Mayor Daley), so prior_elected_office=TRUE. As of 2009 owned 16 properties, more real estate than any other alderman, so coded property_tax_or_real_estate_work=TRUE based on this personal real-estate portfolio/property management, though no professional real-estate-industry job is documented. Chaired the council's Latino Caucus, not documented as a Progressive Reform Caucus member. Withdrew his 2023 re-election bid and left office in May 2023, but our data window ends 2022-12-31 while he was still serving, so coded still_serving_2022."
Roderick Sawyer,male,Black,1963,2011,elected,"Attorney in private practice (election, real estate, and administrative law) since 1993",lawyer,TRUE,TRUE,FALSE,TRUE,TRUE,FALSE,still_serving_2022,high,https://en.wikipedia.org/wiki/Roderick_Sawyer; https://blockclubchicago.org/2022/06/02/ald-roderick-sawyer-is-running-for-mayor-following-in-his-fathers-footsteps/; https://chicago.suntimes.com/2019/1/27/18314358/6th-ward-candidate-for-alderman-roderick-t-sawyer,"Son of former Chicago Mayor Eugene Sawyer, who himself previously held the 6th Ward aldermanic seat. Defeated incumbent Fredrenna Lyle in the 2011 runoff. Ran unsuccessfully for mayor in 2023, after the dataset window closes."
Rossana Rodriguez-Sanchez,female,Hispanic,1978,2019,elected,"Drama/theater educator; community organizer (director, Albany Park Theater Project)",community_organizer_nonprofit,FALSE,FALSE,FALSE,FALSE,TRUE,FALSE,still_serving_2022,high,https://en.wikipedia.org/wiki/Rossana_Rodriguez-Sanchez;https://ballotpedia.org/Rossana_Rodriguez_Sanchez;https://chicago.suntimes.com/2019/1/27/18391262/33rd-ward-candidate-for-alderman-rossana-rodriguez-sanchez,"Won 2019 election defeating incumbent Deb Mell; served through end of 2022 per given dates (reelected 2023, outside this window); no evidence found of family political ties."
Samantha Nugent,female,NA,NA,2019,elected,"Government/political staff roles: legislative counsel for the National League of Cities, staff for Chicago Mayor Richard M. Daley and Illinois Attorney General Lisa Madigan, Vice Consul at the British Consulate General Chicago, and Chief of Staff for the Cook County Dept. of Homeland Security and Emergency Management; earned a JD from Loyola University Chicago (2005)",government_political_staff,TRUE,FALSE,FALSE,FALSE,FALSE,FALSE,still_serving_2022,medium,https://en.wikipedia.org/wiki/Samantha_Nugent;https://www.aldermannugent.com/alderman-nugent;https://today.uconn.edu/2021/02/uconn-graduate-is-part-of-the-chicago-political-scene/;https://blockclubchicago.org/2023/02/28/ald-samantha-nugent-retains-seat-as-39th-ward-alderman/,"Birth year conflicts between sources (one source implied 1977, UConn Today says born 1976 based on 1998 graduation) so left NA. Race/ethnicity not documented in any source found (maiden name Guastella suggests Italian-American background but this is not a documented self-identification or source statement, so left NA per instructions). Lawyer=TRUE based on documented JD from Loyola; no source explicitly confirmed active bar license/practice. No documented family members in elected office. No documented Progressive Caucus membership found (she is President Pro Tempore, a mayor-aligned leadership post); marked FALSE for lack of any evidence of membership, but this is not as strongly confirmed as other fields. First elected April 2019 runoff; our data's first_start of 2019-05-20 matches actual first year (no earlier service). [Second race pass found no documented race or ethnicity.]"
Sandi Jackson,female,Black,1963,2007,elected,"Political consultant / owner of J. Donatella & Associates, working on Democratic campaigns including her husband's congressional races",government_political_staff,FALSE,FALSE,FALSE,TRUE,FALSE,TRUE,resigned,medium,https://en.wikipedia.org/wiki/Sandi_Jackson;https://www.nbcchicago.com/news/local/chicago-alderman-sandi-jackson-resign/2054497/,"Race coded Black based on strong contextual/community evidence (marriage into the Jackson family, representing the historically Black 7th Ward) though no source found states this explicitly. Family_political_ties=TRUE via husband, former U.S. Rep. Jesse Jackson Jr. Pleaded guilty Feb 2013 to filing false tax returns tied to misuse of campaign funds (conduct related to her political career), so coded indicted_or_convicted=TRUE even though the charge was a plea rather than a jury conviction after indictment. Resigned effective Jan 15, 2013, before the guilty plea, citing family health matters."
Scott Waguespack,male,NA,1970,2007,elected,"Attorney; international rule-of-law/governance consultant (U.S. State Dept., American Bar Association, Balkans/Kosovo work); earlier U.S. Peace Corps (Kenya)",lawyer,TRUE,FALSE,FALSE,FALSE,TRUE,FALSE,still_serving_2022,medium,https://en.wikipedia.org/wiki/Scott_Waguespack; https://www.ward32.org/; https://www.chicago.gov/city/en/about/wards/32/alderman_scott_waguespack.html,"Founding member and past chair (2015-2019) of the Progressive Reform Caucus. Race/ethnicity not documented in sources reviewed. Defeated incumbent Ted Matlak in 2007. Also 32nd Ward Democratic Committeeman (a concurrent, not prior, role). [Second race pass found no documented race or ethnicity.]"
Sharon Denise Dixon,female,Black,1962,2007,elected,"Held jobs at Cook County Hospital, American Airlines, General Electric, Northwestern Memorial Hospital, and nonprofit Ada S. McKinley Community Services before council",community_organizer_nonprofit,FALSE,FALSE,FALSE,FALSE,FALSE,FALSE,lost_election,medium,https://en.wikipedia.org/wiki/Sharon_Denise_Dixon;https://chicago.cbslocal.com/2011/02/23/dixon-to-take-on-ex-ald-chandler-in-24th-ward,"Occupation category is uncertain: her pre-council job history spans varied corporate/healthcare/nonprofit roles with no single clear primary career documented, so classified by the most nonprofit-adjacent listed employer (Ada S. McKinley); her 2008 committeeman win came after she was already alderman, so it is not counted as prior elected office; the Progressive Reform Caucus did not exist during her 2007-2011 tenure; race documented via Wikipedia category tags rather than an explicit self-ID quote, so flagged medium confidence."
Shirley Coleman,female,Black,1955,1991,elected,"Worked at Chicago Osteopathic Hospital after college, then worked for the Illinois Department of Human Services as a district manager; became an ordained minister/pastor in 1999 (after leaving council)",government_political_staff,FALSE,FALSE,FALSE,TRUE,FALSE,FALSE,lost_election,high,https://en.wikipedia.org/wiki/Shirley_Coleman;https://chicagodefender.com/woe-member/bishop-shirley-coleman/;https://prabook.com/web/shirley_a.coleman/188;https://www.16thward.org/meet-the-alderman,"First elected January 1991 succeeding retiring Alderman Anna Langford (so true first year, 1991, predates our dataset's 1998-01-01 start). This is the MOTHER (born 1955), distinct from her daughter Stephanie Coleman who represents the same ward 16 starting 2019 - confirmed via ward number and dates that this is the correct 'Shirley Coleman' (1991-2007), not to be confused with the daughter. family_political_ties=TRUE because her daughter Stephanie Coleman later became alderman of the same ward (occurred after Shirley's tenure, but the field has no before/after restriction). progressive_caucus=FALSE because the caucus (est. ~2015) did not exist during her 1991-2007 service. Lost 2007 runoff election to JoAnn Thompson."
Shirley Newsome,female,Black,1945,2011,appointed,"Federal judiciary employee for 40+ years (Cook County Circuit Court and U.S. Court of Appeals, 7th Circuit) as executive/judicial assistant, legal secretary and stenographer; longtime chair of the North Kenwood-Oakland Conservation Community Council",government_political_staff,FALSE,FALSE,FALSE,FALSE,FALSE,FALSE,did_not_seek_reelection,medium,https://www.hpherald.com/news/shirley-newsome-north-kenwood-oakland-community-leader-caretaker-and-alderman-dies-at-77/article_44a8ae8e-8aed-11ed-9ebe-234783c56845.html;https://chicagomaroon.com/7885/news/newsome-fills-interim-seat-for-fourth-ward-alderman/,"Race coded Black based on strong contextual/community evidence (decades leading the North Kenwood-Oakland community group in a historically Black South Side neighborhood) though no source found states this explicitly. Appointed Jan 13, 2011 by Mayor Daley as a caretaker alderman filling the vacancy left when Toni Preckwinkle became Cook County Board President; she did not run in the Feb 2011 election and left office when the elected successor (William D. Burns) took office in May 2011, so coded did_not_seek_reelection. Died Dec 25, 2022."
Silvana Tabares,female,Hispanic,1979,2018,appointed,"Journalist (public radio; editor, Extra Community Newspaper); Illinois State Representative, 21st District (2013-2018)",other,FALSE,FALSE,TRUE,FALSE,FALSE,FALSE,still_serving_2022,high,https://en.wikipedia.org/wiki/Silvana_Tabares; https://www.chicago.gov/city/en/depts/mayor/press_room/press_releases/2018/june/SILVANA_TABARES_23rd_WARD.html; https://chicago.suntimes.com/2019/1/27/18320201/23rd-ward-candidate-for-alderman-silvana-tabares; https://ballotpedia.org/Silvana_Tabares,"Appointed by Mayor Emanuel to replace retiring Ald. Michael Zalewski; was a sitting elected Illinois State Representative immediately before her council appointment, hence prior_elected_office TRUE despite an 'appointed' entry route to the council itself."
Sophia King,female,Black,1966,2016,appointed,"Chemistry teacher and CPS administrator at Latin School of Chicago; small business owner (pottery studio, 1996-2003); founder/president of nonprofit Harriet's Daughters",community_organizer_nonprofit,FALSE,FALSE,FALSE,FALSE,TRUE,FALSE,still_serving_2022,high,https://en.wikipedia.org/wiki/Sophia_King;https://www.chicago.gov/city/en/depts/mayor/press_room/press_releases/2016/april/Mayor-Names-Sophia-King-4th-Ward-Alderman.html;https://chicago.suntimes.com/2019/1/27/18333539/4th-ward-candidate-for-alderman-sophia-king,"Appointed by Mayor Emanuel in April 2016 to succeed retiring Ald. William D. Burns; won the 2017 special election and 2019 reelection. Classified as community_organizer_nonprofit based on her founding/leading nonprofit Harriet's Daughters immediately before appointment, though she also had a long prior education career (teacher/CPS administrator). Explicitly reported as not a lawyer herself (her husband is). Served through end of 2022 per given dates; she forwent reelection in 2023 to run for mayor, which is outside this window."
Stephanie Coleman,female,Black,1988,2019,elected,Served as an aide to Cook County Commissioner Dennis Deer before winning election; also held the party role of City Vice-Chair of the Cook County Young Democrats (2016-); earned a BA in Business Administration (Robert Morris University) and MS in Nonprofit Management (Spertus Institute),government_political_staff,FALSE,FALSE,FALSE,TRUE,TRUE,FALSE,still_serving_2022,high,https://en.wikipedia.org/wiki/Stephanie_Coleman;https://www.16thward.org/meet-the-alderman;https://chicago.suntimes.com/2019/1/27/18369351/16th-ward-candidate-for-alderman-stephanie-coleman,"This is the DAUGHTER (born 1988), distinct from her mother Shirley Coleman who represented the same ward 16 from 1991-2007 - confirmed via ward number and dates as the correct 'Stephanie Coleman' (2019-present). First ran unsuccessfully for alderman in 2015 (lost runoff to Toni Foulkes), then won in 2019 defeating incumbent Foulkes; the 2016- Young Democrats Vice-Chair role is a party post, not an elected office, so prior_elected_office=FALSE. family_political_ties=TRUE via mother Shirley Coleman (alderman/ward committeeman) and the mother-daughter duo is documented as historic. progressive_caucus=TRUE: Wikipedia describes her as 'a member of the Black Caucus and formerly of the Progressive Caucus,' confirming past membership. She is also currently the 16th Ward Democratic Committeeman, though the timing of that relative to 2019 council entry is unclear so it was not counted toward prior_elected_office."
Susan Sadlowski Garza,female,White,1959,2015,elected,School counselor at Jane Addams Elementary; 20-year Chicago Public Schools employee; Chicago Teachers Union area vice president,education,FALSE,FALSE,FALSE,FALSE,TRUE,FALSE,still_serving_2022,high,https://en.wikipedia.org/wiki/Susan_Sadlowski_Garza;https://www.ctulocal1.org/posts/susan-sadlowski-garza-makes-history-as-first-ctu-member-elected-to-chicago-city-council/,"Race coded White based on Wikipedia's description of 'Irish and Polish descent.' First member of the Chicago Teachers Union elected to the council, defeating incumbent John Pope by 20 votes in 2015; joined and later chaired the Progressive Reform Caucus. She became 10th Ward Democratic Committeewoman after her 2015 aldermanic win (per Wikipedia, associated with her 2016 Sanders-delegate activity), so this is not counted as prior_elected_office. Her father Ed Sadlowski was an elected Steelworkers union district director, but that is a labor-union office rather than government elected office, so family_political_ties is coded FALSE. Announced in Sept 2022 she would not seek a third term in 2023, but the data window ends 2022-12-31 while she was still serving, so coded still_serving_2022."
Ted Thomas,male,NA,1936,1999,elected,21 years in U.S. Air Force; equipment-repair technician for the U.S. Postal Service; president of the Chicago chapter of ACORN,community_organizer_nonprofit,FALSE,FALSE,FALSE,FALSE,FALSE,FALSE,did_not_seek_reelection,medium,https://en.wikipedia.org/wiki/Theodore_Thomas_(alderman); http://www.chicagonow.com/and-the-ordinary-people-said/2012/11/funeral-services-held-friday-november-16-for-former-chicago-15th-ward-alderman-theodore-ted-thomas; https://shelterforce.org/2000/01/01/the-people-shall-rule-ted-thomas-acorn-by-keith-kelleher-and-madeline-talbott/,"Birth year (1936) inferred from obituary reporting he died Nov 2012 'at age 76'; Wikipedia's own category tag ('1969 births') appears to be an erroneous/unmaintained stub tag contradicted by his documented 2012 death, so not used. Retired for health reasons in 2007. Left office before Progressive Caucus existed (formed 2013). Race/ethnicity not documented. [Second race pass found no documented race or ethnicity.]"
Theodore Matlak,male,White,1965,1998,appointed,"Ward staffer, rising from intern to chief of staff in Ald. Terry (Theris) Gabinski's 32nd Ward office; earlier intern to Congressman Dan Rostenkowski",government_political_staff,FALSE,NA,FALSE,FALSE,FALSE,FALSE,lost_election,medium,https://en.wikipedia.org/wiki/Theodore_Matlak;https://www.wbez.org/eight-forty-eight/2007/02/23/the-race-to-be-32nd-ward-alderman;https://chicagoreader.com/news/election-follies/,"Appointed by Mayor Richard M. Daley in 1998 to finish Ald. Terry (Theris) Gabinski's term, consistent with his unusual 1998-05-21 start date; elected outright in 1999, re-elected 2003, then lost to Scott Waguespack by 121 votes in 2007. Race/ethnicity (White) is inferred from documented Polish-immigrant parentage rather than an explicit self-identification statement, so flagged medium confidence. property_tax_or_real_estate_work is NA: no source found documents any real-estate or property-tax work by Matlak, before or during council. No evidence found of prior elected office, family political ties, or any indictment/conviction of Matlak himself. Served entirely before the Progressive Reform Caucus existed."
Thomas Allen,male,NA,NA,1993,appointed,"Cook County assistant public defender for about a decade (including homicide cases on the Homicide Task Force), then private-practice/criminal-defense and real-estate attorney and law partner (Chapekis, Marcus, Allen & Chapekis, 1977-2010); also served as administrative/legislative assistant to Alderman Thomas Cullerton before succeeding him",lawyer,TRUE,TRUE,FALSE,FALSE,FALSE,FALSE,appointed_or_elected_elsewhere,medium,https://en.wikipedia.org/wiki/Thomas_R._Allen;https://ballotpedia.org/Thomas_Allen_(Illinois);https://www.adrsystems.com/neutral/hon-thomas-r-allen-ret/;https://chicago.suntimes.com/2016/8/2/18370527/brown-former-ald-allen-to-challenge-evans-for-chief-judge,"Race/ethnicity not documented in any source found, left NA. Birth year left NA because Wikipedia's own article is self-contradictory: the lead text states 'born 1952' but the article's category tags list '1965 births' - could not resolve this discrepancy with other sources. Appointed by Mayor Richard M. Daley in 1993 to complete the term of the deceased Thomas Cullerton (so true first year 1993, predating our dataset's 1998-01-01 start), then won election in 1995, 1999, 2003, and 2007. property_tax_or_real_estate_work=TRUE based on ADR Systems bio describing his '32-year legal career in litigation, real estate and criminal defense.' Left council in 2010/2011 after being elected/sworn in as a Cook County Circuit Court judge (sworn in Dec 6, 2010); no evidence of indictment or conviction, only a 2008 news item about nepotism in summer-job hiring (not a criminal matter). [Second race pass found no documented race or ethnicity.]"
Thomas Murphy,male,White,NA,1991,elected,"High school teacher; attorney in private practice (personal injury, real estate, and workers' compensation law)",lawyer,TRUE,TRUE,FALSE,FALSE,FALSE,FALSE,appointed_or_elected_elsewhere,medium,https://en.wikipedia.org/wiki/Thomas_W._Murphy_(Illinois_judge); https://www.chicagoreporter.com/1999-review-year-race-poverty-and-chicago-politics/,"First elected 18th Ward alderman in 1991 in a runoff. Practiced real estate law among other areas, so property_tax_or_real_estate_work=TRUE. Elected to the Cook County Circuit Court in Nov 2006 and left the council upon taking the judgeship (Lona Lane was appointed to fill the remainder of his term), matching the input's 2006-12-12 last_end, so coded appointed_or_elected_elsewhere. Birth year and race/ethnicity not documented in the source found. [Race filled in a second pass (self_or_described): The Chicago Reporter states directly: 'Alderman Thomas Murphy, who is white, wins his 18th Ward seat with almost 58 percent of the vote against eight black challengers,' after the ward was redrawn to be 72 percent African American. Direct news description of his race.]"
Timmy Knudsen,male,NA,1990,2022,appointed,"Attorney (associate, Katten Muchin Rosenman; partner, Croke Fairchild Morgan & Beres, venture-capital/start-up law); chair, Chicago Zoning Board of Appeals (2020-2022); earlier clerked for the U.S. Senate Judiciary Committee",lawyer,TRUE,FALSE,FALSE,FALSE,FALSE,FALSE,still_serving_2022,medium,https://en.wikipedia.org/wiki/Timmy_Knudsen; https://www.cbsnews.com/chicago/news/timmy-knudsen-sworn-in-as-new-43rd-ward-alderman-after-chicago-city-council-confirms-his-appointment/; https://abc7chicago.com/new-43rd-ward-alderman-timmy-knudsen-mayor-lori-lightfoot-michele-smith/12241579/; https://blockclubchicago.org/2022/09/21/timmy-knudsen-appointed-43rd-ward-alderman-filling-vacancy-left-by-michele-smiths-retirement/,Appointed by Mayor Lightfoot Sept 2022 to replace Michele Smith (resigned); later won a full term in April 2023 (outside dataset window). Race/ethnicity not documented. [Second race pass found no documented race or ethnicity.]
Timothy Cullerton,male,White,NA,2011,appointed,"Electrician; City of Chicago Department of Buildings, Chief Electrical Inspector and later First Deputy Building Commissioner (30+ years)",government_political_staff,FALSE,FALSE,FALSE,TRUE,FALSE,FALSE,did_not_seek_reelection,medium,https://en.wikipedia.org/wiki/Timothy_Cullerton;https://www.nbcchicago.com/news/local/chicago-politics/better-know-an-alderman-timothy-cullerton-38th-ward/1936044/;https://www.dnainfo.com/chicago/20150428/portage-park/as-cullerton-era-chicago-politics-ends-alderman-hopes-legacy-lives-on/,"Appointed by Mayor Richard M. Daley in Dec 2010/Jan 2011 to succeed brother-in-law Ald. Thomas Allen (who resigned to become a judge), then won the April 2011 runoff for a full term; did not seek reelection in 2015, ending a long unbroken Cullerton-family run in the 38th Ward seat (father, a great-uncle, and a brother-in-law had all previously held it; a sister was ward committeeman; cousins served in the Illinois legislature) -- family_political_ties = TRUE. Birth year not found in any source checked, marked NA. Race/ethnicity (White) is inferred from the well-documented multi-generation Irish-American Cullerton political family, not an explicit self-identification statement, so flagged medium confidence. He chaired the council's Housing and Real Estate committee, but no source documents personal real-estate or property-tax work by him, so that field is FALSE. Served entirely before the Progressive Reform Caucus existed. No evidence found of indictment or conviction of Timothy Cullerton himself (a cousin, State Sen. Tom Cullerton, was convicted in an unrelated case involving a different person)."
Todd Stroger,male,Black,1963,2001,appointed,"Investment banker at SBK Brooks Investment Corp; statistician for the Office of the Chief Judge of Cook County; jury supervisor with the Cook County Jury Commissioners; elected Illinois State Representative for the 31st District in 1992, serving until his 2001 aldermanic appointment",government_political_staff,FALSE,FALSE,TRUE,TRUE,FALSE,FALSE,appointed_or_elected_elsewhere,high,"https://en.wikipedia.org/wiki/Todd_Stroger;https://en.wikipedia.org/wiki/8th_ward,_Chicago;https://ballotpedia.org/Todd_Stroger;https://www.thehistorymakers.org/biography/honorable-todd-stroger","Appointed by Mayor Richard M. Daley on Sept 5, 2001 to replace Lorraine Dixon (who died in office), then subsequently won election to a full term per Wikipedia's 8th ward article (exact election year not specified in sources found). prior_elected_office=TRUE via his 1992 election as State Representative, before joining city council. family_political_ties=TRUE via his father John Stroger, longtime Cook County Board President. occupation_category chosen as government_political_staff as the closest fit among the given options for his mix of state-legislator and county-government pre-council roles; no other category fits better. No documented indictment or conviction of Todd Stroger personally (his Cook County Board presidency involved political controversies such as a sales-tax hike and hiring-scandal allegations, but no criminal charges were found). Resigned as alderman Dec 4, 2006 (dataset's last_end 2006-12-03) to become Cook County Board President, succeeding his late father. progressive_caucus=FALSE because the caucus did not exist during his 2001-2006 council service."
Tom Tunney,male,NA,1955,2003,appointed,Restaurant owner/operator (purchased and expanded Ann Sather's restaurant starting 1981),business_owner,FALSE,FALSE,FALSE,FALSE,FALSE,FALSE,still_serving_2022,high,https://en.wikipedia.org/wiki/Tom_Tunney,"Nominated by Mayor Richard M. Daley in Dec 2002 to replace Ald. Bernard Hansen and confirmed by a council vote in Jan 2003 before winning a subsequent Feb 2003 election, so coded entry_route=appointed. First openly gay member of the Chicago City Council. Announced in Aug 2022 he would not seek re-election in 2023, but the data window ends 2022-12-31 while he was still serving, so coded still_serving_2022. Race/ethnicity not documented in the source found. [Second race pass found no documented race or ethnicity.]"
Toni Foulkes,female,Black,NA,2007,elected,~29 years as a union bakery worker at Jewel (grocery chain); community activist with Action Now (ACORN successor),labor_union,FALSE,FALSE,FALSE,FALSE,TRUE,FALSE,lost_election,medium,https://en.wikipedia.org/wiki/Toni_Foulkes; https://en.wikipedia.org/wiki/Chicago_City_Council_Progressive_Reform_Caucus; https://www.nbcchicago.com/news/politics/chicago-city-council-profile-toni-foulkes/2096831/; https://chicago.councilmatic.org/person/foulkes-toni-3ef3a31d9402/,"Represented Ward 15 (2007-2015) then redistricted Ward 16 (2015-2019), per input data. Birth year not found in sources reviewed. Lost 2019 re-election to Stephanie Coleman."
Toni Preckwinkle,female,Black,1947,1991,elected,"High school history teacher (~10 years); executive director, Chicago Jobs Council (nonprofit)",community_organizer_nonprofit,FALSE,FALSE,FALSE,FALSE,FALSE,FALSE,appointed_or_elected_elsewhere,high,https://en.wikipedia.org/wiki/Toni_Preckwinkle;https://www.cookcountyil.gov/all-people/toni-preckwinkle;https://tonipreckwinkle.org/,"She actually first entered City Council in 1991, not 1998 -- the dataset's first_start of 1998-01-01 just reflects the dataset's 1998 coverage start, not her true entry year. She was elected in 1991 after two earlier unsuccessful aldermanic runs (1983, 1987), which do not count as prior elected office since she lost both. She resigned the 4th Ward seat effective Dec 5, 2010 after being elected Cook County Board President, assuming that office Dec 6, 2010, so left_office_reason is coded appointed_or_elected_elsewhere. She is widely described informally as a 'progressive' alderman, but the formal Chicago City Council Progressive Reform Caucus was not founded until after she left the council, so progressive_caucus = FALSE. No evidence found of family political ties, a law degree, real-estate/property-tax work, or any indictment/conviction."
Vi Daley,female,NA,1943,1999,elected,Chief of Staff to 43rd Ward Alderman Charles Bernardini (1993-1999); earlier worked for American Airlines at O'Hare International Airport; also community leader as executive director of Friends of Lincoln Park and president of the Mid-North Association,government_political_staff,FALSE,FALSE,FALSE,FALSE,FALSE,FALSE,did_not_seek_reelection,high,https://en.wikipedia.org/wiki/Vi_Daley;https://windycitytimes.com/2007/02/21/43rd-ward-incumbent-vi-daley/;https://www.nbcchicago.com/news/local/chicago-politics/get-to-know-your-ward-43rd-ward/1998243/,"Race/ethnicity not documented in any source found, left NA. Elected in 1999 to succeed the retiring Charles Bernardini for whom she had been chief of staff (true first year 1999 matches our dataset's first_start). Wikipedia explicitly states she is 'unrelated to the Daley family prominent in Chicago politics'; no other family political ties documented, so family_political_ties=FALSE. progressive_caucus=FALSE both because the caucus did not exist during her 1999-2011 service and because sources describe her as a consistent Mayor Daley ally (voting with him ~90% of the time) rather than a progressive. Chose not to seek re-election when her term ended in 2011. [Second race pass found no documented race or ethnicity.]"
Virginia Rugai,female,NA,NA,1990,appointed,"English teacher, Queen of Peace High School; Illinois Senate staff; administrative aide to State Senator Jeremiah Joyce; Assistant to the Director, Beverly Area Planning Association",government_political_staff,FALSE,FALSE,FALSE,FALSE,FALSE,FALSE,did_not_seek_reelection,low,https://chicago.councilmatic.org/person/rugai-virginia-0e749a810bc0/;https://16inchsoftballhof.com/inductee/alderwoman-ginger-rugai/;https://abc7chicago.com/archive/7617452/,"Sources conflict on her start date: her own campaign-style bio describes being 'first appointed by Mayor Richard Daley to the City Council in 1990,' while the Chicago Councilmatic legislative database lists her council service as beginning Feb 28, 1995; we used the earlier 1990 appointment date but flag this discrepancy. Retired from the council in 2011 (did not seek re-election). Birth year and race/ethnicity are not documented in any source found. [Second race pass found no documented race or ethnicity.]"
"Walter Burnett, Jr.",male,Black,1963,1995,elected,"~11 years in Cook County government, including special assistant to Cook County Recorder of Deeds Jesse White",government_political_staff,FALSE,FALSE,FALSE,FALSE,FALSE,FALSE,still_serving_2022,medium,https://en.wikipedia.org/wiki/Walter_Burnett_Jr.,"First elected 1995, well before the dataset's 1998 start. Has a documented prior conviction for armed bank robbery in his youth (pardoned by Gov. Jim Edgar), predating and unrelated to his time in public office, so indicted_or_convicted (conduct related to public office) is FALSE. Father was an assistant precinct captain (party staff role, not committeeman or elected office) and wife was an appointed, not elected, Cook County commissioner who lost her bid for a full elected term -- neither meets the family_political_ties bar of held elected office or was a ward committeeman."
William Banks,male,White,1949,1983,elected,"Chief Research Aide and Legal Counselor to Congressman Morgan F. Murphy; Assistant Corporation Counsel, City of Chicago",lawyer,TRUE,TRUE,FALSE,FALSE,FALSE,FALSE,resigned,high,https://en.wikipedia.org/wiki/William_Banks_(alderman);https://www.schainbanks.com/attorney/william-j-p-banks/;https://www.nbcchicago.com/news/politics/chicago-mayor-daley-appointment-john-rice-william-banks/1863399/;https://politicalrustpress.wordpress.com/2014/04/22/nephew-of-former-zoning-chairman-is-city-lobbyist-illinois-tollway-board-member/,"Succeeded Ald. Louis Farina by winning election in 1983 (not by appointment) and chaired the Zoning Committee for most of his tenure. Earned a J.D. from DePaul (1975) and, after leaving council, became a named partner at Schain Banks Kenny & Schwartz, practicing land use/zoning, real estate development, and real estate tax reduction law -- supporting property_tax_or_real_estate_work = TRUE. He announced his retirement in April 2009 and asked Mayor Daley to appoint his ward secretary/driver John Rice as successor, leaving office Oct 31, 2009 mid-term rather than at a normal election transition, so coded resigned rather than did_not_seek_reelection. He became 36th Ward committeeman in 1981 by succeeding after committeeman Louis Garippo's death, not by winning a committeeman election, so prior_elected_office = FALSE. His brother Samuel V.P. Banks (law partner, influential in the ward organization) and nephew James J. Banks (zoning lobbyist, bank chairman) were politically influential, but no source found shows either ever held elected office or was a ward committeeman, so family_political_ties = FALSE under the strict definition given. Zoning/building inspectors tied to his ward organization were charged in the 2008 federal 'Operation Crooked Code' bribery probe, but no source found indicates Banks himself was indicted or convicted, so indicted_or_convicted = FALSE. He served 1983-2009, long before the Progressive Reform Caucus existed and as a regular Democratic Organization figure, so progressive_caucus = FALSE."
William Beavers,male,Black,1935,1983,elected,Chicago police officer for 21 years before entering politics,public_safety,FALSE,FALSE,FALSE,TRUE,FALSE,TRUE,appointed_or_elected_elsewhere,high,https://en.wikipedia.org/wiki/William_Beavers;https://chicago.suntimes.com/obituaries/2024/10/27/william-bill-beavers-dies-89-obituary-7th-ward-chicago-city-council-cook-county-board-4th-district;https://blockclubchicago.org/2024/10/27/former-south-side-ald-bill-beavers-dies-at-89/;https://abc7chicago.com/post/chicagos-7th-ward-former-alderman-cook-commissioner-william-bill-beavers-dies-89-publicist-says/15476476/,"This is the FATHER/original William Beavers who served 1983-2006 (confirmed distinct from any other Beavers via ward 7 and the 1998-2006 dates given, which match this person's later tenure); his daughter Darcel Beavers was later appointed to succeed him in the same ward in 2006 (a different person, not to be confused). Chicago Sun-Times obituary states he was 'elected to the Council in 1983' (true first year 1983, predating our dataset's 1998-01-01 start). family_political_ties=TRUE via daughter Darcel Beavers (later 7th Ward alderman) and son David Beavers (non-elected Cook County State's Attorney investigator, not counted). progressive_caucus=FALSE because the caucus did not exist during his 1983-2006 council service. indicted_or_convicted=TRUE: federally indicted Feb 23, 2012 on four counts of filing false tax returns and obstructing the IRS (related to his handling of campaign/officeholder funds), convicted March 21, 2013, sentenced to six months in jail, a $10,000 fine, and about $31,000 in back taxes; conviction upheld on appeal in 2014 - this occurred years after he left the city council in 2006 (and after our 2022 data window) but is included per instructions since it involved conduct related to his public office. Resigned Dec 3/4, 2006 (matches dataset's last_end 2006-12-03) to join the Cook County Board of Commissioners."
William D. Burns,male,Black,1973,2011,elected,"Deputy Chief of Staff/Senior Advisor to Illinois Senate President Emil Jones; staffer for the Chicago Urban League and Metropolitan Planning Council; Illinois State Representative, 2008-2011",government_political_staff,FALSE,FALSE,TRUE,FALSE,FALSE,FALSE,resigned,medium,https://en.wikipedia.org/wiki/William_D._Burns;https://www.chicagomag.com/Chicago-Magazine/Felsenthal-Files/January-2015/Will-Burns/; https://chicagocrusader.com/residents-cheer-after-will-burns-calls-it-quits/,"Held elected office in the Illinois House of Representatives (26th District, 2008-2011) immediately before winning the 4th Ward aldermanic election in Feb 2011 and resigning his House seat, so prior_elected_office=TRUE. Resigned from the council in Feb 2016 to take a policy job with Airbnb; separately paid a $5,000 Chicago Board of Ethics fine over post-office lobbying-registration issues, with no admission of wrongdoing and no indictment/conviction. Race/ethnicity not documented in the source found (represented the historically Black Hyde Park/Kenwood-area 4th Ward and worked closely with Barack Obama, but no source states his race directly). [Race filled in a second pass (self_or_described): Chicago Crusader news article quotes a 4th Ward resident describing him as 'a highly educated Black public official.' He was also later President of the Chicago Urban League, a historically African-American civil rights organization, consistent with this description.]"
Willie Cochran,male,Black,1953,2007,elected,"Chicago Police Department officer (1977-2003), rose from patrolman to sergeant",public_safety,FALSE,FALSE,FALSE,FALSE,FALSE,TRUE,removed_or_convicted,high,https://en.wikipedia.org/wiki/Willie_Cochran; https://www.wbez.org/chicago/2019/03/05/willie-cochran-to-resign-plead-guilty-to-wire-fraud; https://abc7chicago.com/post/willie-cochran-pleads-guilty-to-wire-fraud-resigns-as-alderman/5209851/; https://chicago.suntimes.com/2019/6/24/18715516/chicago-alderman-willie-cochran-gets-one-year-in-prison-wire-fraud,"Federally indicted Dec 2016 (wire fraud, bribery, extortion tied to misuse of ward activities fund); pleaded guilty March 2019 to one count of wire fraud; sentenced to one year and one day. Formally resigned effective March 17, 2019, timed directly around the guilty plea (March 21) -- coded removed_or_convicted rather than resigned since the conviction/plea was the actual cause of departure, not an unrelated resignation."
