method,feature,loading_pc1,loading_pc2,loading_pc1_strict_oriented
unweighted,downzone_share,0.6868465977734818,-0.26687284226692004,0.6868465977734818
unweighted,median_downzone_far_abs,0.7169597102671024,0.10522489290262531,0.7169597102671024
unweighted,upzone_size_strict,-0.11233055348715436,-0.7472413381149666,-0.11233055348715436
unweighted,avg_wait_days,0.0399045327497402,0.5994472375331809,0.0399045327497402
weighted_sqrt_n,downzone_share,-0.5038140699398781,0.6229316193441764,0.5038140699398781
weighted_sqrt_n,median_downzone_far_abs,-0.6389089125118732,0.18392822577031834,0.6389089125118732
weighted_sqrt_n,upzone_size_strict,0.4207532095262381,0.6516124313457526,-0.4207532095262381
weighted_sqrt_n,avg_wait_days,-0.40116520426986296,-0.39182629404099695,0.40116520426986296
