project_id,construction_year,within_500ft,within_1500ft,distance_to_boundary_ft,ward_pair,dwelling_units,building_sqft,land_sqft,density_far,density_dupac,component_pins,source_project_ids,pin,permit_project_id,geometry_project_id,target_cards,target_card_numbers,target_classes,target_card_signatures,identical_target_card_fields,summed_card_units,summed_card_building_sqft,distinct_card_unit_values,distinct_card_building_values,all_target_card_units_observed,all_target_card_building_sqft_observed,history_first_year,history_last_year,history_card_numbers,maximum_concurrent_cards,years_with_multiple_cards,card_numbers_with_multiple_building_values,card_numbers_with_multiple_year_built_values,permit_chains,exact_pin_permit_chains,polygon_only_permit_chains,distinct_permit_addresses,exact_pin_distinct_permit_addresses,permit_addresses,exact_pin_permit_addresses,permit_unit_values,exact_pin_permit_unit_values,permit_chains_with_units,exact_pin_permit_chains_with_units,all_permit_chains_have_units,all_exact_pin_permit_chains_have_units,summed_permit_chain_units,summed_exact_pin_permit_chain_units,permit_evidence,exact_pin_permit_evidence,current_addresses,current_address_count,manual_address,manual_physical_buildings,manual_verified_units,manual_verified_sqft,manual_classification,manual_confidence,manual_evidence,selected_and_sum_differ,summed_cards_change_multifamily,exact_pin_permit_units_match_selected,exact_pin_permit_units_match_card_sum,review_priority,query_geometry_source,current_footprints,current_footprints_near_construction,current_footprints_with_exact_pin,current_city_year_values,current_city_unit_values,current_city_units_sum,current_city_building_sqft_sum,current_footprint_area_sum,current_footprint_evidence,historical_2008_footprints,historical_2008_footprints_near_construction,historical_2008_year_values,historical_2008_footprint_area_sum,historical_2008_evidence,historical_addresses,historical_address_count,review_address,city_units_match_selected,city_units_match_sum,city_sqft_match_selected,city_sqft_match_sum,current_count_matches_cards,historical_count_matches_cards,permit_chain_count_matches_cards,selected_evidence,sum_evidence,evidence_conflict,preliminary_disposition,preliminary_units,preliminary_building_sqft,adjudication_priority,component_id,component_status,automatic_resolution_eligible,root_parent_project_ids,terminal_child_project_ids,root_card_units,root_card_building_sqft,terminal_child_units,terminal_child_building_sqft,terminal_child_land_sqft,unit_ratio,building_sqft_ratio,successor_candidates,successor_candidate_units,successor_candidate_building_sqft,successor_candidate_land_sqft,successor_candidate_project_ids,successor_candidate_evidence,prior_manual_address,prior_manual_units,prior_manual_sqft,prior_manual_classification,prior_manual_confidence,prior_manual_evidence,review_class,preliminary_project_units,preliminary_project_building_sqft,requires_manual_adjudication,rule_disposition,rule_units,rule_building_sqft,rule_reason,rule_confidence,rule_evidence,override_disposition,override_units,override_building_sqft,override_confidence,override_evidence,final_disposition,final_units,final_building_sqft,adjudication_reason,adjudication_confidence,adjudication_evidence,final_construction_year,expected_zone_group,year_confidence,year_evidence,reported_construction_year,construction_year_source,episode_disposition,episode_successor_rule,episode_confidence,episode_evidence,cross_represented_by_project_id,cross_project_confidence,cross_project_evidence
residential_multicard_13221240150000,2015,TRUE,TRUE,98.41215504078713,30_45,1,1777,14117,0.1258766026776227,3.08564142523199,13221240150000,residential_multicard_13221240150000,13221240150000,residential_13221240150000,residential_multicard_13221240150000,3,1/2/3,207,1,TRUE,3,5331,1,1777,TRUE,TRUE,2016,2016,3,3,1,0,0,1,1,0,1,1,4612 W ADDISON ST,4612 W ADDISON ST,,,0,0,FALSE,FALSE,,,"permit_chain_100592711 [exact PIN] [2015-06-16] 4612 W ADDISON ST units=missing description=FULL BUILDING PERMIT FOR NEW CONSTRUCTION OF 2 STORY FRAME SINGLE FAMILY BUILDING WITH BASEMENT ( 1824 SF ) TYPE 4A CONSTRUCTION..NEW NON COMBUSTIBLE METAL 190 SF..NEW 1 STORY FRAME DETACHED GARAGE 20' X 19'-0"" AS PER PLANS.","permit_chain_100592711 [2015-06-16] 4612 W ADDISON ST units=missing description=FULL BUILDING PERMIT FOR NEW CONSTRUCTION OF 2 STORY FRAME SINGLE FAMILY BUILDING WITH BASEMENT ( 1824 SF ) TYPE 4A CONSTRUCTION..NEW NON COMBUSTIBLE METAL 190 SF..NEW 1 STORY FRAME DETACHED GARAGE 20' X 19'-0"" AS PER PLANS.",,,,,,,,,,TRUE,TRUE,FALSE,FALSE,1_multifamily_threshold,construction_year_parcel_polygon,0,0,,,,,,,,0,0,,,,4605 W PATTERSON AVE,1,4605 W PATTERSON AVE,FALSE,FALSE,FALSE,FALSE,FALSE,FALSE,FALSE,FALSE,FALSE,FALSE,manual_review_required,,,3_main_sample_multifamily_threshold,episode_008,successors_exceed_parent_inventory,FALSE,residential_multicard_13221240150000,residential_13221240740000/residential_13221240750000/residential_13221240760000/residential_13221240770000,3,5331,4,7108,12457,1.3333333333333333,1.3333333333333333,4,4,7108,12457,residential_13221240740000/residential_13221240750000/residential_13221240760000/residential_13221240770000,noncondo_13221240740000 [4601 W PATTERSON AVE] year=2015 units=1 sqft=1777 land=3112 project=residential_13221240740000 || noncondo_13221240750000 [4603 W PATTERSON AVE] year=2015 units=1 sqft=1777 land=3112 project=residential_13221240750000 || noncondo_13221240760000 [4607 W PATTERSON AVE] year=2014 units=1 sqft=1777 land=3115 project=residential_13221240760000 || noncondo_13221240770000 [4609 W PATTERSON AVE] year=2014 units=1 sqft=1777 land=3118 project=residential_13221240770000,,,,,,,manual_episode_review,,,TRUE,retain,3,5331,contemporaneous_card_inventory,manual_review_complete,cards=3; card_units=3; card_building_sqft=5331; permit_addresses=4612 W ADDISON ST,,,,,,retain,3,5331,retain_card_inventory,high,"Three construction-year cards contain three units; three later rows reproduce those cards, while one unmatched neighboring row remains separate.",,,,,2015,existing_adjudicated_year,retain_card_inventory,suppress_matched_successors,high,"Three construction-year cards contain three units; three later rows reproduce those cards, while one unmatched neighboring row remains separate.",,,
residential_multicard_13252030410000,2006,TRUE,TRUE,250.0311281421044,1_47,1,1983,6552,0.30265567765567764,6.648351648351649,13252030410000,residential_multicard_13252030410000,13252030410000,residential_13252030410000,residential_multicard_13252030410000,2,1/2,295,2,FALSE,2,3738,1,1755/1983,TRUE,TRUE,2008,2009,2,2,2,0,0,0,0,0,,,,,,,0,0,,,,,,,,,,,,,,,,TRUE,TRUE,FALSE,FALSE,1_multifamily_threshold,construction_year_parcel_polygon,0,0,,,,,,,,0,0,,,,2446 W FLETCHER ST,1,2446 W FLETCHER ST,FALSE,FALSE,FALSE,FALSE,FALSE,FALSE,FALSE,FALSE,FALSE,FALSE,manual_review_required,,,3_main_sample_multifamily_threshold,episode_018,successors_exceed_parent_inventory,FALSE,residential_multicard_13252030410000,residential_13252030510000/residential_13252030520000/residential_13252030530000,2,3738,3,6103,2401,1.5,1.6326912787586945,5,5,10331,4046,residential_13252030510000/residential_13252030520000/residential_13252030530000/residential_13252030540000/residential_13252030550000,noncondo_13252030510000 [2452 W FLETCHER ST] year=2006 units=1 sqft=2205 land=874 project=residential_13252030510000 || noncondo_13252030520000 [2454 W FLETCHER ST] year=2006 units=1 sqft=1832 land=708 project=residential_13252030520000 || noncondo_13252030530000 [2456 W FLETCHER ST] year=2006 units=1 sqft=2066 land=819 project=residential_13252030530000 || noncondo_13252030540000 [3139 N CAMPBELL AVE] year=2008 units=1 sqft=2114 land=822 project=residential_13252030540000 || noncondo_13252030550000 [3141 N CAMPBELL AVE] year=2008 units=1 sqft=2114 land=823 project=residential_13252030550000,,,,,,,manual_episode_review,,,TRUE,retain,2,3738,contemporaneous_card_inventory,manual_review_complete,cards=2; card_units=2; card_building_sqft=3738; permit_addresses=none,,,,,,retain,2,3738,retain_card_inventory,high,"Two construction-year cards contain two units; two later rows reproduce those cards, while three unmatched neighboring rows remain separate.",,,,,2006,existing_adjudicated_year,retain_card_inventory,suppress_matched_successors,high,"Two construction-year cards contain two units; two later rows reproduce those cards, while three unmatched neighboring rows remain separate.",,,
residential_multicard_13254120290000,2007,TRUE,TRUE,253.73485156742777,1_35,1,2800,7228,0.387382401770891,6.026563364692861,13254120290000,residential_multicard_13254120290000,13254120290000,residential_13254120290000,residential_multicard_13254120290000,2,1/2,278,2,FALSE,2,5270,1,2470/2800,TRUE,TRUE,2008,2008,2,2,1,0,0,2,0,2,2,0,2619 N ROCKWELL ST / 2623 N ROCKWELL ST,,,,0,0,FALSE,FALSE,,,permit_chain_100149338 [project polygon] [2006-12-05] 2619 N ROCKWELL ST / 2623 N ROCKWELL ST units=missing description=ERECT NEW 2 STORY 4A CONSTRUCTION WITH BASEMENT AND A NEW 2 CAR DETACHED  MASONRY GARAGE AS PER PLANS. || permit_chain_100153784 [project polygon] [2007-01-11] 2619 N ROCKWELL ST / 2623 N ROCKWELL ST units=missing description=ERECT NEW 2 STORY SFR 4A CONSTRUCTION WITH BASEMENT AND A 18'X 19' 2 CAR DETACHED GARAGE AS PER PLANS.,[]  units= description=,,,,,,,,,,TRUE,TRUE,FALSE,FALSE,1_multifamily_threshold,construction_year_parcel_polygon,2,2,0,2007/2008,,,,3299.764822030702,city_building_887178 address=2619 2619 N ROCKWELL ST; year=2007; units=0; building_sqft=0; overlap=0.992 || city_building_887179 address=2623 2623 N ROCKWELL ST; year=2008; units=0; building_sqft=0; overlap=1,2,2,2007/2008,3299.7599546324927,cook_2008_407292 address=2619 2619 N ROCKWELL ST; year=2007; overlap=0.992 || cook_2008_397241 address=2623 2623 N ROCKWELL ST; year=2008; overlap=1,2619 N ROCKWELL ST,1,2619 N ROCKWELL ST,FALSE,FALSE,FALSE,FALSE,TRUE,TRUE,FALSE,FALSE,TRUE,FALSE,candidate_sum_supported,2,5270,3_main_sample_multifamily_threshold,episode_019,partial_successor_reproduction,FALSE,residential_multicard_13254120290000,residential_13254120330000,2,5270,1,2250,3843,0.5,0.4269449715370019,2,2,5050,7208,residential_13254120330000,noncondo_13254120330000 [2623 N ROCKWELL ST] year=2007 units=1 sqft=2250 land=3843 project=residential_13254120330000 || noncondo_13254120340000 [2619 N ROCKWELL ST] year=2005 units=1 sqft=2800 land=3365 project=NA,,,,,,,manual_episode_review,,,TRUE,retain,2,5270,contemporaneous_card_inventory,manual_review_complete,cards=2; card_units=2; card_building_sqft=5270; permit_addresses=2619 N ROCKWELL ST / 2623 N ROCKWELL ST,,,,,,retain,2,5270,retain_card_inventory,high,Two construction-year cards contain two units. One later Rockwell row reproduces one card; the other card remains represented by the parent inventory.,,,,,2007,existing_adjudicated_year,retain_card_inventory,suppress_matched_successors,high,Two construction-year cards contain two units. One later Rockwell row reproduces one card; the other card remains represented by the parent inventory.,,,
residential_multicard_13353210020000,2015,TRUE,TRUE,53.29057107830031,1_26,1,2244,4241,0.5291204904503655,10.271162461683565,13353210020000,residential_multicard_13353210020000,13353210020000,residential_13353210020000,residential_multicard_13353210020000,3,1/2/3,295,2,FALSE,3,5962,1,1859/2244,TRUE,TRUE,2016,2017,3,3,2,0,0,1,1,0,1,1,1755 N MONTICELLO AVE,1755 N MONTICELLO AVE,,,0,0,FALSE,FALSE,,,"permit_chain_100583215 [exact PIN] [2015-05-11] 1755 N MONTICELLO AVE units=missing description=ERECT 8 ATTACHED TOWN HOMES (4A CONSTRUCTION) IN A ROW WITH ADDRESSES 1755, 1757, 1759 (UNIT 1) & 1759 (UNIT 2) N. MONTICELLO AVE AND 1754, 1756, 1758 (UNIT 1), 1758 (UNIT 2) N. CENTRAL PARK AVE & ATTACHED 2 CAR FRAME GARAGE TO EACH UNITS (4A CONSTRUCTION), ROOF TOP DECK AND 6' HIGH MASONRY TRASH ENCLOSURES AS PER PLAN.","permit_chain_100583215 [2015-05-11] 1755 N MONTICELLO AVE units=missing description=ERECT 8 ATTACHED TOWN HOMES (4A CONSTRUCTION) IN A ROW WITH ADDRESSES 1755, 1757, 1759 (UNIT 1) & 1759 (UNIT 2) N. MONTICELLO AVE AND 1754, 1756, 1758 (UNIT 1), 1758 (UNIT 2) N. CENTRAL PARK AVE & ATTACHED 2 CAR FRAME GARAGE TO EACH UNITS (4A CONSTRUCTION), ROOF TOP DECK AND 6' HIGH MASONRY TRASH ENCLOSURES AS PER PLAN.",,,,,,,,,,TRUE,TRUE,FALSE,FALSE,1_multifamily_threshold,construction_year_parcel_polygon,0,0,,,,,,,,0,0,,,,1757 N MONTICELLO AVE,1,1757 N MONTICELLO AVE,FALSE,FALSE,FALSE,FALSE,FALSE,FALSE,FALSE,FALSE,FALSE,FALSE,manual_review_required,,,3_main_sample_multifamily_threshold,episode_022,successors_exceed_parent_inventory,FALSE,residential_multicard_13353210020000,residential_13353210500000/residential_13353210510000/residential_13353210520000/residential_13353210570000,3,5962,4,8591,4241,1.3333333333333333,1.440959409594096,3,3,6347,3229,residential_13353210500000/residential_13353210510000/residential_13353210520000,noncondo_13353210500000 [1757 N MONTICELLO AVE] year=2014 units=1 sqft=1859 land=1090 project=residential_13353210500000 || noncondo_13353210510000 [1759 N MONTICELLO AVE 1] year=2014 units=1 sqft=2244 land=1069 project=residential_13353210510000 || noncondo_13353210520000 [1759 N MONTICELLO AVE 2] year=2014 units=1 sqft=2244 land=1070 project=residential_13353210520000,,,,,,,manual_episode_review,,,TRUE,retain,3,5962,contemporaneous_card_inventory,manual_review_complete,cards=3; card_units=3; card_building_sqft=5962; permit_addresses=1755 N MONTICELLO AVE,,,,,,retain,3,5962,retain_card_inventory,high,Three construction-year cards contain three units and transition to three matched Monticello rows.,,,,,2015,existing_adjudicated_year,retain_card_inventory,suppress_matched_successors,high,Three construction-year cards contain three units and transition to three matched Monticello rows.,,,
residential_multicard_17211230250000,2006,TRUE,TRUE,346.34914228782327,2_25,1,2302,7114,0.3235872926623559,6.123137475400618,17211230250000,residential_multicard_17211230250000,17211230250000,residential_17211230250000,residential_multicard_17211230250000,5,1/2/3/4/5,295,2,FALSE,5,9680,1,1692/2302,TRUE,TRUE,2007,2007,5,5,1,0,0,0,0,0,,,,,,,0,0,,,,,,,,,,,,,,,,TRUE,TRUE,FALSE,FALSE,1_multifamily_threshold,construction_year_parcel_polygon,1,1,0,2008,11,11,,3476.4116310449317,city_building_888121 address=701 701 W 15TH ST; year=2008; units=11; building_sqft=0; overlap=1,1,1,2008,3476.412068524194,cook_2008_407707 address=701 701 W 15TH ST; year=2008; overlap=1,1460 S EMERALD AVE,1,1460 S EMERALD AVE,FALSE,FALSE,FALSE,FALSE,FALSE,FALSE,FALSE,FALSE,FALSE,FALSE,manual_review_required,,,3_main_sample_multifamily_threshold,episode_055,partial_successor_reproduction,FALSE,residential_multicard_17211230250000,residential_17211230420000/residential_17211250130000,5,9680,2,5218,6227,0.4,0.5390495867768595,6,6,13206,12143,residential_17211230420000/residential_17211250130000,noncondo_17211250130000 [1455 S EMERALD AVE] year=2006 units=1 sqft=2916 land=4367 project=residential_17211250130000 || noncondo_17211250220000 [1459 S EMERALD AVE] year=2005 units=1 sqft=2302 land=2122 project=NA || noncondo_17211250180000 [702 W 15TH ST] year=2005 units=1 sqft=1692 land=1196 project=NA || noncondo_17211250200000 [704 W 15TH ST] year=2005 units=1 sqft=1692 land=953 project=NA || noncondo_17211250210000 [706 W 15TH ST] year=2005 units=1 sqft=2302 land=1645 project=NA || noncondo_17211230420000 [728 W 15TH ST] year=2007 units=1 sqft=2302 land=1860 project=residential_17211230420000,,,,,,,manual_episode_review,,,TRUE,retain,5,9680,contemporaneous_card_inventory,manual_review_complete,cards=5; card_units=5; card_building_sqft=9680; permit_addresses=none,,,,,,retain,5,9680,retain_card_inventory,high,Five construction-year cards contain five units. One later row reproduces one card; unmatched nearby Emerald and 15th Street rows remain separate.,,,,,2006,existing_adjudicated_year,retain_card_inventory,suppress_matched_successors,high,Five construction-year cards contain five units. One later row reproduces one card; unmatched nearby Emerald and 15th Street rows remain separate.,,,
residential_multicard_17215060040000,2007,TRUE,TRUE,126.17665933751977,2_25,1,2297,36650,0.06267394270122784,1.1885402455661664,17215060040000,residential_multicard_17215060040000,17215060040000,residential_17215060040000,residential_multicard_17215060040000,12,1/2/3/4/5/6/7/8/9/10/11/12,295,2,FALSE,12,26562,1,2130/2297,TRUE,TRUE,2008,2008,12,12,1,0,0,0,0,0,,,,,,,0,0,,,,,,,,,,,,,,,,TRUE,TRUE,FALSE,FALSE,1_multifamily_threshold,construction_year_parcel_polygon,2,2,0,2009,8,16,,11721.120701252332,city_building_891259 address=622 622 W 16TH ST; year=2009; units=8; building_sqft=0; overlap=1 || city_building_891260 address=634 634 W 16TH ST; year=2009; units=8; building_sqft=0; overlap=0.489,0,0,,,,660 W 16TH ST,1,660 W 16TH ST,FALSE,FALSE,FALSE,FALSE,FALSE,FALSE,FALSE,FALSE,FALSE,FALSE,manual_review_required,,,3_main_sample_multifamily_threshold,episode_058,partial_successor_reproduction,FALSE,residential_multicard_17215060040000,residential_17211320170000/residential_17211320180000/residential_17211320190000/residential_17211320200000/residential_17211320210000/residential_17211320240000,12,26562,6,13448,9072,0.5,0.5062871771703938,6,6,13448,9072,residential_17211320170000/residential_17211320180000/residential_17211320190000/residential_17211320200000/residential_17211320210000/residential_17211320240000,noncondo_17211320210000 [630 W 16TH ST 1] year=2007 units=1 sqft=2297 land=1171 project=residential_17211320210000 || noncondo_17211320240000 [630 W 16TH ST 4] year=2007 units=1 sqft=2297 land=2395 project=residential_17211320240000 || noncondo_17211320200000 [634 W 16TH ST 1] year=2007 units=1 sqft=2297 land=1203 project=residential_17211320200000 || noncondo_17211320190000 [634 W 16TH ST 2] year=2007 units=1 sqft=2130 land=921 project=residential_17211320190000 || noncondo_17211320180000 [634 W 16TH ST 3] year=2007 units=1 sqft=2130 land=921 project=residential_17211320180000 || noncondo_17211320170000 [634 W 16TH ST 4] year=2007 units=1 sqft=2297 land=2461 project=residential_17211320170000,,,,,,,manual_episode_review,,,TRUE,retain,12,26562,contemporaneous_card_inventory,manual_review_complete,cards=12; card_units=12; card_building_sqft=26562; permit_addresses=none,,,,,,retain,12,26562,retain_card_inventory,high,Twelve construction-year cards contain twelve units; six later rows reproduce individual cards and the remaining nearby rows represent additional buildings.,,,,,2007,existing_adjudicated_year,retain_card_inventory,suppress_matched_successors,high,Twelve construction-year cards contain twelve units; six later rows reproduce individual cards and the remaining nearby rows represent additional buildings.,,,
residential_multicard_17215060456002,2007,TRUE,TRUE,91.06131278408505,2_25,1,2297,14906,0.1540990205286462,2.9223131624849055,17215060456002,residential_multicard_17215060456002,17215060456002,residential_17215060456002,residential_multicard_17215060456002,7,1/2/3/4/5/6/7,295,3,FALSE,7,14557,1,1901/2130/2297,TRUE,TRUE,2008,2008,7,7,1,0,0,1,0,1,1,0,648 W 16TH ST,,,,0,0,FALSE,FALSE,,,"permit_chain_100178653 [project polygon] [2007-05-15] 648 W 16TH ST units=missing description=NEW CONSTRUCTION, 3 NEW 4-STORY TOWNHOMES OF TYPE III-B CONSTRUCTION WITH ATTACHED GARAGES.  BUILDING NUMBER 1, UNITS 1-3.  CONDITIONAL PERMIT, CERTIFIED CORRECTIONS TO BE VERIFIED IN THE FIELD.",[]  units= description=,,,,,,,,,,TRUE,TRUE,FALSE,FALSE,1_multifamily_threshold,construction_year_parcel_polygon,2,2,0,2009,3/8,11,,7597.991482018173,city_building_891260 address=634 634 W 16TH ST; year=2009; units=8; building_sqft=0; overlap=0.511 || city_building_891261 address=648 648 W 16TH ST; year=2009; units=3; building_sqft=0; overlap=1,0,0,,,,1545 S UNION AVE,1,1545 S UNION AVE,FALSE,FALSE,FALSE,FALSE,FALSE,FALSE,FALSE,FALSE,FALSE,FALSE,manual_review_required,,,3_main_sample_multifamily_threshold,episode_057,partial_successor_reproduction,FALSE,residential_multicard_17215060456002,residential_17211320070000/residential_17211320080000/residential_17211320090000/residential_17211320130000/residential_17211320140000,7,14557,5,10130,6398,0.7142857142857143,0.695885141169197,5,5,10130,6398,residential_17211320070000/residential_17211320080000/residential_17211320090000/residential_17211320130000/residential_17211320140000,noncondo_17211320140000 [644 W 16TH ST 1] year=2007 units=1 sqft=2297 land=1201 project=residential_17211320140000 || noncondo_17211320130000 [644 W 16TH ST 2] year=2007 units=1 sqft=2130 land=920 project=residential_17211320130000 || noncondo_17211320070000 [648 W 16TH ST 1] year=2007 units=1 sqft=1901 land=1122 project=residential_17211320070000 || noncondo_17211320080000 [648 W 16TH ST 2] year=2007 units=1 sqft=1901 land=915 project=residential_17211320080000 || noncondo_17211320090000 [648 W 16TH ST 3] year=2007 units=1 sqft=1901 land=2240 project=residential_17211320090000,,,,,,,manual_episode_review,,,TRUE,retain,7,14557,contemporaneous_card_inventory,manual_review_complete,cards=7; card_units=7; card_building_sqft=14557; permit_addresses=648 W 16TH ST,,,,,,retain,7,14557,retain_card_inventory,high,Seven construction-year cards contain seven units; five later rows reproduce individual cards and the unmatched Union and 16th Street rows remain separate.,,,,,2007,existing_adjudicated_year,retain_card_inventory,suppress_matched_successors,high,Seven construction-year cards contain seven units; five later rows reproduce individual cards and the unmatched Union and 16th Street rows remain separate.,,,
residential_multicard_17271090050000,2006,TRUE,TRUE,354.5303387529959,2_3,1,1963,36708,0.05347608150811812,1.1866623079437724,17271090050000,residential_multicard_17271090050000,17271090050000,residential_17271090050000,residential_multicard_17271090050000,25,1/2/3/4/5/6/7/8/9/10/11/12/13/14/15/16/17/18/19/20/21/22/23/24/25,295,5,FALSE,25,45626,1,1504/1516/1730/1887/1963,TRUE,TRUE,2007,2007,25,25,1,0,0,0,0,0,,,,,,,0,0,,,,,,,,,,,,,,,,TRUE,TRUE,FALSE,FALSE,1_multifamily_threshold,construction_year_parcel_polygon,0,0,,,,,,,,0,0,,,,2335 S WABASH AVE,1,2335 S WABASH AVE,FALSE,FALSE,FALSE,FALSE,FALSE,FALSE,FALSE,FALSE,FALSE,FALSE,manual_review_required,,,3_main_sample_multifamily_threshold,episode_062,successors_exceed_parent_inventory,FALSE,residential_multicard_17271090050000,residential_17271090340000/residential_17271090350000/residential_17271090360000/residential_17271090370000/residential_17271090380000/residential_17271090390000/residential_17271090400000/residential_17271090410000/residential_17271090420000/residential_17271090430000/residential_17271090440000/residential_17271090450000/residential_17271090460000/residential_17271090470000/residential_17271090480000/residential_17271090490000/residential_17271090500000/residential_17271090510000/residential_17271090520000/residential_17271090530000/residential_17271090590000/residential_17271090600000/residential_17271090610000/residential_17271090620000/residential_17271090630000/residential_17271090640000/residential_17271090650000,25,45626,27,49779,25632,1.08,1.091022662516986,27,27,49779,25632,residential_17271090340000/residential_17271090350000/residential_17271090360000/residential_17271090370000/residential_17271090380000/residential_17271090390000/residential_17271090400000/residential_17271090410000/residential_17271090420000/residential_17271090430000/residential_17271090440000/residential_17271090450000/residential_17271090460000/residential_17271090470000/residential_17271090480000/residential_17271090490000/residential_17271090500000/residential_17271090510000/residential_17271090520000/residential_17271090530000/residential_17271090590000/residential_17271090600000/residential_17271090610000/residential_17271090620000/residential_17271090630000/residential_17271090640000/residential_17271090650000,noncondo_17271090530000 [2321 S WABASH AVE 1] year=2007 units=1 sqft=1887 land=617 project=residential_17271090530000 || noncondo_17271090340000 [2321 S WABASH AVE 17] year=2007 units=1 sqft=1887 land=730 project=residential_17271090340000 || noncondo_17271090520000 [2323 S WABASH AVE 1] year=2007 units=1 sqft=1887 land=873 project=residential_17271090520000 || noncondo_17271090430000 [2323 S WABASH AVE 10] year=2007 units=1 sqft=1963 land=1088 project=residential_17271090430000 || noncondo_17271090420000 [2323 S WABASH AVE 11] year=2007 units=1 sqft=1963 land=1086 project=residential_17271090420000 || noncondo_17271090410000 [2323 S WABASH AVE 12] year=2007 units=1 sqft=1516 land=1166 project=residential_17271090410000 || noncondo_17271090400000 [2323 S WABASH AVE 13] year=2007 units=1 sqft=1887 land=934 project=residential_17271090400000 || noncondo_17271090390000 [2323 S WABASH AVE 14] year=2007 units=1 sqft=1887 land=853 project=residential_17271090390000 || noncondo_17271090380000 [2323 S WABASH AVE 15] year=2007 units=1 sqft=1887 land=850 project=residential_17271090380000 || noncondo_17271090370000 [2323 S WABASH AVE 16] year=2007 units=1 sqft=1887 land=852 project=residential_17271090370000 || noncondo_17271090360000 [2323 S WABASH AVE 17] year=2007 units=1 sqft=1887 land=849 project=residential_17271090360000 || noncondo_17271090350000 [2323 S WABASH AVE 18] year=2007 units=1 sqft=1887 land=900 project=residential_17271090350000 || noncondo_17271090510000 [2323 S WABASH AVE 2] year=2007 units=1 sqft=1887 land=840 project=residential_17271090510000 || noncondo_17271090500000 [2323 S WABASH AVE 3] year=2007 units=1 sqft=1887 land=827 project=residential_17271090500000 || noncondo_17271090490000 [2323 S WABASH AVE 4] year=2007 units=1 sqft=1887 land=848 project=residential_17271090490000 || noncondo_17271090480000 [2323 S WABASH AVE 5] year=2007 units=1 sqft=1887 land=827 project=residential_17271090480000 || noncondo_17271090470000 [2323 S WABASH AVE 6] year=2007 units=1 sqft=1887 land=925 project=residential_17271090470000 || noncondo_17271090460000 [2323 S WABASH AVE 7] year=2007 units=1 sqft=1883 land=1230 project=residential_17271090460000 || noncondo_17271090450000 [2323 S WABASH AVE 8] year=2007 units=1 sqft=1963 land=1090 project=residential_17271090450000 || noncondo_17271090440000 [2323 S WABASH AVE 9] year=2007 units=1 sqft=1963 land=1089 project=residential_17271090440000 || noncondo_17271090650000 [2325 S WABASH AVE] year=2007 units=1 sqft=1730 land=1027 project=residential_17271090650000 || noncondo_17271090640000 [2327 S WABASH AVE] year=2007 units=1 sqft=1730 land=986 project=residential_17271090640000 || noncondo_17271090630000 [2329 S WABASH AVE] year=2007 units=1 sqft=1730 land=989 project=residential_17271090630000 || noncondo_17271090620000 [2331 S WABASH AVE] year=2007 units=1 sqft=1730 land=984 project=residential_17271090620000 || noncondo_17271090610000 [2333 S WABASH AVE] year=2007 units=1 sqft=1730 land=979 project=residential_17271090610000 || noncondo_17271090600000 [2335 S WABASH AVE] year=2007 units=1 sqft=1730 land=994 project=residential_17271090600000 || noncondo_17271090590000 [2337 S WABASH AVE] year=2007 units=1 sqft=1730 land=1199 project=residential_17271090590000,,,,,,,manual_episode_review,,,TRUE,retain,25,45626,contemporaneous_card_inventory,manual_review_complete,cards=25; card_units=25; card_building_sqft=45626; permit_addresses=none,,,,,,retain,25,45626,retain_card_inventory,high,Twenty-five construction-year cards contain twenty-five units and match twenty-five later Wabash rows. Two unmatched later rows remain separate projects.,,,,,2006,existing_adjudicated_year,retain_card_inventory,suppress_matched_successors,high,Twenty-five construction-year cards contain twenty-five units and match twenty-five later Wabash rows. Two unmatched later rows remain separate projects.,,,
residential_multicard_17271090190000,2006,TRUE,TRUE,353.9235932936363,2_3,1,1887,18361,0.10277218016447906,2.3724198028429826,17271090190000,residential_multicard_17271090190000,17271090190000,residential_17271090190000,residential_multicard_17271090190000,15,1/2/3/4/5/6/7/8/9/10/11/12/13/14/15,295,3,FALSE,15,26862,1,1401/1730/1887,TRUE,TRUE,2007,2007,15,15,1,0,0,0,0,0,,,,,,,0,0,,,,,,,,,,,,,,,,TRUE,TRUE,FALSE,FALSE,1_multifamily_threshold,construction_year_parcel_polygon,0,0,,,,,,,,0,0,,,,2311 S WABASH AVE,1,2311 S WABASH AVE,FALSE,FALSE,FALSE,FALSE,FALSE,FALSE,FALSE,FALSE,FALSE,FALSE,manual_review_required,,,3_main_sample_multifamily_threshold,episode_061,partial_successor_reproduction,FALSE,residential_multicard_17271090190000,residential_17271090290000/residential_17271090300000/residential_17271090310000/residential_17271090320000/residential_17271090550000/residential_17271090560000/residential_17271090570000/residential_17271090580000/residential_17271090670000/residential_17271090690000/residential_17271090700000/residential_17271090710000/residential_17271090720000,15,26862,13,23088,11514,0.8666666666666667,0.859504132231405,13,13,23088,11514,residential_17271090290000/residential_17271090300000/residential_17271090310000/residential_17271090320000/residential_17271090550000/residential_17271090560000/residential_17271090570000/residential_17271090580000/residential_17271090670000/residential_17271090690000/residential_17271090700000/residential_17271090710000/residential_17271090720000,noncondo_17271090720000 [2309 S WABASH AVE] year=2007 units=1 sqft=1730 land=981 project=residential_17271090720000 || noncondo_17271090710000 [2311 S WABASH AVE] year=2007 units=1 sqft=1730 land=982 project=residential_17271090710000 || noncondo_17271090700000 [2313 S WABASH AVE] year=2007 units=1 sqft=1730 land=982 project=residential_17271090700000 || noncondo_17271090690000 [2315 S WABASH AVE] year=2007 units=1 sqft=1401 land=806 project=residential_17271090690000 || noncondo_17271090670000 [2317 S WABASH AVE] year=2007 units=1 sqft=1401 land=848 project=residential_17271090670000 || noncondo_17271090290000 [2321 S WABASH AVE 13] year=2007 units=1 sqft=1887 land=923 project=residential_17271090290000 || noncondo_17271090300000 [2321 S WABASH AVE 14] year=2007 units=1 sqft=1887 land=853 project=residential_17271090300000 || noncondo_17271090310000 [2321 S WABASH AVE 15] year=2007 units=1 sqft=1887 land=851 project=residential_17271090310000 || noncondo_17271090320000 [2321 S WABASH AVE 16] year=2007 units=1 sqft=1887 land=849 project=residential_17271090320000 || noncondo_17271090570000 [2321 S WABASH AVE 4] year=2007 units=1 sqft=1887 land=847 project=residential_17271090570000 || noncondo_17271090550000 [2322 S WABASH AVE 2] year=2007 units=1 sqft=1887 land=849 project=residential_17271090550000 || noncondo_17271090560000 [2323 S WABASH AVE 3] year=2007 units=1 sqft=1887 land=841 project=residential_17271090560000 || noncondo_17271090580000 [2325 S WABASH AVE 5] year=2007 units=1 sqft=1887 land=902 project=residential_17271090580000,,,,,,,manual_episode_review,,,TRUE,retain,15,26862,contemporaneous_card_inventory,manual_review_complete,cards=15; card_units=15; card_building_sqft=26862; permit_addresses=none,,,,,,retain,15,26862,retain_card_inventory,high,Fifteen construction-year cards contain fifteen units; thirteen later Wabash rows reproduce individual cards. The remaining cards stay in the parent inventory.,,,,,2006,existing_adjudicated_year,retain_card_inventory,suppress_matched_successors,high,Fifteen construction-year cards contain fifteen units; thirteen later Wabash rows reproduce individual cards. The remaining cards stay in the parent inventory.,,,
residential_multicard_17271290140000,2007,TRUE,TRUE,483.2276307920314,2_4,1,2628,27738,0.09474367293964958,1.5704088254380273,17271290140000,residential_multicard_17271290140000,17271290140000,residential_17271290140000,residential_multicard_17271290140000,13,1/2/3/4/5/6/7/8/9/10/11/12/13,295,8,FALSE,13,26084,1,1603/1641/1867/1882/1945/2284/2314/2628,TRUE,TRUE,2008,2008,13,13,1,0,0,0,0,0,,,,,,,0,0,,,,,,,,,,,,,,,,TRUE,TRUE,FALSE,FALSE,1_multifamily_threshold,construction_year_parcel_polygon,0,0,,,,,,,,0,0,,,,2502 S CALUMET AVE,1,2502 S CALUMET AVE,FALSE,FALSE,FALSE,FALSE,FALSE,FALSE,FALSE,FALSE,FALSE,FALSE,manual_review_required,,,3_main_sample_multifamily_threshold,episode_065,partial_successor_reproduction,FALSE,residential_multicard_17271290140000,residential_17271290650000,13,26084,1,1641,926,0.07692307692307693,0.0629121300414047,13,13,26160,11428,residential_17271290610000/residential_17271290650000,noncondo_17271290650000 [2502 S CALUMET AVE] year=2008 units=1 sqft=1641 land=926 project=residential_17271290650000 || noncondo_17271290640000 [2504 S CALUMET AVE] year=2005 units=1 sqft=1603 land=804 project=NA || noncondo_17271290630000 [2506 S CALUMET AVE] year=2005 units=1 sqft=1882 land=885 project=NA || noncondo_17271290620000 [2508 S CALUMET AVE] year=2005 units=1 sqft=1603 land=769 project=NA || noncondo_17271290610000 [2510 S CALUMET AVE] year=2009 units=1 sqft=2284 land=951 project=residential_17271290610000 || noncondo_17271290600000 [2512 S CALUMET AVE] year=2005 units=1 sqft=2284 land=916 project=NA || noncondo_17271290590000 [2514 S CALUMET AVE] year=2005 units=1 sqft=1867 land=769 project=NA || noncondo_17271290580000 [2516 S CALUMET AVE] year=2005 units=1 sqft=1882 land=870 project=NA || noncondo_17271290570000 [2518 S CALUMET AVE] year=2005 units=1 sqft=1867 land=767 project=NA || noncondo_17271290560000 [2520 S CALUMET AVE] year=2005 units=1 sqft=2360 land=910 project=NA || noncondo_17271290550000 [2522 S CALUMET AVE] year=2005 units=1 sqft=1945 land=915 project=NA || noncondo_17271290540000 [2524 S CALUMET AVE] year=2005 units=1 sqft=2314 land=862 project=NA || noncondo_17271290530000 [2526 S CALUMET AVE] year=2005 units=1 sqft=2628 land=1084 project=NA,,,,,,,manual_episode_review,,,TRUE,retain,13,26084,contemporaneous_card_inventory,manual_review_complete,cards=13; card_units=13; card_building_sqft=26084; permit_addresses=none,,,,,,retain,13,26084,retain_card_inventory,high,Thirteen construction-year cards contain thirteen units. Two later Calumet rows reproduce individual cards; the other cards remain represented by the parent inventory.,,,,,2007,existing_adjudicated_year,retain_card_inventory,suppress_matched_successors,high,Thirteen construction-year cards contain thirteen units. Two later Calumet rows reproduce individual cards; the other cards remain represented by the parent inventory.,,,
residential_multicard_17271290150000,2007,TRUE,TRUE,420.27326757054954,2_4,1,2556,74192,0.03445115376320897,0.5871252965279276,17271290150000,residential_multicard_17271290150000,17271290150000,residential_17271290150000,residential_multicard_17271290150000,29,1/2/3/4/5/6/7/8/9/10/11/12/13/14/15/16/17/18/19/20/21/22/23/24/25/26/27/28/29,295,12,FALSE,29,55997,1,1603/1641/1818/1867/1882/1945/2020/2092/2148/2284/2314/2556,TRUE,TRUE,2008,2008,29,29,1,0,0,2,0,2,2,0,2501 S CALUMET AVE / 344 E EASTGATE PL,,,,0,0,FALSE,FALSE,,,"permit_chain_100125947 [project polygon] [2006-08-02] 2501 S CALUMET AVE / 344 E EASTGATE PL units=missing description=2501-2523 SOUTH CALUMET AVENUE, NEW RESIDENTIAL BUILDING PER PLANS, 4-STORIES, 12-DWELLING UNITS -- CONDITIONAL PERMIT || permit_chain_100125950 [project polygon] [2006-08-02] 2501 S CALUMET AVE / 344 E EASTGATE PL units=missing description=344-352 EAST EASTGATE PLACE,  NEW RESIDENTIAL BUILDING PER PLANS, 4-STORIES, 5-DWELLING UNITS -- CONDITIONAL PERMIT",[]  units= description=,,,,,,,,,,TRUE,TRUE,FALSE,FALSE,1_multifamily_threshold,construction_year_parcel_polygon,0,0,,,,,,,,0,0,,,,344 E EASTGATE PL,1,344 E EASTGATE PL,FALSE,FALSE,FALSE,FALSE,FALSE,FALSE,FALSE,FALSE,FALSE,FALSE,manual_review_required,,,3_main_sample_multifamily_threshold,episode_064,manual_shared_parent_component,FALSE,residential_multicard_17271290150000/residential_multicard_17271290200000,residential_17271290350000/residential_17271290360000/residential_17271290500000/residential_17271290730000/residential_17271290770000,35,65853,5,8636,4591,0.14285714285714285,0.1311405706649659,35,35,67173,31491,residential_17271290350000/residential_17271290360000/residential_17271290500000/residential_17271290730000/residential_17271290770000,noncondo_17271290500000 [2501 S CALUMET AVE] year=2008 units=1 sqft=1641 land=926 project=residential_17271290500000 || noncondo_17271290360000 [2502 S KING DR] year=2008 units=1 sqft=1641 land=918 project=residential_17271290360000 || noncondo_17271290350000 [2504 S KING DR] year=2008 units=1 sqft=1603 land=810 project=residential_17271290350000 || noncondo_17271290730000 [352 E EASTGATE PL] year=2008 units=1 sqft=2148 land=1135 project=residential_17271290730000 || noncondo_17271290770000 [355 E EASTGATE PL] year=2008 units=1 sqft=1603 land=802 project=residential_17271290770000 || noncondo_17271290490000 [2503 S CALUMET AVE] year=2005 units=1 sqft=1603 land=791 project=NA || noncondo_17271290480000 [2505 S CALUMET AVE] year=2005 units=1 sqft=1882 land=871 project=NA || noncondo_17271290340000 [2506 S KING DR] year=2005 units=1 sqft=2314 land=864 project=NA || noncondo_17271290470000 [2507 S CALUMET AVE] year=2005 units=1 sqft=1603 land=800 project=NA || noncondo_17271290330000 [2508 S KING DR] year=2005 units=1 sqft=1603 land=762 project=NA || noncondo_17271290460000 [2509 S CALUMET AVE] year=2005 units=1 sqft=2284 land=909 project=NA || noncondo_17271290320000 [2510 S KING DR] year=2005 units=1 sqft=1945 land=906 project=NA || noncondo_17271290450000 [2511 S CALUMET AVE] year=2005 units=1 sqft=1945 land=911 project=NA || noncondo_17271290310000 [2512 S KING DR] year=2005 units=1 sqft=1945 land=906 project=NA || noncondo_17271290440000 [2513 S CALUMET AVE] year=2005 units=1 sqft=1867 land=800 project=NA || noncondo_17271290300000 [2514 S KING DR] year=2005 units=1 sqft=1603 land=762 project=NA || noncondo_17271290430000 [2515 S CALUMET AVE] year=2005 units=1 sqft=2314 land=863 project=NA || noncondo_17271290290000 [2516 S KING DR] year=2005 units=1 sqft=1882 land=860 project=NA || noncondo_17271290420000 [2517 S CALUMET AVE] year=2005 units=1 sqft=1603 land=800 project=NA || noncondo_17271290280000 [2518 S KING DR] year=2005 units=1 sqft=1603 land=795 project=NA || noncondo_17271290410000 [2519 S CALUMET AVE] year=2005 units=1 sqft=2284 land=908 project=NA || noncondo_17271290270000 [2520 S KING DR] year=2005 units=1 sqft=1945 land=908 project=NA || noncondo_17271290400000 [2521 S CALUMET AVE] year=2005 units=1 sqft=2284 land=907 project=NA || noncondo_17271290260000 [2522 S KING DR] year=2005 units=1 sqft=2284 land=903 project=NA || noncondo_17271290390000 [2523 S CALUMET AVE] year=2005 units=1 sqft=2020 land=1133 project=NA || noncondo_17271290250000 [2524 S KING DR] year=2005 units=1 sqft=2556 land=1124 project=NA || noncondo_17271290690000 [344 E EASTGATE PL] year=2005 units=1 sqft=2092 land=1019 project=NA || noncondo_17271290700000 [346 E EASTGATE PL] year=2005 units=1 sqft=1818 land=863 project=NA || noncondo_17271290710000 [348 E EASTGATE PL] year=2005 units=1 sqft=1867 land=777 project=NA || noncondo_17271290720000 [350 E EASTGATE PL] year=2005 units=1 sqft=1818 land=861 project=NA || noncondo_17271290750000 [351 E EASTGATE PL] year=2005 units=1 sqft=2148 land=1117 project=NA || noncondo_17271290680000 [352 E 25TH PL] year=2005 units=1 sqft=1641 land=924 project=NA || noncondo_17271290760000 [353 E EASTGATE PL] year=2005 units=1 sqft=1818 land=861 project=NA || noncondo_17271290780000 [357 E EASTGATE PL] year=2005 units=1 sqft=1818 land=860 project=NA || noncondo_17271290790000 [359 E EASTGATE PL] year=2005 units=1 sqft=2148 land=1135 project=NA,,,,,,,manual_episode_review,,,TRUE,retain,29,55997,contemporaneous_card_inventory,manual_review_complete,cards=29; card_units=29; card_building_sqft=55997; permit_addresses=2501 S CALUMET AVE / 344 E EASTGATE PL,,,,,,retain,29,55997,retain_card_inventory,high,Twenty-nine distinct construction-year townhouse cards describe the Eastgate and Calumet portion of the development. Four later rows reproduce individual cards.,,,,,2007,existing_adjudicated_year,retain_card_inventory,suppress_matched_successors,high,Twenty-nine distinct construction-year townhouse cards describe the Eastgate and Calumet portion of the development. Four later rows reproduce individual cards.,,,
residential_multicard_17271290160000,2007,TRUE,TRUE,485.8415089688704,2_4,1,2148,91031,0.02359635728488097,0.4785183069503795,17271290160000,residential_multicard_17271290160000,17271290160000,residential_17271290160000,residential_multicard_17271290160000,4,1/2/3/4,295,3,FALSE,4,7172,1,1603/1818/2148,TRUE,TRUE,2008,2008,4,4,1,0,0,0,0,0,,,,,,,0,0,,,,,,,,,,,,,,,,TRUE,TRUE,FALSE,FALSE,1_multifamily_threshold,100ft_reference_point_buffer,0,0,,,,,,,,0,0,,,,208 E 25TH ST,1,208 E 25TH ST,FALSE,FALSE,FALSE,FALSE,FALSE,FALSE,FALSE,FALSE,FALSE,FALSE,manual_review_required,,,3_main_sample_multifamily_threshold,episode_066,manual_shared_parent_component,FALSE,residential_multicard_17271290160000/residential_multicard_17271290980000,residential_17271290990000/residential_17271291000000/residential_17271291020000/residential_17271291030000/residential_17271291040000/residential_17271291050000/residential_17271291060000/residential_17271291070000,13,26579,8,16907,7600,0.6153846153846154,0.6361036908837804,8,8,16907,7600,residential_17271290990000/residential_17271291000000/residential_17271291020000/residential_17271291030000/residential_17271291040000/residential_17271291050000/residential_17271291060000/residential_17271291070000,noncondo_17271290990000 [306 E 25TH PL] year=2008 units=1 sqft=2556 land=1047 project=residential_17271290990000 || noncondo_17271291000000 [308 E 25TH PL] year=2008 units=1 sqft=1921 land=896 project=residential_17271291000000 || noncondo_17271291020000 [336 E 25TH PL] year=2008 units=1 sqft=1921 land=901 project=residential_17271291020000 || noncondo_17271291040000 [337 E 25TH ST] year=2008 units=1 sqft=1921 land=873 project=residential_17271291040000 || noncondo_17271291030000 [338 E 25TH PL] year=2008 units=1 sqft=2556 land=1066 project=residential_17271291030000 || noncondo_17271291050000 [339 E 25TH ST] year=2008 units=1 sqft=1738 land=871 project=residential_17271291050000 || noncondo_17271291060000 [341 E 25TH ST] year=2008 units=1 sqft=1738 land=872 project=residential_17271291060000 || noncondo_17271291070000 [343 E 25TH ST] year=2008 units=1 sqft=2556 land=1074 project=residential_17271291070000,,,,,,,manual_episode_review,,,TRUE,retain,4,7172,contemporaneous_card_inventory,manual_review_complete,cards=4; card_units=4; card_building_sqft=7172; permit_addresses=none,,,,,,retain,4,7172,retain_card_inventory,high,Four distinct 2007 townhouse cards on the larger 208 E 25th parcel do not match the separate nine-townhouse 2008 parcel and are retained independently.,,,,,2007,existing_adjudicated_year,retain_card_inventory,none,high,Four distinct 2007 townhouse cards on the larger 208 E 25th parcel do not match the separate nine-townhouse 2008 parcel and are retained independently.,,,
residential_multicard_19111200130000,2006,TRUE,TRUE,427.3629586243577,14_23,1,2797,307739,0.00908887076386158,0.14154852001208815,19111200130000,residential_multicard_19111200130000,19111200130000,residential_19111200130000,residential_multicard_19111200130000,7,1/2/3/4/5/6/7,204/207/295,7,FALSE,7,13753,1,1759/1784/1804/1864/1865/1880/2797,TRUE,TRUE,2007,2007,7,7,1,0,0,16,0,16,13,0,3620 W 51ST ST / 3632 W 51ST ST / 3619 W 50TH PL / 3621 W 50TH PL / 3617 W 50TH PL / 3615 W 50TH PL / 3646 W 51ST ST / 3642 W 51ST ST / 3614 W 51ST ST / 3609 W 50TH PL / 3611 W 50TH PL / 3607 W 50TH PL / 5043 S CENTRAL PARK AVE,,,,0,0,FALSE,FALSE,,,permit_chain_100087619 [project polygon] [2006-01-31] 3620 W 51ST ST / 3632 W 51ST ST / 3619 W 50TH PL / 3621 W 50TH PL / 3617 W 50TH PL / 3615 W 50TH PL / 3646 W 51ST ST / 3642 W 51ST ST / 3614 W 51ST ST / 3609 W 50TH PL / 3611 W 50TH PL / 3607 W 50TH PL / 5043 S CENTRAL PARK AVE units=missing description=CONSTRUCTION OF NEW 1 1/2 STORY FRAME RESIDENCE WITH ATTAHCED GARAGE || permit_chain_100090161 [project polygon] [2006-04-12] 3620 W 51ST ST / 3632 W 51ST ST / 3619 W 50TH PL / 3621 W 50TH PL / 3617 W 50TH PL / 3615 W 50TH PL / 3646 W 51ST ST / 3642 W 51ST ST / 3614 W 51ST ST / 3609 W 50TH PL / 3611 W 50TH PL / 3607 W 50TH PL / 5043 S CENTRAL PARK AVE units=missing description=ERECT NEW 2 STORY FRAME SINGLE FAMILY RESIDENCE W/ BSMT. AND DETACHED GARAGE AS PER FLOOR PLANS. || permit_chain_100140789 [project polygon] [2006-10-03] 3620 W 51ST ST / 3632 W 51ST ST / 3619 W 50TH PL / 3621 W 50TH PL / 3617 W 50TH PL / 3615 W 50TH PL / 3646 W 51ST ST / 3642 W 51ST ST / 3614 W 51ST ST / 3609 W 50TH PL / 3611 W 50TH PL / 3607 W 50TH PL / 5043 S CENTRAL PARK AVE units=missing description=CONSTRUCTION OF A 3 STORY BRICK VENEER TOWNHOME AS PER FLOOR PLANS (PROTOTYPE). CONDITIONAL PERMIT SUBJECT TO FIELD INSPECTION.SEE PERMIT #100227361 TO CHANGE ADDRESS FROM 3619 TO 3623 WEST 50TH || permit_chain_100141075 [project polygon] [2006-10-04] 3620 W 51ST ST / 3632 W 51ST ST / 3619 W 50TH PL / 3621 W 50TH PL / 3617 W 50TH PL / 3615 W 50TH PL / 3646 W 51ST ST / 3642 W 51ST ST / 3614 W 51ST ST / 3609 W 50TH PL / 3611 W 50TH PL / 3607 W 50TH PL / 5043 S CENTRAL PARK AVE units=missing description=CONSTRUCTION OF ONE 2.5 STORY BRICK VENEER AND THREE 3 STORY BRICK VENEER TOWNHOMES AS PER FLOOR PLANS (PROTOTYPE). CONDITIONAL PERMIT SUBJECT TO FIELD INSPECTION. || permit_chain_100141346 [project polygon] [2006-10-05] 3620 W 51ST ST / 3632 W 51ST ST / 3619 W 50TH PL / 3621 W 50TH PL / 3617 W 50TH PL / 3615 W 50TH PL / 3646 W 51ST ST / 3642 W 51ST ST / 3614 W 51ST ST / 3609 W 50TH PL / 3611 W 50TH PL / 3607 W 50TH PL / 5043 S CENTRAL PARK AVE units=missing description=CONSTRUCTION OF A 3 STORY BRICK VENEER TOWNHOME AS PER FLOOR PLANS. (PROTOTYPE) || permit_chain_100141371 [project polygon] [2006-10-05] 3620 W 51ST ST / 3632 W 51ST ST / 3619 W 50TH PL / 3621 W 50TH PL / 3617 W 50TH PL / 3615 W 50TH PL / 3646 W 51ST ST / 3642 W 51ST ST / 3614 W 51ST ST / 3609 W 50TH PL / 3611 W 50TH PL / 3607 W 50TH PL / 5043 S CENTRAL PARK AVE units=missing description=CONSTRUCTION OF A 3 STORY BRICK VENEER TOWNHOME AS PER FLOOR PLANS. (PROTOTYPE) || permit_chain_100202117 [project polygon] [2008-03-12] 3620 W 51ST ST / 3632 W 51ST ST / 3619 W 50TH PL / 3621 W 50TH PL / 3617 W 50TH PL / 3615 W 50TH PL / 3646 W 51ST ST / 3642 W 51ST ST / 3614 W 51ST ST / 3609 W 50TH PL / 3611 W 50TH PL / 3607 W 50TH PL / 5043 S CENTRAL PARK AVE units=missing description=ERECT NEW TWO STORY FRAME SINGLE FAMILY HOME WITH BASEMENT AND 2 CAR DETACHED FRAME GARAGE AS PER PLANS. || permit_chain_100202119 [project polygon] [2007-12-19] 3620 W 51ST ST / 3632 W 51ST ST / 3619 W 50TH PL / 3621 W 50TH PL / 3617 W 50TH PL / 3615 W 50TH PL / 3646 W 51ST ST / 3642 W 51ST ST / 3614 W 51ST ST / 3609 W 50TH PL / 3611 W 50TH PL / 3607 W 50TH PL / 5043 S CENTRAL PARK AVE units=missing description=CONSTRUCT NEW TWO STORY SINGLE FAMILY AS PER PLANS || permit_chain_100202135 [project polygon] [2007-12-20] 3620 W 51ST ST / 3632 W 51ST ST / 3619 W 50TH PL / 3621 W 50TH PL / 3617 W 50TH PL / 3615 W 50TH PL / 3646 W 51ST ST / 3642 W 51ST ST / 3614 W 51ST ST / 3609 W 50TH PL / 3611 W 50TH PL / 3607 W 50TH PL / 5043 S CENTRAL PARK AVE units=missing description=CONSTRUCT NEW TWO STORY SINGLE FAMILY HOME AS PER PLANS || permit_chain_100202140 [project polygon] [2007-12-20] 3620 W 51ST ST / 3632 W 51ST ST / 3619 W 50TH PL / 3621 W 50TH PL / 3617 W 50TH PL / 3615 W 50TH PL / 3646 W 51ST ST / 3642 W 51ST ST / 3614 W 51ST ST / 3609 W 50TH PL / 3611 W 50TH PL / 3607 W 50TH PL / 5043 S CENTRAL PARK AVE units=missing description=CONSTRUCT NEW TWP STORY SINGLE FAMILY HOME AS PER PLANS || permit_chain_100202293 [project polygon] [2007-10-11] 3620 W 51ST ST / 3632 W 51ST ST / 3619 W 50TH PL / 3621 W 50TH PL / 3617 W 50TH PL / 3615 W 50TH PL / 3646 W 51ST ST / 3642 W 51ST ST / 3614 W 51ST ST / 3609 W 50TH PL / 3611 W 50TH PL / 3607 W 50TH PL / 5043 S CENTRAL PARK AVE units=missing description=CONSTRUCT NEW FOUR UNIT THREE STORY TOWNHOME AS PER PLANS || permit_chain_100202299 [project polygon] [2007-10-11] 3620 W 51ST ST / 3632 W 51ST ST / 3619 W 50TH PL / 3621 W 50TH PL / 3617 W 50TH PL / 3615 W 50TH PL / 3646 W 51ST ST / 3642 W 51ST ST / 3614 W 51ST ST / 3609 W 50TH PL / 3611 W 50TH PL / 3607 W 50TH PL / 5043 S CENTRAL PARK AVE units=missing description=CONSTRUCT NEW FOUR UNIT THREE STORY TOWNHOME AS PER PLANS || permit_chain_100202302 [project polygon] [2007-10-11] 3620 W 51ST ST / 3632 W 51ST ST / 3619 W 50TH PL / 3621 W 50TH PL / 3617 W 50TH PL / 3615 W 50TH PL / 3646 W 51ST ST / 3642 W 51ST ST / 3614 W 51ST ST / 3609 W 50TH PL / 3611 W 50TH PL / 3607 W 50TH PL / 5043 S CENTRAL PARK AVE units=missing description=CONSTRUCT NEW FOUR UNIT THREE STORY TOWNHOME AS PER PLANS || permit_chain_100202309 [project polygon] [2007-10-11] 3620 W 51ST ST / 3632 W 51ST ST / 3619 W 50TH PL / 3621 W 50TH PL / 3617 W 50TH PL / 3615 W 50TH PL / 3646 W 51ST ST / 3642 W 51ST ST / 3614 W 51ST ST / 3609 W 50TH PL / 3611 W 50TH PL / 3607 W 50TH PL / 5043 S CENTRAL PARK AVE units=missing description=CONSTRUCT NEW FOUR UNIT THREE STORY TOWNHOME AS PER PLANS || permit_chain_100225118 [project polygon] [2008-04-03] 3620 W 51ST ST / 3632 W 51ST ST / 3619 W 50TH PL / 3621 W 50TH PL / 3617 W 50TH PL / 3615 W 50TH PL / 3646 W 51ST ST / 3642 W 51ST ST / 3614 W 51ST ST / 3609 W 50TH PL / 3611 W 50TH PL / 3607 W 50TH PL / 5043 S CENTRAL PARK AVE units=missing description=ERECT NEW TWO STORY FRAME SINGLE FAMILY RESIDENCE WITH ATTACHED ONE CAR GARAGE AS PER PLANS. || permit_chain_100225120 [project polygon] [2008-04-03] 3620 W 51ST ST / 3632 W 51ST ST / 3619 W 50TH PL / 3621 W 50TH PL / 3617 W 50TH PL / 3615 W 50TH PL / 3646 W 51ST ST / 3642 W 51ST ST / 3614 W 51ST ST / 3609 W 50TH PL / 3611 W 50TH PL / 3607 W 50TH PL / 5043 S CENTRAL PARK AVE units=missing description=ERECT NEW TWO STORY FRAME SINGLE FAMILY RESIDENCE WITH ATTACHED ONE CAR GARAGE AS PER PLANS.,[]  units= description=,,,,,,,,,,TRUE,TRUE,FALSE,FALSE,1_multifamily_threshold,construction_year_parcel_polygon,11,1,0,2008/2009/2010,1/4,14,,16291.158800408884,city_building_890463 address=3632 3632 W 51ST ST; year=2008; units=1; building_sqft=0; overlap=1 || city_building_890478 address=3619 3625 W 50TH PL; year=2009; units=4; building_sqft=0; overlap=1 || city_building_890477 address=3609 3617 W 50TH PL; year=2009; units=4; building_sqft=0; overlap=0.976 || city_building_890475 address=3620 3620 W 51ST ST; year=2009; units=1; building_sqft=0; overlap=1 || city_building_890474 address=3614 3614 W 51ST ST; year=2010; units=0; building_sqft=0; overlap=1 || city_building_890476 address=3622 3622 W 51ST ST; year=2009; units=1; building_sqft=0; overlap=1 || city_building_890466 address=3646 3646 W 51ST ST; year=2009; units=1; building_sqft=0; overlap=1 || city_building_890464 address=3642 3642 W 51ST ST; year=2009; units=1; building_sqft=0; overlap=1 || city_building_890465 address=3644 3644 W 51ST ST; year=2009; units=1; building_sqft=0; overlap=1 || city_building_890469 address=0 0; year=2009; units=0; building_sqft=0; overlap=1 || city_building_890470 address=0 0; year=2009; units=0; building_sqft=0; overlap=1,1,1,2008,3192.683356553549,cook_2008_408080 address=3632 3632 W 51ST ST; year=2008; overlap=1,3636 W 51ST ST,1,3636 W 51ST ST,FALSE,FALSE,FALSE,FALSE,FALSE,FALSE,FALSE,FALSE,FALSE,FALSE,manual_review_required,,,3_main_sample_multifamily_threshold,episode_077,manual_shared_parent_component,FALSE,residential_multicard_19111200130000/residential_multicard_19111230100000/residential_multicard_19111230110000,residential_19111210220000/residential_19111210230000/residential_19111210240000/residential_19111210260000/residential_19111230020000/residential_19111230030000/residential_19111230130000/residential_19111230140000/residential_19111230150000/residential_19111230160000/residential_19111230170000/residential_19111230180000/residential_19111230190000/residential_19111230200000,15,28492,14,26667,29700,0.9333333333333332,0.9359469324722728,14,14,26667,29700,residential_19111210220000/residential_19111210230000/residential_19111210240000/residential_19111210260000/residential_19111230020000/residential_19111230030000/residential_19111230130000/residential_19111230140000/residential_19111230150000/residential_19111230160000/residential_19111230170000/residential_19111230180000/residential_19111230190000/residential_19111230200000,noncondo_19111230130000 [3609 W 50TH PL] year=2007 units=1 sqft=1743 land=1117 project=residential_19111230130000 || noncondo_19111230140000 [3611 W 50TH PL] year=2007 units=1 sqft=1920 land=1040 project=residential_19111230140000 || noncondo_19111230150000 [3615 W 50TH PL] year=2007 units=1 sqft=1728 land=927 project=residential_19111230150000 || noncondo_19111230160000 [3617 W 50TH PL] year=2007 units=1 sqft=1935 land=1338 project=residential_19111230160000 || noncondo_19111230030000 [3618 W 51ST ST] year=2007 units=1 sqft=1726 land=2023 project=residential_19111230030000 || noncondo_19111230170000 [3619 W 50TH ST] year=2007 units=1 sqft=1867 land=1157 project=residential_19111230170000 || noncondo_19111230020000 [3620 W 51ST ST] year=2007 units=1 sqft=1784 land=2020 project=residential_19111230020000 || noncondo_19111230180000 [3621 W 50TH ST] year=2007 units=1 sqft=1804 land=942 project=residential_19111230180000 || noncondo_19111230190000 [3623 W 50TH ST] year=2007 units=1 sqft=1867 land=1028 project=residential_19111230190000 || noncondo_19111230200000 [3625 W 50TH ST] year=2007 units=1 sqft=2007 land=1158 project=residential_19111230200000 || noncondo_19111210240000 [3642 W 51ST ST] year=2007 units=1 sqft=1852 land=3386 project=residential_19111210240000 || noncondo_19111210230000 [3644 W 51ST ST] year=2007 units=1 sqft=1759 land=3385 project=residential_19111210230000 || noncondo_19111210220000 [3646 W 51ST ST] year=2007 units=1 sqft=1878 land=3418 project=residential_19111210220000 || noncondo_19111210260000 [3640 W 51ST ST] year=2008 units=1 sqft=2797 land=6761 project=residential_19111210260000,,,,,,,manual_episode_review,,,TRUE,retain,7,13753,contemporaneous_card_inventory,manual_review_complete,cards=7; card_units=7; card_building_sqft=13753; permit_addresses=3620 W 51ST ST / 3632 W 51ST ST / 3619 W 50TH PL / 3621 W 50TH PL / 3617 W 50TH PL / 3615 W 50TH PL / 3646 W 51ST ST / 3642 W 51ST ST / 3614 W 51ST ST / 3609 W 50TH PL / 3611 W 50TH PL / 3607 W 50TH PL / 5043 S CENTRAL PARK AVE,,,,,,retain,7,13753,retain_card_inventory,high,Seven construction-year townhouse cards match seven later 50th and 51st Street rows.,,,,,2006,existing_adjudicated_year,retain_card_inventory,suppress_matched_successors,high,Seven construction-year townhouse cards match seven later 50th and 51st Street rows.,,,
residential_multicard_19111230100000,2007,TRUE,TRUE,175.48943571837998,14_23,1,1935,4422,0.43758480325644505,9.850746268656716,19111230100000,residential_multicard_19111230100000,19111230100000,residential_19111230100000,residential_multicard_19111230100000,4,1/2/3/4,295,4,FALSE,4,7326,1,1728/1743/1920/1935,TRUE,TRUE,2008,2012,4,4,5,0,0,0,0,0,,,,,,,0,0,,,,,,,,,,,,,,,,TRUE,TRUE,FALSE,FALSE,1_multifamily_threshold,construction_year_parcel_polygon,11,10,0,2008/2009/2010,1/4,14,,16291.158800408884,city_building_890463 address=3632 3632 W 51ST ST; year=2008; units=1; building_sqft=0; overlap=1 || city_building_890478 address=3619 3625 W 50TH PL; year=2009; units=4; building_sqft=0; overlap=1 || city_building_890477 address=3609 3617 W 50TH PL; year=2009; units=4; building_sqft=0; overlap=0.976 || city_building_890475 address=3620 3620 W 51ST ST; year=2009; units=1; building_sqft=0; overlap=1 || city_building_890474 address=3614 3614 W 51ST ST; year=2010; units=0; building_sqft=0; overlap=1 || city_building_890476 address=3622 3622 W 51ST ST; year=2009; units=1; building_sqft=0; overlap=1 || city_building_890466 address=3646 3646 W 51ST ST; year=2009; units=1; building_sqft=0; overlap=1 || city_building_890464 address=3642 3642 W 51ST ST; year=2009; units=1; building_sqft=0; overlap=1 || city_building_890465 address=3644 3644 W 51ST ST; year=2009; units=1; building_sqft=0; overlap=1 || city_building_890469 address=0 0; year=2009; units=0; building_sqft=0; overlap=1 || city_building_890470 address=0 0; year=2009; units=0; building_sqft=0; overlap=1,1,1,2008,3192.683356553549,cook_2008_408080 address=3632 3632 W 51ST ST; year=2008; overlap=1,3609 W 50TH ST,1,3609 W 50TH ST,FALSE,FALSE,FALSE,FALSE,FALSE,FALSE,FALSE,FALSE,FALSE,FALSE,manual_review_required,,,3_main_sample_multifamily_threshold,episode_077,manual_shared_parent_component,FALSE,residential_multicard_19111200130000/residential_multicard_19111230100000/residential_multicard_19111230110000,residential_19111210220000/residential_19111210230000/residential_19111210240000/residential_19111210260000/residential_19111230020000/residential_19111230030000/residential_19111230130000/residential_19111230140000/residential_19111230150000/residential_19111230160000/residential_19111230170000/residential_19111230180000/residential_19111230190000/residential_19111230200000,15,28492,14,26667,29700,0.9333333333333332,0.9359469324722728,14,14,26667,29700,residential_19111210220000/residential_19111210230000/residential_19111210240000/residential_19111210260000/residential_19111230020000/residential_19111230030000/residential_19111230130000/residential_19111230140000/residential_19111230150000/residential_19111230160000/residential_19111230170000/residential_19111230180000/residential_19111230190000/residential_19111230200000,noncondo_19111230130000 [3609 W 50TH PL] year=2007 units=1 sqft=1743 land=1117 project=residential_19111230130000 || noncondo_19111230140000 [3611 W 50TH PL] year=2007 units=1 sqft=1920 land=1040 project=residential_19111230140000 || noncondo_19111230150000 [3615 W 50TH PL] year=2007 units=1 sqft=1728 land=927 project=residential_19111230150000 || noncondo_19111230160000 [3617 W 50TH PL] year=2007 units=1 sqft=1935 land=1338 project=residential_19111230160000 || noncondo_19111230030000 [3618 W 51ST ST] year=2007 units=1 sqft=1726 land=2023 project=residential_19111230030000 || noncondo_19111230170000 [3619 W 50TH ST] year=2007 units=1 sqft=1867 land=1157 project=residential_19111230170000 || noncondo_19111230020000 [3620 W 51ST ST] year=2007 units=1 sqft=1784 land=2020 project=residential_19111230020000 || noncondo_19111230180000 [3621 W 50TH ST] year=2007 units=1 sqft=1804 land=942 project=residential_19111230180000 || noncondo_19111230190000 [3623 W 50TH ST] year=2007 units=1 sqft=1867 land=1028 project=residential_19111230190000 || noncondo_19111230200000 [3625 W 50TH ST] year=2007 units=1 sqft=2007 land=1158 project=residential_19111230200000 || noncondo_19111210240000 [3642 W 51ST ST] year=2007 units=1 sqft=1852 land=3386 project=residential_19111210240000 || noncondo_19111210230000 [3644 W 51ST ST] year=2007 units=1 sqft=1759 land=3385 project=residential_19111210230000 || noncondo_19111210220000 [3646 W 51ST ST] year=2007 units=1 sqft=1878 land=3418 project=residential_19111210220000 || noncondo_19111210260000 [3640 W 51ST ST] year=2008 units=1 sqft=2797 land=6761 project=residential_19111210260000,,,,,,,manual_episode_review,,,TRUE,retain,4,7326,contemporaneous_card_inventory,manual_review_complete,cards=4; card_units=4; card_building_sqft=7326; permit_addresses=none,,,,,,retain,4,7326,retain_card_inventory,high,Four construction-year townhouse cards match four later 50th and 51st Street rows.,,,,,2007,existing_adjudicated_year,retain_card_inventory,suppress_matched_successors,high,Four construction-year townhouse cards match four later 50th and 51st Street rows.,,,
residential_multicard_19111230110000,2007,TRUE,TRUE,136.5013563996706,14_23,1,1880,4284,0.4388422035480859,10.168067226890756,19111230110000,residential_multicard_19111230110000,19111230110000,residential_19111230110000,residential_multicard_19111230110000,4,1/2/3/4,295,4,FALSE,4,7413,1,1804/1864/1865/1880,TRUE,TRUE,2008,2012,4,4,5,0,0,0,0,0,,,,,,,0,0,,,,,,,,,,,,,,,,TRUE,TRUE,FALSE,FALSE,1_multifamily_threshold,construction_year_parcel_polygon,11,10,0,2008/2009/2010,1/4,14,,16291.158800408884,city_building_890463 address=3632 3632 W 51ST ST; year=2008; units=1; building_sqft=0; overlap=1 || city_building_890478 address=3619 3625 W 50TH PL; year=2009; units=4; building_sqft=0; overlap=1 || city_building_890477 address=3609 3617 W 50TH PL; year=2009; units=4; building_sqft=0; overlap=0.976 || city_building_890475 address=3620 3620 W 51ST ST; year=2009; units=1; building_sqft=0; overlap=1 || city_building_890474 address=3614 3614 W 51ST ST; year=2010; units=0; building_sqft=0; overlap=1 || city_building_890476 address=3622 3622 W 51ST ST; year=2009; units=1; building_sqft=0; overlap=1 || city_building_890466 address=3646 3646 W 51ST ST; year=2009; units=1; building_sqft=0; overlap=1 || city_building_890464 address=3642 3642 W 51ST ST; year=2009; units=1; building_sqft=0; overlap=1 || city_building_890465 address=3644 3644 W 51ST ST; year=2009; units=1; building_sqft=0; overlap=1 || city_building_890469 address=0 0; year=2009; units=0; building_sqft=0; overlap=1 || city_building_890470 address=0 0; year=2009; units=0; building_sqft=0; overlap=1,1,1,2008,3192.683356553549,cook_2008_408080 address=3632 3632 W 51ST ST; year=2008; overlap=1,3623 W 50TH ST,1,3623 W 50TH ST,FALSE,FALSE,FALSE,FALSE,FALSE,FALSE,FALSE,FALSE,FALSE,FALSE,manual_review_required,,,3_main_sample_multifamily_threshold,episode_077,manual_shared_parent_component,FALSE,residential_multicard_19111200130000/residential_multicard_19111230100000/residential_multicard_19111230110000,residential_19111210220000/residential_19111210230000/residential_19111210240000/residential_19111210260000/residential_19111230020000/residential_19111230030000/residential_19111230130000/residential_19111230140000/residential_19111230150000/residential_19111230160000/residential_19111230170000/residential_19111230180000/residential_19111230190000/residential_19111230200000,15,28492,14,26667,29700,0.9333333333333332,0.9359469324722728,14,14,26667,29700,residential_19111210220000/residential_19111210230000/residential_19111210240000/residential_19111210260000/residential_19111230020000/residential_19111230030000/residential_19111230130000/residential_19111230140000/residential_19111230150000/residential_19111230160000/residential_19111230170000/residential_19111230180000/residential_19111230190000/residential_19111230200000,noncondo_19111230130000 [3609 W 50TH PL] year=2007 units=1 sqft=1743 land=1117 project=residential_19111230130000 || noncondo_19111230140000 [3611 W 50TH PL] year=2007 units=1 sqft=1920 land=1040 project=residential_19111230140000 || noncondo_19111230150000 [3615 W 50TH PL] year=2007 units=1 sqft=1728 land=927 project=residential_19111230150000 || noncondo_19111230160000 [3617 W 50TH PL] year=2007 units=1 sqft=1935 land=1338 project=residential_19111230160000 || noncondo_19111230030000 [3618 W 51ST ST] year=2007 units=1 sqft=1726 land=2023 project=residential_19111230030000 || noncondo_19111230170000 [3619 W 50TH ST] year=2007 units=1 sqft=1867 land=1157 project=residential_19111230170000 || noncondo_19111230020000 [3620 W 51ST ST] year=2007 units=1 sqft=1784 land=2020 project=residential_19111230020000 || noncondo_19111230180000 [3621 W 50TH ST] year=2007 units=1 sqft=1804 land=942 project=residential_19111230180000 || noncondo_19111230190000 [3623 W 50TH ST] year=2007 units=1 sqft=1867 land=1028 project=residential_19111230190000 || noncondo_19111230200000 [3625 W 50TH ST] year=2007 units=1 sqft=2007 land=1158 project=residential_19111230200000 || noncondo_19111210240000 [3642 W 51ST ST] year=2007 units=1 sqft=1852 land=3386 project=residential_19111210240000 || noncondo_19111210230000 [3644 W 51ST ST] year=2007 units=1 sqft=1759 land=3385 project=residential_19111210230000 || noncondo_19111210220000 [3646 W 51ST ST] year=2007 units=1 sqft=1878 land=3418 project=residential_19111210220000 || noncondo_19111210260000 [3640 W 51ST ST] year=2008 units=1 sqft=2797 land=6761 project=residential_19111210260000,,,,,,,manual_episode_review,,,TRUE,retain,4,7413,contemporaneous_card_inventory,manual_review_complete,cards=4; card_units=4; card_building_sqft=7413; permit_addresses=none,,,,,,retain,4,7413,retain_card_inventory,high,Four construction-year townhouse cards represent four distinct addresses. Three match later rows; the unmatched fourth is supported by the 3607 W 50th Place permit address in the same development.,,,,,2007,existing_adjudicated_year,retain_card_inventory,suppress_matched_successors,high,Four construction-year townhouse cards represent four distinct addresses. Three match later rows; the unmatched fourth is supported by the 3607 W 50th Place permit address in the same development.,,,
residential_multicard_20102110280000,2014,TRUE,TRUE,313.09575116287624,3_4,1,2216,8450,0.26224852071005916,5.155029585798816,20102110280000,residential_multicard_20102110280000,20102110280000,residential_20102110280000,residential_multicard_20102110280000,2,1/2,278,1,TRUE,2,4432,1,2216,TRUE,TRUE,2015,2015,2,2,1,0,0,2,2,0,2,2,4814 S CHAMPLAIN AVE / 4818 S CHAMPLAIN AVE,4814 S CHAMPLAIN AVE / 4818 S CHAMPLAIN AVE / NA,,,0,0,FALSE,FALSE,,,permit_chain_100538721 [exact PIN] [2014-05-20] 4814 S CHAMPLAIN AVE / 4818 S CHAMPLAIN AVE units=missing description=SELF CERTIFICATION REVIEW: ERECT 2-STORY WITH BASEMENT FRAME SINGLE FAMILY RESIDENCE (4A CONSTRUCTION) WITH DETACHED 2 CAR FRAME GARAGE (4A CONSTRUCTION) AS PER PLAN.  **SELF CERT CONDITIONAL PERMIT: SUBJECT TO FIELD INSPECTIONS ** || permit_chain_100538731 [exact PIN] [2014-05-20] 4814 S CHAMPLAIN AVE / 4818 S CHAMPLAIN AVE units=missing description=SELF CERTIFICATION REVIEW: ERECT 2-STORY WITH BASEMENT FRAME SINGLE FAMILY RESIDENCE (4A CONSTRUCTION) WITH DETACHED 2 CAR FRAME GARAGE (4A CONSTRUCTION) AS PER PLAN.  **SELF CERT CONDITIONAL PERMIT: SUBJECT TO FIELD INSPECTIONS **,permit_chain_100538721 [2014-05-20] 4814 S CHAMPLAIN AVE / 4818 S CHAMPLAIN AVE units=missing description=SELF CERTIFICATION REVIEW: ERECT 2-STORY WITH BASEMENT FRAME SINGLE FAMILY RESIDENCE (4A CONSTRUCTION) WITH DETACHED 2 CAR FRAME GARAGE (4A CONSTRUCTION) AS PER PLAN.  **SELF CERT CONDITIONAL PERMIT: SUBJECT TO FIELD INSPECTIONS ** || permit_chain_100538731 [2014-05-20] NA units=missing description=SELF CERTIFICATION REVIEW: ERECT 2-STORY WITH BASEMENT FRAME SINGLE FAMILY RESIDENCE (4A CONSTRUCTION) WITH DETACHED 2 CAR FRAME GARAGE (4A CONSTRUCTION) AS PER PLAN.  **SELF CERT CONDITIONAL PERMIT: SUBJECT TO FIELD INSPECTIONS **,,,,,,,,,,TRUE,TRUE,FALSE,FALSE,1_multifamily_threshold,construction_year_parcel_polygon,0,0,,,,,,,,0,0,,,,4814 S CHAMPLAIN AVE,1,4814 S CHAMPLAIN AVE,FALSE,FALSE,FALSE,FALSE,FALSE,FALSE,TRUE,FALSE,TRUE,FALSE,candidate_sum_supported,2,4432,3_main_sample_multifamily_threshold,episode_091,successors_exceed_parent_inventory,FALSE,residential_multicard_20102110280000,residential_20102110500000/residential_20102110510000/residential_20102110520000,2,4432,3,6657,9742,1.5,1.5020306859205776,3,3,6657,9742,residential_20102110500000/residential_20102110510000/residential_20102110520000,noncondo_20102110520000 [4812 S CHAMPLAIN AVE] year=2014 units=1 sqft=2223 land=3249 project=residential_20102110520000 || noncondo_20102110510000 [4814 S CHAMPLAIN AVE] year=2014 units=1 sqft=2211 land=3246 project=residential_20102110510000 || noncondo_20102110500000 [4818 S CHAMPLAIN AVE] year=2014 units=1 sqft=2223 land=3247 project=residential_20102110500000,,,,,,,manual_episode_review,,,TRUE,retain,2,4432,contemporaneous_card_inventory,manual_review_complete,cards=2; card_units=2; card_building_sqft=4432; permit_addresses=4814 S CHAMPLAIN AVE / 4818 S CHAMPLAIN AVE,,,,,,retain,2,4432,retain_card_inventory,high,Two construction-year cards contain two units; two later Champlain rows reproduce those cards and one unmatched row remains separate.,,,,,2014,existing_adjudicated_year,retain_card_inventory,suppress_matched_successors,high,Two construction-year cards contain two units; two later Champlain rows reproduce those cards and one unmatched row remains separate.,,,
residential_multicard_25194030010000,2006,TRUE,TRUE,335.19271804443594,19_34,1,1742,7656,0.227533960292581,5.689655172413793,25194030010000,residential_multicard_25194030010000,25194030010000,residential_25194030010000,residential_multicard_25194030010000,6,1/2/3/4/5/6,295,3,FALSE,6,10266,1,1636/1722/1742,TRUE,TRUE,2007,2013,6,6,7,0,0,0,0,0,,,,,,,0,0,,,,,,,,,,,,,,,,TRUE,TRUE,FALSE,FALSE,1_multifamily_threshold,construction_year_parcel_polygon,7,7,0,2007,,,,6130.755516159348,city_building_886477 address=11501 11501 S VINCENNES AVE; year=2007; units=0; building_sqft=0; overlap=1 || city_building_886481 address=1825 1825 W 115TH ST; year=2007; units=0; building_sqft=0; overlap=1 || city_building_886476 address=11503 11503 S VINCENNES AVE; year=2007; units=0; building_sqft=0; overlap=1 || city_building_886479 address=1825 1825 W 115TH ST; year=2007; units=0; building_sqft=0; overlap=1 || city_building_886485 address=1825 1825 W 115TH ST; year=2007; units=0; building_sqft=0; overlap=0.864 || city_building_886484 address=1825 1825 W 115TH ST; year=2007; units=0; building_sqft=0; overlap=1 || city_building_886478 address=11505 11505 S VINCENNES AVE; year=2007; units=0; building_sqft=0; overlap=0.618,7,7,2007,6130.749676500447,cook_2008_665954 address=11501 11501 S VINCENNES AVE; year=2007; overlap=1 || cook_2008_614216 address=1825 1825 W 115TH ST; year=2007; overlap=1 || cook_2008_563081 address=11503 11503 S VINCENNES AVE; year=2007; overlap=1 || cook_2008_614570 address=1825 1825 W 115TH ST; year=2007; overlap=1 || cook_2008_407620 address=1825 1825 W 115TH ST; year=2007; overlap=0.864 || cook_2008_404288 address=1825 1825 W 115TH ST; year=2007; overlap=1 || cook_2008_406766 address=11505 11505 S VINCENNES AVE; year=2007; overlap=0.618,11501 S VINCENNES AVE,1,11501 S VINCENNES AVE,FALSE,FALSE,FALSE,FALSE,FALSE,FALSE,FALSE,FALSE,FALSE,FALSE,manual_review_required,,,3_main_sample_multifamily_threshold,episode_100,successors_exceed_parent_inventory,FALSE,residential_multicard_25194030010000,residential_25194030300000/residential_25194030310000/residential_25194030320000/residential_25194030410000/residential_25194030420000/residential_25194030430000/residential_25194030440000,6,10266,7,12008,10964,1.1666666666666667,1.1696863432690434,7,7,12008,10964,residential_25194030300000/residential_25194030310000/residential_25194030320000/residential_25194030410000/residential_25194030420000/residential_25194030430000/residential_25194030440000,noncondo_25194030300000 [11501 S VINCENNES AVE] year=2006 units=1 sqft=1636 land=2007 project=residential_25194030300000 || noncondo_25194030310000 [11503 S VINCENNES AVE] year=2006 units=1 sqft=1742 land=1502 project=residential_25194030310000 || noncondo_25194030320000 [11505 S VINCENNES AVE] year=2006 units=1 sqft=1742 land=1499 project=residential_25194030320000 || noncondo_25194030440000 [1825 W 115TH ST 1] year=2006 units=1 sqft=1722 land=2127 project=residential_25194030440000 || noncondo_25194030430000 [1825 W 115TH ST 2] year=2006 units=1 sqft=1722 land=1276 project=residential_25194030430000 || noncondo_25194030420000 [1825 W 115TH ST 3] year=2006 units=1 sqft=1722 land=1276 project=residential_25194030420000 || noncondo_25194030410000 [1825 W 115TH ST 4] year=2006 units=1 sqft=1722 land=1277 project=residential_25194030410000,,,,,,,manual_episode_review,,,TRUE,retain,6,10266,contemporaneous_card_inventory,manual_review_complete,cards=6; card_units=6; card_building_sqft=10266; permit_addresses=none,,,,,,retain,6,10266,retain_card_inventory,high,Six construction-year cards contain six units; six later Vincennes rows reproduce those cards and one unmatched row remains separate.,,,,,2006,existing_adjudicated_year,retain_card_inventory,suppress_matched_successors,high,Six construction-year cards contain six units; six later Vincennes rows reproduce those cards and one unmatched row remains separate.,,,
residential_multicard_25194030020000,2006,TRUE,TRUE,318.7169238590855,19_34,1,1742,6250,0.27872,6.9696,25194030020000,residential_multicard_25194030020000,25194030020000,residential_25194030020000,residential_multicard_25194030020000,5,1/2/3/4/5,295,2,FALSE,5,8670,1,1722/1742,TRUE,TRUE,2007,2013,5,5,7,0,0,0,0,0,,,,,,,0,0,,,,,,,,,,,,,,,,TRUE,TRUE,FALSE,FALSE,1_multifamily_threshold,construction_year_parcel_polygon,4,4,0,2007,,,,3723.340683606453,city_building_886482 address=1825 1825 W 115TH ST; year=2007; units=0; building_sqft=0; overlap=1 || city_building_886483 address=1825 1825 W 115TH ST; year=2007; units=0; building_sqft=0; overlap=0.998 || city_building_886474 address=11507 11507 S VINCENNES AVE; year=2007; units=0; building_sqft=0; overlap=1 || city_building_886473 address=11509 11509 S VINCENNES AVE; year=2007; units=0; building_sqft=0; overlap=0.88,4,4,2007,3723.338790576905,cook_2008_407669 address=1825 1825 W 115TH ST; year=2007; overlap=1 || cook_2008_768735 address=1825 1825 W 115TH ST; year=2007; overlap=0.998 || cook_2008_820545 address=11507 11507 S VINCENNES AVE; year=2007; overlap=1 || cook_2008_666038 address=11509 11509 S VINCENNES AVE; year=2007; overlap=0.88,11505 S VINCENNES AVE,1,11505 S VINCENNES AVE,FALSE,FALSE,FALSE,FALSE,FALSE,FALSE,FALSE,FALSE,FALSE,FALSE,manual_review_required,,,3_main_sample_multifamily_threshold,episode_101,partial_successor_reproduction,FALSE,residential_multicard_25194030020000,residential_25194030330000/residential_25194030340000/residential_25194030390000/residential_25194030400000,5,8670,4,6928,5549,0.8,0.7990772779700115,4,4,6928,5549,residential_25194030330000/residential_25194030340000/residential_25194030390000/residential_25194030400000,noncondo_25194030330000 [11507 S VINCENNES AVE] year=2006 units=1 sqft=1742 land=1499 project=residential_25194030330000 || noncondo_25194030340000 [11509 S VINCENNES AVE] year=2006 units=1 sqft=1742 land=1498 project=residential_25194030340000 || noncondo_25194030400000 [1825 W 115TH ST 5] year=2006 units=1 sqft=1722 land=1276 project=residential_25194030400000 || noncondo_25194030390000 [1825 W 115TH ST 6] year=2006 units=1 sqft=1722 land=1276 project=residential_25194030390000,,,,,,,manual_episode_review,,,TRUE,retain,5,8670,contemporaneous_card_inventory,manual_review_complete,cards=5; card_units=5; card_building_sqft=8670; permit_addresses=none,,,,,,retain,5,8670,retain_card_inventory,high,Five construction-year cards contain five units; four later Vincennes rows reproduce individual cards and the unmatched fifth card remains in the parent inventory.,,,,,2006,existing_adjudicated_year,retain_card_inventory,suppress_matched_successors,high,Five construction-year cards contain five units; four later Vincennes rows reproduce individual cards and the unmatched fifth card remains in the parent inventory.,,,
residential_multicard_11303220080000,2006,TRUE,TRUE,255.30986556826176,49_50,1,1799,9964,0.18054997992773983,4.37173825772782,11303220080000,residential_multicard_11303220080000,11303220080000,residential_11303220080000,residential_multicard_11303220080000,8,1/2/3/4/5/6/7/8,295,1,TRUE,8,14392,1,1799,TRUE,TRUE,1999,2007,8,8,1,1,1,0,0,0,,,,,,,0,0,,,,,,,,,,,,,,,,TRUE,TRUE,FALSE,FALSE,1_multifamily_threshold,construction_year_parcel_polygon,0,0,,,,,,,,0,0,,,,7223 N HAMILTON AVE,1,7223 N HAMILTON AVE,FALSE,FALSE,FALSE,FALSE,FALSE,FALSE,FALSE,FALSE,FALSE,FALSE,manual_review_required,,,3_main_sample_multifamily_threshold,,,,,,,,,,,,,1,8,16932,10068,,condo_1130322044 [7223 N HAMILTON AVE A / 7223 N HAMILTON AVE B / 7223 N HAMILTON AVE C / 7223 N HAMILTON AVE D / 7223 N HAMILTON AVE E / 7223 N HAMILTON AVE F / 7223 N HAMILTON AVE G / 7223 N HAMILTON AVE H] year=2007 units=8 sqft=16932 land=10068 project=NA,,,,,,,manual_no_successor_review,,,TRUE,retain,8,14392,contemporaneous_card_inventory,manual_review_complete,cards=8; card_units=8; card_building_sqft=14392; permit_addresses=none,,,,,,retain,8,14392,contemporaneous_card_inventory,manual_review_complete,cards=8; card_units=8; card_building_sqft=14392; permit_addresses=none,,,,,2006,existing_adjudicated_year,,,,,,,
residential_multicard_13042080370000,2008,TRUE,TRUE,277.35028600383714,41_45,1,2944,8750,0.33645714285714284,4.978285714285715,13042080370000,residential_multicard_13042080370000,13042080370000,residential_13042080370000,residential_multicard_13042080370000,2,1/2,278,1,TRUE,2,5888,1,2944,TRUE,TRUE,1999,2019,2,2,10,1,1,2,0,2,2,0,6236 N LENOX AVE / 6232 N LENOX AVE,,,,0,0,FALSE,FALSE,,,permit_chain_100163191 [project polygon] [2007-02-16] 6236 N LENOX AVE / 6232 N LENOX AVE units=missing description=NEW CONSTRUCTION OF BRICK 2 STORY + BASEMENT SINGLE FAMILY RESIDENCE || permit_chain_100163192 [project polygon] [2007-02-16] 6236 N LENOX AVE / 6232 N LENOX AVE units=missing description=NEW CONSTRUCTION OF SINGLE FAMILY HOUSE,[]  units= description=,,,,,,,,,,TRUE,TRUE,FALSE,FALSE,1_multifamily_threshold,construction_year_parcel_polygon,0,0,,,,,,,,0,0,,,,6234 N LENOX AVE,1,6234 N LENOX AVE,FALSE,FALSE,FALSE,FALSE,FALSE,FALSE,FALSE,FALSE,FALSE,FALSE,manual_review_required,,,3_main_sample_multifamily_threshold,,,,,,,,,,,,,,,,,,,,,,,,,manual_no_successor_review,,,TRUE,retain,2,5888,contemporaneous_card_inventory,manual_review_complete,cards=2; card_units=2; card_building_sqft=5888; permit_addresses=6236 N LENOX AVE / 6232 N LENOX AVE,,,,,,retain,2,5888,contemporaneous_card_inventory,manual_review_complete,cards=2; card_units=2; card_building_sqft=5888; permit_addresses=6236 N LENOX AVE / 6232 N LENOX AVE,,,,,2008,existing_adjudicated_year,,,,,,,
residential_multicard_13154010310000,2007,TRUE,TRUE,57.07712911403761,38_45,1,1454,3196,0.4549436795994994,13.62953692115144,13154010310000,residential_multicard_13154010310000,13154010310000,residential_13154010310000,residential_multicard_13154010310000,5,1/2/3/4/5,295,1,TRUE,5,7270,1,1454,TRUE,TRUE,2000,2008,5,5,1,1,1,2,0,2,2,0,4253 W MONTROSE AVE / 4249 W MONTROSE AVE,,,,0,0,FALSE,FALSE,,,"permit_chain_100160656 [project polygon] [2007-02-20] 4253 W MONTROSE AVE / 4249 W MONTROSE AVE units=missing description=ERECT 3 MASONRY TOWNHOMES IN A ROW WITH ADDRESSES 4251, 4253, 4255 W. MONTROSE WITH ATTACHED MASONRY CAR GARAGES;6'HIGH 8'6""X4'6"" MASONRY TRASH ENCLOSURE AS PER PLANS. CONDITIONAL PERMIT. SUBJECT TO FIELD INSPECTION. || permit_chain_100160664 [project polygon] [2007-02-20] 4253 W MONTROSE AVE / 4249 W MONTROSE AVE units=missing description=ERECT 2 MASONRY TOWNHOMES IN A ROW WITH ADDRESSES 4249 & 4251 W. MONTROSE WITH ATTACHED MASONRY CAR GARAGES;6'HIGH 8'6""X4'6"" MASONRY TRASH ENCLOSURE & 6' HIGH 30' LONG WOOD FENCE AS PER PLANS. CONDITIONAL PERMIT. SUBJECT TO FIELD INSPECTION.",[]  units= description=,,,,,,,,,,TRUE,TRUE,FALSE,FALSE,1_multifamily_threshold,construction_year_parcel_polygon,1,1,0,2007,,,,2021.7641652048333,city_building_886841 address=4251 4255 W MONTROSE AVE; year=2007; units=0; building_sqft=0; overlap=0.67,1,1,2007,2021.7623075693848,cook_2008_820579 address=4251 4255 W MONTROSE AVE; year=2007; overlap=0.67,4251 W MONTROSE AVE,1,4251 W MONTROSE AVE,FALSE,FALSE,FALSE,FALSE,FALSE,FALSE,FALSE,FALSE,FALSE,FALSE,manual_review_required,,,3_main_sample_multifamily_threshold,,,,,,,,,,,,,2,2,2908,2098,,noncondo_13154010360000 [4253 W MONTROSE AVE] year=2005 units=1 sqft=1454 land=955 project=NA || noncondo_13154010350000 [4255 W MONTROSE AVE] year=2005 units=1 sqft=1454 land=1143 project=NA,,,,,,,manual_no_successor_review,,,TRUE,retain,5,7270,contemporaneous_card_inventory,manual_review_complete,cards=5; card_units=5; card_building_sqft=7270; permit_addresses=4253 W MONTROSE AVE / 4249 W MONTROSE AVE,,,,,,retain,5,7270,contemporaneous_card_inventory,manual_review_complete,cards=5; card_units=5; card_building_sqft=7270; permit_addresses=4253 W MONTROSE AVE / 4249 W MONTROSE AVE,,,,,2007,existing_adjudicated_year,,,,,,,
residential_multicard_17171050720000,2006,TRUE,TRUE,361.3605629081891,2_27,1,1879,31744,0.05919228830645161,1.3722278225806452,17171050720000,residential_multicard_17171050720000,17171050720000,residential_17171050720000,residential_multicard_17171050720000,32,1/2/3/4/5/6/7/8/9/10/11/12/13/14/15/16/17/18/19/20/21/22/23/24/25/26/27/28/29/30/31/32,295,2,FALSE,32,53516,1,1651/1879,TRUE,TRUE,2007,2007,32,32,1,0,0,0,0,0,,,,,,,0,0,,,,,,,,,,,,,,,,TRUE,TRUE,FALSE,FALSE,1_multifamily_threshold,100ft_reference_point_buffer,4,2,0,1924/1931/2006,,,14800,49303.2349999724,city_building_859848 address=1228 1228 W MONROE ST; year=2006; units=0; building_sqft=0; overlap=0.361 || city_building_358293 address=1233 1237 W MONROE ST; year=1931; units=0; building_sqft=14800; overlap=0.141 || city_building_859849 address=1240 1240 W MONROE ST; year=1924; units=0; building_sqft=0; overlap=0.341 || city_building_859847 address=1214 1214 W MONROE ST; year=2006; units=0; building_sqft=0; overlap=0.004,2,2,2006,26814.99069923302,cook_2008_405926 address=1228 1228 W MONROE ST; year=2006; overlap=0.361 || cook_2008_285714 address=1214 1214 W MONROE ST; year=2006; overlap=0.004,1234 W MONROE ST 1-10,1,1234 W MONROE ST 1-10,FALSE,FALSE,FALSE,FALSE,FALSE,FALSE,FALSE,FALSE,FALSE,FALSE,manual_review_required,,,3_main_sample_multifamily_threshold,,,,,,,,,,,,,,,,,,,,,,,,,manual_no_successor_review,,,TRUE,retain,32,53516,contemporaneous_card_inventory,manual_review_complete,cards=32; card_units=32; card_building_sqft=53516; permit_addresses=none,,,,,,retain,32,53516,contemporaneous_card_inventory,manual_review_complete,cards=32; card_units=32; card_building_sqft=53516; permit_addresses=none,,,,,2006,existing_adjudicated_year,,,,,,,
residential_multicard_17211250140000,2007,TRUE,TRUE,204.19021499222904,2_25,1,2302,7098,0.3243167089320935,6.136939983093829,17211250140000,residential_multicard_17211250140000,17211250140000,residential_17211250140000,residential_multicard_17211250140000,4,1/2/3/4,295,2,FALSE,4,7988,1,1692/2302,TRUE,TRUE,2008,2008,4,4,1,0,0,0,0,0,,,,,,,0,0,,,,,,,,,,,,,,,,TRUE,TRUE,FALSE,FALSE,1_multifamily_threshold,construction_year_parcel_polygon,0,0,,,,,,,,0,0,,,,1459 S EMERALD AVE,1,1459 S EMERALD AVE,FALSE,FALSE,FALSE,FALSE,FALSE,FALSE,FALSE,FALSE,FALSE,FALSE,manual_review_required,,,3_main_sample_multifamily_threshold,,,,,,,,,,,,,4,4,7988,5916,,noncondo_17211250220000 [1459 S EMERALD AVE] year=2005 units=1 sqft=2302 land=2122 project=NA || noncondo_17211250180000 [702 W 15TH ST] year=2005 units=1 sqft=1692 land=1196 project=NA || noncondo_17211250200000 [704 W 15TH ST] year=2005 units=1 sqft=1692 land=953 project=NA || noncondo_17211250210000 [706 W 15TH ST] year=2005 units=1 sqft=2302 land=1645 project=NA,,,,,,,manual_no_successor_review,,,TRUE,retain,4,7988,contemporaneous_card_inventory,manual_review_complete,cards=4; card_units=4; card_building_sqft=7988; permit_addresses=none,,,,,,retain,4,7988,contemporaneous_card_inventory,manual_review_complete,cards=4; card_units=4; card_building_sqft=7988; permit_addresses=none,,,,,2007,existing_adjudicated_year,,,,,,,
residential_multicard_17211330030000,2007,TRUE,TRUE,196.93963937606955,2_25,1,2275,12362,0.1840317100792752,3.5237016663970233,17211330030000,residential_multicard_17211330030000,17211330030000,residential_17211330030000,residential_multicard_17211330030000,5,1/2/3/4/5,295,3,FALSE,5,9463,1,1692/2112/2275,TRUE,TRUE,2008,2008,5,5,1,0,0,0,0,0,,,,,,,0,0,,,,,,,,,,,,,,,,TRUE,TRUE,FALSE,FALSE,1_multifamily_threshold,construction_year_parcel_polygon,0,0,,,,,,,,0,0,,,,701 W 15TH PL,1,701 W 15TH PL,FALSE,FALSE,FALSE,FALSE,FALSE,FALSE,FALSE,FALSE,FALSE,FALSE,manual_review_required,,,3_main_sample_multifamily_threshold,,,,,,,,,,,,,6,11,18751,12831,,condo_1721133025 [707 W 15TH ST / 709 W 15TH ST / 711 W 15TH ST / 713 W 15TH ST / 715 W 15TH ST / 717 W 15TH ST] year=2005 units=6 sqft=9288 land=5907 project=NA || noncondo_17211330190000 [701 W 15TH ST] year=2005 units=1 sqft=2112 land=1656 project=NA || noncondo_17211330200000 [703 W 15TH ST] year=2005 units=1 sqft=1692 land=1157 project=NA || noncondo_17211330210000 [705 W 15TH ST] year=2005 units=1 sqft=1692 land=1157 project=NA || noncondo_17211330220000 [719 W 15TH ST] year=2005 units=1 sqft=1692 land=1150 project=NA || noncondo_17211330230000 [721 W 15TH ST] year=2005 units=1 sqft=2275 land=1804 project=NA,,,,,,,manual_no_successor_review,,,TRUE,retain,5,9463,contemporaneous_card_inventory,manual_review_complete,cards=5; card_units=5; card_building_sqft=9463; permit_addresses=none,,,,,,retain,5,9463,contemporaneous_card_inventory,manual_review_complete,cards=5; card_units=5; card_building_sqft=9463; permit_addresses=none,,,,,2007,existing_adjudicated_year,,,,,,,
residential_multicard_17271290060000,2006,TRUE,TRUE,245.06480746843087,2_4,1,1717,10564,0.16253313138962514,4.123438091631957,17271290060000,residential_multicard_17271290060000,17271290060000,residential_17271290060000,residential_multicard_17271290060000,3,1/2/3,295,2,FALSE,3,4965,1,1531/1717,TRUE,TRUE,2007,2007,3,3,1,0,0,0,0,0,,,,,,,0,0,,,,,,,,,,,,,,,,TRUE,TRUE,FALSE,FALSE,1_multifamily_threshold,100ft_reference_point_buffer,1,0,0,0,,,,7101.749999888474,city_building_393681 address=2520 2520 S DR MARTIN LUTHER KING JR DR; year=0; units=0; building_sqft=0; overlap=0.055,0,0,,,,348 E HUNTINGTON CT,1,348 E HUNTINGTON CT,FALSE,FALSE,FALSE,FALSE,FALSE,FALSE,FALSE,FALSE,FALSE,FALSE,manual_review_required,,,3_main_sample_multifamily_threshold,,,,,,,,,,,,,3,3,5412,3418,residential_17271290810000,noncondo_17271290820000 [356 E FINSBURY CT] year=2005 units=1 sqft=1717 land=868 project=NA || noncondo_17271290830000 [358 E FINSBURY CT] year=2005 units=1 sqft=2164 land=1742 project=NA || noncondo_17271290810000 [354 E FINSBURY CT] year=2008 units=1 sqft=1531 land=808 project=residential_17271290810000,,,,,,,manual_no_successor_review,,,TRUE,retain,3,4965,contemporaneous_card_inventory,manual_review_complete,cards=3; card_units=3; card_building_sqft=4965; permit_addresses=none,,,,,,retain,3,4965,contemporaneous_card_inventory,manual_review_complete,cards=3; card_units=3; card_building_sqft=4965; permit_addresses=none,,,,,2006,existing_adjudicated_year,,,,,,,
residential_multicard_19113250470000,2006,TRUE,TRUE,91.2156162929022,14_23,1,1600,50249,0.03184142968019264,0.8668829230432447,19113250470000,residential_multicard_19113250470000,19113250470000,residential_19113250470000,residential_multicard_19113250470000,16,1/2/3/4/5/6/7/8/9/10/11/12/13/14/15/16,295,1,TRUE,16,25600,1,1600,TRUE,TRUE,2007,2007,16,16,1,0,0,4,0,4,4,0,3601 W 53RD ST / 3603 W 53RD ST / 3605 W 53RD ST / 3607 W 53RD ST,,,,0,0,FALSE,FALSE,,,"permit_chain_100099497 [project polygon] [2006-03-03] 3601 W 53RD ST / 3603 W 53RD ST / 3605 W 53RD ST / 3607 W 53RD ST units=missing description=ERECT NEW(1) 3 STORY 4A CONSTRUCTION WITH ATTACHED GARAGE 8 TOWNHOMES AS PER PLANS.CONDITIONAL PERNIT SUBJECT TO FIELD VERIFICATION || permit_chain_100099597 [project polygon] [2006-05-19] 3601 W 53RD ST / 3603 W 53RD ST / 3605 W 53RD ST / 3607 W 53RD ST units=missing description=ERECT NEW(1) 3 STORY 4A CONSTRUCTION WITH ATTACHED GARAGE 9 TOWNHOMES AS PER PLANS.CONDITIONAL PERMIT SUBJECT TO FIELD VERIFICATION || permit_chain_100100576 [project polygon] [2006-03-10] 3601 W 53RD ST / 3603 W 53RD ST / 3605 W 53RD ST / 3607 W 53RD ST units=missing description=ERECT NEW 3 STORY MASONRY BUILDING WITH BASEMENT AND ATTACHED GARAGE TYPE 3B CONSTRUCTION AS PER PLANS. || permit_chain_100100658 [project polygon] [2006-03-10] 3601 W 53RD ST / 3603 W 53RD ST / 3605 W 53RD ST / 3607 W 53RD ST units=missing description=ERECT NEW 3 STORY MASONRY BUILDING WITH BASEMENT AND ATTACHED GARAGE TYPE 3B CONSTRUCTION AS PER PLANS.""CONDITIONAL PERMIT SUBJECT TO FIELD VERIFICATION""",[]  units= description=,,,,,,,,,,TRUE,TRUE,FALSE,FALSE,1_multifamily_threshold,construction_year_parcel_polygon,4,0,0,2009,8/9,34,,31545.196261162982,city_building_890483 address=3605 3605 W 53RD ST; year=2009; units=9; building_sqft=0; overlap=0.998 || city_building_890482 address=3603 3603 W 53RD ST; year=2009; units=9; building_sqft=0; overlap=0.995 || city_building_890480 address=3601 3601 W 53RD ST; year=2009; units=8; building_sqft=0; overlap=1 || city_building_890481 address=3607 3607 W 53RD ST; year=2009; units=8; building_sqft=0; overlap=1,0,0,,,,3601 W 53RD ST,1,3601 W 53RD ST,FALSE,FALSE,FALSE,FALSE,FALSE,FALSE,FALSE,FALSE,FALSE,FALSE,manual_review_required,,,3_main_sample_multifamily_threshold,,,,,,,,,,,,,,,,,,,,,,,,,manual_no_successor_review,,,TRUE,retain,16,25600,contemporaneous_card_inventory,manual_review_complete,cards=16; card_units=16; card_building_sqft=25600; permit_addresses=3601 W 53RD ST / 3603 W 53RD ST / 3605 W 53RD ST / 3607 W 53RD ST,retain,17,27200,high,"City new-construction permits describe eight townhomes at 3601 W 53rd and nine at 3603 W 53rd. The assessor has sixteen identical 1,600-square-foot cards, so the missing seventeenth card is restored at the common card size.",retain,17,27200,manual_override,high,"City new-construction permits describe eight townhomes at 3601 W 53rd and nine at 3603 W 53rd. The assessor has sixteen identical 1,600-square-foot cards, so the missing seventeenth card is restored at the common card size.",,,,,2006,existing_adjudicated_year,,,,,,,
residential_multicard_20102190080000,2008,TRUE,TRUE,436.2108474215896,3_4,6,6801,12833,0.5299618171900569,20.36624327904621,20102190080000,residential_multicard_20102190080000,20102190080000,residential_20102190080000,residential_multicard_20102190080000,2,1/2,211,1,TRUE,12,13602,6,6801,TRUE,TRUE,2009,2009,2,2,1,0,0,0,0,0,,,,,,,0,0,,,,,,,,,,,,,,,,TRUE,FALSE,FALSE,FALSE,2_main_sample_outcome,construction_year_parcel_polygon,0,0,,,,,,,,0,0,,,,4951 S SAINT LAWRENCE AVE,1,4951 S SAINT LAWRENCE AVE,FALSE,FALSE,FALSE,FALSE,FALSE,FALSE,FALSE,FALSE,FALSE,FALSE,manual_review_required,,,4_main_sample_outcome,,,,,,,,,,,,,,,,,,,,,,,,,manual_no_successor_review,,,TRUE,retain,12,13602,contemporaneous_card_inventory,manual_review_complete,cards=2; card_units=12; card_building_sqft=13602; permit_addresses=none,,,,,,retain,12,13602,contemporaneous_card_inventory,manual_review_complete,cards=2; card_units=12; card_building_sqft=13602; permit_addresses=none,,,,,2008,existing_adjudicated_year,,,,,,,
residential_multicard_13243050060000,2006,FALSE,TRUE,1136.5353285008869,33_35,1,2324,50000,0.04648,0.8712,13243050060000,residential_multicard_13243050060000,13243050060000,residential_13243050060000,residential_multicard_13243050060000,10,1/2/3/4/5/6/7/8/9/10,295,2,FALSE,10,19306,1,1762/2324,TRUE,TRUE,2007,2007,10,10,1,0,0,0,0,0,,,,,,,0,0,,,,,,,,,,,,,,,,TRUE,TRUE,FALSE,FALSE,3_placebo_scope_threshold,construction_year_parcel_polygon,3,3,0,2007,,,,21561.66268486902,city_building_887044 address=3000 3000 W NEWPORT AVE; year=2007; units=0; building_sqft=0; overlap=0.712 || city_building_887045 address=3019 3019 W CORNELIA AVE; year=2007; units=0; building_sqft=0; overlap=1 || city_building_887043 address=3001 3001 W CORNELIA AVE; year=2007; units=0; building_sqft=0; overlap=0.667,3,3,2007,21561.666868344997,cook_2008_407498 address=3000 3000 W NEWPORT AVE; year=2007; overlap=0.712 || cook_2008_404958 address=3019 3019 W CORNELIA AVE; year=2007; overlap=1 || cook_2008_397263 address=3001 3001 W CORNELIA AVE; year=2007; overlap=0.667,3455 N WHIPPLE ST,1,3455 N WHIPPLE ST,FALSE,FALSE,FALSE,FALSE,FALSE,FALSE,FALSE,FALSE,FALSE,FALSE,manual_review_required,,,6_placebo_scope_multifamily_threshold,episode_013,successors_exceed_parent_inventory,FALSE,residential_multicard_13243050060000,residential_13243050330000/residential_13243050340000/residential_13243050350000/residential_13243050360000/residential_13243050370000/residential_13243050380000/residential_13243050390000/residential_13243050400000/residential_13243050410000/residential_13243050420000/residential_13243050430000/residential_13243050440000/residential_13243050450000/residential_13243050460000/residential_13243050470000/residential_13243050480000/residential_13243050490000/residential_13243050500000/residential_13243050510000/residential_13243050520000,10,19306,20,39736,22387,2,2.0582202424116853,20,20,39736,22387,residential_13243050330000/residential_13243050340000/residential_13243050350000/residential_13243050360000/residential_13243050370000/residential_13243050380000/residential_13243050390000/residential_13243050400000/residential_13243050410000/residential_13243050420000/residential_13243050430000/residential_13243050440000/residential_13243050450000/residential_13243050460000/residential_13243050470000/residential_13243050480000/residential_13243050490000/residential_13243050500000/residential_13243050510000/residential_13243050520000,noncondo_13243050520000 [3006 W NEWPORT AVE] year=2007 units=1 sqft=1762 land=972 project=residential_13243050520000 || noncondo_13243050330000 [3007 W CORNELIA AVE] year=2007 units=1 sqft=1762 land=972 project=residential_13243050330000 || noncondo_13243050510000 [3008 W NEWPORT AVE] year=2007 units=1 sqft=1762 land=984 project=residential_13243050510000 || noncondo_13243050340000 [3009 W CORNELIA AVE] year=2007 units=1 sqft=1762 land=962 project=residential_13243050340000 || noncondo_13243050500000 [3010 W NEWPORT AVE] year=2007 units=1 sqft=1762 land=990 project=residential_13243050500000 || noncondo_13243050350000 [3011 W CORNELIA AVE] year=2007 units=1 sqft=1762 land=961 project=residential_13243050350000 || noncondo_13243050490000 [3012 W NEWPORT AVE] year=2007 units=1 sqft=2324 land=1263 project=residential_13243050490000 || noncondo_13243050480000 [3014 W NEWPORT AVE] year=2007 units=1 sqft=2324 land=1325 project=residential_13243050480000 || noncondo_13243050360000 [3015 W CORNELIA AVE] year=2007 units=1 sqft=2324 land=1242 project=residential_13243050360000 || noncondo_13243050470000 [3016 W NEWPORT AVE] year=2007 units=1 sqft=1762 land=994 project=residential_13243050470000 || noncondo_13243050460000 [3018 W NEWPORT AVE] year=2007 units=1 sqft=2324 land=1270 project=residential_13243050460000 || noncondo_13243050370000 [3019 W CORNELIA AVE] year=2007 units=1 sqft=2324 land=1257 project=residential_13243050370000 || noncondo_13243050380000 [3021 W CORNELIA AVE] year=2007 units=1 sqft=2324 land=1254 project=residential_13243050380000 || noncondo_13243050450000 [3447 N WHIPPLE ST] year=2007 units=1 sqft=2324 land=1246 project=residential_13243050450000 || noncondo_13243050440000 [3449 N WHIPPLE ST] year=2007 units=1 sqft=1762 land=970 project=residential_13243050440000 || noncondo_13243050430000 [3451 N WHIPPLE ST] year=2007 units=1 sqft=1762 land=980 project=residential_13243050430000 || noncondo_13243050420000 [3453 N WHIPPLE ST] year=2007 units=1 sqft=1762 land=975 project=residential_13243050420000 || noncondo_13243050410000 [3455 N WHIPPLE ST] year=2007 units=1 sqft=1762 land=975 project=residential_13243050410000 || noncondo_13243050400000 [3457 N WHIPPLE ST] year=2007 units=1 sqft=1762 land=999 project=residential_13243050400000 || noncondo_13243050390000 [3459 N WHIPPLE ST] year=2007 units=1 sqft=2324 land=1796 project=residential_13243050390000,,,,,,,manual_episode_review,,,TRUE,retain,10,19306,contemporaneous_card_inventory,manual_review_complete,cards=10; card_units=10; card_building_sqft=19306; permit_addresses=none,,,,,,retain,10,19306,retain_card_inventory,high,Ten construction-year cards contain ten units; ten later rows reproduce those cards and ten unmatched nearby rows remain separate.,,,,,2006,existing_adjudicated_year,retain_card_inventory,suppress_matched_successors,high,Ten construction-year cards contain ten units; ten later rows reproduce those cards and ten unmatched nearby rows remain separate.,,,
residential_multicard_13243050100000,2006,FALSE,TRUE,1267.6954746668373,33_35,1,2324,14750,0.1575593220338983,2.953220338983051,13243050100000,residential_multicard_13243050100000,13243050100000,residential_13243050100000,residential_multicard_13243050100000,4,1/2/3/4,295,2,FALSE,4,7610,1,1762/2324,TRUE,TRUE,2007,2007,4,4,1,0,0,1,0,1,1,0,3001 W CORNELIA AVE,,,,0,0,FALSE,FALSE,,,"permit_chain_100091508 [project polygon] [2006-02-16] 3001 W CORNELIA AVE units=missing description=CONSTRUCT SEVEN 3-STORY TOWNHOUSES IN PD985  (BUILDING 6) PER PLANS.      (PROTOTYPE: 3000 W. CORNELIA AVE., A/P: 100045605).                                                                                        -CONDITIONAL PERMIT, SUBJECT TO FIELD VERIFICATION.",[]  units= description=,,,,,,,,,,TRUE,TRUE,FALSE,FALSE,3_placebo_scope_threshold,construction_year_parcel_polygon,0,0,,,,,,,,0,0,,,,3011 W CORNELIA AVE,1,3011 W CORNELIA AVE,FALSE,FALSE,FALSE,FALSE,FALSE,FALSE,FALSE,FALSE,FALSE,FALSE,manual_review_required,,,6_placebo_scope_multifamily_threshold,episode_012,successors_exceed_parent_inventory,FALSE,residential_multicard_13243050100000,residential_13243050300000/residential_13243050310000/residential_13243050320000/residential_13243050530000/residential_13243050540000/residential_13243050550000,4,7610,6,11696,6408,1.5,1.5369250985545335,6,6,11696,6408,residential_13243050300000/residential_13243050310000/residential_13243050320000/residential_13243050530000/residential_13243050540000/residential_13243050550000,noncondo_13243050550000 [3000 W NEWPORT AVE] year=2007 units=1 sqft=2324 land=1251 project=residential_13243050550000 || noncondo_13243050300000 [3001 W CORNELIA AVE] year=2007 units=1 sqft=2324 land=1269 project=residential_13243050300000 || noncondo_13243050540000 [3002 W NEWPORT AVE] year=2007 units=1 sqft=1762 land=972 project=residential_13243050540000 || noncondo_13243050310000 [3003 W CORNELIA AVE] year=2007 units=1 sqft=1762 land=972 project=residential_13243050310000 || noncondo_13243050530000 [3004 W NEWPORT AVE] year=2007 units=1 sqft=1762 land=972 project=residential_13243050530000 || noncondo_13243050320000 [3005 W CORNELIA AVE] year=2007 units=1 sqft=1762 land=972 project=residential_13243050320000,,,,,,,manual_episode_review,,,TRUE,retain,4,7610,contemporaneous_card_inventory,manual_review_complete,cards=4; card_units=4; card_building_sqft=7610; permit_addresses=3001 W CORNELIA AVE,,,,,,retain,4,7610,retain_card_inventory,high,Four construction-year cards contain four units; four later rows reproduce those cards and two unmatched nearby rows remain separate.,,,,,2006,existing_adjudicated_year,retain_card_inventory,suppress_matched_successors,high,Four construction-year cards contain four units; four later rows reproduce those cards and two unmatched nearby rows remain separate.,,,
residential_multicard_13243050580000,2014,FALSE,TRUE,1063.2670556376272,33_35,1,1982,6652,0.2979555021046302,6.548406494287432,13243050580000,residential_multicard_13243050580000,13243050580000,residential_13243050580000,residential_multicard_13243050580000,6,1/2/3/4/5/6,295,1,TRUE,6,11892,1,1982,TRUE,TRUE,2015,2015,6,6,1,0,0,0,0,0,,,,,,,0,0,,,,,,,,,,,,,,,,TRUE,TRUE,FALSE,FALSE,3_placebo_scope_threshold,construction_year_parcel_polygon,0,0,,,,,,,,0,0,,,,3445 N WHIPPLE ST,1,3445 N WHIPPLE ST,FALSE,FALSE,FALSE,FALSE,FALSE,FALSE,FALSE,FALSE,FALSE,FALSE,manual_review_required,,,6_placebo_scope_multifamily_threshold,episode_014,partial_successor_reproduction,FALSE,residential_multicard_13243050580000,residential_13243050690000/residential_13243050700000/residential_13243050710000/residential_13243050720000/residential_13243050730000,6,11892,5,9910,5645,0.8333333333333334,0.8333333333333334,6,6,11892,6649,residential_13243050690000/residential_13243050700000/residential_13243050710000/residential_13243050720000/residential_13243050730000/residential_13243050740000,noncondo_13243050730000 [3437 N WHIPPLE ST] year=2014 units=1 sqft=1982 land=1116 project=residential_13243050730000 || noncondo_13243050720000 [3439 N WHIPPLE ST] year=2014 units=1 sqft=1982 land=1123 project=residential_13243050720000 || noncondo_13243050710000 [3441 N WHIPPLE ST] year=2014 units=1 sqft=1982 land=1129 project=residential_13243050710000 || noncondo_13243050700000 [3443 N WHIPPLE ST] year=2014 units=1 sqft=1982 land=1135 project=residential_13243050700000 || noncondo_13243050690000 [3445 N WHIPPLE ST] year=2014 units=1 sqft=1982 land=1142 project=residential_13243050690000 || noncondo_13243050740000 [3435 N WHIPPLE ST] year=2016 units=1 sqft=1982 land=1004 project=residential_13243050740000,,,,,,,manual_episode_review,,,TRUE,retain,6,11892,contemporaneous_card_inventory,manual_review_complete,cards=6; card_units=6; card_building_sqft=11892; permit_addresses=none,,,,,,retain,6,11892,retain_card_inventory,high,Six construction-year cards contain six units and transition to six matched successor rows.,,,,,2014,existing_adjudicated_year,retain_card_inventory,suppress_matched_successors,high,Six construction-year cards contain six units and transition to six matched successor rows.,,,
residential_multicard_13243050670000,2014,FALSE,TRUE,1244.954215092571,33_35,1,1982,9833,0.20156615478490797,4.429980677311096,13243050670000,residential_multicard_13243050670000,13243050670000,residential_13243050670000,residential_multicard_13243050670000,8,1/2/3/4/5/6/7/8,295,1,TRUE,8,15856,1,1982,TRUE,TRUE,2015,2015,8,8,1,0,0,0,0,0,,,,,,,0,0,,,,,,,,,,,,,,,,TRUE,TRUE,FALSE,FALSE,3_placebo_scope_threshold,construction_year_parcel_polygon,0,0,,,,,,,,0,0,,,,3005 N NEWPORT AVE,1,3005 N NEWPORT AVE,FALSE,FALSE,FALSE,FALSE,FALSE,FALSE,FALSE,FALSE,FALSE,FALSE,manual_review_required,,,6_placebo_scope_multifamily_threshold,episode_015,partial_successor_reproduction,FALSE,residential_multicard_13243050670000,residential_13243050750000/residential_13243050760000/residential_13243050770000/residential_13243050780000/residential_13243050790000/residential_13243050810000/residential_13243050820000,8,15856,7,13874,8740,0.875,0.875,8,8,15856,9830,residential_13243050750000/residential_13243050760000/residential_13243050770000/residential_13243050780000/residential_13243050790000/residential_13243050800000/residential_13243050810000/residential_13243050820000,noncondo_13243050750000 [3005 W NEWPORT AVE] year=2014 units=1 sqft=1982 land=1084 project=residential_13243050750000 || noncondo_13243050760000 [3007 W NEWPORT AVE] year=2014 units=1 sqft=1982 land=1089 project=residential_13243050760000 || noncondo_13243050770000 [3009 W NEWPORT AVE] year=2014 units=1 sqft=1982 land=1465 project=residential_13243050770000 || noncondo_13243050780000 [3011 W NEWPORT AVE] year=2014 units=1 sqft=1982 land=1494 project=residential_13243050780000 || noncondo_13243050790000 [3013 W NEWPORT AVE] year=2014 units=1 sqft=1982 land=1109 project=residential_13243050790000 || noncondo_13243050810000 [3017 W NEWPORT AVE] year=2014 units=1 sqft=1982 land=1090 project=residential_13243050810000 || noncondo_13243050820000 [3019 W NEWPORT AVE] year=2014 units=1 sqft=1982 land=1409 project=residential_13243050820000 || noncondo_13243050800000 [3015 W NEWPORT AVE] year=2016 units=1 sqft=1982 land=1090 project=residential_13243050800000,,,,,,,manual_episode_review,,,TRUE,retain,8,15856,contemporaneous_card_inventory,manual_review_complete,cards=8; card_units=8; card_building_sqft=15856; permit_addresses=none,,,,,,retain,8,15856,retain_card_inventory,high,Eight construction-year cards contain eight units and transition to eight matched successor rows.,,,,,2014,existing_adjudicated_year,retain_card_inventory,suppress_matched_successors,high,Eight construction-year cards contain eight units and transition to eight matched successor rows.,,,
residential_multicard_13353010370000,2015,FALSE,TRUE,572.066511701958,26_35,1,1708,18078,0.09447947781834272,2.4095585794888814,13353010370000,residential_multicard_13353010370000,13353010370000,residential_13353010370000,residential_multicard_13353010370000,3,1/2/3,207,1,TRUE,3,5124,1,1708,TRUE,TRUE,2016,2016,3,3,1,0,0,0,0,0,,,,,,,0,0,,,,,,,,,,,,,,,,TRUE,TRUE,FALSE,FALSE,3_placebo_scope_threshold,construction_year_parcel_polygon,0,0,,,,,,,,0,0,,,,1902 N SPRINGFIELD AVE,1,1902 N SPRINGFIELD AVE,FALSE,FALSE,FALSE,FALSE,FALSE,FALSE,FALSE,FALSE,FALSE,FALSE,manual_review_required,,,6_placebo_scope_multifamily_threshold,episode_021,successors_exceed_parent_inventory,FALSE,residential_multicard_13353010370000,residential_13353010400000/residential_13353010410000/residential_13353010420000/residential_13353010430000/residential_13353010440000/residential_13353010450000,3,5124,6,10260,18074,2,2.002341920374707,6,6,10260,18074,residential_13353010400000/residential_13353010410000/residential_13353010420000/residential_13353010430000/residential_13353010440000/residential_13353010450000,noncondo_13353010400000 [1904 N SPRINGFIELD AVE] year=2014 units=1 sqft=1710 land=3012 project=residential_13353010400000 || noncondo_13353010410000 [1906 N SPRINGFIELD AVE] year=2014 units=1 sqft=1710 land=3009 project=residential_13353010410000 || noncondo_13353010420000 [1908 N SPRINGFIELD AVE] year=2014 units=1 sqft=1710 land=3012 project=residential_13353010420000 || noncondo_13353010430000 [1910 N SPRINGFIELD AVE] year=2014 units=1 sqft=1710 land=2888 project=residential_13353010430000 || noncondo_13353010440000 [1912 N SPRINGFIELD AVE] year=2014 units=1 sqft=1710 land=3138 project=residential_13353010440000 || noncondo_13353010450000 [1914 N SPRINGFIELD AVE] year=2014 units=1 sqft=1710 land=3015 project=residential_13353010450000,,,,,,,manual_episode_review,,,TRUE,retain,3,5124,contemporaneous_card_inventory,manual_review_complete,cards=3; card_units=3; card_building_sqft=5124; permit_addresses=none,,,,,,retain,3,5124,retain_card_inventory,high,Three construction-year cards contain three units; three later rows reproduce those cards and three unmatched nearby rows remain separate.,,,,,2015,existing_adjudicated_year,retain_card_inventory,suppress_matched_successors,high,Three construction-year cards contain three units; three later rows reproduce those cards and three unmatched nearby rows remain separate.,,,
residential_multicard_13362160310000,2017,FALSE,TRUE,565.8881226692527,1_32,1,2600,8745,0.29731275014293884,4.981132075471698,13362160310000,residential_multicard_13362160310000,13362160310000,residential_13362160310000,residential_multicard_13362160310000,3,1/2/3,278,3,FALSE,3,7640,1,2468/2572/2600,TRUE,TRUE,1999,2018,3,3,1,1,1,3,3,0,3,3,2202 N CAMPBELL AVE / 2206 N CAMPBELL AVE / 2504 W PALMER ST,2202 N CAMPBELL AVE / 2206 N CAMPBELL AVE / 2504 W PALMER ST / NA,,,0,0,FALSE,FALSE,,,"permit_chain_100704424 [exact PIN] [2017-08-17] 2202 N CAMPBELL AVE / 2206 N CAMPBELL AVE / 2504 W PALMER ST units=missing description=SELF CERTIFICATION, ERECT NEW 2 STORY FRAME SINGLE FAMILY BUILDING WITH BASEMENT WITH STAIR ENCLOSURE TYPE 4A CONSTRUCTION, NEW 2 CAR DETACHED FRAME GARAGE 21'-6"" X 20' AND SITE WORK AS PER PLANS. || permit_chain_100704426 [exact PIN] [2017-08-17] 2202 N CAMPBELL AVE / 2206 N CAMPBELL AVE / 2504 W PALMER ST units=missing description=SELF CERTIFICATION, ERECT NEW 2 STORY FRAME SINGLE FAMILY BUILDING WITH BASEMENT WITH STAIR ENCLOSURE TYPE 4A CONSTRUCTION WITH MECHANICAL PENTHOUSE, NEW 2 CAR DETACHED FRAME GARAGE 21'-6"" X 20' AND SITE WORK AS PER PLANS. || permit_chain_100704443 [exact PIN] [2017-07-22] 2202 N CAMPBELL AVE / 2206 N CAMPBELL AVE / 2504 W PALMER ST units=missing description=SELF CERTIFICATION, ERECT NEW 2 STORY FRAME SINGLE FAMILY BUILDING WITH BASEMENT WITH MECH PENTHOUSE TYPE 4A CONSTRUCTION, NEW 2 CAR DETACHED FRAME GARAGE 21'-6"" X 20' AND SITE WORK AS PER PLANS.","permit_chain_100704424 [2017-08-17] 2202 N CAMPBELL AVE / 2206 N CAMPBELL AVE / 2504 W PALMER ST units=missing description=SELF CERTIFICATION, ERECT NEW 2 STORY FRAME SINGLE FAMILY BUILDING WITH BASEMENT WITH STAIR ENCLOSURE TYPE 4A CONSTRUCTION, NEW 2 CAR DETACHED FRAME GARAGE 21'-6"" X 20' AND SITE WORK AS PER PLANS. || permit_chain_100704426 [2017-08-17] NA units=missing description=SELF CERTIFICATION, ERECT NEW 2 STORY FRAME SINGLE FAMILY BUILDING WITH BASEMENT WITH STAIR ENCLOSURE TYPE 4A CONSTRUCTION WITH MECHANICAL PENTHOUSE, NEW 2 CAR DETACHED FRAME GARAGE 21'-6"" X 20' AND SITE WORK AS PER PLANS. || permit_chain_100704443 [2017-07-22] NA units=missing description=SELF CERTIFICATION, ERECT NEW 2 STORY FRAME SINGLE FAMILY BUILDING WITH BASEMENT WITH MECH PENTHOUSE TYPE 4A CONSTRUCTION, NEW 2 CAR DETACHED FRAME GARAGE 21'-6"" X 20' AND SITE WORK AS PER PLANS.",,,,,,,,,,TRUE,TRUE,FALSE,FALSE,3_placebo_scope_threshold,construction_year_parcel_polygon,2,0,0,0/1891,3,3,2946,2348.375000336324,city_building_272405 address=2206 2206 N CAMPBELL AVE; year=1891; units=3; building_sqft=2946; overlap=1 || city_building_272769 address=0 0; year=0; units=0; building_sqft=0; overlap=1,0,0,,,,2206 N CAMPBELL AVE,1,2206 N CAMPBELL AVE,FALSE,TRUE,FALSE,FALSE,FALSE,FALSE,TRUE,FALSE,TRUE,FALSE,candidate_sum_supported,3,7640,6_placebo_scope_multifamily_threshold,episode_030,partial_successor_reproduction,FALSE,residential_multicard_13362160310000,residential_13362160360000/residential_13362160380000,3,7640,2,5744,5884,0.6666666666666666,0.7518324607329843,2,2,5744,5884,residential_13362160360000/residential_13362160380000,noncondo_13362160380000 [2206 N CAMPBELL AVE] year=2018 units=1 sqft=2859 land=2940 project=residential_13362160380000 || noncondo_13362160360000 [2504 W PALMER ST] year=2018 units=1 sqft=2885 land=2944 project=residential_13362160360000,,,,,,,manual_episode_review,,,TRUE,retain,3,7640,contemporaneous_card_inventory,manual_review_complete,cards=3; card_units=3; card_building_sqft=7640; permit_addresses=2202 N CAMPBELL AVE / 2206 N CAMPBELL AVE / 2504 W PALMER ST,,,,,,retain,3,7640,retain_card_inventory,high,Three construction-year cards contain three units. Two later rows reproduce individual cards; the unmatched third card remains in the parent inventory.,,,,,2017,existing_adjudicated_year,retain_card_inventory,suppress_matched_successors,high,Three construction-year cards contain three units. Two later rows reproduce individual cards; the unmatched third card remains in the parent inventory.,,,
residential_multicard_14074070260000,2006,FALSE,TRUE,526.8315529068528,40_47,1,1775,4350,0.40804597701149425,10.013793103448275,14074070260000,residential_multicard_14074070260000,14074070260000,residential_14074070260000,residential_multicard_14074070260000,2,1/2,295,1,TRUE,2,3550,1,1775,TRUE,TRUE,2008,2026,2,2,19,0,0,2,0,2,2,0,1806 W WINNEMAC AVE / 5044 N RAVENSWOOD AVE,,,,0,0,FALSE,FALSE,,,"permit_chain_100151051 [project polygon] [2006-12-06] 1806 W WINNEMAC AVE / 5044 N RAVENSWOOD AVE units=missing description=NEW CONSTRUCTION SINGLE FAMILY RESIDENCE WITH GARAGE AND FENCE. CONDITIONAL PERMIT SUBJECT TO FIELD INSPECTION. || REVISION TO EXIST. PERMIT NO. 100151051 SCOPE OF WORK: FRONT YARD CHANGE FROM 20'-0"" TO 25'-0"". CHANGE GENERAL CONTRACTOR. || permit_chain_100151080 [project polygon] [2006-12-04] 1806 W WINNEMAC AVE / 5044 N RAVENSWOOD AVE units=missing description=NEW CONSTRUCTION SINGLE FAMILY RESIDENCE WITH 2 CAR FRAME GARAGE AND FENCE. CONDITIONAL PERMIT SUBJECT TO FIELD INSPECTION. || REVISION TO EXIST. PERMIT NO. 100151080 SCOPE OF WORK: FRONT YARD CHANGE FROM 20'-0"" TO 25'-0"" CHANGE GENERAL CONTRACTOR.",[]  units= description=,5033 N RAVENSWOOD AVE A/B,1,,,,,,,,TRUE,TRUE,FALSE,FALSE,3_placebo_scope_threshold,construction_year_parcel_polygon,10,5,0,2008/2009/2010,1,5,,11920.833490449935,city_building_889186 address=5044 5044 N RAVENSWOOD AVE; year=2008; units=1; building_sqft=0; overlap=1 || city_building_889189 address=5033 5033 N RAVENSWOOD AVE; year=2008; units=1; building_sqft=0; overlap=1 || city_building_889188 address=5038 5038 N RAVENSWOOD AVE; year=2008; units=1; building_sqft=0; overlap=1 || city_building_889190 address=1806 1806 W WINNEMAC AVE; year=2008; units=1; building_sqft=0; overlap=1 || city_building_889187 address=5040 5040 N RAVENSWOOD AVE; year=2008; units=1; building_sqft=0; overlap=1 || city_building_889181 address=0 0; year=2009; units=0; building_sqft=0; overlap=1 || city_building_889184 address=0 0; year=2010; units=0; building_sqft=0; overlap=1 || city_building_889183 address=0 0; year=2009; units=0; building_sqft=0; overlap=1 || city_building_889182 address=0 0; year=2009; units=0; building_sqft=0; overlap=1 || city_building_889185 address=0 0; year=2009; units=0; building_sqft=0; overlap=1,5,5,2008,9032.331868498704,cook_2008_407575 address=5044 5044 N RAVENSWOOD AVE; year=2008; overlap=1 || cook_2008_820414 address=5033 5033 N RAVENSWOOD AVE; year=2008; overlap=1 || cook_2008_460406 address=5038 5038 N RAVENSWOOD AVE; year=2008; overlap=1 || cook_2008_407577 address=1806 1806 W WINNEMAC AVE; year=2008; overlap=1 || cook_2008_407576 address=5040 5040 N RAVENSWOOD AVE; year=2008; overlap=1,,,5033 N RAVENSWOOD AVE A/B,FALSE,FALSE,FALSE,FALSE,FALSE,FALSE,FALSE,FALSE,FALSE,FALSE,manual_review_required,,,6_placebo_scope_multifamily_threshold,episode_103,manual_shared_parent_component,FALSE,,residential_multicard_14074070250000/residential_multicard_14074070290000,0,0,4,7100,8803,,,5,9,17354,21865,residential_multicard_14074070250000/residential_multicard_14074070260000/residential_multicard_14074070270000/residential_multicard_14074070280000/residential_multicard_14074070290000,noncondo_14074070260000 [5033 N RAVENSWOOD AVE A/B] year=2006 units=2 sqft=3550 land=4350 project=residential_multicard_14074070260000 || noncondo_14074070270000 [5038 N RAVENSWOOD AVE A/B] year=2006 units=2 sqft=3550 land=4354 project=residential_multicard_14074070270000 || noncondo_14074070250000 [1806 W WINNEMAC AVE A/B] year=2007 units=2 sqft=3550 land=4392 project=residential_multicard_14074070250000 || noncondo_14074070290000 [5044 N RAVENSWOOD AVE A/B] year=2007 units=2 sqft=3550 land=4411 project=residential_multicard_14074070290000 || noncondo_14074070280000 [5040 N RAVENSWOOD AVE] year=2008 units=1 sqft=3154 land=4358 project=residential_multicard_14074070280000,,,,,,,manual_episode_review,,,TRUE,retain,2,3550,contemporaneous_card_inventory,manual_review_complete,cards=2; card_units=2; card_building_sqft=3550; permit_addresses=1806 W WINNEMAC AVE / 5044 N RAVENSWOOD AVE,retain,1,1775,high,"The parcel is one of five separately permitted single-family houses along Ravenswood/Winnemac. Its two identical 1,775-square-foot assessor cards describe the same house.",retain,1,1775,retain_manual_override,high,"This parcel is one of five separately permitted Ravenswood houses. Its two identical cards describe one house, as recorded in the manual value override.",,,,,2006,existing_adjudicated_year,retain_manual_override,none,high,"This parcel is one of five separately permitted Ravenswood houses. Its two identical cards describe one house, as recorded in the manual value override.",,,
residential_multicard_14074070270000,2006,FALSE,TRUE,502.7381266201231,40_47,1,1775,4354,0.40767110702802023,10.004593477262288,14074070270000,residential_multicard_14074070270000,14074070270000,residential_14074070270000,residential_multicard_14074070270000,2,1/2,295,1,TRUE,2,3550,1,1775,TRUE,TRUE,2008,2026,2,2,19,0,0,2,0,2,2,0,1806 W WINNEMAC AVE / 5044 N RAVENSWOOD AVE,,,,0,0,FALSE,FALSE,,,"permit_chain_100151051 [project polygon] [2006-12-06] 1806 W WINNEMAC AVE / 5044 N RAVENSWOOD AVE units=missing description=NEW CONSTRUCTION SINGLE FAMILY RESIDENCE WITH GARAGE AND FENCE. CONDITIONAL PERMIT SUBJECT TO FIELD INSPECTION. || REVISION TO EXIST. PERMIT NO. 100151051 SCOPE OF WORK: FRONT YARD CHANGE FROM 20'-0"" TO 25'-0"". CHANGE GENERAL CONTRACTOR. || permit_chain_100151080 [project polygon] [2006-12-04] 1806 W WINNEMAC AVE / 5044 N RAVENSWOOD AVE units=missing description=NEW CONSTRUCTION SINGLE FAMILY RESIDENCE WITH 2 CAR FRAME GARAGE AND FENCE. CONDITIONAL PERMIT SUBJECT TO FIELD INSPECTION. || REVISION TO EXIST. PERMIT NO. 100151080 SCOPE OF WORK: FRONT YARD CHANGE FROM 20'-0"" TO 25'-0"" CHANGE GENERAL CONTRACTOR.",[]  units= description=,5038 N RAVENSWOOD AVE A/B,1,,,,,,,,TRUE,TRUE,FALSE,FALSE,3_placebo_scope_threshold,construction_year_parcel_polygon,10,5,0,2008/2009/2010,1,5,,11920.833490449935,city_building_889186 address=5044 5044 N RAVENSWOOD AVE; year=2008; units=1; building_sqft=0; overlap=1 || city_building_889189 address=5033 5033 N RAVENSWOOD AVE; year=2008; units=1; building_sqft=0; overlap=1 || city_building_889188 address=5038 5038 N RAVENSWOOD AVE; year=2008; units=1; building_sqft=0; overlap=1 || city_building_889190 address=1806 1806 W WINNEMAC AVE; year=2008; units=1; building_sqft=0; overlap=1 || city_building_889187 address=5040 5040 N RAVENSWOOD AVE; year=2008; units=1; building_sqft=0; overlap=1 || city_building_889181 address=0 0; year=2009; units=0; building_sqft=0; overlap=1 || city_building_889184 address=0 0; year=2010; units=0; building_sqft=0; overlap=1 || city_building_889183 address=0 0; year=2009; units=0; building_sqft=0; overlap=1 || city_building_889182 address=0 0; year=2009; units=0; building_sqft=0; overlap=1 || city_building_889185 address=0 0; year=2009; units=0; building_sqft=0; overlap=1,5,5,2008,9032.331868498704,cook_2008_407575 address=5044 5044 N RAVENSWOOD AVE; year=2008; overlap=1 || cook_2008_820414 address=5033 5033 N RAVENSWOOD AVE; year=2008; overlap=1 || cook_2008_460406 address=5038 5038 N RAVENSWOOD AVE; year=2008; overlap=1 || cook_2008_407577 address=1806 1806 W WINNEMAC AVE; year=2008; overlap=1 || cook_2008_407576 address=5040 5040 N RAVENSWOOD AVE; year=2008; overlap=1,,,5038 N RAVENSWOOD AVE A/B,FALSE,FALSE,FALSE,FALSE,FALSE,FALSE,FALSE,FALSE,FALSE,FALSE,manual_review_required,,,6_placebo_scope_multifamily_threshold,episode_103,manual_shared_parent_component,FALSE,,residential_multicard_14074070250000/residential_multicard_14074070290000,0,0,4,7100,8803,,,5,9,17354,21865,residential_multicard_14074070250000/residential_multicard_14074070260000/residential_multicard_14074070270000/residential_multicard_14074070280000/residential_multicard_14074070290000,noncondo_14074070260000 [5033 N RAVENSWOOD AVE A/B] year=2006 units=2 sqft=3550 land=4350 project=residential_multicard_14074070260000 || noncondo_14074070270000 [5038 N RAVENSWOOD AVE A/B] year=2006 units=2 sqft=3550 land=4354 project=residential_multicard_14074070270000 || noncondo_14074070250000 [1806 W WINNEMAC AVE A/B] year=2007 units=2 sqft=3550 land=4392 project=residential_multicard_14074070250000 || noncondo_14074070290000 [5044 N RAVENSWOOD AVE A/B] year=2007 units=2 sqft=3550 land=4411 project=residential_multicard_14074070290000 || noncondo_14074070280000 [5040 N RAVENSWOOD AVE] year=2008 units=1 sqft=3154 land=4358 project=residential_multicard_14074070280000,,,,,,,manual_episode_review,,,TRUE,retain,2,3550,contemporaneous_card_inventory,manual_review_complete,cards=2; card_units=2; card_building_sqft=3550; permit_addresses=1806 W WINNEMAC AVE / 5044 N RAVENSWOOD AVE,retain,1,1775,high,"The parcel is one of five separately permitted single-family houses along Ravenswood/Winnemac. Its two identical 1,775-square-foot assessor cards describe the same house.",retain,1,1775,retain_manual_override,high,"This parcel is one of five separately permitted Ravenswood houses. Its two identical cards describe one house, as recorded in the manual value override.",,,,,2006,existing_adjudicated_year,retain_manual_override,none,high,"This parcel is one of five separately permitted Ravenswood houses. Its two identical cards describe one house, as recorded in the manual value override.",,,
residential_multicard_16133080040000,2006,FALSE,TRUE,565.3431676155648,24_28,1,1476,3428,0.4305717619603267,12.707117852975497,16133080040000,residential_multicard_16133080040000,16133080040000,residential_16133080040000,residential_multicard_16133080040000,2,1/2,295,1,TRUE,2,2952,1,1476,TRUE,TRUE,2000,2010,2,2,3,0,1,0,0,0,,,,,,,0,0,,,,,,,,,,,,,,,,TRUE,TRUE,FALSE,FALSE,3_placebo_scope_threshold,construction_year_parcel_polygon,0,0,,,,,,,,0,0,,,,741 S KEDZIE AVE,1,741 S KEDZIE AVE,FALSE,FALSE,FALSE,FALSE,FALSE,FALSE,FALSE,FALSE,FALSE,FALSE,manual_review_required,,,6_placebo_scope_multifamily_threshold,episode_040,partial_successor_reproduction,FALSE,residential_multicard_16133080040000,residential_16133080650000,2,2952,1,1435,1217,0.5,0.4861111111111111,1,1,1435,1217,residential_16133080650000,noncondo_16133080650000 [3149 W LEXINGTON ST 5] year=2006 units=1 sqft=1435 land=1217 project=residential_16133080650000,,,,,,,manual_episode_review,,,TRUE,retain,2,2952,contemporaneous_card_inventory,manual_review_complete,cards=2; card_units=2; card_building_sqft=2952; permit_addresses=none,,,,,,retain,2,2952,retain_card_inventory,high,Two construction-year cards contain two units. One later row reproduces one card; the second card remains represented by the parent inventory.,,,,,2006,existing_adjudicated_year,retain_card_inventory,suppress_matched_successors,high,Two construction-year cards contain two units. One later row reproduces one card; the second card remains represented by the parent inventory.,,,
residential_multicard_16134250010000,2007,FALSE,TRUE,1002.0968766822792,2_28,1,2227,293410,0.00759006168842234,0.14846119764152552,16134250010000,residential_multicard_16134250010000,16134250010000,residential_16134250010000,residential_multicard_16134250010000,17,1/2/3/4/5/6/7/8/9/10/11/12/13/14/15/16/17,207/278,2,FALSE,17,35420,1,1956/2227,TRUE,TRUE,2008,2008,17,17,1,0,0,17,0,17,17,0,2543 W GRENSHAW ST / 2541 W GRENSHAW ST / 2539 W GRENSHAW ST / 2537 W GRENSHAW ST / 2533 W GRENSHAW ST / 2511 W GRENSHAW ST / 2509 W GRENSHAW ST / 2547 W GRENSHAW ST / 2531 W GRENSHAW ST / 2529 W GRENSHAW ST / 2527 W GRENSHAW ST / 2523 W GRENSHAW ST / 2521 W GRENSHAW ST / 2519 W GRENSHAW ST / 2517 W GRENSHAW ST / 2515 W GRENSHAW ST / 2507 W GRENSHAW ST,,,,0,0,FALSE,FALSE,,,"permit_chain_100173182 [project polygon] [2007-04-19] 2543 W GRENSHAW ST / 2541 W GRENSHAW ST / 2539 W GRENSHAW ST / 2537 W GRENSHAW ST / 2533 W GRENSHAW ST / 2511 W GRENSHAW ST / 2509 W GRENSHAW ST / 2547 W GRENSHAW ST / 2531 W GRENSHAW ST / 2529 W GRENSHAW ST / 2527 W GRENSHAW ST / 2523 W GRENSHAW ST / 2521 W GRENSHAW ST / 2519 W GRENSHAW ST / 2517 W GRENSHAW ST / 2515 W GRENSHAW ST / 2507 W GRENSHAW ST units=missing description=NEW SFR WITH BASEMENT AND DETACHED GARAGE.  VISITABLE.  LOT 11. || permit_chain_100173183 [project polygon] [2007-04-19] 2543 W GRENSHAW ST / 2541 W GRENSHAW ST / 2539 W GRENSHAW ST / 2537 W GRENSHAW ST / 2533 W GRENSHAW ST / 2511 W GRENSHAW ST / 2509 W GRENSHAW ST / 2547 W GRENSHAW ST / 2531 W GRENSHAW ST / 2529 W GRENSHAW ST / 2527 W GRENSHAW ST / 2523 W GRENSHAW ST / 2521 W GRENSHAW ST / 2519 W GRENSHAW ST / 2517 W GRENSHAW ST / 2515 W GRENSHAW ST / 2507 W GRENSHAW ST units=missing description=NEW SINGLE FAMILY RESIDENCE WITH BASEMENT AND DETACHED GARAGE.  LOT 12. || permit_chain_100173184 [project polygon] [2007-04-19] 2543 W GRENSHAW ST / 2541 W GRENSHAW ST / 2539 W GRENSHAW ST / 2537 W GRENSHAW ST / 2533 W GRENSHAW ST / 2511 W GRENSHAW ST / 2509 W GRENSHAW ST / 2547 W GRENSHAW ST / 2531 W GRENSHAW ST / 2529 W GRENSHAW ST / 2527 W GRENSHAW ST / 2523 W GRENSHAW ST / 2521 W GRENSHAW ST / 2519 W GRENSHAW ST / 2517 W GRENSHAW ST / 2515 W GRENSHAW ST / 2507 W GRENSHAW ST units=missing description=NEW SINGLE FAMILY RESIDENCE WITH BASEMENT AND DETACHED GARAGE.  LOT 13. || permit_chain_100173185 [project polygon] [2007-04-19] 2543 W GRENSHAW ST / 2541 W GRENSHAW ST / 2539 W GRENSHAW ST / 2537 W GRENSHAW ST / 2533 W GRENSHAW ST / 2511 W GRENSHAW ST / 2509 W GRENSHAW ST / 2547 W GRENSHAW ST / 2531 W GRENSHAW ST / 2529 W GRENSHAW ST / 2527 W GRENSHAW ST / 2523 W GRENSHAW ST / 2521 W GRENSHAW ST / 2519 W GRENSHAW ST / 2517 W GRENSHAW ST / 2515 W GRENSHAW ST / 2507 W GRENSHAW ST units=missing description=NEW SINGLE FAMILY RESIDENCE WITH BASEMENT AND DETACHED GARAGE.  LOT 14. || permit_chain_100173186 [project polygon] [2007-04-19] 2543 W GRENSHAW ST / 2541 W GRENSHAW ST / 2539 W GRENSHAW ST / 2537 W GRENSHAW ST / 2533 W GRENSHAW ST / 2511 W GRENSHAW ST / 2509 W GRENSHAW ST / 2547 W GRENSHAW ST / 2531 W GRENSHAW ST / 2529 W GRENSHAW ST / 2527 W GRENSHAW ST / 2523 W GRENSHAW ST / 2521 W GRENSHAW ST / 2519 W GRENSHAW ST / 2517 W GRENSHAW ST / 2515 W GRENSHAW ST / 2507 W GRENSHAW ST units=missing description=NEW SINGLE FAMILY RESIDENCE WITH BASEMENT AND DETACHED GARAGE.  LOT 15. VISITABLE. || permit_chain_100173187 [project polygon] [2007-04-19] 2543 W GRENSHAW ST / 2541 W GRENSHAW ST / 2539 W GRENSHAW ST / 2537 W GRENSHAW ST / 2533 W GRENSHAW ST / 2511 W GRENSHAW ST / 2509 W GRENSHAW ST / 2547 W GRENSHAW ST / 2531 W GRENSHAW ST / 2529 W GRENSHAW ST / 2527 W GRENSHAW ST / 2523 W GRENSHAW ST / 2521 W GRENSHAW ST / 2519 W GRENSHAW ST / 2517 W GRENSHAW ST / 2515 W GRENSHAW ST / 2507 W GRENSHAW ST units=missing description=NEW SINGLE FAMILY RESIDENCE WITH BASEMENT AND DETACHED GARAGE. LOT 24. VISITABLE. || permit_chain_100173188 [project polygon] [2007-04-19] 2543 W GRENSHAW ST / 2541 W GRENSHAW ST / 2539 W GRENSHAW ST / 2537 W GRENSHAW ST / 2533 W GRENSHAW ST / 2511 W GRENSHAW ST / 2509 W GRENSHAW ST / 2547 W GRENSHAW ST / 2531 W GRENSHAW ST / 2529 W GRENSHAW ST / 2527 W GRENSHAW ST / 2523 W GRENSHAW ST / 2521 W GRENSHAW ST / 2519 W GRENSHAW ST / 2517 W GRENSHAW ST / 2515 W GRENSHAW ST / 2507 W GRENSHAW ST units=missing description=NEW SINGLE FAMILY RESIDENCE WITH BASEMENT AND DETACHED GARAGE.  LOT 25. || permit_chain_100173920 [project polygon] [2007-04-19] 2543 W GRENSHAW ST / 2541 W GRENSHAW ST / 2539 W GRENSHAW ST / 2537 W GRENSHAW ST / 2533 W GRENSHAW ST / 2511 W GRENSHAW ST / 2509 W GRENSHAW ST / 2547 W GRENSHAW ST / 2531 W GRENSHAW ST / 2529 W GRENSHAW ST / 2527 W GRENSHAW ST / 2523 W GRENSHAW ST / 2521 W GRENSHAW ST / 2519 W GRENSHAW ST / 2517 W GRENSHAW ST / 2515 W GRENSHAW ST / 2507 W GRENSHAW ST units=missing description=NEW SINGLE FAMILY RESIDENCE WITH BASEMENT AND DETACHED GARAGE.  LOT 10. || permit_chain_100211467 [project polygon] [2007-11-12] 2543 W GRENSHAW ST / 2541 W GRENSHAW ST / 2539 W GRENSHAW ST / 2537 W GRENSHAW ST / 2533 W GRENSHAW ST / 2511 W GRENSHAW ST / 2509 W GRENSHAW ST / 2547 W GRENSHAW ST / 2531 W GRENSHAW ST / 2529 W GRENSHAW ST / 2527 W GRENSHAW ST / 2523 W GRENSHAW ST / 2521 W GRENSHAW ST / 2519 W GRENSHAW ST / 2517 W GRENSHAW ST / 2515 W GRENSHAW ST / 2507 W GRENSHAW ST units=missing description=ERECT A SINGLE FAMILY HOME PER PLANS.  TYPE IV-A CONSTRUCTION, 2 STORY WITH BASEMENT AND DETACHED GARAGE.  LOT 16. || permit_chain_100211478 [project polygon] [2007-11-12] 2543 W GRENSHAW ST / 2541 W GRENSHAW ST / 2539 W GRENSHAW ST / 2537 W GRENSHAW ST / 2533 W GRENSHAW ST / 2511 W GRENSHAW ST / 2509 W GRENSHAW ST / 2547 W GRENSHAW ST / 2531 W GRENSHAW ST / 2529 W GRENSHAW ST / 2527 W GRENSHAW ST / 2523 W GRENSHAW ST / 2521 W GRENSHAW ST / 2519 W GRENSHAW ST / 2517 W GRENSHAW ST / 2515 W GRENSHAW ST / 2507 W GRENSHAW ST units=missing description=ERECT A SINGLE FAMILY HOME PER PLANS.  TYPE IV-A CONSTRUCTION, 2 STORY WITH BASEMENT AND DETACHED GARAGE.  LOT 17.  VISITABLE. || permit_chain_100211479 [project polygon] [2007-11-12] 2543 W GRENSHAW ST / 2541 W GRENSHAW ST / 2539 W GRENSHAW ST / 2537 W GRENSHAW ST / 2533 W GRENSHAW ST / 2511 W GRENSHAW ST / 2509 W GRENSHAW ST / 2547 W GRENSHAW ST / 2531 W GRENSHAW ST / 2529 W GRENSHAW ST / 2527 W GRENSHAW ST / 2523 W GRENSHAW ST / 2521 W GRENSHAW ST / 2519 W GRENSHAW ST / 2517 W GRENSHAW ST / 2515 W GRENSHAW ST / 2507 W GRENSHAW ST units=missing description=ERECT A SINGLE FAMILY HOME PER PLANS.  TYPE IV-A CONSTRUCTION, 2 STORY WITH BASEMENT AND DETACHED GARAGE.  LOT 18. || permit_chain_100211480 [project polygon] [2007-11-12] 2543 W GRENSHAW ST / 2541 W GRENSHAW ST / 2539 W GRENSHAW ST / 2537 W GRENSHAW ST / 2533 W GRENSHAW ST / 2511 W GRENSHAW ST / 2509 W GRENSHAW ST / 2547 W GRENSHAW ST / 2531 W GRENSHAW ST / 2529 W GRENSHAW ST / 2527 W GRENSHAW ST / 2523 W GRENSHAW ST / 2521 W GRENSHAW ST / 2519 W GRENSHAW ST / 2517 W GRENSHAW ST / 2515 W GRENSHAW ST / 2507 W GRENSHAW ST units=missing description=ERECT A SINGLE FAMILY HOME PER PLANS.  TYPE IV-A CONSTRUCTION, 2 STORY WITH BASEMENT AND DETACHED GARAGE.  LOT 19. || permit_chain_100211481 [project polygon] [2007-11-12] 2543 W GRENSHAW ST / 2541 W GRENSHAW ST / 2539 W GRENSHAW ST / 2537 W GRENSHAW ST / 2533 W GRENSHAW ST / 2511 W GRENSHAW ST / 2509 W GRENSHAW ST / 2547 W GRENSHAW ST / 2531 W GRENSHAW ST / 2529 W GRENSHAW ST / 2527 W GRENSHAW ST / 2523 W GRENSHAW ST / 2521 W GRENSHAW ST / 2519 W GRENSHAW ST / 2517 W GRENSHAW ST / 2515 W GRENSHAW ST / 2507 W GRENSHAW ST units=missing description=ERECT A SINGLE FAMILY HOME PER PLANS.  TYPE IV-A CONSTRUCTION, 2 STORY WITH BASEMENT AND DETACHED GARAGE.  LOT 20. || permit_chain_100211482 [project polygon] [2007-11-12] 2543 W GRENSHAW ST / 2541 W GRENSHAW ST / 2539 W GRENSHAW ST / 2537 W GRENSHAW ST / 2533 W GRENSHAW ST / 2511 W GRENSHAW ST / 2509 W GRENSHAW ST / 2547 W GRENSHAW ST / 2531 W GRENSHAW ST / 2529 W GRENSHAW ST / 2527 W GRENSHAW ST / 2523 W GRENSHAW ST / 2521 W GRENSHAW ST / 2519 W GRENSHAW ST / 2517 W GRENSHAW ST / 2515 W GRENSHAW ST / 2507 W GRENSHAW ST units=missing description=ERECT A SINGLE FAMILY HOME PER PLANS.  TYPE IV-A CONSTRUCTION, 2 STORY WITH BASEMENT AND DETACHED GARAGE.  LOT 21.  VISITABLE. || permit_chain_100211483 [project polygon] [2007-11-12] 2543 W GRENSHAW ST / 2541 W GRENSHAW ST / 2539 W GRENSHAW ST / 2537 W GRENSHAW ST / 2533 W GRENSHAW ST / 2511 W GRENSHAW ST / 2509 W GRENSHAW ST / 2547 W GRENSHAW ST / 2531 W GRENSHAW ST / 2529 W GRENSHAW ST / 2527 W GRENSHAW ST / 2523 W GRENSHAW ST / 2521 W GRENSHAW ST / 2519 W GRENSHAW ST / 2517 W GRENSHAW ST / 2515 W GRENSHAW ST / 2507 W GRENSHAW ST units=missing description=ERECT A SINGLE FAMILY HOME PER PLANS.  TYPE IV-A CONSTRUCTION, 2 STORY WITH BASEMENT AND DETACHED GARAGE.  LOT 22.  VISITABLE. || permit_chain_100211484 [project polygon] [2007-11-12] 2543 W GRENSHAW ST / 2541 W GRENSHAW ST / 2539 W GRENSHAW ST / 2537 W GRENSHAW ST / 2533 W GRENSHAW ST / 2511 W GRENSHAW ST / 2509 W GRENSHAW ST / 2547 W GRENSHAW ST / 2531 W GRENSHAW ST / 2529 W GRENSHAW ST / 2527 W GRENSHAW ST / 2523 W GRENSHAW ST / 2521 W GRENSHAW ST / 2519 W GRENSHAW ST / 2517 W GRENSHAW ST / 2515 W GRENSHAW ST / 2507 W GRENSHAW ST units=missing description=ERECT A SINGLE FAMILY HOME PER PLANS.  TYPE IV-A CONSTRUCTION, 2 STORY WITH BASEMENT AND DETACHED GARAGE.  LOT 23. || permit_chain_100211485 [project polygon] [2007-11-12] 2543 W GRENSHAW ST / 2541 W GRENSHAW ST / 2539 W GRENSHAW ST / 2537 W GRENSHAW ST / 2533 W GRENSHAW ST / 2511 W GRENSHAW ST / 2509 W GRENSHAW ST / 2547 W GRENSHAW ST / 2531 W GRENSHAW ST / 2529 W GRENSHAW ST / 2527 W GRENSHAW ST / 2523 W GRENSHAW ST / 2521 W GRENSHAW ST / 2519 W GRENSHAW ST / 2517 W GRENSHAW ST / 2515 W GRENSHAW ST / 2507 W GRENSHAW ST units=missing description=ERECT A SINGLE FAMILY HOME PER PLANS.  TYPE IV-A CONSTRUCTION, 2 STORY WITH BASEMENT AND DETACHED GARAGE.  LOT 26.  VISITABLE.",[]  units= description=,,,,,,,,,,TRUE,TRUE,FALSE,FALSE,3_placebo_scope_threshold,construction_year_parcel_polygon,35,13,0,0/2008,1/6,23,,34841.68732269475,city_building_888238 address=2501 2501 W GRENSHAW ST; year=2008; units=6; building_sqft=0; overlap=1 || city_building_888232 address=2517 2517 W GRENSHAW ST; year=2008; units=1; building_sqft=0; overlap=1 || city_building_888226 address=2531 2531 W GRENSHAW ST; year=2008; units=1; building_sqft=0; overlap=1 || city_building_888227 address=2529 2529 W GRENSHAW ST; year=2008; units=1; building_sqft=0; overlap=1 || city_building_888236 address=2507 2507 W GRENSHAW ST; year=2008; units=1; building_sqft=0; overlap=1 || city_building_888235 address=2509 2509 W GRENSHAW ST; year=2008; units=1; building_sqft=0; overlap=1 || city_building_888222 address=2541 2541 W GRENSHAW ST; year=0; units=1; building_sqft=0; overlap=1 || city_building_888224 address=2539 2539 W GRENSHAW ST; year=0; units=1; building_sqft=0; overlap=1 || city_building_888233 address=2515 2515 W GRENSHAW ST; year=2008; units=1; building_sqft=0; overlap=1 || city_building_888225 address=2533 2533 W GRENSHAW ST; year=2008; units=1; building_sqft=0; overlap=1 || city_building_888223 address=2537 2537 W GRENSHAW ST; year=0; units=1; building_sqft=0; overlap=1 || city_building_888221 address=2543 2543 W GRENSHAW ST; year=0; units=1; building_sqft=0; overlap=1 || city_building_888230 address=2521 2521 W GRENSHAW ST; year=2008; units=1; building_sqft=0; overlap=1 || city_building_888231 address=2519 2519 W GRENSHAW ST; year=2008; units=1; building_sqft=0; overlap=1 || city_building_888228 address=2527 2527 W GRENSHAW ST; year=2008; units=1; building_sqft=0; overlap=1 || city_building_888229 address=2523 2523 W GRENSHAW ST; year=2008; units=1; building_sqft=0; overlap=1 || city_building_888234 address=2511 2511 W GRENSHAW ST; year=2008; units=1; building_sqft=0; overlap=1 || city_building_888220 address=2547 2547 W GRENSHAW ST; year=0; units=1; building_sqft=0; overlap=1 || city_building_888247 address=0 0; year=0; units=0; building_sqft=0; overlap=1 || city_building_888244 address=0 0; year=0; units=0; building_sqft=0; overlap=1 || city_building_888246 address=0 0; year=0; units=0; building_sqft=0; overlap=1 || city_building_888243 address=0 0; year=0; units=0; building_sqft=0; overlap=1 || city_building_888245 address=0 0; year=0; units=0; building_sqft=0; overlap=1 || city_building_888248 address=0 0; year=0; units=0; building_sqft=0; overlap=0.975 || city_building_888251 address=0 0; year=0; units=0; building_sqft=0; overlap=0.887 || city_building_888242 address=0 0; year=0; units=0; building_sqft=0; overlap=1 || city_building_888256 address=0 0; year=0; units=0; building_sqft=0; overlap=0.891 || city_building_888250 address=0 0; year=0; units=0; building_sqft=0; overlap=0.882 || city_building_888254 address=0 0; year=0; units=0; building_sqft=0; overlap=0.885 || city_building_888252 address=0 0; year=0; units=0; building_sqft=0; overlap=0.884 || city_building_888249 address=0 0; year=0; units=0; building_sqft=0; overlap=0.88 || city_building_888253 address=0 0; year=0; units=0; building_sqft=0; overlap=0.889 || city_building_888255 address=0 0; year=0; units=0; building_sqft=0; overlap=0.89 || city_building_888259 address=0 0; year=0; units=0; building_sqft=0; overlap=0.926 || city_building_888258 address=0 0; year=0; units=0; building_sqft=0; overlap=0.934,13,13,2008,19569.493524133926,cook_2008_408378 address=2501 2501 W GRENSHAW ST; year=2008; overlap=1 || cook_2008_397270 address=2517 2517 W GRENSHAW ST; year=2008; overlap=1 || cook_2008_460168 address=2531 2531 W GRENSHAW ST; year=2008; overlap=1 || cook_2008_408026 address=2529 2529 W GRENSHAW ST; year=2008; overlap=1 || cook_2008_407841 address=2507 2507 W GRENSHAW ST; year=2008; overlap=1 || cook_2008_768712 address=2509 2509 W GRENSHAW ST; year=2008; overlap=1 || cook_2008_404290 address=2515 2515 W GRENSHAW ST; year=2008; overlap=1 || cook_2008_408009 address=2533 2533 W GRENSHAW ST; year=2008; overlap=1 || cook_2008_563003 address=2521 2521 W GRENSHAW ST; year=2008; overlap=1 || cook_2008_407624 address=2519 2519 W GRENSHAW ST; year=2008; overlap=1 || cook_2008_407523 address=2527 2527 W GRENSHAW ST; year=2008; overlap=1 || cook_2008_406982 address=2523 2523 W GRENSHAW ST; year=2008; overlap=1 || cook_2008_665983 address=2511 2511 W GRENSHAW ST; year=2008; overlap=1,2530 W ROOSEVELT RD,1,2530 W ROOSEVELT RD,FALSE,FALSE,FALSE,FALSE,FALSE,FALSE,FALSE,FALSE,FALSE,FALSE,manual_review_required,,,6_placebo_scope_multifamily_threshold,episode_042,partial_successor_reproduction,FALSE,residential_multicard_16134250010000,residential_16134290090000/residential_16134290130000/residential_16134290140000/residential_16134290180000,17,35420,4,8300,11500,0.2352941176470588,0.23433088650479955,18,23,44208,55067,residential_16134290090000/residential_16134290130000/residential_16134290140000/residential_16134290170000/residential_16134290180000,noncondo_16134290140000 [2517 W GRENSHAW ST] year=2007 units=1 sqft=2068 land=2875 project=residential_16134290140000 || condo_1613429029 [2501 W GRENSHAW ST 1E / 2501 W GRENSHAW ST 1W / 2501 W GRENSHAW ST 2E / 2501 W GRENSHAW ST 2W / 2501 W GRENSHAW ST 3E / 2501 W GRENSHAW ST 3W] year=2008 units=6 sqft=8940 land=6190 project=NA || noncondo_16134290180000 [2507 W GRENSHAW ST] year=2008 units=1 sqft=2068 land=2875 project=residential_16134290180000 || noncondo_16134290130000 [2519 W GRENSHAW ST] year=2006 units=1 sqft=2082 land=2875 project=residential_16134290130000 || noncondo_16134290090000 [2529 W GRENSHAW ST] year=2006 units=1 sqft=2082 land=2875 project=residential_16134290090000 || noncondo_16134290170000 [2509 W GRENSHAW ST] year=2009 units=1 sqft=2082 land=2875 project=residential_16134290170000 || noncondo_16134290160000 [2511 W GRENSHAW ST] year=2005 units=1 sqft=2068 land=2875 project=NA || noncondo_16134290150000 [2515 W GRENSHAW ST] year=2005 units=1 sqft=2082 land=2875 project=NA || noncondo_16134290120000 [2521 W GRENSHAW ST] year=2005 units=1 sqft=2068 land=2876 project=NA || noncondo_16134290110000 [2523 W GRENSHAW ST] year=2005 units=1 sqft=2082 land=2876 project=NA || noncondo_16134290100000 [2527 W GRENSHAW ST] year=2005 units=1 sqft=2068 land=2875 project=NA || noncondo_16134290080000 [2531 W GRENSHAW ST] year=2005 units=1 sqft=2068 land=2875 project=NA || noncondo_16134290070000 [2533 W GRENSHAW ST] year=2005 units=1 sqft=2068 land=2875 project=NA || noncondo_16134290060000 [2537 W GRENSHAW ST] year=2005 units=1 sqft=2082 land=2875 project=NA || noncondo_16134290050000 [2539 W GRENSHAW ST] year=2005 units=1 sqft=2068 land=2875 project=NA || noncondo_16134290040000 [2541 W GRENSHAW ST] year=2005 units=1 sqft=2082 land=2875 project=NA || noncondo_16134290030000 [2543 W GRENSHAW ST] year=2005 units=1 sqft=2068 land=2875 project=NA || noncondo_16134290020000 [2547 W GRENSHAW ST] year=2005 units=1 sqft=2082 land=2875 project=NA,,,,,,,manual_episode_review,,,TRUE,retain,17,35420,contemporaneous_card_inventory,manual_review_complete,cards=17; card_units=17; card_building_sqft=35420; permit_addresses=2543 W GRENSHAW ST / 2541 W GRENSHAW ST / 2539 W GRENSHAW ST / 2537 W GRENSHAW ST / 2533 W GRENSHAW ST / 2511 W GRENSHAW ST / 2509 W GRENSHAW ST / 2547 W GRENSHAW ST / 2531 W GRENSHAW ST / 2529 W GRENSHAW ST / 2527 W GRENSHAW ST / 2523 W GRENSHAW ST / 2521 W GRENSHAW ST / 2519 W GRENSHAW ST / 2517 W GRENSHAW ST / 2515 W GRENSHAW ST / 2507 W GRENSHAW ST,,,,,,retain,17,35420,retain_card_inventory,high,Seventeen construction-year cards contain seventeen units. Five later Grenshaw rows reproduce individual cards; the remaining cards stay in the parent inventory.,,,,,2007,existing_adjudicated_year,retain_card_inventory,suppress_matched_successors,high,Seventeen construction-year cards contain seventeen units. Five later Grenshaw rows reproduce individual cards; the remaining cards stay in the parent inventory.,,,
residential_multicard_16362010090000,2006,FALSE,TRUE,926.727579781615,11_12,1,2318,107660,0.02153074493776704,0.40460709641463866,16362010090000,residential_multicard_16362010090000,16362010090000,residential_16362010090000,residential_multicard_16362010090000,43,1/2/3/4/5/6/7/8/9/10/11/12/13/14/15/16/17/18/19/20/21/22/23/24/25/26/27/28/29/30/31/32/33/34/35/36/37/38/39/40/41/42/43,295,8,FALSE,43,73666,1,1556/1590/1687/1691/1718/1808/1890/2318,TRUE,TRUE,2007,2007,43,43,1,0,0,0,0,0,,,,,,,0,0,,,,,,,,,,,,,,,,TRUE,TRUE,FALSE,FALSE,3_placebo_scope_threshold,construction_year_parcel_polygon,0,0,,,,,,,,0,0,,,,2416 W 32ND PL,1,2416 W 32ND PL,FALSE,FALSE,FALSE,FALSE,FALSE,FALSE,FALSE,FALSE,FALSE,FALSE,manual_review_required,,,6_placebo_scope_multifamily_threshold,episode_047,partial_successor_reproduction,FALSE,residential_multicard_16362010090000,residential_16362010370000/residential_16362010380000/residential_16362010400000/residential_16362010410000/residential_16362010420000/residential_16362010430000/residential_16362010440000/residential_16362010450000/residential_16362010460000/residential_16362010470000/residential_16362010480000/residential_16362010490000/residential_16362010500000/residential_16362010510000/residential_16362010520000/residential_16362010530000/residential_16362010540000/residential_16362010550000/residential_16362010560000/residential_16362010570000/residential_16362010580000/residential_16362010590000/residential_16362010600000/residential_16362010610000/residential_16362010620000/residential_16362010630000/residential_16362010640000/residential_16362010650000/residential_16362010660000/residential_16362010670000/residential_16362010680000/residential_16362010690000/residential_16362010700000/residential_16362010720000/residential_16362010730000/residential_16362010740000/residential_16362010750000/residential_16362010760000/residential_16362010770000/residential_16362010780000/residential_16362010790000/residential_16362010800000,43,73666,42,70922,27835,0.9767441860465116,0.9627507941248336,42,42,70922,27835,residential_16362010370000/residential_16362010380000/residential_16362010400000/residential_16362010410000/residential_16362010420000/residential_16362010430000/residential_16362010440000/residential_16362010450000/residential_16362010460000/residential_16362010470000/residential_16362010480000/residential_16362010490000/residential_16362010500000/residential_16362010510000/residential_16362010520000/residential_16362010530000/residential_16362010540000/residential_16362010550000/residential_16362010560000/residential_16362010570000/residential_16362010580000/residential_16362010590000/residential_16362010600000/residential_16362010610000/residential_16362010620000/residential_16362010630000/residential_16362010640000/residential_16362010650000/residential_16362010660000/residential_16362010670000/residential_16362010680000/residential_16362010690000/residential_16362010700000/residential_16362010720000/residential_16362010730000/residential_16362010740000/residential_16362010750000/residential_16362010760000/residential_16362010770000/residential_16362010780000/residential_16362010790000/residential_16362010800000,noncondo_16362010450000 [2400 W BROSS AVE] year=2007 units=1 sqft=2318 land=880 project=residential_16362010450000 || noncondo_16362010530000 [2403 W 32ND PL] year=2007 units=1 sqft=1691 land=623 project=residential_16362010530000 || noncondo_16362010620000 [2404 W 32ND PL] year=2007 units=1 sqft=1890 land=753 project=residential_16362010620000 || noncondo_16362010520000 [2404 W BROSS AVE] year=2007 units=1 sqft=1890 land=733 project=residential_16362010520000 || noncondo_16362010600000 [2405 W 32ND PL] year=2007 units=1 sqft=1590 land=585 project=residential_16362010600000 || noncondo_16362010630000 [2406 W 32ND PL] year=2007 units=1 sqft=1687 land=676 project=residential_16362010630000 || noncondo_16362010510000 [2406 W BROSS AVE] year=2007 units=1 sqft=1556 land=629 project=residential_16362010510000 || noncondo_16362010590000 [2407 W 32ND PL] year=2007 units=1 sqft=1590 land=585 project=residential_16362010590000 || noncondo_16362010680000 [2408 W 32ND PL] year=2007 units=1 sqft=1687 land=676 project=residential_16362010680000 || noncondo_16362010500000 [2408 W BROSS AVE] year=2007 units=1 sqft=1556 land=629 project=residential_16362010500000 || noncondo_16362010560000 [2409 W 32ND PL] year=2007 units=1 sqft=1590 land=604 project=residential_16362010560000 || noncondo_16362010650000 [2410 W 32ND PL] year=2007 units=1 sqft=1687 land=676 project=residential_16362010650000 || noncondo_16362010490000 [2410 W BROSS AVE] year=2007 units=1 sqft=1808 land=737 project=residential_16362010490000 || noncondo_16362010570000 [2411 W 32ND PL] year=2007 units=1 sqft=1718 land=680 project=residential_16362010570000 || noncondo_16362010660000 [2412 W 32ND PL] year=2007 units=1 sqft=1808 land=676 project=residential_16362010660000 || noncondo_16362010480000 [2412 W BROSS AVE] year=2007 units=1 sqft=1556 land=631 project=residential_16362010480000 || noncondo_16362010580000 [2413 W 32ND PL] year=2007 units=1 sqft=1590 land=585 project=residential_16362010580000 || noncondo_16362010670000 [2414 W 32ND PL] year=2007 units=1 sqft=1556 land=676 project=residential_16362010670000 || noncondo_16362010470000 [2414 W BROSS AVE] year=2007 units=1 sqft=1556 land=630 project=residential_16362010470000 || noncondo_16362010550000 [2415 W 32ND PL] year=2007 units=1 sqft=1590 land=604 project=residential_16362010550000 || noncondo_16362010640000 [2416 W 32ND PL] year=2007 units=1 sqft=1687 land=676 project=residential_16362010640000 || noncondo_16362010460000 [2416 W BROSS AVE] year=2007 units=1 sqft=1890 land=737 project=residential_16362010460000 || noncondo_16362010540000 [2417 W 32ND PL] year=2007 units=1 sqft=1590 land=605 project=residential_16362010540000 || noncondo_16362010690000 [2418 W 32ND PL] year=2007 units=1 sqft=1687 land=676 project=residential_16362010690000 || noncondo_16362010610000 [2419 W 32ND PL] year=2007 units=1 sqft=1691 land=688 project=residential_16362010610000 || noncondo_16362010700000 [2420 W 32ND PL] year=2007 units=1 sqft=1808 land=702 project=residential_16362010700000 || noncondo_16362010720000 [2422 W 32ND PL] year=2007 units=1 sqft=1711 land=720 project=residential_16362010720000 || noncondo_16362010730000 [2424 W 32ND PL] year=2007 units=1 sqft=1566 land=655 project=residential_16362010730000 || noncondo_16362010740000 [2426 W 32ND PL] year=2007 units=1 sqft=1566 land=675 project=residential_16362010740000 || noncondo_16362010750000 [2428 W 32ND PL] year=2007 units=1 sqft=1566 land=653 project=residential_16362010750000 || noncondo_16362010760000 [2430 W 32ND PL] year=2007 units=1 sqft=1711 land=718 project=residential_16362010760000 || noncondo_16362010770000 [2432 W 32ND PL] year=2007 units=1 sqft=1566 land=647 project=residential_16362010770000 || noncondo_16362010780000 [2434 W 32ND PL] year=2007 units=1 sqft=1566 land=670 project=residential_16362010780000 || noncondo_16362010790000 [2436 W 32ND PL] year=2007 units=1 sqft=1566 land=650 project=residential_16362010790000 || noncondo_16362010800000 [2438 W 32ND PL] year=2007 units=1 sqft=1753 land=724 project=residential_16362010800000 || noncondo_16362010370000 [3224 S WESTERN AVE] year=2007 units=1 sqft=1890 land=615 project=residential_16362010370000 || noncondo_16362010380000 [3226 S WESTERN AVE] year=2007 units=1 sqft=1556 land=576 project=residential_16362010380000 || noncondo_16362010400000 [3230 S WESTERN AVE] year=2007 units=1 sqft=1687 land=648 project=residential_16362010400000 || noncondo_16362010410000 [3232 S WESTERN AVE] year=2007 units=1 sqft=1687 land=648 project=residential_16362010410000 || noncondo_16362010420000 [3234 S WESTERN AVE] year=2007 units=1 sqft=1687 land=607 project=residential_16362010420000 || noncondo_16362010430000 [3236 S WESTERN AVE] year=2007 units=1 sqft=1687 land=605 project=residential_16362010430000 || noncondo_16362010440000 [3238 S WESTERN AVE] year=2007 units=1 sqft=1890 land=672 project=residential_16362010440000,,,,,,,manual_episode_review,,,TRUE,retain,43,73666,contemporaneous_card_inventory,manual_review_complete,cards=43; card_units=43; card_building_sqft=73666; permit_addresses=none,,,,,,retain,43,73666,retain_card_inventory,high,Forty-three construction-year cards contain forty-three units; forty-two later rows reproduce individual cards and the unmatched card remains in the parent inventory.,,,,,2006,existing_adjudicated_year,retain_card_inventory,suppress_matched_successors,high,Forty-three construction-year cards contain forty-three units; forty-two later rows reproduce individual cards and the unmatched card remains in the parent inventory.,,,
residential_multicard_16362010900000,2012,FALSE,TRUE,931.7575372568429,11_12,1,1927,66532,0.02896350628269103,0.6547225395298503,16362010900000,residential_multicard_16362010900000,16362010900000,residential_16362010900000,residential_multicard_16362010900000,9,1/2/3/4/5/6/7/8/9,295,6,FALSE,9,13617,1,1349/1458/1566/1593/1677/1927,TRUE,TRUE,2013,2013,9,9,1,0,0,0,0,0,,,,,,,0,0,,,,,,,,,,,,,,,,TRUE,TRUE,FALSE,FALSE,3_placebo_scope_threshold,construction_year_parcel_polygon,0,0,,,,,,,,0,0,,,,2430 W BROSS AVE,1,2430 W BROSS AVE,FALSE,FALSE,FALSE,FALSE,FALSE,FALSE,FALSE,FALSE,FALSE,FALSE,manual_review_required,,,6_placebo_scope_multifamily_threshold,episode_048,successors_exceed_parent_inventory,FALSE,residential_multicard_16362010900000,residential_16362010810000/residential_16362010820000/residential_16362010830000/residential_16362010840000/residential_16362010850000/residential_16362010860000/residential_16362010870000/residential_16362010880000/residential_16362010890000/residential_16362010910000/residential_16362010920000/residential_16362010930000/residential_16362010940000/residential_16362010950000/residential_16362010960000/residential_16362010970000/residential_16362010980000/residential_16362010990000/residential_16362011010000/residential_16362011020000/residential_16362011030000/residential_16362011040000/residential_16362011050000/residential_16362011060000/residential_16362011070000/residential_16362011080000,9,13617,26,39712,16709,2.888888888888889,2.916354556803995,26,26,39712,16709,residential_16362010810000/residential_16362010820000/residential_16362010830000/residential_16362010840000/residential_16362010850000/residential_16362010860000/residential_16362010870000/residential_16362010880000/residential_16362010890000/residential_16362010910000/residential_16362010920000/residential_16362010930000/residential_16362010940000/residential_16362010950000/residential_16362010960000/residential_16362010970000/residential_16362010980000/residential_16362010990000/residential_16362011010000/residential_16362011020000/residential_16362011030000/residential_16362011040000/residential_16362011050000/residential_16362011060000/residential_16362011070000/residential_16362011080000,noncondo_16362011010000 [2422 W BROSS AVE] year=2011 units=1 sqft=1780 land=729 project=residential_16362011010000 || noncondo_16362010810000 [2423 W 32ND PL] year=2011 units=1 sqft=1571 land=661 project=residential_16362010810000 || noncondo_16362011020000 [2424 W BROSS AVE] year=2011 units=1 sqft=1600 land=624 project=residential_16362011020000 || noncondo_16362010820000 [2425 W 32ND PL] year=2011 units=1 sqft=1349 land=599 project=residential_16362010820000 || noncondo_16362011030000 [2426 W BROSS AVE] year=2011 units=1 sqft=1600 land=627 project=residential_16362011030000 || noncondo_16362010830000 [2427 W 32ND PL] year=2011 units=1 sqft=1349 land=607 project=residential_16362010830000 || noncondo_16362011040000 [2428 W BROSS AVE] year=2011 units=1 sqft=1664 land=717 project=residential_16362011040000 || noncondo_16362010840000 [2429 W 32ND PL] year=2011 units=1 sqft=1349 land=588 project=residential_16362010840000 || noncondo_16362011050000 [2430 W BROSS AVE] year=2011 units=1 sqft=1664 land=732 project=residential_16362011050000 || noncondo_16362010850000 [2431 W 32ND PL] year=2011 units=1 sqft=1529 land=658 project=residential_16362010850000 || noncondo_16362011060000 [2432 W BROSS AVE] year=2011 units=1 sqft=1600 land=603 project=residential_16362011060000 || noncondo_16362010860000 [2433 W 32ND PL] year=2011 units=1 sqft=1349 land=589 project=residential_16362010860000 || noncondo_16362011070000 [2434 W BROSS AVE] year=2011 units=1 sqft=1600 land=648 project=residential_16362011070000 || noncondo_16362010870000 [2435 W 32ND PL] year=2011 units=1 sqft=1349 land=610 project=residential_16362010870000 || noncondo_16362011080000 [2436 W BROSS AVE] year=2011 units=1 sqft=1780 land=735 project=residential_16362011080000 || noncondo_16362010880000 [2437 W 32ND PL] year=2011 units=1 sqft=1349 land=595 project=residential_16362010880000 || noncondo_16362010890000 [2439 W 32ND PL] year=2011 units=1 sqft=1613 land=668 project=residential_16362010890000 || noncondo_16362010910000 [2440 W BROSS AVE 1] year=2011 units=1 sqft=1677 land=690 project=residential_16362010910000 || noncondo_16362010920000 [2440 W BROSS AVE 2] year=2011 units=1 sqft=1349 land=571 project=residential_16362010920000 || noncondo_16362010930000 [2440 W BROSS AVE 3] year=2011 units=1 sqft=1349 land=589 project=residential_16362010930000 || noncondo_16362010940000 [2440 W BROSS AVE 4] year=2011 units=1 sqft=1593 land=636 project=residential_16362010940000 || noncondo_16362010950000 [2440 W BROSS AVE 5] year=2011 units=1 sqft=1349 land=614 project=residential_16362010950000 || noncondo_16362010960000 [2440 W BROSS AVE 6] year=2011 units=1 sqft=1349 land=590 project=residential_16362010960000 || noncondo_16362010970000 [2440 W BROSS AVE 7] year=2011 units=1 sqft=1458 land=655 project=residential_16362010970000 || noncondo_16362010980000 [2440 W BROSS AVE 8] year=2011 units=1 sqft=1566 land=638 project=residential_16362010980000 || noncondo_16362010990000 [2440 W BROSS AVE 9] year=2011 units=1 sqft=1927 land=736 project=residential_16362010990000,,,,,,,manual_episode_review,,,TRUE,retain,9,13617,contemporaneous_card_inventory,manual_review_complete,cards=9; card_units=9; card_building_sqft=13617; permit_addresses=none,,,,,,retain,9,13617,retain_card_inventory,high,Nine construction-year cards contain nine units and match nine later rows. Other nearby rows remain separate projects.,,,,,2012,existing_adjudicated_year,retain_card_inventory,suppress_matched_successors,high,Nine construction-year cards contain nine units and match nine later rows. Other nearby rows remain separate projects.,,,
residential_multicard_16364050590000,2016,FALSE,TRUE,993.1950915922848,12_25,1,1621,40994,0.03954237205444699,1.0625945260281993,16364050590000,residential_multicard_16364050590000,16364050590000,residential_16364050590000,residential_multicard_16364050590000,18,1/2/3/4/5/6/7/8/9/10/11/12/13/14/15/16/17/18,295,1,TRUE,18,29178,1,1621,TRUE,TRUE,2017,2017,18,18,1,0,0,0,0,0,,,,,,,0,0,,,,,,,,,,,,,,,,TRUE,TRUE,FALSE,FALSE,3_placebo_scope_threshold,construction_year_parcel_polygon,0,0,,,,,,,,0,0,,,,3525 S MAPLEWOOD AVE,1,3525 S MAPLEWOOD AVE,FALSE,FALSE,FALSE,FALSE,FALSE,FALSE,FALSE,FALSE,FALSE,FALSE,manual_review_required,,,6_placebo_scope_multifamily_threshold,episode_049,partial_successor_reproduction,FALSE,residential_multicard_16364050590000,residential_16364050800000/residential_16364050810000/residential_16364050820000/residential_16364050830000/residential_16364050840000/residential_16364050850000/residential_16364050860000/residential_16364050870000/residential_16364050880000/residential_16364050890000,18,29178,10,20600,10339,0.5555555555555556,0.7060113784358077,46,46,78956,46962,residential_16364050400000/residential_16364050410000/residential_16364050420000/residential_16364050430000/residential_16364050440000/residential_16364050450000/residential_16364050460000/residential_16364050470000/residential_16364050480000/residential_16364050490000/residential_16364050500000/residential_16364050510000/residential_16364050520000/residential_16364050530000/residential_16364050540000/residential_16364050550000/residential_16364050560000/residential_16364050570000/residential_16364050600000/residential_16364050610000/residential_16364050620000/residential_16364050630000/residential_16364050640000/residential_16364050650000/residential_16364050660000/residential_16364050670000/residential_16364050680000/residential_16364050690000/residential_16364050700000/residential_16364050710000/residential_16364050720000/residential_16364050730000/residential_16364050740000/residential_16364050750000/residential_16364050760000/residential_16364050770000/residential_16364050800000/residential_16364050810000/residential_16364050820000/residential_16364050830000/residential_16364050840000/residential_16364050850000/residential_16364050860000/residential_16364050870000/residential_16364050880000/residential_16364050890000,noncondo_16364050800000 [3535 S MAPLEWOOD AVE 1] year=2016 units=1 sqft=2060 land=1106 project=residential_16364050800000 || noncondo_16364050810000 [3535 S MAPLEWOOD AVE 2] year=2016 units=1 sqft=2060 land=1081 project=residential_16364050810000 || noncondo_16364050820000 [3535 S MAPLEWOOD AVE 3] year=2016 units=1 sqft=2060 land=1082 project=residential_16364050820000 || noncondo_16364050830000 [3535 S MAPLEWOOD AVE 4] year=2016 units=1 sqft=2060 land=1081 project=residential_16364050830000 || noncondo_16364050840000 [3535 S MAPLEWOOD AVE 5] year=2016 units=1 sqft=2060 land=1147 project=residential_16364050840000 || noncondo_16364050850000 [3541 S MAPLEWOOD AVE 1] year=2016 units=1 sqft=2060 land=977 project=residential_16364050850000 || noncondo_16364050860000 [3541 S MAPLEWOOD AVE 2] year=2016 units=1 sqft=2060 land=954 project=residential_16364050860000 || noncondo_16364050870000 [3541 S MAPLEWOOD AVE 3] year=2016 units=1 sqft=2060 land=954 project=residential_16364050870000 || noncondo_16364050880000 [3541 S MAPLEWOOD AVE 4] year=2016 units=1 sqft=2060 land=954 project=residential_16364050880000 || noncondo_16364050890000 [3541 S MAPLEWOOD AVE 5] year=2016 units=1 sqft=2060 land=1003 project=residential_16364050890000 || noncondo_16364050400000 [3515 S MAPLEWOOD AVE 1] year=2014 units=1 sqft=1621 land=1034 project=residential_16364050400000 || noncondo_16364050410000 [3515 S MAPLEWOOD AVE 2] year=2014 units=1 sqft=1621 land=1013 project=residential_16364050410000 || noncondo_16364050420000 [3515 S MAPLEWOOD AVE 3] year=2014 units=1 sqft=1621 land=1012 project=residential_16364050420000 || noncondo_16364050430000 [3515 S MAPLEWOOD AVE 4] year=2014 units=1 sqft=1621 land=1012 project=residential_16364050430000 || noncondo_16364050440000 [3515 S MAPLEWOOD AVE 5] year=2014 units=1 sqft=1621 land=1012 project=residential_16364050440000 || noncondo_16364050450000 [3515 S MAPLEWOOD AVE 6] year=2014 units=1 sqft=1621 land=1013 project=residential_16364050450000 || noncondo_16364050460000 [3515 S MAPLEWOOD AVE 7] year=2014 units=1 sqft=1621 land=1013 project=residential_16364050460000 || noncondo_16364050470000 [3515 S MAPLEWOOD AVE 8] year=2014 units=1 sqft=1621 land=1013 project=residential_16364050470000 || noncondo_16364050480000 [3515 S MAPLEWOOD AVE 9] year=2014 units=1 sqft=1621 land=1034 project=residential_16364050480000 || noncondo_16364050490000 [3517 S MAPLEWOOD AVE 1] year=2014 units=1 sqft=1621 land=1035 project=residential_16364050490000 || noncondo_16364050500000 [3517 S MAPLEWOOD AVE 2] year=2014 units=1 sqft=1621 land=1012 project=residential_16364050500000 || noncondo_16364050510000 [3517 S MAPLEWOOD AVE 3] year=2014 units=1 sqft=1621 land=1012 project=residential_16364050510000 || noncondo_16364050520000 [3517 S MAPLEWOOD AVE 4] year=2014 units=1 sqft=1621 land=1012 project=residential_16364050520000 || noncondo_16364050530000 [3517 S MAPLEWOOD AVE 5] year=2014 units=1 sqft=1621 land=1012 project=residential_16364050530000 || noncondo_16364050540000 [3517 S MAPLEWOOD AVE 6] year=2014 units=1 sqft=1621 land=1012 project=residential_16364050540000 || noncondo_16364050550000 [3517 S MAPLEWOOD AVE 7] year=2014 units=1 sqft=1621 land=1012 project=residential_16364050550000 || noncondo_16364050560000 [3517 S MAPLEWOOD AVE 8] year=2014 units=1 sqft=1621 land=1013 project=residential_16364050560000 || noncondo_16364050570000 [3517 S MAPLEWOOD AVE 9] year=2014 units=1 sqft=1621 land=1026 project=residential_16364050570000 || noncondo_16364050600000 [3525 S MAPLEWOOD AVE 1] year=2014 units=1 sqft=1621 land=1034 project=residential_16364050600000 || noncondo_16364050610000 [3525 S MAPLEWOOD AVE 2] year=2014 units=1 sqft=1621 land=1012 project=residential_16364050610000 || noncondo_16364050620000 [3525 S MAPLEWOOD AVE 3] year=2014 units=1 sqft=1621 land=1013 project=residential_16364050620000 || noncondo_16364050630000 [3525 S MAPLEWOOD AVE 4] year=2014 units=1 sqft=1621 land=1012 project=residential_16364050630000 || noncondo_16364050640000 [3525 S MAPLEWOOD AVE 5] year=2014 units=1 sqft=1621 land=1014 project=residential_16364050640000 || noncondo_16364050650000 [3525 S MAPLEWOOD AVE 6] year=2014 units=1 sqft=1621 land=1013 project=residential_16364050650000 || noncondo_16364050660000 [3525 S MAPLEWOOD AVE 7] year=2014 units=1 sqft=1621 land=1014 project=residential_16364050660000 || noncondo_16364050670000 [3525 S MAPLEWOOD AVE 8] year=2014 units=1 sqft=1621 land=1013 project=residential_16364050670000 || noncondo_16364050680000 [3525 S MAPLEWOOD AVE 9] year=2014 units=1 sqft=1621 land=1035 project=residential_16364050680000 || noncondo_16364050690000 [3531 S MAPLEWOOD AVE 1] year=2014 units=1 sqft=1621 land=1037 project=residential_16364050690000 || noncondo_16364050700000 [3531 S MAPLEWOOD AVE 2] year=2014 units=1 sqft=1621 land=1013 project=residential_16364050700000 || noncondo_16364050710000 [3531 S MAPLEWOOD AVE 3] year=2014 units=1 sqft=1621 land=1013 project=residential_16364050710000 || noncondo_16364050720000 [3531 S MAPLEWOOD AVE 4] year=2014 units=1 sqft=1621 land=1014 project=residential_16364050720000 || noncondo_16364050730000 [3531 S MAPLEWOOD AVE 5] year=2014 units=1 sqft=1621 land=1013 project=residential_16364050730000 || noncondo_16364050740000 [3531 S MAPLEWOOD AVE 6] year=2014 units=1 sqft=1621 land=1014 project=residential_16364050740000 || noncondo_16364050750000 [3531 S MAPLEWOOD AVE 7] year=2014 units=1 sqft=1621 land=1012 project=residential_16364050750000 || noncondo_16364050760000 [3531 S MAPLEWOOD AVE 8] year=2014 units=1 sqft=1621 land=1012 project=residential_16364050760000 || noncondo_16364050770000 [3531 S MAPLEWOOD AVE 9] year=2014 units=1 sqft=1621 land=1033 project=residential_16364050770000,,,,,,,manual_episode_review,,,TRUE,retain,18,29178,contemporaneous_card_inventory,manual_review_complete,cards=18; card_units=18; card_building_sqft=29178; permit_addresses=none,,,,,,retain,18,29178,retain_card_inventory,high,Eighteen construction-year cards contain eighteen units and match eighteen later rows. Other nearby rows remain separate projects.,,,,,2016,existing_adjudicated_year,retain_card_inventory,suppress_matched_successors,high,Eighteen construction-year cards contain eighteen units and match eighteen later rows. Other nearby rows remain separate projects.,,,
residential_multicard_16364130200000,2006,FALSE,TRUE,929.5827046649136,11_12,1,2217,40420,0.05484908461157842,1.0776843146956951,16364130200000,residential_multicard_16364130200000,16364130200000,residential_16364130200000,residential_multicard_16364130200000,8,1/2/3/4/5/6/7/8,295,2,FALSE,8,17520,1,2163/2217,TRUE,TRUE,2007,2007,8,8,1,0,0,0,0,0,,,,,,,0,0,,,,,,,,,,,,,,,,TRUE,TRUE,FALSE,FALSE,3_placebo_scope_threshold,construction_year_parcel_polygon,0,0,,,,,,,,0,0,,,,2501 W 36TH ST,1,2501 W 36TH ST,FALSE,FALSE,FALSE,FALSE,FALSE,FALSE,FALSE,FALSE,FALSE,FALSE,manual_review_required,,,6_placebo_scope_multifamily_threshold,episode_050,successors_exceed_parent_inventory,FALSE,residential_multicard_16364130200000,residential_16364130390000/residential_16364130400000/residential_16364130410000/residential_16364130420000/residential_16364130430000/residential_16364130440000/residential_16364130450000/residential_16364130460000/residential_16364130470000/residential_16364130480000/residential_16364130490000/residential_16364130500000/residential_16364130510000/residential_16364130520000/residential_16364130530000/residential_16364130540000,8,17520,16,27240,19212,2,1.5547945205479452,16,16,27240,19212,residential_16364130390000/residential_16364130400000/residential_16364130410000/residential_16364130420000/residential_16364130430000/residential_16364130440000/residential_16364130450000/residential_16364130460000/residential_16364130470000/residential_16364130480000/residential_16364130490000/residential_16364130500000/residential_16364130510000/residential_16364130520000/residential_16364130530000/residential_16364130540000,noncondo_16364130390000 [2501 W 36TH ST 1] year=2007 units=1 sqft=1709 land=1204 project=residential_16364130390000 || noncondo_16364130480000 [2501 W 36TH ST 10] year=2007 units=1 sqft=1709 land=1202 project=residential_16364130480000 || noncondo_16364130490000 [2501 W 36TH ST 11] year=2007 units=1 sqft=1696 land=1201 project=residential_16364130490000 || noncondo_16364130500000 [2501 W 36TH ST 12] year=2007 units=1 sqft=1709 land=1199 project=residential_16364130500000 || noncondo_16364130510000 [2501 W 36TH ST 13] year=2007 units=1 sqft=1696 land=1197 project=residential_16364130510000 || noncondo_16364130520000 [2501 W 36TH ST 14] year=2007 units=1 sqft=1709 land=1198 project=residential_16364130520000 || noncondo_16364130530000 [2501 W 36TH ST 15] year=2007 units=1 sqft=1696 land=1196 project=residential_16364130530000 || noncondo_16364130540000 [2501 W 36TH ST 16] year=2007 units=1 sqft=1709 land=1176 project=residential_16364130540000 || noncondo_16364130400000 [2501 W 36TH ST 2] year=2007 units=1 sqft=1696 land=1212 project=residential_16364130400000 || noncondo_16364130410000 [2501 W 36TH ST 3] year=2007 units=1 sqft=1709 land=1210 project=residential_16364130410000 || noncondo_16364130420000 [2501 W 36TH ST 4] year=2007 units=1 sqft=1696 land=1210 project=residential_16364130420000 || noncondo_16364130430000 [2501 W 36TH ST 5] year=2007 units=1 sqft=1709 land=1209 project=residential_16364130430000 || noncondo_16364130440000 [2501 W 36TH ST 6] year=2007 units=1 sqft=1696 land=1207 project=residential_16364130440000 || noncondo_16364130450000 [2501 W 36TH ST 7] year=2007 units=1 sqft=1709 land=1204 project=residential_16364130450000 || noncondo_16364130460000 [2501 W 36TH ST 8] year=2007 units=1 sqft=1696 land=1184 project=residential_16364130460000 || noncondo_16364130470000 [2501 W 36TH ST 9] year=2007 units=1 sqft=1696 land=1203 project=residential_16364130470000,,,,,,,manual_episode_review,,,TRUE,retain,8,17520,contemporaneous_card_inventory,manual_review_complete,cards=8; card_units=8; card_building_sqft=17520; permit_addresses=none,,,,,,retain,8,17520,retain_card_inventory,high,Eight construction-year cards contain eight units and match eight later rows. Other nearby rows remain separate projects.,,,,,2006,existing_adjudicated_year,retain_card_inventory,suppress_matched_successors,high,Eight construction-year cards contain eight units and match eight later rows. Other nearby rows remain separate projects.,,,
residential_multicard_17211230320000,2006,FALSE,TRUE,550.0039265460518,2_25,1,1692,2544,0.6650943396226415,17.12264150943396,17211230320000,residential_multicard_17211230320000,17211230320000,residential_17211230320000,residential_multicard_17211230320000,2,1/2,295,1,TRUE,2,3384,1,1692,TRUE,TRUE,2007,2009,2,2,3,0,0,0,0,0,,,,,,,0,0,,,,,,,,,,,,,,,,TRUE,TRUE,FALSE,FALSE,3_placebo_scope_threshold,construction_year_parcel_polygon,1,1,0,2005,,,,5658.600000308827,city_building_836556 address=1451 1451 S HALSTED ST; year=2005; units=0; building_sqft=0; overlap=1,0,0,,,,1455 S HALSTED ST,1,1455 S HALSTED ST,FALSE,FALSE,FALSE,FALSE,FALSE,FALSE,FALSE,FALSE,FALSE,FALSE,manual_review_required,,,6_placebo_scope_multifamily_threshold,episode_056,partial_successor_reproduction,FALSE,residential_multicard_17211230320000,residential_17211230440000,2,3384,1,1902,1294,0.5,0.5620567375886525,3,14,20259,15008,residential_17211230440000/residential_17211230450000,condo_1721123036 [1451 S HALSTED ST 1A / 1451 S HALSTED ST 1B / 1451 S HALSTED ST 2A / 1451 S HALSTED ST 2B / 1451 S HALSTED ST 3A / 1451 S HALSTED ST 3B / 757 W 14TH PL 1A / 757 W 14TH PL 1B / 757 W 14TH PL 2A / 757 W 14TH PL 2B / 757 W 14TH PL 3A / 757 W 14TH PL 3B] year=2006 units=12 sqft=16455 land=12464 project=NA || noncondo_17211230440000 [1457 S HALSTED ST] year=2006 units=1 sqft=1902 land=1294 project=residential_17211230440000 || noncondo_17211230450000 [1455 S HALSTED ST] year=2008 units=1 sqft=1902 land=1250 project=residential_17211230450000,,,,,,,manual_episode_review,,,TRUE,retain,2,3384,contemporaneous_card_inventory,manual_review_complete,cards=2; card_units=2; card_building_sqft=3384; permit_addresses=none,,,,,,retain,2,3384,retain_card_inventory,high,Two construction-year cards contain two units and match two later Halsted rows.,,,,,2006,existing_adjudicated_year,retain_card_inventory,suppress_matched_successors,high,Two construction-year cards contain two units and match two later Halsted rows.,,,
residential_multicard_17271290200000,2007,FALSE,TRUE,580.2110903878313,2_4,1,2164,10586,0.20442093330814284,4.114868694502173,17271290200000,residential_multicard_17271290200000,17271290200000,residential_17271290200000,residential_multicard_17271290200000,6,1/2/3/4/5/6,295,5,FALSE,6,9856,1,924/1531/1717/1760/2164,TRUE,TRUE,2008,2008,6,6,1,0,0,0,0,0,,,,,,,0,0,,,,,,,,,,,,,,,,TRUE,TRUE,FALSE,FALSE,3_placebo_scope_threshold,construction_year_parcel_polygon,0,0,,,,,,,,0,0,,,,348 E FINSBURY CT,1,348 E FINSBURY CT,FALSE,FALSE,FALSE,FALSE,FALSE,FALSE,FALSE,FALSE,FALSE,FALSE,manual_review_required,,,6_placebo_scope_multifamily_threshold,episode_064,manual_shared_parent_component,FALSE,residential_multicard_17271290150000/residential_multicard_17271290200000,residential_17271290350000/residential_17271290360000/residential_17271290500000/residential_17271290730000/residential_17271290770000,35,65853,5,8636,4591,0.14285714285714285,0.1311405706649659,35,35,67173,31491,residential_17271290350000/residential_17271290360000/residential_17271290500000/residential_17271290730000/residential_17271290770000,noncondo_17271290500000 [2501 S CALUMET AVE] year=2008 units=1 sqft=1641 land=926 project=residential_17271290500000 || noncondo_17271290360000 [2502 S KING DR] year=2008 units=1 sqft=1641 land=918 project=residential_17271290360000 || noncondo_17271290350000 [2504 S KING DR] year=2008 units=1 sqft=1603 land=810 project=residential_17271290350000 || noncondo_17271290730000 [352 E EASTGATE PL] year=2008 units=1 sqft=2148 land=1135 project=residential_17271290730000 || noncondo_17271290770000 [355 E EASTGATE PL] year=2008 units=1 sqft=1603 land=802 project=residential_17271290770000 || noncondo_17271290490000 [2503 S CALUMET AVE] year=2005 units=1 sqft=1603 land=791 project=NA || noncondo_17271290480000 [2505 S CALUMET AVE] year=2005 units=1 sqft=1882 land=871 project=NA || noncondo_17271290340000 [2506 S KING DR] year=2005 units=1 sqft=2314 land=864 project=NA || noncondo_17271290470000 [2507 S CALUMET AVE] year=2005 units=1 sqft=1603 land=800 project=NA || noncondo_17271290330000 [2508 S KING DR] year=2005 units=1 sqft=1603 land=762 project=NA || noncondo_17271290460000 [2509 S CALUMET AVE] year=2005 units=1 sqft=2284 land=909 project=NA || noncondo_17271290320000 [2510 S KING DR] year=2005 units=1 sqft=1945 land=906 project=NA || noncondo_17271290450000 [2511 S CALUMET AVE] year=2005 units=1 sqft=1945 land=911 project=NA || noncondo_17271290310000 [2512 S KING DR] year=2005 units=1 sqft=1945 land=906 project=NA || noncondo_17271290440000 [2513 S CALUMET AVE] year=2005 units=1 sqft=1867 land=800 project=NA || noncondo_17271290300000 [2514 S KING DR] year=2005 units=1 sqft=1603 land=762 project=NA || noncondo_17271290430000 [2515 S CALUMET AVE] year=2005 units=1 sqft=2314 land=863 project=NA || noncondo_17271290290000 [2516 S KING DR] year=2005 units=1 sqft=1882 land=860 project=NA || noncondo_17271290420000 [2517 S CALUMET AVE] year=2005 units=1 sqft=1603 land=800 project=NA || noncondo_17271290280000 [2518 S KING DR] year=2005 units=1 sqft=1603 land=795 project=NA || noncondo_17271290410000 [2519 S CALUMET AVE] year=2005 units=1 sqft=2284 land=908 project=NA || noncondo_17271290270000 [2520 S KING DR] year=2005 units=1 sqft=1945 land=908 project=NA || noncondo_17271290400000 [2521 S CALUMET AVE] year=2005 units=1 sqft=2284 land=907 project=NA || noncondo_17271290260000 [2522 S KING DR] year=2005 units=1 sqft=2284 land=903 project=NA || noncondo_17271290390000 [2523 S CALUMET AVE] year=2005 units=1 sqft=2020 land=1133 project=NA || noncondo_17271290250000 [2524 S KING DR] year=2005 units=1 sqft=2556 land=1124 project=NA || noncondo_17271290690000 [344 E EASTGATE PL] year=2005 units=1 sqft=2092 land=1019 project=NA || noncondo_17271290700000 [346 E EASTGATE PL] year=2005 units=1 sqft=1818 land=863 project=NA || noncondo_17271290710000 [348 E EASTGATE PL] year=2005 units=1 sqft=1867 land=777 project=NA || noncondo_17271290720000 [350 E EASTGATE PL] year=2005 units=1 sqft=1818 land=861 project=NA || noncondo_17271290750000 [351 E EASTGATE PL] year=2005 units=1 sqft=2148 land=1117 project=NA || noncondo_17271290680000 [352 E 25TH PL] year=2005 units=1 sqft=1641 land=924 project=NA || noncondo_17271290760000 [353 E EASTGATE PL] year=2005 units=1 sqft=1818 land=861 project=NA || noncondo_17271290780000 [357 E EASTGATE PL] year=2005 units=1 sqft=1818 land=860 project=NA || noncondo_17271290790000 [359 E EASTGATE PL] year=2005 units=1 sqft=2148 land=1135 project=NA,,,,,,,manual_episode_review,,,TRUE,retain,6,9856,contemporaneous_card_inventory,manual_review_complete,cards=6; card_units=6; card_building_sqft=9856; permit_addresses=none,,,,,,retain,6,9856,retain_card_inventory,high,Six distinct construction-year cards describe the Finsbury portion of the development. One later row reproduces one card; the remaining cards stay in the parent inventory.,,,,,2007,existing_adjudicated_year,retain_card_inventory,suppress_matched_successors,high,Six distinct construction-year cards describe the Finsbury portion of the development. One later row reproduces one card; the remaining cards stay in the parent inventory.,,,
residential_multicard_17271290980000,2008,FALSE,TRUE,605.0013349376424,2_4,1,2556,8682,0.29440221147201107,5.017277125086386,17271290980000,residential_multicard_17271290980000,17271290980000,residential_17271290980000,residential_multicard_17271290980000,9,1/2/3/4/5/6/7/8/9,295,4,FALSE,9,19407,1,1738/1921/2500/2556,TRUE,TRUE,2012,2013,9,9,2,0,0,0,0,0,,,,,,,0,0,,,,,,,,,,,,,,,,TRUE,TRUE,FALSE,FALSE,3_placebo_scope_threshold,construction_year_parcel_polygon,0,0,,,,,,,,0,0,,,,343 E 25TH ST,1,343 E 25TH ST,FALSE,FALSE,FALSE,FALSE,FALSE,FALSE,FALSE,FALSE,FALSE,FALSE,manual_review_required,,,6_placebo_scope_multifamily_threshold,episode_066,manual_shared_parent_component,FALSE,residential_multicard_17271290160000/residential_multicard_17271290980000,residential_17271290990000/residential_17271291000000/residential_17271291020000/residential_17271291030000/residential_17271291040000/residential_17271291050000/residential_17271291060000/residential_17271291070000,13,26579,8,16907,7600,0.6153846153846154,0.6361036908837804,9,9,19407,8634,residential_17271290990000/residential_17271291000000/residential_17271291010000/residential_17271291020000/residential_17271291030000/residential_17271291040000/residential_17271291050000/residential_17271291060000/residential_17271291070000,noncondo_17271290990000 [306 E 25TH PL] year=2008 units=1 sqft=2556 land=1047 project=residential_17271290990000 || noncondo_17271291000000 [308 E 25TH PL] year=2008 units=1 sqft=1921 land=896 project=residential_17271291000000 || noncondo_17271291020000 [336 E 25TH PL] year=2008 units=1 sqft=1921 land=901 project=residential_17271291020000 || noncondo_17271291040000 [337 E 25TH ST] year=2008 units=1 sqft=1921 land=873 project=residential_17271291040000 || noncondo_17271291030000 [338 E 25TH PL] year=2008 units=1 sqft=2556 land=1066 project=residential_17271291030000 || noncondo_17271291050000 [339 E 25TH ST] year=2008 units=1 sqft=1738 land=871 project=residential_17271291050000 || noncondo_17271291060000 [341 E 25TH ST] year=2008 units=1 sqft=1738 land=872 project=residential_17271291060000 || noncondo_17271291070000 [343 E 25TH ST] year=2008 units=1 sqft=2556 land=1074 project=residential_17271291070000 || noncondo_17271291010000 [334 E 25TH PL] year=2010 units=1 sqft=2500 land=1034 project=residential_17271291010000,,,,,,,manual_episode_review,,,TRUE,retain,9,19407,contemporaneous_card_inventory,manual_review_complete,cards=9; card_units=9; card_building_sqft=19407; permit_addresses=none,,,,,,retain,9,19407,retain_card_inventory,high,Nine distinct 2008 townhouse cards match the nine later 25th Street and 25th Place rows.,,,,,2008,existing_adjudicated_year,retain_card_inventory,suppress_matched_successors,high,Nine distinct 2008 townhouse cards match the nine later 25th Street and 25th Place rows.,,,
residential_multicard_17294020010000,2018,FALSE,TRUE,1025.9009739089518,11_25,1,1876,94248,0.01990493166963755,0.46218487394957986,17294020010000,residential_multicard_17294020010000,17294020010000,residential_17294020010000,residential_multicard_17294020010000,7,1/2/3/4/5/6/7,207,1,TRUE,7,13132,1,1876,TRUE,TRUE,2019,2019,7,7,1,0,0,12,12,0,12,12,2559 S HILLOCK AVE / 2561 S HILLOCK AVE / 2563 S HILLOCK AVE / 2565 S HILLOCK AVE / 2569 S HILLOCK AVE / 2571 S HILLOCK AVE / 2573 S HILLOCK AVE / 2575 S HILLOCK AVE / 2579 S HILLOCK AVE / 2553 S HILLOCK AVE / 2557 S HILLOCK AVE / 2615 S THROOP ST,2559 S HILLOCK AVE / 2561 S HILLOCK AVE / 2563 S HILLOCK AVE / 2565 S HILLOCK AVE / 2569 S HILLOCK AVE / 2571 S HILLOCK AVE / 2573 S HILLOCK AVE / 2575 S HILLOCK AVE / 2579 S HILLOCK AVE / 2553 S HILLOCK AVE / 2557 S HILLOCK AVE / 2615 S THROOP ST / NA,9,9,1,1,FALSE,FALSE,,,"permit_chain_100788370 [exact PIN] [2018-10-18] 2559 S HILLOCK AVE / 2561 S HILLOCK AVE / 2563 S HILLOCK AVE / 2565 S HILLOCK AVE / 2569 S HILLOCK AVE / 2571 S HILLOCK AVE / 2573 S HILLOCK AVE / 2575 S HILLOCK AVE / 2579 S HILLOCK AVE / 2553 S HILLOCK AVE / 2557 S HILLOCK AVE / 2615 S THROOP ST units=missing description=CONDITIONAL APPROVAL. ERECT A TWO STORY FRAME IVB SINGLE FAMILY RESIDENCE WITH A DETACHED TWO CAR FRAME GARAGE, AS PER ARCHITECT'S PLANS || permit_chain_100788375 [exact PIN] [2018-10-18] 2559 S HILLOCK AVE / 2561 S HILLOCK AVE / 2563 S HILLOCK AVE / 2565 S HILLOCK AVE / 2569 S HILLOCK AVE / 2571 S HILLOCK AVE / 2573 S HILLOCK AVE / 2575 S HILLOCK AVE / 2579 S HILLOCK AVE / 2553 S HILLOCK AVE / 2557 S HILLOCK AVE / 2615 S THROOP ST units=missing description=CONDITIONAL APPROVAL. ERECT A TWO STORY FRAME IVB SINGLE FAMILY RESIDENCE WITH A BASEMENT AND DETACHED TWO CAR FRAME GARAGE, AS PER ARCHITECT'S PLANS. || permit_chain_100788383 [exact PIN] [2018-10-18] 2559 S HILLOCK AVE / 2561 S HILLOCK AVE / 2563 S HILLOCK AVE / 2565 S HILLOCK AVE / 2569 S HILLOCK AVE / 2571 S HILLOCK AVE / 2573 S HILLOCK AVE / 2575 S HILLOCK AVE / 2579 S HILLOCK AVE / 2553 S HILLOCK AVE / 2557 S HILLOCK AVE / 2615 S THROOP ST units=missing description=CONDITIONAL APPROVAL. ERECT A TWO STORY FRAME IVB SINGLE FAMILY RESIDENCE WITH A DETACHED TWO CAR GARAGE, AS PER PLANS. || permit_chain_100788384 [exact PIN] [2018-10-18] 2559 S HILLOCK AVE / 2561 S HILLOCK AVE / 2563 S HILLOCK AVE / 2565 S HILLOCK AVE / 2569 S HILLOCK AVE / 2571 S HILLOCK AVE / 2573 S HILLOCK AVE / 2575 S HILLOCK AVE / 2579 S HILLOCK AVE / 2553 S HILLOCK AVE / 2557 S HILLOCK AVE / 2615 S THROOP ST units=missing description=CONDITIONAL APPROVAL. ERECT A TWO STORY FRAME IVB SINGLE FAMILY RESIDENCE WITH A BASEMENT AND A DETACHED TWO CAR FRAME GARAGE, AS PER ARCHITECT'S PLANS. || permit_chain_100788388 [exact PIN] [2018-10-18] 2559 S HILLOCK AVE / 2561 S HILLOCK AVE / 2563 S HILLOCK AVE / 2565 S HILLOCK AVE / 2569 S HILLOCK AVE / 2571 S HILLOCK AVE / 2573 S HILLOCK AVE / 2575 S HILLOCK AVE / 2579 S HILLOCK AVE / 2553 S HILLOCK AVE / 2557 S HILLOCK AVE / 2615 S THROOP ST units=missing description=CONDITIONAL APPROVAL. ERECT A TWO STORY IVB FRAME SINGLE FAMILY RESIDENCE WITH BASEMENT AND A DETACHED TWO CAR FRAME GARAGE, AS PER ARCHITECT'S PLANS. || permit_chain_100788389 [exact PIN] [2018-10-24] 2559 S HILLOCK AVE / 2561 S HILLOCK AVE / 2563 S HILLOCK AVE / 2565 S HILLOCK AVE / 2569 S HILLOCK AVE / 2571 S HILLOCK AVE / 2573 S HILLOCK AVE / 2575 S HILLOCK AVE / 2579 S HILLOCK AVE / 2553 S HILLOCK AVE / 2557 S HILLOCK AVE / 2615 S THROOP ST units=missing description=CONDITIONAL APPROVAL. ERECT A TWO STORY FRAME IVB SINGLE FAMILY RESIDENCE WITH A DETACHED TWO CAR FRAME GARAGE, AS PER ARCHITECT'S PLANS || permit_chain_100788400 [exact PIN] [2018-10-24] 2559 S HILLOCK AVE / 2561 S HILLOCK AVE / 2563 S HILLOCK AVE / 2565 S HILLOCK AVE / 2569 S HILLOCK AVE / 2571 S HILLOCK AVE / 2573 S HILLOCK AVE / 2575 S HILLOCK AVE / 2579 S HILLOCK AVE / 2553 S HILLOCK AVE / 2557 S HILLOCK AVE / 2615 S THROOP ST units=missing description=CONDITIONAL APPROVAL. ERECT A TWO STORY FRAME IVB SINGLE FAMILY RESIDENCE WITH A DETACHED TWO CAR FRAME GARAGE, AS PER ARCHITECT'S PLANS || permit_chain_100788409 [exact PIN] [2018-10-24] 2559 S HILLOCK AVE / 2561 S HILLOCK AVE / 2563 S HILLOCK AVE / 2565 S HILLOCK AVE / 2569 S HILLOCK AVE / 2571 S HILLOCK AVE / 2573 S HILLOCK AVE / 2575 S HILLOCK AVE / 2579 S HILLOCK AVE / 2553 S HILLOCK AVE / 2557 S HILLOCK AVE / 2615 S THROOP ST units=missing description=CONDITIONAL APPROVAL. ERECT A TWO STORY FRAME IVB SINGLE FAMILY RESIDENCE WITH A DETACHED TWO CAR FRAME GARAGE, AS PER ARCHITECT'S PLANS || permit_chain_100788417 [exact PIN] [2018-10-24] 2559 S HILLOCK AVE / 2561 S HILLOCK AVE / 2563 S HILLOCK AVE / 2565 S HILLOCK AVE / 2569 S HILLOCK AVE / 2571 S HILLOCK AVE / 2573 S HILLOCK AVE / 2575 S HILLOCK AVE / 2579 S HILLOCK AVE / 2553 S HILLOCK AVE / 2557 S HILLOCK AVE / 2615 S THROOP ST units=missing description=CONDITIONAL APPROVAL. ERECT A TWO STORY FRAME IVB SINGLE FAMILY RESIDENCE WITH A DETACHED TWO CAR FRAME GARAGE, AS PER ARCHITECT'S PLANS || permit_chain_100849601 [exact PIN] [2020-02-20] 2559 S HILLOCK AVE / 2561 S HILLOCK AVE / 2563 S HILLOCK AVE / 2565 S HILLOCK AVE / 2569 S HILLOCK AVE / 2571 S HILLOCK AVE / 2573 S HILLOCK AVE / 2575 S HILLOCK AVE / 2579 S HILLOCK AVE / 2553 S HILLOCK AVE / 2557 S HILLOCK AVE / 2615 S THROOP ST units=missing description=ERECT A TWO STORY FRAME IVA SINGLE FAMILY RESIDENCE WITH BASEMENT, REAR OPEN DECK AND A DETACHED TWO CAR FRAME GARAGE, AS PER ARCHITECT'S PLANS. || permit_chain_100849610 [exact PIN] [2020-02-24] 2559 S HILLOCK AVE / 2561 S HILLOCK AVE / 2563 S HILLOCK AVE / 2565 S HILLOCK AVE / 2569 S HILLOCK AVE / 2571 S HILLOCK AVE / 2573 S HILLOCK AVE / 2575 S HILLOCK AVE / 2579 S HILLOCK AVE / 2553 S HILLOCK AVE / 2557 S HILLOCK AVE / 2615 S THROOP ST units=missing description=ERECT A TWO STORY FRAME IVA SINGLE FAMILY RESIDENCE WITH BASEMENT, REAR OPEN DECK  AND A DETACHED TWO CAR FRAME GARAGE, AS PER ARCHITECT'S PLANS. || permit_chain_100858420 [exact PIN] [2020-06-02] 2559 S HILLOCK AVE / 2561 S HILLOCK AVE / 2563 S HILLOCK AVE / 2565 S HILLOCK AVE / 2569 S HILLOCK AVE / 2571 S HILLOCK AVE / 2573 S HILLOCK AVE / 2575 S HILLOCK AVE / 2579 S HILLOCK AVE / 2553 S HILLOCK AVE / 2557 S HILLOCK AVE / 2615 S THROOP ST units=9 description=ERECT A 2 STORY, 9 DWELLING UNIT TYPE IIIB TOWN-HOME BUILDING WITH BASEMENTS AND ATTACHED GARAGES, AS PER ARCHITECT'S PLANS. **PROPOSED PROTOTYPE PLAN**","permit_chain_100788370 [2018-10-18] 2559 S HILLOCK AVE / 2561 S HILLOCK AVE / 2563 S HILLOCK AVE / 2565 S HILLOCK AVE / 2569 S HILLOCK AVE / 2571 S HILLOCK AVE / 2573 S HILLOCK AVE / 2575 S HILLOCK AVE / 2579 S HILLOCK AVE / 2553 S HILLOCK AVE / 2557 S HILLOCK AVE / 2615 S THROOP ST units=missing description=CONDITIONAL APPROVAL. ERECT A TWO STORY FRAME IVB SINGLE FAMILY RESIDENCE WITH A DETACHED TWO CAR FRAME GARAGE, AS PER ARCHITECT'S PLANS || permit_chain_100788375 [2018-10-18] NA units=missing description=CONDITIONAL APPROVAL. ERECT A TWO STORY FRAME IVB SINGLE FAMILY RESIDENCE WITH A BASEMENT AND DETACHED TWO CAR FRAME GARAGE, AS PER ARCHITECT'S PLANS. || permit_chain_100788383 [2018-10-18] NA units=missing description=CONDITIONAL APPROVAL. ERECT A TWO STORY FRAME IVB SINGLE FAMILY RESIDENCE WITH A DETACHED TWO CAR GARAGE, AS PER PLANS. || permit_chain_100788384 [2018-10-18] NA units=missing description=CONDITIONAL APPROVAL. ERECT A TWO STORY FRAME IVB SINGLE FAMILY RESIDENCE WITH A BASEMENT AND A DETACHED TWO CAR FRAME GARAGE, AS PER ARCHITECT'S PLANS. || permit_chain_100788388 [2018-10-18] NA units=missing description=CONDITIONAL APPROVAL. ERECT A TWO STORY IVB FRAME SINGLE FAMILY RESIDENCE WITH BASEMENT AND A DETACHED TWO CAR FRAME GARAGE, AS PER ARCHITECT'S PLANS. || permit_chain_100788389 [2018-10-24] NA units=missing description=CONDITIONAL APPROVAL. ERECT A TWO STORY FRAME IVB SINGLE FAMILY RESIDENCE WITH A DETACHED TWO CAR FRAME GARAGE, AS PER ARCHITECT'S PLANS || permit_chain_100788400 [2018-10-24] NA units=missing description=CONDITIONAL APPROVAL. ERECT A TWO STORY FRAME IVB SINGLE FAMILY RESIDENCE WITH A DETACHED TWO CAR FRAME GARAGE, AS PER ARCHITECT'S PLANS || permit_chain_100788409 [2018-10-24] NA units=missing description=CONDITIONAL APPROVAL. ERECT A TWO STORY FRAME IVB SINGLE FAMILY RESIDENCE WITH A DETACHED TWO CAR FRAME GARAGE, AS PER ARCHITECT'S PLANS || permit_chain_100788417 [2018-10-24] NA units=missing description=CONDITIONAL APPROVAL. ERECT A TWO STORY FRAME IVB SINGLE FAMILY RESIDENCE WITH A DETACHED TWO CAR FRAME GARAGE, AS PER ARCHITECT'S PLANS || permit_chain_100849601 [2020-02-20] NA units=missing description=ERECT A TWO STORY FRAME IVA SINGLE FAMILY RESIDENCE WITH BASEMENT, REAR OPEN DECK AND A DETACHED TWO CAR FRAME GARAGE, AS PER ARCHITECT'S PLANS. || permit_chain_100849610 [2020-02-24] NA units=missing description=ERECT A TWO STORY FRAME IVA SINGLE FAMILY RESIDENCE WITH BASEMENT, REAR OPEN DECK  AND A DETACHED TWO CAR FRAME GARAGE, AS PER ARCHITECT'S PLANS. || permit_chain_100858420 [2020-06-02] NA units=9 description=ERECT A 2 STORY, 9 DWELLING UNIT TYPE IIIB TOWN-HOME BUILDING WITH BASEMENTS AND ATTACHED GARAGES, AS PER ARCHITECT'S PLANS. **PROPOSED PROTOTYPE PLAN**",,,,,,,,,,TRUE,TRUE,FALSE,FALSE,3_placebo_scope_threshold,construction_year_parcel_polygon,6,0,0,0,,,,52638.124998770654,city_building_395592 address=2637 2637 S THROOP ST; year=0; units=0; building_sqft=0; overlap=0.996 || city_building_395117 address=2555 2555 S HILLOCK AVE; year=0; units=0; building_sqft=0; overlap=0.997 || city_building_395444 address=2601 2601 S THROOP ST; year=0; units=0; building_sqft=0; overlap=1 || city_building_395221 address=0 0; year=0; units=0; building_sqft=0; overlap=0.991 || city_building_395957 address=2637 2637 S THROOP ST; year=0; units=0; building_sqft=0; overlap=1 || city_building_395836 address=0 0; year=0; units=0; building_sqft=0; overlap=1,0,0,,,,2607 S THROOP ST,1,2607 S THROOP ST,FALSE,FALSE,FALSE,FALSE,FALSE,FALSE,FALSE,FALSE,FALSE,FALSE,manual_review_required,,,6_placebo_scope_multifamily_threshold,episode_067,successors_exceed_parent_inventory,FALSE,residential_multicard_17294020010000,residential_17294020410000/residential_17294020420000/residential_17294020430000/residential_17294020440000/residential_17294020450000/residential_17294020460000/residential_17294020470000/residential_17294020480000/residential_17294020490000/residential_17294020500000/residential_17294020510000,7,13132,11,20680,27191,1.5714285714285714,1.5747791653975023,11,11,20680,27191,residential_17294020410000/residential_17294020420000/residential_17294020430000/residential_17294020440000/residential_17294020450000/residential_17294020460000/residential_17294020470000/residential_17294020480000/residential_17294020490000/residential_17294020500000/residential_17294020510000,noncondo_17294020510000 [2553 S HILLOCK AVE] year=2019 units=1 sqft=1880 land=2581 project=residential_17294020510000 || noncondo_17294020500000 [2557 S HILLOCK AVE] year=2019 units=1 sqft=1880 land=2461 project=residential_17294020500000 || noncondo_17294020490000 [2559 S HILLOCK AVE] year=2019 units=1 sqft=1880 land=2461 project=residential_17294020490000 || noncondo_17294020480000 [2561 S HILLOCK AVE] year=2019 units=1 sqft=1880 land=2461 project=residential_17294020480000 || noncondo_17294020470000 [2563 S HILLOCK AVE] year=2019 units=1 sqft=1880 land=2461 project=residential_17294020470000 || noncondo_17294020460000 [2565 S HILLOCK AVE] year=2019 units=1 sqft=1880 land=2461 project=residential_17294020460000 || noncondo_17294020450000 [2569 S HILLOCK AVE] year=2019 units=1 sqft=1880 land=2461 project=residential_17294020450000 || noncondo_17294020440000 [2571 S HILLOCK AVE] year=2019 units=1 sqft=1880 land=2461 project=residential_17294020440000 || noncondo_17294020430000 [2573 S HILLOCK AVE] year=2019 units=1 sqft=1880 land=2461 project=residential_17294020430000 || noncondo_17294020420000 [2575 S HILLOCK AVE] year=2019 units=1 sqft=1880 land=2461 project=residential_17294020420000 || noncondo_17294020410000 [2579 S HILLOCK AVE] year=2019 units=1 sqft=1880 land=2461 project=residential_17294020410000,,,,,,,manual_episode_review,,,TRUE,retain,7,13132,contemporaneous_card_inventory,manual_review_complete,cards=7; card_units=7; card_building_sqft=13132; permit_addresses=2559 S HILLOCK AVE / 2561 S HILLOCK AVE / 2563 S HILLOCK AVE / 2565 S HILLOCK AVE / 2569 S HILLOCK AVE / 2571 S HILLOCK AVE / 2573 S HILLOCK AVE / 2575 S HILLOCK AVE / 2579 S HILLOCK AVE / 2553 S HILLOCK AVE / 2557 S HILLOCK AVE / 2615 S THROOP ST,,,,,,retain,7,13132,retain_card_inventory,high,Seven construction-year cards contain seven units; seven later rows reproduce those cards and four unmatched nearby rows remain separate.,,,,,2018,existing_adjudicated_year,retain_card_inventory,suppress_matched_successors,high,Seven construction-year cards contain seven units; seven later rows reproduce those cards and four unmatched nearby rows remain separate.,,,
residential_multicard_17313100010000,2006,FALSE,TRUE,638.877561735241,11_12,1,1588,36176,0.04389650597080938,1.2041132242370634,17313100010000,residential_multicard_17313100010000,17313100010000,residential_17313100010000,residential_multicard_17313100010000,8,1/2/3/4/5/6/7/8,295,1,TRUE,8,12704,1,1588,TRUE,TRUE,2007,2007,8,8,1,0,0,0,0,0,,,,,,,0,0,,,,,,,,,,,,,,,,TRUE,TRUE,FALSE,FALSE,3_placebo_scope_threshold,construction_year_parcel_polygon,0,0,,,,,,,,0,0,,,,3533 S OAKLEY AVE,1,3533 S OAKLEY AVE,FALSE,FALSE,FALSE,FALSE,FALSE,FALSE,FALSE,FALSE,FALSE,FALSE,manual_review_required,,,6_placebo_scope_multifamily_threshold,episode_071,successors_exceed_parent_inventory,FALSE,residential_multicard_17313100010000,residential_17313100310000/residential_17313100320000/residential_17313100330000/residential_17313100340000/residential_17313100350000/residential_17313100360000/residential_17313100370000/residential_17313100380000/residential_17313100390000/residential_17313100400000/residential_17313100410000/residential_17313100420000/residential_17313100430000/residential_17313100440000,8,12704,14,22232,13642,1.75,1.75,14,14,22232,13642,residential_17313100310000/residential_17313100320000/residential_17313100330000/residential_17313100340000/residential_17313100350000/residential_17313100360000/residential_17313100370000/residential_17313100380000/residential_17313100390000/residential_17313100400000/residential_17313100410000/residential_17313100420000/residential_17313100430000/residential_17313100440000,noncondo_17313100380000 [2243 W 35TH PL] year=2007 units=1 sqft=1588 land=939 project=residential_17313100380000 || noncondo_17313100390000 [2245 W 35TH PL] year=2007 units=1 sqft=1588 land=921 project=residential_17313100390000 || noncondo_17313100400000 [2247 S OAKLEY AVE] year=2007 units=1 sqft=1588 land=921 project=residential_17313100400000 || noncondo_17313100410000 [2249 S OAKLEY AVE] year=2007 units=1 sqft=1588 land=922 project=residential_17313100410000 || noncondo_17313100420000 [2251 W 35TH PL] year=2007 units=1 sqft=1588 land=949 project=residential_17313100420000 || noncondo_17313100430000 [2253 W 35TH PL] year=2007 units=1 sqft=1588 land=1366 project=residential_17313100430000 || noncondo_17313100440000 [2255 W 35TH PL] year=2007 units=1 sqft=1588 land=981 project=residential_17313100440000 || noncondo_17313100310000 [3535 S OAKLEY AVE] year=2007 units=1 sqft=1588 land=1088 project=residential_17313100310000 || noncondo_17313100320000 [3537 S OAKLEY AVE] year=2007 units=1 sqft=1588 land=921 project=residential_17313100320000 || noncondo_17313100330000 [3539 S OAKLEY AVE] year=2007 units=1 sqft=1588 land=921 project=residential_17313100330000 || noncondo_17313100340000 [3541 S OAKLEY AVE] year=2007 units=1 sqft=1588 land=921 project=residential_17313100340000 || noncondo_17313100350000 [3543 S OAKLEY AVE] year=2007 units=1 sqft=1588 land=921 project=residential_17313100350000 || noncondo_17313100360000 [3545 S OAKLEY AVE] year=2007 units=1 sqft=1588 land=921 project=residential_17313100360000 || noncondo_17313100370000 [3547 S OAKLEY AVE] year=2007 units=1 sqft=1588 land=950 project=residential_17313100370000,,,,,,,manual_episode_review,,,TRUE,retain,8,12704,contemporaneous_card_inventory,manual_review_complete,cards=8; card_units=8; card_building_sqft=12704; permit_addresses=none,,,,,,retain,8,12704,retain_card_inventory,high,Eight construction-year cards contain eight units; eight later rows reproduce those cards and six unmatched nearby rows remain separate.,,,,,2006,existing_adjudicated_year,retain_card_inventory,suppress_matched_successors,high,Eight construction-year cards contain eight units; eight later rows reproduce those cards and six unmatched nearby rows remain separate.,,,
residential_multicard_17344230090000,2006,FALSE,TRUE,1168.4187400091412,3_4,1,2044,15357,0.1330989125480237,2.8364915022465325,17344230090000,residential_multicard_17344230090000,17344230090000,residential_17344230090000,residential_multicard_17344230090000,5,1/2/3/4/5,295,2,FALSE,5,10049,1,1987/2044,TRUE,TRUE,2008,2011,5,5,4,0,0,0,0,0,,,,,,,0,0,,,,,,,,,,,,,,,,TRUE,TRUE,FALSE,FALSE,3_placebo_scope_threshold,construction_year_parcel_polygon,1,0,0,2010,5,5,,5386.383612588048,city_building_891735 address=717 717 E 38TH ST; year=2010; units=5; building_sqft=0; overlap=1,0,0,,,,717 E 38TH ST,1,717 E 38TH ST,FALSE,TRUE,FALSE,FALSE,FALSE,FALSE,FALSE,FALSE,TRUE,FALSE,candidate_sum_supported,5,10049,6_placebo_scope_multifamily_threshold,episode_073,successors_exceed_parent_inventory,FALSE,residential_multicard_17344230090000,residential_17344230160000/residential_17344230170000/residential_17344230180000/residential_17344230190000/residential_17344230200000/residential_adjudicated_38th_2006,5,10049,7,13807,24536,1.4,1.373967558961091,5,5,10249,12471,residential_17344230160000/residential_17344230170000/residential_17344230180000/residential_17344230190000/residential_17344230200000,noncondo_17344230200000 [717 E 38TH ST] year=2006 units=1 sqft=2023 land=2947 project=residential_17344230200000 || noncondo_17344230190000 [719 E 38TH ST] year=2006 units=1 sqft=2023 land=2345 project=residential_17344230190000 || noncondo_17344230180000 [721 E 38TH ST] year=2006 units=1 sqft=2023 land=2089 project=residential_17344230180000 || noncondo_17344230170000 [723 E 38TH ST] year=2006 units=1 sqft=2090 land=2353 project=residential_17344230170000 || noncondo_17344230160000 [725 E 38TH ST] year=2006 units=1 sqft=2090 land=2737 project=residential_17344230160000,,,,,,,manual_episode_review,,,TRUE,retain,5,10049,contemporaneous_card_inventory,manual_review_complete,cards=5; card_units=5; card_building_sqft=10049; permit_addresses=none,,,,,,retain,5,10049,retain_card_inventory,high,Five construction-year cards contain five units and transition to five matched successor rows.,,,,,2006,existing_adjudicated_year,retain_card_inventory,suppress_matched_successors,high,Five construction-year cards contain five units and transition to five matched successor rows.,,,
residential_multicard_20023000260000,2017,FALSE,TRUE,1091.932201344988,3_4,1,2149,22606,0.09506325754224544,1.9269220560913032,20023000260000,residential_multicard_20023000260000,20023000260000,residential_20023000260000,residential_multicard_20023000260000,10,1/2/3/4/5/6/7/8/9/10,295,1,TRUE,10,21490,1,2149,TRUE,TRUE,2018,2018,10,10,1,0,0,1,1,0,1,1,4302 S DREXEL BLVD,4302 S DREXEL BLVD,,,0,0,FALSE,FALSE,,,"permit_chain_100636386 [exact PIN] [2017-01-27] 4302 S DREXEL BLVD units=missing description=ERECT 9 NEW TOWNHOMES WITH GARAGES. ADDRESS INCLUDES 4302 S. DREXEL UNITS A & B, 4306 UNITS A & B, 4310 UNITS A & B, 4314 AND 4318 UNITS A & B.(CONDITIONAL PERMIT SUBJECT TO FIELD INSPECTIONS)","permit_chain_100636386 [2017-01-27] 4302 S DREXEL BLVD units=missing description=ERECT 9 NEW TOWNHOMES WITH GARAGES. ADDRESS INCLUDES 4302 S. DREXEL UNITS A & B, 4306 UNITS A & B, 4310 UNITS A & B, 4314 AND 4318 UNITS A & B.(CONDITIONAL PERMIT SUBJECT TO FIELD INSPECTIONS)",,,,,,,,,,TRUE,TRUE,FALSE,FALSE,3_placebo_scope_threshold,construction_year_parcel_polygon,0,0,,,,,,,,0,0,,,,4300 S DREXEL BLVD,1,4300 S DREXEL BLVD,FALSE,FALSE,FALSE,FALSE,FALSE,FALSE,FALSE,FALSE,FALSE,FALSE,manual_review_required,,,6_placebo_scope_multifamily_threshold,episode_080,partial_successor_reproduction,FALSE,residential_multicard_20023000260000,residential_20023000470000/residential_20023000480000/residential_20023000490000/residential_20023000500000/residential_20023000510000/residential_20023000530000/residential_20023000540000,10,21490,7,12631,17144,0.7,0.5877617496510005,8,8,14479,20245,residential_20023000460000/residential_20023000470000/residential_20023000480000/residential_20023000490000/residential_20023000500000/residential_20023000510000/residential_20023000530000/residential_20023000540000,noncondo_20023000470000 [4302 S DREXEL BLVD] year=2018 units=1 sqft=1809 land=2325 project=residential_20023000470000 || noncondo_20023000480000 [4306 S DREXEL BLVD] year=2018 units=1 sqft=1829 land=2329 project=residential_20023000480000 || noncondo_20023000490000 [4306 S DREXEL BLVD] year=2018 units=1 sqft=1786 land=2349 project=residential_20023000490000 || noncondo_20023000500000 [4310 S DREXEL BLVD] year=2018 units=1 sqft=1775 land=2333 project=residential_20023000500000 || noncondo_20023000510000 [4310 S DREXEL BLVD] year=2018 units=1 sqft=1786 land=2317 project=residential_20023000510000 || noncondo_20023000530000 [4318 S DREXEL BLVD] year=2018 units=1 sqft=1809 land=2325 project=residential_20023000530000 || noncondo_20023000540000 [4318 S DREXEL BLVD] year=2018 units=1 sqft=1837 land=3166 project=residential_20023000540000 || noncondo_20023000460000 [4302 S DREXEL BLVD] year=2019 units=1 sqft=1848 land=3101 project=residential_20023000460000,,,,,,,manual_episode_review,,,TRUE,retain,10,21490,contemporaneous_card_inventory,manual_review_complete,cards=10; card_units=10; card_building_sqft=21490; permit_addresses=4302 S DREXEL BLVD,retain,9,19341,high,"City permit 2732443 authorizes nine townhomes at 4300-4318 S Drexel. The assessor has ten identical 2,149-square-foot cards, so one duplicate card is removed.",retain,9,19341,retain_manual_override,high,"The permits authorize nine Drexel townhouses, so the manual override removes one duplicate card. Eight later rows reproduce individual townhouse records.",,,,,2017,existing_adjudicated_year,retain_manual_override,suppress_matched_successors,high,"The permits authorize nine Drexel townhouses, so the manual override removes one duplicate card. Eight later rows reproduce individual townhouse records.",,,
residential_multicard_20023050320000,2022,FALSE,TRUE,920.0038914711704,3_4,1,2318,26380,0.08786959818043973,1.6512509476876422,20023050320000,residential_multicard_20023050320000,20023050320000,residential_20023050320000,residential_multicard_20023050320000,12,3/4/5/6/7/8/9/10/11/12/13/14,295,1,TRUE,12,27816,1,2318,TRUE,TRUE,2022,2022,12,12,1,0,0,0,0,0,,,,,,,0,0,,,,,,,,,,,,,,,,TRUE,TRUE,FALSE,FALSE,3_placebo_scope_threshold,construction_year_parcel_polygon,0,0,,,,,,,,0,0,,,,4434 S DREXEL BLVD,1,4434 S DREXEL BLVD,FALSE,FALSE,FALSE,FALSE,FALSE,FALSE,FALSE,FALSE,FALSE,FALSE,manual_review_required,,,6_placebo_scope_multifamily_threshold,episode_082,successors_exceed_parent_inventory,FALSE,residential_multicard_20023050320000,residential_20023050350000/residential_20023050360000/residential_20023050370000/residential_20023050380000/residential_20023050390000/residential_20023050400000/residential_20023050410000/residential_20023050420000/residential_20023050430000/residential_20023050440000/residential_20023050450000/residential_20023050460000,12,27816,16,29274,13330,1.3333333333333333,1.052415875754961,12,12,29274,13330,residential_20023050350000/residential_20023050360000/residential_20023050370000/residential_20023050380000/residential_20023050390000/residential_20023050400000/residential_20023050410000/residential_20023050420000/residential_20023050430000/residential_20023050440000/residential_20023050450000/residential_20023050460000,noncondo_20023050400000 [4430 S DREXEL BLVD] year=2022 units=1 sqft=2391 land=991 project=residential_20023050400000 || noncondo_20023050390000 [4432 S DREXEL BLVD] year=2022 units=1 sqft=2391 land=962 project=residential_20023050390000 || noncondo_20023050380000 [4434 S DREXEL BLVD] year=2022 units=1 sqft=2490 land=959 project=residential_20023050380000 || noncondo_20023050370000 [4436 S DREXEL BLVD] year=2022 units=1 sqft=2518 land=1001 project=residential_20023050370000 || noncondo_20023050410000 [4438 S DREXEL BLVD A] year=2022 units=1 sqft=2445 land=1200 project=residential_20023050410000 || noncondo_20023050420000 [4438 S DREXEL BLVD B] year=2022 units=1 sqft=2445 land=1167 project=residential_20023050420000 || noncondo_20023050430000 [4438 S DREXEL BLVD C] year=2022 units=1 sqft=2385 land=1168 project=residential_20023050430000 || noncondo_20023050440000 [4438 S DREXEL BLVD D] year=2022 units=1 sqft=2385 land=1349 project=residential_20023050440000 || noncondo_20023050450000 [4446 S DREXEL BLVD A] year=2022 units=1 sqft=2422 land=1374 project=residential_20023050450000 || noncondo_20023050460000 [4446 S DREXEL BLVD B] year=2022 units=1 sqft=2422 land=1192 project=residential_20023050460000 || noncondo_20023050350000 [4448 S DREXEL BLVD A] year=2022 units=1 sqft=2490 land=987 project=residential_20023050350000 || noncondo_20023050360000 [4448 S DREXEL BLVD B] year=2022 units=1 sqft=2490 land=980 project=residential_20023050360000,,,,,,,manual_episode_review,,,TRUE,retain,12,27816,contemporaneous_card_inventory,manual_review_complete,cards=12; card_units=12; card_building_sqft=27816; permit_addresses=none,,,,,,retain,12,27816,retain_card_inventory,high,Twelve construction-year cards correspond to the three four-townhouse permits and match the twelve later Drexel townhouse rows.,,,,,2022,existing_adjudicated_year,retain_card_inventory,suppress_matched_successors,high,Twelve construction-year cards correspond to the three four-townhouse permits and match the twelve later Drexel townhouse rows.,,,
residential_multicard_20143160010000,2021,FALSE,TRUE,1423.023025353977,5_20,1,2221,22011,0.10090409340784154,1.9790104947526237,20143160010000,residential_multicard_20143160010000,20143160010000,residential_20143160010000,residential_multicard_20143160010000,9,1/2/3/4/5/6/7/8/9,295,2,FALSE,9,19436,1,2142/2221,TRUE,TRUE,2021,2021,9,9,1,0,0,6,6,0,6,6,1001 E 62ND ST / 6205 S ELLIS AVE / 6215 S ELLIS AVE / 6211 S ELLIS AVE / 6213 S ELLIS AVE / 6229 S ELLIS AVE,1001 E 62ND ST / 6205 S ELLIS AVE / 6215 S ELLIS AVE / 6211 S ELLIS AVE / 6213 S ELLIS AVE / 6229 S ELLIS AVE / NA,,,0,0,FALSE,FALSE,,,"permit_chain_100865887 [exact PIN] [2020-03-24] 1001 E 62ND ST / 6205 S ELLIS AVE / 6215 S ELLIS AVE / 6211 S ELLIS AVE / 6213 S ELLIS AVE / 6229 S ELLIS AVE units=missing description=ERECTION OF NEW 3-STORY TOWNHOUSE BUILDING #1 - ADDRESS RANGES 1001-1017 62-ND ST. [BUILDINGS #2 THRU 6 ARE NOT PART OF THIS APPLICATION] CONSISTING OF TOTAL NINE (9) ATTACHED SFR UNITS W/ SEPARATE MEANS OF EGRESS, EACH UNIT INCLUDES ATTACHED 2-CAR GARAGE - (9) TOTAL, ONE FRONT MTL. STAIR - (9) TOTAL, ONE (1) REAR MTL. BALCONY - (9) TOTAL, ONE (1) ROOF DECK - (9) TOTAL, MTL AND WD FENCE PER PLANS CURRENT USE: VACANT, PROPOSED USE: RESIDENTIAL (CONDITIONAL PERMIT SUBJECT TO FIELD INSPECTIONS) || permit_chain_100865898 [exact PIN] [2020-03-24] 1001 E 62ND ST / 6205 S ELLIS AVE / 6215 S ELLIS AVE / 6211 S ELLIS AVE / 6213 S ELLIS AVE / 6229 S ELLIS AVE units=missing description=ERECTION OF NEW 3-STORY TOWNHOUSE BUILDING #2 - ADDRESS RANGES 6205-6209 S. ELLIS AVE. [BUILDINGS #1 AND 3 THRU 6 ARE NOT PART OF THIS APPLICATION] CONSISTING OF TOTAL THREE (3) ATTACHED SFR UNITS W/ SEPARATE MEANS OF EGRESS, EACH UNIT INCLUDES ATTACHED 2-CAR GARAGE - (3) TOTAL, ONE FRONT MTL. STAIR - (3) TOTAL, ONE (1) REAR MTL. BALCONY - (3) TOTAL, ONE (1) ROOF DECK - (3) TOTAL, MTL AND WD FENCE PER PLANS CURRENT USE: VACANT PROPOSED USE: RESIDENTIAL   [SEE REVISION #100965680, TO REVISE THE ADDRESS TO: 6203-05 S ELLIS AVE (PER REVISED CDOT HOUSE NUMBER CERTIFICATE)] || permit_chain_100865903 [exact PIN] [2020-03-24] 1001 E 62ND ST / 6205 S ELLIS AVE / 6215 S ELLIS AVE / 6211 S ELLIS AVE / 6213 S ELLIS AVE / 6229 S ELLIS AVE units=missing description=ERECTION OF NEW 3-STORY TOWNHOUSE BUILDING #3 - ADDRESS RANGES 6215-6227 S. ELLIS AVE. [BUILDINGS #1, 2, 4, 5, 6 ARE NOT PART OF THIS APPLICATION] CONSISTING OF TOTAL SEVEN (7) ATTACHED SFR UNITS W/ SEPARATE MEANS OF EGRESS, EACH UNIT INCLUDES ATTACHED 2-CAR GARAGE - (7) TOTAL, ONE FRONT MTL. STAIR - (7) TOTAL, ONE (1) REAR MTL. BALCONY - (7) TOTAL, ONE (1) ROOF DECK - (7) TOTAL, MTL AND WD FENCE PER PLANS CURRENT USE: VACANT PROPOSED USE: RESIDENTIAL(CONDITIONAL PERMIT SUBJECT TO FIELD INSPECTIONS) [SEE REVISION #100965684, TO REVISE THE ADDRESS TO: 6213-6225 S ELLIS AVE (PER REVISED CDOT HOUSE NUMBER CERTIFICATE)] || permit_chain_100865906 [exact PIN] [2020-03-24] 1001 E 62ND ST / 6205 S ELLIS AVE / 6215 S ELLIS AVE / 6211 S ELLIS AVE / 6213 S ELLIS AVE / 6229 S ELLIS AVE units=missing description=ERECTION OF NEW 3-STORY TOWNHOUSE BUILDING #4 - ADDRESS 6211 S. ELLIS AVE. [BUILDINGS #1,2,3,5,6 ARE NOT PART OF THIS APPLICATION] CONSISTING OF TOTAL FIVE (5) ATTACHED SFR UNITS W/ SEPARATE MEANS OF EGRESS, EACH UNIT INCLUDES ATTACHED 2-CAR GARAGE - (5) TOTAL, ONE FRONT MTL. STAIR - (5) TOTAL, ONE (1) REAR MTL. BALCONY - (5) TOTAL, ONE (1) ROOF DECK - (5) TOTAL, MTL AND WD FENCE PER PLANS CURRENT USE: VACANT PROPOSED USE: RESIDENTIAL [SEE REVISION #100965682, TO REVISE THE ADDRESS TO: 6209 S ELLIS AVE (PER REVISED CDOT HOUSE NUMBER CERTIFICATE)] || permit_chain_100865912 [exact PIN] [2020-03-24] 1001 E 62ND ST / 6205 S ELLIS AVE / 6215 S ELLIS AVE / 6211 S ELLIS AVE / 6213 S ELLIS AVE / 6229 S ELLIS AVE units=missing description=ERECTION OF NEW 3-STORY TOWNHOUSE BUILDING #5 - ADDRESS 6213 S. ELLIS AVE. [BUILDINGS #1,2,3,4,6 ARE NOT PART OF THIS APPLICATION] CONSISTING OF TOTAL FIVE (5) ATTACHED SFR UNITS W/ SEPARATE MEANS OF EGRESS, EACH UNIT INCLUDES ATTACHED 2-CAR GARAGE - (5) TOTAL, ONE FRONT MTL. STAIR - (5) TOTAL, ONE (1) REAR MTL. BALCONY - (5) TOTAL, ONE (1) ROOF DECK - (5) TOTAL, MTL AND WD FENCE PER PLANS CURRENT USE: VACANT PROPOSED USE: RESIDENTIAL || permit_chain_100865917 [exact PIN] [2020-03-24] 1001 E 62ND ST / 6205 S ELLIS AVE / 6215 S ELLIS AVE / 6211 S ELLIS AVE / 6213 S ELLIS AVE / 6229 S ELLIS AVE units=missing description=ERECTION OF NEW 3-STORY TOWNHOUSE BUILDING #6 - ADDRESS 6229 S. ELLIS AVE. [BUILDINGS #1 THRU 5 ARE NOT PART OF THIS APPLICATION] CONSISTING OF TOTAL FIVE (5) ATTACHED SFR UNITS W/ SEPARATE MEANS OF EGRESS, EACH UNIT INCLUDES ATTACHED 2-CAR GARAGE - (5) TOTAL, ONE FRONT MTL. STAIR - (5) TOTAL, ONE (1) REAR MTL. BALCONY - (5) TOTAL, ONE (1) ROOF DECK - (5) TOTAL, MTL AND WD FENCE PER PLANS   CURRENT USE: VACANT PROPOSED USE: RESIDENTIAL  (CONDITIONAL PERMIT SUBJECT TO FIELD INSPECTIONS) [SEE REVISION #100965685, TO REVISE THE ADDRESS TO: 6227 S ELLIS AVE (PER REVISED CDOT HOUSE NUMBER CERTIFICATE)]","permit_chain_100865887 [2020-03-24] 1001 E 62ND ST / 6205 S ELLIS AVE / 6215 S ELLIS AVE / 6211 S ELLIS AVE / 6213 S ELLIS AVE / 6229 S ELLIS AVE units=missing description=ERECTION OF NEW 3-STORY TOWNHOUSE BUILDING #1 - ADDRESS RANGES 1001-1017 62-ND ST. [BUILDINGS #2 THRU 6 ARE NOT PART OF THIS APPLICATION] CONSISTING OF TOTAL NINE (9) ATTACHED SFR UNITS W/ SEPARATE MEANS OF EGRESS, EACH UNIT INCLUDES ATTACHED 2-CAR GARAGE - (9) TOTAL, ONE FRONT MTL. STAIR - (9) TOTAL, ONE (1) REAR MTL. BALCONY - (9) TOTAL, ONE (1) ROOF DECK - (9) TOTAL, MTL AND WD FENCE PER PLANS CURRENT USE: VACANT, PROPOSED USE: RESIDENTIAL (CONDITIONAL PERMIT SUBJECT TO FIELD INSPECTIONS) || permit_chain_100865898 [2020-03-24] NA units=missing description=ERECTION OF NEW 3-STORY TOWNHOUSE BUILDING #2 - ADDRESS RANGES 6205-6209 S. ELLIS AVE. [BUILDINGS #1 AND 3 THRU 6 ARE NOT PART OF THIS APPLICATION] CONSISTING OF TOTAL THREE (3) ATTACHED SFR UNITS W/ SEPARATE MEANS OF EGRESS, EACH UNIT INCLUDES ATTACHED 2-CAR GARAGE - (3) TOTAL, ONE FRONT MTL. STAIR - (3) TOTAL, ONE (1) REAR MTL. BALCONY - (3) TOTAL, ONE (1) ROOF DECK - (3) TOTAL, MTL AND WD FENCE PER PLANS CURRENT USE: VACANT PROPOSED USE: RESIDENTIAL   [SEE REVISION #100965680, TO REVISE THE ADDRESS TO: 6203-05 S ELLIS AVE (PER REVISED CDOT HOUSE NUMBER CERTIFICATE)] || permit_chain_100865903 [2020-03-24] NA units=missing description=ERECTION OF NEW 3-STORY TOWNHOUSE BUILDING #3 - ADDRESS RANGES 6215-6227 S. ELLIS AVE. [BUILDINGS #1, 2, 4, 5, 6 ARE NOT PART OF THIS APPLICATION] CONSISTING OF TOTAL SEVEN (7) ATTACHED SFR UNITS W/ SEPARATE MEANS OF EGRESS, EACH UNIT INCLUDES ATTACHED 2-CAR GARAGE - (7) TOTAL, ONE FRONT MTL. STAIR - (7) TOTAL, ONE (1) REAR MTL. BALCONY - (7) TOTAL, ONE (1) ROOF DECK - (7) TOTAL, MTL AND WD FENCE PER PLANS CURRENT USE: VACANT PROPOSED USE: RESIDENTIAL(CONDITIONAL PERMIT SUBJECT TO FIELD INSPECTIONS) [SEE REVISION #100965684, TO REVISE THE ADDRESS TO: 6213-6225 S ELLIS AVE (PER REVISED CDOT HOUSE NUMBER CERTIFICATE)] || permit_chain_100865906 [2020-03-24] NA units=missing description=ERECTION OF NEW 3-STORY TOWNHOUSE BUILDING #4 - ADDRESS 6211 S. ELLIS AVE. [BUILDINGS #1,2,3,5,6 ARE NOT PART OF THIS APPLICATION] CONSISTING OF TOTAL FIVE (5) ATTACHED SFR UNITS W/ SEPARATE MEANS OF EGRESS, EACH UNIT INCLUDES ATTACHED 2-CAR GARAGE - (5) TOTAL, ONE FRONT MTL. STAIR - (5) TOTAL, ONE (1) REAR MTL. BALCONY - (5) TOTAL, ONE (1) ROOF DECK - (5) TOTAL, MTL AND WD FENCE PER PLANS CURRENT USE: VACANT PROPOSED USE: RESIDENTIAL [SEE REVISION #100965682, TO REVISE THE ADDRESS TO: 6209 S ELLIS AVE (PER REVISED CDOT HOUSE NUMBER CERTIFICATE)] || permit_chain_100865912 [2020-03-24] NA units=missing description=ERECTION OF NEW 3-STORY TOWNHOUSE BUILDING #5 - ADDRESS 6213 S. ELLIS AVE. [BUILDINGS #1,2,3,4,6 ARE NOT PART OF THIS APPLICATION] CONSISTING OF TOTAL FIVE (5) ATTACHED SFR UNITS W/ SEPARATE MEANS OF EGRESS, EACH UNIT INCLUDES ATTACHED 2-CAR GARAGE - (5) TOTAL, ONE FRONT MTL. STAIR - (5) TOTAL, ONE (1) REAR MTL. BALCONY - (5) TOTAL, ONE (1) ROOF DECK - (5) TOTAL, MTL AND WD FENCE PER PLANS CURRENT USE: VACANT PROPOSED USE: RESIDENTIAL || permit_chain_100865917 [2020-03-24] NA units=missing description=ERECTION OF NEW 3-STORY TOWNHOUSE BUILDING #6 - ADDRESS 6229 S. ELLIS AVE. [BUILDINGS #1 THRU 5 ARE NOT PART OF THIS APPLICATION] CONSISTING OF TOTAL FIVE (5) ATTACHED SFR UNITS W/ SEPARATE MEANS OF EGRESS, EACH UNIT INCLUDES ATTACHED 2-CAR GARAGE - (5) TOTAL, ONE FRONT MTL. STAIR - (5) TOTAL, ONE (1) REAR MTL. BALCONY - (5) TOTAL, ONE (1) ROOF DECK - (5) TOTAL, MTL AND WD FENCE PER PLANS   CURRENT USE: VACANT PROPOSED USE: RESIDENTIAL  (CONDITIONAL PERMIT SUBJECT TO FIELD INSPECTIONS) [SEE REVISION #100965685, TO REVISE THE ADDRESS TO: 6227 S ELLIS AVE (PER REVISED CDOT HOUSE NUMBER CERTIFICATE)]",,,,,,,,,,TRUE,TRUE,FALSE,FALSE,3_placebo_scope_threshold,construction_year_parcel_polygon,0,0,,,,,,,,0,0,,,,6201 S ELLIS AVE,1,6201 S ELLIS AVE,FALSE,FALSE,FALSE,FALSE,FALSE,FALSE,FALSE,FALSE,FALSE,FALSE,manual_review_required,,,6_placebo_scope_multifamily_threshold,episode_092,partial_successor_reproduction,FALSE,residential_multicard_20143160010000,residential_20143160390000/residential_20143160400000/residential_20143160410000,9,19436,3,5798,3048,0.3333333333333333,0.2983124099608973,9,17,41149,55933,residential_20143160390000/residential_20143160400000/residential_20143160410000,condo_2014316038 [1001 E 62ND ST / 1003 E 62ND ST / 1005 E 62ND ST / 1007 E 62ND ST / 1009 E 62ND ST / 1011 E 62ND ST / 1013 E 62ND ST / 1015 E 62ND ST / 1017 E 62ND ST] year=2021 units=9 sqft=25663 land=47975 project=NA || noncondo_20143160390000 [6203 S ELLIS AVE] year=2021 units=1 sqft=1908 land=1016 project=residential_20143160390000 || noncondo_20143160400000 [6205 S ELLIS AVE] year=2021 units=1 sqft=1982 land=1016 project=residential_20143160400000 || noncondo_20143160410000 [6207 S ELLIS AVE] year=2021 units=1 sqft=1908 land=1016 project=residential_20143160410000 || noncondo_20143160490000 [6209 S ELLIS AVE A] year=2023 units=1 sqft=1908 land=982 project=NA || noncondo_20143160500000 [6209 S ELLIS AVE B] year=2023 units=1 sqft=1982 land=982 project=NA || noncondo_20143160510000 [6209 S ELLIS AVE C] year=2023 units=1 sqft=1908 land=982 project=NA || noncondo_20143160520000 [6209 S ELLIS AVE D] year=2023 units=1 sqft=1982 land=982 project=NA || noncondo_20143160530000 [6209 S ELLIS AVE E] year=2023 units=1 sqft=1908 land=982 project=NA,,,,,,,manual_episode_review,,,TRUE,retain,9,19436,contemporaneous_card_inventory,manual_review_complete,cards=9; card_units=9; card_building_sqft=19436; permit_addresses=1001 E 62ND ST / 6205 S ELLIS AVE / 6215 S ELLIS AVE / 6211 S ELLIS AVE / 6213 S ELLIS AVE / 6229 S ELLIS AVE,,,,,,retain,9,19436,retain_card_inventory,high,Nine construction-year cards contain nine units. Three later Ellis rows reproduce individual cards; the remaining cards stay in the parent inventory.,,,,,2021,existing_adjudicated_year,retain_card_inventory,suppress_matched_successors,high,Nine construction-year cards contain nine units. Three later Ellis rows reproduce individual cards; the remaining cards stay in the parent inventory.,,,
residential_multicard_20331040040000,2007,FALSE,TRUE,601.1020159534521,17_21,2,2289,7505,0.3049966688874084,11.60826115922718,20331040040000,residential_multicard_20331040040000,20331040040000,residential_20331040040000,residential_multicard_20331040040000,4,1/2/3/4,211,1,TRUE,8,9156,2,2289,TRUE,TRUE,2008,2015,4,4,8,0,0,0,0,0,,,,,,,0,0,,,,,,,,,,,,,,,,TRUE,FALSE,FALSE,FALSE,4_placebo_scope_outcome,construction_year_parcel_polygon,4,4,0,2008,2/3,11,,3598.442544180318,city_building_889370 address=7906 7906 S PARNELL AVE; year=2008; units=3; building_sqft=0; overlap=1 || city_building_889368 address=7900 7900 S PARNELL AVE; year=2008; units=2; building_sqft=0; overlap=1 || city_building_889369 address=7902 7902 S PARNELL AVE; year=2008; units=3; building_sqft=0; overlap=1 || city_building_889371 address=7908 7908 S PARNELL AVE; year=2008; units=3; building_sqft=0; overlap=0.902,4,4,2008,3598.430541569367,cook_2008_407558 address=7906 7906 S PARNELL AVE; year=2008; overlap=1 || cook_2008_407444 address=7900 7900 S PARNELL AVE; year=2008; overlap=1 || cook_2008_768833 address=7902 7902 S PARNELL AVE; year=2008; overlap=1 || cook_2008_407559 address=7908 7908 S PARNELL AVE; year=2008; overlap=0.902,7900 S PARNELL AVE,1,7900 S PARNELL AVE,FALSE,FALSE,FALSE,FALSE,TRUE,TRUE,FALSE,FALSE,TRUE,FALSE,candidate_sum_supported,8,9156,7_placebo_scope_outcome,episode_097,partial_successor_reproduction,FALSE,residential_multicard_20331040040000,residential_20331040290000,8,9156,2,2219,3716,0.25,0.2423547400611621,1,2,2219,3716,residential_20331040290000,noncondo_20331040290000 [7906 S PARNELL AVE] year=2007 units=2 sqft=2219 land=3716 project=residential_20331040290000,,,,,,,manual_episode_review,,,TRUE,retain,8,9156,contemporaneous_card_inventory,manual_review_complete,cards=4; card_units=8; card_building_sqft=9156; permit_addresses=none,,,,,,retain,8,9156,retain_card_inventory,high,Four construction-year cards contain eight units. One later two-unit row reproduces one card; the other cards remain represented by the parent inventory.,,,,,2007,existing_adjudicated_year,retain_card_inventory,suppress_matched_successors,high,Four construction-year cards contain eight units. One later two-unit row reproduces one card; the other cards remain represented by the parent inventory.,,,
residential_multicard_12252050380000,2016,FALSE,TRUE,1367.16383580592,29_38,1,2126,6027,0.35274597643935623,7.227476356396217,12252050380000,residential_multicard_12252050380000,12252050380000,residential_12252050380000,residential_multicard_12252050380000,5,1/2/3/4/5,295,2,FALSE,5,10338,1,2053/2126,TRUE,TRUE,1999,2017,5,5,10,2,3,1,1,0,1,1,3144 N OCTAVIA AVE,3144 N OCTAVIA AVE,,,0,0,FALSE,FALSE,,,"permit_chain_100635660 [exact PIN] [2016-03-14] 3144 N OCTAVIA AVE units=missing description=ERECT NEW 3 STORY MASONRY BUILDING 5 TOWN HOME UNITS WITH 1 INDOOR PARKING SPACE GARAGE ( EACH ) TYPE 4A CONSTRUCTION , NEW TRASH ENCLOSURE 9' X 5' X 6' AS PER PLANS ( 3144-3146-3148-3150 AND 3154 N OCTAVIA ) CURRENT USE: MIXED USE; PROPOSED USE: RESIDENTIAL","permit_chain_100635660 [2016-03-14] 3144 N OCTAVIA AVE units=missing description=ERECT NEW 3 STORY MASONRY BUILDING 5 TOWN HOME UNITS WITH 1 INDOOR PARKING SPACE GARAGE ( EACH ) TYPE 4A CONSTRUCTION , NEW TRASH ENCLOSURE 9' X 5' X 6' AS PER PLANS ( 3144-3146-3148-3150 AND 3154 N OCTAVIA ) CURRENT USE: MIXED USE; PROPOSED USE: RESIDENTIAL",,,,,,,,,,TRUE,TRUE,FALSE,FALSE,3_placebo_scope_threshold,construction_year_parcel_polygon,2,0,0,0,,,,2455.999999858788,city_building_220389 address=7301 7303 W BELMONT AVE; year=0; units=0; building_sqft=0; overlap=0.999 || city_building_221512 address=3142 3142 N OCTAVIA AVE; year=0; units=0; building_sqft=0; overlap=0.965,0,0,,,,3144 N OCTAVIA AVE,1,3144 N OCTAVIA AVE,FALSE,FALSE,FALSE,FALSE,FALSE,FALSE,FALSE,FALSE,FALSE,FALSE,manual_review_required,,,6_placebo_scope_multifamily_threshold,,,,,,,,,,,,,5,5,10484,5900,residential_12252050430000/residential_12252050440000/residential_12252050450000/residential_12252050460000/residential_12252050470000,noncondo_12252050430000 [3144 N OCTAVIA AVE] year=2014 units=1 sqft=2126 land=1360 project=residential_12252050430000 || noncondo_12252050440000 [3146 N OCTAVIA AVE] year=2014 units=1 sqft=2053 land=1068 project=residential_12252050440000 || noncondo_12252050450000 [3148 N OCTAVIA AVE] year=2014 units=1 sqft=2126 land=1073 project=residential_12252050450000 || noncondo_12252050460000 [3150 N OCTAVIA AVE] year=2014 units=1 sqft=2053 land=1068 project=residential_12252050460000 || noncondo_12252050470000 [3154 N OCTAVIA AVE] year=2014 units=1 sqft=2126 land=1331 project=residential_12252050470000,,,,,,,manual_no_successor_review,,,TRUE,retain,5,10338,contemporaneous_card_inventory,manual_review_complete,cards=5; card_units=5; card_building_sqft=10338; permit_addresses=3144 N OCTAVIA AVE,,,,,,retain,5,10338,contemporaneous_card_inventory,manual_review_complete,cards=5; card_units=5; card_building_sqft=10338; permit_addresses=3144 N OCTAVIA AVE,,,,,2016,existing_adjudicated_year,,,,,,,
residential_multicard_13362030180000,2021,FALSE,TRUE,805.4638745030409,1_32,1,1941,13324,0.1456769738817172,3.2692885019513658,13362030180000,residential_multicard_13362030180000,13362030180000,residential_13362030180000,residential_multicard_13362030180000,7,1/2/3/4/5/6/7,295,2,FALSE,7,12143,1,1580/1941,TRUE,TRUE,1999,2021,7,7,1,1,1,2,2,0,2,2,2303 N ROCKWELL ST / 2301 N ROCKWELL ST,2303 N ROCKWELL ST / 2301 N ROCKWELL ST / NA,,,0,0,FALSE,FALSE,,,"permit_chain_100781784 [exact PIN] [2019-03-11] 2303 N ROCKWELL ST / 2301 N ROCKWELL ST units=missing description=NEW CONSTRUCTION (4) FOUR RESIDENTIAL UNIT TOWNHOUSE BUILDING 'D', 3 STORIES + BASEMENT, SOILD MASONRY 3-B CONSTRUCTION || permit_chain_100781789 [exact PIN] [2019-03-11] 2303 N ROCKWELL ST / 2301 N ROCKWELL ST units=missing description=NEW CONSTRUCTION (3) RESIDENTIAL UNIT TOWNHOUSE BUILDING 'C', 3 STORIES + BASEMENT AND ATTACHED PRIVATE GARAGE FOR (3) INDIVIDUAL UNITS AND PRIVATE GARAGE FOR BLDG 'D'. SOLID MASONRY 3-B CONSTRUCTION","permit_chain_100781784 [2019-03-11] 2303 N ROCKWELL ST / 2301 N ROCKWELL ST units=missing description=NEW CONSTRUCTION (4) FOUR RESIDENTIAL UNIT TOWNHOUSE BUILDING 'D', 3 STORIES + BASEMENT, SOILD MASONRY 3-B CONSTRUCTION || permit_chain_100781789 [2019-03-11] NA units=missing description=NEW CONSTRUCTION (3) RESIDENTIAL UNIT TOWNHOUSE BUILDING 'C', 3 STORIES + BASEMENT AND ATTACHED PRIVATE GARAGE FOR (3) INDIVIDUAL UNITS AND PRIVATE GARAGE FOR BLDG 'D'. SOLID MASONRY 3-B CONSTRUCTION",,,,,,,,,,TRUE,TRUE,FALSE,FALSE,3_placebo_scope_threshold,construction_year_parcel_polygon,1,0,0,1894,2,2,2016,1462.37499987334,city_building_268317 address=2249 2249 N ROCKWELL ST; year=1894; units=2; building_sqft=2016; overlap=1,0,0,,,,2249 N ROCKWELL ST,1,2249 N ROCKWELL ST,FALSE,FALSE,TRUE,FALSE,FALSE,FALSE,FALSE,FALSE,FALSE,FALSE,manual_review_required,,,6_placebo_scope_multifamily_threshold,,,,,,,,,,,,,1,14,22813,22493,,condo_1336203063 [2245 N ROCKWELL ST 2245-1 / 2245 N ROCKWELL ST 2245-2 / 2245 N ROCKWELL ST 2245-3 / 2245 N ROCKWELL ST 2245-4 / 2247 N ROCKWELL ST 2247-1 / 2247 N ROCKWELL ST 2247-2 / 2247 N ROCKWELL ST 2247-3 / 2301 N ROCKWELL ST 2301-1 / 2301 N ROCKWELL ST 2301-2 / 2301 N ROCKWELL ST 2301-3 / 2303 N ROCKWELL ST 2303-1 / 2303 N ROCKWELL ST 2303-2 / 2303 N ROCKWELL ST 2303-3 / 2303 N ROCKWELL ST 2303-4] year=2021 units=14 sqft=22813 land=22493 project=NA,,,,,,,manual_no_successor_review,,,TRUE,retain,7,12143,contemporaneous_card_inventory,manual_review_complete,cards=7; card_units=7; card_building_sqft=12143; permit_addresses=2303 N ROCKWELL ST / 2301 N ROCKWELL ST,,,,,,retain,7,12143,contemporaneous_card_inventory,manual_review_complete,cards=7; card_units=7; card_building_sqft=12143; permit_addresses=2303 N ROCKWELL ST / 2301 N ROCKWELL ST,,,,,2021,existing_adjudicated_year,,,,,,,
residential_multicard_13364080550000,2008,FALSE,TRUE,708.358802685311,1_32,1,2396,3774,0.634870164281929,11.542130365659778,13364080550000,residential_multicard_13364080550000,13364080550000,residential_13364080550000,residential_multicard_13364080550000,3,1/2/3,295,3,FALSE,3,6843,1,2118/2329/2396,TRUE,TRUE,2006,2009,3,3,1,1,1,1,0,1,1,0,2455 W HOMER ST,,,,0,0,FALSE,FALSE,,,"permit_chain_100182274 [project polygon] [2008-02-25] 2455 W HOMER ST units=missing description=ERECT 3 MASONRY TOWNHOMES WITH ADDRESSES 2455, 2457 & 2459 W. HOMER ST. CONDITIONAL PERMIT, SUBJECT TO FIELD INSPECTION.",[]  units= description=,,,,,,,,,,TRUE,TRUE,FALSE,FALSE,3_placebo_scope_threshold,construction_year_parcel_polygon,1,1,0,2008,,,,2445.9784882850945,city_building_887240 address=1923 1923 N CAMPBELL AVE; year=2008; units=0; building_sqft=0; overlap=1,1,1,2008,2445.9675779952668,cook_2008_406983 address=1923 1923 N CAMPBELL AVE; year=2008; overlap=1,2455 W HOMER ST,1,2455 W HOMER ST,FALSE,FALSE,FALSE,FALSE,FALSE,FALSE,FALSE,FALSE,FALSE,FALSE,manual_review_required,,,6_placebo_scope_multifamily_threshold,,,,,,,,,,,,,1,3,8948,3774,,condo_1336408057 [2455 W HOMER ST / 2457 W HOMER ST / 2459 W HOMER ST] year=2008 units=3 sqft=8948 land=3774 project=NA,,,,,,,manual_no_successor_review,,,TRUE,retain,3,6843,contemporaneous_card_inventory,manual_review_complete,cards=3; card_units=3; card_building_sqft=6843; permit_addresses=2455 W HOMER ST,,,,,,retain,3,6843,contemporaneous_card_inventory,manual_review_complete,cards=3; card_units=3; card_building_sqft=6843; permit_addresses=2455 W HOMER ST,,,,,2008,existing_adjudicated_year,,,,,,,
residential_multicard_16133120460000,2006,FALSE,TRUE,566.3764236780755,24_28,3,3260,17989,0.1812218578019901,7.264439379620879,16133120460000,residential_multicard_16133120460000,16133120460000,residential_16133120460000,residential_multicard_16133120460000,5,1/2/3/4/5,211,2,FALSE,15,14287,3,2589/3260,TRUE,TRUE,2007,2007,5,5,1,0,0,0,0,0,,,,,,,0,0,,,,,,,,,,,,,,,,TRUE,FALSE,FALSE,FALSE,4_placebo_scope_outcome,construction_year_parcel_polygon,10,10,0,2007/2008,,,,8698.61516943737,city_building_887469 address=813 813 S KEDZIE AVE; year=2007; units=0; building_sqft=0; overlap=1 || city_building_887473 address=821 821 S KEDZIE AVE; year=2007; units=0; building_sqft=0; overlap=1 || city_building_887470 address=815 815 S KEDZIE AVE; year=2007; units=0; building_sqft=0; overlap=1 || city_building_887472 address=819 819 S KEDZIE AVE; year=2007; units=0; building_sqft=0; overlap=1 || city_building_887471 address=817 817 S KEDZIE AVE; year=2007; units=0; building_sqft=0; overlap=1 || city_building_887484 address=0 0; year=2008; units=0; building_sqft=0; overlap=1 || city_building_887486 address=0 0; year=2008; units=0; building_sqft=0; overlap=1 || city_building_887485 address=0 0; year=2008; units=0; building_sqft=0; overlap=1 || city_building_887483 address=0 0; year=2008; units=0; building_sqft=0; overlap=1 || city_building_887482 address=0 0; year=2008; units=0; building_sqft=0; overlap=1,10,10,2007/2008,8698.620116183301,cook_2008_406996 address=813 813 S KEDZIE AVE; year=2007; overlap=1 || cook_2008_511861 address=821 821 S KEDZIE AVE; year=2007; overlap=1 || cook_2008_407864 address=815 815 S KEDZIE AVE; year=2007; overlap=1 || cook_2008_563161 address=819 819 S KEDZIE AVE; year=2007; overlap=1 || cook_2008_820563 address=817 817 S KEDZIE AVE; year=2007; overlap=1 || cook_2008_563224 address=0 0; year=2008; overlap=1 || cook_2008_820533 address=0 0; year=2008; overlap=1 || cook_2008_407508 address=0 0; year=2008; overlap=1 || cook_2008_717510 address=0 0; year=2008; overlap=1 || cook_2008_563074 address=0 0; year=2008; overlap=1,821 S KEDZIE AVE,1,821 S KEDZIE AVE,FALSE,FALSE,FALSE,FALSE,FALSE,FALSE,FALSE,FALSE,FALSE,FALSE,manual_review_required,,,7_placebo_scope_outcome,,,,,,,,,,,,,4,7,12203,14158,,condo_1613312050 [815 S KEDZIE AVE 1 / 815 S KEDZIE AVE 2 / 815 S KEDZIE AVE 3] year=2007 units=3 sqft=3083 land=3437 project=NA || condo_1613312051 [817 S KEDZIE AVE 1 / 817 S KEDZIE AVE 2] year=2007 units=1 sqft=3040 land=3271 project=NA || condo_1613312053 [821 S KEDZIE AVE 1 / 821 S KEDZIE AVE 2] year=2007 units=1 sqft=3040 land=3192 project=NA || condo_1613312054 [825 S KEDZIE AVE 1 / 825 S KEDZIE AVE 2] year=2007 units=2 sqft=3040 land=4258 project=NA,,,,,,,manual_no_successor_review,,,TRUE,retain,15,14287,contemporaneous_card_inventory,manual_review_complete,cards=5; card_units=15; card_building_sqft=14287; permit_addresses=none,,,,,,retain,15,14287,contemporaneous_card_inventory,manual_review_complete,cards=5; card_units=15; card_building_sqft=14287; permit_addresses=none,,,,,2006,existing_adjudicated_year,,,,,,,
residential_multicard_16362011000000,2013,FALSE,TRUE,603.2503402607051,11_12,1,1780,64337,0.02766681691717052,0.6770598566921057,16362011000000,residential_multicard_16362011000000,16362011000000,residential_16362011000000,residential_multicard_16362011000000,8,1/2/3/4/5/6/7/8,295,3,FALSE,8,13288,1,1600/1664/1780,TRUE,TRUE,2014,2014,8,8,1,0,0,0,0,0,,,,,,,0,0,,,,,,,,,,,,,,,,TRUE,TRUE,FALSE,FALSE,3_placebo_scope_threshold,construction_year_parcel_polygon,1,0,0,1888,4,4,5433,2227.24999993667,city_building_414646 address=3302 3302 S WESTERN AVE; year=1888; units=4; building_sqft=5433; overlap=0.749,0,0,,,,2442 W BROSS AVE,1,2442 W BROSS AVE,FALSE,FALSE,FALSE,FALSE,FALSE,FALSE,FALSE,FALSE,FALSE,FALSE,manual_review_required,,,6_placebo_scope_multifamily_threshold,,,,,,,,,,,,,,,,,,,,,,,,,manual_no_successor_review,,,TRUE,retain,8,13288,contemporaneous_card_inventory,manual_review_complete,cards=8; card_units=8; card_building_sqft=13288; permit_addresses=none,,,,,,retain,8,13288,contemporaneous_card_inventory,manual_review_complete,cards=8; card_units=8; card_building_sqft=13288; permit_addresses=none,,,,,2013,existing_adjudicated_year,,,,,,,
residential_multicard_16364050790000,2017,FALSE,TRUE,1140.2987508270892,11_12,1,1621,14310,0.113277428371768,3.0440251572327046,16364050790000,residential_multicard_16364050790000,16364050790000,residential_16364050790000,residential_multicard_16364050790000,10,1/2/3/4/5/6/7/8/9/10,295,1,TRUE,10,20600,1,2060,TRUE,TRUE,2018,2019,10,10,2,10,0,0,0,0,,,,,,,0,0,,,,,,,,,,,,,,,,TRUE,TRUE,FALSE,FALSE,3_placebo_scope_threshold,100ft_reference_point_buffer,6,0,0,1888/1964/1965/1967,1,6,6261,6730.625000070548,city_building_419069 address=3520 3520 S MAPLEWOOD AVE; year=1965; units=1; building_sqft=1060; overlap=0.484 || city_building_419170 address=3522 3522 S MAPLEWOOD AVE; year=1965; units=1; building_sqft=1060; overlap=0.399 || city_building_418900 address=3516 3516 S MAPLEWOOD AVE; year=1967; units=1; building_sqft=1080; overlap=0.326 || city_building_419270 address=3526 3526 S MAPLEWOOD AVE; year=1964; units=1; building_sqft=1060; overlap=0.184 || city_building_418801 address=3514 3514 S MAPLEWOOD AVE; year=1964; units=1; building_sqft=1060; overlap=0.049 || city_building_419346 address=3528 3528 S MAPLEWOOD AVE; year=1888; units=1; building_sqft=941; overlap=0.009,0,0,,,,3535 S MAPLEWOOD AVE 1,1,3535 S MAPLEWOOD AVE 1,FALSE,FALSE,FALSE,FALSE,FALSE,FALSE,FALSE,FALSE,FALSE,FALSE,manual_review_required,,,6_placebo_scope_multifamily_threshold,,,,,,,,,,,,,,,,,,,,,,,,,manual_no_successor_review,,,TRUE,retain,10,20600,contemporaneous_card_inventory,manual_review_complete,cards=10; card_units=10; card_building_sqft=20600; permit_addresses=none,,,,,,retain,10,20600,contemporaneous_card_inventory,manual_review_complete,cards=10; card_units=10; card_building_sqft=20600; permit_addresses=none,2017,Multi-Family Residential,high,The 2017 permits at 3535 and 3541 S Maplewood authorize two groups of five townhouses. Sale records identify the completed townhouses as built in 2017; the assessor's earlier 2014 report predates the permits.,2014,manual_completed_project_evidence,,,,,,,
residential_multicard_17073250490000,2007,FALSE,TRUE,716.686536116346,2_27,1,4684,3101,1.510480490164463,14.047081586584971,17073250490000,residential_multicard_17073250490000,17073250490000,residential_17073250490000,residential_multicard_17073250490000,2,1/2,OA2,1,TRUE,2,9368,1,4684,TRUE,TRUE,2022,2026,2,2,1,1,1,0,0,0,,,,,,,0,0,,,,,,,2235 W WASHINGTON BLVD,1,,,,,,,,TRUE,TRUE,FALSE,FALSE,3_placebo_scope_threshold,construction_year_parcel_polygon,0,0,,,,,,,,0,0,,,,,,2235 W WASHINGTON BLVD,FALSE,FALSE,FALSE,FALSE,FALSE,FALSE,FALSE,FALSE,FALSE,FALSE,manual_review_required,,,6_placebo_scope_multifamily_threshold,,,,,,,,,,,,,1,3,4684,3101,residential_multicard_17073250490000,noncondo_17073250490000 [2235 W WASHINGTON BLVD] year=2007 units=3 sqft=4684 land=3101 project=residential_multicard_17073250490000,,,,,,,manual_no_successor_review,,,TRUE,retain,2,9368,contemporaneous_card_inventory,manual_review_complete,cards=2; card_units=2; card_building_sqft=9368; permit_addresses=none,,,,,,retain,2,9368,contemporaneous_card_inventory,manual_review_complete,cards=2; card_units=2; card_building_sqft=9368; permit_addresses=none,,,,,2007,existing_adjudicated_year,,,,,,,
residential_multicard_17201020590000,2014,FALSE,TRUE,1112.1059311746524,2_25,1,2448,5700,0.42947368421052634,7.6421052631578945,17201020590000,residential_multicard_17201020590000,17201020590000,residential_17201020590000,residential_multicard_17201020590000,2,1/2,295,1,TRUE,2,4896,1,2448,TRUE,TRUE,2015,2017,2,2,3,0,0,0,0,0,,,,,,,0,0,,,,,,,1348 W WASHBURNE AVE,1,,,,,,,,TRUE,TRUE,FALSE,FALSE,3_placebo_scope_threshold,construction_year_parcel_polygon,0,0,,,,,,,,0,0,,,,,,1348 W WASHBURNE AVE,FALSE,FALSE,FALSE,FALSE,FALSE,FALSE,FALSE,FALSE,FALSE,FALSE,manual_review_required,,,6_placebo_scope_multifamily_threshold,,,,,,,,,,,,,,,,,,,,,,,,,manual_no_successor_review,,,TRUE,retain,2,4896,contemporaneous_card_inventory,manual_review_complete,cards=2; card_units=2; card_building_sqft=4896; permit_addresses=none,,,,,,retain,2,4896,contemporaneous_card_inventory,manual_review_complete,cards=2; card_units=2; card_building_sqft=4896; permit_addresses=none,,,,,2014,existing_adjudicated_year,,,,,,,
residential_multicard_17201030540000,2014,FALSE,TRUE,503.16238913878095,2_25,1,2448,2327,1.0519982810485604,18.719381177481736,17201030540000,residential_multicard_17201030540000,17201030540000,residential_17201030540000,residential_multicard_17201030540000,2,1/2,295,1,TRUE,2,4896,1,2448,TRUE,TRUE,2015,2017,2,2,3,0,0,7,7,0,7,7,1228 W WASHBURNE AVE / 1250 W WASHBURNE AVE / 1238 W WASHBURNE AVE / 1300 W WASHBURNE AVE / 1320 W WASHBURNE AVE / 1336 W WASHBURNE AVE / 1348 W WASHBURNE AVE,1228 W WASHBURNE AVE / 1250 W WASHBURNE AVE / 1238 W WASHBURNE AVE / 1300 W WASHBURNE AVE / 1320 W WASHBURNE AVE / 1336 W WASHBURNE AVE / 1348 W WASHBURNE AVE / NA,2,2,7,7,TRUE,TRUE,14,14,permit_chain_100523969 [exact PIN] [2014-01-14] 1228 W WASHBURNE AVE / 1250 W WASHBURNE AVE / 1238 W WASHBURNE AVE / 1300 W WASHBURNE AVE / 1320 W WASHBURNE AVE / 1336 W WASHBURNE AVE / 1348 W WASHBURNE AVE units=2 description=ERECT 3 STORY 2 RESIDENTIAL UNIT BUILDING WITH LANDSCAPED YARDS AND PARKING- 1228-1238 WEST WASHBURNE AVENUE || permit_chain_100523970 [exact PIN] [2014-01-14] 1228 W WASHBURNE AVE / 1250 W WASHBURNE AVE / 1238 W WASHBURNE AVE / 1300 W WASHBURNE AVE / 1320 W WASHBURNE AVE / 1336 W WASHBURNE AVE / 1348 W WASHBURNE AVE units=2 description=ERECT 3 STORY 2 RESIDENTIAL UNIT BUILDING WITH LANDSCAPED YARDS AND PARKING-1250-1252 WEST WASHBURNE AVENUE || permit_chain_100523971 [exact PIN] [2014-01-14] 1228 W WASHBURNE AVE / 1250 W WASHBURNE AVE / 1238 W WASHBURNE AVE / 1300 W WASHBURNE AVE / 1320 W WASHBURNE AVE / 1336 W WASHBURNE AVE / 1348 W WASHBURNE AVE units=2 description=ERECT 3 STORY 2 RESIDENTIAL UNIT BUILDING WITH LANDSCAPED YARDS AND PARKING- 1238-1240 WEST WASHBURNE AVENUE || permit_chain_100523972 [exact PIN] [2014-01-14] 1228 W WASHBURNE AVE / 1250 W WASHBURNE AVE / 1238 W WASHBURNE AVE / 1300 W WASHBURNE AVE / 1320 W WASHBURNE AVE / 1336 W WASHBURNE AVE / 1348 W WASHBURNE AVE units=2 description=ERECT 3 STORY 2 RESIDENTIAL UNIT BUILDING WITH LANDSCAPED YARDS AND PARKING- 1300-1302 WEST WASHBURNE AVENUE || permit_chain_100523973 [exact PIN] [2014-01-15] 1228 W WASHBURNE AVE / 1250 W WASHBURNE AVE / 1238 W WASHBURNE AVE / 1300 W WASHBURNE AVE / 1320 W WASHBURNE AVE / 1336 W WASHBURNE AVE / 1348 W WASHBURNE AVE units=2 description=ERECT 3 STORY 2 RESIDENTIAL UNIT BUILDING WITH LANDSCAPED YARDS AND PARKING-1320-1322 WEST WASHBURNE AVENUE || permit_chain_100523974 [exact PIN] [2014-01-15] 1228 W WASHBURNE AVE / 1250 W WASHBURNE AVE / 1238 W WASHBURNE AVE / 1300 W WASHBURNE AVE / 1320 W WASHBURNE AVE / 1336 W WASHBURNE AVE / 1348 W WASHBURNE AVE units=2 description=ERECT 3 STORY 2 RESIDENTIAL UNIT BUILDING WITH LANDSCAPED YARD AND PARKING- 1336-1338 WEST WASHBURNE AVENUE || permit_chain_100523975 [exact PIN] [2014-01-15] 1228 W WASHBURNE AVE / 1250 W WASHBURNE AVE / 1238 W WASHBURNE AVE / 1300 W WASHBURNE AVE / 1320 W WASHBURNE AVE / 1336 W WASHBURNE AVE / 1348 W WASHBURNE AVE units=2 description=ERECT 3 STORY 2 RESIDENTIAL UNIT BUILDING WITH LANDSCAPED YARDS AND PARKING- 1336-1338 WEST WASHBURNE AVENUE,permit_chain_100523969 [2014-01-14] 1228 W WASHBURNE AVE / 1250 W WASHBURNE AVE / 1238 W WASHBURNE AVE / 1300 W WASHBURNE AVE / 1320 W WASHBURNE AVE / 1336 W WASHBURNE AVE / 1348 W WASHBURNE AVE units=2 description=ERECT 3 STORY 2 RESIDENTIAL UNIT BUILDING WITH LANDSCAPED YARDS AND PARKING- 1228-1238 WEST WASHBURNE AVENUE || permit_chain_100523970 [2014-01-14] NA units=2 description=ERECT 3 STORY 2 RESIDENTIAL UNIT BUILDING WITH LANDSCAPED YARDS AND PARKING-1250-1252 WEST WASHBURNE AVENUE || permit_chain_100523971 [2014-01-14] NA units=2 description=ERECT 3 STORY 2 RESIDENTIAL UNIT BUILDING WITH LANDSCAPED YARDS AND PARKING- 1238-1240 WEST WASHBURNE AVENUE || permit_chain_100523972 [2014-01-14] NA units=2 description=ERECT 3 STORY 2 RESIDENTIAL UNIT BUILDING WITH LANDSCAPED YARDS AND PARKING- 1300-1302 WEST WASHBURNE AVENUE || permit_chain_100523973 [2014-01-15] NA units=2 description=ERECT 3 STORY 2 RESIDENTIAL UNIT BUILDING WITH LANDSCAPED YARDS AND PARKING-1320-1322 WEST WASHBURNE AVENUE || permit_chain_100523974 [2014-01-15] NA units=2 description=ERECT 3 STORY 2 RESIDENTIAL UNIT BUILDING WITH LANDSCAPED YARD AND PARKING- 1336-1338 WEST WASHBURNE AVENUE || permit_chain_100523975 [2014-01-15] NA units=2 description=ERECT 3 STORY 2 RESIDENTIAL UNIT BUILDING WITH LANDSCAPED YARDS AND PARKING- 1336-1338 WEST WASHBURNE AVENUE,1244 W WASHBURNE AVE,1,,,,,,,,TRUE,TRUE,FALSE,FALSE,3_placebo_scope_threshold,construction_year_parcel_polygon,0,0,,,,,,,,0,0,,,,,,1244 W WASHBURNE AVE,FALSE,FALSE,FALSE,FALSE,FALSE,FALSE,FALSE,FALSE,FALSE,FALSE,manual_review_required,,,6_placebo_scope_multifamily_threshold,,,,,,,,,,,,,,,,,,,,,,,,,manual_no_successor_review,,,TRUE,retain,2,4896,contemporaneous_card_inventory,manual_review_complete,cards=2; card_units=2; card_building_sqft=4896; permit_addresses=1228 W WASHBURNE AVE / 1250 W WASHBURNE AVE / 1238 W WASHBURNE AVE / 1300 W WASHBURNE AVE / 1320 W WASHBURNE AVE / 1336 W WASHBURNE AVE / 1348 W WASHBURNE AVE,,,,,,retain,2,4896,contemporaneous_card_inventory,manual_review_complete,cards=2; card_units=2; card_building_sqft=4896; permit_addresses=1228 W WASHBURNE AVE / 1250 W WASHBURNE AVE / 1238 W WASHBURNE AVE / 1300 W WASHBURNE AVE / 1320 W WASHBURNE AVE / 1336 W WASHBURNE AVE / 1348 W WASHBURNE AVE,,,,,2014,existing_adjudicated_year,,,,,,,
residential_multicard_17211330050000,2006,FALSE,TRUE,523.9884037579586,2_25,1,2112,12293,0.1718050923289677,3.543480029284959,17211330050000,residential_multicard_17211330050000,17211330050000,residential_17211330050000,residential_multicard_17211330050000,5,1/2/3/4/5,295,2,FALSE,5,8880,1,1692/2112,TRUE,TRUE,2007,2007,5,5,1,0,0,0,0,0,,,,,,,0,0,,,,,,,,,,,,,,,,TRUE,TRUE,FALSE,FALSE,3_placebo_scope_threshold,construction_year_parcel_polygon,1,1,0,2005,,,,13287.704999923706,city_building_836572 address=1509 1509 S HALSTED ST; year=2005; units=0; building_sqft=0; overlap=0.523,0,0,,,,763 W 15TH PL,1,763 W 15TH PL,FALSE,FALSE,FALSE,FALSE,FALSE,FALSE,FALSE,FALSE,FALSE,FALSE,manual_review_required,,,6_placebo_scope_multifamily_threshold,,,,,,,,,,,,,,,,,,,,,,,,,manual_no_successor_review,,,TRUE,retain,5,8880,contemporaneous_card_inventory,manual_review_complete,cards=5; card_units=5; card_building_sqft=8880; permit_addresses=none,,,,,,retain,5,8880,contemporaneous_card_inventory,manual_review_complete,cards=5; card_units=5; card_building_sqft=8880; permit_addresses=none,,,,,2006,existing_adjudicated_year,,,,,,,
residential_multicard_20023050330000,2022,FALSE,TRUE,740.3096718914692,3_4,1,2318,21055,0.11009261458085966,2.068867252434101,20023050330000,residential_multicard_20023050330000,20023050330000,residential_20023050330000,residential_multicard_20023050330000,12,1/2/3/4/5/6/7/8/9/10/11/12,295,1,TRUE,12,27816,1,2318,TRUE,TRUE,2022,2022,12,12,1,0,0,0,0,0,,,,,,,0,0,,,,,,,,,,,,,,,,TRUE,TRUE,FALSE,FALSE,3_placebo_scope_threshold,construction_year_parcel_polygon,0,0,,,,,,,,0,0,,,,4434 S DREXEL BLVD,1,4434 S DREXEL BLVD,FALSE,FALSE,FALSE,FALSE,FALSE,FALSE,FALSE,FALSE,FALSE,FALSE,manual_review_required,,,6_placebo_scope_multifamily_threshold,,,,,,,,,,,,,,,,,,,,,,,,,manual_no_successor_review,,,TRUE,retain,12,27816,contemporaneous_card_inventory,manual_review_complete,cards=12; card_units=12; card_building_sqft=27816; permit_addresses=none,suppress_duplicate_parent,,,high,The adjacent PIN 20023050320000 intersects the three four-townhome permits and links to all twelve successor parcels. This PIN repeats the same twelve identical assessor cards but has no independent permit or successor evidence.,suppress_duplicate_parent,,,manual_override,high,The adjacent PIN 20023050320000 intersects the three four-townhome permits and links to all twelve successor parcels. This PIN repeats the same twelve identical assessor cards but has no independent permit or successor evidence.,,,,,2022,existing_adjudicated_year,,,,,,,
residential_multicard_20143120360000,2018,FALSE,TRUE,821.6710056605193,5_20,1,1268,10271,0.12345438613572192,4.241067082075747,20143120360000,residential_multicard_20143120360000,20143120360000,residential_20143120360000,residential_multicard_20143120360000,7,1/2/3/4/5/6/7,295,2,FALSE,7,8696,1,1238/1268,TRUE,TRUE,2019,2026,7,7,8,0,0,0,0,0,,,,,,,0,0,,,,,,,6115 S UNIVERSITY AVE,1,,,,,,,,TRUE,TRUE,FALSE,FALSE,3_placebo_scope_threshold,construction_year_parcel_polygon,0,0,,,,,,,,0,0,,,,,,6115 S UNIVERSITY AVE,FALSE,FALSE,FALSE,FALSE,FALSE,FALSE,FALSE,FALSE,FALSE,FALSE,manual_review_required,,,6_placebo_scope_multifamily_threshold,,,,,,,,,,,,,1,7,8696,10271,residential_multicard_20143120360000,noncondo_20143120360000 [6115 S UNIVERSITY AVE] year=2018 units=7 sqft=8696 land=10271 project=residential_multicard_20143120360000,,,,,,,manual_no_successor_review,,,TRUE,retain,7,8696,contemporaneous_card_inventory,manual_review_complete,cards=7; card_units=7; card_building_sqft=8696; permit_addresses=none,,,,,,retain,7,8696,contemporaneous_card_inventory,manual_review_complete,cards=7; card_units=7; card_building_sqft=8696; permit_addresses=none,,,,,2018,existing_adjudicated_year,,,,,,,
residential_multicard_20143120370000,2018,FALSE,TRUE,880.6554833065503,5_20,1,1268,10267,0.12350248368559462,4.242719392227525,20143120370000,residential_multicard_20143120370000,20143120370000,residential_20143120370000,residential_multicard_20143120370000,7,1/2/3/4/5/6/7,295,2,FALSE,7,8696,1,1238/1268,TRUE,TRUE,2019,2026,7,7,8,0,0,0,0,0,,,,,,,0,0,,,,,,,6117 S UNIVERSITY AVE,1,,,,,,,,TRUE,TRUE,FALSE,FALSE,3_placebo_scope_threshold,construction_year_parcel_polygon,0,0,,,,,,,,0,0,,,,,,6117 S UNIVERSITY AVE,FALSE,FALSE,FALSE,FALSE,FALSE,FALSE,FALSE,FALSE,FALSE,FALSE,manual_review_required,,,6_placebo_scope_multifamily_threshold,,,,,,,,,,,,,1,7,8696,10267,residential_multicard_20143120370000,noncondo_20143120370000 [6117 S UNIVERSITY AVE] year=2018 units=7 sqft=8696 land=10267 project=residential_multicard_20143120370000,,,,,,,manual_no_successor_review,,,TRUE,retain,7,8696,contemporaneous_card_inventory,manual_review_complete,cards=7; card_units=7; card_building_sqft=8696; permit_addresses=none,,,,,,retain,7,8696,contemporaneous_card_inventory,manual_review_complete,cards=7; card_units=7; card_building_sqft=8696; permit_addresses=none,,,,,2018,existing_adjudicated_year,,,,,,,
residential_multicard_20151120040000,2006,FALSE,TRUE,576.1780269138333,3_20,3,4158,9268,0.4486404833836858,14.100129477772985,20151120040000,residential_multicard_20151120040000,20151120040000,residential_20151120040000,residential_multicard_20151120040000,2,1/2,211,1,TRUE,6,8316,3,4158,TRUE,TRUE,2007,2007,2,2,1,0,0,0,0,0,,,,,,,0,0,,,,,,,,,,,,,,,,TRUE,FALSE,FALSE,FALSE,4_placebo_scope_outcome,construction_year_parcel_polygon,0,0,,,,,,,,0,0,,,,5619 S CALUMET AVE,1,5619 S CALUMET AVE,FALSE,FALSE,FALSE,FALSE,FALSE,FALSE,FALSE,FALSE,FALSE,FALSE,manual_review_required,,,7_placebo_scope_outcome,,,,,,,,,,,,,1,8,10845,9265,,condo_2015112028 [5619 S CALUMET AVE 1 / 5619 S CALUMET AVE 2 / 5619 S CALUMET AVE 3 / 5619 S CALUMET AVE 4 / 5621 S CALUMET AVE 1 / 5621 S CALUMET AVE 2 / 5621 S CALUMET AVE 3 / 5621 S CALUMET AVE 4] year=2007 units=8 sqft=10845 land=9265 project=NA,,,,,,,manual_no_successor_review,,,TRUE,retain,6,8316,contemporaneous_card_inventory,manual_review_complete,cards=2; card_units=6; card_building_sqft=8316; permit_addresses=none,retain,8,10845,high,"Eight current condominium PINs share the original 5619 S Calumet building and jointly report 10,845 square feet. The two historical cards undercount the completed building.",retain,8,10845,manual_override,high,"Eight current condominium PINs share the original 5619 S Calumet building and jointly report 10,845 square feet. The two historical cards undercount the completed building.",,,,,2006,existing_adjudicated_year,,,,,,,
residential_multicard_20191050470000,2018,FALSE,TRUE,771.0227529324492,15_16,6,8219,16398,0.5012196609342603,15.938529088913285,20191050470000,residential_multicard_20191050470000,20191050470000,residential_20191050470000,residential_multicard_20191050470000,2,1/2,211,1,TRUE,12,16438,6,8219,TRUE,TRUE,2020,2026,2,2,7,0,0,0,0,0,,,,,,,0,0,,,,,,,2101 W 63RD ST,1,,,,,,,,TRUE,FALSE,FALSE,FALSE,4_placebo_scope_outcome,construction_year_parcel_polygon,0,0,,,,,,,,0,0,,,,,,2101 W 63RD ST,FALSE,FALSE,FALSE,FALSE,FALSE,FALSE,FALSE,FALSE,FALSE,FALSE,manual_review_required,,,7_placebo_scope_outcome,,,,,,,,,,,,,1,12,16438,16398,residential_multicard_20191050470000,noncondo_20191050470000 [2101 W 63RD ST] year=2018 units=12 sqft=16438 land=16398 project=residential_multicard_20191050470000,,,,,,,manual_no_successor_review,,,TRUE,retain,12,16438,contemporaneous_card_inventory,manual_review_complete,cards=2; card_units=12; card_building_sqft=16438; permit_addresses=none,,,,,,retain,12,16438,contemporaneous_card_inventory,manual_review_complete,cards=2; card_units=12; card_building_sqft=16438; permit_addresses=none,,,,,2018,existing_adjudicated_year,,,,,,,
residential_multicard_20211120240000,2006,FALSE,TRUE,508.4664664756978,16_20,2,2210,20832,0.10608678955453148,4.182027649769585,20211120240000,residential_multicard_20211120240000,20211120240000,residential_20211120240000,residential_multicard_20211120240000,9,1/2/3/4/5/6/7/8/9,211,1,TRUE,18,19890,2,2210,TRUE,TRUE,2007,2024,9,9,18,0,0,0,0,0,,,,,,,0,0,,,,,,,501 W 64TH ST,1,,,,,,,,TRUE,FALSE,FALSE,FALSE,4_placebo_scope_outcome,construction_year_parcel_polygon,2,0,0,0,,,,7712.52500019304,city_building_821755 address=509 509 W 64TH ST; year=0; units=0; building_sqft=0; overlap=0.993 || city_building_821756 address=6414 6414 S NORMAL BLVD; year=0; units=0; building_sqft=0; overlap=1,0,0,,,,,,501 W 64TH ST,FALSE,FALSE,FALSE,FALSE,FALSE,FALSE,FALSE,FALSE,FALSE,FALSE,manual_review_required,,,7_placebo_scope_outcome,,,,,,,,,,,,,1,18,19890,20832,residential_multicard_20211120240000,noncondo_20211120240000 [501 W 64TH ST] year=2006 units=18 sqft=19890 land=20832 project=residential_multicard_20211120240000,,,,,,,manual_no_successor_review,,,TRUE,retain,18,19890,contemporaneous_card_inventory,manual_review_complete,cards=9; card_units=18; card_building_sqft=19890; permit_addresses=none,,,,,,retain,18,19890,contemporaneous_card_inventory,manual_review_complete,cards=9; card_units=18; card_building_sqft=19890; permit_addresses=none,,,,,2006,existing_adjudicated_year,,,,,,,
residential_multicard_20211120310000,2006,FALSE,TRUE,511.8442369941319,16_20,2,2210,6395,0.3455824863174355,13.623143080531666,20211120310000,residential_multicard_20211120310000,20211120310000,residential_20211120310000,residential_multicard_20211120310000,3,1/2/3,211,1,TRUE,6,6630,2,2210,TRUE,TRUE,2007,2024,3,3,18,0,0,0,0,0,,,,,,,0,0,,,,,,,6436 S NORMAL BLVD,1,,,,,,,,TRUE,FALSE,FALSE,FALSE,4_placebo_scope_outcome,construction_year_parcel_polygon,1,0,0,0,,,,4228.254999817066,city_building_821757 address=6434 6440 S NORMAL BLVD; year=0; units=0; building_sqft=0; overlap=0.511,0,0,,,,,,6436 S NORMAL BLVD,FALSE,FALSE,FALSE,FALSE,FALSE,FALSE,FALSE,FALSE,FALSE,FALSE,manual_review_required,,,7_placebo_scope_outcome,,,,,,,,,,,,,1,6,6630,6395,residential_multicard_20211120310000,noncondo_20211120310000 [6436 S NORMAL BLVD] year=2006 units=6 sqft=6630 land=6395 project=residential_multicard_20211120310000,,,,,,,manual_no_successor_review,,,TRUE,retain,6,6630,contemporaneous_card_inventory,manual_review_complete,cards=3; card_units=6; card_building_sqft=6630; permit_addresses=none,,,,,,retain,6,6630,contemporaneous_card_inventory,manual_review_complete,cards=3; card_units=6; card_building_sqft=6630; permit_addresses=none,,,,,2006,existing_adjudicated_year,,,,,,,
residential_multicard_20244290030000,2006,FALSE,TRUE,889.0004113187271,5_7,1,2542,20000,0.1271,2.178,20244290030000,residential_multicard_20244290030000,20244290030000,residential_20244290030000,residential_multicard_20244290030000,27,1/2/3/4/5/6/7/8/9/10/11/12/13/14/15/16/17/18/19/20/21/22/23/24/25/26/27,295,5,FALSE,27,34748,1,1222/1236/1251/1283/2542,TRUE,TRUE,2007,2008,27,27,2,0,0,0,0,0,,,,,,,0,0,,,,,,,,,,,,,,,,TRUE,TRUE,FALSE,FALSE,3_placebo_scope_threshold,construction_year_parcel_polygon,0,0,,,,,,,,0,0,,,,2306 E 71ST ST,1,2306 E 71ST ST,FALSE,FALSE,FALSE,FALSE,FALSE,FALSE,FALSE,FALSE,FALSE,FALSE,manual_review_required,,,6_placebo_scope_multifamily_threshold,,,,,,,,,,,,,1,27,0,32500,,condo_2024429012 [2306 E 71ST ST A / 2306 E 71ST ST B / 2308 E 71ST ST / 2310 E 71ST ST / 2312 E 71ST ST A / 2312 E 71ST ST B / 2314 E 71ST ST A / 2314 E 71ST ST B / 2316 E 71ST ST / 2318 E 71ST ST / 2320 E 71ST ST A / 2320 E 71ST ST B / 2322 E 71ST ST A / 2322 E 71ST ST B / 2324 E 71ST ST / 2326 E 71ST ST / 2328 E 71ST ST A / 2328 E 71ST ST B / 2330 E 71ST ST A / 2330 E 71ST ST B / 2332 E 71ST ST / 2334 E 71ST ST / 2336 E 71ST ST A / 2336 E 71ST ST B / 2338 E 71ST ST / 2340 E 71ST ST A / 2340 E 71ST ST B] year=2006 units=27 sqft=NA land=32500 project=NA,,,,,,,manual_no_successor_review,,,TRUE,retain,27,34748,contemporaneous_card_inventory,manual_review_complete,cards=27; card_units=27; card_building_sqft=34748; permit_addresses=none,,,,,,retain,27,34748,contemporaneous_card_inventory,manual_review_complete,cards=27; card_units=27; card_building_sqft=34748; permit_addresses=none,,,,,2006,existing_adjudicated_year,,,,,,,
residential_multicard_25031150310000,2007,FALSE,TRUE,547.7432700667663,6_21,1,1988,14480,0.137292817679558,3.0082872928176796,25031150310000,residential_multicard_25031150310000,25031150310000,residential_25031150310000,residential_multicard_25031150310000,2,1/2,207,2,FALSE,2,3934,1,1946/1988,TRUE,TRUE,2008,2026,2,2,1,1,0,2,0,2,2,0,48 E 90TH ST / 46 E 90TH ST,,,,0,0,FALSE,FALSE,,,"permit_chain_100169776 [project polygon] [2007-09-21] 48 E 90TH ST / 46 E 90TH ST units=missing description=ERECT A 2-STORY, VI A SINGLE FAMILY BUILDING WITH A DETACHED GARAGE PER PLANS.                                                                                                                                       -CONDITIONAL PERMIT, SUBJECT TO FIELD VERIFICATION. || permit_chain_100169777 [project polygon] [2007-11-21] 48 E 90TH ST / 46 E 90TH ST units=missing description=ERECT A 2-STORY, VI A SINGLE FAMILY RESIDENCE WITH A DETACHED GARAGE PER PLANS.                                                                                                                                       -CONDITIONAL PERMIT, SUBJECT TO FIELD VERIFICATION.",[]  units= description=,42 E 90TH ST,1,,,,,,,,TRUE,TRUE,FALSE,FALSE,3_placebo_scope_threshold,construction_year_parcel_polygon,0,0,,,,,,,,0,0,,,,,,42 E 90TH ST,FALSE,FALSE,FALSE,FALSE,FALSE,FALSE,FALSE,FALSE,FALSE,FALSE,manual_review_required,,,6_placebo_scope_multifamily_threshold,,,,,,,,,,,,,1,1,1946,14480,residential_multicard_25031150310000,noncondo_25031150310000 [42 E 90TH ST] year=2007 units=1 sqft=1946 land=14480 project=residential_multicard_25031150310000,,,,,,,manual_no_successor_review,,,TRUE,retain,2,3934,contemporaneous_card_inventory,manual_review_complete,cards=2; card_units=2; card_building_sqft=3934; permit_addresses=48 E 90TH ST / 46 E 90TH ST,,,,,,retain,2,3934,contemporaneous_card_inventory,manual_review_complete,cards=2; card_units=2; card_building_sqft=3934; permit_addresses=48 E 90TH ST / 46 E 90TH ST,,,,,2007,existing_adjudicated_year,,,,,,,
residential_multicard_13254280400000,2006,TRUE,TRUE,407.69294326464137,1_35,1,2482,6300,0.393968253968254,6.914285714285715,13254280400000,residential_multicard_13254280400000,13254280400000,residential_13254280400000,residential_multicard_13254280400000,2,1/2,278,1,TRUE,2,4964,1,2482,TRUE,TRUE,1999,2007,2,2,1,1,1,0,0,0,,,,,,,0,0,,,,,,,,,,,,,,,,TRUE,TRUE,FALSE,FALSE,1_multifamily_threshold,construction_year_parcel_polygon,4,4,0,2005/2008,,,,3515.0547119751573,city_building_835317 address=2421 2421 N ROCKWELL ST; year=2005; units=0; building_sqft=0; overlap=1 || city_building_835318 address=2419 2419 N ROCKWELL ST; year=2005; units=0; building_sqft=0; overlap=1 || city_building_887270 address=0 0; year=2008; units=0; building_sqft=0; overlap=1 || city_building_887269 address=0 0; year=2008; units=0; building_sqft=0; overlap=1,2,2,2008,839.0049531920813,cook_2008_408382 address=0 0; year=2008; overlap=1 || cook_2008_408024 address=0 0; year=2008; overlap=1,2421 N ROCKWELL ST,1,2421 N ROCKWELL ST,FALSE,FALSE,FALSE,FALSE,FALSE,TRUE,FALSE,FALSE,TRUE,FALSE,candidate_sum_supported,2,4964,3_main_sample_multifamily_threshold,,,,,,,,,,,,,,,,,,,,,,,,,aggregate_cards_supported_no_successor_overlap,2,4964,FALSE,retain,2,4964,contemporaneous_card_inventory,high,cards=2; card_units=2; card_building_sqft=4964; permit_addresses=none,,,,,,retain,2,4964,contemporaneous_card_inventory,high,cards=2; card_units=2; card_building_sqft=4964; permit_addresses=none,,,,,2006,existing_adjudicated_year,,,,,,,
residential_multicard_13354080010000,2014,TRUE,TRUE,105.08572425461328,26_35,1,2057,6950,0.29597122302158274,6.267625899280575,13354080010000,residential_multicard_13354080010000,13354080010000,residential_13354080010000,residential_multicard_13354080010000,4,1/2/3/4,295,1,TRUE,4,8228,1,2057,TRUE,TRUE,1999,2015,4,4,1,1,1,1,1,0,1,1,1845 N ST LOUIS AVE,1845 N ST LOUIS AVE,,,0,0,FALSE,FALSE,,,"permit_chain_100522586 [exact PIN] [2014-01-27] 1845 N ST LOUIS AVE units=missing description=NEW CONSTRUCTION 4 TOWNHOMES, 3 STORY BUILDING WITH ATTACHED GARAGE AS PER PLANS**CERTIFIED CORRECTIONS- - SUBJECT TO FIELD INSPECTIONS & AUDIT **","permit_chain_100522586 [2014-01-27] 1845 N ST LOUIS AVE units=missing description=NEW CONSTRUCTION 4 TOWNHOMES, 3 STORY BUILDING WITH ATTACHED GARAGE AS PER PLANS**CERTIFIED CORRECTIONS- - SUBJECT TO FIELD INSPECTIONS & AUDIT **",,,,,,,,,,TRUE,TRUE,FALSE,FALSE,1_multifamily_threshold,construction_year_parcel_polygon,2,0,0,0/1905,4,4,,3044.9882814595476,city_building_873351 address=3435 3435 W CORTLAND ST; year=0; units=0; building_sqft=0; overlap=0.914 || city_building_873350 address=1843 1845 N ST LOUIS AVE; year=1905; units=4; building_sqft=0; overlap=0.973,0,0,,,,3435 W CORTLAND ST,1,3435 W CORTLAND ST,FALSE,TRUE,FALSE,FALSE,FALSE,FALSE,FALSE,FALSE,TRUE,FALSE,candidate_sum_supported,4,8228,3_main_sample_multifamily_threshold,,,,,,,,,,,,,1,4,8557,6957,,condo_1335408037 [1849 N SAINT LOUIS AVE / 1851 N SAINT LOUIS AVE / 1853 N SAINT LOUIS AVE / 1855 N SAINT LOUIS AVE] year=2014 units=4 sqft=8557 land=6957 project=NA,,,,,,,aggregate_cards_supported_no_successor_overlap,4,8228,FALSE,retain,4,8228,contemporaneous_card_inventory,high,cards=4; card_units=4; card_building_sqft=8228; permit_addresses=1845 N ST LOUIS AVE,,,,,,retain,4,8228,contemporaneous_card_inventory,high,cards=4; card_units=4; card_building_sqft=8228; permit_addresses=1845 N ST LOUIS AVE,,,,,2014,existing_adjudicated_year,,,,,,,
residential_multicard_14201050210000,2007,TRUE,TRUE,113.68839244255966,44_47,1,4915,8250,0.5957575757575757,5.28,14201050210000,residential_multicard_14201050210000,14201050210000,residential_14201050210000,residential_multicard_14201050210000,2,1/2,208,2,FALSE,2,9740,1,4825/4915,TRUE,TRUE,2008,2008,2,2,1,0,0,2,0,2,2,0,3828 N GREENVIEW AVE / 3830 N GREENVIEW AVE,,,,0,0,FALSE,FALSE,,,permit_chain_100179954 [project polygon] [2007-05-24] 3828 N GREENVIEW AVE / 3830 N GREENVIEW AVE units=missing description=NEW SINGLE FAMILY HOME WITH ATTACHED NEW GARAGE 3 STORY BUILDING. BUILDING SPRINKLER SYSTEM. CONDITIONAL PERMIT SUBJECT TO FIELD INSPECTION. PERMIT CONDITIONAL ON OBTAINING WRECKING PERMIT FOR #100179079 WITHIN 30 DAYS OF THIS PERMIT. || permit_chain_100179986 [project polygon] [2007-05-24] 3828 N GREENVIEW AVE / 3830 N GREENVIEW AVE units=missing description=NEW SINGLE FAMILY HOME WITH ATTACHED NEW GARAGE 3 STORY BUILDING AS PER PLANS. BUILDING SPRINKLER SYSTEM. CONDITIONAL PERMIT SUBJECT TO FIELD INSPECTION. PERMIT CONDITIONAL ON OBTAINING WRECKING PERMIT FOR #100179079 WITHIN 30 DAYS OF THIS PERMIT,[]  units= description=,,,,,,,,,,TRUE,TRUE,FALSE,FALSE,1_multifamily_threshold,construction_year_parcel_polygon,4,2,0,0/2009,1,2,,4182.119950317778,city_building_890058 address=3828 3828 N GREENVIEW AVE; year=2009; units=1; building_sqft=0; overlap=1 || city_building_890057 address=3830 3830 N GREENVIEW AVE; year=2009; units=1; building_sqft=0; overlap=1 || city_building_159333 address=0 0; year=0; units=0; building_sqft=0; overlap=0.891 || city_building_159563 address=0 0; year=0; units=0; building_sqft=0; overlap=0.872,0,0,,,,3830 N GREENVIEW AVE,1,3830 N GREENVIEW AVE,FALSE,TRUE,FALSE,FALSE,TRUE,FALSE,FALSE,FALSE,TRUE,FALSE,candidate_sum_supported,2,9740,3_main_sample_multifamily_threshold,,,,,,,,,,,,,2,2,9917,7938,,noncondo_14201050560000 [3828 N GREENVIEW AVE] year=2005 units=1 sqft=4937 land=3969 project=NA || noncondo_14201050570000 [3830 N GREENVIEW AVE] year=2005 units=1 sqft=4980 land=3969 project=NA,,,,,,,aggregate_cards_supported_no_successor_overlap,2,9740,FALSE,retain,2,9740,contemporaneous_card_inventory,high,cards=2; card_units=2; card_building_sqft=9740; permit_addresses=3828 N GREENVIEW AVE / 3830 N GREENVIEW AVE,,,,,,retain,2,9740,contemporaneous_card_inventory,high,cards=2; card_units=2; card_building_sqft=9740; permit_addresses=3828 N GREENVIEW AVE / 3830 N GREENVIEW AVE,,,,,2007,existing_adjudicated_year,,,,,,,
residential_multicard_16242070770000,2022,TRUE,TRUE,441.2842712476513,24_28,3,3634,9000,0.4037777777777778,14.52,16242070770000,residential_multicard_16242070770000,16242070770000,residential_16242070770000,residential_multicard_16242070770000,3,2/3/4,211,1,TRUE,9,10902,3,3634,TRUE,TRUE,1999,2026,4,3,3,1,0,3,3,0,3,3,1239 S FAIRFIELD AVE / 1241 S FAIRFIELD AVE / 1243 S FAIRFIELD AVE,1239 S FAIRFIELD AVE / 1241 S FAIRFIELD AVE / 1243 S FAIRFIELD AVE / NA,3,3,3,3,TRUE,TRUE,9,9,"permit_chain_100872250 [exact PIN] [2020-05-07] 1239 S FAIRFIELD AVE / 1241 S FAIRFIELD AVE / 1243 S FAIRFIELD AVE units=3 description=NEW 3 STORY MASONRY 3 UNIT APARTMENT BUILDING WITH 3 CAR PARKING PAD AND A 6'-0"" TALL WOOD FENCE AS PER PLANS**CERTIFIED CORRECTIONS SUBJECT TO FIELD INSPECTIONS & AUDIT ** || permit_chain_100872251 [exact PIN] [2020-05-07] 1239 S FAIRFIELD AVE / 1241 S FAIRFIELD AVE / 1243 S FAIRFIELD AVE units=3 description=NEW 3 STORY MASONRY 3 UNIT APARTMENT BUILDING WITH 3 CAR PARKING PAD AND 6'-0"" TALL WOOD FENCE AS PER PLANS**CERTIFIED CORRECTIONS SUBJECT TO FIELD INSPECTIONS & AUDIT ** || permit_chain_100872252 [exact PIN] [2020-05-06] 1239 S FAIRFIELD AVE / 1241 S FAIRFIELD AVE / 1243 S FAIRFIELD AVE units=3 description=NEW 3 STORY MASONRY 3 UNIT APARTMENT BUILDING WITH 3 CAR PARKING PAD AS PER PLANS (CONDITIONAL PERMIT SUBJECT TO FIELD INSPECTIONS)","permit_chain_100872250 [2020-05-07] 1239 S FAIRFIELD AVE / 1241 S FAIRFIELD AVE / 1243 S FAIRFIELD AVE units=3 description=NEW 3 STORY MASONRY 3 UNIT APARTMENT BUILDING WITH 3 CAR PARKING PAD AND A 6'-0"" TALL WOOD FENCE AS PER PLANS**CERTIFIED CORRECTIONS SUBJECT TO FIELD INSPECTIONS & AUDIT ** || permit_chain_100872251 [2020-05-07] NA units=3 description=NEW 3 STORY MASONRY 3 UNIT APARTMENT BUILDING WITH 3 CAR PARKING PAD AND 6'-0"" TALL WOOD FENCE AS PER PLANS**CERTIFIED CORRECTIONS SUBJECT TO FIELD INSPECTIONS & AUDIT ** || permit_chain_100872252 [2020-05-06] NA units=3 description=NEW 3 STORY MASONRY 3 UNIT APARTMENT BUILDING WITH 3 CAR PARKING PAD AS PER PLANS (CONDITIONAL PERMIT SUBJECT TO FIELD INSPECTIONS)",1241 S FAIRFIELD AVE,1,,,,,,,,TRUE,FALSE,FALSE,TRUE,2_main_sample_outcome,construction_year_parcel_polygon,1,0,0,1973,6,6,6854,2205.625000040687,city_building_372939 address=1239 1239 S FAIRFIELD AVE; year=1973; units=6; building_sqft=6854; overlap=1,0,0,,,,,,1241 S FAIRFIELD AVE,FALSE,FALSE,FALSE,FALSE,FALSE,FALSE,TRUE,FALSE,TRUE,FALSE,candidate_sum_supported,9,10902,4_main_sample_outcome,,,,,,,,,,,,,1,9,10902,9000,residential_multicard_16242070770000,noncondo_16242070770000 [1241 S FAIRFIELD AVE] year=2022 units=9 sqft=10902 land=9000 project=residential_multicard_16242070770000,,,,,,,aggregate_cards_supported_no_successor_overlap,9,10902,FALSE,retain,9,10902,contemporaneous_card_inventory,high,cards=3; card_units=9; card_building_sqft=10902; permit_addresses=1239 S FAIRFIELD AVE / 1241 S FAIRFIELD AVE / 1243 S FAIRFIELD AVE,,,,,,retain,9,10902,contemporaneous_card_inventory,high,cards=3; card_units=9; card_building_sqft=10902; permit_addresses=1239 S FAIRFIELD AVE / 1241 S FAIRFIELD AVE / 1243 S FAIRFIELD AVE,,,,,2022,existing_adjudicated_year,,,,,,,
residential_multicard_17072210390000,2012,TRUE,TRUE,138.56658861665338,1_26,2,4532,5451,0.8314070812694918,15.982388552559163,17072210390000,residential_multicard_17072210390000,17072210390000,residential_17072210390000,residential_multicard_17072210390000,2,1/2,211,1,TRUE,4,9064,2,4532,TRUE,TRUE,1999,2013,2,2,1,1,1,2,2,0,2,2,532 N HERMITAGE AVE / 534 N HERMITAGE AVE,532 N HERMITAGE AVE / 534 N HERMITAGE AVE / NA,2,2,2,2,TRUE,TRUE,4,4,permit_chain_100444875 [exact PIN] [2012-06-25] 532 N HERMITAGE AVE / 534 N HERMITAGE AVE units=2 description=ERECT 2 D.U. FRAME BUILDING (4A CONSTRUCTION) WITH DETACHED 2 CARFRAME GARAGE WITH ROOF TOP DECK (4A CONSTRUCTION) AS PER PLAN.CONDTIONAL PERMIT - WILL VOID IF WRECKING PERMIT IS NOT OBTAINED WITHIN 30 DAY OF PERMIT ISSUE DATE || permit_chain_100444876 [exact PIN] [2012-06-25] 532 N HERMITAGE AVE / 534 N HERMITAGE AVE units=2 description=ERECT 2 D.U. FRAME BUILDING (4A CONSTRUCTION) WITH DETACHED 2 CAR FRAME GARAGE WITH ROOF TOP DECK (4A CONSTRUCTION) AS PER PLAN.  (SELF CERTIFICATION PROJECT - SUBJECT TO AUDIT & FIELD INSPECTION),permit_chain_100444875 [2012-06-25] 532 N HERMITAGE AVE / 534 N HERMITAGE AVE units=2 description=ERECT 2 D.U. FRAME BUILDING (4A CONSTRUCTION) WITH DETACHED 2 CARFRAME GARAGE WITH ROOF TOP DECK (4A CONSTRUCTION) AS PER PLAN.CONDTIONAL PERMIT - WILL VOID IF WRECKING PERMIT IS NOT OBTAINED WITHIN 30 DAY OF PERMIT ISSUE DATE || permit_chain_100444876 [2012-06-25] NA units=2 description=ERECT 2 D.U. FRAME BUILDING (4A CONSTRUCTION) WITH DETACHED 2 CAR FRAME GARAGE WITH ROOF TOP DECK (4A CONSTRUCTION) AS PER PLAN.  (SELF CERTIFICATION PROJECT - SUBJECT TO AUDIT & FIELD INSPECTION),,,,,,,,,,TRUE,FALSE,FALSE,TRUE,2_main_sample_outcome,construction_year_parcel_polygon,2,0,0,0/1891,1,1,968,1793.3749999799766,city_building_347358 address=532 532 N HERMITAGE AVE; year=1891; units=1; building_sqft=968; overlap=1 || city_building_347290 address=0 0; year=0; units=0; building_sqft=0; overlap=1,0,0,,,,532 N HERMITAGE AVE,1,532 N HERMITAGE AVE,FALSE,FALSE,FALSE,FALSE,FALSE,FALSE,TRUE,FALSE,TRUE,FALSE,candidate_sum_supported,4,9064,4_main_sample_outcome,,,,,,,,,,,,,2,4,9226,5453,,condo_1707221047 [532 N HERMITAGE AVE] year=2011 units=2 sqft=4613 land=2753 project=NA || condo_1707221048 [534 N HERMITAGE AVE] year=2011 units=2 sqft=4613 land=2700 project=NA,,,,,,,aggregate_cards_supported_no_successor_overlap,4,9064,FALSE,retain,4,9064,contemporaneous_card_inventory,high,cards=2; card_units=4; card_building_sqft=9064; permit_addresses=532 N HERMITAGE AVE / 534 N HERMITAGE AVE,,,,,,retain,4,9064,contemporaneous_card_inventory,high,cards=2; card_units=4; card_building_sqft=9064; permit_addresses=532 N HERMITAGE AVE / 534 N HERMITAGE AVE,,,,,2012,existing_adjudicated_year,,,,,,,
residential_multicard_17341211170000,2019,TRUE,TRUE,62.142554662379624,3_4,1,1763,8031,0.2195243431702154,5.423982069480762,17341211170000,residential_multicard_17341211170000,17341211170000,residential_17341211170000,residential_multicard_17341211170000,5,1/2/3/4/5,295,3,FALSE,5,8684,1,1694/1732/1763,TRUE,TRUE,2020,2020,5,5,1,0,0,1,1,0,1,1,239 E 33RD BLVD,239 E 33RD BLVD,5,5,1,1,TRUE,TRUE,5,5,"permit_chain_100789260 [exact PIN] [2019-05-17] 239 E 33RD BLVD units=5 description=OIA '251 E 33RD BLVD' ERECT 2 STORY IIIB MASONRY 5 UNIT  TOWNHOUSE WITH BASEMENT AND ATTACHED GARAGE PER PLANS. PERMIT INCLUDES THE ADDRESSES OF 241, 243, 245 E. 33RD BLVD AND 3301 S. PRAIRIE AVE.","permit_chain_100789260 [2019-05-17] 239 E 33RD BLVD units=5 description=OIA '251 E 33RD BLVD' ERECT 2 STORY IIIB MASONRY 5 UNIT  TOWNHOUSE WITH BASEMENT AND ATTACHED GARAGE PER PLANS. PERMIT INCLUDES THE ADDRESSES OF 241, 243, 245 E. 33RD BLVD AND 3301 S. PRAIRIE AVE.",,,,,,,,,,TRUE,TRUE,FALSE,TRUE,1_multifamily_threshold,construction_year_parcel_polygon,0,0,,,,,,,,0,0,,,,3305 S PRAIRIE AVE,1,3305 S PRAIRIE AVE,FALSE,FALSE,FALSE,FALSE,FALSE,FALSE,FALSE,FALSE,TRUE,FALSE,candidate_sum_supported,5,8684,3_main_sample_multifamily_threshold,,,,,,,,,,,,,5,5,8646,8045,residential_17341211360000/residential_17341211370000/residential_17341211380000/residential_17341211390000/residential_17341211400000,noncondo_17341211370000 [239 33RD] year=2021 units=1 sqft=1732 land=1428 project=residential_17341211370000 || noncondo_17341211380000 [241 33RD] year=2021 units=1 sqft=1694 land=1490 project=residential_17341211380000 || noncondo_17341211390000 [243 33RD] year=2021 units=1 sqft=1694 land=1432 project=residential_17341211390000 || noncondo_17341211400000 [245 E 33RD ST] year=2021 units=1 sqft=1763 land=1542 project=residential_17341211400000 || noncondo_17341211360000 [3301 PRAIRIE] year=2021 units=1 sqft=1763 land=2153 project=residential_17341211360000,,,,,,,aggregate_cards_supported_no_successor_overlap,5,8684,FALSE,retain,5,8684,contemporaneous_card_inventory,high,cards=5; card_units=5; card_building_sqft=8684; permit_addresses=239 E 33RD BLVD,,,,,,retain,5,8684,contemporaneous_card_inventory,high,cards=5; card_units=5; card_building_sqft=8684; permit_addresses=239 E 33RD BLVD,,,,,2019,existing_adjudicated_year,,,,,,,
residential_multicard_20043320380000,2022,TRUE,TRUE,246.3181358379306,3_11,1,2020,8162,0.24748836069590788,5.336927223719677,20043320380000,residential_multicard_20043320380000,20043320380000,residential_20043320380000,residential_multicard_20043320380000,3,1/2/3,278,1,TRUE,3,6060,1,2020,TRUE,TRUE,2023,2023,3,3,1,0,0,3,3,0,3,3,445 W 46TH PL / 447 W 46TH PL / 449 W 46TH PL,445 W 46TH PL / 447 W 46TH PL / 449 W 46TH PL / NA,,,0,0,FALSE,FALSE,,,"permit_chain_100912883 [exact PIN] [2021-10-22] 445 W 46TH PL / 447 W 46TH PL / 449 W 46TH PL units=missing description=SPR 2019 CBC: NEW 2 STORY MASONRY SINGLE FAMILY HOME WITH ATTACHED GARAGE AS PER PLANS ( CONSTRUCTION TYPE 3A, OCCUPANCY GROUP R-5) || permit_chain_100912885 [exact PIN] [2021-10-22] 445 W 46TH PL / 447 W 46TH PL / 449 W 46TH PL units=missing description=SPR 2019 CBC: NEW 2 STORY MASONRY SINGLE FAMILY HOME WITH ATTACHED GARAGE AS PER PLANS ( CONSTRUCTION TYPE 3A, OCCUPANCY GROUP R-5) || permit_chain_100912886 [exact PIN] [2021-12-23] 445 W 46TH PL / 447 W 46TH PL / 449 W 46TH PL units=missing description=SPR 2019 CBC: NEW 2 STORY MASONRY SINGLE FAMILY HOME WITH ATTACHED GARAGE AS PER PLANS ( CONSTRUCTION TYPE 3A, OCCUPANCY GROUP R-5)","permit_chain_100912883 [2021-10-22] 445 W 46TH PL / 447 W 46TH PL / 449 W 46TH PL units=missing description=SPR 2019 CBC: NEW 2 STORY MASONRY SINGLE FAMILY HOME WITH ATTACHED GARAGE AS PER PLANS ( CONSTRUCTION TYPE 3A, OCCUPANCY GROUP R-5) || permit_chain_100912885 [2021-10-22] NA units=missing description=SPR 2019 CBC: NEW 2 STORY MASONRY SINGLE FAMILY HOME WITH ATTACHED GARAGE AS PER PLANS ( CONSTRUCTION TYPE 3A, OCCUPANCY GROUP R-5) || permit_chain_100912886 [2021-12-23] NA units=missing description=SPR 2019 CBC: NEW 2 STORY MASONRY SINGLE FAMILY HOME WITH ATTACHED GARAGE AS PER PLANS ( CONSTRUCTION TYPE 3A, OCCUPANCY GROUP R-5)",,,,,,,,,,TRUE,TRUE,FALSE,FALSE,1_multifamily_threshold,construction_year_parcel_polygon,0,0,,,,,,,,0,0,,,,451 W 46TH PL,1,451 W 46TH PL,FALSE,FALSE,FALSE,FALSE,FALSE,FALSE,TRUE,FALSE,TRUE,FALSE,candidate_sum_supported,3,6060,3_main_sample_multifamily_threshold,,,,,,,,,,,,,3,3,6720,6720,,noncondo_20043320510000 [445 W 46TH PL] year=2023 units=1 sqft=2240 land=2240 project=NA || noncondo_20043320520000 [447 W 46TH PL] year=2023 units=1 sqft=2240 land=2240 project=NA || noncondo_20043320530000 [449 W 46TH PL] year=2023 units=1 sqft=2240 land=2240 project=NA,,,,,,,aggregate_cards_supported_no_successor_overlap,3,6060,FALSE,retain,3,6060,contemporaneous_card_inventory,high,cards=3; card_units=3; card_building_sqft=6060; permit_addresses=445 W 46TH PL / 447 W 46TH PL / 449 W 46TH PL,,,,,,retain,3,6060,contemporaneous_card_inventory,high,cards=3; card_units=3; card_building_sqft=6060; permit_addresses=445 W 46TH PL / 447 W 46TH PL / 449 W 46TH PL,,,,,2022,existing_adjudicated_year,,,,,,,
residential_multicard_11303200330000,2008,TRUE,TRUE,128.47254171694078,49_50,1,1926,8750,0.2201142857142857,4.978285714285715,11303200330000,residential_multicard_11303200330000,11303200330000,residential_11303200330000,residential_multicard_11303200330000,9,1/2/3/4/5/6/7/8/9,295,1,TRUE,9,17334,1,1926,TRUE,TRUE,1999,2026,9,9,18,1,1,0,0,0,,,,,,,0,0,,,,,,,7215 N OAKLEY AVE,1,7215 N Oakley Ave,1 attached row,9,17334,confirmed repeated townhouse units,high,City permit 100155215 says TOWNHOUSE 9 UNITS; the 2008 footprint and current imagery show the completed attached row.,TRUE,TRUE,FALSE,FALSE,previous_manual_review,construction_year_parcel_polygon,1,1,0,2007,,,,5679.518734837121,city_building_887010 address=7201 7215 N OAKLEY AVE; year=2007; units=0; building_sqft=0; overlap=0.996,1,1,2007,5679.502800434828,cook_2008_407640 address=7201 7215 N OAKLEY AVE; year=2007; overlap=0.996,,,7215 N OAKLEY AVE,FALSE,FALSE,FALSE,FALSE,FALSE,FALSE,FALSE,FALSE,FALSE,FALSE,resolved_previous_manual_review,9,17334,0_previous_manual_review,,,,,,,,,,,,,1,9,17334,8750,residential_multicard_11303200330000,noncondo_11303200330000 [7215 N OAKLEY AVE] year=2008 units=9 sqft=17334 land=8750 project=residential_multicard_11303200330000,7215 N Oakley Ave,9,17334,confirmed repeated townhouse units,high,City permit 100155215 says TOWNHOUSE 9 UNITS; the 2008 footprint and current imagery show the completed attached row.,prior_manual_decision,9,17334,FALSE,retain,9,17334,contemporaneous_card_inventory,high,cards=9; card_units=9; card_building_sqft=17334; permit_addresses=none,,,,,,retain,9,17334,contemporaneous_card_inventory,high,cards=9; card_units=9; card_building_sqft=17334; permit_addresses=none,,,,,2008,existing_adjudicated_year,,,,,,,
residential_multicard_13141270250000,2011,TRUE,TRUE,203.4432012402178,33_39,6,7680,25777,0.29794002405244985,10.139271443534934,13141270250000,residential_multicard_13141270250000,13141270250000,residential_13141270250000,residential_multicard_13141270250000,4,1/2/3/4,211,1,TRUE,24,30720,6,7680,TRUE,TRUE,2012,2026,4,4,15,0,0,4,4,0,4,4,3634 W MONTROSE AVE / 3640 W MONTROSE AVE / 3644 W MONTROSE AVE / 3648 W MONTROSE AVE,3634 W MONTROSE AVE / 3640 W MONTROSE AVE / 3644 W MONTROSE AVE / 3648 W MONTROSE AVE / NA,6,6,4,4,TRUE,TRUE,24,24,permit_chain_100408551 [exact PIN] [2011-09-15] 3634 W MONTROSE AVE / 3640 W MONTROSE AVE / 3644 W MONTROSE AVE / 3648 W MONTROSE AVE units=6 description=ERECT 3 STORY 6 DWELLING UNIT BUILDING + TWO 3 CAR GARAGES AS PER PLAN || permit_chain_100408557 [exact PIN] [2011-09-15] 3634 W MONTROSE AVE / 3640 W MONTROSE AVE / 3644 W MONTROSE AVE / 3648 W MONTROSE AVE units=6 description=ERECT 3 STORY 6 DWELLING UNIT BUILDING + THREE 2 CAR GARAGES AS PER PLAN || permit_chain_100408561 [exact PIN] [2011-09-19] 3634 W MONTROSE AVE / 3640 W MONTROSE AVE / 3644 W MONTROSE AVE / 3648 W MONTROSE AVE units=6 description=ERECT 3 STORY 6 DWELLING UNIT BUILDING + THREE 2 CAR GARAGES AS PER PLAN || permit_chain_100408630 [exact PIN] [2011-09-19] 3634 W MONTROSE AVE / 3640 W MONTROSE AVE / 3644 W MONTROSE AVE / 3648 W MONTROSE AVE units=6 description=ERECT 3 STORY 6 DWELLING UNIT BUILDING + 6 CAR GARAGE AS PER PLAN,permit_chain_100408551 [2011-09-15] 3634 W MONTROSE AVE / 3640 W MONTROSE AVE / 3644 W MONTROSE AVE / 3648 W MONTROSE AVE units=6 description=ERECT 3 STORY 6 DWELLING UNIT BUILDING + TWO 3 CAR GARAGES AS PER PLAN || permit_chain_100408557 [2011-09-15] NA units=6 description=ERECT 3 STORY 6 DWELLING UNIT BUILDING + THREE 2 CAR GARAGES AS PER PLAN || permit_chain_100408561 [2011-09-19] NA units=6 description=ERECT 3 STORY 6 DWELLING UNIT BUILDING + THREE 2 CAR GARAGES AS PER PLAN || permit_chain_100408630 [2011-09-19] NA units=6 description=ERECT 3 STORY 6 DWELLING UNIT BUILDING + 6 CAR GARAGE AS PER PLAN,3630 W MONTROSE AVE,1,3630 W Montrose Ave,4,24,30720,confirmed repeated buildings,high,"City permits 100408551, 100408557, 100408561, and 100408630 authorize four separate six-unit buildings at 3634, 3640, 3644, and 3648 W Montrose.",TRUE,FALSE,FALSE,TRUE,previous_manual_review,construction_year_parcel_polygon,3,0,0,0/1924,12,12,,12899.87499969802,city_building_845492 address=3630 3652 W MONTROSE AVE; year=1924; units=12; building_sqft=0; overlap=0.953 || city_building_128363 address=0 0; year=0; units=0; building_sqft=0; overlap=1 || city_building_128804 address=0 0; year=0; units=0; building_sqft=0; overlap=1,0,0,,,,,,3630 W MONTROSE AVE,FALSE,FALSE,FALSE,FALSE,FALSE,FALSE,TRUE,FALSE,TRUE,FALSE,resolved_previous_manual_review,24,30720,0_previous_manual_review,,,,,,,,,,,,,1,24,30720,25777,residential_multicard_13141270250000,noncondo_13141270250000 [3630 W MONTROSE AVE] year=2011 units=24 sqft=30720 land=25777 project=residential_multicard_13141270250000,3630 W Montrose Ave,24,30720,confirmed repeated buildings,high,"City permits 100408551, 100408557, 100408561, and 100408630 authorize four separate six-unit buildings at 3634, 3640, 3644, and 3648 W Montrose.",prior_manual_decision,24,30720,FALSE,retain,24,30720,contemporaneous_card_inventory,high,cards=4; card_units=24; card_building_sqft=30720; permit_addresses=3634 W MONTROSE AVE / 3640 W MONTROSE AVE / 3644 W MONTROSE AVE / 3648 W MONTROSE AVE,,,,,,retain,24,30720,contemporaneous_card_inventory,high,cards=4; card_units=24; card_building_sqft=30720; permit_addresses=3634 W MONTROSE AVE / 3640 W MONTROSE AVE / 3644 W MONTROSE AVE / 3648 W MONTROSE AVE,,,,,2011,existing_adjudicated_year,,,,,,,
residential_multicard_13322180280000,2022,TRUE,TRUE,99.23172072316116,29_36,3,4224,6275,0.6731474103585657,20.82549800796813,13322180280000,residential_multicard_13322180280000,13322180280000,residential_13322180280000,residential_multicard_13322180280000,2,1/2,211,1,TRUE,6,8448,3,4224,TRUE,TRUE,2022,2026,2,2,5,0,0,3,3,0,3,3,5612 W GRAND AVE / 5614 W GRAND AVE / 5618 W GRAND AVE,5612 W GRAND AVE / 5614 W GRAND AVE / 5618 W GRAND AVE / NA,3,3,3,3,TRUE,TRUE,9,9,"permit_chain_100877275 [exact PIN] [2020-06-25] 5612 W GRAND AVE / 5614 W GRAND AVE / 5618 W GRAND AVE units=3 description=NEW 3 STORY MASONRY 3 DU  BUILDING WITH FRONT BALCONIES,  AND 3 CAR PARKING PAD  AS PER PLAN || permit_chain_100877276 [exact PIN] [2020-06-25] 5612 W GRAND AVE / 5614 W GRAND AVE / 5618 W GRAND AVE units=3 description=NEW 3 STORY MASONRY 3 DU  BUILDING WITH FRONT BALCONIES,  AND 3 CAR PARKING PAD  AS PER PLAN (CONDITIONAL PERMIT SUBJECT TO FIELD INSPECTIONS) || permit_chain_100877278 [exact PIN] [2020-06-26] 5612 W GRAND AVE / 5614 W GRAND AVE / 5618 W GRAND AVE units=3 description=NEW 3 STORY MASONRY 3 DU  BUILDING WITH FRONT BALCONIES,  AND 3 CAR PARKING PAD  AS PER PLAN (CONDITIONAL PERMIT SUBJECT TO FIELD INSPECTIONS)","permit_chain_100877275 [2020-06-25] 5612 W GRAND AVE / 5614 W GRAND AVE / 5618 W GRAND AVE units=3 description=NEW 3 STORY MASONRY 3 DU  BUILDING WITH FRONT BALCONIES,  AND 3 CAR PARKING PAD  AS PER PLAN || permit_chain_100877276 [2020-06-25] NA units=3 description=NEW 3 STORY MASONRY 3 DU  BUILDING WITH FRONT BALCONIES,  AND 3 CAR PARKING PAD  AS PER PLAN (CONDITIONAL PERMIT SUBJECT TO FIELD INSPECTIONS) || permit_chain_100877278 [2020-06-26] NA units=3 description=NEW 3 STORY MASONRY 3 DU  BUILDING WITH FRONT BALCONIES,  AND 3 CAR PARKING PAD  AS PER PLAN (CONDITIONAL PERMIT SUBJECT TO FIELD INSPECTIONS)",5612 W GRAND AVE,1,5612 W Grand Ave,3,9,12672,assessor cards undercount project,high for units; medium for sqft,"City permits 100877275, 100877276, and 100877278 authorize three separate three-unit buildings at 5612, 5614, and 5618 W Grand; the 2022 footprint layer shows three principal buildings. Verified sqft assumes the missing third building matches the two identical assessor cards.",TRUE,FALSE,FALSE,FALSE,previous_manual_review,construction_year_parcel_polygon,1,0,0,1951,,,8600,9229.000000178814,city_building_282365 address=5612 5616 W GRAND AVE; year=1951; units=0; building_sqft=8600; overlap=0.668,0,0,,,,,,5612 W GRAND AVE,FALSE,FALSE,FALSE,TRUE,FALSE,FALSE,FALSE,FALSE,TRUE,FALSE,resolved_previous_manual_review,9,12672,0_previous_manual_review,,,,,,,,,,,,,1,6,8448,6275,residential_multicard_13322180280000,noncondo_13322180280000 [5612 W GRAND AVE] year=2022 units=6 sqft=8448 land=6275 project=residential_multicard_13322180280000,5612 W Grand Ave,9,12672,assessor cards undercount project,high for units; medium for sqft,"City permits 100877275, 100877276, and 100877278 authorize three separate three-unit buildings at 5612, 5614, and 5618 W Grand; the 2022 footprint layer shows three principal buildings. Verified sqft assumes the missing third building matches the two identical assessor cards.",prior_manual_decision,9,12672,FALSE,retain,6,8448,contemporaneous_card_inventory,high,cards=2; card_units=6; card_building_sqft=8448; permit_addresses=5612 W GRAND AVE / 5614 W GRAND AVE / 5618 W GRAND AVE,,,,,,retain,6,8448,contemporaneous_card_inventory,high,cards=2; card_units=6; card_building_sqft=8448; permit_addresses=5612 W GRAND AVE / 5614 W GRAND AVE / 5618 W GRAND AVE,,,,,2022,existing_adjudicated_year,,,,,,,
residential_multicard_14301010390000,2021,TRUE,TRUE,397.9146529649424,32_33,6,12406,12640,0.981487341772152,20.67721518987342,14301010390000,residential_multicard_14301010390000,14301010390000,residential_14301010390000,residential_multicard_14301010390000,2,1/2,211,1,TRUE,12,24812,6,12406,TRUE,TRUE,2021,2026,2,2,6,0,0,1,0,1,1,0,3122 N CLYBOURN AVE,,6,,1,0,TRUE,FALSE,6,,"permit_chain_100754305 [project polygon] [2019-01-31] 3122 N CLYBOURN AVE units=6 description=ERECT A 3 STORY , IIIB MASONRY 6 UNIT APARMENT BUILDING AND 6 CAR DETACHED GARAGE PER PLANS",[]  units= description=,3118 N CLYBOURN AVE,1,3118 N Clybourn Ave,1,6,12406,duplicate or administrative cards,high,City permit 100754305 authorizes one six-unit apartment building. Public records report one building and 12406 sq ft; the two identical assessor cards double the completed project.,TRUE,FALSE,FALSE,FALSE,previous_manual_review,construction_year_parcel_polygon,1,0,0,1932,,,8300,8720.749999920372,city_building_216633 address=3116 3118 N CLYBOURN AVE; year=1932; units=0; building_sqft=8300; overlap=1,0,0,,,,,,3118 N CLYBOURN AVE,FALSE,FALSE,FALSE,FALSE,FALSE,FALSE,FALSE,FALSE,FALSE,FALSE,resolved_previous_manual_review,6,12406,0_previous_manual_review,,,,,,,,,,,,,1,12,24812,12640,residential_multicard_14301010390000,noncondo_14301010390000 [3118 N CLYBOURN AVE] year=2021 units=12 sqft=24812 land=12640 project=residential_multicard_14301010390000,3118 N Clybourn Ave,6,12406,duplicate or administrative cards,high,City permit 100754305 authorizes one six-unit apartment building. Public records report one building and 12406 sq ft; the two identical assessor cards double the completed project.,prior_manual_decision,6,12406,FALSE,retain,12,24812,contemporaneous_card_inventory,high,cards=2; card_units=12; card_building_sqft=24812; permit_addresses=3122 N CLYBOURN AVE,,,,,,retain,12,24812,contemporaneous_card_inventory,high,cards=2; card_units=12; card_building_sqft=24812; permit_addresses=3122 N CLYBOURN AVE,,,,,2021,existing_adjudicated_year,,,,,,,
residential_multicard_19083090620000,2022,TRUE,TRUE,155.9388272795539,14_23,1,1416,8750,0.16182857142857143,4.978285714285715,19083090620000,residential_multicard_19083090620000,19083090620000,residential_19083090620000,residential_multicard_19083090620000,2,2/3,203,1,TRUE,2,2832,1,1416,TRUE,TRUE,1999,2026,3,2,3,0,0,2,2,0,2,2,5245 S MULLIGAN AVE / 5249 S MULLIGAN AVE,5245 S MULLIGAN AVE / 5249 S MULLIGAN AVE / NA,,,0,0,FALSE,FALSE,,,"permit_chain_100922803 [exact PIN] [2021-07-02] 5245 S MULLIGAN AVE / 5249 S MULLIGAN AVE units=missing description=PROPOSED 1 STORY SFR W/BASEMENT, OPEN METAL FRONT PORCH, 5' FRONT IRON/6' WOOD SIDE FENCES, AND 2 CAR REAR GARAGE, PER PLANS. || permit_chain_100922805 [exact PIN] [2021-07-02] 5245 S MULLIGAN AVE / 5249 S MULLIGAN AVE units=missing description=PROPOSED 1 STORY SFR W/BASEMENT, OPEN METAL FRONT PORCH, 5' FRONT IRON/6' SIDE WOOD FENCES, AND 2 DETATCHED 2 CAR GARAGE, PER PLANS.","permit_chain_100922803 [2021-07-02] 5245 S MULLIGAN AVE / 5249 S MULLIGAN AVE units=missing description=PROPOSED 1 STORY SFR W/BASEMENT, OPEN METAL FRONT PORCH, 5' FRONT IRON/6' WOOD SIDE FENCES, AND 2 CAR REAR GARAGE, PER PLANS. || permit_chain_100922805 [2021-07-02] NA units=missing description=PROPOSED 1 STORY SFR W/BASEMENT, OPEN METAL FRONT PORCH, 5' FRONT IRON/6' SIDE WOOD FENCES, AND 2 DETATCHED 2 CAR GARAGE, PER PLANS.",5249 S MULLIGAN AVE,1,5245-5249 S Mulligan Ave,2,2,2832,confirmed repeated buildings,high,City permits 100922803 and 100922805 authorize separate single-family residences at 5245 and 5249 S Mulligan; current footprints show two principal houses.,TRUE,TRUE,FALSE,FALSE,previous_manual_review,construction_year_parcel_polygon,1,0,0,1924,1,1,828,1579.6250001068693,city_building_478681 address=5249 5249 S MULLIGAN AVE; year=1924; units=1; building_sqft=828; overlap=1,0,0,,,,,,5249 S MULLIGAN AVE,TRUE,FALSE,FALSE,FALSE,FALSE,FALSE,TRUE,TRUE,TRUE,TRUE,resolved_previous_manual_review,2,2832,0_previous_manual_review,,,,,,,,,,,,,1,2,2832,8750,residential_multicard_19083090620000,noncondo_19083090620000 [5249 S MULLIGAN AVE] year=2022 units=2 sqft=2832 land=8750 project=residential_multicard_19083090620000,5245-5249 S Mulligan Ave,2,2832,confirmed repeated buildings,high,City permits 100922803 and 100922805 authorize separate single-family residences at 5245 and 5249 S Mulligan; current footprints show two principal houses.,prior_manual_decision,2,2832,FALSE,retain,2,2832,contemporaneous_card_inventory,high,cards=2; card_units=2; card_building_sqft=2832; permit_addresses=5245 S MULLIGAN AVE / 5249 S MULLIGAN AVE,,,,,,retain,2,2832,contemporaneous_card_inventory,high,cards=2; card_units=2; card_building_sqft=2832; permit_addresses=5245 S MULLIGAN AVE / 5249 S MULLIGAN AVE,,,,,2022,existing_adjudicated_year,,,,,,,
residential_multicard_20211200290000,2006,TRUE,TRUE,54.57674450358806,6_20,2,2210,6251,0.3535434330507119,13.936970084786434,20211200290000,residential_multicard_20211200290000,20211200290000,residential_20211200290000,residential_multicard_20211200290000,5,1/2/3/4/5,211,1,TRUE,10,11050,2,2210,TRUE,TRUE,2007,2024,5,5,18,0,0,0,0,0,,,,,,,0,0,,,,,,,500 W 66TH ST,1,500 W 66th St,1,10,11050,confirmed repeated building sections,high,The county improvement records contain five two-unit cards; LoopNet reports 11050 sq ft and Crexi reports one 10-unit building. The current footprint is one principal building.,TRUE,FALSE,FALSE,FALSE,previous_manual_review,construction_year_parcel_polygon,1,1,0,2005,,,,3716.569999299943,city_building_837815 address=6554 6556 S NORMAL BLVD; year=2005; units=0; building_sqft=0; overlap=1,0,0,,,,,,500 W 66TH ST,FALSE,FALSE,FALSE,FALSE,FALSE,FALSE,FALSE,FALSE,FALSE,FALSE,resolved_previous_manual_review,10,11050,0_previous_manual_review,,,,,,,,,,,,,,,,,,,500 W 66th St,10,11050,confirmed repeated building sections,high,The county improvement records contain five two-unit cards; LoopNet reports 11050 sq ft and Crexi reports one 10-unit building. The current footprint is one principal building.,prior_manual_decision,10,11050,FALSE,retain,10,11050,contemporaneous_card_inventory,high,cards=5; card_units=10; card_building_sqft=11050; permit_addresses=none,,,,,,retain,10,11050,contemporaneous_card_inventory,high,cards=5; card_units=10; card_building_sqft=11050; permit_addresses=none,,,,,2006,existing_adjudicated_year,,,,,,,
residential_multicard_25194060030000,2008,TRUE,TRUE,430.0826285377019,19_34,3,3648,6250,0.58368,20.9088,25194060030000,residential_multicard_25194060030000,25194060030000,residential_25194060030000,residential_multicard_25194060030000,2,1/2,211,1,TRUE,6,7296,3,3648,TRUE,TRUE,2009,2026,2,2,18,0,0,1,0,1,1,0,11613 S VINCENNES AVE,,3,,1,0,TRUE,FALSE,3,,permit_chain_100215668 [project polygon] [2008-05-30] 11613 S VINCENNES AVE units=3 description=NEW 2 STORY FRAME BUILDING FOR 3 D.U.'S AND 3 PARKING STALLS,[]  units= description=,11613 S VINCENNES AVE,1,11611-11613 S Vincennes Ave,2,6,7296,confirmed repeated buildings,high,City permits 100215649 and 100215668 authorize separate three-unit buildings at 11611 and 11613 S Vincennes.,TRUE,FALSE,FALSE,FALSE,previous_manual_review,construction_year_parcel_polygon,2,2,0,2010,1,2,,2655.2773360516876,city_building_891037 address=11613 11613 S VINCENNES AVE; year=2010; units=1; building_sqft=0; overlap=1 || city_building_891036 address=11611 11611 S VINCENNES AVE; year=2010; units=1; building_sqft=0; overlap=0.99,0,0,,,,,,11613 S VINCENNES AVE,FALSE,FALSE,FALSE,FALSE,TRUE,FALSE,FALSE,FALSE,TRUE,FALSE,resolved_previous_manual_review,6,7296,0_previous_manual_review,,,,,,,,,,,,,1,6,7296,6250,residential_multicard_25194060030000,noncondo_25194060030000 [11613 S VINCENNES AVE] year=2008 units=6 sqft=7296 land=6250 project=residential_multicard_25194060030000,11611-11613 S Vincennes Ave,6,7296,confirmed repeated buildings,high,City permits 100215649 and 100215668 authorize separate three-unit buildings at 11611 and 11613 S Vincennes.,prior_manual_decision,6,7296,FALSE,retain,6,7296,contemporaneous_card_inventory,high,cards=2; card_units=6; card_building_sqft=7296; permit_addresses=11613 S VINCENNES AVE,,,,,,retain,6,7296,contemporaneous_card_inventory,high,cards=2; card_units=6; card_building_sqft=7296; permit_addresses=11613 S VINCENNES AVE,,,,,2008,existing_adjudicated_year,,,,,,,
residential_multicard_13132280110000,2022,TRUE,TRUE,120.06923056479164,33_47,1,832,4952,0.1680129240710824,8.796445880452342,13132280110000,residential_multicard_13132280110000,13132280110000,residential_13132280110000,residential_multicard_13132280110000,1,2,207,1,TRUE,1,832,1,832,TRUE,TRUE,1999,2026,2,2,5,1,0,1,1,0,1,1,2628 W AGATITE AVE,2628 W AGATITE AVE,,,0,0,FALSE,FALSE,,,"permit_chain_100941713 [exact PIN] [2021-11-18] 2628 W AGATITE AVE units=missing description=SC 2019 CBC: ADDITIONAL DWELLING UNIT - COACH HOUSE  CURRENT USE/OCCUPANCY:  A1 SINGLE FAMILY DWELLING PROPOSED USE/OCCUPANCY:  A1 SINGLE FAMILY DWELLING""SELF CERT PROJECT""","permit_chain_100941713 [2021-11-18] 2628 W AGATITE AVE units=missing description=SC 2019 CBC: ADDITIONAL DWELLING UNIT - COACH HOUSE  CURRENT USE/OCCUPANCY:  A1 SINGLE FAMILY DWELLING PROPOSED USE/OCCUPANCY:  A1 SINGLE FAMILY DWELLING""SELF CERT PROJECT""",2628 W AGATITE AVE,1,,,,,,,,FALSE,FALSE,FALSE,FALSE,5_confirmation,construction_year_parcel_polygon,2,0,0,0/1924,2,2,,2050.3750000020373,city_building_124232 address=2628 2628 W AGATITE AVE; year=1924; units=2; building_sqft=0; overlap=1 || city_building_123731 address=0 0; year=0; units=0; building_sqft=0; overlap=0.841,0,0,,,,,,2628 W AGATITE AVE,FALSE,FALSE,FALSE,FALSE,FALSE,FALSE,FALSE,FALSE,FALSE,FALSE,resolved_single_target_year_card,1,832,1_single_target_confirmation,,,,,,,,,,,,,,,,,,,,,,,,,single_target_card_no_successor_overlap,1,832,FALSE,retain,1,832,contemporaneous_card_inventory,high,cards=1; card_units=1; card_building_sqft=832; permit_addresses=2628 W AGATITE AVE,,,,,,retain,1,832,contemporaneous_card_inventory,high,cards=1; card_units=1; card_building_sqft=832; permit_addresses=2628 W AGATITE AVE,,,,,2022,existing_adjudicated_year,,,,,,,
residential_multicard_13234060400000,2019,TRUE,TRUE,236.3969698518868,30_35,1,2147,3125,0.68704,13.9392,13234060400000,residential_multicard_13234060400000,13234060400000,residential_13234060400000,residential_multicard_13234060400000,1,1,278,1,TRUE,1,2147,1,2147,TRUE,TRUE,1999,2026,2,2,2,1,1,1,1,0,1,1,3312 N DRAKE AVE,3312 N DRAKE AVE,,,0,0,FALSE,FALSE,,,"permit_chain_100826275 [exact PIN] [2019-08-14] 3312 N DRAKE AVE units=missing description=NEW CONSTRUCTION OF (2) STORY SINGLE FAMILY FRAME RESIDENCE WITH BASEMENT & NEW (2) CAR FRAME DETACHED GARAGE, PER PLANS","permit_chain_100826275 [2019-08-14] 3312 N DRAKE AVE units=missing description=NEW CONSTRUCTION OF (2) STORY SINGLE FAMILY FRAME RESIDENCE WITH BASEMENT & NEW (2) CAR FRAME DETACHED GARAGE, PER PLANS",3312 N DRAKE AVE,1,,,,,,,,FALSE,FALSE,FALSE,FALSE,5_confirmation,construction_year_parcel_polygon,1,0,0,1921,2,2,660,941.625000088592,city_building_202800 address=3312 3312 N DRAKE AVE; year=1921; units=2; building_sqft=660; overlap=0.974,0,0,,,,,,3312 N DRAKE AVE,FALSE,FALSE,FALSE,FALSE,FALSE,FALSE,FALSE,FALSE,FALSE,FALSE,resolved_single_target_year_card,1,2147,1_single_target_confirmation,,,,,,,,,,,,,1,2,2674,3125,residential_multicard_13234060400000,noncondo_13234060400000 [3312 N DRAKE AVE] year=2019 units=2 sqft=2674 land=3125 project=residential_multicard_13234060400000,,,,,,,single_target_card_no_successor_overlap,1,2147,FALSE,retain,1,2147,contemporaneous_card_inventory,high,cards=1; card_units=1; card_building_sqft=2147; permit_addresses=3312 N DRAKE AVE,,,,,,retain,1,2147,contemporaneous_card_inventory,high,cards=1; card_units=1; card_building_sqft=2147; permit_addresses=3312 N DRAKE AVE,,,,,2019,existing_adjudicated_year,,,,,,,
residential_multicard_13344090290000,2008,TRUE,TRUE,236.8681801654886,30_31,2,1702,6250,0.27232,13.9392,13344090290000,residential_multicard_13344090290000,13344090290000,residential_13344090290000,residential_multicard_13344090290000,1,2,211,1,TRUE,2,1702,2,1702,TRUE,TRUE,1999,2026,2,2,17,2,0,0,0,0,,,,,,,0,0,,,,,,,1822 N KILDARE AVE,1,,,,,,,,FALSE,FALSE,FALSE,FALSE,5_confirmation,construction_year_parcel_polygon,2,0,0,0/1904,2,2,1694,2304.875000117754,city_building_295424 address=1822 1822 N KILDARE AVE; year=1904; units=2; building_sqft=1694; overlap=1 || city_building_295493 address=0 0; year=0; units=0; building_sqft=0; overlap=0.855,0,0,,,,,,1822 N KILDARE AVE,TRUE,TRUE,TRUE,TRUE,FALSE,FALSE,FALSE,FALSE,FALSE,FALSE,resolved_single_target_year_card,2,1702,1_single_target_confirmation,,,,,,,,,,,,,,,,,,,,,,,,,single_target_card_no_successor_overlap,2,1702,FALSE,retain,2,1702,contemporaneous_card_inventory,high,cards=1; card_units=2; card_building_sqft=1702; permit_addresses=none,,,,,,retain,2,1702,contemporaneous_card_inventory,high,cards=1; card_units=2; card_building_sqft=1702; permit_addresses=none,,,,,2008,existing_adjudicated_year,,,,,,,
residential_multicard_13361160300000,2017,TRUE,TRUE,170.84023299634842,1_32,1,2179,3125,0.69728,13.9392,13361160300000,residential_multicard_13361160300000,13361160300000,residential_13361160300000,residential_multicard_13361160300000,1,1,278,1,TRUE,1,2179,1,2179,TRUE,TRUE,1999,2026,2,2,9,1,1,1,1,0,1,1,2013 N WHIPPLE ST,2013 N WHIPPLE ST,,,0,0,FALSE,FALSE,,,"permit_chain_100722296 [exact PIN] [2017-09-05] 2013 N WHIPPLE ST units=missing description=SELF-CERTIFICATION REVIEW: ERECT SINGLE FAMILY RESIDENCE (4A CONSTRUCTION) WITH BASEMENT, ROOF TOP DECK, REAR DECK AT 1ST FLOOR, DETACHED 2 CAR GARAGE (4A CONSTRUCTION) AS PER PLAN.","permit_chain_100722296 [2017-09-05] 2013 N WHIPPLE ST units=missing description=SELF-CERTIFICATION REVIEW: ERECT SINGLE FAMILY RESIDENCE (4A CONSTRUCTION) WITH BASEMENT, ROOF TOP DECK, REAR DECK AT 1ST FLOOR, DETACHED 2 CAR GARAGE (4A CONSTRUCTION) AS PER PLAN.",2013 N WHIPPLE ST,1,,,,,,,,FALSE,FALSE,FALSE,FALSE,5_confirmation,construction_year_parcel_polygon,2,0,0,0,,,,1910.374999869091,city_building_286029 address=2013 2013 N WHIPPLE ST; year=0; units=0; building_sqft=0; overlap=1 || city_building_286076 address=2013 2013 N WHIPPLE ST; year=0; units=0; building_sqft=0; overlap=1,0,0,,,,,,2013 N WHIPPLE ST,FALSE,FALSE,FALSE,FALSE,FALSE,FALSE,FALSE,FALSE,FALSE,FALSE,resolved_single_target_year_card,1,2179,1_single_target_confirmation,,,,,,,,,,,,,1,1,2179,3125,residential_multicard_13361160300000,noncondo_13361160300000 [2013 N WHIPPLE ST] year=2017 units=1 sqft=2179 land=3125 project=residential_multicard_13361160300000,,,,,,,single_target_card_no_successor_overlap,1,2179,FALSE,retain,1,2179,contemporaneous_card_inventory,high,cards=1; card_units=1; card_building_sqft=2179; permit_addresses=2013 N WHIPPLE ST,,,,,,retain,1,2179,contemporaneous_card_inventory,high,cards=1; card_units=1; card_building_sqft=2179; permit_addresses=2013 N WHIPPLE ST,,,,,2017,existing_adjudicated_year,,,,,,,
residential_multicard_13363020070000,2008,TRUE,TRUE,457.00779122837673,26_35,1,2420,3125,0.7744,13.9392,13363020070000,residential_multicard_13363020070000,13363020070000,residential_13363020070000,residential_multicard_13363020070000,1,1,278,1,TRUE,1,2420,1,2420,TRUE,TRUE,1999,2026,2,2,10,1,1,1,1,0,1,1,1943 N ALBANY AVE,1943 N ALBANY AVE,,,0,0,FALSE,FALSE,,,permit_chain_100255001 [exact PIN] [2008-09-29] 1943 N ALBANY AVE units=missing description=NEW SINGLE FAMILY HOME AND GARAGE,permit_chain_100255001 [2008-09-29] 1943 N ALBANY AVE units=missing description=NEW SINGLE FAMILY HOME AND GARAGE,1943 N ALBANY AVE,1,,,,,,,,FALSE,FALSE,FALSE,FALSE,5_confirmation,construction_year_parcel_polygon,1,0,0,1895,1,1,1384,982.7499999451684,city_building_288671 address=1943 1943 N ALBANY AVE; year=1895; units=1; building_sqft=1384; overlap=1,0,0,,,,,,1943 N ALBANY AVE,TRUE,TRUE,FALSE,FALSE,FALSE,FALSE,FALSE,FALSE,FALSE,FALSE,resolved_single_target_year_card,1,2420,1_single_target_confirmation,,,,,,,,,,,,,1,1,2420,3125,residential_multicard_13363020070000,noncondo_13363020070000 [1943 N ALBANY AVE] year=2008 units=1 sqft=2420 land=3125 project=residential_multicard_13363020070000,,,,,,,single_target_card_no_successor_overlap,1,2420,FALSE,retain,1,2420,contemporaneous_card_inventory,high,cards=1; card_units=1; card_building_sqft=2420; permit_addresses=1943 N ALBANY AVE,,,,,,retain,1,2420,contemporaneous_card_inventory,high,cards=1; card_units=1; card_building_sqft=2420; permit_addresses=1943 N ALBANY AVE,,,,,2008,existing_adjudicated_year,,,,,,,
residential_multicard_13364160130000,2016,TRUE,TRUE,332.8194288229426,1_32,1,2544,3000,0.848,14.52,13364160130000,residential_multicard_13364160130000,13364160130000,residential_13364160130000,residential_multicard_13364160130000,1,1,278,1,TRUE,1,2544,1,2544,TRUE,TRUE,1999,2026,2,2,16,1,1,1,1,0,1,1,2431 W MOFFAT ST,2431 W MOFFAT ST,,,0,0,FALSE,FALSE,,,permit_chain_100568516 [exact PIN] [2015-02-03] 2431 W MOFFAT ST units=missing description=NEW SINGLE FAMILY 2-STORY  RESIDENCE WITH BASEMENT AND NEW 1-STORY DETACHED GARAGE. PER PLANS,permit_chain_100568516 [2015-02-03] 2431 W MOFFAT ST units=missing description=NEW SINGLE FAMILY 2-STORY  RESIDENCE WITH BASEMENT AND NEW 1-STORY DETACHED GARAGE. PER PLANS,2431 W MOFFAT ST 2,1,,,,,,,,FALSE,FALSE,FALSE,FALSE,5_confirmation,construction_year_parcel_polygon,1,0,0,1882,2,2,1802,1237.4999999329448,city_building_293896 address=2431 2431 W MOFFAT ST; year=1882; units=2; building_sqft=1802; overlap=1,0,0,,,,,,2431 W MOFFAT ST 2,FALSE,FALSE,FALSE,FALSE,FALSE,FALSE,FALSE,FALSE,FALSE,FALSE,resolved_single_target_year_card,1,2544,1_single_target_confirmation,,,,,,,,,,,,,1,1,2544,3000,residential_multicard_13364160130000,noncondo_13364160130000 [2431 W MOFFAT ST 2] year=2016 units=1 sqft=2544 land=3000 project=residential_multicard_13364160130000,,,,,,,single_target_card_no_successor_overlap,1,2544,FALSE,retain,1,2544,contemporaneous_card_inventory,high,cards=1; card_units=1; card_building_sqft=2544; permit_addresses=2431 W MOFFAT ST,,,,,,retain,1,2544,contemporaneous_card_inventory,high,cards=1; card_units=1; card_building_sqft=2544; permit_addresses=2431 W MOFFAT ST,,,,,2016,existing_adjudicated_year,,,,,,,
residential_multicard_14071130440000,2011,TRUE,TRUE,426.3859961377863,40_47,1,2622,3055,0.858265139116203,14.258592471358428,14071130440000,residential_multicard_14071130440000,14071130440000,residential_14071130440000,residential_multicard_14071130440000,1,1,278,1,TRUE,1,2622,1,2622,TRUE,TRUE,1999,2026,2,2,15,1,1,1,1,0,1,1,2200 W FARRAGUT AVE,2200 W FARRAGUT AVE,,,0,0,FALSE,FALSE,,,permit_chain_100479624 [exact PIN] [2013-03-27] 2200 W FARRAGUT AVE units=missing description=NEW 2 STORY W/ BASEMENT FRAME S.F.R.,permit_chain_100479624 [2013-03-27] 2200 W FARRAGUT AVE units=missing description=NEW 2 STORY W/ BASEMENT FRAME S.F.R.,2200 W FARRAGUT AVE,1,,,,,,,,FALSE,FALSE,FALSE,FALSE,5_confirmation,construction_year_parcel_polygon,2,0,0,0,,,,1838.8750001881272,city_building_73871 address=2200 2200 W FARRAGUT AVE; year=0; units=0; building_sqft=0; overlap=0.99 || city_building_73429 address=5246 5246 N LEAVITT ST; year=0; units=0; building_sqft=0; overlap=0.794,0,0,,,,,,2200 W FARRAGUT AVE,FALSE,FALSE,FALSE,FALSE,FALSE,FALSE,FALSE,FALSE,FALSE,FALSE,resolved_single_target_year_card,1,2622,1_single_target_confirmation,,,,,,,,,,,,,1,1,2622,3055,residential_multicard_14071130440000,noncondo_14071130440000 [2200 W FARRAGUT AVE] year=2011 units=1 sqft=2622 land=3055 project=residential_multicard_14071130440000,,,,,,,single_target_card_no_successor_overlap,1,2622,FALSE,retain,1,2622,contemporaneous_card_inventory,high,cards=1; card_units=1; card_building_sqft=2622; permit_addresses=2200 W FARRAGUT AVE,,,,,,retain,1,2622,contemporaneous_card_inventory,high,cards=1; card_units=1; card_building_sqft=2622; permit_addresses=2200 W FARRAGUT AVE,,,,,2011,existing_adjudicated_year,,,,,,,
residential_multicard_14193040190000,2015,TRUE,TRUE,189.5375496929659,32_47,1,3574,4650,0.7686021505376344,9.36774193548387,14193040190000,residential_multicard_14193040190000,14193040190000,residential_14193040190000,residential_multicard_14193040190000,1,1,278,1,TRUE,1,3574,1,3574,TRUE,TRUE,1999,2026,2,2,17,1,1,1,1,0,1,1,3515 N LEAVITT ST,3515 N LEAVITT ST,,,0,0,FALSE,FALSE,,,"permit_chain_100590613 [exact PIN] [2015-05-05] 3515 N LEAVITT ST units=missing description=ERECT A 2TORY ,IVA FRAME SINGLE FAMILY RESIDENCE WITH BASEMENT AND DETACHED GARAGE PER PLAN","permit_chain_100590613 [2015-05-05] 3515 N LEAVITT ST units=missing description=ERECT A 2TORY ,IVA FRAME SINGLE FAMILY RESIDENCE WITH BASEMENT AND DETACHED GARAGE PER PLAN",3515 N LEAVITT ST,1,,,,,,,,FALSE,FALSE,FALSE,FALSE,5_confirmation,construction_year_parcel_polygon,2,0,0,0,,,,2020.375000054366,city_building_185124 address=3515 3515 N LEAVITT ST; year=0; units=0; building_sqft=0; overlap=1 || city_building_185063 address=3515 3515 N LEAVITT ST; year=0; units=0; building_sqft=0; overlap=0.951,0,0,,,,,,3515 N LEAVITT ST,FALSE,FALSE,FALSE,FALSE,FALSE,FALSE,FALSE,FALSE,FALSE,FALSE,resolved_single_target_year_card,1,3574,1_single_target_confirmation,,,,,,,,,,,,,1,1,3574,4650,residential_multicard_14193040190000,noncondo_14193040190000 [3515 N LEAVITT ST] year=2015 units=1 sqft=3574 land=4650 project=residential_multicard_14193040190000,,,,,,,single_target_card_no_successor_overlap,1,3574,FALSE,retain,1,3574,contemporaneous_card_inventory,high,cards=1; card_units=1; card_building_sqft=3574; permit_addresses=3515 N LEAVITT ST,,,,,,retain,1,3574,contemporaneous_card_inventory,high,cards=1; card_units=1; card_building_sqft=3574; permit_addresses=3515 N LEAVITT ST,,,,,2015,existing_adjudicated_year,,,,,,,
residential_multicard_14193100340000,2017,TRUE,TRUE,445.4961782195653,32_47,1,2790,3100,0.9,14.051612903225806,14193100340000,residential_multicard_14193100340000,14193100340000,residential_14193100340000,residential_multicard_14193100340000,1,1,278,1,TRUE,1,2790,1,2790,TRUE,TRUE,1999,2026,2,2,18,1,1,1,1,0,1,1,3416 N BELL AVE,3416 N BELL AVE,,,0,0,FALSE,FALSE,,,"permit_chain_100663538 [exact PIN] [2016-09-02] 3416 N BELL AVE units=missing description=ERECT A 2-STORY IVA FRAME SINGLE FAMILY RESIDENCE WITH BASEMENT AND DETACHED 2-CAR GARAGE PER PLANS. CURRENT OCC. CLASS: A-2, PROPOSED OCC. CLASS: A-1. AS PER PLANS - PERMIT ALSO INCLUDES A 6'-0"" TALL WOOD FENCE**CERTIFIED CORRECTIONS- - SUBJECT TO FIELD INSPECTIONS & AUDIT **","permit_chain_100663538 [2016-09-02] 3416 N BELL AVE units=missing description=ERECT A 2-STORY IVA FRAME SINGLE FAMILY RESIDENCE WITH BASEMENT AND DETACHED 2-CAR GARAGE PER PLANS. CURRENT OCC. CLASS: A-2, PROPOSED OCC. CLASS: A-1. AS PER PLANS - PERMIT ALSO INCLUDES A 6'-0"" TALL WOOD FENCE**CERTIFIED CORRECTIONS- - SUBJECT TO FIELD INSPECTIONS & AUDIT **",3416 N BELL AVE,1,,,,,,,,FALSE,FALSE,FALSE,FALSE,5_confirmation,construction_year_parcel_polygon,2,0,0,0/1906,2,2,3352,1595.8750001909211,city_building_192369 address=3416 3416 N BELL AVE; year=1906; units=2; building_sqft=3352; overlap=1 || city_building_192399 address=0 0; year=0; units=0; building_sqft=0; overlap=1,0,0,,,,,,3416 N BELL AVE,FALSE,FALSE,FALSE,FALSE,FALSE,FALSE,FALSE,FALSE,FALSE,FALSE,resolved_single_target_year_card,1,2790,1_single_target_confirmation,,,,,,,,,,,,,1,1,2790,3100,residential_multicard_14193100340000,noncondo_14193100340000 [3416 N BELL AVE] year=2019 units=1 sqft=2790 land=3100 project=residential_multicard_14193100340000,,,,,,,single_target_card_no_successor_overlap,1,2790,FALSE,retain,1,2790,contemporaneous_card_inventory,high,cards=1; card_units=1; card_building_sqft=2790; permit_addresses=3416 N BELL AVE,,,,,,retain,1,2790,contemporaneous_card_inventory,high,cards=1; card_units=1; card_building_sqft=2790; permit_addresses=3416 N BELL AVE,2017,Single-Family Residential,high,"Permit 100664740 was issued in 2016 for a new single-family house at 3416 N Bell. The assessor first reports the replacement building in 2018 with year built 2017, and the completed house sold in March 2018.",2019,manual_completed_project_evidence,,,,,,,
residential_multicard_14193140120000,2018,TRUE,TRUE,318.8073811537145,32_47,1,2818,3100,0.9090322580645162,14.051612903225806,14193140120000,residential_multicard_14193140120000,14193140120000,residential_14193140120000,residential_multicard_14193140120000,1,1,278,1,TRUE,1,2818,1,2818,TRUE,TRUE,1999,2026,2,2,20,1,1,1,1,0,1,1,3431 N HOYNE AVE,3431 N HOYNE AVE,,,0,0,FALSE,FALSE,,,permit_chain_100710068 [exact PIN] [2017-06-23] 3431 N HOYNE AVE units=missing description=NEW TWO STORY WITH BASEMENT TYPE 4A CONSTRUCTION SINGLE FAMILY HOUSE. A1 OCCUPANCY WITH NEW 2 CAR DETACHED GARAGE WITH ROOF DECK PER PLANS.,permit_chain_100710068 [2017-06-23] 3431 N HOYNE AVE units=missing description=NEW TWO STORY WITH BASEMENT TYPE 4A CONSTRUCTION SINGLE FAMILY HOUSE. A1 OCCUPANCY WITH NEW 2 CAR DETACHED GARAGE WITH ROOF DECK PER PLANS.,3431 N HOYNE AVE,1,,,,,,,,FALSE,FALSE,FALSE,FALSE,5_confirmation,construction_year_parcel_polygon,2,0,0,0/1906,2,2,1785,1633.2499999763677,city_building_190372 address=3431 3431 N HOYNE AVE; year=1906; units=2; building_sqft=1785; overlap=1 || city_building_190341 address=0 0; year=0; units=0; building_sqft=0; overlap=0.899,0,0,,,,,,3431 N HOYNE AVE,FALSE,FALSE,FALSE,FALSE,FALSE,FALSE,FALSE,FALSE,FALSE,FALSE,resolved_single_target_year_card,1,2818,1_single_target_confirmation,,,,,,,,,,,,,1,1,2818,3100,residential_multicard_14193140120000,noncondo_14193140120000 [3431 N HOYNE AVE] year=2020 units=1 sqft=2818 land=3100 project=residential_multicard_14193140120000,,,,,,,single_target_card_no_successor_overlap,1,2818,FALSE,retain,1,2818,contemporaneous_card_inventory,high,cards=1; card_units=1; card_building_sqft=2818; permit_addresses=3431 N HOYNE AVE,,,,,,retain,1,2818,contemporaneous_card_inventory,high,cards=1; card_units=1; card_building_sqft=2818; permit_addresses=3431 N HOYNE AVE,2018,Single-Family Residential,high,"Permit 100710879 was issued in 2017 for a new single-family house at 3431 N Hoyne. The old building sold in June 2017, and the assessor first reports the replacement building in 2018 with year built 2018.",2020,manual_completed_project_evidence,,,,,,,
residential_multicard_14194010010000,2016,TRUE,TRUE,270.32448898350145,32_47,1,5119,6522,0.7848819380558111,6.678932842686293,14194010010000,residential_multicard_14194010010000,14194010010000,residential_14194010010000,residential_multicard_14194010010000,1,1,209,1,TRUE,1,5119,1,5119,TRUE,TRUE,1999,2026,2,2,16,1,1,1,1,0,1,1,3525 N DAMEN AVE,3525 N DAMEN AVE,,,0,0,FALSE,FALSE,,,permit_chain_100518687 [exact PIN] [2014-04-30] 3525 N DAMEN AVE units=missing description=ERECT NEW THREE STORY WITH BASEMENT SINGLE FAMILY WITH DETACHED GARAGE AS PER PLANS**CERTIFIED CORRECTIONS- - SUBJECT TO FIELD INSPECTIONS & AUDIT **,permit_chain_100518687 [2014-04-30] 3525 N DAMEN AVE units=missing description=ERECT NEW THREE STORY WITH BASEMENT SINGLE FAMILY WITH DETACHED GARAGE AS PER PLANS**CERTIFIED CORRECTIONS- - SUBJECT TO FIELD INSPECTIONS & AUDIT **,3525 N DAMEN AVE,1,,,,,,,,FALSE,FALSE,FALSE,FALSE,5_confirmation,construction_year_parcel_polygon,2,0,0,0,,,,2409.250000156695,city_building_183868 address=3525 3525 N DAMEN AVE; year=0; units=0; building_sqft=0; overlap=1 || city_building_183790 address=1949 1949 W EDDY ST; year=0; units=0; building_sqft=0; overlap=1,0,0,,,,,,3525 N DAMEN AVE,FALSE,FALSE,FALSE,FALSE,FALSE,FALSE,FALSE,FALSE,FALSE,FALSE,resolved_single_target_year_card,1,5119,1_single_target_confirmation,,,,,,,,,,,,,1,1,5119,6522,residential_multicard_14194010010000,noncondo_14194010010000 [3525 N DAMEN AVE] year=2016 units=1 sqft=5119 land=6522 project=residential_multicard_14194010010000,,,,,,,single_target_card_no_successor_overlap,1,5119,FALSE,retain,1,5119,contemporaneous_card_inventory,high,cards=1; card_units=1; card_building_sqft=5119; permit_addresses=3525 N DAMEN AVE,,,,,,retain,1,5119,contemporaneous_card_inventory,high,cards=1; card_units=1; card_building_sqft=5119; permit_addresses=3525 N DAMEN AVE,,,,,2016,existing_adjudicated_year,,,,,,,
residential_multicard_14194270220000,2020,TRUE,TRUE,181.65549981514783,32_47,1,315,3117,0.10105871029836382,13.97497593840231,14194270220000,residential_multicard_14194270220000,14194270220000,residential_14194270220000,residential_multicard_14194270220000,1,2,207,1,TRUE,1,315,1,315,TRUE,TRUE,1999,2026,2,2,1,0,1,0,0,0,,,,,,,0,0,,,,,,,1915 W SCHOOL ST,1,,,,,,,,FALSE,FALSE,FALSE,FALSE,5_confirmation,construction_year_parcel_polygon,2,0,0,1897/2005,2,2,,2682.5500000670436,city_building_202769 address=1915 1915 W SCHOOL ST; year=1897; units=2; building_sqft=0; overlap=0.936 || city_building_834922 address=0 0; year=2005; units=0; building_sqft=0; overlap=1,0,0,,,,,,1915 W SCHOOL ST,FALSE,FALSE,FALSE,FALSE,FALSE,FALSE,FALSE,FALSE,FALSE,FALSE,resolved_single_target_year_card,1,315,1_single_target_confirmation,,,,,,,,,,,,,,,,,,,,,,,,,single_target_card_no_successor_overlap,1,315,FALSE,retain,1,315,contemporaneous_card_inventory,high,cards=1; card_units=1; card_building_sqft=315; permit_addresses=none,,,,,,retain,1,315,contemporaneous_card_inventory,high,cards=1; card_units=1; card_building_sqft=315; permit_addresses=none,,,,,2020,existing_adjudicated_year,,,,,,,
residential_multicard_14194270270000,2015,TRUE,TRUE,356.73779052876284,32_47,1,3335,3125,1.0672,13.9392,14194270270000,residential_multicard_14194270270000,14194270270000,residential_14194270270000,residential_multicard_14194270270000,1,1,278,1,TRUE,1,3335,1,3335,TRUE,TRUE,1999,2026,2,2,10,1,2,1,1,0,1,1,1932 W MELROSE ST,1932 W MELROSE ST,,,0,0,FALSE,FALSE,,,permit_chain_100553789 [exact PIN] [2014-09-11] 1932 W MELROSE ST units=missing description=SELF CERTIFICATION REVIEW: ERECT FRAME SINGLE FAMILY RESIDENCE (4A CONSTRUCTION) WITH DETATCHED FRAME 2 CAR GARAGE (4A CONSTRUCTION) AS PER PLAN.,permit_chain_100553789 [2014-09-11] 1932 W MELROSE ST units=missing description=SELF CERTIFICATION REVIEW: ERECT FRAME SINGLE FAMILY RESIDENCE (4A CONSTRUCTION) WITH DETATCHED FRAME 2 CAR GARAGE (4A CONSTRUCTION) AS PER PLAN.,1932 W MELROSE ST,1,,,,,,,,FALSE,FALSE,FALSE,FALSE,5_confirmation,construction_year_parcel_polygon,2,0,0,0/1897,2,2,1760,1817.3749999331776,city_building_205454 address=1932 1932 W MELROSE ST; year=1897; units=2; building_sqft=1760; overlap=1 || city_building_204721 address=0 0; year=0; units=0; building_sqft=0; overlap=0.841,0,0,,,,,,1932 W MELROSE ST,FALSE,FALSE,FALSE,FALSE,FALSE,FALSE,FALSE,FALSE,FALSE,FALSE,resolved_single_target_year_card,1,3335,1_single_target_confirmation,,,,,,,,,,,,,1,1,3335,3125,residential_multicard_14194270270000,noncondo_14194270270000 [1932 W MELROSE ST] year=2015 units=1 sqft=3335 land=3125 project=residential_multicard_14194270270000,,,,,,,single_target_card_no_successor_overlap,1,3335,FALSE,retain,1,3335,contemporaneous_card_inventory,high,cards=1; card_units=1; card_building_sqft=3335; permit_addresses=1932 W MELROSE ST,,,,,,retain,1,3335,contemporaneous_card_inventory,high,cards=1; card_units=1; card_building_sqft=3335; permit_addresses=1932 W MELROSE ST,,,,,2015,existing_adjudicated_year,,,,,,,
residential_multicard_14201060290000,2007,TRUE,TRUE,324.3998661383152,44_47,1,4845,6405,0.7564402810304449,6.8009367681498825,14201060290000,residential_multicard_14201060290000,14201060290000,residential_14201060290000,residential_multicard_14201060290000,1,1,208,1,TRUE,1,4845,1,4845,TRUE,TRUE,1999,2026,2,2,7,1,1,0,0,0,,,,,,,0,0,,,,,,,3828 N JANSSEN AVE,1,,,,,,,,FALSE,FALSE,FALSE,FALSE,5_confirmation,construction_year_parcel_polygon,1,1,0,2006,,,,2493.259999545291,city_building_846124 address=3828 3828 N JANSSEN AVE; year=2006; units=0; building_sqft=0; overlap=1,1,1,2006,2493.257388655329,cook_2008_39222 address=3828 3828 N JANSSEN AVE; year=2006; overlap=1,,,3828 N JANSSEN AVE,FALSE,FALSE,FALSE,FALSE,FALSE,FALSE,FALSE,FALSE,FALSE,FALSE,resolved_single_target_year_card,1,4845,1_single_target_confirmation,,,,,,,,,,,,,1,1,4845,6405,residential_multicard_14201060290000,noncondo_14201060290000 [3828 N JANSSEN AVE] year=2007 units=1 sqft=4845 land=6405 project=residential_multicard_14201060290000,,,,,,,single_target_card_no_successor_overlap,1,4845,FALSE,retain,1,4845,contemporaneous_card_inventory,high,cards=1; card_units=1; card_building_sqft=4845; permit_addresses=none,,,,,,retain,1,4845,contemporaneous_card_inventory,high,cards=1; card_units=1; card_building_sqft=4845; permit_addresses=none,,,,,2007,existing_adjudicated_year,,,,,,,
residential_multicard_14201080270000,2006,TRUE,TRUE,223.9901311241481,44_47,1,4838,4500,1.0751111111111111,9.68,14201080270000,residential_multicard_14201080270000,14201080270000,residential_14201080270000,residential_multicard_14201080270000,1,1,208,1,TRUE,1,4838,1,4838,TRUE,TRUE,1999,2026,2,2,7,2,2,0,0,0,,,,,,,0,0,,,,,,,3830 N WAYNE AVE 2ND,1,,,,,,,,FALSE,FALSE,FALSE,FALSE,5_confirmation,construction_year_parcel_polygon,1,1,0,2006,,,,1878.100000295788,city_building_846110 address=3830 3830 N WAYNE AVE; year=2006; units=0; building_sqft=0; overlap=1,1,1,2006,1878.0992789017037,cook_2008_811330 address=3830 3830 N WAYNE AVE; year=2006; overlap=1,,,3830 N WAYNE AVE 2ND,FALSE,FALSE,FALSE,FALSE,FALSE,FALSE,FALSE,FALSE,FALSE,FALSE,resolved_single_target_year_card,1,4838,1_single_target_confirmation,,,,,,,,,,,,,1,1,4463,4500,residential_multicard_14201080270000,noncondo_14201080270000 [3830 N WAYNE AVE 2ND] year=2006 units=1 sqft=4463 land=4500 project=residential_multicard_14201080270000,,,,,,,single_target_card_no_successor_overlap,1,4838,FALSE,retain,1,4838,contemporaneous_card_inventory,high,cards=1; card_units=1; card_building_sqft=4838; permit_addresses=none,,,,,,retain,1,4838,contemporaneous_card_inventory,high,cards=1; card_units=1; card_building_sqft=4838; permit_addresses=none,,,,,2006,existing_adjudicated_year,,,,,,,
residential_multicard_14203250050000,2007,TRUE,TRUE,236.74251838847292,32_44,1,3027,3125,0.96864,13.9392,14203250050000,residential_multicard_14203250050000,14203250050000,residential_14203250050000,residential_multicard_14203250050000,1,1,278,1,TRUE,1,3027,1,3027,TRUE,TRUE,1999,2026,2,2,8,1,1,1,0,1,1,0,1447 W SCHOOL ST,,,,0,0,FALSE,FALSE,,,permit_chain_100190022 [project polygon] [2007-07-19] 1447 W SCHOOL ST units=missing description=ERECT A 2 STORY 3B MASONRY SINGLE FAMILY RESIDENCE WITH BASEMENT AND DETACHED 2 CAR GARAGE WITH ROOF DECK PLANS.,[]  units= description=,1447 W SCHOOL ST,1,,,,,,,,FALSE,FALSE,FALSE,FALSE,5_confirmation,construction_year_parcel_polygon,1,1,0,2009,1,1,,1532.5022371858358,city_building_890120 address=1447 1447 W SCHOOL ST; year=2009; units=1; building_sqft=0; overlap=1,0,0,,,,,,1447 W SCHOOL ST,TRUE,TRUE,FALSE,FALSE,FALSE,FALSE,FALSE,FALSE,FALSE,FALSE,resolved_single_target_year_card,1,3027,1_single_target_confirmation,,,,,,,,,,,,,1,1,3027,3125,residential_multicard_14203250050000,noncondo_14203250050000 [1447 W SCHOOL ST] year=2007 units=1 sqft=3027 land=3125 project=residential_multicard_14203250050000,,,,,,,single_target_card_no_successor_overlap,1,3027,FALSE,retain,1,3027,contemporaneous_card_inventory,high,cards=1; card_units=1; card_building_sqft=3027; permit_addresses=1447 W SCHOOL ST,,,,,,retain,1,3027,contemporaneous_card_inventory,high,cards=1; card_units=1; card_building_sqft=3027; permit_addresses=1447 W SCHOOL ST,,,,,2007,existing_adjudicated_year,,,,,,,
residential_multicard_14203250300000,2016,TRUE,TRUE,428.15774412277347,32_44,1,4233,4166,1.0160825732117138,10.456072971675468,14203250300000,residential_multicard_14203250300000,14203250300000,residential_14203250300000,residential_multicard_14203250300000,1,1,208,1,TRUE,1,4233,1,4233,TRUE,TRUE,1999,2026,2,2,17,1,1,1,1,0,1,1,1430 W MELROSE ST,1430 W MELROSE ST,,,0,0,FALSE,FALSE,,,permit_chain_100583151 [exact PIN] [2015-06-11] 1430 W MELROSE ST units=missing description=ERECT A 3 STORY IVA FRAME WITH BRICK VENNER SINGLE FAMILY RESIDENCE W/BASEMENT 3  CAR GARAGE  PER PLANS,permit_chain_100583151 [2015-06-11] 1430 W MELROSE ST units=missing description=ERECT A 3 STORY IVA FRAME WITH BRICK VENNER SINGLE FAMILY RESIDENCE W/BASEMENT 3  CAR GARAGE  PER PLANS,1430 W MELROSE ST,1,,,,,,,,FALSE,FALSE,FALSE,FALSE,5_confirmation,construction_year_parcel_polygon,2,0,0,0,,,,2244.8750001096632,city_building_204322 address=1430 1430 W MELROSE ST; year=0; units=0; building_sqft=0; overlap=0.984 || city_building_203533 address=1430 1430 W MELROSE ST; year=0; units=0; building_sqft=0; overlap=0.899,0,0,,,,,,1430 W MELROSE ST,FALSE,FALSE,FALSE,FALSE,FALSE,FALSE,FALSE,FALSE,FALSE,FALSE,resolved_single_target_year_card,1,4233,1_single_target_confirmation,,,,,,,,,,,,,1,1,4233,4166,residential_multicard_14203250300000,noncondo_14203250300000 [1430 W MELROSE ST] year=2016 units=1 sqft=4233 land=4166 project=residential_multicard_14203250300000,,,,,,,single_target_card_no_successor_overlap,1,4233,FALSE,retain,1,4233,contemporaneous_card_inventory,high,cards=1; card_units=1; card_building_sqft=4233; permit_addresses=1430 W MELROSE ST,,,,,,retain,1,4233,contemporaneous_card_inventory,high,cards=1; card_units=1; card_building_sqft=4233; permit_addresses=1430 W MELROSE ST,,,,,2016,existing_adjudicated_year,,,,,,,
residential_multicard_14291150160000,2006,TRUE,TRUE,218.76629168186577,32_44,1,2736,2975,0.9196638655462184,14.642016806722689,14291150160000,residential_multicard_14291150160000,14291150160000,residential_14291150160000,residential_multicard_14291150160000,1,1,278,1,TRUE,1,2736,1,2736,TRUE,TRUE,1999,2026,2,2,8,1,1,0,0,0,,,,,,,0,0,,,,,,,1217 W NELSON ST REAR,1,,,,,,,,FALSE,FALSE,FALSE,FALSE,5_confirmation,construction_year_parcel_polygon,2,1,0,2008/2009,1,1,,1783.8381624165922,city_building_890093 address=1217 1217 W NELSON ST; year=2008; units=1; building_sqft=0; overlap=1 || city_building_890094 address=0 0; year=2009; units=0; building_sqft=0; overlap=1,1,1,2008,1373.0692268855057,cook_2008_511769 address=1217 1217 W NELSON ST; year=2008; overlap=1,,,1217 W NELSON ST REAR,TRUE,TRUE,FALSE,FALSE,FALSE,FALSE,FALSE,FALSE,FALSE,FALSE,resolved_single_target_year_card,1,2736,1_single_target_confirmation,,,,,,,,,,,,,1,1,2736,2975,residential_multicard_14291150160000,noncondo_14291150160000 [1217 W NELSON ST REAR] year=2006 units=1 sqft=2736 land=2975 project=residential_multicard_14291150160000,,,,,,,single_target_card_no_successor_overlap,1,2736,FALSE,retain,1,2736,contemporaneous_card_inventory,high,cards=1; card_units=1; card_building_sqft=2736; permit_addresses=none,,,,,,retain,1,2736,contemporaneous_card_inventory,high,cards=1; card_units=1; card_building_sqft=2736; permit_addresses=none,,,,,2006,existing_adjudicated_year,,,,,,,
residential_multicard_14291150380000,2021,TRUE,TRUE,200.3369987148781,32_44,1,2895,3100,0.9338709677419356,14.051612903225806,14291150380000,residential_multicard_14291150380000,14291150380000,residential_14291150380000,residential_multicard_14291150380000,1,3,278,1,TRUE,1,2895,1,2895,TRUE,TRUE,1999,2026,3,2,22,2,0,1,1,0,1,1,1216 W WELLINGTON AVE,1216 W WELLINGTON AVE,,,0,0,FALSE,FALSE,,,"permit_chain_100875914 [exact PIN] [2020-06-04] 1216 W WELLINGTON AVE units=missing description=NEW TYPE VA CONSTRUCTION SINGLE FAMILY RESIDENCE WITH DETACHED 2 CAR GARAGE INCLUDING ALL HVAC, ELECTRICAL & PLUMBING WORK.  EXISTING RESIDENTIAL GROUP R5 OCCUPANCY TO REMAIN GROUP R5 OCCUPANCY.(CONDITIONAL PERMIT SUBJECT TO FIELD INSPECTIONS.)","permit_chain_100875914 [2020-06-04] 1216 W WELLINGTON AVE units=missing description=NEW TYPE VA CONSTRUCTION SINGLE FAMILY RESIDENCE WITH DETACHED 2 CAR GARAGE INCLUDING ALL HVAC, ELECTRICAL & PLUMBING WORK.  EXISTING RESIDENTIAL GROUP R5 OCCUPANCY TO REMAIN GROUP R5 OCCUPANCY.(CONDITIONAL PERMIT SUBJECT TO FIELD INSPECTIONS.)",1216 W WELLINGTON AVE,1,,,,,,,,FALSE,FALSE,FALSE,FALSE,5_confirmation,construction_year_parcel_polygon,2,0,0,0/1891,3,3,1845,1530.7499999367865,city_building_223393 address=1216 1216 W WELLINGTON AVE; year=1891; units=3; building_sqft=1845; overlap=1 || city_building_222505 address=0 0; year=0; units=0; building_sqft=0; overlap=1,0,0,,,,,,1216 W WELLINGTON AVE,FALSE,FALSE,FALSE,FALSE,FALSE,FALSE,FALSE,FALSE,FALSE,FALSE,resolved_single_target_year_card,1,2895,1_single_target_confirmation,,,,,,,,,,,,,1,1,2895,3100,residential_multicard_14291150380000,noncondo_14291150380000 [1216 W WELLINGTON AVE] year=2021 units=1 sqft=2895 land=3100 project=residential_multicard_14291150380000,,,,,,,single_target_card_no_successor_overlap,1,2895,FALSE,retain,1,2895,contemporaneous_card_inventory,high,cards=1; card_units=1; card_building_sqft=2895; permit_addresses=1216 W WELLINGTON AVE,,,,,,retain,1,2895,contemporaneous_card_inventory,high,cards=1; card_units=1; card_building_sqft=2895; permit_addresses=1216 W WELLINGTON AVE,,,,,2021,existing_adjudicated_year,,,,,,,
residential_multicard_14291190130000,2011,TRUE,TRUE,290.88112546107476,32_44,1,3370,3050,1.1049180327868853,14.281967213114754,14291190130000,residential_multicard_14291190130000,14291190130000,residential_14291190130000,residential_multicard_14291190130000,1,1,278,1,TRUE,1,3370,1,3370,TRUE,TRUE,1999,2026,2,2,14,2,1,0,0,0,,,,,,,0,0,,,,,,,1225 W WELLINGTON AVE,1,,,,,,,,FALSE,FALSE,FALSE,FALSE,5_confirmation,construction_year_parcel_polygon,2,0,0,0,,,,1719.3750001357985,city_building_225890 address=1225 1225 W WELLINGTON AVE; year=0; units=0; building_sqft=0; overlap=1 || city_building_225125 address=1225 1225 W WELLINGTON AVE; year=0; units=0; building_sqft=0; overlap=1,0,0,,,,,,1225 W WELLINGTON AVE,FALSE,FALSE,FALSE,FALSE,FALSE,FALSE,FALSE,FALSE,FALSE,FALSE,resolved_single_target_year_card,1,3370,1_single_target_confirmation,,,,,,,,,,,,,1,1,3370,3050,residential_multicard_14291190130000,noncondo_14291190130000 [1225 W WELLINGTON AVE] year=2011 units=1 sqft=3370 land=3050 project=residential_multicard_14291190130000,,,,,,,single_target_card_no_successor_overlap,1,3370,FALSE,retain,1,3370,contemporaneous_card_inventory,high,cards=1; card_units=1; card_building_sqft=3370; permit_addresses=none,,,,,,retain,1,3370,contemporaneous_card_inventory,high,cards=1; card_units=1; card_building_sqft=3370; permit_addresses=none,,,,,2011,existing_adjudicated_year,,,,,,,
residential_multicard_14292240240000,2013,TRUE,TRUE,426.7019805507718,32_44,1,2900,3298,0.8793208004851425,13.208004851425104,14292240240000,residential_multicard_14292240240000,14292240240000,residential_14292240240000,residential_multicard_14292240240000,1,1,278,1,TRUE,1,2900,1,2900,TRUE,TRUE,1999,2026,2,2,15,1,1,1,0,1,1,0,1024 W WOLFRAM ST,,,,0,0,FALSE,FALSE,,,permit_chain_100507025 [project polygon] [2013-09-19] 1024 W WOLFRAM ST units=missing description=ERECT FRAME SINGLE FAMILY RESIDENCE (4A CONSTRUCTION) WITH DETACHED 2 CAR FRAME GARAGE WITH ROOF TOP DECK (4A CONSTRUCTION) AS PER PLAN.**SELF-CERTIFICATION - CONDITIONAL PERMIT: SUBJECT TO FIELD INSPECTIONS & AUDIT**,[]  units= description=,1024 W WOLFRAM ST,1,,,,,,,,FALSE,FALSE,FALSE,FALSE,5_confirmation,construction_year_parcel_polygon,2,0,0,0/1886,1,1,2625,2263.375000175496,city_building_234314 address=1024 1024 W WOLFRAM ST; year=1886; units=1; building_sqft=2625; overlap=0.985 || city_building_233710 address=0 0; year=0; units=0; building_sqft=0; overlap=0.977,0,0,,,,,,1024 W WOLFRAM ST,TRUE,TRUE,TRUE,TRUE,FALSE,FALSE,FALSE,FALSE,FALSE,FALSE,resolved_single_target_year_card,1,2900,1_single_target_confirmation,,,,,,,,,,,,,1,1,2900,3298,residential_multicard_14292240240000,noncondo_14292240240000 [1024 W WOLFRAM ST] year=2013 units=1 sqft=2900 land=3298 project=residential_multicard_14292240240000,,,,,,,single_target_card_no_successor_overlap,1,2900,FALSE,retain,1,2900,contemporaneous_card_inventory,high,cards=1; card_units=1; card_building_sqft=2900; permit_addresses=1024 W WOLFRAM ST,,,,,,retain,1,2900,contemporaneous_card_inventory,high,cards=1; card_units=1; card_building_sqft=2900; permit_addresses=1024 W WOLFRAM ST,,,,,2013,existing_adjudicated_year,,,,,,,
residential_multicard_14293050620000,2017,TRUE,TRUE,310.72513698033447,32_43,1,2647,6143,0.43089695588474686,7.090997883770145,14293050620000,residential_multicard_14293050620000,14293050620000,residential_14293050620000,residential_multicard_14293050620000,1,2,278,1,TRUE,1,2647,1,2647,TRUE,TRUE,2018,2018,2,2,1,0,0,0,0,0,,,,,,,0,0,,,,,,,,,,,,,,,,FALSE,FALSE,FALSE,FALSE,5_confirmation,100ft_reference_point_buffer,15,0,0,0/1881/1886/1891/1893/1895/1896/1900/1995,1/2/3,26,29376,18102.749999933993,city_building_243086 address=2724 2724 N MAGNOLIA AVE; year=1886; units=3; building_sqft=3221; overlap=1 || city_building_243309 address=2722 2722 N MAGNOLIA AVE; year=1891; units=3; building_sqft=2512; overlap=1 || city_building_242871 address=2728 2728 N MAGNOLIA AVE; year=0; units=1; building_sqft=1920; overlap=1 || city_building_242517 address=2732 2732 N MAGNOLIA AVE; year=0; units=0; building_sqft=0; overlap=0.761 || city_building_243560 address=2720 2720 N MAGNOLIA AVE; year=1995; units=2; building_sqft=2190; overlap=0.855 || city_building_242833 address=2729 2729 N MAGNOLIA AVE; year=0; units=0; building_sqft=0; overlap=0.639 || city_building_243272 address=2723 2723 N MAGNOLIA AVE; year=1881; units=1; building_sqft=1444; overlap=0.683 || city_building_243785 address=2718 2718 N MAGNOLIA AVE; year=1995; units=2; building_sqft=2252; overlap=0.461 || city_building_243061 address=2725 2725 N MAGNOLIA AVE; year=1900; units=2; building_sqft=2190; overlap=0.487 || city_building_242297 address=2734 2734 N MAGNOLIA AVE; year=1891; units=2; building_sqft=2548; overlap=0.38 || city_building_243502 address=2721 2721 N MAGNOLIA AVE; year=1895; units=1; building_sqft=1590; overlap=0.317 || city_building_242629 address=2731 2731 N MAGNOLIA AVE; year=1893; units=1; building_sqft=1846; overlap=0.421 || city_building_242397 address=2733 2733 N MAGNOLIA AVE; year=1896; units=3; building_sqft=3723; overlap=0.112 || city_building_243738 address=2719 2719 N MAGNOLIA AVE; year=1896; units=2; building_sqft=2020; overlap=0.021 || city_building_243993 address=2714 2714 N MAGNOLIA AVE; year=1896; units=3; building_sqft=1920; overlap=0.001,0,0,,,,2744 N MAGNOLIA AVE,1,2744 N MAGNOLIA AVE,FALSE,FALSE,FALSE,FALSE,FALSE,FALSE,FALSE,FALSE,FALSE,FALSE,resolved_single_target_year_card,1,2647,1_single_target_confirmation,,,,,,,,,,,,,,,,,,,,,,,,,single_target_card_no_successor_overlap,1,2647,FALSE,retain,1,2647,contemporaneous_card_inventory,high,cards=1; card_units=1; card_building_sqft=2647; permit_addresses=none,,,,,,retain,1,2647,contemporaneous_card_inventory,high,cards=1; card_units=1; card_building_sqft=2647; permit_addresses=none,,,,,2017,existing_adjudicated_year,,,,,,,
residential_multicard_14293100080000,2022,TRUE,TRUE,433.60269936854826,32_43,2,2816,3100,0.9083870967741936,28.10322580645161,14293100080000,residential_multicard_14293100080000,14293100080000,residential_14293100080000,residential_multicard_14293100080000,1,1,278,1,TRUE,1,2816,1,2816,TRUE,TRUE,1999,2026,2,2,9,1,1,1,1,0,1,1,2641 N MAGNOLIA AVE,2641 N MAGNOLIA AVE,,,0,0,FALSE,FALSE,,,"permit_chain_100940914 [exact PIN] [2021-10-29] 2641 N MAGNOLIA AVE units=missing description=PROPOSED 2 STORY SFR W/BASEMENT, ROOF DECK W/ENCLOSURE AND PERGOLA, 5' FRONT IRON FENCE, RAISED REAR PATIO, AND REAR 2 CAR GARAGE W/ROOF DECK AND PERGOLA, PER PLANS.","permit_chain_100940914 [2021-10-29] 2641 N MAGNOLIA AVE units=missing description=PROPOSED 2 STORY SFR W/BASEMENT, ROOF DECK W/ENCLOSURE AND PERGOLA, 5' FRONT IRON FENCE, RAISED REAR PATIO, AND REAR 2 CAR GARAGE W/ROOF DECK AND PERGOLA, PER PLANS.",2641 N MAGNOLIA AVE,1,,,,,,,,TRUE,FALSE,FALSE,FALSE,2_main_sample_outcome,construction_year_parcel_polygon,2,0,0,0/1896,1,1,3035,1849.7500000805592,city_building_247234 address=2641 2641 N MAGNOLIA AVE; year=1896; units=1; building_sqft=3035; overlap=1 || city_building_247224 address=0 0; year=0; units=0; building_sqft=0; overlap=1,0,0,,,,,,2641 N MAGNOLIA AVE,FALSE,TRUE,TRUE,TRUE,FALSE,FALSE,FALSE,FALSE,TRUE,FALSE,candidate_sum_supported,1,2816,4_main_sample_outcome,,,,,,,,,,,,,1,1,2816,3100,residential_multicard_14293100080000,noncondo_14293100080000 [2641 N MAGNOLIA AVE] year=2022 units=1 sqft=2816 land=3100 project=residential_multicard_14293100080000,,,,,,,single_target_card_no_successor_overlap,2,2816,FALSE,retain,1,2816,contemporaneous_card_inventory,high,cards=1; card_units=1; card_building_sqft=2816; permit_addresses=2641 N MAGNOLIA AVE,,,,,,retain,1,2816,contemporaneous_card_inventory,high,cards=1; card_units=1; card_building_sqft=2816; permit_addresses=2641 N MAGNOLIA AVE,,,,,2022,existing_adjudicated_year,,,,,,,
residential_multicard_14302070180000,2016,TRUE,TRUE,428.1974023840032,32_47,1,2730,3000,0.91,14.52,14302070180000,residential_multicard_14302070180000,14302070180000,residential_14302070180000,residential_multicard_14302070180000,1,1,278,1,TRUE,1,2730,1,2730,TRUE,TRUE,1999,2026,2,2,16,1,1,2,2,0,1,1,1715 W FLETCHER ST,1715 W FLETCHER ST / NA,,,0,0,FALSE,FALSE,,,permit_chain_100617056 [exact PIN] [2015-10-28] 1715 W FLETCHER ST units=missing description=ERECT A NEW TWO STORY IV-A FRAME SINGLE FAMILY RESIDENCE WITH BASEMENT AND NEW TWO CAR FRAME DETACHED GARAGE AS PER PLANS || permit_chain_100623447 [exact PIN] [2016-06-07] 1715 W FLETCHER ST units=missing description=ERECT A NEW DETACHED TWO CAR FRAME GARAGE WITH ROOF DECK AS PER PLANS,permit_chain_100617056 [2015-10-28] 1715 W FLETCHER ST units=missing description=ERECT A NEW TWO STORY IV-A FRAME SINGLE FAMILY RESIDENCE WITH BASEMENT AND NEW TWO CAR FRAME DETACHED GARAGE AS PER PLANS || permit_chain_100623447 [2016-06-07] NA units=missing description=ERECT A NEW DETACHED TWO CAR FRAME GARAGE WITH ROOF DECK AS PER PLANS,1715 W FLETCHER ST,1,,,,,,,,FALSE,FALSE,FALSE,FALSE,5_confirmation,construction_year_parcel_polygon,2,0,0,0/1895,1,1,1805,1711.12500031339,city_building_214445 address=1715 1715 W FLETCHER ST; year=1895; units=1; building_sqft=1805; overlap=1 || city_building_215383 address=0 0; year=0; units=0; building_sqft=0; overlap=1,0,0,,,,,,1715 W FLETCHER ST,TRUE,TRUE,FALSE,FALSE,FALSE,FALSE,FALSE,FALSE,FALSE,FALSE,resolved_single_target_year_card,1,2730,1_single_target_confirmation,,,,,,,,,,,,,1,1,2730,3000,residential_multicard_14302070180000,noncondo_14302070180000 [1715 W FLETCHER ST] year=2016 units=1 sqft=2730 land=3000 project=residential_multicard_14302070180000,,,,,,,single_target_card_no_successor_overlap,1,2730,FALSE,retain,1,2730,contemporaneous_card_inventory,high,cards=1; card_units=1; card_building_sqft=2730; permit_addresses=1715 W FLETCHER ST,,,,,,retain,1,2730,contemporaneous_card_inventory,high,cards=1; card_units=1; card_building_sqft=2730; permit_addresses=1715 W FLETCHER ST,,,,,2016,existing_adjudicated_year,,,,,,,
residential_multicard_14302210010000,2022,TRUE,TRUE,270.63645277882176,1_32,2,1987,3132,0.6344189016602809,27.816091954022987,14302210010000,residential_multicard_14302210010000,14302210010000,residential_14302210010000,residential_multicard_14302210010000,1,2,211,1,TRUE,2,1987,2,1987,TRUE,TRUE,1999,2026,2,2,4,1,0,0,0,0,,,,,,,0,0,,,,,,,2825 N DAMEN AVE,1,,,,,,,,FALSE,FALSE,FALSE,FALSE,5_confirmation,construction_year_parcel_polygon,1,0,0,1901,2,2,5946,3140.00000008638,city_building_237892 address=2825 2825 N DAMEN AVE; year=1901; units=2; building_sqft=5946; overlap=0.941,0,0,,,,,,2825 N DAMEN AVE,TRUE,TRUE,FALSE,FALSE,FALSE,FALSE,FALSE,FALSE,FALSE,FALSE,resolved_single_target_year_card,2,1987,1_single_target_confirmation,,,,,,,,,,,,,,,,,,,,,,,,,single_target_card_no_successor_overlap,2,1987,FALSE,retain,2,1987,contemporaneous_card_inventory,high,cards=1; card_units=2; card_building_sqft=1987; permit_addresses=none,,,,,,retain,2,1987,contemporaneous_card_inventory,high,cards=1; card_units=2; card_building_sqft=1987; permit_addresses=none,,,,,2022,existing_adjudicated_year,,,,,,,
residential_multicard_14314280210000,2015,TRUE,TRUE,306.79126662791896,2_32,1,2628,2976,0.8830645161290323,14.637096774193548,14314280210000,residential_multicard_14314280210000,14314280210000,residential_14314280210000,residential_multicard_14314280210000,1,1,278,1,TRUE,1,2628,1,2628,TRUE,TRUE,1999,2026,2,2,15,1,1,1,1,0,1,1,1627 N WOOD ST,1627 N WOOD ST,,,0,0,FALSE,FALSE,,,permit_chain_100510048 [exact PIN] [2013-12-02] 1627 N WOOD ST units=missing description=SELF CERTIFICATION REVIEW: ERECT FRAME SINGLE FAMILY RESIDENCE (4A CONSTRUCTION) WITH DETACHED 2 CAR FRAME GARAGE (4A CONSTRUCTION) AS PER PLAN.,permit_chain_100510048 [2013-12-02] 1627 N WOOD ST units=missing description=SELF CERTIFICATION REVIEW: ERECT FRAME SINGLE FAMILY RESIDENCE (4A CONSTRUCTION) WITH DETACHED 2 CAR FRAME GARAGE (4A CONSTRUCTION) AS PER PLAN.,1627 N WOOD ST,1,,,,,,,,FALSE,FALSE,FALSE,FALSE,5_confirmation,construction_year_parcel_polygon,2,0,0,0/1889,2,2,1936,1991.2499998395797,city_building_302534 address=1627 1627 N WOOD ST; year=1889; units=2; building_sqft=1936; overlap=1 || city_building_302517 address=0 0; year=0; units=0; building_sqft=0; overlap=0.987,0,0,,,,,,1627 N WOOD ST,FALSE,FALSE,FALSE,FALSE,FALSE,FALSE,FALSE,FALSE,FALSE,FALSE,resolved_single_target_year_card,1,2628,1_single_target_confirmation,,,,,,,,,,,,,1,1,2628,2976,residential_multicard_14314280210000,noncondo_14314280210000 [1627 N WOOD ST] year=2015 units=1 sqft=2628 land=2976 project=residential_multicard_14314280210000,,,,,,,single_target_card_no_successor_overlap,1,2628,FALSE,retain,1,2628,contemporaneous_card_inventory,high,cards=1; card_units=1; card_building_sqft=2628; permit_addresses=1627 N WOOD ST,,,,,,retain,1,2628,contemporaneous_card_inventory,high,cards=1; card_units=1; card_building_sqft=2628; permit_addresses=1627 N WOOD ST,,,,,2015,existing_adjudicated_year,,,,,,,
residential_multicard_14314290110000,2006,TRUE,TRUE,233.63518050821617,1_32,1,3082,3000,1.0273333333333334,14.52,14314290110000,residential_multicard_14314290110000,14314290110000,residential_14314290110000,residential_multicard_14314290110000,1,1,278,1,TRUE,1,3082,1,3082,TRUE,TRUE,1999,2026,2,2,5,1,1,0,0,0,,,,,,,0,0,,,,,,,1621 N HERMITAGE AVE 1,1,,,,,,,,FALSE,FALSE,FALSE,FALSE,5_confirmation,construction_year_parcel_polygon,1,0,0,0,,,,1622.494931398891,city_building_303212 address=1621 1621 N HERMITAGE AVE; year=0; units=0; building_sqft=0; overlap=1,0,0,,,,,,1621 N HERMITAGE AVE 1,FALSE,FALSE,FALSE,FALSE,FALSE,FALSE,FALSE,FALSE,FALSE,FALSE,resolved_single_target_year_card,1,3082,1_single_target_confirmation,,,,,,,,,,,,,1,1,3082,3000,residential_multicard_14314290110000,noncondo_14314290110000 [1621 N HERMITAGE AVE 1] year=2006 units=1 sqft=3082 land=3000 project=residential_multicard_14314290110000,,,,,,,single_target_card_no_successor_overlap,1,3082,FALSE,retain,1,3082,contemporaneous_card_inventory,high,cards=1; card_units=1; card_building_sqft=3082; permit_addresses=none,,,,,,retain,1,3082,contemporaneous_card_inventory,high,cards=1; card_units=1; card_building_sqft=3082; permit_addresses=none,,,,,2006,existing_adjudicated_year,,,,,,,
residential_multicard_14322210190000,2018,TRUE,TRUE,234.62304761008835,2_43,1,4000,3100,1.2903225806451613,14.051612903225806,14322210190000,residential_multicard_14322210190000,14322210190000,residential_14322210190000,residential_multicard_14322210190000,1,1,208,1,TRUE,1,4000,1,4000,TRUE,TRUE,1999,2026,2,2,16,1,1,1,1,0,1,1,2040 N CLIFTON AVE,2040 N CLIFTON AVE,,,0,0,FALSE,FALSE,,,"permit_chain_100738846 [exact PIN] [2018-01-12] 2040 N CLIFTON AVE units=missing description=SELF-CERT: RT-4. ERECT NEW SINGLE FAMILY RESIDENCE TYPE 4A CONSTRUCTION WITH NEW DETACHED GARAGE, AS PER PLANS.SPRINKLER SYSTEM INSTALLATION TO BE SUBMITTED TO THE FIRE DEPT. FOR APPROVAL.","permit_chain_100738846 [2018-01-12] 2040 N CLIFTON AVE units=missing description=SELF-CERT: RT-4. ERECT NEW SINGLE FAMILY RESIDENCE TYPE 4A CONSTRUCTION WITH NEW DETACHED GARAGE, AS PER PLANS.SPRINKLER SYSTEM INSTALLATION TO BE SUBMITTED TO THE FIRE DEPT. FOR APPROVAL.",2040 N CLIFTON AVE,1,,,,,,,,FALSE,FALSE,FALSE,FALSE,5_confirmation,construction_year_parcel_polygon,2,0,0,0/1889,3,3,3681,2142.000000075903,city_building_280453 address=2040 2040 N CLIFTON AVE; year=1889; units=3; building_sqft=3681; overlap=0.993 || city_building_280485 address=0 0; year=0; units=0; building_sqft=0; overlap=0.999,0,0,,,,,,2040 N CLIFTON AVE,FALSE,FALSE,TRUE,TRUE,FALSE,FALSE,FALSE,FALSE,FALSE,FALSE,resolved_single_target_year_card,1,4000,1_single_target_confirmation,,,,,,,,,,,,,1,1,4000,3100,residential_multicard_14322210190000,noncondo_14322210190000 [2040 N CLIFTON AVE] year=2018 units=1 sqft=4000 land=3100 project=residential_multicard_14322210190000,,,,,,,single_target_card_no_successor_overlap,1,4000,FALSE,retain,1,4000,contemporaneous_card_inventory,high,cards=1; card_units=1; card_building_sqft=4000; permit_addresses=2040 N CLIFTON AVE,,,,,,retain,1,4000,contemporaneous_card_inventory,high,cards=1; card_units=1; card_building_sqft=4000; permit_addresses=2040 N CLIFTON AVE,,,,,2018,existing_adjudicated_year,,,,,,,
residential_multicard_14322230300000,2014,TRUE,TRUE,294.73725802098,32_43,1,5838,6601,0.8844114528101803,6.5990001514921985,14322230300000,residential_multicard_14322230300000,14322230300000,residential_14322230300000,residential_multicard_14322230300000,1,1,209,1,TRUE,1,5838,1,5838,TRUE,TRUE,1999,2026,2,2,16,1,1,1,1,0,1,1,2018 N KENMORE AVE,2018 N KENMORE AVE,,,0,0,FALSE,FALSE,,,permit_chain_100543475 [exact PIN] [2014-07-17] 2018 N KENMORE AVE units=missing description=ERECT A TWO STORY SINGLE FAMILY RESIDENCE WITH BASEMENT OF TYPE 4A CONSTRUCTION AND TYPE 3B CONSTRUCTION ATTACHED GARAGE AS PER PLANS.  **SELF-CERTIFICATION PROJECT  -  CONDITIONAL PERMIT: SUBJECT TO AUDIT & FIELD INSPECTIONS**,permit_chain_100543475 [2014-07-17] 2018 N KENMORE AVE units=missing description=ERECT A TWO STORY SINGLE FAMILY RESIDENCE WITH BASEMENT OF TYPE 4A CONSTRUCTION AND TYPE 3B CONSTRUCTION ATTACHED GARAGE AS PER PLANS.  **SELF-CERTIFICATION PROJECT  -  CONDITIONAL PERMIT: SUBJECT TO AUDIT & FIELD INSPECTIONS**,2018 N KENMORE AVE,1,,,,,,,,FALSE,FALSE,FALSE,FALSE,5_confirmation,construction_year_parcel_polygon,2,0,0,0,,,,3260.0000004214235,city_building_282733 address=2014 2014 N KENMORE AVE; year=0; units=0; building_sqft=0; overlap=0.996 || city_building_282484 address=2014 2014 N KENMORE AVE; year=0; units=0; building_sqft=0; overlap=0.973,0,0,,,,,,2018 N KENMORE AVE,FALSE,FALSE,FALSE,FALSE,FALSE,FALSE,FALSE,FALSE,FALSE,FALSE,resolved_single_target_year_card,1,5838,1_single_target_confirmation,,,,,,,,,,,,,1,1,5838,6601,residential_multicard_14322230300000,noncondo_14322230300000 [2018 N KENMORE AVE] year=2014 units=1 sqft=5838 land=6601 project=residential_multicard_14322230300000,,,,,,,single_target_card_no_successor_overlap,1,5838,FALSE,retain,1,5838,contemporaneous_card_inventory,high,cards=1; card_units=1; card_building_sqft=5838; permit_addresses=2018 N KENMORE AVE,,,,,,retain,1,5838,contemporaneous_card_inventory,high,cards=1; card_units=1; card_building_sqft=5838; permit_addresses=2018 N KENMORE AVE,,,,,2014,existing_adjudicated_year,,,,,,,
residential_multicard_14323120380000,2014,TRUE,TRUE,95.22283845814998,2_32,4,6780,3187,2.127392532161908,54.67210542830248,14323120380000,residential_multicard_14323120380000,14323120380000,residential_14323120380000,residential_multicard_14323120380000,1,1,212,1,TRUE,4,6780,4,6780,TRUE,TRUE,2000,2026,2,2,1,0,1,0,0,0,,,,,,,0,0,,,,,,,1544 W NORTH AVE,1,,,,,,,,FALSE,FALSE,FALSE,FALSE,5_confirmation,construction_year_parcel_polygon,0,0,,,,,,,,0,0,,,,,,1544 W NORTH AVE,FALSE,FALSE,FALSE,FALSE,FALSE,FALSE,FALSE,FALSE,FALSE,FALSE,resolved_single_target_year_card,4,6780,1_single_target_confirmation,,,,,,,,,,,,,1,4,6780,3187,residential_multicard_14323120380000,noncondo_14323120380000 [1544 W NORTH AVE] year=2022 units=4 sqft=6780 land=3187 project=residential_multicard_14323120380000,,,,,,,single_target_card_no_successor_overlap,4,6780,FALSE,retain,4,6780,contemporaneous_card_inventory,high,cards=1; card_units=4; card_building_sqft=6780; permit_addresses=none,,,,,,retain,4,6780,contemporaneous_card_inventory,high,cards=1; card_units=4; card_building_sqft=6780; permit_addresses=none,2014,Neighborhood Mixed-Use,high,Permit 100475344 for a new three-story residential and commercial building at 1544 W North was completed with a certificate of occupancy in 2014. The later assessor record supplies the completed building fields but reports an implausible 2022 construction year.,2022,manual_completed_project_evidence,,,,,,,
residential_multicard_14324110080000,2019,TRUE,TRUE,417.75111331840367,2_43,3,5001,3000,1.667,43.56,14324110080000,residential_multicard_14324110080000,14324110080000,residential_14324110080000,residential_multicard_14324110080000,1,1,211,1,TRUE,3,5001,3,5001,TRUE,TRUE,2000,2021,2,2,1,1,1,1,1,0,1,1,1841 N SHEFFIELD AVE,1841 N SHEFFIELD AVE,,,0,0,FALSE,FALSE,,,"permit_chain_100769963 [exact PIN] [2018-10-24] 1841 N SHEFFIELD AVE units=missing description=SELF-CERT: ERECT A 3 STORY, 3B CONSTRUCTION, MASONRY BUILDING CONTAINING THREE DWELLING UNITS WITH A BASEMENT AND THREE PARKING STALLS IN THE REAR, AS PER PLANS.*** NO ROOF DECK ALLOWED ***","permit_chain_100769963 [2018-10-24] 1841 N SHEFFIELD AVE units=missing description=SELF-CERT: ERECT A 3 STORY, 3B CONSTRUCTION, MASONRY BUILDING CONTAINING THREE DWELLING UNITS WITH A BASEMENT AND THREE PARKING STALLS IN THE REAR, AS PER PLANS.*** NO ROOF DECK ALLOWED ***",,,,,,,,,,FALSE,FALSE,FALSE,FALSE,5_confirmation,construction_year_parcel_polygon,2,0,0,0/1886,1,1,1200,1739.9999999107094,city_building_292802 address=1841 1841 N SHEFFIELD AVE; year=1886; units=1; building_sqft=1200; overlap=0.811 || city_building_292798 address=0 0; year=0; units=0; building_sqft=0; overlap=0.843,0,0,,,,1841 N SHEFFIELD AVE,1,1841 N SHEFFIELD AVE,FALSE,FALSE,FALSE,FALSE,FALSE,FALSE,FALSE,FALSE,FALSE,FALSE,resolved_single_target_year_card,3,5001,1_single_target_confirmation,,,,,,,,,,,,,1,3,5415,2974,,condo_1432411098 [1841 N SHEFFIELD AVE 1841-1 / 1841 N SHEFFIELD AVE 1841-2 / 1841 N SHEFFIELD AVE 1841-3] year=2021 units=3 sqft=5415 land=2974 project=NA,,,,,,,single_target_card_no_successor_overlap,3,5001,FALSE,retain,3,5001,contemporaneous_card_inventory,high,cards=1; card_units=3; card_building_sqft=5001; permit_addresses=1841 N SHEFFIELD AVE,,,,,,retain,3,5001,contemporaneous_card_inventory,high,cards=1; card_units=3; card_building_sqft=5001; permit_addresses=1841 N SHEFFIELD AVE,2019,Multi-Family Residential,high,Permit 100749057 was issued in 2018 for a three-unit building at 1841 N Sheffield. Multiple sale records identify the completed three-unit condominium building as built in 2019.,2021,manual_completed_project_evidence,,,,,,,
residential_multicard_14324120510000,2019,TRUE,TRUE,459.941449133606,2_43,1,3382,3000,1.1273333333333333,14.52,14324120510000,residential_multicard_14324120510000,14324120510000,residential_14324120510000,residential_multicard_14324120510000,1,1,278,1,TRUE,1,3382,1,3382,TRUE,TRUE,1999,2026,2,2,20,1,1,1,1,0,1,1,1828 N FREMONT ST,1828 N FREMONT ST,,,0,0,FALSE,FALSE,,,"permit_chain_100752492 [exact PIN] [2018-05-02] 1828 N FREMONT ST units=missing description=SELF-CERT: RT-4. ERECT NEW SINGLE FAMILY RESIDENCE TYPE 4A CONSTRUCTION WITH NEW DETACHED GARAGE, AS PER PLANS. SPRINKLER SYSTEM INSTALLATION TO BE A SEPARATE SUBMNISSION TO THE FIRE DEPARTMENT.","permit_chain_100752492 [2018-05-02] 1828 N FREMONT ST units=missing description=SELF-CERT: RT-4. ERECT NEW SINGLE FAMILY RESIDENCE TYPE 4A CONSTRUCTION WITH NEW DETACHED GARAGE, AS PER PLANS. SPRINKLER SYSTEM INSTALLATION TO BE A SEPARATE SUBMNISSION TO THE FIRE DEPARTMENT.",1828 N FREMONT ST,1,,,,,,,,FALSE,FALSE,FALSE,FALSE,5_confirmation,construction_year_parcel_polygon,2,0,0,0,,,,2182.250000087777,city_building_293514 address=1828 1828 N FREMONT ST; year=0; units=0; building_sqft=0; overlap=0.663 || city_building_293504 address=1828 1828 N FREMONT ST; year=0; units=0; building_sqft=0; overlap=0.813,0,0,,,,,,1828 N FREMONT ST,FALSE,FALSE,FALSE,FALSE,FALSE,FALSE,FALSE,FALSE,FALSE,FALSE,resolved_single_target_year_card,1,3382,1_single_target_confirmation,,,,,,,,,,,,,1,1,3382,3000,residential_multicard_14324120510000,noncondo_14324120510000 [1828 N FREMONT ST] year=2019 units=1 sqft=3382 land=3000 project=residential_multicard_14324120510000,,,,,,,single_target_card_no_successor_overlap,1,3382,FALSE,retain,1,3382,contemporaneous_card_inventory,high,cards=1; card_units=1; card_building_sqft=3382; permit_addresses=1828 N FREMONT ST,,,,,,retain,1,3382,contemporaneous_card_inventory,high,cards=1; card_units=1; card_building_sqft=3382; permit_addresses=1828 N FREMONT ST,,,,,2019,existing_adjudicated_year,,,,,,,
residential_multicard_14324160310000,2017,TRUE,TRUE,86.86817356587703,2_43,3,3429,2850,1.2031578947368422,45.85263157894737,14324160310000,residential_multicard_14324160310000,14324160310000,residential_14324160310000,residential_multicard_14324160310000,1,2,211,1,TRUE,3,3429,3,3429,TRUE,TRUE,1999,2026,2,2,9,1,0,0,0,0,,,,,,,0,0,,,,,,,1813 N CLYBOURN AVE,1,,,,,,,,FALSE,FALSE,FALSE,FALSE,5_confirmation,construction_year_parcel_polygon,2,0,0,0/1891,2,2,,2332.154999789782,city_building_821036 address=1802 1808 N SHEFFIELD AVE; year=1891; units=2; building_sqft=0; overlap=0.81 || city_building_863587 address=1813 1813 N CLYBOURN AVE; year=0; units=0; building_sqft=0; overlap=0.949,0,0,,,,,,1813 N CLYBOURN AVE,FALSE,FALSE,FALSE,FALSE,FALSE,FALSE,FALSE,FALSE,FALSE,FALSE,resolved_single_target_year_card,3,3429,1_single_target_confirmation,,,,,,,,,,,,,,,,,,,,,,,,,single_target_card_no_successor_overlap,3,3429,FALSE,retain,3,3429,contemporaneous_card_inventory,high,cards=1; card_units=3; card_building_sqft=3429; permit_addresses=none,,,,,,retain,3,3429,contemporaneous_card_inventory,high,cards=1; card_units=3; card_building_sqft=3429; permit_addresses=none,,,,,2017,existing_adjudicated_year,,,,,,,
residential_multicard_14333170310000,2015,TRUE,TRUE,489.24312167170393,2_43,1,4665,2928,1.5932377049180328,14.87704918032787,14333170310000,residential_multicard_14333170310000,14333170310000,residential_14333170310000,residential_multicard_14333170310000,1,1,208,1,TRUE,1,4665,1,4665,TRUE,TRUE,1999,2026,2,2,18,1,1,1,1,0,1,1,1718 N MOHAWK ST,1718 N MOHAWK ST,,,0,0,FALSE,FALSE,,,permit_chain_100643698 [exact PIN] [2016-08-23] 1718 N MOHAWK ST units=missing description=THREE STORY IIIB MASONRY FULLY SPRINKLED SINGLE FAMILY RESIDENCE WITH BASEMENT AND TWO CAR DETACHED GARAGE PER PLANS,permit_chain_100643698 [2016-08-23] 1718 N MOHAWK ST units=missing description=THREE STORY IIIB MASONRY FULLY SPRINKLED SINGLE FAMILY RESIDENCE WITH BASEMENT AND TWO CAR DETACHED GARAGE PER PLANS,1718 N MOHAWK ST,1,,,,,,,,FALSE,FALSE,FALSE,FALSE,5_confirmation,construction_year_parcel_polygon,2,0,0,0,,,,1823.595000285888,city_building_858225 address=1718 1718 N MOHAWK ST; year=0; units=0; building_sqft=0; overlap=1 || city_building_296035 address=0 0; year=0; units=0; building_sqft=0; overlap=1,0,0,,,,,,1718 N MOHAWK ST,FALSE,FALSE,FALSE,FALSE,FALSE,FALSE,FALSE,FALSE,FALSE,FALSE,resolved_single_target_year_card,1,4665,1_single_target_confirmation,,,,,,,,,,,,,1,1,4665,2928,residential_multicard_14333170310000,noncondo_14333170310000 [1718 N MOHAWK ST] year=2015 units=1 sqft=4665 land=2928 project=residential_multicard_14333170310000,,,,,,,single_target_card_no_successor_overlap,1,4665,FALSE,retain,1,4665,contemporaneous_card_inventory,high,cards=1; card_units=1; card_building_sqft=4665; permit_addresses=1718 N MOHAWK ST,,,,,,retain,1,4665,contemporaneous_card_inventory,high,cards=1; card_units=1; card_building_sqft=4665; permit_addresses=1718 N MOHAWK ST,,,,,2015,existing_adjudicated_year,,,,,,,
residential_multicard_16014200130000,2021,TRUE,TRUE,330.58130985505926,1_26,4,4812,3000,1.604,58.08,16014200130000,residential_multicard_16014200130000,16014200130000,residential_16014200130000,residential_multicard_16014200130000,1,1,211,1,TRUE,4,4812,4,4812,TRUE,TRUE,1999,2021,2,2,12,1,1,1,1,0,1,1,2429 W AUGUSTA BLVD,2429 W AUGUSTA BLVD,3,3,1,1,TRUE,TRUE,3,3,"permit_chain_100853384 [exact PIN] [2020-01-10] 2429 W AUGUSTA BLVD units=3 description=SELF-CERTIFICATION REVIEW: ERECT 4 STORY 3 D.U. BUILDING (3B CONSTRUCTION) WITH BASEMENT, 3 EXTERIOR PARKING SPACES ON CONCRETE PAD AS PER PLAN.","permit_chain_100853384 [2020-01-10] 2429 W AUGUSTA BLVD units=3 description=SELF-CERTIFICATION REVIEW: ERECT 4 STORY 3 D.U. BUILDING (3B CONSTRUCTION) WITH BASEMENT, 3 EXTERIOR PARKING SPACES ON CONCRETE PAD AS PER PLAN.",,,,,,,,,,FALSE,FALSE,FALSE,FALSE,5_confirmation,construction_year_parcel_polygon,2,0,0,0/1889,1,1,1428,1538.3749999162974,city_building_331750 address=2429 2429 W AUGUSTA BLVD; year=1889; units=1; building_sqft=1428; overlap=0.994 || city_building_332379 address=0 0; year=0; units=0; building_sqft=0; overlap=0.993,0,0,,,,2429 W AUGUSTA BLVD 1FL,1,2429 W AUGUSTA BLVD 1FL,FALSE,FALSE,FALSE,FALSE,FALSE,FALSE,FALSE,FALSE,FALSE,FALSE,resolved_single_target_year_card,4,4812,1_single_target_confirmation,,,,,,,,,,,,,1,3,4608,2990,,condo_1601420054 [2429 W AUGUSTA BLVD 1 / 2429 W AUGUSTA BLVD 2 / 2429 W AUGUSTA BLVD 3] year=2021 units=3 sqft=4608 land=2990 project=NA,,,,,,,single_target_card_no_successor_overlap,4,4812,FALSE,retain,4,4812,contemporaneous_card_inventory,high,cards=1; card_units=4; card_building_sqft=4812; permit_addresses=2429 W AUGUSTA BLVD,,,,,,retain,4,4812,contemporaneous_card_inventory,high,cards=1; card_units=4; card_building_sqft=4812; permit_addresses=2429 W AUGUSTA BLVD,,,,,2021,existing_adjudicated_year,,,,,,,
residential_multicard_17042020610000,2007,TRUE,TRUE,449.80044469693814,27_43,1,4671,2550,1.831764705882353,17.08235294117647,17042020610000,residential_multicard_17042020610000,17042020610000,residential_17042020610000,residential_multicard_17042020610000,1,1,208,1,TRUE,1,4671,1,4671,TRUE,TRUE,1999,2026,2,2,4,1,2,0,0,0,,,,,,,0,0,,,,,,,1442 N WIELAND ST 3,1,,,,,,,,FALSE,FALSE,FALSE,FALSE,5_confirmation,construction_year_parcel_polygon,1,0,0,1886,3,3,2640,1203.750000098953,city_building_309579 address=1442 1442 N WIELAND ST; year=1886; units=3; building_sqft=2640; overlap=0.991,0,0,,,,,,1442 N WIELAND ST 3,FALSE,FALSE,FALSE,FALSE,FALSE,FALSE,FALSE,FALSE,FALSE,FALSE,resolved_single_target_year_card,1,4671,1_single_target_confirmation,,,,,,,,,,,,,1,1,4671,2550,residential_multicard_17042020610000,noncondo_17042020610000 [1442 N WIELAND ST 3] year=2007 units=1 sqft=4671 land=2550 project=residential_multicard_17042020610000,,,,,,,single_target_card_no_successor_overlap,1,4671,FALSE,retain,1,4671,contemporaneous_card_inventory,high,cards=1; card_units=1; card_building_sqft=4671; permit_addresses=none,,,,,,retain,1,4671,contemporaneous_card_inventory,high,cards=1; card_units=1; card_building_sqft=4671; permit_addresses=none,,,,,2007,existing_adjudicated_year,,,,,,,
residential_multicard_17042240240000,2006,TRUE,TRUE,98.5159203566694,42_43,1,401,2947,0.13607058025110283,14.781133355955207,17042240240000,residential_multicard_17042240240000,17042240240000,residential_17042240240000,residential_multicard_17042240240000,1,2,207,1,TRUE,1,401,1,401,TRUE,TRUE,1999,2026,2,2,20,0,0,0,0,0,,,,,,,0,0,,,,,,,1252 N STATE ST,1,,,,,,,,FALSE,FALSE,FALSE,FALSE,5_confirmation,construction_year_parcel_polygon,2,0,0,0/1890,4,4,,1366.1095702898456,city_building_875987 address=1252 1252 N STATE PKWY; year=1890; units=4; building_sqft=0; overlap=0.998 || city_building_317321 address=0 0; year=0; units=0; building_sqft=0; overlap=1,0,0,,,,,,1252 N STATE ST,FALSE,FALSE,FALSE,FALSE,FALSE,FALSE,FALSE,FALSE,FALSE,FALSE,resolved_single_target_year_card,1,401,1_single_target_confirmation,,,,,,,,,,,,,,,,,,,,,,,,,single_target_card_no_successor_overlap,1,401,FALSE,retain,1,401,contemporaneous_card_inventory,high,cards=1; card_units=1; card_building_sqft=401; permit_addresses=none,,,,,,retain,1,401,contemporaneous_card_inventory,high,cards=1; card_units=1; card_building_sqft=401; permit_addresses=none,,,,,2006,existing_adjudicated_year,,,,,,,
residential_multicard_17061070020000,2012,TRUE,TRUE,107.31479646892328,1_32,1,2142,10800,0.19833333333333333,4.033333333333333,17061070020000,residential_multicard_17061070020000,17061070020000,residential_17061070020000,residential_multicard_17061070020000,1,1,278,1,TRUE,1,2142,1,2142,TRUE,TRUE,1999,2026,2,2,15,1,2,2,2,0,2,2,1521 N HOYNE AVE / 1515 N HOYNE AVE,1521 N HOYNE AVE / 1515 N HOYNE AVE / NA,,,0,0,FALSE,FALSE,,,permit_chain_100337885 [exact PIN] [2010-04-13] 1521 N HOYNE AVE / 1515 N HOYNE AVE units=missing description=NEW CONSTRUCTION OF TWO CAR GARAGE WITH ROOF DECK TO INCLUDE INSTALLATION OF 6' MASONRY FENCE AS PER PLANS. || permit_chain_100337930 [exact PIN] [2010-04-13] 1521 N HOYNE AVE / 1515 N HOYNE AVE units=missing description=NEW CONSTRUCTION OF TWO (2) STORY SINGLE FAMILY RESIDENCE WITH BASEMENT AND ATTACHED ONE CAR GARAGE WITH A ROOF DECK AS PER PLANS.,permit_chain_100337885 [2010-04-13] 1521 N HOYNE AVE / 1515 N HOYNE AVE units=missing description=NEW CONSTRUCTION OF TWO CAR GARAGE WITH ROOF DECK TO INCLUDE INSTALLATION OF 6' MASONRY FENCE AS PER PLANS. || permit_chain_100337930 [2010-04-13] NA units=missing description=NEW CONSTRUCTION OF TWO (2) STORY SINGLE FAMILY RESIDENCE WITH BASEMENT AND ATTACHED ONE CAR GARAGE WITH A ROOF DECK AS PER PLANS.,1521 N HOYNE AVE,1,,,,,,,,FALSE,FALSE,FALSE,FALSE,5_confirmation,construction_year_parcel_polygon,2,0,0,0/1889,2,2,4024,2968.7499997700215,city_building_310109 address=1521 1521 N HOYNE AVE; year=1889; units=2; building_sqft=4024; overlap=1 || city_building_310173 address=0 0; year=0; units=0; building_sqft=0; overlap=1,0,0,,,,,,1521 N HOYNE AVE,FALSE,FALSE,FALSE,FALSE,FALSE,FALSE,FALSE,FALSE,FALSE,FALSE,resolved_single_target_year_card,1,2142,1_single_target_confirmation,,,,,,,,,,,,,,,,,,,,,,,,,single_target_card_no_successor_overlap,1,2142,FALSE,retain,1,2142,contemporaneous_card_inventory,high,cards=1; card_units=1; card_building_sqft=2142; permit_addresses=1521 N HOYNE AVE / 1515 N HOYNE AVE,,,,,,retain,1,2142,contemporaneous_card_inventory,high,cards=1; card_units=1; card_building_sqft=2142; permit_addresses=1521 N HOYNE AVE / 1515 N HOYNE AVE,,,,,2012,existing_adjudicated_year,,,,,,,
residential_multicard_17061170390000,2013,TRUE,TRUE,96.14912712466662,1_32,1,3712,3125,1.18784,13.9392,17061170390000,residential_multicard_17061170390000,17061170390000,residential_17061170390000,residential_multicard_17061170390000,1,1,278,1,TRUE,1,3712,1,3712,TRUE,TRUE,1999,2026,2,2,11,2,2,1,1,0,1,1,1320 N LEAVITT ST,1320 N LEAVITT ST,,,0,0,FALSE,FALSE,,,permit_chain_100490375 [exact PIN] [2013-06-13] 1320 N LEAVITT ST units=missing description=NEW MASONRY SINGLE FAMILY RESIDENCE WITH BASEMENT AND NEW MASONRY 2 CAR GARAGE WITH ROOF DECK AND METAL DECK AND STAIRS AS PER ARCHITECTURAL PLANS.,permit_chain_100490375 [2013-06-13] 1320 N LEAVITT ST units=missing description=NEW MASONRY SINGLE FAMILY RESIDENCE WITH BASEMENT AND NEW MASONRY 2 CAR GARAGE WITH ROOF DECK AND METAL DECK AND STAIRS AS PER ARCHITECTURAL PLANS.,1320 N LEAVITT ST,1,,,,,,,,FALSE,FALSE,FALSE,FALSE,5_confirmation,construction_year_parcel_polygon,2,0,0,0/1892,3,3,2100,1750.7499998139683,city_building_317728 address=1320 1320 N LEAVITT ST; year=1892; units=3; building_sqft=2100; overlap=0.988 || city_building_317746 address=0 0; year=0; units=0; building_sqft=0; overlap=1,0,0,,,,,,1320 N LEAVITT ST,FALSE,FALSE,FALSE,FALSE,FALSE,FALSE,FALSE,FALSE,FALSE,FALSE,resolved_single_target_year_card,1,3712,1_single_target_confirmation,,,,,,,,,,,,,1,1,3712,3125,residential_multicard_17061170390000,noncondo_17061170390000 [1320 N LEAVITT ST] year=2013 units=1 sqft=3712 land=3125 project=residential_multicard_17061170390000,,,,,,,single_target_card_no_successor_overlap,1,3712,FALSE,retain,1,3712,contemporaneous_card_inventory,high,cards=1; card_units=1; card_building_sqft=3712; permit_addresses=1320 N LEAVITT ST,,,,,,retain,1,3712,contemporaneous_card_inventory,high,cards=1; card_units=1; card_building_sqft=3712; permit_addresses=1320 N LEAVITT ST,,,,,2013,existing_adjudicated_year,,,,,,,
residential_multicard_17062040290000,2016,TRUE,TRUE,198.52684428901048,2_32,1,2227,2400,0.9279166666666666,18.15,17062040290000,residential_multicard_17062040290000,17062040290000,residential_17062040290000,residential_multicard_17062040290000,1,1,278,1,TRUE,1,2227,1,2227,TRUE,TRUE,1999,2026,2,2,16,1,1,1,1,0,1,1,1620 W PIERCE AVE,1620 W PIERCE AVE,,,0,0,FALSE,FALSE,,,"permit_chain_100536329 [exact PIN] [2014-07-28] 1620 W PIERCE AVE units=missing description=SELF CERTIFICATION REVIEW: ERECT FRAME SINGLE FAMILY RESIDENCE (4A CONSTRUCTION) WITH ROOF TOP DECK, DETACHED 2 CAR FRAME GARAGE(4A CONSTRUCTION) AS PER PLAN.","permit_chain_100536329 [2014-07-28] 1620 W PIERCE AVE units=missing description=SELF CERTIFICATION REVIEW: ERECT FRAME SINGLE FAMILY RESIDENCE (4A CONSTRUCTION) WITH ROOF TOP DECK, DETACHED 2 CAR FRAME GARAGE(4A CONSTRUCTION) AS PER PLAN.",1620 W PIERCE AVE,1,,,,,,,,FALSE,FALSE,FALSE,FALSE,5_confirmation,construction_year_parcel_polygon,1,0,0,1877,1,1,2436,992.1250000222352,city_building_306853 address=1620 1620 W PIERCE AVE; year=1877; units=1; building_sqft=2436; overlap=1,0,0,,,,,,1620 W PIERCE AVE,TRUE,TRUE,TRUE,TRUE,FALSE,FALSE,FALSE,FALSE,FALSE,FALSE,resolved_single_target_year_card,1,2227,1_single_target_confirmation,,,,,,,,,,,,,1,1,3177,2400,residential_multicard_17062040290000,noncondo_17062040290000 [1620 W PIERCE AVE] year=2016 units=1 sqft=3177 land=2400 project=residential_multicard_17062040290000,,,,,,,single_target_card_no_successor_overlap,1,2227,FALSE,retain,1,2227,contemporaneous_card_inventory,high,cards=1; card_units=1; card_building_sqft=2227; permit_addresses=1620 W PIERCE AVE,,,,,,retain,1,2227,contemporaneous_card_inventory,high,cards=1; card_units=1; card_building_sqft=2227; permit_addresses=1620 W PIERCE AVE,,,,,2016,existing_adjudicated_year,,,,,,,
residential_multicard_17063060140000,2022,TRUE,TRUE,439.4331471426389,1_2,1,464,2904,0.15977961432506887,15,17063060140000,residential_multicard_17063060140000,17063060140000,residential_17063060140000,residential_multicard_17063060140000,1,3,207,1,TRUE,1,464,1,464,TRUE,TRUE,1999,2026,2,2,1,1,0,1,1,0,1,1,2131 W HADDON AVE,2131 W HADDON AVE,,,0,0,FALSE,FALSE,,,permit_chain_100919271 [exact PIN] [2021-09-17] 2131 W HADDON AVE units=missing description=SC 2019 CBC: ADU - NEW COACH HOUSE - 2 CAR GARAGE WITH HABITABLE UNIT ABOVE - ACCESSORY TO A SINGLE FAMILY RESIDENCE R5 USE - TYPE 5A CONST.,permit_chain_100919271 [2021-09-17] 2131 W HADDON AVE units=missing description=SC 2019 CBC: ADU - NEW COACH HOUSE - 2 CAR GARAGE WITH HABITABLE UNIT ABOVE - ACCESSORY TO A SINGLE FAMILY RESIDENCE R5 USE - TYPE 5A CONST.,2131 W HADDON AVE,1,,,,,,,,FALSE,FALSE,FALSE,FALSE,5_confirmation,construction_year_parcel_polygon,2,0,0,0/1891,1,1,2299,1439.4999999508727,city_building_324895 address=2131 2131 W HADDON AVE; year=1891; units=1; building_sqft=2299; overlap=1 || city_building_325341 address=0 0; year=0; units=0; building_sqft=0; overlap=0.991,0,0,,,,,,2131 W HADDON AVE,TRUE,TRUE,FALSE,FALSE,FALSE,FALSE,FALSE,FALSE,FALSE,FALSE,resolved_single_target_year_card,1,464,1_single_target_confirmation,,,,,,,,,,,,,,,,,,,,,,,,,single_target_card_no_successor_overlap,1,464,FALSE,retain,1,464,contemporaneous_card_inventory,high,cards=1; card_units=1; card_building_sqft=464; permit_addresses=2131 W HADDON AVE,,,,,,retain,1,464,contemporaneous_card_inventory,high,cards=1; card_units=1; card_building_sqft=464; permit_addresses=2131 W HADDON AVE,,,,,2022,existing_adjudicated_year,,,,,,,
residential_multicard_17064170120000,2013,TRUE,TRUE,454.43743896625256,1_32,1,3825,3184,1.201319095477387,13.680904522613066,17064170120000,residential_multicard_17064170120000,17064170120000,residential_17064170120000,residential_multicard_17064170120000,1,1,208,1,TRUE,1,3825,1,3825,TRUE,TRUE,1999,2026,3,2,10,1,2,1,1,0,1,1,1015 N WOOD ST,1015 N WOOD ST,,,0,0,FALSE,FALSE,,,permit_chain_100475588 [exact PIN] [2013-03-25] 1015 N WOOD ST units=missing description=ERECT SINGLE FAMILY RESIDENCE WITH DETACHED GARAGE. 3 FLOORS & BASEMENT. MASONRY CONSTRUCTION WITH SPRINKLER.,permit_chain_100475588 [2013-03-25] 1015 N WOOD ST units=missing description=ERECT SINGLE FAMILY RESIDENCE WITH DETACHED GARAGE. 3 FLOORS & BASEMENT. MASONRY CONSTRUCTION WITH SPRINKLER.,1015 N WOOD ST,1,,,,,,,,FALSE,FALSE,FALSE,FALSE,5_confirmation,construction_year_parcel_polygon,2,0,0,0/1900,8,8,,1814.3749999931315,city_building_329276 address=1015 1015 N WOOD ST; year=1900; units=8; building_sqft=0; overlap=0.983 || city_building_329286 address=0 0; year=0; units=0; building_sqft=0; overlap=0.838,0,0,,,,,,1015 N WOOD ST,FALSE,FALSE,FALSE,FALSE,FALSE,FALSE,FALSE,FALSE,FALSE,FALSE,resolved_single_target_year_card,1,3825,1_single_target_confirmation,,,,,,,,,,,,,1,1,3825,3184,residential_multicard_17064170120000,noncondo_17064170120000 [1015 N WOOD ST] year=2013 units=1 sqft=3825 land=3184 project=residential_multicard_17064170120000,,,,,,,single_target_card_no_successor_overlap,1,3825,FALSE,retain,1,3825,contemporaneous_card_inventory,high,cards=1; card_units=1; card_building_sqft=3825; permit_addresses=1015 N WOOD ST,,,,,,retain,1,3825,contemporaneous_card_inventory,high,cards=1; card_units=1; card_building_sqft=3825; permit_addresses=1015 N WOOD ST,,,,,2013,existing_adjudicated_year,,,,,,,
residential_multicard_17071110050000,2012,TRUE,TRUE,236.17928871172845,1_26,1,2648,2952,0.8970189701897019,14.75609756097561,17071110050000,residential_multicard_17071110050000,17071110050000,residential_17071110050000,residential_multicard_17071110050000,1,1,278,1,TRUE,1,2648,1,2648,TRUE,TRUE,1999,2026,2,2,14,2,1,1,1,0,1,1,2147 W HURON ST,2147 W HURON ST,,,0,0,FALSE,FALSE,,,permit_chain_100462177 [exact PIN] [2012-11-09] 2147 W HURON ST units=missing description=SELF CERTIFICATION REVIEW: ERECT FRAME SINGLE FAMILY RESIDENCE (4A CONSTRUCTION) WITH DETACHED 2 CAR FRAME GARAGE (4A CONSTRUCTION) AS PER PLAN.,permit_chain_100462177 [2012-11-09] 2147 W HURON ST units=missing description=SELF CERTIFICATION REVIEW: ERECT FRAME SINGLE FAMILY RESIDENCE (4A CONSTRUCTION) WITH DETACHED 2 CAR FRAME GARAGE (4A CONSTRUCTION) AS PER PLAN.,2147 W HURON ST 1,1,,,,,,,,FALSE,FALSE,FALSE,FALSE,5_confirmation,construction_year_parcel_polygon,2,0,0,0/1895,1,1,1344,1455.4999999087304,city_building_343800 address=2147 2147 W HURON ST; year=1895; units=1; building_sqft=1344; overlap=1 || city_building_344193 address=0 0; year=0; units=0; building_sqft=0; overlap=1,0,0,,,,,,2147 W HURON ST 1,TRUE,TRUE,FALSE,FALSE,FALSE,FALSE,FALSE,FALSE,FALSE,FALSE,resolved_single_target_year_card,1,2648,1_single_target_confirmation,,,,,,,,,,,,,1,1,2648,2952,residential_multicard_17071110050000,noncondo_17071110050000 [2147 W HURON ST 1] year=2012 units=1 sqft=2648 land=2952 project=residential_multicard_17071110050000,,,,,,,single_target_card_no_successor_overlap,1,2648,FALSE,retain,1,2648,contemporaneous_card_inventory,high,cards=1; card_units=1; card_building_sqft=2648; permit_addresses=2147 W HURON ST,,,,,,retain,1,2648,contemporaneous_card_inventory,high,cards=1; card_units=1; card_building_sqft=2648; permit_addresses=2147 W HURON ST,,,,,2012,existing_adjudicated_year,,,,,,,
residential_multicard_17071130170000,2011,TRUE,TRUE,237.5359505027821,1_26,1,2935,3660,0.8019125683060109,11.901639344262296,17071130170000,residential_multicard_17071130170000,17071130170000,residential_17071130170000,residential_multicard_17071130170000,1,1,278,1,TRUE,1,2935,1,2935,TRUE,TRUE,1999,2026,2,2,15,1,1,1,1,0,1,1,2332 W OHIO ST,2332 W OHIO ST,,,0,0,FALSE,FALSE,,,permit_chain_100478506 [exact PIN] [2013-02-20] 2332 W OHIO ST units=missing description=ERECT 2 STORY FRAME CONSTRUCTION SINGLE FAMILY RESIDENCE WITH 2 CAR GARAGE.INCLUDES SOLAR PANEL INSTALLATION,permit_chain_100478506 [2013-02-20] 2332 W OHIO ST units=missing description=ERECT 2 STORY FRAME CONSTRUCTION SINGLE FAMILY RESIDENCE WITH 2 CAR GARAGE.INCLUDES SOLAR PANEL INSTALLATION,2332 W OHIO ST,1,,,,,,,,FALSE,FALSE,FALSE,FALSE,5_confirmation,construction_year_parcel_polygon,2,0,0,0/1894,4,4,2128,2243.8750000623986,city_building_346601 address=2332 2332 W OHIO ST; year=1894; units=4; building_sqft=2128; overlap=0.991 || city_building_346502 address=0 0; year=0; units=0; building_sqft=0; overlap=0.958,0,0,,,,,,2332 W OHIO ST,FALSE,FALSE,FALSE,FALSE,FALSE,FALSE,FALSE,FALSE,FALSE,FALSE,resolved_single_target_year_card,1,2935,1_single_target_confirmation,,,,,,,,,,,,,1,1,2935,3660,residential_multicard_17071130170000,noncondo_17071130170000 [2332 W OHIO ST] year=2011 units=1 sqft=2935 land=3660 project=residential_multicard_17071130170000,,,,,,,single_target_card_no_successor_overlap,1,2935,FALSE,retain,1,2935,contemporaneous_card_inventory,high,cards=1; card_units=1; card_building_sqft=2935; permit_addresses=2332 W OHIO ST,,,,,,retain,1,2935,contemporaneous_card_inventory,high,cards=1; card_units=1; card_building_sqft=2935; permit_addresses=2332 W OHIO ST,,,,,2011,existing_adjudicated_year,,,,,,,
residential_multicard_17081080120000,2009,TRUE,TRUE,346.5102441216298,1_27,1,2022,3075,0.6575609756097561,14.165853658536586,17081080120000,residential_multicard_17081080120000,17081080120000,residential_17081080120000,residential_multicard_17081080120000,1,1,278,1,TRUE,1,2022,1,2022,TRUE,TRUE,1999,2026,2,2,3,1,1,1,1,0,1,1,1507 W SUPERIOR ST,1507 W SUPERIOR ST,,,0,0,FALSE,FALSE,,,permit_chain_100359618 [exact PIN] [2010-09-09] 1507 W SUPERIOR ST units=missing description=ERECT TWO STORY SINGLE FAMILY RESIDENCE + 2 CAR DETACHED GARAGE WITH ROOF DECK AS PER PLANS  {ZONING DISTRICT RS-3},permit_chain_100359618 [2010-09-09] 1507 W SUPERIOR ST units=missing description=ERECT TWO STORY SINGLE FAMILY RESIDENCE + 2 CAR DETACHED GARAGE WITH ROOF DECK AS PER PLANS  {ZONING DISTRICT RS-3},1507 W SUPERIOR ST 2,1,,,,,,,,FALSE,FALSE,FALSE,FALSE,5_confirmation,construction_year_parcel_polygon,0,0,,,,,,,,0,0,,,,,,1507 W SUPERIOR ST 2,FALSE,FALSE,FALSE,FALSE,FALSE,FALSE,FALSE,FALSE,FALSE,FALSE,resolved_single_target_year_card,1,2022,1_single_target_confirmation,,,,,,,,,,,,,1,1,2022,3075,residential_multicard_17081080120000,noncondo_17081080120000 [1507 W SUPERIOR ST 2] year=2009 units=1 sqft=2022 land=3075 project=residential_multicard_17081080120000,,,,,,,single_target_card_no_successor_overlap,1,2022,FALSE,retain,1,2022,contemporaneous_card_inventory,high,cards=1; card_units=1; card_building_sqft=2022; permit_addresses=1507 W SUPERIOR ST,,,,,,retain,1,2022,contemporaneous_card_inventory,high,cards=1; card_units=1; card_building_sqft=2022; permit_addresses=1507 W SUPERIOR ST,,,,,2009,existing_adjudicated_year,,,,,,,
residential_multicard_17081150230000,2022,TRUE,TRUE,292.7048328328189,1_27,2,4302,3125,1.37664,27.8784,17081150230000,residential_multicard_17081150230000,17081150230000,residential_17081150230000,residential_multicard_17081150230000,1,1,211,1,TRUE,2,4302,2,4302,TRUE,TRUE,1999,2022,2,2,24,1,1,1,1,0,1,1,1514 W OHIO ST,1514 W OHIO ST,3,3,1,1,TRUE,TRUE,3,3,"permit_chain_100893733 [exact PIN] [2021-01-27] 1514 W OHIO ST units=3 description=SC - 2019 CBC - PROPOSED 4 STORY/3 UNIT BUILDING W/BASEMENT, 4TH FLOOR FRONT DECK, 4 STORY REAR PORCH, AND DETATCHED 3 CAR GARAGE W/ROOFTOP DECK, PER PLANS.R5 USE","permit_chain_100893733 [2021-01-27] 1514 W OHIO ST units=3 description=SC - 2019 CBC - PROPOSED 4 STORY/3 UNIT BUILDING W/BASEMENT, 4TH FLOOR FRONT DECK, 4 STORY REAR PORCH, AND DETATCHED 3 CAR GARAGE W/ROOFTOP DECK, PER PLANS.R5 USE",,,,,,,,,,FALSE,FALSE,FALSE,FALSE,5_confirmation,construction_year_parcel_polygon,2,0,0,0,,,,1766.624999906926,city_building_346022 address=1512 1512 W OHIO ST; year=0; units=0; building_sqft=0; overlap=0.998 || city_building_345677 address=1512 1512 W OHIO ST; year=0; units=0; building_sqft=0; overlap=0.982,0,0,,,,1514 W OHIO ST,1,1514 W OHIO ST,FALSE,FALSE,FALSE,FALSE,FALSE,FALSE,FALSE,FALSE,FALSE,FALSE,resolved_single_target_year_card,2,4302,1_single_target_confirmation,,,,,,,,,,,,,1,3,6431,3125,,condo_1708115032 [1514 W OHIO ST 1 / 1514 W OHIO ST 2 / 1514 W OHIO ST 3] year=2022 units=3 sqft=6431 land=3125 project=NA,,,,,,,single_target_card_no_successor_overlap,2,4302,FALSE,retain,2,4302,contemporaneous_card_inventory,high,cards=1; card_units=2; card_building_sqft=4302; permit_addresses=1514 W OHIO ST,,,,,,retain,2,4302,contemporaneous_card_inventory,high,cards=1; card_units=2; card_building_sqft=4302; permit_addresses=1514 W OHIO ST,,,,,2022,existing_adjudicated_year,,,,,,,
residential_multicard_17081210270000,2009,TRUE,TRUE,121.80646234471082,26_27,1,6434,8900,0.7229213483146067,4.89438202247191,17081210270000,residential_multicard_17081210270000,17081210270000,residential_17081210270000,residential_multicard_17081210270000,1,1,209,1,TRUE,1,6434,1,6434,TRUE,TRUE,1999,2026,2,2,9,1,1,1,1,0,1,1,516 N ARMOUR ST,516 N ARMOUR ST,,,0,0,FALSE,FALSE,,,"permit_chain_100279942 [exact PIN] [2009-03-12] 516 N ARMOUR ST units=missing description=ERECT 2 STORY, I-C, SINGLE FAMILY RESIDENCE W/BASEMENT AND DETACHED GARAGE","permit_chain_100279942 [2009-03-12] 516 N ARMOUR ST units=missing description=ERECT 2 STORY, I-C, SINGLE FAMILY RESIDENCE W/BASEMENT AND DETACHED GARAGE",520 N ARMOUR ST,1,,,,,,,,FALSE,FALSE,FALSE,FALSE,5_confirmation,construction_year_parcel_polygon,2,0,0,0/1889,4,4,3432,5095.874999677762,city_building_347825 address=516 520 N ARMOUR ST; year=1889; units=4; building_sqft=3432; overlap=1 || city_building_347820 address=0 0; year=0; units=0; building_sqft=0; overlap=0.955,0,0,,,,,,520 N ARMOUR ST,FALSE,FALSE,FALSE,FALSE,FALSE,FALSE,FALSE,FALSE,FALSE,FALSE,resolved_single_target_year_card,1,6434,1_single_target_confirmation,,,,,,,,,,,,,1,1,6434,8900,residential_multicard_17081210270000,noncondo_17081210270000 [520 N ARMOUR ST] year=2009 units=1 sqft=6434 land=8900 project=residential_multicard_17081210270000,,,,,,,single_target_card_no_successor_overlap,1,6434,FALSE,retain,1,6434,contemporaneous_card_inventory,high,cards=1; card_units=1; card_building_sqft=6434; permit_addresses=516 N ARMOUR ST,,,,,,retain,1,6434,contemporaneous_card_inventory,high,cards=1; card_units=1; card_building_sqft=6434; permit_addresses=516 N ARMOUR ST,,,,,2009,existing_adjudicated_year,,,,,,,
residential_multicard_17174100290000,2015,TRUE,TRUE,480.2917375219606,11_25,6,7503,6230,1.2043338683788125,41.951845906902086,17174100290000,residential_multicard_17174100290000,17174100290000,residential_17174100290000,residential_multicard_17174100290000,1,1,211,1,TRUE,6,7503,6,7503,TRUE,TRUE,1999,2016,2,2,17,1,1,1,1,0,1,1,715 S MAY ST,715 S MAY ST,6,6,1,1,TRUE,TRUE,6,6,"permit_chain_100602749 [exact PIN] [2015-09-10] 715 S MAY ST units=6 description=ERECT MASONRY 6 D.U. BUILDING (3B CONSTRUCTION) WITH DETACHED TWO 3 CAR MASONRY GARAGES (3B CONSTRUCTION), 6' HIGH 2'-10 7/8"" BY 10'-10"" MASONRY TRASH ENCLOSURE  AS PER PLAN.","permit_chain_100602749 [2015-09-10] 715 S MAY ST units=6 description=ERECT MASONRY 6 D.U. BUILDING (3B CONSTRUCTION) WITH DETACHED TWO 3 CAR MASONRY GARAGES (3B CONSTRUCTION), 6' HIGH 2'-10 7/8"" BY 10'-10"" MASONRY TRASH ENCLOSURE  AS PER PLAN.",,,,,,,,,,FALSE,FALSE,TRUE,TRUE,5_confirmation,construction_year_parcel_polygon,2,0,0,0/1979,1,1,2124,2711.5000000500586,city_building_366613 address=713 715 S MAY ST; year=1979; units=1; building_sqft=2124; overlap=1 || city_building_366697 address=0 0; year=0; units=0; building_sqft=0; overlap=1,0,0,,,,713 S MAY ST,1,713 S MAY ST,FALSE,FALSE,FALSE,FALSE,FALSE,FALSE,FALSE,FALSE,FALSE,FALSE,resolved_single_target_year_card,6,7503,1_single_target_confirmation,,,,,,,,,,,,,1,6,10028,5911,,condo_1717410034 [715 S MAY ST 1N / 715 S MAY ST 1S / 715 S MAY ST 2N / 715 S MAY ST 2S / 715 S MAY ST 3N / 715 S MAY ST 3S] year=2014 units=6 sqft=10028 land=5911 project=NA,,,,,,,single_target_card_no_successor_overlap,6,7503,FALSE,retain,6,7503,contemporaneous_card_inventory,high,cards=1; card_units=6; card_building_sqft=7503; permit_addresses=715 S MAY ST,,,,,,retain,6,7503,contemporaneous_card_inventory,high,cards=1; card_units=6; card_building_sqft=7503; permit_addresses=715 S MAY ST,,,,,2015,existing_adjudicated_year,,,,,,,
residential_multicard_13222210280000,2018,TRUE,TRUE,305.53742400046247,30_45,1,2640,7800,0.3384615384615385,5.584615384615384,13222210280000,residential_multicard_13222210280000,13222210280000,residential_13222210280000,residential_multicard_13222210280000,2,1/2,278,1,TRUE,2,5280,1,2640,TRUE,TRUE,1999,2019,2,2,1,1,1,2,2,0,2,2,3624 N KEELER AVE / 3626 N KEELER AVE,3624 N KEELER AVE / 3626 N KEELER AVE / NA,,,0,0,FALSE,FALSE,,,"permit_chain_100756099 [exact PIN] [2018-06-06] 3624 N KEELER AVE / 3626 N KEELER AVE units=missing description=SELF-CERT: NEW (4-A) 2 STORY, SFR W/ BASEMENT, FRONT OPEN PORCH, TRASH ENCL. & DETACHED 2 CAR FRAME GARAGE PER PLANS. || permit_chain_100756117 [exact PIN] [2018-06-06] 3624 N KEELER AVE / 3626 N KEELER AVE units=missing description=SELF-CERT: NEW 2 STORY, SFR W/ BASEMENT, FRONT OPEN PORCH, TRASH ENCL. & A DETACHED 2 CAR FRAME GARAGE PER PLANS.","permit_chain_100756099 [2018-06-06] 3624 N KEELER AVE / 3626 N KEELER AVE units=missing description=SELF-CERT: NEW (4-A) 2 STORY, SFR W/ BASEMENT, FRONT OPEN PORCH, TRASH ENCL. & DETACHED 2 CAR FRAME GARAGE PER PLANS. || permit_chain_100756117 [2018-06-06] NA units=missing description=SELF-CERT: NEW 2 STORY, SFR W/ BASEMENT, FRONT OPEN PORCH, TRASH ENCL. & A DETACHED 2 CAR FRAME GARAGE PER PLANS.",,,,,,,,,,TRUE,TRUE,FALSE,FALSE,1_multifamily_threshold,construction_year_parcel_polygon,2,0,0,0/1905,2,2,2754,1881.8750000039,city_building_179738 address=3626 3626 N KEELER AVE; year=1905; units=2; building_sqft=2754; overlap=1 || city_building_179927 address=0 0; year=0; units=0; building_sqft=0; overlap=1,0,0,,,,3626 N KEELER AVE,1,3626 N KEELER AVE,FALSE,TRUE,TRUE,FALSE,FALSE,FALSE,TRUE,FALSE,TRUE,FALSE,candidate_sum_supported,2,5280,3_main_sample_multifamily_threshold,episode_009,high_confidence_reproduction,TRUE,residential_multicard_13222210280000,residential_13222210350000/residential_13222210360000,2,5280,2,5244,7860,1,0.9931818181818182,2,2,5244,7860,residential_13222210350000/residential_13222210360000,noncondo_13222210360000 [3624 N KEELER AVE] year=2018 units=1 sqft=2622 land=3930 project=residential_13222210360000 || noncondo_13222210350000 [3626 N KEELER AV] year=2018 units=1 sqft=2622 land=3930 project=residential_13222210350000,,,,,,,successor_episode_exact_reproduction,2,5244,FALSE,retain,2,5244,completed_successor_episode,high,cards=2; card_units=2; successor_units=2; successor_building_sqft=5244; successor_projects=residential_13222210350000/residential_13222210360000,,,,,,retain,2,5244,completed_successor_episode,high,cards=2; card_units=2; successor_units=2; successor_building_sqft=5244; successor_projects=residential_13222210350000/residential_13222210360000,,,,,2018,existing_adjudicated_year,,,,,,,
residential_multicard_13223070280000,2018,TRUE,TRUE,329.25671811831563,30_31,1,2082,12600,0.16523809523809524,3.4571428571428573,13223070280000,residential_multicard_13223070280000,13223070280000,residential_13223070280000,residential_multicard_13223070280000,3,1/2/3,278,1,TRUE,3,6246,1,2082,TRUE,TRUE,1999,2019,3,3,1,1,1,3,3,0,3,3,3406 N KEATING AVE / 3408 N KEATING AVE / 3410 N KEATING AVE,3406 N KEATING AVE / 3408 N KEATING AVE / 3410 N KEATING AVE / NA,,,0,0,FALSE,FALSE,,,"permit_chain_100797785 [exact PIN] [2019-01-14] 3406 N KEATING AVE / 3408 N KEATING AVE / 3410 N KEATING AVE units=missing description=SELF-CERT: ERECT NEW 2 STORY, IV-A, SINGLE FAMILY RESIDENCE W/BASEMENT AND DETACHED 2 CAR GARAGE AS PER PLANS || permit_chain_100797790 [exact PIN] [2019-01-31] 3406 N KEATING AVE / 3408 N KEATING AVE / 3410 N KEATING AVE units=missing description=SELF-CERT: ERECT NEW 2 STORY, IV-A, SINGLE FAMILY RESIDENCE W/BASEMENT AND DETACHED 2 CAR GARAGE AS PER PLANS || permit_chain_100797792 [exact PIN] [2019-01-08] 3406 N KEATING AVE / 3408 N KEATING AVE / 3410 N KEATING AVE units=missing description=SELF-CERT: ERECT NEW 2 STORY, IV-A, SINGLE FAMILY RESIDENCE W/BASEMENT AND DETACHED 2 CAR GARAGE AS PER PLANS","permit_chain_100797785 [2019-01-14] 3406 N KEATING AVE / 3408 N KEATING AVE / 3410 N KEATING AVE units=missing description=SELF-CERT: ERECT NEW 2 STORY, IV-A, SINGLE FAMILY RESIDENCE W/BASEMENT AND DETACHED 2 CAR GARAGE AS PER PLANS || permit_chain_100797790 [2019-01-31] NA units=missing description=SELF-CERT: ERECT NEW 2 STORY, IV-A, SINGLE FAMILY RESIDENCE W/BASEMENT AND DETACHED 2 CAR GARAGE AS PER PLANS || permit_chain_100797792 [2019-01-08] NA units=missing description=SELF-CERT: ERECT NEW 2 STORY, IV-A, SINGLE FAMILY RESIDENCE W/BASEMENT AND DETACHED 2 CAR GARAGE AS PER PLANS",,,,,,,,,,TRUE,TRUE,FALSE,FALSE,1_multifamily_threshold,construction_year_parcel_polygon,1,0,0,1910,1,1,,881.5000001564622,city_building_197320 address=3408 3408 N KEATING AVE; year=1910; units=1; building_sqft=0; overlap=1,0,0,,,,3406 N KEATING AVE,1,3406 N KEATING AVE,TRUE,FALSE,FALSE,FALSE,FALSE,FALSE,TRUE,TRUE,TRUE,TRUE,manual_review_required,,,2_main_sample_conflicting_evidence,episode_010,high_confidence_reproduction,TRUE,residential_multicard_13223070280000,residential_13223070390000/residential_13223070400000/residential_13223070410000,3,6246,3,6246,12610,1,1,3,3,6246,12610,residential_13223070390000/residential_13223070400000/residential_13223070410000,noncondo_13223070410000 [3406 N KEATING AVE] year=2018 units=1 sqft=2082 land=4263 project=residential_13223070410000 || noncondo_13223070400000 [3408 N KEATING AVE] year=2018 units=1 sqft=2082 land=4263 project=residential_13223070400000 || noncondo_13223070390000 [3410 N KEATING AVE] year=2018 units=1 sqft=2082 land=4084 project=residential_13223070390000,,,,,,,successor_episode_exact_reproduction,3,6246,FALSE,retain,3,6246,completed_successor_episode,high,cards=3; card_units=3; successor_units=3; successor_building_sqft=6246; successor_projects=residential_13223070390000/residential_13223070400000/residential_13223070410000,,,,,,retain,3,6246,completed_successor_episode,high,cards=3; card_units=3; successor_units=3; successor_building_sqft=6246; successor_projects=residential_13223070390000/residential_13223070400000/residential_13223070410000,,,,,2018,existing_adjudicated_year,,,,,,,
residential_multicard_13263110220000,2014,TRUE,TRUE,434.080973146913,30_35,1,2142,37459,0.05718251955471315,1.162871406070637,13263110220000,residential_multicard_13263110220000,13263110220000,residential_13263110220000,residential_multicard_13263110220000,16,1/2/3/4/5/6/7/8/9/10/11/12/13/14/15/16,295,1,TRUE,16,34272,1,2142,TRUE,TRUE,2015,2015,16,16,1,0,0,0,0,0,,,,,,,0,0,,,,,,,,,,,,,,,,TRUE,TRUE,FALSE,FALSE,1_multifamily_threshold,construction_year_parcel_polygon,1,0,0,0,,,,30161.374999864725,city_building_248812 address=2650 2650 N RIDGEWAY AVE; year=0; units=0; building_sqft=0; overlap=0.276,0,0,,,,2643 N HAMLIN AVE,1,2643 N HAMLIN AVE,FALSE,FALSE,FALSE,FALSE,FALSE,FALSE,FALSE,FALSE,FALSE,FALSE,manual_review_required,,,3_main_sample_multifamily_threshold,episode_020,high_confidence_reproduction,TRUE,residential_multicard_13263110220000,residential_13263110390000/residential_13263110400000/residential_13263110410000/residential_13263110420000/residential_13263110430000/residential_13263110440000/residential_13263110450000/residential_13263110460000/residential_13263110470000/residential_13263110480000/residential_13263110490000/residential_13263110500000/residential_13263110510000/residential_13263110520000/residential_13263110530000/residential_13263110540000,16,34272,16,34272,36828,1,1,16,16,34272,36828,residential_13263110390000/residential_13263110400000/residential_13263110410000/residential_13263110420000/residential_13263110430000/residential_13263110440000/residential_13263110450000/residential_13263110460000/residential_13263110470000/residential_13263110480000/residential_13263110490000/residential_13263110500000/residential_13263110510000/residential_13263110520000/residential_13263110530000/residential_13263110540000,noncondo_13263110540000 [2629 N HAMLIN AVE] year=2014 units=1 sqft=2142 land=1345 project=residential_13263110540000 || noncondo_13263110530000 [2631 N HAMLIN AVE] year=2014 units=1 sqft=2142 land=2264 project=residential_13263110530000 || noncondo_13263110520000 [2633 N HAMLIN AVE] year=2014 units=1 sqft=2142 land=2264 project=residential_13263110520000 || noncondo_13263110510000 [2635 N HAMLIN AVE] year=2014 units=1 sqft=2142 land=2265 project=residential_13263110510000 || noncondo_13263110500000 [2637 N HAMLIN AVE] year=2014 units=1 sqft=2142 land=2265 project=residential_13263110500000 || noncondo_13263110490000 [2639 N HAMLIN AVE] year=2014 units=1 sqft=2142 land=2265 project=residential_13263110490000 || noncondo_13263110480000 [2641 N HAMLIN AVE] year=2014 units=1 sqft=2142 land=2265 project=residential_13263110480000 || noncondo_13263110470000 [2643 N HAMLIN AVE] year=2014 units=1 sqft=2142 land=2960 project=residential_13263110470000 || noncondo_13263110460000 [2645 N HAMLIN AVE] year=2014 units=1 sqft=2142 land=2956 project=residential_13263110460000 || noncondo_13263110450000 [2647 N HAMLIN AVE] year=2014 units=1 sqft=2142 land=2266 project=residential_13263110450000 || noncondo_13263110440000 [2649 N HAMLIN AVE] year=2014 units=1 sqft=2142 land=2266 project=residential_13263110440000 || noncondo_13263110430000 [2651 N HAMLIN AVE] year=2014 units=1 sqft=2142 land=2266 project=residential_13263110430000 || noncondo_13263110420000 [2653 N HAMLIN AVE] year=2014 units=1 sqft=2142 land=2267 project=residential_13263110420000 || noncondo_13263110410000 [2655 N HAMLIN AVE] year=2014 units=1 sqft=2142 land=2267 project=residential_13263110410000 || noncondo_13263110400000 [2657 N HAMLIN AVE] year=2014 units=1 sqft=2142 land=2267 project=residential_13263110400000 || noncondo_13263110390000 [2659 N HAMLIN AVE] year=2014 units=1 sqft=2142 land=2380 project=residential_13263110390000,,,,,,,successor_episode_exact_reproduction,16,34272,FALSE,retain,16,34272,completed_successor_episode,high,cards=16; card_units=16; successor_units=16; successor_building_sqft=34272; successor_projects=residential_13263110390000/residential_13263110400000/residential_13263110410000/residential_13263110420000/residential_13263110430000/residential_13263110440000/residential_13263110450000/residential_13263110460000/residential_13263110470000/residential_13263110480000/residential_13263110490000/residential_13263110500000/residential_13263110510000/residential_13263110520000/residential_13263110530000/residential_13263110540000,,,,,,retain,16,34272,completed_successor_episode,high,cards=16; card_units=16; successor_units=16; successor_building_sqft=34272; successor_projects=residential_13263110390000/residential_13263110400000/residential_13263110410000/residential_13263110420000/residential_13263110430000/residential_13263110440000/residential_13263110450000/residential_13263110460000/residential_13263110470000/residential_13263110480000/residential_13263110490000/residential_13263110500000/residential_13263110510000/residential_13263110520000/residential_13263110530000/residential_13263110540000,,,,,2014,existing_adjudicated_year,,,,,,,
residential_multicard_13354010380000,2021,TRUE,TRUE,367.12687576643503,1_26,1,2079,10309,0.2016684450480163,4.225434086720341,13354010380000,residential_multicard_13354010380000,13354010380000,residential_13354010380000,residential_multicard_13354010380000,3,1/2/3,278,1,TRUE,3,6237,1,2079,TRUE,TRUE,2021,2021,3,3,1,0,0,3,3,0,2,2,3518 W CORTLAND ST / 3520 W CORTLAND ST,3518 W CORTLAND ST / 3520 W CORTLAND ST / NA,,,0,0,FALSE,FALSE,,,permit_chain_100840864 [exact PIN] [2019-10-21] 3518 W CORTLAND ST / 3520 W CORTLAND ST units=missing description=THIS IS UNIT NUMBER 1. NEW 2 STORY SINGLE FAMILY RESIDENCE WITH BASEMENT AND DETACHED 2 CAR FRAME GARAGE. INSTALL 6 FEET HIGH WOOD FENCE AND 4 FEET HIGH IRON FENCE. ALL WORK AS PER PLANS. || permit_chain_100840866 [exact PIN] [2019-10-18] 3518 W CORTLAND ST / 3520 W CORTLAND ST units=missing description=THIS IS UNIT NUMBER 2. NEW 2 STORY SINGLE FAMILY RESIDENCE WITH BASEMENT AND DETACHED 2 CAR FRAME GARAGE. INSTALL 6 FEET HIGH WOOD FENCE AND 4 FEET HIGH IRON FENCE. ALL WORK AS PER PLANS. || permit_chain_100840867 [exact PIN] [2019-10-21] 3518 W CORTLAND ST / 3520 W CORTLAND ST units=missing description=NEW 2 STORY SINGLE FAMILY RESIDENCE WITH BASEMENT AND DETACHED 2 CAR FRAME GARAGE. INSTALL 6 FEET HIGH WOOD FENCE AND 4 FEET HIGH IRON FENCE. ALL WORK AS PER PLANS.,permit_chain_100840864 [2019-10-21] 3518 W CORTLAND ST / 3520 W CORTLAND ST units=missing description=THIS IS UNIT NUMBER 1. NEW 2 STORY SINGLE FAMILY RESIDENCE WITH BASEMENT AND DETACHED 2 CAR FRAME GARAGE. INSTALL 6 FEET HIGH WOOD FENCE AND 4 FEET HIGH IRON FENCE. ALL WORK AS PER PLANS. || permit_chain_100840866 [2019-10-18] NA units=missing description=THIS IS UNIT NUMBER 2. NEW 2 STORY SINGLE FAMILY RESIDENCE WITH BASEMENT AND DETACHED 2 CAR FRAME GARAGE. INSTALL 6 FEET HIGH WOOD FENCE AND 4 FEET HIGH IRON FENCE. ALL WORK AS PER PLANS. || permit_chain_100840867 [2019-10-21] NA units=missing description=NEW 2 STORY SINGLE FAMILY RESIDENCE WITH BASEMENT AND DETACHED 2 CAR FRAME GARAGE. INSTALL 6 FEET HIGH WOOD FENCE AND 4 FEET HIGH IRON FENCE. ALL WORK AS PER PLANS.,,,,,,,,,,TRUE,TRUE,FALSE,FALSE,1_multifamily_threshold,construction_year_parcel_polygon,1,0,0,0,,,,4089.2500002181623,city_building_291236 address=3520 3520 W CORTLAND ST; year=0; units=0; building_sqft=0; overlap=1,0,0,,,,3520 W CORTLAND PKY,1,3520 W CORTLAND PKY,FALSE,FALSE,FALSE,FALSE,FALSE,FALSE,FALSE,FALSE,FALSE,FALSE,manual_review_required,,,3_main_sample_multifamily_threshold,episode_024,high_confidence_reproduction,TRUE,residential_multicard_13354010380000,residential_13354010570000/residential_13354010580000/residential_13354010590000,3,6237,3,6237,10305,1,1,3,3,6237,10305,residential_13354010570000/residential_13354010580000/residential_13354010590000,noncondo_13354010580000 [3518 W CORTLAND ST] year=2021 units=1 sqft=2079 land=3436 project=residential_13354010580000 || noncondo_13354010590000 [3518 W CORTLAND ST] year=2021 units=1 sqft=2079 land=3436 project=residential_13354010590000 || noncondo_13354010570000 [3520 W CORTLAND ST] year=2021 units=1 sqft=2079 land=3433 project=residential_13354010570000,,,,,,,successor_episode_exact_reproduction,3,6237,FALSE,retain,3,6237,completed_successor_episode,high,cards=3; card_units=3; successor_units=3; successor_building_sqft=6237; successor_projects=residential_13354010570000/residential_13354010580000/residential_13354010590000,,,,,,retain,3,6237,completed_successor_episode,high,cards=3; card_units=3; successor_units=3; successor_building_sqft=6237; successor_projects=residential_13354010570000/residential_13354010580000/residential_13354010590000,,,,,2021,existing_adjudicated_year,,,,,,,
residential_multicard_14071170230000,2008,TRUE,TRUE,94.28825873539718,40_47,1,2109,3125,0.67488,13.9392,14071170230000,residential_multicard_14071170230000,14071170230000,residential_14071170230000,residential_multicard_14071170230000,2,1/2,295,2,FALSE,2,3965,1,1856/2109,TRUE,TRUE,1999,2010,2,2,2,1,1,0,0,0,,,,,,,0,0,,,,,,,,,,,,,,,,TRUE,TRUE,FALSE,FALSE,1_multifamily_threshold,construction_year_parcel_polygon,1,1,0,2008,2,2,,2425.598864525557,city_building_889164 address=2130 2130 W FOSTER AVE; year=2008; units=2; building_sqft=0; overlap=0.9,1,1,2008,2425.5931829334004,cook_2008_407560 address=2130 2130 W FOSTER AVE; year=2008; overlap=0.9,2130 W FOSTER AVE,1,2130 W FOSTER AVE,FALSE,TRUE,FALSE,FALSE,FALSE,FALSE,FALSE,FALSE,TRUE,FALSE,candidate_sum_supported,2,3965,3_main_sample_multifamily_threshold,episode_032,high_confidence_reproduction,TRUE,residential_multicard_14071170230000,residential_14071170250000/residential_14071170260000,2,3965,2,3965,3100,1,1,2,2,3965,3100,residential_14071170250000/residential_14071170260000,noncondo_14071170250000 [2130 W FOSTER AVE] year=2008 units=1 sqft=1856 land=1599 project=residential_14071170250000 || noncondo_14071170260000 [2130 W FOSTER AVE] year=2008 units=1 sqft=2109 land=1501 project=residential_14071170260000,,,,,,,successor_episode_exact_reproduction,2,3965,FALSE,retain,2,3965,completed_successor_episode,high,cards=2; card_units=2; successor_units=2; successor_building_sqft=3965; successor_projects=residential_14071170250000/residential_14071170260000,,,,,,retain,2,3965,completed_successor_episode,high,cards=2; card_units=2; successor_units=2; successor_building_sqft=3965; successor_projects=residential_14071170250000/residential_14071170260000,,,,,2008,existing_adjudicated_year,,,,,,,
residential_multicard_14074070070000,2018,TRUE,TRUE,255.81576460929668,40_47,1,2710,7600,0.35657894736842105,5.731578947368421,14074070070000,residential_multicard_14074070070000,14074070070000,residential_14074070070000,residential_multicard_14074070070000,2,1/2,278,2,FALSE,2,5400,1,2690/2710,TRUE,TRUE,1999,2020,2,2,2,1,1,2,2,0,2,2,5055 N WOLCOTT AVE / 5053 N WOLCOTT AVE,5055 N WOLCOTT AVE / 5053 N WOLCOTT AVE / NA,,,0,0,FALSE,FALSE,,,"permit_chain_100793097 [exact PIN] [2018-12-12] 5055 N WOLCOTT AVE / 5053 N WOLCOTT AVE units=missing description=ERECT A 2 STORY, IVA FRAME SINGLE FAMILY RESIDENCE WITH BASEMENT AND DETACHED 2 CAR GARAGE PER PLANS || permit_chain_100793290 [exact PIN] [2018-12-14] 5055 N WOLCOTT AVE / 5053 N WOLCOTT AVE units=missing description=ERECT A2 STORY , IVA FRAME SINGLE FAMILY RESIDENCE WITH BASEMENT AND DETACHED 2 CAR GARAGE PER PLANS","permit_chain_100793097 [2018-12-12] 5055 N WOLCOTT AVE / 5053 N WOLCOTT AVE units=missing description=ERECT A 2 STORY, IVA FRAME SINGLE FAMILY RESIDENCE WITH BASEMENT AND DETACHED 2 CAR GARAGE PER PLANS || permit_chain_100793290 [2018-12-14] NA units=missing description=ERECT A2 STORY , IVA FRAME SINGLE FAMILY RESIDENCE WITH BASEMENT AND DETACHED 2 CAR GARAGE PER PLANS",,,,,,,,,,TRUE,TRUE,FALSE,FALSE,1_multifamily_threshold,construction_year_parcel_polygon,2,0,0,0/1901,1,1,2376,1766.7500000084983,city_building_83383 address=5055 5055 N WOLCOTT AVE; year=1901; units=1; building_sqft=2376; overlap=1 || city_building_83649 address=0 0; year=0; units=0; building_sqft=0; overlap=1,0,0,,,,5055 N WOLCOTT AVE,1,5055 N WOLCOTT AVE,TRUE,FALSE,FALSE,FALSE,FALSE,FALSE,TRUE,TRUE,TRUE,TRUE,manual_review_required,,,2_main_sample_conflicting_evidence,episode_033,high_confidence_reproduction,TRUE,residential_multicard_14074070070000,residential_14074070320000/residential_14074070330000,2,5400,2,5448,7630,1,1.008888888888889,2,2,5448,7630,residential_14074070320000/residential_14074070330000,noncondo_14074070330000 [5053 WOLCOTT] year=2019 units=1 sqft=2729 land=3815 project=residential_14074070330000 || noncondo_14074070320000 [5055 WOLCOTT] year=2019 units=1 sqft=2719 land=3815 project=residential_14074070320000,,,,,,,successor_episode_exact_reproduction,2,5448,FALSE,retain,2,5448,completed_successor_episode,high,cards=2; card_units=2; successor_units=2; successor_building_sqft=5448; successor_projects=residential_14074070320000/residential_14074070330000,,,,,,retain,2,5448,completed_successor_episode,high,cards=2; card_units=2; successor_units=2; successor_building_sqft=5448; successor_projects=residential_14074070320000/residential_14074070330000,,,,,2018,existing_adjudicated_year,,,,,,,
residential_multicard_14311240470000,2021,TRUE,TRUE,221.7524609809365,1_32,1,2295,4823,0.475844909807174,9.031722993987144,14311240470000,residential_multicard_14311240470000,14311240470000,residential_14311240470000,residential_multicard_14311240470000,2,2/3,278,2,FALSE,2,4555,1,2260/2295,TRUE,TRUE,2019,2021,3,2,1,0,0,1,1,0,1,1,2339 W SHAKESPEARE AVE,2339 W SHAKESPEARE AVE,,,0,0,FALSE,FALSE,,,"permit_chain_100970235 [exact PIN] [2022-06-06] 2339 W SHAKESPEARE AVE units=missing description=REPLACE EXISTING DECKING AND ADD PERGOLA, TRELLIS, AND PLANTERS TO EXISTING ATTACHED 2-CAR MASONRY GARAGE ROOF DECK.  REPLACE EXISTING DECKING, ADD NEW PERGOLA, TRELLIS, AND HOT TUB TO EXISTING ROOFTOP DECK ON EXISTING SFR OF TYPE 5-R OCCUPANCY AND TYPE 5A CONSTRUCTION.  NO CHANGE TO OCCUPANCY OR EGRESS.  2019 CHICAGO REHAB CODE.  STRUCTURAL PEER REVIEW.","permit_chain_100970235 [2022-06-06] 2339 W SHAKESPEARE AVE units=missing description=REPLACE EXISTING DECKING AND ADD PERGOLA, TRELLIS, AND PLANTERS TO EXISTING ATTACHED 2-CAR MASONRY GARAGE ROOF DECK.  REPLACE EXISTING DECKING, ADD NEW PERGOLA, TRELLIS, AND HOT TUB TO EXISTING ROOFTOP DECK ON EXISTING SFR OF TYPE 5-R OCCUPANCY AND TYPE 5A CONSTRUCTION.  NO CHANGE TO OCCUPANCY OR EGRESS.  2019 CHICAGO REHAB CODE.  STRUCTURAL PEER REVIEW.",,,,,,,,,,TRUE,TRUE,FALSE,FALSE,1_multifamily_threshold,construction_year_parcel_polygon,2,0,0,0/1896,3,3,3498,1643.7499997551786,city_building_276924 address=2341 2341 W SHAKESPEARE AVE; year=1896; units=3; building_sqft=3498; overlap=1 || city_building_277559 address=0 0; year=0; units=0; building_sqft=0; overlap=1,0,0,,,,2341 W SHAKESPEARE AVE,1,2341 W SHAKESPEARE AVE,FALSE,FALSE,FALSE,FALSE,FALSE,FALSE,FALSE,FALSE,FALSE,FALSE,manual_review_required,,,3_main_sample_multifamily_threshold,episode_035,high_confidence_reproduction,TRUE,residential_multicard_14311240470000,residential_14311240480000/residential_14311240490000,2,4555,2,4555,4823,1,1,2,2,4555,4823,residential_14311240480000/residential_14311240490000,noncondo_14311240490000 [2341 W SHAKESPEARE AVE] year=2021 units=1 sqft=2260 land=2410 project=residential_14311240490000 || noncondo_14311240480000 [2339 W SHAKESPEARE AVE] year=2022 units=1 sqft=2295 land=2413 project=residential_14311240480000,,,,,,,successor_episode_exact_reproduction,2,4555,FALSE,retain,2,4555,completed_successor_episode,high,cards=2; card_units=2; successor_units=2; successor_building_sqft=4555; successor_projects=residential_14311240480000/residential_14311240490000,,,,,,retain,2,4555,completed_successor_episode,high,cards=2; card_units=2; successor_units=2; successor_building_sqft=4555; successor_projects=residential_14311240480000/residential_14311240490000,,,,,2021,existing_adjudicated_year,,,,,,,
residential_multicard_16152150390000,2006,TRUE,TRUE,423.5766301655922,24_28,4,4635,6050,0.7661157024793388,28.8,16152150390000,residential_multicard_16152150390000,16152150390000,residential_16152150390000,residential_multicard_16152150390000,2,1/2,211,1,TRUE,8,9270,4,4635,TRUE,TRUE,2007,2009,2,2,3,0,0,0,0,0,,,,,,,0,0,,,,,,,,,,,,,,,,TRUE,FALSE,FALSE,FALSE,2_main_sample_outcome,construction_year_parcel_polygon,2,2,0,2007,3,6,7680,3128.365122740899,city_building_892335 address=4018 4018 W JACKSON BLVD; year=2007; units=3; building_sqft=3840; overlap=1 || city_building_892334 address=4016 4016 W JACKSON BLVD; year=2007; units=3; building_sqft=3840; overlap=1,2,2,2007,3128.3652244629775,cook_2008_614606 address=4018 4018 W JACKSON BLVD; year=2007; overlap=1 || cook_2008_86700 address=4016 4016 W JACKSON BLVD; year=2007; overlap=1,4016 W JACKSON BLVD,1,4016 W JACKSON BLVD,FALSE,FALSE,FALSE,FALSE,TRUE,TRUE,FALSE,FALSE,TRUE,FALSE,candidate_sum_supported,8,9270,4_main_sample_outcome,episode_045,high_confidence_reproduction,TRUE,residential_multicard_16152150390000,residential_16152150470000/residential_16152150480000,8,9270,8,9272,5922,1,1.0002157497303128,2,8,9272,5922,residential_16152150470000/residential_16152150480000,noncondo_16152150480000 [4016 W JACKSON BLVD] year=2006 units=4 sqft=4636 land=2961 project=residential_16152150480000 || noncondo_16152150470000 [4018 W JACKSON BLVD] year=2006 units=4 sqft=4636 land=2961 project=residential_16152150470000,,,,,,,successor_episode_exact_reproduction,8,9272,FALSE,retain,8,9272,completed_successor_episode,high,cards=2; card_units=8; successor_units=8; successor_building_sqft=9272; successor_projects=residential_16152150470000/residential_16152150480000,,,,,,retain,8,9272,completed_successor_episode,high,cards=2; card_units=8; successor_units=8; successor_building_sqft=9272; successor_projects=residential_16152150470000/residential_16152150480000,,,,,2006,existing_adjudicated_year,,,,,,,
residential_multicard_16152210210000,2006,TRUE,TRUE,95.85618582897972,24_28,4,4635,6250,0.7416,27.8784,16152210210000,residential_multicard_16152210210000,16152210210000,residential_16152210210000,residential_multicard_16152210210000,2,1/2,211,1,TRUE,8,9270,4,4635,TRUE,TRUE,2007,2009,2,2,3,0,0,0,0,0,,,,,,,0,0,,,,,,,,,,,,,,,,TRUE,FALSE,FALSE,FALSE,2_main_sample_outcome,construction_year_parcel_polygon,1,1,0,2007,,,,2772.0606604956265,city_building_887432 address=4201 4203 W GLADYS AVE; year=2007; units=0; building_sqft=0; overlap=1,1,1,2007,2772.046564809978,cook_2008_820430 address=4201 4203 W GLADYS AVE; year=2007; overlap=1,4201 W GLADYS AVE,1,4201 W GLADYS AVE,FALSE,FALSE,FALSE,FALSE,FALSE,FALSE,FALSE,FALSE,FALSE,FALSE,manual_review_required,,,4_main_sample_outcome,episode_046,high_confidence_reproduction,TRUE,residential_multicard_16152210210000,residential_16152210420000/residential_16152210430000,8,9270,8,9272,6222,1,1.0002157497303128,2,8,9272,6222,residential_16152210420000/residential_16152210430000,noncondo_16152210420000 [4201 W GLADYS AVE] year=2006 units=4 sqft=4636 land=3188 project=residential_16152210420000 || noncondo_16152210430000 [4203 W GLADYS AVE] year=2006 units=4 sqft=4636 land=3034 project=residential_16152210430000,,,,,,,successor_episode_exact_reproduction,8,9272,FALSE,retain,8,9272,completed_successor_episode,high,cards=2; card_units=8; successor_units=8; successor_building_sqft=9272; successor_projects=residential_16152210420000/residential_16152210430000,,,,,,retain,8,9272,completed_successor_episode,high,cards=2; card_units=8; successor_units=8; successor_building_sqft=9272; successor_projects=residential_16152210420000/residential_16152210430000,,,,,2006,existing_adjudicated_year,,,,,,,
residential_multicard_17072080330000,2013,TRUE,TRUE,334.5716229357164,1_26,1,2138,5856,0.3650956284153005,7.438524590163935,17072080330000,residential_multicard_17072080330000,17072080330000,residential_17072080330000,residential_multicard_17072080330000,2,1/2,278,1,TRUE,2,4276,1,2138,TRUE,TRUE,1999,2014,2,2,1,1,1,2,2,0,2,2,1932 W ERIE ST / 1930 W ERIE ST,1932 W ERIE ST / 1930 W ERIE ST / NA,,,0,0,FALSE,FALSE,,,permit_chain_100510052 [exact PIN] [2013-11-29] 1932 W ERIE ST / 1930 W ERIE ST units=missing description=SELF CERTIFICATION PROGRAM- ERECT NEW 2 STORY SINGLE FAMILY RESIDENCE WITH BASEMENT AND NEW FRAME GARAGE || permit_chain_100510055 [exact PIN] [2013-11-26] 1932 W ERIE ST / 1930 W ERIE ST units=missing description=ERECT NEW CONSTRUCTION SINGLE FAMILY RESIDENCE WITH BASEMENT AND NEW FRAME GARAGE PER PLANS   **SELF CERT CONDITIONAL PERMIT: SUBJECT TO FIELD INSPECTIONS **,permit_chain_100510052 [2013-11-29] 1932 W ERIE ST / 1930 W ERIE ST units=missing description=SELF CERTIFICATION PROGRAM- ERECT NEW 2 STORY SINGLE FAMILY RESIDENCE WITH BASEMENT AND NEW FRAME GARAGE || permit_chain_100510055 [2013-11-26] NA units=missing description=ERECT NEW CONSTRUCTION SINGLE FAMILY RESIDENCE WITH BASEMENT AND NEW FRAME GARAGE PER PLANS   **SELF CERT CONDITIONAL PERMIT: SUBJECT TO FIELD INSPECTIONS **,,,,,,,,,,TRUE,TRUE,FALSE,FALSE,1_multifamily_threshold,construction_year_parcel_polygon,2,0,0,0/1889,3,3,2292,1890.125000197033,city_building_344607 address=1932 1932 W ERIE ST; year=1889; units=3; building_sqft=2292; overlap=1 || city_building_344411 address=0 0; year=0; units=0; building_sqft=0; overlap=1,0,0,,,,1932 W ERIE ST,1,1932 W ERIE ST,FALSE,FALSE,TRUE,FALSE,FALSE,FALSE,TRUE,FALSE,TRUE,FALSE,candidate_sum_supported,2,4276,3_main_sample_multifamily_threshold,episode_053,high_confidence_reproduction,TRUE,residential_multicard_17072080330000,residential_17072080550000/residential_17072080560000,2,4276,2,4276,5985,1,1,2,2,4276,5985,residential_17072080550000/residential_17072080560000,noncondo_17072080560000 [1930 W ERIE ST] year=2013 units=1 sqft=2138 land=2992 project=residential_17072080560000 || noncondo_17072080550000 [1932 W ERIE ST] year=2013 units=1 sqft=2138 land=2993 project=residential_17072080550000,,,,,,,successor_episode_exact_reproduction,2,4276,FALSE,retain,2,4276,completed_successor_episode,high,cards=2; card_units=2; successor_units=2; successor_building_sqft=4276; successor_projects=residential_17072080550000/residential_17072080560000,,,,,,retain,2,4276,completed_successor_episode,high,cards=2; card_units=2; successor_units=2; successor_building_sqft=4276; successor_projects=residential_17072080550000/residential_17072080560000,,,,,2013,existing_adjudicated_year,,,,,,,
residential_multicard_17223090410000,2015,TRUE,TRUE,299.27259151546144,3_4,1,4400,12521,0.35140963181854484,3.478955355003594,17223090410000,residential_multicard_17223090410000,17223090410000,residential_17223090410000,residential_multicard_17223090410000,7,1/2/3/4/5/6/7,295,2,FALSE,7,25752,1,3138/4400,TRUE,TRUE,2016,2017,7,7,2,0,0,0,0,0,,,,,,,0,0,,,,,,,,,,,,,,,,TRUE,TRUE,FALSE,FALSE,1_multifamily_threshold,construction_year_parcel_polygon,0,0,,,,,,,,0,0,,,,1900 S CALUMET AVE,1,1900 S CALUMET AVE,FALSE,FALSE,FALSE,FALSE,FALSE,FALSE,FALSE,FALSE,FALSE,FALSE,manual_review_required,,,3_main_sample_multifamily_threshold,episode_060,high_confidence_reproduction,TRUE,residential_multicard_17223090410000,residential_17223091230000/residential_17223091240000/residential_17223091250000/residential_17223091260000/residential_17223091270000/residential_17223091280000/residential_17223091290000,7,25752,7,25752,10275,1,1,7,7,25752,10275,residential_17223091230000/residential_17223091240000/residential_17223091250000/residential_17223091260000/residential_17223091270000/residential_17223091280000/residential_17223091290000,noncondo_17223091230000 [1834 S CALUMET AVE] year=2014 units=1 sqft=3138 land=1220 project=residential_17223091230000 || noncondo_17223091240000 [1834 S CALUMET AVE] year=2014 units=1 sqft=3138 land=1090 project=residential_17223091240000 || noncondo_17223091250000 [1834 S CALUMET AVE] year=2014 units=1 sqft=3138 land=1090 project=residential_17223091250000 || noncondo_17223091260000 [1834 S CALUMET AVE] year=2014 units=1 sqft=3138 land=1148 project=residential_17223091260000 || noncondo_17223091270000 [1836 S CALUMET AVE] year=2014 units=1 sqft=4400 land=2025 project=residential_17223091270000 || noncondo_17223091280000 [1838 S CALUMET AVE] year=2014 units=1 sqft=4400 land=1805 project=residential_17223091280000 || noncondo_17223091290000 [1840 S CALUMET AVE] year=2014 units=1 sqft=4400 land=1897 project=residential_17223091290000,,,,,,,successor_episode_exact_reproduction,7,25752,FALSE,retain,7,25752,completed_successor_episode,high,cards=7; card_units=7; successor_units=7; successor_building_sqft=25752; successor_projects=residential_17223091230000/residential_17223091240000/residential_17223091250000/residential_17223091260000/residential_17223091270000/residential_17223091280000/residential_17223091290000,,,,,,retain,7,25752,completed_successor_episode,high,cards=7; card_units=7; successor_units=7; successor_building_sqft=25752; successor_projects=residential_17223091230000/residential_17223091240000/residential_17223091250000/residential_17223091260000/residential_17223091270000/residential_17223091280000/residential_17223091290000,,,,,2015,existing_adjudicated_year,,,,,,,
residential_multicard_17271090010000,2006,TRUE,TRUE,353.4982276351457,2_3,1,2052,18381,0.11163701648441324,2.36983842010772,17271090010000,residential_multicard_17271090010000,17271090010000,residential_17271090010000,residential_multicard_17271090010000,19,1/2/3/4/5/6/7/8/9/10/11/12/13/14/15/16/17/18/19,295,8,FALSE,19,29681,1,1401/1504/1510/1615/1678/1690/1730/2052,TRUE,TRUE,2007,2007,19,19,1,0,0,0,0,0,,,,,,,0,0,,,,,,,,,,,,,,,,TRUE,TRUE,FALSE,FALSE,1_multifamily_threshold,construction_year_parcel_polygon,0,0,,,,,,,,0,0,,,,2301 S WABASH AVE,1,2301 S WABASH AVE,FALSE,FALSE,FALSE,FALSE,FALSE,FALSE,FALSE,FALSE,FALSE,FALSE,manual_review_required,,,3_main_sample_multifamily_threshold,episode_063,high_confidence_reproduction,TRUE,residential_multicard_17271090010000,residential_17271090660000/residential_17271090730000/residential_17271090740000/residential_17271090750000/residential_17271090760000/residential_17271090770000/residential_17271090780000/residential_17271090790000/residential_17271090800000/residential_17271090810000/residential_17271090820000/residential_17271090830000/residential_17271090840000/residential_17271090850000/residential_17271090860000/residential_17271090870000/residential_17271090880000/residential_17271090890000/residential_17271090900000,19,29681,19,29675,17880,1,0.999797850476736,19,19,29675,17880,residential_17271090660000/residential_17271090730000/residential_17271090740000/residential_17271090750000/residential_17271090760000/residential_17271090770000/residential_17271090780000/residential_17271090790000/residential_17271090800000/residential_17271090810000/residential_17271090820000/residential_17271090830000/residential_17271090840000/residential_17271090850000/residential_17271090860000/residential_17271090870000/residential_17271090880000/residential_17271090890000/residential_17271090900000,noncondo_17271090660000 [2301 S WABASH AVE] year=2007 units=1 sqft=1678 land=998 project=residential_17271090660000 || noncondo_17271090750000 [2303 S WABASH AVE] year=2007 units=1 sqft=1401 land=885 project=residential_17271090750000 || noncondo_17271090740000 [2305 S WABASH AVE] year=2007 units=1 sqft=1401 land=806 project=residential_17271090740000 || noncondo_17271090730000 [2307 S WABASH AVE] year=2007 units=1 sqft=1730 land=982 project=residential_17271090730000 || noncondo_17271090800000 [2321 S WABASH AVE 10] year=2007 units=1 sqft=1510 land=872 project=residential_17271090800000 || noncondo_17271090820000 [2321 S WABASH AVE 12] year=2007 units=1 sqft=1504 land=1181 project=residential_17271090820000 || noncondo_17271090760000 [2321 S WABASH AVE 6] year=2007 units=1 sqft=1615 land=1097 project=residential_17271090760000 || noncondo_17271090780000 [2321 S WABASH AVE 8] year=2007 units=1 sqft=1510 land=874 project=residential_17271090780000 || noncondo_17271090770000 [2322 S WABASH AVE 7] year=2007 units=1 sqft=1510 land=874 project=residential_17271090770000 || noncondo_17271090790000 [2324 S WABASH AVE 9] year=2007 units=1 sqft=1510 land=874 project=residential_17271090790000 || noncondo_17271090810000 [2326 S WABASH AVE 11] year=2007 units=1 sqft=1504 land=876 project=residential_17271090810000 || noncondo_17271090900000 [45 E 23RD ST] year=2007 units=1 sqft=2052 land=1393 project=residential_17271090900000 || noncondo_17271090890000 [47 E 23RD ST] year=2007 units=1 sqft=1690 land=968 project=residential_17271090890000 || noncondo_17271090880000 [49 E 23RD ST] year=2007 units=1 sqft=1510 land=835 project=residential_17271090880000 || noncondo_17271090870000 [51 E 23RD ST] year=2007 units=1 sqft=1510 land=836 project=residential_17271090870000 || noncondo_17271090860000 [53 E 23RD ST] year=2007 units=1 sqft=1510 land=834 project=residential_17271090860000 || noncondo_17271090850000 [55 E 23RD ST] year=2007 units=1 sqft=1510 land=835 project=residential_17271090850000 || noncondo_17271090840000 [57 E 23RD ST] year=2007 units=1 sqft=1510 land=834 project=residential_17271090840000 || noncondo_17271090830000 [59 E 23RD ST] year=2007 units=1 sqft=1510 land=1026 project=residential_17271090830000,,,,,,,successor_episode_exact_reproduction,19,29675,FALSE,retain,19,29675,completed_successor_episode,high,cards=19; card_units=19; successor_units=19; successor_building_sqft=29675; successor_projects=residential_17271090660000/residential_17271090730000/residential_17271090740000/residential_17271090750000/residential_17271090760000/residential_17271090770000/residential_17271090780000/residential_17271090790000/residential_17271090800000/residential_17271090810000/residential_17271090820000/residential_17271090830000/residential_17271090840000/residential_17271090850000/residential_17271090860000/residential_17271090870000/residential_17271090880000/residential_17271090890000/residential_17271090900000,,,,,,retain,19,29675,completed_successor_episode,high,cards=19; card_units=19; successor_units=19; successor_building_sqft=29675; successor_projects=residential_17271090660000/residential_17271090730000/residential_17271090740000/residential_17271090750000/residential_17271090760000/residential_17271090770000/residential_17271090780000/residential_17271090790000/residential_17271090800000/residential_17271090810000/residential_17271090820000/residential_17271090830000/residential_17271090840000/residential_17271090850000/residential_17271090860000/residential_17271090870000/residential_17271090880000/residential_17271090890000/residential_17271090900000,,,,,2006,existing_adjudicated_year,,,,,,,
residential_multicard_17311230010000,2014,TRUE,TRUE,139.98964323870422,11_12,1,1771,19525,0.09070422535211269,2.230985915492958,17311230010000,residential_multicard_17311230010000,17311230010000,residential_17311230010000,residential_multicard_17311230010000,9,1/2/3/4/5/6/7/8/9,295,3,FALSE,9,15772,1,1742/1755/1771,TRUE,TRUE,2015,2015,9,9,1,0,0,1,1,0,1,1,3407 S HOYNE AVE,3407 S HOYNE AVE,,,0,0,FALSE,FALSE,,,"permit_chain_100502698 [exact PIN] [2013-09-06] 3407 S HOYNE AVE units=missing description=ERECT 2-STORY ATTACHED MASONRY TOWNHOMES SPLIT LEVEL WITH ATTACHED GARAGES PER PLANS (BUILDING ""A"" 3 UNITS 3407, 3409, 3411  S. HOYNE) THE OHTER 6 UNITS ARE UNDER PERMIT NO. 100506602","permit_chain_100502698 [2013-09-06] 3407 S HOYNE AVE units=missing description=ERECT 2-STORY ATTACHED MASONRY TOWNHOMES SPLIT LEVEL WITH ATTACHED GARAGES PER PLANS (BUILDING ""A"" 3 UNITS 3407, 3409, 3411  S. HOYNE) THE OHTER 6 UNITS ARE UNDER PERMIT NO. 100506602",,,,,,,,,,TRUE,TRUE,FALSE,FALSE,1_multifamily_threshold,construction_year_parcel_polygon,2,0,0,0/1899,,,7500,7950.124999743828,city_building_416662 address=3401 3401 S HOYNE AVE; year=1899; units=0; building_sqft=7500; overlap=0.976 || city_building_416808 address=0 0; year=0; units=0; building_sqft=0; overlap=1,0,0,,,,3401 S HOYNE AVE,1,3401 S HOYNE AVE,FALSE,FALSE,FALSE,FALSE,FALSE,FALSE,FALSE,FALSE,FALSE,FALSE,manual_review_required,,,3_main_sample_multifamily_threshold,episode_068,high_confidence_reproduction,TRUE,residential_multicard_17311230010000,residential_17311230650000/residential_17311230660000/residential_17311230670000/residential_17311230680000/residential_17311230690000/residential_17311230700000/residential_17311230710000/residential_17311230720000/residential_17311230730000,9,15772,9,15772,10725,1,1,9,9,15772,10725,residential_17311230650000/residential_17311230660000/residential_17311230670000/residential_17311230680000/residential_17311230690000/residential_17311230700000/residential_17311230710000/residential_17311230720000/residential_17311230730000,noncondo_17311230700000 [2047 W 34TH ST] year=2014 units=1 sqft=1755 land=1173 project=residential_17311230700000 || noncondo_17311230690000 [2049 W 34TH ST] year=2014 units=1 sqft=1755 land=1158 project=residential_17311230690000 || noncondo_17311230680000 [2053 W 34TH ST] year=2014 units=1 sqft=1742 land=1130 project=residential_17311230680000 || noncondo_17311230670000 [2055 W 34TH ST] year=2014 units=1 sqft=1755 land=1131 project=residential_17311230670000 || noncondo_17311230660000 [2059 W 34TH ST] year=2014 units=1 sqft=1742 land=1101 project=residential_17311230660000 || noncondo_17311230650000 [2061 W 34TH ST] year=2014 units=1 sqft=1755 land=1537 project=residential_17311230650000 || noncondo_17311230710000 [3407 S HOYNE AVE] year=2014 units=1 sqft=1755 land=1170 project=residential_17311230710000 || noncondo_17311230720000 [3409 S HOYNE AVE] year=2014 units=1 sqft=1742 land=1124 project=residential_17311230720000 || noncondo_17311230730000 [3411 S HOYNE AVE] year=2014 units=1 sqft=1771 land=1201 project=residential_17311230730000,,,,,,,successor_episode_exact_reproduction,9,15772,FALSE,retain,9,15772,completed_successor_episode,high,cards=9; card_units=9; successor_units=9; successor_building_sqft=15772; successor_projects=residential_17311230650000/residential_17311230660000/residential_17311230670000/residential_17311230680000/residential_17311230690000/residential_17311230700000/residential_17311230710000/residential_17311230720000/residential_17311230730000,,,,,,retain,9,15772,completed_successor_episode,high,cards=9; card_units=9; successor_units=9; successor_building_sqft=15772; successor_projects=residential_17311230650000/residential_17311230660000/residential_17311230670000/residential_17311230680000/residential_17311230690000/residential_17311230700000/residential_17311230710000/residential_17311230720000/residential_17311230730000,,,,,2014,existing_adjudicated_year,,,,,,,
residential_multicard_17312170200000,2017,TRUE,TRUE,298.37115637587686,12_25,1,2780,11900,0.2336134453781513,3.660504201680672,17312170200000,residential_multicard_17312170200000,17312170200000,residential_17312170200000,residential_multicard_17312170200000,4,1/2/3/4,278,1,TRUE,4,11120,1,2780,TRUE,TRUE,2000,2018,4,4,2,1,2,4,4,0,4,4,1820 W 33RD PL / 1816 W 33RD PL / 1814 W 33RD PL / 1830 W 33RD PL,1820 W 33RD PL / 1816 W 33RD PL / 1814 W 33RD PL / 1830 W 33RD PL / NA,,,0,0,FALSE,FALSE,,,permit_chain_100661551 [exact PIN] [2017-06-19] 1820 W 33RD PL / 1816 W 33RD PL / 1814 W 33RD PL / 1830 W 33RD PL units=missing description=ERECT A THREE STORY IIIB MASONRY SINGLE FAMILY RESIDENCE WITH ATTACHED 2 CAR GARAGE PER PLANS || permit_chain_100662079 [exact PIN] [2017-06-16] 1820 W 33RD PL / 1816 W 33RD PL / 1814 W 33RD PL / 1830 W 33RD PL units=missing description=ERECT A THREE STORY IIIB MASONRY SINGLE FAMILY  RESIDENCE WITH ATTACHED 2 CAR GARAGE  PER PLANS || permit_chain_100662080 [exact PIN] [2017-06-13] 1820 W 33RD PL / 1816 W 33RD PL / 1814 W 33RD PL / 1830 W 33RD PL units=missing description=ERECT THREE STORY FULLY SPRINKLED  IIIB  MASONRY  SINGLE FAMILY RESIDENCE WITH ATTACHED CAR GARAGE PER PLANS. || permit_chain_100662081 [exact PIN] [2017-07-18] 1820 W 33RD PL / 1816 W 33RD PL / 1814 W 33RD PL / 1830 W 33RD PL units=missing description=ERECT A THREE STORY IIIB MASONRY SINGLE FAMILY RESIDENCE WITH ATTACHED 2 CAR GARAGE PER PLANS,permit_chain_100661551 [2017-06-19] 1820 W 33RD PL / 1816 W 33RD PL / 1814 W 33RD PL / 1830 W 33RD PL units=missing description=ERECT A THREE STORY IIIB MASONRY SINGLE FAMILY RESIDENCE WITH ATTACHED 2 CAR GARAGE PER PLANS || permit_chain_100662079 [2017-06-16] NA units=missing description=ERECT A THREE STORY IIIB MASONRY SINGLE FAMILY  RESIDENCE WITH ATTACHED 2 CAR GARAGE  PER PLANS || permit_chain_100662080 [2017-06-13] NA units=missing description=ERECT THREE STORY FULLY SPRINKLED  IIIB  MASONRY  SINGLE FAMILY RESIDENCE WITH ATTACHED CAR GARAGE PER PLANS. || permit_chain_100662081 [2017-07-18] NA units=missing description=ERECT A THREE STORY IIIB MASONRY SINGLE FAMILY RESIDENCE WITH ATTACHED 2 CAR GARAGE PER PLANS,,,,,,,,,,TRUE,TRUE,FALSE,FALSE,1_multifamily_threshold,construction_year_parcel_polygon,1,0,0,1924,1,1,2500,2222.24999979767,city_building_415106 address=1814 1814 W 33RD PL; year=1924; units=1; building_sqft=2500; overlap=1,0,0,,,,1814 W 33RD PL,1,1814 W 33RD PL,TRUE,FALSE,FALSE,FALSE,FALSE,FALSE,TRUE,TRUE,TRUE,TRUE,manual_review_required,,,2_main_sample_conflicting_evidence,episode_069,high_confidence_reproduction,TRUE,residential_multicard_17312170200000,residential_17312170280000/residential_17312170290000/residential_17312170300000/residential_17312170310000,4,11120,4,11120,11951,1,1,4,4,11120,11951,residential_17312170280000/residential_17312170290000/residential_17312170300000/residential_17312170310000,noncondo_17312170310000 [1814 W 33RD PL] year=2018 units=1 sqft=2780 land=3148 project=residential_17312170310000 || noncondo_17312170300000 [1816 W 33RD PL] year=2018 units=1 sqft=2780 land=3151 project=residential_17312170300000 || noncondo_17312170290000 [1820 W 33RD PL] year=2018 units=1 sqft=2780 land=3056 project=residential_17312170290000 || noncondo_17312170280000 [1822 W 33RD PL] year=2018 units=1 sqft=2780 land=2596 project=residential_17312170280000,,,,,,,successor_episode_exact_reproduction,4,11120,FALSE,retain,4,11120,completed_successor_episode,high,cards=4; card_units=4; successor_units=4; successor_building_sqft=11120; successor_projects=residential_17312170280000/residential_17312170290000/residential_17312170300000/residential_17312170310000,,,,,,retain,4,11120,completed_successor_episode,high,cards=4; card_units=4; successor_units=4; successor_building_sqft=11120; successor_projects=residential_17312170280000/residential_17312170290000/residential_17312170300000/residential_17312170310000,,,,,2017,existing_adjudicated_year,,,,,,,
residential_multicard_20084270400000,2006,TRUE,TRUE,257.7207865804133,16_20,1,1352,16034,0.08432081826119496,2.716726955220157,20084270400000,residential_multicard_20084270400000,20084270400000,residential_20084270400000,residential_multicard_20084270400000,4,1/2/3/4,207,1,TRUE,4,5408,1,1352,TRUE,TRUE,2007,2007,4,4,1,0,0,0,0,0,,,,,,,0,0,,,,,,,,,,,,,,,,TRUE,TRUE,FALSE,FALSE,1_multifamily_threshold,construction_year_parcel_polygon,5,0,0,2009,1,4,,3883.764128946874,city_building_890449 address=939 939 W 54TH ST; year=2009; units=1; building_sqft=0; overlap=1 || city_building_890450 address=941 941 W 54TH ST; year=2009; units=1; building_sqft=0; overlap=1 || city_building_890447 address=931 931 W 54TH ST; year=2009; units=1; building_sqft=0; overlap=1 || city_building_890448 address=935 935 W 54TH ST; year=2009; units=1; building_sqft=0; overlap=1 || city_building_890451 address=0 0; year=2009; units=0; building_sqft=0; overlap=1,0,0,,,,5428 S MORGAN ST,1,5428 S MORGAN ST,FALSE,TRUE,FALSE,FALSE,FALSE,FALSE,FALSE,FALSE,TRUE,FALSE,candidate_sum_supported,4,5408,3_main_sample_multifamily_threshold,episode_089,high_confidence_reproduction,TRUE,residential_multicard_20084270400000,residential_20084270560000/residential_20084270570000/residential_20084270580000/residential_20084270590000,4,5408,4,5412,16035,1,1.0007396449704142,4,4,5412,16035,residential_20084270560000/residential_20084270570000/residential_20084270580000/residential_20084270590000,noncondo_20084270590000 [931 W 54TH ST] year=2007 units=1 sqft=1353 land=4014 project=residential_20084270590000 || noncondo_20084270580000 [935 W 54TH ST] year=2007 units=1 sqft=1353 land=4008 project=residential_20084270580000 || noncondo_20084270570000 [939 W 54TH ST] year=2007 units=1 sqft=1353 land=4007 project=residential_20084270570000 || noncondo_20084270560000 [941 W 54TH ST] year=2007 units=1 sqft=1353 land=4006 project=residential_20084270560000,,,,,,,successor_episode_exact_reproduction,4,5412,FALSE,retain,4,5412,completed_successor_episode,high,cards=4; card_units=4; successor_units=4; successor_building_sqft=5412; successor_projects=residential_20084270560000/residential_20084270570000/residential_20084270580000/residential_20084270590000,,,,,,retain,4,5412,completed_successor_episode,high,cards=4; card_units=4; successor_units=4; successor_building_sqft=5412; successor_projects=residential_20084270560000/residential_20084270570000/residential_20084270580000/residential_20084270590000,,,,,2006,existing_adjudicated_year,,,,,,,
residential_multicard_20222220450000,2021,TRUE,TRUE,440.68161966910753,5_20,2,2795,8337,0.33525248890488185,10.449802087081684,20222220450000,residential_multicard_20222220450000,20222220450000,residential_20222220450000,residential_multicard_20222220450000,3,1/2/3,211,2,FALSE,6,8358,2,2768/2795,TRUE,TRUE,2021,2021,3,3,1,0,0,3,3,0,3,3,6552 S EVANS AVE / 6554 S EVANS AVE / 6556 S EVANS AVE,6552 S EVANS AVE / 6554 S EVANS AVE / 6556 S EVANS AVE / NA,2,2,3,3,TRUE,TRUE,6,6,"permit_chain_100869681 [exact PIN] [2020-04-16] 6552 S EVANS AVE / 6554 S EVANS AVE / 6556 S EVANS AVE units=2 description=PROPOSED 2 STORY FRAME 2 D.U. RESIDENTIAL BUILDING WITH BASEMENT, FRONT PORCH, REAR DECK AND 2 CAR FRAME DETACHED GARAGE AS PER PLANS. || permit_chain_100869682 [exact PIN] [2020-04-17] 6552 S EVANS AVE / 6554 S EVANS AVE / 6556 S EVANS AVE units=2 description=PROPOSED 2 STORY FRAME 2 D.U. RESIDENTIAL BUILDING WITH BASEMENT, FRONT PORCH, REAR DECK AND 2 CAR FRAME DETACHED GARAGE AS PER PLANS. || permit_chain_100869683 [exact PIN] [2020-04-17] 6552 S EVANS AVE / 6554 S EVANS AVE / 6556 S EVANS AVE units=2 description=PROPOSED 2 STORY FRAME 2 D.U. RESIDENTIAL BUILDING WITH BASEMENT, FRONT PORCH, REAR DECK AND 2 CAR FRAME DETACHED GARAGE AS PER PLANS.","permit_chain_100869681 [2020-04-16] 6552 S EVANS AVE / 6554 S EVANS AVE / 6556 S EVANS AVE units=2 description=PROPOSED 2 STORY FRAME 2 D.U. RESIDENTIAL BUILDING WITH BASEMENT, FRONT PORCH, REAR DECK AND 2 CAR FRAME DETACHED GARAGE AS PER PLANS. || permit_chain_100869682 [2020-04-17] NA units=2 description=PROPOSED 2 STORY FRAME 2 D.U. RESIDENTIAL BUILDING WITH BASEMENT, FRONT PORCH, REAR DECK AND 2 CAR FRAME DETACHED GARAGE AS PER PLANS. || permit_chain_100869683 [2020-04-17] NA units=2 description=PROPOSED 2 STORY FRAME 2 D.U. RESIDENTIAL BUILDING WITH BASEMENT, FRONT PORCH, REAR DECK AND 2 CAR FRAME DETACHED GARAGE AS PER PLANS.",,,,,,,,,,TRUE,FALSE,FALSE,TRUE,2_main_sample_outcome,construction_year_parcel_polygon,0,0,,,,,,,,0,0,,,,6552 S EVANS AVE,1,6552 S EVANS AVE,FALSE,FALSE,FALSE,FALSE,FALSE,FALSE,TRUE,FALSE,TRUE,FALSE,candidate_sum_supported,6,8358,4_main_sample_outcome,episode_094,high_confidence_reproduction,TRUE,residential_multicard_20222220450000,residential_20222220550000/residential_20222220560000/residential_20222220570000,6,8358,6,8298,8434,1,0.992821249102656,3,6,8298,8434,residential_20222220550000/residential_20222220560000/residential_20222220570000,noncondo_20222220550000 [6552 S EVANS AVE] year=2021 units=2 sqft=2795 land=2828 project=residential_20222220550000 || noncondo_20222220560000 [6554 S EVANS AVE] year=2021 units=2 sqft=2768 land=2826 project=residential_20222220560000 || noncondo_20222220570000 [6556 S EVANS AVE] year=2021 units=2 sqft=2735 land=2780 project=residential_20222220570000,,,,,,,successor_episode_exact_reproduction,6,8298,FALSE,retain,6,8298,completed_successor_episode,high,cards=3; card_units=6; successor_units=6; successor_building_sqft=8298; successor_projects=residential_20222220550000/residential_20222220560000/residential_20222220570000,,,,,,retain,6,8298,completed_successor_episode,high,cards=3; card_units=6; successor_units=6; successor_building_sqft=8298; successor_projects=residential_20222220550000/residential_20222220560000/residential_20222220570000,,,,,2021,existing_adjudicated_year,,,,,,,
residential_multicard_20231170240000,2021,TRUE,TRUE,55.58659574902836,5_20,1,2334,6098,0.3827484421121679,7.143325680551,20231170240000,residential_multicard_20231170240000,20231170240000,residential_20231170240000,residential_multicard_20231170240000,2,1/2,278,1,TRUE,2,4668,1,2334,TRUE,TRUE,2021,2021,2,2,1,0,0,2,2,0,2,2,6500 S UNIVERSITY AVE / 6502 S UNIVERSITY AVE,6500 S UNIVERSITY AVE / 6502 S UNIVERSITY AVE / NA,,,0,0,FALSE,FALSE,,,"permit_chain_100869116 [exact PIN] [2020-04-27] 6500 S UNIVERSITY AVE / 6502 S UNIVERSITY AVE units=missing description=PROPOSED 2-STORY, SINGLE-FAMILY FRAME RESIDENCE W/BASEMENT, REAR CONCRETE PATIO, 2-CAR PRIVATE FRAME GARAGE, PER PLAN. || permit_chain_100869119 [exact PIN] [2020-05-01] 6500 S UNIVERSITY AVE / 6502 S UNIVERSITY AVE units=missing description=PROPOSED 2 STORY SFR W/BASEMENT, REAR CONCRETE PATIO, AND 1 SPACE PARKING PAD, PER PLANS.","permit_chain_100869116 [2020-04-27] 6500 S UNIVERSITY AVE / 6502 S UNIVERSITY AVE units=missing description=PROPOSED 2-STORY, SINGLE-FAMILY FRAME RESIDENCE W/BASEMENT, REAR CONCRETE PATIO, 2-CAR PRIVATE FRAME GARAGE, PER PLAN. || permit_chain_100869119 [2020-05-01] NA units=missing description=PROPOSED 2 STORY SFR W/BASEMENT, REAR CONCRETE PATIO, AND 1 SPACE PARKING PAD, PER PLANS.",,,,,,,,,,TRUE,TRUE,FALSE,FALSE,1_multifamily_threshold,construction_year_parcel_polygon,1,0,0,1913,,,5400,5917.750000501284,city_building_539910 address=1047 1061 E 65TH ST; year=1913; units=0; building_sqft=5400; overlap=0.99,0,0,,,,6500 S UNIVERSITY AVE,1,6500 S UNIVERSITY AVE,FALSE,FALSE,FALSE,FALSE,FALSE,FALSE,TRUE,FALSE,TRUE,FALSE,candidate_sum_supported,2,4668,3_main_sample_multifamily_threshold,episode_095,high_confidence_reproduction,TRUE,residential_multicard_20231170240000,residential_20231170440000/residential_20231170450000,2,4668,2,4668,6106,1,1,2,2,4668,6106,residential_20231170440000/residential_20231170450000,noncondo_20231170440000 [6500 S UNIVERSITY AVE] year=2021 units=1 sqft=2334 land=3053 project=residential_20231170440000 || noncondo_20231170450000 [6500 S UNIVERSITY AVE] year=2021 units=1 sqft=2334 land=3053 project=residential_20231170450000,,,,,,,successor_episode_exact_reproduction,2,4668,FALSE,retain,2,4668,completed_successor_episode,high,cards=2; card_units=2; successor_units=2; successor_building_sqft=4668; successor_projects=residential_20231170440000/residential_20231170450000,,,,,,retain,2,4668,completed_successor_episode,high,cards=2; card_units=2; successor_units=2; successor_building_sqft=4668; successor_projects=residential_20231170440000/residential_20231170450000,,,,,2021,existing_adjudicated_year,,,,,,,
residential_multicard_20251190270000,2008,TRUE,TRUE,239.1040717834531,5_8,3,4719,11376,0.41482067510548526,11.4873417721519,20251190270000,residential_multicard_20251190270000,20251190270000,residential_20251190270000,residential_multicard_20251190270000,3,1/2/3,211,1,TRUE,9,14157,3,4719,TRUE,TRUE,2009,2016,3,3,8,0,0,0,0,0,,,,,,,0,0,,,,,,,,,,,,,,,,TRUE,FALSE,FALSE,FALSE,2_main_sample_outcome,construction_year_parcel_polygon,4,4,0,2008,3,12,,6597.055780952796,city_building_889320 address=7250 7250 S BENNETT AVE; year=2008; units=3; building_sqft=0; overlap=1 || city_building_889321 address=7252 7252 S BENNETT AVE; year=2008; units=3; building_sqft=0; overlap=1 || city_building_889322 address=7254 7254 S BENNETT AVE; year=2008; units=3; building_sqft=0; overlap=1 || city_building_889323 address=7258 7258 S BENNETT AVE; year=2008; units=3; building_sqft=0; overlap=1,4,4,2008,6597.046085515409,cook_2008_665864 address=7250 7250 S BENNETT AVE; year=2008; overlap=1 || cook_2008_614414 address=7252 7252 S BENNETT AVE; year=2008; overlap=1 || cook_2008_820394 address=7254 7254 S BENNETT AVE; year=2008; overlap=1 || cook_2008_407531 address=7258 7258 S BENNETT AVE; year=2008; overlap=1,7252 S BENNETT AVE,1,7252 S BENNETT AVE,FALSE,FALSE,FALSE,FALSE,FALSE,FALSE,FALSE,FALSE,FALSE,FALSE,manual_review_required,,,4_main_sample_outcome,episode_096,high_confidence_reproduction,TRUE,residential_multicard_20251190270000,residential_20251190310000/residential_20251190320000/residential_20251190330000,9,14157,9,13662,11374,1,0.965034965034965,3,9,13662,11374,residential_20251190310000/residential_20251190320000/residential_20251190330000,noncondo_20251190310000 [7252 S BENNETT AVE] year=2008 units=3 sqft=4554 land=3793 project=residential_20251190310000 || noncondo_20251190320000 [7254 S BENNETT AVE] year=2008 units=3 sqft=4554 land=3788 project=residential_20251190320000 || noncondo_20251190330000 [7258 S BENNETT AVE] year=2008 units=3 sqft=4554 land=3793 project=residential_20251190330000,,,,,,,successor_episode_exact_reproduction,9,13662,FALSE,retain,9,13662,completed_successor_episode,high,cards=3; card_units=9; successor_units=9; successor_building_sqft=13662; successor_projects=residential_20251190310000/residential_20251190320000/residential_20251190330000,,,,,,retain,9,13662,completed_successor_episode,high,cards=3; card_units=9; successor_units=9; successor_building_sqft=13662; successor_projects=residential_20251190310000/residential_20251190320000/residential_20251190330000,,,,,2008,existing_adjudicated_year,,,,,,,
residential_multicard_25031150210000,2007,TRUE,TRUE,354.7373893766838,6_21,1,1988,12404,0.16027088036117382,3.5117703966462432,25031150210000,residential_multicard_25031150210000,25031150210000,residential_25031150210000,residential_multicard_25031150210000,4,1/2/3/4,207,1,TRUE,4,7952,1,1988,TRUE,TRUE,2008,2016,4,4,9,0,0,0,0,0,,,,,,,0,0,,,,,,,,,,,,,,,,TRUE,TRUE,FALSE,FALSE,1_multifamily_threshold,construction_year_parcel_polygon,5,5,0,2008/2009,1,5,,6266.235599472711,city_building_889353 address=12 12 E 90TH ST; year=2008; units=1; building_sqft=0; overlap=0.93 || city_building_889355 address=10 10 E 90TH ST; year=2008; units=1; building_sqft=0; overlap=0.924 || city_building_889352 address=14 14 E 90TH ST; year=2009; units=1; building_sqft=0; overlap=0.939 || city_building_889354 address=8 8 E 90TH ST; year=2009; units=1; building_sqft=0; overlap=0.915 || city_building_889356 address=4 4 E 90TH ST; year=2009; units=1; building_sqft=0; overlap=0.852,2,2,2008,2752.4540317468345,cook_2008_407550 address=12 12 E 90TH ST; year=2008; overlap=0.93 || cook_2008_407549 address=10 10 E 90TH ST; year=2008; overlap=0.924,8 E 90TH ST,1,8 E 90TH ST,FALSE,FALSE,FALSE,FALSE,FALSE,FALSE,FALSE,FALSE,FALSE,FALSE,manual_review_required,,,3_main_sample_multifamily_threshold,episode_099,high_confidence_reproduction,TRUE,residential_multicard_25031150210000,residential_25031150520000/residential_25031150540000/residential_25031150560000/residential_25031150580000,4,7952,4,7952,6676,1,1,4,4,7952,6676,residential_25031150520000/residential_25031150540000/residential_25031150560000/residential_25031150580000,noncondo_25031150580000 [10 E 90TH ST] year=2008 units=1 sqft=1988 land=1669 project=residential_25031150580000 || noncondo_25031150520000 [12 E 90TH ST] year=2008 units=1 sqft=1988 land=1669 project=residential_25031150520000 || noncondo_25031150560000 [14 E 90TH ST] year=2008 units=1 sqft=1988 land=1669 project=residential_25031150560000 || noncondo_25031150540000 [8 E 90TH ST] year=2008 units=1 sqft=1988 land=1669 project=residential_25031150540000,,,,,,,successor_episode_exact_reproduction,4,7952,FALSE,retain,4,7952,completed_successor_episode,high,cards=4; card_units=4; successor_units=4; successor_building_sqft=7952; successor_projects=residential_25031150520000/residential_25031150540000/residential_25031150560000/residential_25031150580000,,,,,,retain,4,7952,completed_successor_episode,high,cards=4; card_units=4; successor_units=4; successor_building_sqft=7952; successor_projects=residential_25031150520000/residential_25031150540000/residential_25031150560000/residential_25031150580000,,,,,2007,existing_adjudicated_year,,,,,,,
residential_multicard_25194030030000,2006,TRUE,TRUE,321.1472538243252,19_34,1,1772,6250,0.28352,6.9696,25194030030000,residential_multicard_25194030030000,25194030030000,residential_25194030030000,residential_multicard_25194030030000,4,1/2/3/4,295,4,FALSE,4,6995,1,1722/1742/1759/1772,TRUE,TRUE,2007,2013,4,4,7,0,0,0,0,0,,,,,,,0,0,,,,,,,,,,,,,,,,TRUE,TRUE,FALSE,FALSE,1_multifamily_threshold,construction_year_parcel_polygon,4,4,0,2007,,,,3669.1097929943353,city_building_886480 address=1825 1825 W 115TH ST; year=2007; units=0; building_sqft=0; overlap=0.997 || city_building_886472 address=11513 11513 S VINCENNES AVE; year=2007; units=0; building_sqft=0; overlap=1 || city_building_886486 address=1825 1825 W 115TH ST; year=2007; units=0; building_sqft=0; overlap=1 || city_building_886475 address=11511 11511 S VINCENNES AVE; year=2007; units=0; building_sqft=0; overlap=1,4,4,2007,3669.115203145891,cook_2008_768907 address=1825 1825 W 115TH ST; year=2007; overlap=0.997 || cook_2008_408014 address=11513 11513 S VINCENNES AVE; year=2007; overlap=1 || cook_2008_397240 address=1825 1825 W 115TH ST; year=2007; overlap=1 || cook_2008_511660 address=11511 11511 S VINCENNES AVE; year=2007; overlap=1,11513 S VINCENNES AVE,1,11513 S VINCENNES AVE,FALSE,FALSE,FALSE,FALSE,TRUE,TRUE,FALSE,FALSE,TRUE,FALSE,candidate_sum_supported,4,6995,3_main_sample_multifamily_threshold,episode_102,high_confidence_reproduction,TRUE,residential_multicard_25194030030000,residential_25194030350000/residential_25194030360000/residential_25194030370000/residential_25194030380000,4,6995,4,6995,5921,1,1,4,4,6995,5921,residential_25194030350000/residential_25194030360000/residential_25194030370000/residential_25194030380000,noncondo_25194030350000 [11511 S VINCENNES AVE] year=2006 units=1 sqft=1742 land=1496 project=residential_25194030350000 || noncondo_25194030360000 [11513 S VINCENNES AVE] year=2006 units=1 sqft=1772 land=1699 project=residential_25194030360000 || noncondo_25194030370000 [1825 W 115TH ST 8] year=2006 units=1 sqft=1759 land=1450 project=residential_25194030370000 || noncondo_25194030380000 [1827 W 115TH ST 7] year=2006 units=1 sqft=1722 land=1276 project=residential_25194030380000,,,,,,,successor_episode_exact_reproduction,4,6995,FALSE,retain,4,6995,completed_successor_episode,high,cards=4; card_units=4; successor_units=4; successor_building_sqft=6995; successor_projects=residential_25194030350000/residential_25194030360000/residential_25194030370000/residential_25194030380000,,,,,,retain,4,6995,completed_successor_episode,high,cards=4; card_units=4; successor_units=4; successor_building_sqft=6995; successor_projects=residential_25194030350000/residential_25194030360000/residential_25194030370000/residential_25194030380000,,,,,2006,existing_adjudicated_year,,,,,,,
residential_multicard_13353210200000,2015,TRUE,TRUE,49.22455487329204,1_26,1,2244,4243,0.5288710817817582,10.266320999292953,13353210200000,residential_multicard_13353210200000,13353210200000,residential_13353210200000,residential_multicard_13353210200000,3,1/2/3,295,2,FALSE,3,5962,1,1859/2244,TRUE,TRUE,2016,2017,3,3,2,0,0,0,0,0,,,,,,,0,0,,,,,,,,,,,,,,,,TRUE,TRUE,FALSE,FALSE,1_multifamily_threshold,construction_year_parcel_polygon,0,0,,,,,,,,0,0,,,,1758 N CENTRAL PARK AVE,1,1758 N CENTRAL PARK AVE,FALSE,FALSE,FALSE,FALSE,FALSE,FALSE,FALSE,FALSE,FALSE,FALSE,manual_review_required,,,3_main_sample_multifamily_threshold,episode_023,unit_reproduction_sqft_changed,FALSE,residential_multicard_13353210200000,residential_13353210530000/residential_13353210540000/residential_13353210550000,3,5962,3,6347,3241,1,1.0645756457564577,3,3,6347,3241,residential_13353210530000/residential_13353210540000/residential_13353210550000,noncondo_13353210550000 [1756 N CENTRAL PARK AVE] year=2014 units=1 sqft=2244 land=1102 project=residential_13353210550000 || noncondo_13353210540000 [1758 N CENTRAL PARK AVE 1] year=2014 units=1 sqft=1859 land=1069 project=residential_13353210540000 || noncondo_13353210530000 [1758 N CENTRAL PARK AVE 2] year=2014 units=1 sqft=2244 land=1070 project=residential_13353210530000,,,,,,,successor_episode_units_reproduced,3,6347,FALSE,retain,3,6347,completed_successor_episode,high,cards=3; card_units=3; successor_units=3; successor_building_sqft=6347; successor_projects=residential_13353210530000/residential_13353210540000/residential_13353210550000,,,,,,retain,3,6347,completed_successor_episode,high,cards=3; card_units=3; successor_units=3; successor_building_sqft=6347; successor_projects=residential_13353210530000/residential_13353210540000/residential_13353210550000,,,,,2015,existing_adjudicated_year,,,,,,,
residential_multicard_13354110480000,2009,TRUE,TRUE,59.48672907172686,26_35,1,1446,4999,0.2892578515703141,8.71374274854971,13354110480000,residential_multicard_13354110480000,13354110480000,residential_13354110480000,residential_multicard_13354110480000,2,1/2,295,1,TRUE,2,2892,1,1446,TRUE,TRUE,2010,2010,2,2,1,0,0,1,1,0,1,1,1857 N SAWYER AVE,1857 N SAWYER AVE,2,2,1,1,TRUE,TRUE,2,2,permit_chain_100262041 [exact PIN] [2008-11-21] 1857 N SAWYER AVE units=2 description=CONSTRUCTION OF NEW 2 D.U. BUILDING AS PER PLANS,permit_chain_100262041 [2008-11-21] 1857 N SAWYER AVE units=2 description=CONSTRUCTION OF NEW 2 D.U. BUILDING AS PER PLANS,,,,,,,,,,TRUE,TRUE,FALSE,TRUE,1_multifamily_threshold,construction_year_parcel_polygon,1,1,0,2009,2,2,,501.8566461037845,city_building_888440 address=1857 1857 N SAWYER AVE; year=2009; units=2; building_sqft=0; overlap=1,0,0,,,,3217 W COURTLAND ST,1,3217 W COURTLAND ST,FALSE,TRUE,FALSE,FALSE,FALSE,FALSE,FALSE,FALSE,TRUE,FALSE,candidate_sum_supported,2,2892,3_main_sample_multifamily_threshold,episode_027,unit_reproduction_sqft_changed,FALSE,residential_multicard_13354110480000,residential_13354110510000/residential_13354110520000,2,2892,2,2698,4998,1,0.93291839557399725,2,2,2698,4998,residential_13354110510000/residential_13354110520000,noncondo_13354110510000 [3217 W COURTLAND ST] year=2008 units=1 sqft=1349 land=2187 project=residential_13354110510000 || noncondo_13354110520000 [3217 W COURTLAND ST] year=2008 units=1 sqft=1349 land=2811 project=residential_13354110520000,,,,,,,successor_episode_units_reproduced,2,2698,FALSE,retain,2,2698,completed_successor_episode,high,cards=2; card_units=2; successor_units=2; successor_building_sqft=2698; successor_projects=residential_13354110510000/residential_13354110520000,,,,,,retain,2,2698,completed_successor_episode,high,cards=2; card_units=2; successor_units=2; successor_building_sqft=2698; successor_projects=residential_13354110510000/residential_13354110520000,,,,,2009,existing_adjudicated_year,,,,,,,
residential_multicard_13361150350000,2015,TRUE,TRUE,95.11110302829496,1_32,1,2684,3125,0.85888,13.9392,13361150350000,residential_multicard_13361150350000,13361150350000,residential_13361150350000,residential_multicard_13361150350000,6,1/2/3/4/5/6,295,5,FALSE,6,12987,1,1665/1703/2131/2673/2684,TRUE,TRUE,2016,2017,6,6,2,0,0,1,1,0,1,1,2005 N ALBANY AVE,2005 N ALBANY AVE,6,6,1,1,TRUE,TRUE,6,6,"permit_chain_100467916 [exact PIN] [2013-07-23] 2005 N ALBANY AVE units=6 description=ERECT 6 D.U. MASONRY BUILDING WITH INTERIOR GARAGES AS PER PLAN. PERMIT ALSO INCLUDES A 6'-0"" TALL FENCE AND A TRASH ENCLOSURE AS PER PLANS**CERTIFIED CORRECTIONS- - SUBJECT TO FIELD INSPECTIONS & AUDIT **","permit_chain_100467916 [2013-07-23] 2005 N ALBANY AVE units=6 description=ERECT 6 D.U. MASONRY BUILDING WITH INTERIOR GARAGES AS PER PLAN. PERMIT ALSO INCLUDES A 6'-0"" TALL FENCE AND A TRASH ENCLOSURE AS PER PLANS**CERTIFIED CORRECTIONS- - SUBJECT TO FIELD INSPECTIONS & AUDIT **",,,,,,,,,,TRUE,TRUE,FALSE,TRUE,1_multifamily_threshold,construction_year_parcel_polygon,1,0,0,1972,,,3600,2261.999999964668,city_building_286548 address=3066 3066 W ARMITAGE AVE; year=1972; units=0; building_sqft=3600; overlap=0.909,0,0,,,,3066 W ARMITAGE AVE 2001,1,3066 W ARMITAGE AVE 2001,FALSE,FALSE,FALSE,FALSE,FALSE,FALSE,FALSE,FALSE,TRUE,FALSE,candidate_sum_supported,6,12987,3_main_sample_multifamily_threshold,episode_028,unit_reproduction_sqft_changed,FALSE,residential_multicard_13361150350000,residential_13361150490000/residential_13361150500000/residential_13361150510000/residential_13361150520000/residential_13361150530000/residential_13361150540000,6,12987,6,11197,34113,1,0.8621698621698621,6,6,11197,34113,residential_13361150490000/residential_13361150500000/residential_13361150510000/residential_13361150520000/residential_13361150530000/residential_13361150540000,noncondo_13361150530000 [2003 N ALBANY AVE] year=2015 units=1 sqft=1926 land=5686 project=residential_13361150530000 || noncondo_13361150540000 [2001 N ALBANY AVE] year=2016 units=1 sqft=1711 land=5686 project=residential_13361150540000 || noncondo_13361150520000 [2005 N ALBANY AVE] year=2016 units=1 sqft=1863 land=5686 project=residential_13361150520000 || noncondo_13361150510000 [2007 N ALBANY AVE] year=2016 units=1 sqft=1957 land=5683 project=residential_13361150510000 || noncondo_13361150500000 [2009 N ALBANY AVE] year=2016 units=1 sqft=1742 land=5686 project=residential_13361150500000 || noncondo_13361150490000 [2011 N ALBANY AVE] year=2016 units=1 sqft=1998 land=5686 project=residential_13361150490000,,,,,,,successor_episode_units_reproduced,6,11197,FALSE,retain,6,11197,completed_successor_episode,high,cards=6; card_units=6; successor_units=6; successor_building_sqft=11197; successor_projects=residential_13361150490000/residential_13361150500000/residential_13361150510000/residential_13361150520000/residential_13361150530000/residential_13361150540000,,,,,,retain,6,11197,completed_successor_episode,high,cards=6; card_units=6; successor_units=6; successor_building_sqft=11197; successor_projects=residential_13361150490000/residential_13361150500000/residential_13361150510000/residential_13361150520000/residential_13361150530000/residential_13361150540000,,,,,2015,existing_adjudicated_year,,,,,,,
residential_multicard_16013240200000,2015,TRUE,TRUE,202.58200173729867,26_27,1,1026,7017,0.14621633176571183,6.207781103035486,16013240200000,residential_multicard_16013240200000,16013240200000,residential_16013240200000,residential_multicard_16013240200000,2,1/2,295,1,TRUE,2,2052,1,1026,TRUE,TRUE,2016,2016,2,2,1,0,0,1,1,0,1,1,823 N RICHMOND ST,823 N RICHMOND ST,2,2,1,1,TRUE,TRUE,2,2,permit_chain_100604279 [exact PIN] [2015-08-26] 823 N RICHMOND ST units=2 description=SELF CERTIFICATION REVIEW: ERECT FRAME 2 D.U. BUILDING (4A CONSTRUCTION) WITH TWO DETACHED 3 CAR FRAME GARAGES (4A CONSTRUCTION) AS PER PLAN.CONDITIONAL PERMIT SUBJECT TO FIELD INSPECTION.,permit_chain_100604279 [2015-08-26] 823 N RICHMOND ST units=2 description=SELF CERTIFICATION REVIEW: ERECT FRAME 2 D.U. BUILDING (4A CONSTRUCTION) WITH TWO DETACHED 3 CAR FRAME GARAGES (4A CONSTRUCTION) AS PER PLAN.CONDITIONAL PERMIT SUBJECT TO FIELD INSPECTION.,,,,,,,,,,TRUE,TRUE,FALSE,TRUE,1_multifamily_threshold,construction_year_parcel_polygon,0,0,,,,,,,,0,0,,,,827 N RICHMOND ST,1,827 N RICHMOND ST,FALSE,FALSE,FALSE,FALSE,FALSE,FALSE,FALSE,FALSE,TRUE,FALSE,candidate_sum_supported,2,2052,3_main_sample_multifamily_threshold,episode_037,unit_reproduction_sqft_changed,FALSE,residential_multicard_16013240200000,residential_16013240520000/residential_16013240530000,2,2052,2,3900,7273,1,1.9005847953216377,2,2,3900,7273,residential_16013240520000/residential_16013240530000,noncondo_16013240520000 [823 N RICHMOND ST] year=2014 units=1 sqft=1950 land=3738 project=residential_16013240520000 || noncondo_16013240530000 [825 N RICHMOND ST] year=2014 units=1 sqft=1950 land=3535 project=residential_16013240530000,,,,,,,successor_episode_units_reproduced,2,3900,FALSE,retain,2,3900,completed_successor_episode,high,cards=2; card_units=2; successor_units=2; successor_building_sqft=3900; successor_projects=residential_16013240520000/residential_16013240530000,,,,,,retain,2,3900,completed_successor_episode,high,cards=2; card_units=2; successor_units=2; successor_building_sqft=3900; successor_projects=residential_16013240520000/residential_16013240530000,,,,,2015,existing_adjudicated_year,,,,,,,
residential_multicard_16122070190000,2006,TRUE,TRUE,232.6703002659362,1_26,1,2924,5941,0.4921730348426191,7.332098973236829,16122070190000,residential_multicard_16122070190000,16122070190000,residential_16122070190000,residential_multicard_16122070190000,2,1/2,278,1,TRUE,2,5848,1,2924,TRUE,TRUE,2007,2007,2,2,1,0,0,0,0,0,,,,,,,0,0,,,,,,,,,,,,,,,,TRUE,TRUE,FALSE,FALSE,1_multifamily_threshold,construction_year_parcel_polygon,4,4,0,2007/2008,,,,4028.933160925395,city_building_887521 address=2417 2417 W SUPERIOR ST; year=2007; units=0; building_sqft=0; overlap=0.993 || city_building_887522 address=2419 2419 W SUPERIOR ST; year=2007; units=0; building_sqft=0; overlap=1 || city_building_887523 address=0 0; year=2008; units=0; building_sqft=0; overlap=1 || city_building_887524 address=0 0; year=2008; units=0; building_sqft=0; overlap=1,4,4,2007/2008,4028.949433549482,cook_2008_408699 address=2417 2417 W SUPERIOR ST; year=2007; overlap=0.993 || cook_2008_665777 address=2419 2419 W SUPERIOR ST; year=2007; overlap=1 || cook_2008_768888 address=0 0; year=2008; overlap=1 || cook_2008_397281 address=0 0; year=2008; overlap=1,2417 W SUPERIOR ST,1,2417 W SUPERIOR ST,FALSE,FALSE,FALSE,FALSE,FALSE,FALSE,FALSE,FALSE,FALSE,FALSE,manual_review_required,,,3_main_sample_multifamily_threshold,episode_038,unit_reproduction_sqft_changed,FALSE,residential_multicard_16122070190000,residential_16122070510000/residential_16122070520000,2,5848,2,7626,5980,1,1.3040355677154585,2,2,7626,5980,residential_16122070510000/residential_16122070520000,noncondo_16122070510000 [2417 W SUPERIOR ST] year=2007 units=1 sqft=3813 land=3033 project=residential_16122070510000 || noncondo_16122070520000 [2419 W SUPERIOR ST] year=2007 units=1 sqft=3813 land=2947 project=residential_16122070520000,,,,,,,successor_episode_units_reproduced,2,7626,FALSE,retain,2,7626,completed_successor_episode,high,cards=2; card_units=2; successor_units=2; successor_building_sqft=7626; successor_projects=residential_16122070510000/residential_16122070520000,,,,,,retain,2,7626,completed_successor_episode,high,cards=2; card_units=2; successor_units=2; successor_building_sqft=7626; successor_projects=residential_16122070510000/residential_16122070520000,,,,,2006,existing_adjudicated_year,,,,,,,
residential_multicard_17083340210000,2007,TRUE,TRUE,262.5183102510497,2_27,4,7200,10650,0.676056338028169,16.36056338028169,17083340210000,residential_multicard_17083340210000,17083340210000,residential_17083340210000,residential_multicard_17083340210000,3,1/2/3,211,1,TRUE,12,22686,4,7562,TRUE,TRUE,2008,2011,3,3,4,3,0,0,0,0,,,,,,,0,0,,,,,,,,,,,,,,,,TRUE,FALSE,FALSE,FALSE,2_main_sample_outcome,construction_year_parcel_polygon,3,3,0,2008,4,12,,5776.830771563575,city_building_886364 address=25 25 N BISHOP ST; year=2008; units=4; building_sqft=0; overlap=1 || city_building_886361 address=21 21 N BISHOP ST; year=2008; units=4; building_sqft=0; overlap=1 || city_building_886365 address=19 19 N BISHOP ST; year=2008; units=4; building_sqft=0; overlap=1,3,3,2008,5776.826385443797,cook_2008_717434 address=25 25 N BISHOP ST; year=2008; overlap=1 || cook_2008_407155 address=21 21 N BISHOP ST; year=2008; overlap=1 || cook_2008_460489 address=19 19 N BISHOP ST; year=2008; overlap=1,25 N BISHOP ST,1,25 N BISHOP ST,FALSE,TRUE,FALSE,FALSE,TRUE,TRUE,FALSE,FALSE,TRUE,FALSE,candidate_sum_supported,12,22686,4_main_sample_outcome,episode_054,unit_reproduction_sqft_changed,FALSE,residential_multicard_17083340210000,residential_17083340480000/residential_17083340490000/residential_17083340500000,12,22686,12,21525,11250,1,0.9488230626818304,3,12,21525,11250,residential_17083340480000/residential_17083340490000/residential_17083340500000,noncondo_17083340500000 [19 N BISHOP ST] year=2008 units=4 sqft=7175 land=3750 project=residential_17083340500000 || noncondo_17083340490000 [21 N BISHOP ST] year=2008 units=4 sqft=7175 land=3747 project=residential_17083340490000 || noncondo_17083340480000 [25 N BISHOP ST] year=2008 units=4 sqft=7175 land=3753 project=residential_17083340480000,,,,,,,successor_episode_units_reproduced,12,21525,FALSE,retain,12,21525,completed_successor_episode,high,cards=3; card_units=12; successor_units=12; successor_building_sqft=21525; successor_projects=residential_17083340480000/residential_17083340490000/residential_17083340500000,,,,,,retain,12,21525,completed_successor_episode,high,cards=3; card_units=12; successor_units=12; successor_building_sqft=21525; successor_projects=residential_17083340480000/residential_17083340490000/residential_17083340500000,,,,,2007,existing_adjudicated_year,,,,,,,
residential_multicard_20032210100000,2018,TRUE,TRUE,101.35658160706956,3_4,1,2352,7680,0.30625,5.671875,20032210100000,residential_multicard_20032210100000,20032210100000,residential_20032210100000,residential_multicard_20032210100000,4,1/2/3/4,295,1,TRUE,4,9408,1,2352,TRUE,TRUE,2019,2019,4,4,1,0,0,2,2,0,2,2,4223 S VINCENNES AVE / 510 E 42ND PL,4223 S VINCENNES AVE / 510 E 42ND PL / NA,2,2,2,2,TRUE,TRUE,4,4,"permit_chain_100723866 [exact PIN] [2017-11-19] 4223 S VINCENNES AVE / 510 E 42ND PL units=2 description=ERECT NEW 2 STORY, IV-A, 2DU TOWNHOME BUILDING W/BASEMENTS AS PER PLANS CURRENT USE: VACANT LAND /PROPOSED USE: RESIDENTIAL TOWNHOMES. PERMIT COVERS 4223 S. VINCENNES NORTH AND SOUTH. || permit_chain_100723867 [exact PIN] [2017-11-19] 4223 S VINCENNES AVE / 510 E 42ND PL units=2 description=ERECT NEW 2 STORY, IV-A, 2DU TOWNHOME BUILDING W/BASEMENTS AS PER PLANS CURRENT USE: VACANT LAND /PROPOSED USE: RESIDENTIAL TOWNHOMES. PERMIT COVERS 510 E. 42ND PLACE EAST AND WEST.","permit_chain_100723866 [2017-11-19] 4223 S VINCENNES AVE / 510 E 42ND PL units=2 description=ERECT NEW 2 STORY, IV-A, 2DU TOWNHOME BUILDING W/BASEMENTS AS PER PLANS CURRENT USE: VACANT LAND /PROPOSED USE: RESIDENTIAL TOWNHOMES. PERMIT COVERS 4223 S. VINCENNES NORTH AND SOUTH. || permit_chain_100723867 [2017-11-19] NA units=2 description=ERECT NEW 2 STORY, IV-A, 2DU TOWNHOME BUILDING W/BASEMENTS AS PER PLANS CURRENT USE: VACANT LAND /PROPOSED USE: RESIDENTIAL TOWNHOMES. PERMIT COVERS 510 E. 42ND PLACE EAST AND WEST.",,,,,,,,,,TRUE,TRUE,FALSE,TRUE,1_multifamily_threshold,construction_year_parcel_polygon,0,0,,,,,,,,0,0,,,,4225 S VINCENNES AVE,1,4225 S VINCENNES AVE,FALSE,FALSE,FALSE,FALSE,FALSE,FALSE,FALSE,FALSE,TRUE,FALSE,candidate_sum_supported,4,9408,3_main_sample_multifamily_threshold,episode_086,unit_reproduction_sqft_changed,FALSE,residential_multicard_20032210100000,residential_20032210340000/residential_20032210350000/residential_20032210360000/residential_20032210370000,4,9408,4,8668,6930,1,0.921343537414966,4,4,8668,6930,residential_20032210340000/residential_20032210350000/residential_20032210360000/residential_20032210370000,noncondo_20032210360000 [508 E 42ND PL] year=2019 units=1 sqft=2291 land=1645 project=residential_20032210360000 || noncondo_20032210370000 [510 E 42ND PL] year=2019 units=1 sqft=2001 land=1618 project=residential_20032210370000 || noncondo_20032210340000 [NA] year=2019 units=1 sqft=2188 land=1772 project=residential_20032210340000 || noncondo_20032210350000 [NA] year=2019 units=1 sqft=2188 land=1895 project=residential_20032210350000,,,,,,,successor_episode_units_reproduced,4,8668,FALSE,retain,4,8668,completed_successor_episode,high,cards=4; card_units=4; successor_units=4; successor_building_sqft=8668; successor_projects=residential_20032210340000/residential_20032210350000/residential_20032210360000/residential_20032210370000,,,,,,retain,4,8668,completed_successor_episode,high,cards=4; card_units=4; successor_units=4; successor_building_sqft=8668; successor_projects=residential_20032210340000/residential_20032210350000/residential_20032210360000/residential_20032210370000,,,,,2018,existing_adjudicated_year,,,,,,,
residential_multicard_20034230370000,2014,TRUE,TRUE,186.57684149317092,3_4,1,2674,7150,0.373986013986014,6.092307692307692,20034230370000,residential_multicard_20034230370000,20034230370000,residential_20034230370000,residential_multicard_20034230370000,2,1/2,278,1,TRUE,2,5348,1,2674,TRUE,TRUE,2015,2016,2,2,2,0,0,2,2,0,2,2,542 E 46TH PL / 544 E 46TH PL,542 E 46TH PL / 544 E 46TH PL / NA,,,0,0,FALSE,FALSE,,,permit_chain_100523097 [exact PIN] [2014-03-18] 542 E 46TH PL / 544 E 46TH PL units=missing description=SELF CERTIFICATION REVIEW: ERECT FRAME SINGLE FAMILY RESIDENCE (4A CONSTRUCTION) WITH DETACHED 2 CAR FRAME GARAGE (4A CONSTRUCTION) AS PER PLAN. **SELF CERT CONDITIONAL PERMIT: SUBJECT TO FIELD INSPECTIONS ** || permit_chain_100523099 [exact PIN] [2014-03-18] 542 E 46TH PL / 544 E 46TH PL units=missing description=SELF CERTIFICATION REVIEW: ERECT FRAME SINGLE FAMILY RESIDENCE (4A CONSTRUCTION) WITH DETACHED 2 CAR FRAME GARAGE (4A CONSTRUCTION) AS PER PLAN.  **SELF CERT CONDITIONAL PERMIT: SUBJECT TO FIELD INSPECTIONS **,permit_chain_100523097 [2014-03-18] 542 E 46TH PL / 544 E 46TH PL units=missing description=SELF CERTIFICATION REVIEW: ERECT FRAME SINGLE FAMILY RESIDENCE (4A CONSTRUCTION) WITH DETACHED 2 CAR FRAME GARAGE (4A CONSTRUCTION) AS PER PLAN. **SELF CERT CONDITIONAL PERMIT: SUBJECT TO FIELD INSPECTIONS ** || permit_chain_100523099 [2014-03-18] NA units=missing description=SELF CERTIFICATION REVIEW: ERECT FRAME SINGLE FAMILY RESIDENCE (4A CONSTRUCTION) WITH DETACHED 2 CAR FRAME GARAGE (4A CONSTRUCTION) AS PER PLAN.  **SELF CERT CONDITIONAL PERMIT: SUBJECT TO FIELD INSPECTIONS **,,,,,,,,,,TRUE,TRUE,FALSE,FALSE,1_multifamily_threshold,construction_year_parcel_polygon,0,0,,,,,,,,0,0,,,,542 E 46TH PL,1,542 E 46TH PL,FALSE,FALSE,FALSE,FALSE,FALSE,FALSE,TRUE,FALSE,TRUE,FALSE,candidate_sum_supported,2,5348,3_main_sample_multifamily_threshold,episode_087,unit_reproduction_sqft_changed,FALSE,residential_multicard_20034230370000,residential_20034230470000/residential_20034230480000,2,5348,2,4824,7155,1,0.9020194465220644,2,2,4824,7155,residential_20034230470000/residential_20034230480000,noncondo_20034230470000 [542 E 46TH PL] year=2014 units=1 sqft=2150 land=3577 project=residential_20034230470000 || noncondo_20034230480000 [544 E 46TH PL] year=2014 units=1 sqft=2674 land=3578 project=residential_20034230480000,,,,,,,successor_episode_units_reproduced,2,4824,FALSE,retain,2,4824,completed_successor_episode,high,cards=2; card_units=2; successor_units=2; successor_building_sqft=4824; successor_projects=residential_20034230470000/residential_20034230480000,,,,,,retain,2,4824,completed_successor_episode,high,cards=2; card_units=2; successor_units=2; successor_building_sqft=4824; successor_projects=residential_20034230470000/residential_20034230480000,,,,,2014,existing_adjudicated_year,,,,,,,
residential_multicard_13251330010000,2006,FALSE,TRUE,648.4045158899506,33_35,1,1884,4082,0.4615384615384616,10.67123958843704,13251330010000,residential_multicard_13251330010000,13251330010000,residential_13251330010000,residential_multicard_13251330010000,2,1/2,295,1,TRUE,2,3768,1,1884,TRUE,TRUE,1999,2018,2,2,12,1,1,1,0,1,1,0,2951 W GEORGE ST,,,,0,0,FALSE,FALSE,,,"permit_chain_100142508 [project polygon] [2006-11-16] 2951 W GEORGE ST units=missing description=ERECT TWO STORY MASONRY, TWO-DWELLING UNIT BUILDING W/ DETACHED THREE CAR FRAME GARAGE AS PER PLANS, ADDRESS 2951 & 2953 W GEORGE.  CONDITIONAL PERMIT, PENDING WRECKING PERMIT BEING ISSUED WITHIN 30 DAYS OF THIS PERMIT ISSUANCE.",[]  units= description=,,,,,,,,,,TRUE,TRUE,FALSE,FALSE,3_placebo_scope_threshold,construction_year_parcel_polygon,2,2,0,2007/2008,,,,2280.495385352522,city_building_887070 address=2951 2953 W GEORGE ST; year=2007; units=0; building_sqft=0; overlap=1 || city_building_887071 address=0 0; year=2008; units=0; building_sqft=0; overlap=1,2,2,2007/2008,2280.486347715021,cook_2008_409171 address=2951 2953 W GEORGE ST; year=2007; overlap=1 || cook_2008_404273 address=0 0; year=2008; overlap=1,2857 N SACRAMENTO AVE,1,2857 N SACRAMENTO AVE,FALSE,FALSE,FALSE,FALSE,TRUE,TRUE,FALSE,FALSE,TRUE,FALSE,candidate_sum_supported,2,3768,6_placebo_scope_multifamily_threshold,,,,,,,,,,,,,1,2,6688,4069,,condo_1325133047 [2951 W GEORGE ST / 2953 W GEORGE ST] year=2007 units=2 sqft=6688 land=4069 project=NA,,,,,,,aggregate_cards_supported_no_successor_overlap,2,3768,FALSE,retain,2,3768,contemporaneous_card_inventory,high,cards=2; card_units=2; card_building_sqft=3768; permit_addresses=2951 W GEORGE ST,,,,,,retain,2,3768,contemporaneous_card_inventory,high,cards=2; card_units=2; card_building_sqft=3768; permit_addresses=2951 W GEORGE ST,,,,,2006,existing_adjudicated_year,,,,,,,
residential_multicard_13363170210000,2010,FALSE,TRUE,847.9933713513129,26_35,1,1425,5392,0.26428041543026703,8.078635014836795,13363170210000,residential_multicard_13363170210000,13363170210000,residential_13363170210000,residential_multicard_13363170210000,2,1/2,295,1,TRUE,2,2850,1,1425,TRUE,TRUE,2011,2011,2,2,1,0,0,1,1,0,1,1,1701 N TROY ST,1701 N TROY ST,2,2,1,1,TRUE,TRUE,2,2,"permit_chain_100346159 [exact PIN] [2010-06-10] 1701 N TROY ST units=2 description=PROPOSED NEW 2 DU 2 STORY BUILDING, 3 CAR DETACHED GARAGE AS PER PLANS AND 290 LF OF 6' HIGH WOOD FENCE ALONG NORTH, WEST AND SOUTH PROPERTY LINES   {ZONING DISTRICT RS-3}","permit_chain_100346159 [2010-06-10] 1701 N TROY ST units=2 description=PROPOSED NEW 2 DU 2 STORY BUILDING, 3 CAR DETACHED GARAGE AS PER PLANS AND 290 LF OF 6' HIGH WOOD FENCE ALONG NORTH, WEST AND SOUTH PROPERTY LINES   {ZONING DISTRICT RS-3}",,,,,,,,,,TRUE,TRUE,FALSE,TRUE,3_placebo_scope_threshold,construction_year_parcel_polygon,0,0,,,,,,,,0,0,,,,1701 N TROY ST,1,1701 N TROY ST,FALSE,FALSE,FALSE,FALSE,FALSE,FALSE,FALSE,FALSE,TRUE,FALSE,candidate_sum_supported,2,2850,6_placebo_scope_multifamily_threshold,,,,,,,,,,,,,2,2,3050,5387,residential_13363170500000/residential_13363170510000,noncondo_13363170500000 [1701 N TROY ST A] year=2008 units=1 sqft=1525 land=2511 project=residential_13363170500000 || noncondo_13363170510000 [1701 N TROY ST B] year=2008 units=1 sqft=1525 land=2876 project=residential_13363170510000,,,,,,,aggregate_cards_supported_no_successor_overlap,2,2850,FALSE,retain,2,2850,contemporaneous_card_inventory,high,cards=2; card_units=2; card_building_sqft=2850; permit_addresses=1701 N TROY ST,,,,,,retain,2,2850,contemporaneous_card_inventory,high,cards=2; card_units=2; card_building_sqft=2850; permit_addresses=1701 N TROY ST,,,,,2010,existing_adjudicated_year,,,,,,,
residential_multicard_14072180230000,2008,FALSE,TRUE,760.1064935409538,40_47,1,2163,4836,0.4472704714640198,9.00744416873449,14072180230000,residential_multicard_14072180230000,14072180230000,residential_14072180230000,residential_multicard_14072180230000,2,1/2,295,1,TRUE,2,4326,1,2163,TRUE,TRUE,1999,2026,2,2,18,1,1,2,0,2,1,0,1724 W BERWYN AVE,,2,,1,0,FALSE,FALSE,,,permit_chain_100146664 [project polygon] [2006-11-02] 1724 W BERWYN AVE units=missing description=ERECT NEW TWO STORY SFR WITH DETACHED 3 CAR GARAGE PER PLANS || permit_chain_100221268 [project polygon] [2008-02-13] 1724 W BERWYN AVE units=2 description=ERECT 2 STORY; 3B CONSTRUCTION; 2DU - DUPLEX UNITS W/ DETACHED 4 CAR GARAGE AS PER PLANS (CONDITIONAL PERMIT SUBJECT TO FIELD INSPECTION & PROCUREMENT OF WRECKING PERMIT WITHIN 30 DAYS OF THIS PERMIT ISSUANCE),[]  units= description=,1724 W BERWYN AVE 2,1,,,,,,,,TRUE,TRUE,FALSE,FALSE,3_placebo_scope_threshold,construction_year_parcel_polygon,2,0,0,0/1891,2,2,1804,1444.749999973923,city_building_70334 address=1724 1724 W BERWYN AVE; year=1891; units=2; building_sqft=1804; overlap=1 || city_building_69737 address=0 0; year=0; units=0; building_sqft=0; overlap=0.926,0,0,,,,,,1724 W BERWYN AVE 2,FALSE,TRUE,FALSE,FALSE,FALSE,FALSE,FALSE,FALSE,TRUE,FALSE,candidate_sum_supported,2,4326,6_placebo_scope_multifamily_threshold,,,,,,,,,,,,,1,2,4326,4836,residential_multicard_14072180230000,noncondo_14072180230000 [1724 W BERWYN AVE 2] year=2008 units=2 sqft=4326 land=4836 project=residential_multicard_14072180230000,,,,,,,aggregate_cards_supported_no_successor_overlap,2,4326,FALSE,retain,2,4326,contemporaneous_card_inventory,high,cards=2; card_units=2; card_building_sqft=4326; permit_addresses=1724 W BERWYN AVE,,,,,,retain,2,4326,contemporaneous_card_inventory,high,cards=2; card_units=2; card_building_sqft=4326; permit_addresses=1724 W BERWYN AVE,,,,,2008,existing_adjudicated_year,,,,,,,
residential_multicard_14193060100000,2007,FALSE,TRUE,561.3434647422017,32_47,1,1709,3000,0.5696666666666667,14.52,14193060100000,residential_multicard_14193060100000,14193060100000,residential_14193060100000,residential_multicard_14193060100000,2,1/2,295,2,FALSE,2,3272,1,1563/1709,TRUE,TRUE,2000,2008,2,2,1,1,1,0,0,0,,,,,,,0,0,,,,,,,,,,,,,,,,TRUE,TRUE,FALSE,FALSE,3_placebo_scope_threshold,construction_year_parcel_polygon,2,1,0,0/2008,2,2,,1939.7390607167035,city_building_889519 address=2033 2033 W ADDISON ST; year=2008; units=2; building_sqft=0; overlap=0.972 || city_building_181517 address=0 0; year=0; units=0; building_sqft=0; overlap=1,1,1,2008,1539.7439207520802,cook_2008_614333 address=2033 2033 W ADDISON ST; year=2008; overlap=0.972,2033 W ADDISON ST,1,2033 W ADDISON ST,FALSE,TRUE,FALSE,FALSE,FALSE,FALSE,FALSE,FALSE,TRUE,FALSE,candidate_sum_supported,2,3272,6_placebo_scope_multifamily_threshold,,,,,,,,,,,,,2,2,3180,1657,,noncondo_14193060460000 [2033 W ADDISON ST A] year=2005 units=1 sqft=1590 land=830 project=NA || noncondo_14193060470000 [2033 W ADDISON ST B] year=2005 units=1 sqft=1590 land=827 project=NA,,,,,,,aggregate_cards_supported_no_successor_overlap,2,3272,FALSE,retain,2,3272,contemporaneous_card_inventory,high,cards=2; card_units=2; card_building_sqft=3272; permit_addresses=none,,,,,,retain,2,3272,contemporaneous_card_inventory,high,cards=2; card_units=2; card_building_sqft=3272; permit_addresses=none,,,,,2007,existing_adjudicated_year,,,,,,,
residential_multicard_14193110360000,2007,FALSE,TRUE,561.0072111523993,32_47,1,2937,3000,0.979,14.52,14193110360000,residential_multicard_14193110360000,14193110360000,residential_14193110360000,residential_multicard_14193110360000,2,1/2,295,2,FALSE,2,5478,1,2541/2937,TRUE,TRUE,2008,2008,2,2,1,0,0,0,0,0,,,,,,,0,0,,,,,,,,,,,,,,,,TRUE,TRUE,FALSE,FALSE,3_placebo_scope_threshold,construction_year_parcel_polygon,2,2,0,2008/2009,2,2,,2001.9856433570792,city_building_889675 address=2224 2224 W ROSCOE ST; year=2008; units=2; building_sqft=0; overlap=1 || city_building_889676 address=0 0; year=2009; units=0; building_sqft=0; overlap=1,1,1,2008,1621.0164407640696,cook_2008_666067 address=2224 2224 W ROSCOE ST; year=2008; overlap=1,2224 W ROSCOE ST,1,2224 W ROSCOE ST,FALSE,TRUE,FALSE,FALSE,TRUE,FALSE,FALSE,FALSE,TRUE,FALSE,candidate_sum_supported,2,5478,6_placebo_scope_multifamily_threshold,,,,,,,,,,,,,1,2,7100,2980,,condo_1419311046 [2224 W ROSCOE ST A / 3407 N BELL AVE B] year=2008 units=2 sqft=7100 land=2980 project=NA,,,,,,,aggregate_cards_supported_no_successor_overlap,2,5478,FALSE,retain,2,5478,contemporaneous_card_inventory,high,cards=2; card_units=2; card_building_sqft=5478; permit_addresses=none,,,,,,retain,2,5478,contemporaneous_card_inventory,high,cards=2; card_units=2; card_building_sqft=5478; permit_addresses=none,,,,,2007,existing_adjudicated_year,,,,,,,
residential_multicard_16113080220000,2007,FALSE,TRUE,747.2018670254502,27_28,3,2954,7584,0.3895042194092827,17.231012658227847,16113080220000,residential_multicard_16113080220000,16113080220000,residential_16113080220000,residential_multicard_16113080220000,2,1/2,211,1,TRUE,6,5908,3,2954,TRUE,TRUE,2008,2008,2,2,1,0,0,0,0,0,,,,,,,0,0,,,,,,,,,,,,,,,,TRUE,FALSE,FALSE,FALSE,4_placebo_scope_outcome,construction_year_parcel_polygon,2,2,0,2007,,,,2109.554030261934,city_building_887460 address=3858 3858 W WEST END AVE; year=2007; units=0; building_sqft=0; overlap=1 || city_building_887461 address=3860 3860 W WEST END AVE; year=2007; units=0; building_sqft=0; overlap=1,2,2,2007,2109.550089365628,cook_2008_407684 address=3858 3858 W WEST END AVE; year=2007; overlap=1 || cook_2008_665875 address=3860 3860 W WEST END AVE; year=2007; overlap=1,3858 W WEST END AVE,1,3858 W WEST END AVE,FALSE,FALSE,FALSE,FALSE,TRUE,TRUE,FALSE,FALSE,TRUE,FALSE,candidate_sum_supported,6,5908,7_placebo_scope_outcome,,,,,,,,,,,,,2,5,5910,7603,,noncondo_16113080750000 [3858 W WEST END AVE] year=2005 units=3 sqft=2955 land=3802 project=NA || noncondo_16113080740000 [3860 W WEST END AVE] year=2005 units=2 sqft=2955 land=3801 project=NA,,,,,,,aggregate_cards_supported_no_successor_overlap,6,5908,FALSE,retain,6,5908,contemporaneous_card_inventory,high,cards=2; card_units=6; card_building_sqft=5908; permit_addresses=none,,,,,,retain,6,5908,contemporaneous_card_inventory,high,cards=2; card_units=6; card_building_sqft=5908; permit_addresses=none,,,,,2007,existing_adjudicated_year,,,,,,,
residential_multicard_17333260380000,2015,FALSE,TRUE,959.9955086972916,3_11,1,1480,3238,0.4570722668313774,13.452748610253243,17333260380000,residential_multicard_17333260380000,17333260380000,residential_17333260380000,residential_multicard_17333260380000,6,1/2/3/4/5/6,295,1,TRUE,6,8880,1,1480,TRUE,TRUE,2016,2016,6,6,1,0,0,1,1,0,1,1,3849 S PARNELL AVE,3849 S PARNELL AVE,6,6,1,1,TRUE,TRUE,6,6,"permit_chain_100543765 [exact PIN] [2014-09-12] 3849 S PARNELL AVE units=6 description=ERECT NEW 2 STORY, IV-A, 6DU TOWNHOUSE BUILDING W/ BASEMENTS AND ATTACHED GARAGES AS PER PLANS","permit_chain_100543765 [2014-09-12] 3849 S PARNELL AVE units=6 description=ERECT NEW 2 STORY, IV-A, 6DU TOWNHOUSE BUILDING W/ BASEMENTS AND ATTACHED GARAGES AS PER PLANS",,,,,,,,,,TRUE,TRUE,FALSE,TRUE,3_placebo_scope_threshold,construction_year_parcel_polygon,0,0,,,,,,,,0,0,,,,3849 S PARNELL AVE,1,3849 S PARNELL AVE,FALSE,FALSE,FALSE,FALSE,FALSE,FALSE,FALSE,FALSE,TRUE,FALSE,candidate_sum_supported,6,8880,6_placebo_scope_multifamily_threshold,,,,,,,,,,,,,,,,,,,,,,,,,aggregate_cards_supported_no_successor_overlap,6,8880,FALSE,retain,6,8880,contemporaneous_card_inventory,high,cards=6; card_units=6; card_building_sqft=8880; permit_addresses=3849 S PARNELL AVE,,,,,,retain,6,8880,contemporaneous_card_inventory,high,cards=6; card_units=6; card_building_sqft=8880; permit_addresses=3849 S PARNELL AVE,,,,,2015,existing_adjudicated_year,,,,,,,
residential_multicard_20174210220000,2020,FALSE,TRUE,1267.1575251246145,16_20,2,2742,6380,0.4297805642633229,13.655172413793103,20174210220000,residential_multicard_20174210220000,20174210220000,residential_20174210220000,residential_multicard_20174210220000,2,1/2,EX,1,TRUE,2,5484,1,2742,TRUE,TRUE,2021,2026,2,2,6,0,0,2,2,0,2,2,6100 S PEORIA ST / 6102 S PEORIA ST,6100 S PEORIA ST / 6102 S PEORIA ST / NA,,,0,0,FALSE,FALSE,,,"permit_chain_100834007 [exact PIN] [2019-09-30] 6100 S PEORIA ST / 6102 S PEORIA ST units=missing description=SELF-CERT: NEW CONSTRUCTION OF A RESIDENTIAL TWO-STORY, TWO DWELLING-UNIT BUILDING (A2 OCCUPANCY), AND ASSOCIATED SITE WORK ON A CURRENTLY VACANT LOT PER PLANS. || permit_chain_100834008 [exact PIN] [2019-08-30] 6100 S PEORIA ST / 6102 S PEORIA ST units=missing description=NEW CONSTRUCTION OF A RESIDENTIAL TWO-STORY, TWO DWELLING-UNIT BUILDING (A2 OCCUPANCY), AND ASSOCIATED SITE WORK ON A CURRENTLY VACANT LOT. || REVISION TO PERMIT #100834008 TO REVISE THE PREVIOUSLY PERMITTED CARPORT DESIGN. ALSO TO REVISE THE ACCESSIBILITY DESIGNATION OF THE FIRST FLOOR DWELLING UNIT FROM ANSI TYPE A TO ANSI TYPE A/UFAS SECTION 504 ACCESSIBLE. PREVIOUS PERMIT APPLICATION WAS FOR NEW CONSTRUCTION OF A RESIDENTIAL TWO-STORY, TWO DWELLING-UNIT BUILDING (A2 OCCUPANCY), AND ASSOCIATED SITE WORK ON A VACANT LOT.","permit_chain_100834007 [2019-09-30] 6100 S PEORIA ST / 6102 S PEORIA ST units=missing description=SELF-CERT: NEW CONSTRUCTION OF A RESIDENTIAL TWO-STORY, TWO DWELLING-UNIT BUILDING (A2 OCCUPANCY), AND ASSOCIATED SITE WORK ON A CURRENTLY VACANT LOT PER PLANS. || permit_chain_100834008 [2019-08-30] NA units=missing description=NEW CONSTRUCTION OF A RESIDENTIAL TWO-STORY, TWO DWELLING-UNIT BUILDING (A2 OCCUPANCY), AND ASSOCIATED SITE WORK ON A CURRENTLY VACANT LOT. || REVISION TO PERMIT #100834008 TO REVISE THE PREVIOUSLY PERMITTED CARPORT DESIGN. ALSO TO REVISE THE ACCESSIBILITY DESIGNATION OF THE FIRST FLOOR DWELLING UNIT FROM ANSI TYPE A TO ANSI TYPE A/UFAS SECTION 504 ACCESSIBLE. PREVIOUS PERMIT APPLICATION WAS FOR NEW CONSTRUCTION OF A RESIDENTIAL TWO-STORY, TWO DWELLING-UNIT BUILDING (A2 OCCUPANCY), AND ASSOCIATED SITE WORK ON A VACANT LOT.",6106 S PEORIA ST,1,,,,,,,,TRUE,FALSE,FALSE,FALSE,4_placebo_scope_outcome,construction_year_parcel_polygon,0,0,,,,,,,,0,0,,,,,,6106 S PEORIA ST,FALSE,FALSE,FALSE,FALSE,FALSE,FALSE,TRUE,FALSE,TRUE,FALSE,candidate_sum_supported,2,5484,7_placebo_scope_outcome,,,,,,,,,,,,,,,,,,,,,,,,,aggregate_cards_supported_no_successor_overlap,2,5484,FALSE,retain,2,5484,contemporaneous_card_inventory,high,cards=2; card_units=2; card_building_sqft=5484; permit_addresses=6100 S PEORIA ST / 6102 S PEORIA ST,,,,,,retain,2,5484,contemporaneous_card_inventory,high,cards=2; card_units=2; card_building_sqft=5484; permit_addresses=6100 S PEORIA ST / 6102 S PEORIA ST,,,,,2020,existing_adjudicated_year,,,,,,,
residential_multicard_20211060070000,2006,FALSE,TRUE,697.6545393161155,16_20,3,3487,6248,0.5580985915492958,20.91549295774648,20211060070000,residential_multicard_20211060070000,20211060070000,residential_20211060070000,residential_multicard_20211060070000,2,1/2,211,1,TRUE,6,6974,3,3487,TRUE,TRUE,2007,2026,2,2,20,0,0,0,0,0,,,,,,,0,0,,,,,,,6737 S NORMAL BLVD,1,,,,,,,,TRUE,FALSE,FALSE,FALSE,4_placebo_scope_outcome,construction_year_parcel_polygon,2,2,0,2005,,,,2699.7449995744973,city_building_837773 address=6337 6337 S NORMAL BLVD; year=2005; units=0; building_sqft=0; overlap=1 || city_building_837772 address=6339 6339 S NORMAL BLVD; year=2005; units=0; building_sqft=0; overlap=0.756,0,0,,,,,,6737 S NORMAL BLVD,FALSE,FALSE,FALSE,FALSE,TRUE,FALSE,FALSE,FALSE,TRUE,FALSE,candidate_sum_supported,6,6974,7_placebo_scope_outcome,,,,,,,,,,,,,1,6,6974,6248,residential_multicard_20211060070000,noncondo_20211060070000 [6737 S NORMAL BLVD] year=2006 units=6 sqft=6974 land=6248 project=residential_multicard_20211060070000,,,,,,,aggregate_cards_supported_no_successor_overlap,6,6974,FALSE,retain,6,6974,contemporaneous_card_inventory,high,cards=2; card_units=6; card_building_sqft=6974; permit_addresses=none,,,,,,retain,6,6974,contemporaneous_card_inventory,high,cards=2; card_units=6; card_building_sqft=6974; permit_addresses=none,,,,,2006,existing_adjudicated_year,,,,,,,
residential_multicard_20232000230000,2019,FALSE,TRUE,1223.5046274286774,5_20,1,2399,8250,0.29078787878787876,5.28,20232000230000,residential_multicard_20232000230000,20232000230000,residential_20232000230000,residential_multicard_20232000230000,2,1/2,278,1,TRUE,2,4798,1,2399,TRUE,TRUE,2020,2022,2,2,3,0,0,2,2,0,2,2,6334 S KIMBARK AVE / 6336 S KIMBARK AVE,6334 S KIMBARK AVE / 6336 S KIMBARK AVE / NA,,,0,0,FALSE,FALSE,,,"permit_chain_100838810 [exact PIN] [2019-09-13] 6334 S KIMBARK AVE / 6336 S KIMBARK AVE units=missing description=ERECT A 2 SORY, IVA FRAME SINGLE FAMILY RESIDENCE WITH BASEMENT AND DETACHED 2 CAR GARAGE PER PLANS || permit_chain_100838811 [exact PIN] [2019-09-13] 6334 S KIMBARK AVE / 6336 S KIMBARK AVE units=missing description=ERECT A 2 STORY, IVA FRAME SINGLE FAMILY RESIDENCE WITH BASEMENT AND DETACHED 2 CAR GARAGE PER PLANS","permit_chain_100838810 [2019-09-13] 6334 S KIMBARK AVE / 6336 S KIMBARK AVE units=missing description=ERECT A 2 SORY, IVA FRAME SINGLE FAMILY RESIDENCE WITH BASEMENT AND DETACHED 2 CAR GARAGE PER PLANS || permit_chain_100838811 [2019-09-13] NA units=missing description=ERECT A 2 STORY, IVA FRAME SINGLE FAMILY RESIDENCE WITH BASEMENT AND DETACHED 2 CAR GARAGE PER PLANS",,,,,,,,,,TRUE,TRUE,FALSE,FALSE,3_placebo_scope_threshold,construction_year_parcel_polygon,0,0,,,,,,,,0,0,,,,6334 S KIMBARK AVE,1,6334 S KIMBARK AVE,FALSE,FALSE,FALSE,FALSE,FALSE,FALSE,TRUE,FALSE,TRUE,FALSE,candidate_sum_supported,2,4798,6_placebo_scope_multifamily_threshold,,,,,,,,,,,,,,,,,,,,,,,,,aggregate_cards_supported_no_successor_overlap,2,4798,FALSE,retain,2,4798,contemporaneous_card_inventory,high,cards=2; card_units=2; card_building_sqft=4798; permit_addresses=6334 S KIMBARK AVE / 6336 S KIMBARK AVE,,,,,,retain,2,4798,contemporaneous_card_inventory,high,cards=2; card_units=2; card_building_sqft=4798; permit_addresses=6334 S KIMBARK AVE / 6336 S KIMBARK AVE,,,,,2019,existing_adjudicated_year,,,,,,,
residential_multicard_20232220160000,2019,FALSE,TRUE,592.5430176047321,5_20,3,4656,11677,0.3987325511689646,11.191230624304188,20232220160000,residential_multicard_20232220160000,20232220160000,residential_20232220160000,residential_multicard_20232220160000,2,1/2,211,1,TRUE,6,9312,3,4656,TRUE,TRUE,2020,2026,2,2,7,0,0,2,2,0,2,2,6653 S WOODLAWN AVE / 6657 S WOODLAWN AVE,6653 S WOODLAWN AVE / 6657 S WOODLAWN AVE / NA,3,3,2,2,TRUE,TRUE,6,6,"permit_chain_100785311 [exact PIN] [2018-12-04] 6653 S WOODLAWN AVE / 6657 S WOODLAWN AVE units=3 description=SELF-CERTIFICATION REVIEW: ERECT 2 STORY 3 D.U. BUILDING (4A CONSTRUCTION) WITH BASEMENT, 4 EXTERIOR PARKING SPACES ON CONCRETE PAD AS PER PLAN. || permit_chain_100785335 [exact PIN] [2018-12-04] 6653 S WOODLAWN AVE / 6657 S WOODLAWN AVE units=3 description=SELF-CERTIFICATION REVIEW: ERECT 2 STORY 3 D.U. BUILDING (4A CONSTRUCTION) WITH BASEMENT, 4 EXTERIOR PARKING SPACES ON CONCRETE PAD AS PER PLAN.","permit_chain_100785311 [2018-12-04] 6653 S WOODLAWN AVE / 6657 S WOODLAWN AVE units=3 description=SELF-CERTIFICATION REVIEW: ERECT 2 STORY 3 D.U. BUILDING (4A CONSTRUCTION) WITH BASEMENT, 4 EXTERIOR PARKING SPACES ON CONCRETE PAD AS PER PLAN. || permit_chain_100785335 [2018-12-04] NA units=3 description=SELF-CERTIFICATION REVIEW: ERECT 2 STORY 3 D.U. BUILDING (4A CONSTRUCTION) WITH BASEMENT, 4 EXTERIOR PARKING SPACES ON CONCRETE PAD AS PER PLAN.",6655 S WOODLAWN AVE,1,,,,,,,,TRUE,FALSE,FALSE,TRUE,4_placebo_scope_outcome,construction_year_parcel_polygon,0,0,,,,,,,,0,0,,,,,,6655 S WOODLAWN AVE,FALSE,FALSE,FALSE,FALSE,FALSE,FALSE,TRUE,FALSE,TRUE,FALSE,candidate_sum_supported,6,9312,7_placebo_scope_outcome,,,,,,,,,,,,,1,6,9312,11677,residential_multicard_20232220160000,noncondo_20232220160000 [6655 S WOODLAWN AVE] year=2019 units=6 sqft=9312 land=11677 project=residential_multicard_20232220160000,,,,,,,aggregate_cards_supported_no_successor_overlap,6,9312,FALSE,retain,6,9312,contemporaneous_card_inventory,high,cards=2; card_units=6; card_building_sqft=9312; permit_addresses=6653 S WOODLAWN AVE / 6657 S WOODLAWN AVE,,,,,,retain,6,9312,contemporaneous_card_inventory,high,cards=2; card_units=6; card_building_sqft=9312; permit_addresses=6653 S WOODLAWN AVE / 6657 S WOODLAWN AVE,,,,,2019,existing_adjudicated_year,,,,,,,
residential_multicard_13362030190000,2021,FALSE,TRUE,864.265128771327,1_32,1,1941,8682,0.22356599861783,5.017277125086386,13362030190000,residential_multicard_13362030190000,13362030190000,residential_13362030190000,residential_multicard_13362030190000,7,1/2/3/4/5/6/7,295,2,FALSE,7,12143,1,1580/1941,TRUE,TRUE,1999,2021,7,7,1,1,1,2,2,0,2,2,2245 N ROCKWELL ST / 2247 N ROCKWELL ST,2245 N ROCKWELL ST / 2247 N ROCKWELL ST / NA,,,0,0,FALSE,FALSE,,,"permit_chain_100781783 [exact PIN] [2019-03-11] 2245 N ROCKWELL ST / 2247 N ROCKWELL ST units=missing description=NEW CONSTRUCTION (4) RESIDENTIAL UNIT TOWNHOUSE BUILDING 'A', 3 STORIES + BASEMENT. SOLID MASONRY 3-B CONSTRUCTION || permit_chain_100781786 [exact PIN] [2019-03-11] 2245 N ROCKWELL ST / 2247 N ROCKWELL ST units=missing description=NEW CONSTRUCTION (3) RESIDENTIAL UNIT TOWNHOUSE BUILDING 'B', 3 STORIES + BASEMENT AND ATTACHED PRIVATE GARAGE FOR (3) INDIVIDUAL UNITS AND PRIVATE GARAGE FOR BLDG 'A'. SOLID MASONRY 3-B CONSTRUCTION","permit_chain_100781783 [2019-03-11] 2245 N ROCKWELL ST / 2247 N ROCKWELL ST units=missing description=NEW CONSTRUCTION (4) RESIDENTIAL UNIT TOWNHOUSE BUILDING 'A', 3 STORIES + BASEMENT. SOLID MASONRY 3-B CONSTRUCTION || permit_chain_100781786 [2019-03-11] NA units=missing description=NEW CONSTRUCTION (3) RESIDENTIAL UNIT TOWNHOUSE BUILDING 'B', 3 STORIES + BASEMENT AND ATTACHED PRIVATE GARAGE FOR (3) INDIVIDUAL UNITS AND PRIVATE GARAGE FOR BLDG 'A'. SOLID MASONRY 3-B CONSTRUCTION",,,,,,,,,,TRUE,TRUE,FALSE,FALSE,3_placebo_scope_threshold,construction_year_parcel_polygon,2,0,0,0/1896,1,1,1746,1791.2499997114646,city_building_268713 address=2245 2245 N ROCKWELL ST; year=1896; units=1; building_sqft=1746; overlap=1 || city_building_268733 address=0 0; year=0; units=0; building_sqft=0; overlap=1,0,0,,,,2245 N ROCKWELL ST,1,2245 N ROCKWELL ST,TRUE,FALSE,FALSE,FALSE,FALSE,FALSE,FALSE,TRUE,FALSE,FALSE,candidate_selected_card_supported,1,1941,6_placebo_scope_multifamily_threshold,,,,,,,,,,,,,,,,,,,,,,,,,selected_card_supported_no_successor_overlap,1,1941,FALSE,retain,7,12143,contemporaneous_card_inventory,high,cards=7; card_units=7; card_building_sqft=12143; permit_addresses=2245 N ROCKWELL ST / 2247 N ROCKWELL ST,,,,,,retain,7,12143,contemporaneous_card_inventory,high,cards=7; card_units=7; card_building_sqft=12143; permit_addresses=2245 N ROCKWELL ST / 2247 N ROCKWELL ST,,,,,2021,existing_adjudicated_year,,,,,,,
residential_multicard_20034000320000,2021,FALSE,TRUE,506.1392034019845,3_4,1,2299,3606,0.6375485302273988,12.079866888519136,20034000320000,residential_multicard_20034000320000,20034000320000,residential_20034000320000,residential_multicard_20034000320000,2,1/2,295,1,TRUE,2,4598,1,2299,TRUE,TRUE,2022,2024,2,2,3,0,0,1,1,0,1,1,4330 S VERNON AVE,4330 S VERNON AVE,5,5,1,1,TRUE,TRUE,5,5,"permit_chain_100802189 [exact PIN] [2019-07-02] 4330 S VERNON AVE units=5 description=SELF-CERT: ERECT NEW 2 STORY, IV-A, 5DU TOWNHOUSE BUILDING W/BASEMENT AS PER PLANS CURRENT USE: VACANT LAND/PROPOSED USE:5DU TOWNHOUSE BUILDING PER PLANS.","permit_chain_100802189 [2019-07-02] 4330 S VERNON AVE units=5 description=SELF-CERT: ERECT NEW 2 STORY, IV-A, 5DU TOWNHOUSE BUILDING W/BASEMENT AS PER PLANS CURRENT USE: VACANT LAND/PROPOSED USE:5DU TOWNHOUSE BUILDING PER PLANS.",,,,,,,,,,TRUE,TRUE,FALSE,FALSE,3_placebo_scope_threshold,construction_year_parcel_polygon,1,0,0,0,1,1,7200,3571.500000062457,city_building_432405 address=4330 4330 S VERNON AVE; year=0; units=1; building_sqft=7200; overlap=1,0,0,,,,4332 S VERNON AVE,1,4332 S VERNON AVE,TRUE,FALSE,FALSE,FALSE,FALSE,FALSE,FALSE,TRUE,FALSE,FALSE,candidate_selected_card_supported,1,2299,6_placebo_scope_multifamily_threshold,,,,,,,,,,,,,,,,,,,,,,,,,selected_card_supported_no_successor_overlap,1,2299,FALSE,retain,2,4598,contemporaneous_card_inventory,high,cards=2; card_units=2; card_building_sqft=4598; permit_addresses=4330 S VERNON AVE,,,,,,suppress_cross_project_duplicate,,,cross_project_duplicate_episode,high,The 2021 assessor cards at 4332 S Vernon are later records for units in the five-townhouse project already retained from the 2019 construction episode at 4330-4338 S Vernon.,,,,,2021,existing_adjudicated_year,,,,,residential_adjudicated_vernon_2019,high,The 2021 assessor cards at 4332 S Vernon are later records for units in the five-townhouse project already retained from the 2019 construction episode at 4330-4338 S Vernon.
residential_multicard_13103220100000,2013,FALSE,TRUE,1074.5121839034275,39_45,1,641,3990,0.1606516290726817,10.917293233082706,13103220100000,residential_multicard_13103220100000,13103220100000,residential_13103220100000,residential_multicard_13103220100000,1,2,202,1,TRUE,1,641,1,641,TRUE,TRUE,1999,2026,2,2,20,2,2,0,0,0,,,,,,,0,0,,,,,,,4931 N KENNETH AVE,1,,,,,,,,FALSE,FALSE,FALSE,FALSE,5_confirmation,construction_year_parcel_polygon,2,0,0,0/1948,1,1,593,1633.8750000598377,city_building_96652 address=4931 4931 N KENNETH AVE; year=1948; units=1; building_sqft=593; overlap=1 || city_building_96605 address=0 0; year=0; units=0; building_sqft=0; overlap=0.992,0,0,,,,,,4931 N KENNETH AVE,TRUE,TRUE,TRUE,TRUE,FALSE,FALSE,FALSE,FALSE,FALSE,FALSE,resolved_single_target_year_card,1,641,1_single_target_confirmation,,,,,,,,,,,,,,,,,,,,,,,,,single_target_card_no_successor_overlap,1,641,FALSE,retain,1,641,contemporaneous_card_inventory,high,cards=1; card_units=1; card_building_sqft=641; permit_addresses=none,,,,,,retain,1,641,contemporaneous_card_inventory,high,cards=1; card_units=1; card_building_sqft=641; permit_addresses=none,,,,,2013,existing_adjudicated_year,,,,,,,
residential_multicard_13132330110000,2008,FALSE,TRUE,1110.740747924127,33_47,1,401,3750,0.10693333333333334,11.616,13132330110000,residential_multicard_13132330110000,13132330110000,residential_13132330110000,residential_multicard_13132330110000,1,2,207,1,TRUE,1,401,1,401,TRUE,TRUE,1999,2026,2,2,5,1,0,0,0,0,,,,,,,0,0,,,,,,,4425 N CAMPBELL AVE 1,1,,,,,,,,FALSE,FALSE,FALSE,FALSE,5_confirmation,construction_year_parcel_polygon,2,0,0,0/1914,2,2,2470,1814.624999997788,city_building_125644 address=4425 4425 N CAMPBELL AVE; year=1914; units=2; building_sqft=2470; overlap=1 || city_building_125676 address=0 0; year=0; units=0; building_sqft=0; overlap=1,0,0,,,,,,4425 N CAMPBELL AVE 1,FALSE,FALSE,FALSE,FALSE,FALSE,FALSE,FALSE,FALSE,FALSE,FALSE,resolved_single_target_year_card,1,401,1_single_target_confirmation,,,,,,,,,,,,,,,,,,,,,,,,,single_target_card_no_successor_overlap,1,401,FALSE,retain,1,401,contemporaneous_card_inventory,high,cards=1; card_units=1; card_building_sqft=401; permit_addresses=none,,,,,,retain,1,401,contemporaneous_card_inventory,high,cards=1; card_units=1; card_building_sqft=401; permit_addresses=none,,,,,2008,existing_adjudicated_year,,,,,,,
residential_multicard_13134140190000,2015,FALSE,TRUE,1052.3654116718812,33_47,1,2916,4687,0.6221463622786431,9.293791337742691,13134140190000,residential_multicard_13134140190000,13134140190000,residential_13134140190000,residential_multicard_13134140190000,1,1,278,1,TRUE,1,2916,1,2916,TRUE,TRUE,1999,2026,2,2,18,2,1,1,1,0,1,1,2450 W BELLE PLAINE AVE,2450 W BELLE PLAINE AVE,,,0,0,FALSE,FALSE,,,permit_chain_100670359 [exact PIN] [2016-11-01] 2450 W BELLE PLAINE AVE units=missing description=NEW 2 STORY FRAME SFR WITH BASEMENT AND DETACHED 3 CAR FRAME GARAGE. CONDITIONAL PERMIT SUBJECT TO FIELD INSPECTION.,permit_chain_100670359 [2016-11-01] 2450 W BELLE PLAINE AVE units=missing description=NEW 2 STORY FRAME SFR WITH BASEMENT AND DETACHED 3 CAR FRAME GARAGE. CONDITIONAL PERMIT SUBJECT TO FIELD INSPECTION.,2450 W BELLE PLAINE AVE,1,,,,,,,,FALSE,FALSE,FALSE,FALSE,5_confirmation,construction_year_parcel_polygon,3,0,0,0/1905,1,1,1379,2714.4999997860286,city_building_146906 address=2450 2450 W BELLE PLAINE AVE; year=1905; units=1; building_sqft=1379; overlap=1 || city_building_146307 address=0 0; year=0; units=0; building_sqft=0; overlap=1 || city_building_146323 address=0 0; year=0; units=0; building_sqft=0; overlap=0.501,0,0,,,,,,2450 W BELLE PLAINE AVE,TRUE,TRUE,FALSE,FALSE,FALSE,FALSE,FALSE,FALSE,FALSE,FALSE,resolved_single_target_year_card,1,2916,1_single_target_confirmation,,,,,,,,,,,,,1,1,2916,4687,residential_multicard_13134140190000,noncondo_13134140190000 [2450 W BELLE PLAINE AVE] year=2015 units=1 sqft=2916 land=4687 project=residential_multicard_13134140190000,,,,,,,single_target_card_no_successor_overlap,1,2916,FALSE,retain,1,2916,contemporaneous_card_inventory,high,cards=1; card_units=1; card_building_sqft=2916; permit_addresses=2450 W BELLE PLAINE AVE,,,,,,retain,1,2916,contemporaneous_card_inventory,high,cards=1; card_units=1; card_building_sqft=2916; permit_addresses=2450 W BELLE PLAINE AVE,,,,,2015,existing_adjudicated_year,,,,,,,
residential_multicard_13143070380000,2022,FALSE,TRUE,1170.0091683942892,35_39,1,745,3750,0.19866666666666663,11.616,13143070380000,residential_multicard_13143070380000,13143070380000,residential_13143070380000,residential_multicard_13143070380000,1,2,207,1,TRUE,1,745,1,745,TRUE,TRUE,1999,2026,2,2,5,1,0,0,0,0,,,,,,,0,0,,,,,,,4304 N CENTRAL PARK AVE,1,,,,,,,,FALSE,FALSE,FALSE,FALSE,5_confirmation,construction_year_parcel_polygon,2,0,0,0/1916,2,2,2506,1959.2499999985448,city_building_135563 address=4304 4304 N CENTRAL PARK AVE; year=1916; units=2; building_sqft=2506; overlap=1 || city_building_135627 address=0 0; year=0; units=0; building_sqft=0; overlap=1,0,0,,,,,,4304 N CENTRAL PARK AVE,FALSE,FALSE,FALSE,FALSE,FALSE,FALSE,FALSE,FALSE,FALSE,FALSE,resolved_single_target_year_card,1,745,1_single_target_confirmation,,,,,,,,,,,,,,,,,,,,,,,,,single_target_card_no_successor_overlap,1,745,FALSE,retain,1,745,contemporaneous_card_inventory,high,cards=1; card_units=1; card_building_sqft=745; permit_addresses=none,,,,,,retain,1,745,contemporaneous_card_inventory,high,cards=1; card_units=1; card_building_sqft=745; permit_addresses=none,,,,,2022,existing_adjudicated_year,,,,,,,
residential_multicard_13241060300000,2015,FALSE,TRUE,1103.5019372466847,33_47,1,2614,3125,0.83648,13.9392,13241060300000,residential_multicard_13241060300000,13241060300000,residential_13241060300000,residential_multicard_13241060300000,1,1,278,1,TRUE,1,2614,1,2614,TRUE,TRUE,1999,2026,2,2,18,2,2,1,1,0,1,1,3918 N MOZART ST,3918 N MOZART ST,,,0,0,FALSE,FALSE,,,"permit_chain_100610335 [exact PIN] [2015-09-15] 3918 N MOZART ST units=missing description=ERECT TWO STORY FRAME SINGLE FAMILY RESIDENCE WITH BASEMENT AND DETACHED TWO CAR GARAGE, AS PER ARCHITECT'S PLANS.","permit_chain_100610335 [2015-09-15] 3918 N MOZART ST units=missing description=ERECT TWO STORY FRAME SINGLE FAMILY RESIDENCE WITH BASEMENT AND DETACHED TWO CAR GARAGE, AS PER ARCHITECT'S PLANS.",3918 N MOZART ST,1,,,,,,,,FALSE,FALSE,FALSE,FALSE,5_confirmation,construction_year_parcel_polygon,2,0,0,0/1908,2,2,1980,1905.1250000945872,city_building_156416 address=0 0; year=0; units=0; building_sqft=0; overlap=1 || city_building_156410 address=3918 3918 N MOZART ST; year=1908; units=2; building_sqft=1980; overlap=0.939,0,0,,,,,,3918 N MOZART ST,FALSE,FALSE,FALSE,FALSE,FALSE,FALSE,FALSE,FALSE,FALSE,FALSE,resolved_single_target_year_card,1,2614,1_single_target_confirmation,,,,,,,,,,,,,1,1,2614,3125,residential_multicard_13241060300000,noncondo_13241060300000 [3918 N MOZART ST] year=2015 units=1 sqft=2614 land=3125 project=residential_multicard_13241060300000,,,,,,,single_target_card_no_successor_overlap,1,2614,FALSE,retain,1,2614,contemporaneous_card_inventory,high,cards=1; card_units=1; card_building_sqft=2614; permit_addresses=3918 N MOZART ST,,,,,,retain,1,2614,contemporaneous_card_inventory,high,cards=1; card_units=1; card_building_sqft=2614; permit_addresses=3918 N MOZART ST,,,,,2015,existing_adjudicated_year,,,,,,,
residential_multicard_13241220410000,2014,FALSE,TRUE,811.9191489381618,33_47,1,2586,3125,0.82752,13.9392,13241220410000,residential_multicard_13241220410000,13241220410000,residential_13241220410000,residential_multicard_13241220410000,1,1,278,1,TRUE,1,2586,1,2586,TRUE,TRUE,1999,2026,2,2,16,1,1,0,0,0,,,,,,,0,0,,,,,,,3710 N MOZART ST,1,,,,,,,,FALSE,FALSE,FALSE,FALSE,5_confirmation,construction_year_parcel_polygon,2,0,0,0/1908,1,1,1035,1243.875000000931,city_building_171635 address=3710 3710 N MOZART ST; year=1908; units=1; building_sqft=1035; overlap=0.779 || city_building_171629 address=0 0; year=0; units=0; building_sqft=0; overlap=0.814,0,0,,,,,,3710 N MOZART ST,TRUE,TRUE,FALSE,FALSE,FALSE,FALSE,FALSE,FALSE,FALSE,FALSE,resolved_single_target_year_card,1,2586,1_single_target_confirmation,,,,,,,,,,,,,1,1,2586,3125,residential_multicard_13241220410000,noncondo_13241220410000 [3710 N MOZART ST] year=2014 units=1 sqft=2586 land=3125 project=residential_multicard_13241220410000,,,,,,,single_target_card_no_successor_overlap,1,2586,FALSE,retain,1,2586,contemporaneous_card_inventory,high,cards=1; card_units=1; card_building_sqft=2586; permit_addresses=none,,,,,,retain,1,2586,contemporaneous_card_inventory,high,cards=1; card_units=1; card_building_sqft=2586; permit_addresses=none,,,,,2014,existing_adjudicated_year,,,,,,,
residential_multicard_13262180680000,2018,FALSE,TRUE,1085.42098354119,33_35,1,2310,2975,0.7764705882352941,14.642016806722689,13262180680000,residential_multicard_13262180680000,13262180680000,residential_13262180680000,residential_multicard_13262180680000,1,1,278,1,TRUE,1,2310,1,2310,TRUE,TRUE,1999,2026,2,2,9,1,1,1,1,0,1,1,2860 N WOODARD ST,2860 N WOODARD ST,,,0,0,FALSE,FALSE,,,permit_chain_100776184 [exact PIN] [2018-09-22] 2860 N WOODARD ST units=missing description=ERECT SINGLE FAMILY 2 STORY RESIDENCE WITH BASEMENT. ERECT 2 CAR GARAGE WITH STAIRS AND ROOFTOP DECK. ERECT 5 FEET HIGH WROUGHT IRON FENCE.,permit_chain_100776184 [2018-09-22] 2860 N WOODARD ST units=missing description=ERECT SINGLE FAMILY 2 STORY RESIDENCE WITH BASEMENT. ERECT 2 CAR GARAGE WITH STAIRS AND ROOFTOP DECK. ERECT 5 FEET HIGH WROUGHT IRON FENCE.,2860 N WOODARD ST 2,1,,,,,,,,FALSE,FALSE,FALSE,FALSE,5_confirmation,construction_year_parcel_polygon,2,0,0,0/1896,3,3,1920,1868.5000000186265,city_building_235219 address=2860 2860 N WOODARD ST; year=1896; units=3; building_sqft=1920; overlap=0.882 || city_building_234849 address=0 0; year=0; units=0; building_sqft=0; overlap=0.999,0,0,,,,,,2860 N WOODARD ST 2,FALSE,FALSE,FALSE,FALSE,FALSE,FALSE,FALSE,FALSE,FALSE,FALSE,resolved_single_target_year_card,1,2310,1_single_target_confirmation,,,,,,,,,,,,,1,1,2310,2975,residential_multicard_13262180680000,noncondo_13262180680000 [2860 N WOODARD ST 2] year=2018 units=1 sqft=2310 land=2975 project=residential_multicard_13262180680000,,,,,,,single_target_card_no_successor_overlap,1,2310,FALSE,retain,1,2310,contemporaneous_card_inventory,high,cards=1; card_units=1; card_building_sqft=2310; permit_addresses=2860 N WOODARD ST,,,,,,retain,1,2310,contemporaneous_card_inventory,high,cards=1; card_units=1; card_building_sqft=2310; permit_addresses=2860 N WOODARD ST,,,,,2018,existing_adjudicated_year,,,,,,,
residential_multicard_13282120230000,2010,FALSE,TRUE,569.024759491768,30_31,1,1249,3875,0.3223225806451613,11.241290322580646,13282120230000,residential_multicard_13282120230000,13282120230000,residential_13282120230000,residential_multicard_13282120230000,1,2,203,1,TRUE,1,1249,1,1249,TRUE,TRUE,1999,2026,2,2,1,1,0,0,0,0,,,,,,,0,0,,,,,,,5148 W WELLINGTON AVE 1,1,,,,,,,,FALSE,FALSE,FALSE,FALSE,5_confirmation,construction_year_parcel_polygon,2,0,0,0/1919,1,1,1154,2210.625000043772,city_building_230232 address=5148 5148 W WELLINGTON AVE; year=1919; units=1; building_sqft=1154; overlap=1 || city_building_229572 address=0 0; year=0; units=0; building_sqft=0; overlap=1,0,0,,,,,,5148 W WELLINGTON AVE 1,TRUE,TRUE,TRUE,TRUE,FALSE,FALSE,FALSE,FALSE,FALSE,FALSE,resolved_single_target_year_card,1,1249,1_single_target_confirmation,,,,,,,,,,,,,,,,,,,,,,,,,single_target_card_no_successor_overlap,1,1249,FALSE,retain,1,1249,contemporaneous_card_inventory,high,cards=1; card_units=1; card_building_sqft=1249; permit_addresses=none,,,,,,retain,1,1249,contemporaneous_card_inventory,high,cards=1; card_units=1; card_building_sqft=1249; permit_addresses=none,,,,,2010,existing_adjudicated_year,,,,,,,
residential_multicard_13354120460000,2014,FALSE,TRUE,1178.0999882527128,26_35,1,2000,4425,0.4519774011299435,9.844067796610169,13354120460000,residential_multicard_13354120460000,13354120460000,residential_13354120460000,residential_multicard_13354120460000,1,1,207,1,TRUE,1,2000,1,2000,TRUE,TRUE,1999,2026,2,2,14,1,1,1,1,0,1,1,1724 N DRAKE AVE,1724 N DRAKE AVE,,,0,0,FALSE,FALSE,,,permit_chain_100544608 [exact PIN] [2014-07-14] 1724 N DRAKE AVE units=missing description=NEW TWO STORY FRAME SFR WITH BASEMENT AND OPEN FRAME FRONT PORCH. NEW REAR WOOD DECK AND A DETACHED TWO CAR FRAME GARAGE AS PER PLANS,permit_chain_100544608 [2014-07-14] 1724 N DRAKE AVE units=missing description=NEW TWO STORY FRAME SFR WITH BASEMENT AND OPEN FRAME FRONT PORCH. NEW REAR WOOD DECK AND A DETACHED TWO CAR FRAME GARAGE AS PER PLANS,1724 N DRAKE AVE,1,,,,,,,,FALSE,FALSE,FALSE,FALSE,5_confirmation,construction_year_parcel_polygon,3,0,0,0,,,,2703.7499999749125,city_building_299296 address=1724 1724 N DRAKE AVE; year=0; units=0; building_sqft=0; overlap=0.99 || city_building_299281 address=1724 1724 N DRAKE AVE; year=0; units=0; building_sqft=0; overlap=0.993 || city_building_299320 address=0 0; year=0; units=0; building_sqft=0; overlap=1,0,0,,,,,,1724 N DRAKE AVE,FALSE,FALSE,FALSE,FALSE,FALSE,FALSE,FALSE,FALSE,FALSE,FALSE,resolved_single_target_year_card,1,2000,1_single_target_confirmation,,,,,,,,,,,,,1,1,2000,4425,residential_multicard_13354120460000,noncondo_13354120460000 [1724 N DRAKE AVE] year=2014 units=1 sqft=2000 land=4425 project=residential_multicard_13354120460000,,,,,,,single_target_card_no_successor_overlap,1,2000,FALSE,retain,1,2000,contemporaneous_card_inventory,high,cards=1; card_units=1; card_building_sqft=2000; permit_addresses=1724 N DRAKE AVE,,,,,,retain,1,2000,contemporaneous_card_inventory,high,cards=1; card_units=1; card_building_sqft=2000; permit_addresses=1724 N DRAKE AVE,,,,,2014,existing_adjudicated_year,,,,,,,
residential_multicard_13364180150000,2015,FALSE,TRUE,909.9354471729414,1_26,1,1465,3125,0.4688,13.9392,13364180150000,residential_multicard_13364180150000,13364180150000,residential_13364180150000,residential_multicard_13364180150000,1,3,207,1,TRUE,1,1465,1,1465,TRUE,TRUE,1999,2026,3,2,28,2,0,0,0,0,,,,,,,0,0,,,,,,,1721 N FAIRFIELD AVE,1,,,,,,,,FALSE,FALSE,FALSE,FALSE,5_confirmation,construction_year_parcel_polygon,2,0,0,0/1891,1,1,726,1397.3749999206048,city_building_298627 address=1721 1721 N FAIRFIELD AVE; year=1891; units=1; building_sqft=726; overlap=0.921 || city_building_298650 address=0 0; year=0; units=0; building_sqft=0; overlap=1,0,0,,,,,,1721 N FAIRFIELD AVE,TRUE,TRUE,FALSE,FALSE,FALSE,FALSE,FALSE,FALSE,FALSE,FALSE,resolved_single_target_year_card,1,1465,1_single_target_confirmation,,,,,,,,,,,,,,,,,,,,,,,,,single_target_card_no_successor_overlap,1,1465,FALSE,retain,1,1465,contemporaneous_card_inventory,high,cards=1; card_units=1; card_building_sqft=1465; permit_addresses=none,,,,,,retain,1,1465,contemporaneous_card_inventory,high,cards=1; card_units=1; card_building_sqft=1465; permit_addresses=none,,,,,2015,existing_adjudicated_year,,,,,,,
residential_multicard_14173020100000,2008,FALSE,TRUE,533.7181496319839,46_47,1,3914,4980,0.7859437751004016,8.74698795180723,14173020100000,residential_multicard_14173020100000,14173020100000,residential_14173020100000,residential_multicard_14173020100000,1,1,208,1,TRUE,1,3914,1,3914,TRUE,TRUE,1999,2026,2,2,4,1,1,0,0,0,,,,,,,0,0,,,,,,,4301 N GREENVIEW AVE,1,,,,,,,,FALSE,FALSE,FALSE,FALSE,5_confirmation,construction_year_parcel_polygon,2,0,0,0/1955,2,2,2186,2544.374999885331,city_building_132644 address=4301 4301 N GREENVIEW AVE; year=1955; units=2; building_sqft=2186; overlap=1 || city_building_132633 address=0 0; year=0; units=0; building_sqft=0; overlap=1,0,0,,,,,,4301 N GREENVIEW AVE,FALSE,FALSE,FALSE,FALSE,FALSE,FALSE,FALSE,FALSE,FALSE,FALSE,resolved_single_target_year_card,1,3914,1_single_target_confirmation,,,,,,,,,,,,,1,1,3914,4980,residential_multicard_14173020100000,noncondo_14173020100000 [4301 N GREENVIEW AVE] year=2008 units=1 sqft=3914 land=4980 project=residential_multicard_14173020100000,,,,,,,single_target_card_no_successor_overlap,1,3914,FALSE,retain,1,3914,contemporaneous_card_inventory,high,cards=1; card_units=1; card_building_sqft=3914; permit_addresses=none,,,,,,retain,1,3914,contemporaneous_card_inventory,high,cards=1; card_units=1; card_building_sqft=3914; permit_addresses=none,,,,,2008,existing_adjudicated_year,,,,,,,
residential_multicard_14181060480000,2022,FALSE,TRUE,1092.6755485146457,40_47,1,754,3690,0.2043360433604336,11.804878048780488,14181060480000,residential_multicard_14181060480000,14181060480000,residential_14181060480000,residential_multicard_14181060480000,1,2,207,1,TRUE,1,754,1,754,TRUE,TRUE,1999,2026,2,2,1,1,0,0,0,0,,,,,,,0,0,,,,,,,2218 W LELAND AVE,1,,,,,,,,FALSE,FALSE,FALSE,FALSE,5_confirmation,construction_year_parcel_polygon,2,0,0,0/1911,2,2,2918,1842.2500000677535,city_building_108753 address=2218 2218 W LELAND AVE; year=1911; units=2; building_sqft=2918; overlap=0.99 || city_building_108329 address=0 0; year=0; units=0; building_sqft=0; overlap=0.971,0,0,,,,,,2218 W LELAND AVE,FALSE,FALSE,FALSE,FALSE,FALSE,FALSE,FALSE,FALSE,FALSE,FALSE,resolved_single_target_year_card,1,754,1_single_target_confirmation,,,,,,,,,,,,,,,,,,,,,,,,,single_target_card_no_successor_overlap,1,754,FALSE,retain,1,754,contemporaneous_card_inventory,high,cards=1; card_units=1; card_building_sqft=754; permit_addresses=none,,,,,,retain,1,754,contemporaneous_card_inventory,high,cards=1; card_units=1; card_building_sqft=754; permit_addresses=none,,,,,2022,existing_adjudicated_year,,,,,,,
residential_multicard_14193210260000,2022,FALSE,TRUE,1283.097682492304,32_47,1,2725,2976,0.9156586021505376,14.637096774193548,14193210260000,residential_multicard_14193210260000,14193210260000,residential_14193210260000,residential_multicard_14193210260000,1,1,278,1,TRUE,1,2725,1,2725,TRUE,TRUE,1999,2026,2,2,23,1,1,1,1,0,1,1,3301 N HAMILTON AVE,3301 N HAMILTON AVE,,,0,0,FALSE,FALSE,,,"permit_chain_100915804 [exact PIN] [2021-07-09] 3301 N HAMILTON AVE units=missing description=SC 2019 CBC - NEW 2 STORY FRAME & BRICK SFR BUILDING W/ BASEMENT PER PLANS - NEW FRAME GARAGE WITH ROOF DECK AND PERGOLA. VA CONST., R5 USE.","permit_chain_100915804 [2021-07-09] 3301 N HAMILTON AVE units=missing description=SC 2019 CBC - NEW 2 STORY FRAME & BRICK SFR BUILDING W/ BASEMENT PER PLANS - NEW FRAME GARAGE WITH ROOF DECK AND PERGOLA. VA CONST., R5 USE.",3301 N HAMILTON AVE 2ND,1,,,,,,,,FALSE,FALSE,FALSE,FALSE,5_confirmation,construction_year_parcel_polygon,2,0,0,0,,,,2689.500000095461,city_building_202074 address=3301 3301 N HAMILTON AVE; year=0; units=0; building_sqft=0; overlap=0.946 || city_building_202081 address=2116 2116 W SCHOOL ST; year=0; units=0; building_sqft=0; overlap=0.952,0,0,,,,,,3301 N HAMILTON AVE 2ND,FALSE,FALSE,FALSE,FALSE,FALSE,FALSE,FALSE,FALSE,FALSE,FALSE,resolved_single_target_year_card,1,2725,1_single_target_confirmation,,,,,,,,,,,,,1,1,2725,2976,residential_multicard_14193210260000,noncondo_14193210260000 [3301 N HAMILTON AVE 2ND] year=2022 units=1 sqft=2725 land=2976 project=residential_multicard_14193210260000,,,,,,,single_target_card_no_successor_overlap,1,2725,FALSE,retain,1,2725,contemporaneous_card_inventory,high,cards=1; card_units=1; card_building_sqft=2725; permit_addresses=3301 N HAMILTON AVE,,,,,,retain,1,2725,contemporaneous_card_inventory,high,cards=1; card_units=1; card_building_sqft=2725; permit_addresses=3301 N HAMILTON AVE,,,,,2022,existing_adjudicated_year,,,,,,,
residential_multicard_14193220270000,2011,FALSE,TRUE,1258.5051099671114,32_47,1,2905,3100,0.9370967741935484,14.051612903225806,14193220270000,residential_multicard_14193220270000,14193220270000,residential_14193220270000,residential_multicard_14193220270000,1,1,278,1,TRUE,1,2905,1,2905,TRUE,TRUE,1999,2026,2,2,14,1,1,1,1,0,1,1,3303 N HOYNE AVE,3303 N HOYNE AVE,,,0,0,FALSE,FALSE,,,"permit_chain_100423608 [exact PIN] [2012-01-10] 3303 N HOYNE AVE units=missing description=NEW TWO STORY SINGLE FAMILY RESIDENCE, BRICK AND FRAME, WITH BASEMENT AND PRIVATE TWO CAR GARAGE EITH A ROOF TOP DECK AS PER PLANS********THIS PERMIT IS SUBJECT TO AUDIT AND FIELD INSPECTION********","permit_chain_100423608 [2012-01-10] 3303 N HOYNE AVE units=missing description=NEW TWO STORY SINGLE FAMILY RESIDENCE, BRICK AND FRAME, WITH BASEMENT AND PRIVATE TWO CAR GARAGE EITH A ROOF TOP DECK AS PER PLANS********THIS PERMIT IS SUBJECT TO AUDIT AND FIELD INSPECTION********",3303 N HOYNE AVE,1,,,,,,,,FALSE,FALSE,FALSE,FALSE,5_confirmation,construction_year_parcel_polygon,2,0,0,0,,,,2005.7499999059364,city_building_201644 address=3303 3303 N HOYNE AVE; year=0; units=0; building_sqft=0; overlap=0.975 || city_building_201616 address=3303 3303 N HOYNE AVE; year=0; units=0; building_sqft=0; overlap=0.898,0,0,,,,,,3303 N HOYNE AVE,FALSE,FALSE,FALSE,FALSE,FALSE,FALSE,FALSE,FALSE,FALSE,FALSE,resolved_single_target_year_card,1,2905,1_single_target_confirmation,,,,,,,,,,,,,1,1,2905,3100,residential_multicard_14193220270000,noncondo_14193220270000 [3303 N HOYNE AVE] year=2011 units=1 sqft=2905 land=3100 project=residential_multicard_14193220270000,,,,,,,single_target_card_no_successor_overlap,1,2905,FALSE,retain,1,2905,contemporaneous_card_inventory,high,cards=1; card_units=1; card_building_sqft=2905; permit_addresses=3303 N HOYNE AVE,,,,,,retain,1,2905,contemporaneous_card_inventory,high,cards=1; card_units=1; card_building_sqft=2905; permit_addresses=3303 N HOYNE AVE,,,,,2011,existing_adjudicated_year,,,,,,,
residential_multicard_14193250380000,2006,FALSE,TRUE,611.8311141468762,1_32,1,2904,2880,1.0083333333333333,15.125,14193250380000,residential_multicard_14193250380000,14193250380000,residential_14193250380000,residential_multicard_14193250380000,1,1,278,1,TRUE,1,2904,1,2904,TRUE,TRUE,1999,2026,2,2,7,1,2,0,0,0,,,,,,,0,0,,,,,,,3252 N LEAVITT ST REAR,1,,,,,,,,FALSE,FALSE,FALSE,FALSE,5_confirmation,construction_year_parcel_polygon,2,2,0,2005,,,,1841.4099998487509,city_building_834924 address=3252 3252 N LEAVITT ST; year=2005; units=0; building_sqft=0; overlap=1 || city_building_834923 address=0 0; year=2005; units=0; building_sqft=0; overlap=1,0,0,,,,,,3252 N LEAVITT ST REAR,FALSE,FALSE,FALSE,FALSE,FALSE,FALSE,FALSE,FALSE,FALSE,FALSE,resolved_single_target_year_card,1,2904,1_single_target_confirmation,,,,,,,,,,,,,1,1,2904,2880,residential_multicard_14193250380000,noncondo_14193250380000 [3252 N LEAVITT ST REAR] year=2006 units=1 sqft=2904 land=2880 project=residential_multicard_14193250380000,,,,,,,single_target_card_no_successor_overlap,1,2904,FALSE,retain,1,2904,contemporaneous_card_inventory,high,cards=1; card_units=1; card_building_sqft=2904; permit_addresses=none,,,,,,retain,1,2904,contemporaneous_card_inventory,high,cards=1; card_units=1; card_building_sqft=2904; permit_addresses=none,,,,,2006,existing_adjudicated_year,,,,,,,
residential_multicard_14194190270000,2006,FALSE,TRUE,1231.399389628802,32_47,1,4456,4687,0.95071474290591,9.293791337742691,14194190270000,residential_multicard_14194190270000,14194190270000,residential_14194190270000,residential_multicard_14194190270000,1,1,208,1,TRUE,1,4456,1,4456,TRUE,TRUE,1999,2026,2,2,8,1,1,1,0,1,1,0,1944 W SCHOOL ST,,,,0,0,FALSE,FALSE,,,permit_chain_100138548 [project polygon] [2006-09-25] 1944 W SCHOOL ST units=missing description=ERECT A NEW TWO STORY W/BASEMENT SINGLE FAMILY RESIDENCE WITH DETACHED GARAGE AS PER PLANS.,[]  units= description=,1944 W SCHOOL ST,1,,,,,,,,FALSE,FALSE,FALSE,FALSE,5_confirmation,construction_year_parcel_polygon,2,1,0,0/2008,1,1,,2873.384438123496,city_building_889683 address=1944 1944 W SCHOOL ST; year=2008; units=1; building_sqft=0; overlap=1 || city_building_200575 address=0 0; year=0; units=0; building_sqft=0; overlap=0.986,1,1,2008,2356.248994231224,cook_2008_563279 address=1944 1944 W SCHOOL ST; year=2008; overlap=1,,,1944 W SCHOOL ST,TRUE,TRUE,FALSE,FALSE,FALSE,FALSE,FALSE,FALSE,FALSE,FALSE,resolved_single_target_year_card,1,4456,1_single_target_confirmation,,,,,,,,,,,,,1,1,4456,4687,residential_multicard_14194190270000,noncondo_14194190270000 [1944 W SCHOOL ST] year=2006 units=1 sqft=4456 land=4687 project=residential_multicard_14194190270000,,,,,,,single_target_card_no_successor_overlap,1,4456,FALSE,retain,1,4456,contemporaneous_card_inventory,high,cards=1; card_units=1; card_building_sqft=4456; permit_addresses=1944 W SCHOOL ST,,,,,,retain,1,4456,contemporaneous_card_inventory,high,cards=1; card_units=1; card_building_sqft=4456; permit_addresses=1944 W SCHOOL ST,,,,,2006,existing_adjudicated_year,,,,,,,
residential_multicard_14194200130000,2014,FALSE,TRUE,757.7710229822313,32_47,1,2660,3125,0.8512,13.9392,14194200130000,residential_multicard_14194200130000,14194200130000,residential_14194200130000,residential_multicard_14194200130000,1,1,278,1,TRUE,1,2660,1,2660,TRUE,TRUE,1999,2026,2,2,16,1,1,1,1,0,1,1,1819 W ROSCOE ST,1819 W ROSCOE ST,,,0,0,FALSE,FALSE,,,"permit_chain_100523763 [exact PIN] [2014-01-28] 1819 W ROSCOE ST units=missing description=ERECT A 2 STORY , IVA FRAME SINGLE FAMILY RESIDENCE WITH BASEMENT AND 2 CAR GARAGE WITH ROOF DECK PER PLANS","permit_chain_100523763 [2014-01-28] 1819 W ROSCOE ST units=missing description=ERECT A 2 STORY , IVA FRAME SINGLE FAMILY RESIDENCE WITH BASEMENT AND 2 CAR GARAGE WITH ROOF DECK PER PLANS",1819 W ROSCOE ST,1,,,,,,,,FALSE,FALSE,FALSE,FALSE,5_confirmation,construction_year_parcel_polygon,2,0,0,0/1896,1,1,2399,1705.0000002238085,city_building_194794 address=1819 1819 W ROSCOE ST; year=1896; units=1; building_sqft=2399; overlap=0.95 || city_building_195815 address=0 0; year=0; units=0; building_sqft=0; overlap=0.958,0,0,,,,,,1819 W ROSCOE ST,TRUE,TRUE,TRUE,TRUE,FALSE,FALSE,FALSE,FALSE,FALSE,FALSE,resolved_single_target_year_card,1,2660,1_single_target_confirmation,,,,,,,,,,,,,1,1,2660,3125,residential_multicard_14194200130000,noncondo_14194200130000 [1819 W ROSCOE ST] year=2014 units=1 sqft=2660 land=3125 project=residential_multicard_14194200130000,,,,,,,single_target_card_no_successor_overlap,1,2660,FALSE,retain,1,2660,contemporaneous_card_inventory,high,cards=1; card_units=1; card_building_sqft=2660; permit_addresses=1819 W ROSCOE ST,,,,,,retain,1,2660,contemporaneous_card_inventory,high,cards=1; card_units=1; card_building_sqft=2660; permit_addresses=1819 W ROSCOE ST,,,,,2014,existing_adjudicated_year,,,,,,,
residential_multicard_14194210260000,2008,FALSE,TRUE,1231.6973568240055,32_47,1,3459,4500,0.7686666666666667,9.68,14194210260000,residential_multicard_14194210260000,14194210260000,residential_14194210260000,residential_multicard_14194210260000,1,1,278,1,TRUE,1,3459,1,3459,TRUE,TRUE,1999,2026,2,2,7,1,1,1,0,1,1,0,1830 W SCHOOL ST,,,,0,0,FALSE,FALSE,,,permit_chain_100127929 [project polygon] [2006-08-08] 1830 W SCHOOL ST units=missing description=NEW FRAME CONSTRUCTION SINGLE FAMILY RESIDENCE WITH DETACHED GARAGE. CONDITIONAL PERMIT SUBJECT TO FIELD INSPECTION.,[]  units= description=,1830 W SCHOOL ST,1,,,,,,,,FALSE,FALSE,FALSE,FALSE,5_confirmation,construction_year_parcel_polygon,2,2,0,2008/2009,1,1,,2724.7102271320764,city_building_889681 address=1830 1830 W SCHOOL ST; year=2008; units=1; building_sqft=0; overlap=1 || city_building_889682 address=0 0; year=2009; units=0; building_sqft=0; overlap=1,1,1,2008,2205.8388264477253,cook_2008_769039 address=1830 1830 W SCHOOL ST; year=2008; overlap=1,,,1830 W SCHOOL ST,TRUE,TRUE,FALSE,FALSE,FALSE,FALSE,FALSE,FALSE,FALSE,FALSE,resolved_single_target_year_card,1,3459,1_single_target_confirmation,,,,,,,,,,,,,1,1,3459,4500,residential_multicard_14194210260000,noncondo_14194210260000 [1830 W SCHOOL ST] year=2008 units=1 sqft=3459 land=4500 project=residential_multicard_14194210260000,,,,,,,single_target_card_no_successor_overlap,1,3459,FALSE,retain,1,3459,contemporaneous_card_inventory,high,cards=1; card_units=1; card_building_sqft=3459; permit_addresses=1830 W SCHOOL ST,,,,,,retain,1,3459,contemporaneous_card_inventory,high,cards=1; card_units=1; card_building_sqft=3459; permit_addresses=1830 W SCHOOL ST,,,,,2008,existing_adjudicated_year,,,,,,,
residential_multicard_14194210280000,2008,FALSE,TRUE,1231.7809018254611,32_47,1,2760,3000,0.92,14.52,14194210280000,residential_multicard_14194210280000,14194210280000,residential_14194210280000,residential_multicard_14194210280000,1,1,278,1,TRUE,1,2760,1,2760,TRUE,TRUE,2000,2026,2,2,1,0,1,0,0,0,,,,,,,0,0,,,,,,,1822 W SCHOOL ST,1,,,,,,,,FALSE,FALSE,FALSE,FALSE,5_confirmation,construction_year_parcel_polygon,2,0,0,0/1896,3,3,,1702.0000001769513,city_building_201072 address=1822 1822 W SCHOOL ST; year=1896; units=3; building_sqft=0; overlap=0.999 || city_building_200362 address=0 0; year=0; units=0; building_sqft=0; overlap=1,0,0,,,,,,1822 W SCHOOL ST,FALSE,FALSE,FALSE,FALSE,FALSE,FALSE,FALSE,FALSE,FALSE,FALSE,resolved_single_target_year_card,1,2760,1_single_target_confirmation,,,,,,,,,,,,,1,1,2760,3000,residential_multicard_14194210280000,noncondo_14194210280000 [1822 W SCHOOL ST] year=2008 units=1 sqft=2760 land=3000 project=residential_multicard_14194210280000,,,,,,,single_target_card_no_successor_overlap,1,2760,FALSE,retain,1,2760,contemporaneous_card_inventory,high,cards=1; card_units=1; card_building_sqft=2760; permit_addresses=none,,,,,,retain,1,2760,contemporaneous_card_inventory,high,cards=1; card_units=1; card_building_sqft=2760; permit_addresses=none,,,,,2008,existing_adjudicated_year,,,,,,,
residential_multicard_14194230090000,2006,FALSE,TRUE,733.7206904553857,32_44,1,3672,4050,0.9066666666666666,10.755555555555556,14194230090000,residential_multicard_14194230090000,14194230090000,residential_14194230090000,residential_multicard_14194230090000,1,1,278,1,TRUE,1,3672,1,3672,TRUE,TRUE,1999,2026,2,2,7,1,1,0,0,0,,,,,,,0,0,,,,,,,1739 W HENDERSON ST,1,,,,,,,,FALSE,FALSE,FALSE,FALSE,5_confirmation,construction_year_parcel_polygon,1,0,0,1921,3,3,2190,1311.7499998977291,city_building_198652 address=1737 1737 W HENDERSON ST; year=1921; units=3; building_sqft=2190; overlap=1,0,0,,,,,,1739 W HENDERSON ST,FALSE,FALSE,FALSE,FALSE,FALSE,FALSE,FALSE,FALSE,FALSE,FALSE,resolved_single_target_year_card,1,3672,1_single_target_confirmation,,,,,,,,,,,,,1,1,3672,4050,residential_multicard_14194230090000,noncondo_14194230090000 [1739 W HENDERSON ST] year=2006 units=1 sqft=3672 land=4050 project=residential_multicard_14194230090000,,,,,,,single_target_card_no_successor_overlap,1,3672,FALSE,retain,1,3672,contemporaneous_card_inventory,high,cards=1; card_units=1; card_building_sqft=3672; permit_addresses=none,,,,,,retain,1,3672,contemporaneous_card_inventory,high,cards=1; card_units=1; card_building_sqft=3672; permit_addresses=none,,,,,2006,existing_adjudicated_year,,,,,,,
residential_multicard_14203030190000,2022,FALSE,TRUE,1217.779388690634,44_47,4,7266,3000,2.422,58.08,14203030190000,residential_multicard_14203030190000,14203030190000,residential_14203030190000,residential_multicard_14203030190000,1,1,212,1,TRUE,4,7266,4,7266,TRUE,TRUE,2000,2026,2,2,1,1,1,1,1,0,1,1,3542 N SOUTHPORT AVE,3542 N SOUTHPORT AVE,3,3,1,1,TRUE,TRUE,3,3,"permit_chain_100827228 [exact PIN] [2020-06-29] 3542 N SOUTHPORT AVE units=3 description=SELF-CERTIFICATION REVIEW: ERECT 4 STORY 3 D.U. BUILDING (3B CONSTRUCTION), 1ST FLOOR RETAIL, 2 CAR GARAGE AT 1ST FLOOR, ROOFTOP DECK WITH TRELLIS, ROOFTOP STAIR ENCLOSURES, 6' HIGH MASONRY TRASH ENCLOSURE AS PER PLAN.","permit_chain_100827228 [2020-06-29] 3542 N SOUTHPORT AVE units=3 description=SELF-CERTIFICATION REVIEW: ERECT 4 STORY 3 D.U. BUILDING (3B CONSTRUCTION), 1ST FLOOR RETAIL, 2 CAR GARAGE AT 1ST FLOOR, ROOFTOP DECK WITH TRELLIS, ROOFTOP STAIR ENCLOSURES, 6' HIGH MASONRY TRASH ENCLOSURE AS PER PLAN.",3542 N SOUTHPORT AVE,1,,,,,,,,FALSE,FALSE,FALSE,FALSE,5_confirmation,construction_year_parcel_polygon,2,0,0,0/1901,2,2,800,1939.8749997889972,city_building_180792 address=3542 3542 N SOUTHPORT AVE; year=1901; units=2; building_sqft=800; overlap=0.971 || city_building_180844 address=0 0; year=0; units=0; building_sqft=0; overlap=1,0,0,,,,,,3542 N SOUTHPORT AVE,FALSE,FALSE,FALSE,FALSE,FALSE,FALSE,FALSE,FALSE,FALSE,FALSE,resolved_single_target_year_card,4,7266,1_single_target_confirmation,,,,,,,,,,,,,1,4,7266,3000,residential_multicard_14203030190000,noncondo_14203030190000 [3542 N SOUTHPORT AVE] year=2022 units=4 sqft=7266 land=3000 project=residential_multicard_14203030190000,,,,,,,single_target_card_no_successor_overlap,4,7266,FALSE,retain,4,7266,contemporaneous_card_inventory,high,cards=1; card_units=4; card_building_sqft=7266; permit_addresses=3542 N SOUTHPORT AVE,,,,,,retain,4,7266,contemporaneous_card_inventory,high,cards=1; card_units=4; card_building_sqft=7266; permit_addresses=3542 N SOUTHPORT AVE,,,,,2022,existing_adjudicated_year,,,,,,,
residential_multicard_14203110570000,2011,FALSE,TRUE,1218.1725759411702,32_44,4,7275,6032,1.2060676392572944,28.885941644562333,14203110570000,residential_multicard_14203110570000,14203110570000,residential_14203110570000,residential_multicard_14203110570000,1,2,212,1,TRUE,4,7275,4,7275,TRUE,TRUE,2012,2026,2,2,15,0,0,0,0,0,,,,,,,0,0,,,,,,,3440 N SOUTHPORT AVE,1,,,,,,,,FALSE,FALSE,FALSE,FALSE,5_confirmation,construction_year_parcel_polygon,1,0,0,1906,1,1,1200,2326.000000079861,city_building_188429 address=3438 3438 N SOUTHPORT AVE; year=1906; units=1; building_sqft=1200; overlap=1,0,0,,,,,,3440 N SOUTHPORT AVE,FALSE,FALSE,FALSE,FALSE,FALSE,FALSE,FALSE,FALSE,FALSE,FALSE,resolved_single_target_year_card,4,7275,1_single_target_confirmation,,,,,,,,,,,,,,,,,,,,,,,,,single_target_card_no_successor_overlap,4,7275,FALSE,retain,4,7275,contemporaneous_card_inventory,high,cards=1; card_units=4; card_building_sqft=7275; permit_addresses=none,,,,,,retain,4,7275,contemporaneous_card_inventory,high,cards=1; card_units=4; card_building_sqft=7275; permit_addresses=none,,,,,2011,existing_adjudicated_year,,,,,,,
residential_multicard_14203230110000,2014,FALSE,TRUE,905.1953638137668,32_44,1,3946,6320,0.6243670886075949,6.8924050632911396,14203230110000,residential_multicard_14203230110000,14203230110000,residential_14203230110000,residential_multicard_14203230110000,1,1,208,1,TRUE,1,3946,1,3946,TRUE,TRUE,1999,2026,2,2,16,1,2,1,1,0,1,1,1243 W HENDERSON ST,1243 W HENDERSON ST,,,0,0,FALSE,FALSE,,,permit_chain_100559946 [exact PIN] [2014-10-16] 1243 W HENDERSON ST units=missing description=SELF CERTIFICATION REVIEW: ERECT FRAME SINGLE FAMILY RESIDENCE (4A CONSTRUCTION) WITH ROOF TOP DECK AND DETACHED 2 CAR FRAME GARAGE (4A CONSTRUCTION) AS PER PLAN.(CONDITIONAL PERMIT SUBJECT TO FIELD INSPECTIONS),permit_chain_100559946 [2014-10-16] 1243 W HENDERSON ST units=missing description=SELF CERTIFICATION REVIEW: ERECT FRAME SINGLE FAMILY RESIDENCE (4A CONSTRUCTION) WITH ROOF TOP DECK AND DETACHED 2 CAR FRAME GARAGE (4A CONSTRUCTION) AS PER PLAN.(CONDITIONAL PERMIT SUBJECT TO FIELD INSPECTIONS),1243 W HENDERSON ST,1,,,,,,,,FALSE,FALSE,FALSE,FALSE,5_confirmation,construction_year_parcel_polygon,2,0,0,0/1898,2,2,,2133.1250001475564,city_building_197325 address=1243 1243 W HENDERSON ST; year=1898; units=2; building_sqft=0; overlap=0.997 || city_building_198215 address=0 0; year=0; units=0; building_sqft=0; overlap=0.996,0,0,,,,,,1243 W HENDERSON ST,FALSE,FALSE,FALSE,FALSE,FALSE,FALSE,FALSE,FALSE,FALSE,FALSE,resolved_single_target_year_card,1,3946,1_single_target_confirmation,,,,,,,,,,,,,1,1,3946,6320,residential_multicard_14203230110000,noncondo_14203230110000 [1243 W HENDERSON ST] year=2014 units=1 sqft=3946 land=6320 project=residential_multicard_14203230110000,,,,,,,single_target_card_no_successor_overlap,1,3946,FALSE,retain,1,3946,contemporaneous_card_inventory,high,cards=1; card_units=1; card_building_sqft=3946; permit_addresses=1243 W HENDERSON ST,,,,,,retain,1,3946,contemporaneous_card_inventory,high,cards=1; card_units=1; card_building_sqft=3946; permit_addresses=1243 W HENDERSON ST,,,,,2014,existing_adjudicated_year,,,,,,,
residential_multicard_14204230050000,2009,FALSE,TRUE,903.852533427314,32_44,3,4729,3100,1.525483870967742,42.15483870967742,14204230050000,residential_multicard_14204230050000,14204230050000,residential_14204230050000,residential_multicard_14204230050000,1,1,211,1,TRUE,3,4729,3,4729,TRUE,TRUE,1999,2026,2,2,9,1,1,0,0,0,,,,,,,0,0,,,,,,,3247 N SEMINARY AVE A,1,,,,,,,,FALSE,FALSE,FALSE,FALSE,5_confirmation,construction_year_parcel_polygon,1,1,0,2008,3,3,,1372.7678452143446,city_building_890124 address=3247 3247 N SEMINARY AVE; year=2008; units=3; building_sqft=0; overlap=1,1,1,2008,1372.7678186628036,cook_2008_407762 address=3247 3247 N SEMINARY AVE; year=2008; overlap=1,,,3247 N SEMINARY AVE A,TRUE,TRUE,FALSE,FALSE,FALSE,FALSE,FALSE,FALSE,FALSE,FALSE,resolved_single_target_year_card,3,4729,1_single_target_confirmation,,,,,,,,,,,,,1,3,4729,3100,residential_multicard_14204230050000,noncondo_14204230050000 [3247 N SEMINARY AVE A] year=2009 units=3 sqft=4729 land=3100 project=residential_multicard_14204230050000,,,,,,,single_target_card_no_successor_overlap,3,4729,FALSE,retain,3,4729,contemporaneous_card_inventory,high,cards=1; card_units=3; card_building_sqft=4729; permit_addresses=none,,,,,,retain,3,4729,contemporaneous_card_inventory,high,cards=1; card_units=3; card_building_sqft=4729; permit_addresses=none,,,,,2009,existing_adjudicated_year,,,,,,,
residential_multicard_14291120400000,2015,FALSE,TRUE,1233.8753472360186,32_44,1,2966,3100,0.9567741935483872,14.051612903225806,14291120400000,residential_multicard_14291120400000,14291120400000,residential_14291120400000,residential_multicard_14291120400000,1,1,278,1,TRUE,1,2966,1,2966,TRUE,TRUE,1999,2026,2,2,16,1,1,1,0,1,1,0,1516 W WELLINGTON AVE,,,,0,0,FALSE,FALSE,,,"permit_chain_100529887 [project polygon] [2014-03-27] 1516 W WELLINGTON AVE units=missing description=ERECT A 2 STORY , IVA FRAME SINGLE FAMILY RESIDENCE WITH BASEMENT AND 2 CAR GARAGE PER PLANS",[]  units= description=,1516 W WELLINGTON AVE,1,,,,,,,,FALSE,FALSE,FALSE,FALSE,5_confirmation,construction_year_parcel_polygon,2,0,0,0/1911,2,2,2338,2209.1250002353336,city_building_224127 address=1516 1516 W WELLINGTON AVE; year=1911; units=2; building_sqft=2338; overlap=0.992 || city_building_223239 address=0 0; year=0; units=0; building_sqft=0; overlap=0.927,0,0,,,,,,1516 W WELLINGTON AVE,FALSE,FALSE,FALSE,FALSE,FALSE,FALSE,FALSE,FALSE,FALSE,FALSE,resolved_single_target_year_card,1,2966,1_single_target_confirmation,,,,,,,,,,,,,1,1,2966,3100,residential_multicard_14291120400000,noncondo_14291120400000 [1516 W WELLINGTON AVE] year=2015 units=1 sqft=2966 land=3100 project=residential_multicard_14291120400000,,,,,,,single_target_card_no_successor_overlap,1,2966,FALSE,retain,1,2966,contemporaneous_card_inventory,high,cards=1; card_units=1; card_building_sqft=2966; permit_addresses=1516 W WELLINGTON AVE,,,,,,retain,1,2966,contemporaneous_card_inventory,high,cards=1; card_units=1; card_building_sqft=2966; permit_addresses=1516 W WELLINGTON AVE,,,,,2015,existing_adjudicated_year,,,,,,,
residential_multicard_14293050230000,2014,FALSE,TRUE,525.3505673627501,32_44,1,4024,4960,0.8112903225806452,8.78225806451613,14293050230000,residential_multicard_14293050230000,14293050230000,residential_14293050230000,residential_multicard_14293050230000,1,1,208,1,TRUE,1,4024,1,4024,TRUE,TRUE,1999,2026,2,2,17,2,1,1,1,0,1,1,2730 N MAGNOLIA AVE,2730 N MAGNOLIA AVE,,,0,0,FALSE,FALSE,,,permit_chain_100583984 [exact PIN] [2015-04-14] 2730 N MAGNOLIA AVE units=missing description=TWO  STORY IIIB MASONRY FULLY SPRINKLED SINGLE FAMILY RESIDENCE WITH BASEMENT AND FOUR CAR MASONRY GARAGE PER PLAN,permit_chain_100583984 [2015-04-14] 2730 N MAGNOLIA AVE units=missing description=TWO  STORY IIIB MASONRY FULLY SPRINKLED SINGLE FAMILY RESIDENCE WITH BASEMENT AND FOUR CAR MASONRY GARAGE PER PLAN,2730 N MAGNOLIA AVE,1,,,,,,,,FALSE,FALSE,FALSE,FALSE,5_confirmation,construction_year_parcel_polygon,3,0,0,0,,,,3319.4999999099527,city_building_242517 address=2732 2732 N MAGNOLIA AVE; year=0; units=0; building_sqft=0; overlap=1 || city_building_242692 address=2730 2730 N MAGNOLIA AVE; year=0; units=0; building_sqft=0; overlap=0.568 || city_building_242538 address=0 0; year=0; units=0; building_sqft=0; overlap=0.989,0,0,,,,,,2730 N MAGNOLIA AVE,FALSE,FALSE,FALSE,FALSE,FALSE,FALSE,FALSE,FALSE,FALSE,FALSE,resolved_single_target_year_card,1,4024,1_single_target_confirmation,,,,,,,,,,,,,1,1,4024,4960,residential_multicard_14293050230000,noncondo_14293050230000 [2730 N MAGNOLIA AVE] year=2014 units=1 sqft=4024 land=4960 project=residential_multicard_14293050230000,,,,,,,single_target_card_no_successor_overlap,1,4024,FALSE,retain,1,4024,contemporaneous_card_inventory,high,cards=1; card_units=1; card_building_sqft=4024; permit_addresses=2730 N MAGNOLIA AVE,,,,,,retain,1,4024,contemporaneous_card_inventory,high,cards=1; card_units=1; card_building_sqft=4024; permit_addresses=2730 N MAGNOLIA AVE,,,,,2014,existing_adjudicated_year,,,,,,,
residential_multicard_14294250170000,2021,FALSE,TRUE,1127.922165577952,2_43,1,480,2400,0.2,18.15,14294250170000,residential_multicard_14294250170000,14294250170000,residential_14294250170000,residential_multicard_14294250170000,1,2,202,1,TRUE,1,480,1,480,TRUE,TRUE,1999,2026,2,2,6,1,0,1,1,0,1,1,2426 N SEMINARY AVE,2426 N SEMINARY AVE,,,0,0,FALSE,FALSE,,,"permit_chain_100829514 [exact PIN] [2019-07-25] 2426 N SEMINARY AVE units=missing description=DEMOLISTH EXISTING GARAGE AND SITE WALLS, ERECT ONE STORY PRIVATE RESIDENTIAL DETACHED GARAGE, STEEL STUD FRAME AND MASONRY VENEER. NEW MASONRY AND  6'  WOOD FENCES PER PLANS","permit_chain_100829514 [2019-07-25] 2426 N SEMINARY AVE units=missing description=DEMOLISTH EXISTING GARAGE AND SITE WALLS, ERECT ONE STORY PRIVATE RESIDENTIAL DETACHED GARAGE, STEEL STUD FRAME AND MASONRY VENEER. NEW MASONRY AND  6'  WOOD FENCES PER PLANS",2426 N SEMINARY AVE HSE,1,,,,,,,,FALSE,FALSE,FALSE,FALSE,5_confirmation,construction_year_parcel_polygon,2,0,0,0/1881,6,6,,2327.2549999682233,city_building_863382 address=2424 2426 N SEMINARY AVE; year=1881; units=6; building_sqft=0; overlap=0.517 || city_building_259679 address=0 0; year=0; units=0; building_sqft=0; overlap=1,0,0,,,,,,2426 N SEMINARY AVE HSE,FALSE,FALSE,FALSE,FALSE,FALSE,FALSE,FALSE,FALSE,FALSE,FALSE,resolved_single_target_year_card,1,480,1_single_target_confirmation,,,,,,,,,,,,,,,,,,,,,,,,,single_target_card_no_successor_overlap,1,480,FALSE,retain,1,480,contemporaneous_card_inventory,high,cards=1; card_units=1; card_building_sqft=480; permit_addresses=2426 N SEMINARY AVE,,,,,,retain,1,480,contemporaneous_card_inventory,high,cards=1; card_units=1; card_building_sqft=480; permit_addresses=2426 N SEMINARY AVE,,,,,2021,existing_adjudicated_year,,,,,,,
residential_multicard_14301050190000,2020,FALSE,TRUE,1034.5356616352335,1_32,1,2598,3125,0.83136,13.9392,14301050190000,residential_multicard_14301050190000,14301050190000,residential_14301050190000,residential_multicard_14301050190000,1,1,278,1,TRUE,1,2598,1,2598,TRUE,TRUE,1999,2026,2,2,21,2,1,1,1,0,1,1,2111 W FLETCHER ST,2111 W FLETCHER ST,,,0,0,FALSE,FALSE,,,"permit_chain_100841645 [exact PIN] [2019-09-27] 2111 W FLETCHER ST units=missing description=ERECT 2 STORY WITH BASEMENT FRAME SINGLE FAMILY RESIDENCE WITH ROOF TOP DECK, PERGOLA & STAIR ENCLOSURE & NEW 2 CAR DETACHED FRAME GARAGE","permit_chain_100841645 [2019-09-27] 2111 W FLETCHER ST units=missing description=ERECT 2 STORY WITH BASEMENT FRAME SINGLE FAMILY RESIDENCE WITH ROOF TOP DECK, PERGOLA & STAIR ENCLOSURE & NEW 2 CAR DETACHED FRAME GARAGE",2111 W FLETCHER ST 1ST,1,,,,,,,,FALSE,FALSE,FALSE,FALSE,5_confirmation,construction_year_parcel_polygon,2,0,0,0,,,,2018.1249999122228,city_building_215139 address=2111 2111 W FLETCHER ST; year=0; units=0; building_sqft=0; overlap=1 || city_building_215741 address=2111 2111 W FLETCHER ST; year=0; units=0; building_sqft=0; overlap=1,0,0,,,,,,2111 W FLETCHER ST 1ST,FALSE,FALSE,FALSE,FALSE,FALSE,FALSE,FALSE,FALSE,FALSE,FALSE,resolved_single_target_year_card,1,2598,1_single_target_confirmation,,,,,,,,,,,,,1,1,2598,3125,residential_multicard_14301050190000,noncondo_14301050190000 [2111 W FLETCHER ST 1ST] year=2020 units=1 sqft=2598 land=3125 project=residential_multicard_14301050190000,,,,,,,single_target_card_no_successor_overlap,1,2598,FALSE,retain,1,2598,contemporaneous_card_inventory,high,cards=1; card_units=1; card_building_sqft=2598; permit_addresses=2111 W FLETCHER ST,,,,,,retain,1,2598,contemporaneous_card_inventory,high,cards=1; card_units=1; card_building_sqft=2598; permit_addresses=2111 W FLETCHER ST,,,,,2020,existing_adjudicated_year,,,,,,,
residential_multicard_14302190280000,2019,FALSE,TRUE,666.1454978469726,1_32,1,3107,3125,0.99424,13.9392,14302190280000,residential_multicard_14302190280000,14302190280000,residential_14302190280000,residential_multicard_14302190280000,1,1,278,1,TRUE,1,3107,1,3107,TRUE,TRUE,1999,2026,2,2,20,1,1,1,1,0,1,1,1942 W GEORGE ST,1942 W GEORGE ST,,,0,0,FALSE,FALSE,,,permit_chain_100781754 [exact PIN] [2018-09-13] 1942 W GEORGE ST units=missing description=NEW 2-STORY + BASEMENT SINGLE-FAMILY HOME OF TYPE IV-A CONSTRUCTION W/ DETACHED GARAGE WITH ROOF DECK AND OPEN STAIRS OF TYPE III-B CONSTRUCTION**CONDITIONAL PERMIT SUBJECT TO FIELD INSPECTIONS.,permit_chain_100781754 [2018-09-13] 1942 W GEORGE ST units=missing description=NEW 2-STORY + BASEMENT SINGLE-FAMILY HOME OF TYPE IV-A CONSTRUCTION W/ DETACHED GARAGE WITH ROOF DECK AND OPEN STAIRS OF TYPE III-B CONSTRUCTION**CONDITIONAL PERMIT SUBJECT TO FIELD INSPECTIONS.,1942 W GEORGE ST,1,,,,,,,,FALSE,FALSE,FALSE,FALSE,5_confirmation,construction_year_parcel_polygon,2,0,0,0/1891,1,1,1584,1633.7499999359716,city_building_232324 address=1942 1942 W GEORGE ST; year=1891; units=1; building_sqft=1584; overlap=1 || city_building_231793 address=0 0; year=0; units=0; building_sqft=0; overlap=1,0,0,,,,,,1942 W GEORGE ST,TRUE,TRUE,FALSE,FALSE,FALSE,FALSE,FALSE,FALSE,FALSE,FALSE,resolved_single_target_year_card,1,3107,1_single_target_confirmation,,,,,,,,,,,,,1,1,3107,3125,residential_multicard_14302190280000,noncondo_14302190280000 [1942 W GEORGE ST] year=2019 units=1 sqft=3107 land=3125 project=residential_multicard_14302190280000,,,,,,,single_target_card_no_successor_overlap,1,3107,FALSE,retain,1,3107,contemporaneous_card_inventory,high,cards=1; card_units=1; card_building_sqft=3107; permit_addresses=1942 W GEORGE ST,,,,,,retain,1,3107,contemporaneous_card_inventory,high,cards=1; card_units=1; card_building_sqft=3107; permit_addresses=1942 W GEORGE ST,,,,,2019,existing_adjudicated_year,,,,,,,
residential_multicard_14304040490000,2021,FALSE,TRUE,1272.0203640335571,2_32,6,5145,4071,1.2638172439204127,64.20044215180545,14304040490000,residential_multicard_14304040490000,14304040490000,residential_14304040490000,residential_multicard_14304040490000,1,1,211,1,TRUE,6,5145,6,5145,TRUE,TRUE,1999,2024,2,2,21,1,1,0,0,0,,,,,,,0,0,,,,,,,,,,,,,,,,FALSE,FALSE,FALSE,FALSE,5_confirmation,construction_year_parcel_polygon,2,0,0,0,,,,4289.499999932013,city_building_250828 address=1654 1656 W WRIGHTWOOD AVE; year=0; units=0; building_sqft=0; overlap=0.652 || city_building_250427 address=2611 2611 N PAULINA ST; year=0; units=0; building_sqft=0; overlap=0.859,0,0,,,,1656 W WRIGHTWOOD AVE,1,1656 W WRIGHTWOOD AVE,FALSE,FALSE,FALSE,FALSE,FALSE,FALSE,FALSE,FALSE,FALSE,FALSE,resolved_single_target_year_card,6,5145,1_single_target_confirmation,,,,,,,,,,,,,,,,,,,,,,,,,single_target_card_no_successor_overlap,6,5145,FALSE,retain,6,5145,contemporaneous_card_inventory,high,cards=1; card_units=6; card_building_sqft=5145; permit_addresses=none,,,,,,retain,6,5145,contemporaneous_card_inventory,high,cards=1; card_units=6; card_building_sqft=5145; permit_addresses=none,,,,,2021,existing_adjudicated_year,,,,,,,
residential_multicard_14304070520000,2015,FALSE,TRUE,915.860724571514,2_32,1,2673,3125,0.85536,13.9392,14304070520000,residential_multicard_14304070520000,14304070520000,residential_14304070520000,residential_multicard_14304070520000,1,1,278,1,TRUE,1,2673,1,2673,TRUE,TRUE,1999,2026,2,2,15,1,1,1,1,0,1,1,2510 N MARSHFIELD AVE,2510 N MARSHFIELD AVE,,,0,0,FALSE,FALSE,,,permit_chain_100512264 [exact PIN] [2013-12-12] 2510 N MARSHFIELD AVE units=missing description=SELF CERTIFICATION REVIEW: ERECT FRAME SINGLE FAMILY RESIDENCE WITH ROOF TOP DECK (4A CONSTRUCTION) WITH DETACHED 2 CAR FRAME GARAGE WITH ROOF TOP DECK (4A CONSTRUCTION) AS PER PLAN.,permit_chain_100512264 [2013-12-12] 2510 N MARSHFIELD AVE units=missing description=SELF CERTIFICATION REVIEW: ERECT FRAME SINGLE FAMILY RESIDENCE WITH ROOF TOP DECK (4A CONSTRUCTION) WITH DETACHED 2 CAR FRAME GARAGE WITH ROOF TOP DECK (4A CONSTRUCTION) AS PER PLAN.,2510 N MARSHFIELD AVE,1,,,,,,,,FALSE,FALSE,FALSE,FALSE,5_confirmation,construction_year_parcel_polygon,2,0,0,0,,,,2129.125000185333,city_building_255981 address=2510 2510 N MARSHFIELD AVE; year=0; units=0; building_sqft=0; overlap=1 || city_building_256003 address=2510 2510 N MARSHFIELD AVE; year=0; units=0; building_sqft=0; overlap=0.963,0,0,,,,,,2510 N MARSHFIELD AVE,FALSE,FALSE,FALSE,FALSE,FALSE,FALSE,FALSE,FALSE,FALSE,FALSE,resolved_single_target_year_card,1,2673,1_single_target_confirmation,,,,,,,,,,,,,1,1,2673,3125,residential_multicard_14304070520000,noncondo_14304070520000 [2510 N MARSHFIELD AVE] year=2015 units=1 sqft=2673 land=3125 project=residential_multicard_14304070520000,,,,,,,single_target_card_no_successor_overlap,1,2673,FALSE,retain,1,2673,contemporaneous_card_inventory,high,cards=1; card_units=1; card_building_sqft=2673; permit_addresses=2510 N MARSHFIELD AVE,,,,,,retain,1,2673,contemporaneous_card_inventory,high,cards=1; card_units=1; card_building_sqft=2673; permit_addresses=2510 N MARSHFIELD AVE,,,,,2015,existing_adjudicated_year,,,,,,,
residential_multicard_14313250410000,2014,FALSE,TRUE,783.5574988756812,1_32,2,3085,2400,1.2854166666666669,36.3,14313250410000,residential_multicard_14313250410000,14313250410000,residential_14313250410000,residential_multicard_14313250410000,1,1,212,1,TRUE,2,3085,2,3085,TRUE,TRUE,1999,2026,2,2,16,1,1,1,1,0,1,1,1708 N DAMEN AVE,1708 N DAMEN AVE,1,1,1,1,TRUE,TRUE,1,1,"permit_chain_100524387 [exact PIN] [2014-02-13] 1708 N DAMEN AVE units=1 description=ERECT A MIX USE 1 D.U. MASONRY BUILDING (3B CONSTRUCTION) WITH 1ST FLOOR OFFICE (3B CONSTRUCTION), 6' HIGH MASONRY TRASH ENCLOSURE AS PER PLAN.","permit_chain_100524387 [2014-02-13] 1708 N DAMEN AVE units=1 description=ERECT A MIX USE 1 D.U. MASONRY BUILDING (3B CONSTRUCTION) WITH 1ST FLOOR OFFICE (3B CONSTRUCTION), 6' HIGH MASONRY TRASH ENCLOSURE AS PER PLAN.",1708 N DAMEN AVE,1,,,,,,,,FALSE,FALSE,FALSE,FALSE,5_confirmation,construction_year_parcel_polygon,1,0,0,1879,3,3,3087,2012.3749996884728,city_building_298663 address=1708 1708 N DAMEN AVE; year=1879; units=3; building_sqft=3087; overlap=0.991,0,0,,,,,,1708 N DAMEN AVE,FALSE,FALSE,TRUE,TRUE,FALSE,FALSE,FALSE,FALSE,FALSE,FALSE,resolved_single_target_year_card,2,3085,1_single_target_confirmation,,,,,,,,,,,,,1,2,3085,2400,residential_multicard_14313250410000,noncondo_14313250410000 [1708 N DAMEN AVE] year=2014 units=2 sqft=3085 land=2400 project=residential_multicard_14313250410000,,,,,,,single_target_card_no_successor_overlap,2,3085,FALSE,retain,2,3085,contemporaneous_card_inventory,high,cards=1; card_units=2; card_building_sqft=3085; permit_addresses=1708 N DAMEN AVE,,,,,,retain,2,3085,contemporaneous_card_inventory,high,cards=1; card_units=2; card_building_sqft=3085; permit_addresses=1708 N DAMEN AVE,,,,,2014,existing_adjudicated_year,,,,,,,
residential_multicard_14314200350000,2022,FALSE,TRUE,633.3460435284966,2_32,6,2798,2806,0.9971489665003564,93.14326443335707,14314200350000,residential_multicard_14314200350000,14314200350000,residential_14314200350000,residential_multicard_14314200350000,1,1,278,1,TRUE,1,2798,1,2798,TRUE,TRUE,1999,2026,2,2,21,1,1,1,1,0,1,1,1724 N HERMITAGE AVE,1724 N HERMITAGE AVE,,,0,0,FALSE,FALSE,,,"permit_chain_100816506 [exact PIN] [2019-05-23] 1724 N HERMITAGE AVE units=missing description=ERECT A NEW TWO STORY W/ BASEMENT MASONRY SINGLE FAMILY HOME AS PER PLANS. BUILDING IS CONSISTENT WITH PERMIT #100778036, ISSUED ON 02-07-2019 FOR THE SIZE, SHAPE, LOCATION, AND VOLUME. CONSTRUCTION TYPE III-B. SCOPE INCLUDES NEW PRIVATE RESIDENTIAL GARAGE WITH ROOF DECK, AND A REAR DECK AND STAIRS.","permit_chain_100816506 [2019-05-23] 1724 N HERMITAGE AVE units=missing description=ERECT A NEW TWO STORY W/ BASEMENT MASONRY SINGLE FAMILY HOME AS PER PLANS. BUILDING IS CONSISTENT WITH PERMIT #100778036, ISSUED ON 02-07-2019 FOR THE SIZE, SHAPE, LOCATION, AND VOLUME. CONSTRUCTION TYPE III-B. SCOPE INCLUDES NEW PRIVATE RESIDENTIAL GARAGE WITH ROOF DECK, AND A REAR DECK AND STAIRS.",1724 N HERMITAGE AVE HSE,1,,,,,,,,TRUE,FALSE,FALSE,FALSE,4_placebo_scope_outcome,construction_year_parcel_polygon,2,0,0,0,,,,1790.750000067521,city_building_296997 address=1722 1722 N HERMITAGE AVE; year=0; units=0; building_sqft=0; overlap=1 || city_building_297003 address=1722 1722 N HERMITAGE AVE; year=0; units=0; building_sqft=0; overlap=0.99,0,0,,,,,,1724 N HERMITAGE AVE HSE,FALSE,FALSE,FALSE,FALSE,FALSE,FALSE,FALSE,FALSE,FALSE,FALSE,manual_review_required,,,7_placebo_scope_outcome,,,,,,,,,,,,,1,1,2798,2806,residential_multicard_14314200350000,noncondo_14314200350000 [1724 N HERMITAGE AVE HSE] year=2022 units=1 sqft=2798 land=2806 project=residential_multicard_14314200350000,,,,,,,single_target_card_no_successor_overlap,6,2798,FALSE,retain,1,2798,contemporaneous_card_inventory,high,cards=1; card_units=1; card_building_sqft=2798; permit_addresses=1724 N HERMITAGE AVE,,,,,,retain,1,2798,contemporaneous_card_inventory,high,cards=1; card_units=1; card_building_sqft=2798; permit_addresses=1724 N HERMITAGE AVE,,,,,2022,existing_adjudicated_year,,,,,,,
residential_multicard_14314270030000,2012,FALSE,TRUE,592.0636303775584,1_32,1,1838,1936,0.9493801652892562,22.5,14314270030000,residential_multicard_14314270030000,14314270030000,residential_14314270030000,residential_multicard_14314270030000,1,1,207,1,TRUE,1,1838,1,1838,TRUE,TRUE,1999,2026,2,2,15,1,1,1,1,0,1,1,1821 W WABANSIA AVE,1821 W WABANSIA AVE,,,0,0,FALSE,FALSE,,,"permit_chain_100482976 [exact PIN] [2013-04-18] 1821 W WABANSIA AVE units=missing description=SELF CERTIFICATION REVIEW: ERECT FRAME SINGLE FAMILY RESIDENCE (4A CONSTRUCTION) WITH ROOF TOP DECK, DETACHED 2 CAR FRAME GARAGE (4A CONSTRUCTION) WITH ROOF TOP DECK AS PER PLAN.","permit_chain_100482976 [2013-04-18] 1821 W WABANSIA AVE units=missing description=SELF CERTIFICATION REVIEW: ERECT FRAME SINGLE FAMILY RESIDENCE (4A CONSTRUCTION) WITH ROOF TOP DECK, DETACHED 2 CAR FRAME GARAGE (4A CONSTRUCTION) WITH ROOF TOP DECK AS PER PLAN.",1821 W WABANSIA AVE 1,1,,,,,,,,FALSE,FALSE,FALSE,FALSE,5_confirmation,construction_year_parcel_polygon,1,0,0,1891,1,1,485,950.250000089407,city_building_299762 address=1821 1821 W WABANSIA AVE; year=1891; units=1; building_sqft=485; overlap=1,0,0,,,,,,1821 W WABANSIA AVE 1,TRUE,TRUE,FALSE,FALSE,FALSE,FALSE,FALSE,FALSE,FALSE,FALSE,resolved_single_target_year_card,1,1838,1_single_target_confirmation,,,,,,,,,,,,,1,1,1838,1936,residential_multicard_14314270030000,noncondo_14314270030000 [1821 W WABANSIA AVE 1] year=2012 units=1 sqft=1838 land=1936 project=residential_multicard_14314270030000,,,,,,,single_target_card_no_successor_overlap,1,1838,FALSE,retain,1,1838,contemporaneous_card_inventory,high,cards=1; card_units=1; card_building_sqft=1838; permit_addresses=1821 W WABANSIA AVE,,,,,,retain,1,1838,contemporaneous_card_inventory,high,cards=1; card_units=1; card_building_sqft=1838; permit_addresses=1821 W WABANSIA AVE,,,,,2012,existing_adjudicated_year,,,,,,,
residential_multicard_14321120190000,2012,FALSE,TRUE,1087.6737803433732,32_43,1,3724,2976,1.2513440860215057,14.637096774193548,14321120190000,residential_multicard_14321120190000,14321120190000,residential_14321120190000,residential_multicard_14321120190000,1,1,278,1,TRUE,1,3724,1,3724,TRUE,TRUE,1999,2026,2,2,15,1,2,1,1,0,1,1,2238 N MAGNOLIA AVE,2238 N MAGNOLIA AVE,,,0,0,FALSE,FALSE,,,permit_chain_100479314 [exact PIN] [2013-05-31] 2238 N MAGNOLIA AVE units=missing description=ERECT NEW 3 STORY MASONRY VENEER/CONCRETE BLOCK SFR WITH FULL BASEMENT AND PRIVATE 2 CAR MASONRY GARAGE PER APPROVED PLANS,permit_chain_100479314 [2013-05-31] 2238 N MAGNOLIA AVE units=missing description=ERECT NEW 3 STORY MASONRY VENEER/CONCRETE BLOCK SFR WITH FULL BASEMENT AND PRIVATE 2 CAR MASONRY GARAGE PER APPROVED PLANS,2238 N MAGNOLIA AVE,1,,,,,,,,FALSE,FALSE,FALSE,FALSE,5_confirmation,construction_year_parcel_polygon,2,0,0,0,,,,1857.2499999933643,city_building_268924 address=2238 2238 N MAGNOLIA AVE; year=0; units=0; building_sqft=0; overlap=1 || city_building_268929 address=2238 2238 N MAGNOLIA AVE; year=0; units=0; building_sqft=0; overlap=0.994,0,0,,,,,,2238 N MAGNOLIA AVE,FALSE,FALSE,FALSE,FALSE,FALSE,FALSE,FALSE,FALSE,FALSE,FALSE,resolved_single_target_year_card,1,3724,1_single_target_confirmation,,,,,,,,,,,,,1,1,3724,2976,residential_multicard_14321120190000,noncondo_14321120190000 [2238 N MAGNOLIA AVE] year=2012 units=1 sqft=3724 land=2976 project=residential_multicard_14321120190000,,,,,,,single_target_card_no_successor_overlap,1,3724,FALSE,retain,1,3724,contemporaneous_card_inventory,high,cards=1; card_units=1; card_building_sqft=3724; permit_addresses=2238 N MAGNOLIA AVE,,,,,,retain,1,3724,contemporaneous_card_inventory,high,cards=1; card_units=1; card_building_sqft=3724; permit_addresses=2238 N MAGNOLIA AVE,,,,,2012,existing_adjudicated_year,,,,,,,
residential_multicard_14322130300000,2006,FALSE,TRUE,844.9790549662976,32_43,1,3524,3100,1.136774193548387,14.051612903225806,14322130300000,residential_multicard_14322130300000,14322130300000,residential_14322130300000,residential_multicard_14322130300000,1,1,278,1,TRUE,1,3524,1,3524,TRUE,TRUE,1999,2026,2,2,7,1,1,1,0,1,1,0,2138 N CLIFTON AVE,,,,0,0,FALSE,FALSE,,,permit_chain_100131827 [project polygon] [2006-08-22] 2138 N CLIFTON AVE units=missing description=ERECT NEW THREE STORY SINGLE FAMILY RESIDENCE WITH BASEMENT (3B CONSTRUCTION) PER PLANS,[]  units= description=,2138 N CLIFTON AVE,1,,,,,,,,FALSE,FALSE,FALSE,FALSE,5_confirmation,construction_year_parcel_polygon,2,1,0,0/2008,1,1,,2607.689894488314,city_building_891086 address=2138 2138 N CLIFTON AVE; year=2008; units=1; building_sqft=0; overlap=0.996 || city_building_274689 address=2138 2138 N CLIFTON AVE; year=0; units=0; building_sqft=0; overlap=0.947,1,1,2008,1693.5711437854916,cook_2008_820486 address=2138 2138 N CLIFTON AVE; year=2008; overlap=0.996,,,2138 N CLIFTON AVE,TRUE,TRUE,FALSE,FALSE,FALSE,FALSE,FALSE,FALSE,FALSE,FALSE,resolved_single_target_year_card,1,3524,1_single_target_confirmation,,,,,,,,,,,,,1,1,3524,3100,residential_multicard_14322130300000,noncondo_14322130300000 [2138 N CLIFTON AVE] year=2006 units=1 sqft=3524 land=3100 project=residential_multicard_14322130300000,,,,,,,single_target_card_no_successor_overlap,1,3524,FALSE,retain,1,3524,contemporaneous_card_inventory,high,cards=1; card_units=1; card_building_sqft=3524; permit_addresses=2138 N CLIFTON AVE,,,,,,retain,1,3524,contemporaneous_card_inventory,high,cards=1; card_units=1; card_building_sqft=3524; permit_addresses=2138 N CLIFTON AVE,,,,,2006,existing_adjudicated_year,,,,,,,
residential_multicard_14322140160000,2006,FALSE,TRUE,897.1698863017666,32_43,1,3743,3100,1.2074193548387098,14.051612903225806,14322140160000,residential_multicard_14322140160000,14322140160000,residential_14322140160000,residential_multicard_14322140160000,1,1,278,1,TRUE,1,3743,1,3743,TRUE,TRUE,1999,2026,2,2,7,1,1,0,0,0,,,,,,,0,0,,,,,,,2127 N CLIFTON AVE,1,,,,,,,,FALSE,FALSE,FALSE,FALSE,5_confirmation,construction_year_parcel_polygon,2,0,0,0,,,,2060.3749999343418,city_building_275817 address=2127 2127 N CLIFTON AVE; year=0; units=0; building_sqft=0; overlap=0.949 || city_building_275820 address=2127 2127 N CLIFTON AVE; year=0; units=0; building_sqft=0; overlap=0.914,0,0,,,,,,2127 N CLIFTON AVE,FALSE,FALSE,FALSE,FALSE,FALSE,FALSE,FALSE,FALSE,FALSE,FALSE,resolved_single_target_year_card,1,3743,1_single_target_confirmation,,,,,,,,,,,,,1,1,3743,3100,residential_multicard_14322140160000,noncondo_14322140160000 [2127 N CLIFTON AVE] year=2006 units=1 sqft=3743 land=3100 project=residential_multicard_14322140160000,,,,,,,single_target_card_no_successor_overlap,1,3743,FALSE,retain,1,3743,contemporaneous_card_inventory,high,cards=1; card_units=1; card_building_sqft=3743; permit_addresses=none,,,,,,retain,1,3743,contemporaneous_card_inventory,high,cards=1; card_units=1; card_building_sqft=3743; permit_addresses=none,,,,,2006,existing_adjudicated_year,,,,,,,
residential_multicard_14322150120000,2014,FALSE,TRUE,565.6596093730062,32_43,1,3728,3100,1.2025806451612904,14.051612903225806,14322150120000,residential_multicard_14322150120000,14322150120000,residential_14322150120000,residential_multicard_14322150120000,1,1,278,1,TRUE,1,3728,1,3728,TRUE,TRUE,1999,2026,2,2,18,1,1,1,1,0,1,1,2139 N SEMINARY AVE,2139 N SEMINARY AVE,,,0,0,FALSE,FALSE,,,permit_chain_100653780 [exact PIN] [2016-06-28] 2139 N SEMINARY AVE units=missing description=ERECT A THREE STORY FRAME & BRICK VENNER SINGLE FAMILY RESIDENTE WITH BASEMENT AND ERECT REAR 2-CAR DETACHED PRIVATE GARAGE,permit_chain_100653780 [2016-06-28] 2139 N SEMINARY AVE units=missing description=ERECT A THREE STORY FRAME & BRICK VENNER SINGLE FAMILY RESIDENTE WITH BASEMENT AND ERECT REAR 2-CAR DETACHED PRIVATE GARAGE,2139 N SEMINARY AVE,1,,,,,,,,FALSE,FALSE,FALSE,FALSE,5_confirmation,construction_year_parcel_polygon,2,0,0,0,,,,2180.99999990355,city_building_274505 address=2139 2139 N SEMINARY AVE; year=0; units=0; building_sqft=0; overlap=0.997 || city_building_274484 address=2139 2139 N SEMINARY AVE; year=0; units=0; building_sqft=0; overlap=0.981,0,0,,,,,,2139 N SEMINARY AVE,FALSE,FALSE,FALSE,FALSE,FALSE,FALSE,FALSE,FALSE,FALSE,FALSE,resolved_single_target_year_card,1,3728,1_single_target_confirmation,,,,,,,,,,,,,1,1,3728,3100,residential_multicard_14322150120000,noncondo_14322150120000 [2139 N SEMINARY AVE] year=2014 units=1 sqft=3728 land=3100 project=residential_multicard_14322150120000,,,,,,,single_target_card_no_successor_overlap,1,3728,FALSE,retain,1,3728,contemporaneous_card_inventory,high,cards=1; card_units=1; card_building_sqft=3728; permit_addresses=2139 N SEMINARY AVE,,,,,,retain,1,3728,contemporaneous_card_inventory,high,cards=1; card_units=1; card_building_sqft=3728; permit_addresses=2139 N SEMINARY AVE,,,,,2014,existing_adjudicated_year,,,,,,,
residential_multicard_14322160210000,2017,FALSE,TRUE,1085.3500063875415,2_43,1,2986,3100,0.9632258064516128,14.051612903225806,14322160210000,residential_multicard_14322160210000,14322160210000,residential_14322160210000,residential_multicard_14322160210000,1,1,278,1,TRUE,1,2986,1,2986,TRUE,TRUE,1999,2026,2,2,18,1,2,1,1,0,1,1,2107 N KENMORE AVE,2107 N KENMORE AVE,,,0,0,FALSE,FALSE,,,permit_chain_100665315 [exact PIN] [2017-04-20] 2107 N KENMORE AVE units=missing description=SELF-CERT: NEW 3 STORY WITH BASEMENT MASONRY SFR WITH ATTACHED MASONRY GARAGE INCLUDING REAR STAIRWAY ACCESS TO A GARAGE ROOFTOP DECK PER PLANS. PENTHOUSE ACCESS TO ROOF ABOVE 3RD FLOOR IS FOR MECHANICAL ACCESS ONLY. TWO MAN DOORS FOR REAR YARD EXIT THROUGH GARAGE TO PUBLIC WAY. FULL BUILDING SPRINKLER SYSTEM INSTALLATION TO BE SEPARATE APPROVAL BY THE FIRE DEPT.COND. PERMIT SUBJECT TO FIELD INSPECTION.,permit_chain_100665315 [2017-04-20] 2107 N KENMORE AVE units=missing description=SELF-CERT: NEW 3 STORY WITH BASEMENT MASONRY SFR WITH ATTACHED MASONRY GARAGE INCLUDING REAR STAIRWAY ACCESS TO A GARAGE ROOFTOP DECK PER PLANS. PENTHOUSE ACCESS TO ROOF ABOVE 3RD FLOOR IS FOR MECHANICAL ACCESS ONLY. TWO MAN DOORS FOR REAR YARD EXIT THROUGH GARAGE TO PUBLIC WAY. FULL BUILDING SPRINKLER SYSTEM INSTALLATION TO BE SEPARATE APPROVAL BY THE FIRE DEPT.COND. PERMIT SUBJECT TO FIELD INSPECTION.,2107 N KENMORE AVE,1,,,,,,,,FALSE,FALSE,FALSE,FALSE,5_confirmation,construction_year_parcel_polygon,2,0,0,0/1895,3,3,3168,1941.2499999126885,city_building_277306 address=2107 2107 N KENMORE AVE; year=1895; units=3; building_sqft=3168; overlap=0.97 || city_building_277316 address=0 0; year=0; units=0; building_sqft=0; overlap=0.999,0,0,,,,,,2107 N KENMORE AVE,FALSE,FALSE,TRUE,TRUE,FALSE,FALSE,FALSE,FALSE,FALSE,FALSE,resolved_single_target_year_card,1,2986,1_single_target_confirmation,,,,,,,,,,,,,1,1,2986,3100,residential_multicard_14322160210000,noncondo_14322160210000 [2107 N KENMORE AVE] year=2017 units=1 sqft=2986 land=3100 project=residential_multicard_14322160210000,,,,,,,single_target_card_no_successor_overlap,1,2986,FALSE,retain,1,2986,contemporaneous_card_inventory,high,cards=1; card_units=1; card_building_sqft=2986; permit_addresses=2107 N KENMORE AVE,,,,,,retain,1,2986,contemporaneous_card_inventory,high,cards=1; card_units=1; card_building_sqft=2986; permit_addresses=2107 N KENMORE AVE,,,,,2017,existing_adjudicated_year,,,,,,,
residential_multicard_14322190430000,2006,FALSE,TRUE,949.1458496549028,32_43,1,3376,3125,1.08032,13.9392,14322190430000,residential_multicard_14322190430000,14322190430000,residential_14322190430000,residential_multicard_14322190430000,1,1,278,1,TRUE,1,3376,1,3376,TRUE,TRUE,1999,2026,2,2,6,1,1,0,0,0,,,,,,,0,0,,,,,,,2100 N DAYTON ST,1,,,,,,,,FALSE,FALSE,FALSE,FALSE,5_confirmation,construction_year_parcel_polygon,1,0,0,2009,1,1,,2196.294289559126,city_building_891104 address=2100 2100 N DAYTON ST; year=2009; units=1; building_sqft=0; overlap=1,0,0,,,,,,2100 N DAYTON ST,TRUE,TRUE,FALSE,FALSE,FALSE,FALSE,FALSE,FALSE,FALSE,FALSE,resolved_single_target_year_card,1,3376,1_single_target_confirmation,,,,,,,,,,,,,1,1,3376,3125,residential_multicard_14322190430000,noncondo_14322190430000 [2100 N DAYTON ST] year=2006 units=1 sqft=3376 land=3125 project=residential_multicard_14322190430000,,,,,,,single_target_card_no_successor_overlap,1,3376,FALSE,retain,1,3376,contemporaneous_card_inventory,high,cards=1; card_units=1; card_building_sqft=3376; permit_addresses=none,,,,,,retain,1,3376,contemporaneous_card_inventory,high,cards=1; card_units=1; card_building_sqft=3376; permit_addresses=none,,,,,2006,existing_adjudicated_year,,,,,,,
residential_multicard_14322270050000,2013,FALSE,TRUE,881.7272301734445,32_43,1,4266,3125,1.3651199999999999,13.9392,14322270050000,residential_multicard_14322270050000,14322270050000,residential_14322270050000,residential_multicard_14322270050000,1,1,208,1,TRUE,1,4266,1,4266,TRUE,TRUE,1999,2026,2,2,10,1,1,1,1,0,1,1,2053 N FREMONT ST,2053 N FREMONT ST,,,0,0,FALSE,FALSE,,,"permit_chain_100439543 [exact PIN] [2012-06-14] 2053 N FREMONT ST units=missing description=ERECT NEW SFR OF TYPE IV-A CONSTRUCTION, WITH NEW DETACHED MASONRY GARAGE","permit_chain_100439543 [2012-06-14] 2053 N FREMONT ST units=missing description=ERECT NEW SFR OF TYPE IV-A CONSTRUCTION, WITH NEW DETACHED MASONRY GARAGE",2053 N FREMONT ST,1,,,,,,,,FALSE,FALSE,FALSE,FALSE,5_confirmation,construction_year_parcel_polygon,2,0,0,0/1891,3,3,2200,1851.2499999670545,city_building_278742 address=2053 2053 N FREMONT ST; year=1891; units=3; building_sqft=2200; overlap=1 || city_building_278725 address=0 0; year=0; units=0; building_sqft=0; overlap=0.97,0,0,,,,,,2053 N FREMONT ST,FALSE,FALSE,FALSE,FALSE,FALSE,FALSE,FALSE,FALSE,FALSE,FALSE,resolved_single_target_year_card,1,4266,1_single_target_confirmation,,,,,,,,,,,,,1,1,4266,3125,residential_multicard_14322270050000,noncondo_14322270050000 [2053 N FREMONT ST] year=2013 units=1 sqft=4266 land=3125 project=residential_multicard_14322270050000,,,,,,,single_target_card_no_successor_overlap,1,4266,FALSE,retain,1,4266,contemporaneous_card_inventory,high,cards=1; card_units=1; card_building_sqft=4266; permit_addresses=2053 N FREMONT ST,,,,,,retain,1,4266,contemporaneous_card_inventory,high,cards=1; card_units=1; card_building_sqft=4266; permit_addresses=2053 N FREMONT ST,,,,,2013,existing_adjudicated_year,,,,,,,
residential_multicard_14324080440000,2007,FALSE,TRUE,871.1741831251446,32_43,1,3473,3000,1.1576666666666666,14.52,14324080440000,residential_multicard_14324080440000,14324080440000,residential_14324080440000,residential_multicard_14324080440000,1,1,278,1,TRUE,1,3473,1,3473,TRUE,TRUE,1999,2026,2,2,6,1,1,0,0,0,,,,,,,0,0,,,,,,,1928 N FREMONT ST 1F,1,,,,,,,,FALSE,FALSE,FALSE,FALSE,5_confirmation,construction_year_parcel_polygon,1,1,0,2006,,,,1398.484999555396,city_building_854858 address=1928 1928 N FREMONT ST; year=2006; units=0; building_sqft=0; overlap=1,1,1,2006,1398.4950193688271,cook_2008_510278 address=1928 1928 N FREMONT ST; year=2006; overlap=1,,,1928 N FREMONT ST 1F,FALSE,FALSE,FALSE,FALSE,FALSE,FALSE,FALSE,FALSE,FALSE,FALSE,resolved_single_target_year_card,1,3473,1_single_target_confirmation,,,,,,,,,,,,,1,1,3473,3000,residential_multicard_14324080440000,noncondo_14324080440000 [1928 N FREMONT ST 1F] year=2007 units=1 sqft=3473 land=3000 project=residential_multicard_14324080440000,,,,,,,single_target_card_no_successor_overlap,1,3473,FALSE,retain,1,3473,contemporaneous_card_inventory,high,cards=1; card_units=1; card_building_sqft=3473; permit_addresses=none,,,,,,retain,1,3473,contemporaneous_card_inventory,high,cards=1; card_units=1; card_building_sqft=3473; permit_addresses=none,,,,,2007,existing_adjudicated_year,,,,,,,
residential_multicard_14324090380000,2016,FALSE,TRUE,1413.3213119495024,2_43,1,3780,3000,1.26,14.52,14324090380000,residential_multicard_14324090380000,14324090380000,residential_14324090380000,residential_multicard_14324090380000,1,1,278,1,TRUE,1,3780,1,3780,TRUE,TRUE,1999,2026,2,2,16,1,1,1,1,0,1,1,1952 N DAYTON ST,1952 N DAYTON ST,,,0,0,FALSE,FALSE,,,permit_chain_100516970 [exact PIN] [2014-05-08] 1952 N DAYTON ST units=missing description=NEW MASONRY 3 STORY WITH BASEMENT AND PENTHOUSE SINGLE FAMILY RESIDENCE AND DETACHED GARAGE,permit_chain_100516970 [2014-05-08] 1952 N DAYTON ST units=missing description=NEW MASONRY 3 STORY WITH BASEMENT AND PENTHOUSE SINGLE FAMILY RESIDENCE AND DETACHED GARAGE,1952 N DAYTON ST,1,,,,,,,,FALSE,FALSE,FALSE,FALSE,5_confirmation,construction_year_parcel_polygon,2,0,0,0/1896,2,2,2476,2097.5000000026776,city_building_286293 address=1952 1952 N DAYTON ST; year=1896; units=2; building_sqft=2476; overlap=0.996 || city_building_286308 address=0 0; year=0; units=0; building_sqft=0; overlap=0.916,0,0,,,,,,1952 N DAYTON ST,FALSE,FALSE,FALSE,FALSE,FALSE,FALSE,FALSE,FALSE,FALSE,FALSE,resolved_single_target_year_card,1,3780,1_single_target_confirmation,,,,,,,,,,,,,1,1,3780,3000,residential_multicard_14324090380000,noncondo_14324090380000 [1952 N DAYTON ST] year=2016 units=1 sqft=3780 land=3000 project=residential_multicard_14324090380000,,,,,,,single_target_card_no_successor_overlap,1,3780,FALSE,retain,1,3780,contemporaneous_card_inventory,high,cards=1; card_units=1; card_building_sqft=3780; permit_addresses=1952 N DAYTON ST,,,,,,retain,1,3780,contemporaneous_card_inventory,high,cards=1; card_units=1; card_building_sqft=3780; permit_addresses=1952 N DAYTON ST,,,,,2016,existing_adjudicated_year,,,,,,,
residential_multicard_14324090440000,2018,FALSE,TRUE,1276.626406063728,2_43,1,941,3000,0.31366666666666665,14.52,14324090440000,residential_multicard_14324090440000,14324090440000,residential_14324090440000,residential_multicard_14324090440000,1,1,202,1,TRUE,1,941,1,941,TRUE,TRUE,1999,2026,2,2,20,1,1,1,1,0,1,1,1938 N DAYTON ST,1938 N DAYTON ST,,,0,0,FALSE,FALSE,,,"permit_chain_100752606 [exact PIN] [2018-05-11] 1938 N DAYTON ST units=missing description=NEW CONSTRUCTION OF TWO STORY SINGLE FAMILY RESIDENCE AS PER PLANS. TO INCLUDE THE CONSTRUCTION OF 4'-0"" MASONRY WALL ON WEST END OF PROPERTY.ONE (1)PARKING SPACE TO BE PROVIDED.(CONDITIONAL PERMIT SUBJECT TO FIELD INSPECTIONS)","permit_chain_100752606 [2018-05-11] 1938 N DAYTON ST units=missing description=NEW CONSTRUCTION OF TWO STORY SINGLE FAMILY RESIDENCE AS PER PLANS. TO INCLUDE THE CONSTRUCTION OF 4'-0"" MASONRY WALL ON WEST END OF PROPERTY.ONE (1)PARKING SPACE TO BE PROVIDED.(CONDITIONAL PERMIT SUBJECT TO FIELD INSPECTIONS)",1938 N DAYTON ST,1,,,,,,,,FALSE,FALSE,FALSE,FALSE,5_confirmation,construction_year_parcel_polygon,1,0,0,1880,3,3,1140,2905.249999766238,city_building_287326 address=1938 1938 N DAYTON ST; year=1880; units=3; building_sqft=1140; overlap=0.974,0,0,,,,,,1938 N DAYTON ST,FALSE,FALSE,FALSE,FALSE,FALSE,FALSE,FALSE,FALSE,FALSE,FALSE,resolved_single_target_year_card,1,941,1_single_target_confirmation,,,,,,,,,,,,,1,1,941,3000,residential_multicard_14324090440000,noncondo_14324090440000 [1938 N DAYTON ST] year=2018 units=1 sqft=941 land=3000 project=residential_multicard_14324090440000,,,,,,,single_target_card_no_successor_overlap,1,941,FALSE,retain,1,941,contemporaneous_card_inventory,high,cards=1; card_units=1; card_building_sqft=941; permit_addresses=1938 N DAYTON ST,,,,,,retain,1,941,contemporaneous_card_inventory,high,cards=1; card_units=1; card_building_sqft=941; permit_addresses=1938 N DAYTON ST,,,,,2018,existing_adjudicated_year,,,,,,,
residential_multicard_14324100060000,2015,FALSE,TRUE,1439.5688099763122,2_43,1,3802,3000,1.2673333333333334,14.52,14324100060000,residential_multicard_14324100060000,14324100060000,residential_14324100060000,residential_multicard_14324100060000,1,1,208,1,TRUE,1,3802,1,3802,TRUE,TRUE,1999,2026,2,2,17,1,1,1,1,0,1,1,1961 N DAYTON ST,1961 N DAYTON ST,,,0,0,FALSE,FALSE,,,"permit_chain_100569801 [exact PIN] [2015-04-16] 1961 N DAYTON ST units=missing description=SELF-CERTIFICTAION: PERMIT: ERECT NEW 3B CONSTRUCTION SINGLE FAMILY HOME, 3,593SF, WITH DETACHED GARAGE AND FENCE PER PLANS. SPRINKLER SYSTEM BEING INSTALLED THROUGHOUT BLDG.TO BE SUBMITTED FOR SEPARATE APPROVAL. CONDITIONAL PERMIT SUBJECT TO FIELD INSPECTION.","permit_chain_100569801 [2015-04-16] 1961 N DAYTON ST units=missing description=SELF-CERTIFICTAION: PERMIT: ERECT NEW 3B CONSTRUCTION SINGLE FAMILY HOME, 3,593SF, WITH DETACHED GARAGE AND FENCE PER PLANS. SPRINKLER SYSTEM BEING INSTALLED THROUGHOUT BLDG.TO BE SUBMITTED FOR SEPARATE APPROVAL. CONDITIONAL PERMIT SUBJECT TO FIELD INSPECTION.",1961 N DAYTON ST 28D,1,,,,,,,,FALSE,FALSE,FALSE,FALSE,5_confirmation,construction_year_parcel_polygon,2,0,0,0/1904,3,3,2091,2008.374999835156,city_building_285653 address=1961 1961 N DAYTON ST; year=1904; units=3; building_sqft=2091; overlap=0.944 || city_building_285627 address=0 0; year=0; units=0; building_sqft=0; overlap=1,0,0,,,,,,1961 N DAYTON ST 28D,FALSE,FALSE,FALSE,FALSE,FALSE,FALSE,FALSE,FALSE,FALSE,FALSE,resolved_single_target_year_card,1,3802,1_single_target_confirmation,,,,,,,,,,,,,1,1,3802,3000,residential_multicard_14324100060000,noncondo_14324100060000 [1961 N DAYTON ST 28D] year=2015 units=1 sqft=3802 land=3000 project=residential_multicard_14324100060000,,,,,,,single_target_card_no_successor_overlap,1,3802,FALSE,retain,1,3802,contemporaneous_card_inventory,high,cards=1; card_units=1; card_building_sqft=3802; permit_addresses=1961 N DAYTON ST,,,,,,retain,1,3802,contemporaneous_card_inventory,high,cards=1; card_units=1; card_building_sqft=3802; permit_addresses=1961 N DAYTON ST,,,,,2015,existing_adjudicated_year,,,,,,,
residential_multicard_14324100350000,2006,FALSE,TRUE,1393.2193034324591,32_43,2,7896,3062,2.578706727629001,28.45199216198563,14324100350000,residential_multicard_14324100350000,14324100350000,residential_14324100350000,residential_multicard_14324100350000,1,1,212,1,TRUE,2,7896,2,7896,TRUE,TRUE,2000,2026,2,2,1,1,1,0,0,0,,,,,,,0,0,,,,,,,1962 N HALSTED ST,1,,,,,,,,FALSE,FALSE,FALSE,FALSE,5_confirmation,construction_year_parcel_polygon,1,0,0,1886,2,2,,2296.3099998012185,city_building_864501 address=1962 1962 N HALSTED ST; year=1886; units=2; building_sqft=0; overlap=0.947,0,0,,,,,,1962 N HALSTED ST,TRUE,TRUE,FALSE,FALSE,FALSE,FALSE,FALSE,FALSE,FALSE,FALSE,resolved_single_target_year_card,2,7896,1_single_target_confirmation,,,,,,,,,,,,,1,2,7896,3062,residential_multicard_14324100350000,noncondo_14324100350000 [1962 N HALSTED ST] year=2006 units=2 sqft=7896 land=3062 project=residential_multicard_14324100350000,,,,,,,single_target_card_no_successor_overlap,2,7896,FALSE,retain,2,7896,contemporaneous_card_inventory,high,cards=1; card_units=2; card_building_sqft=7896; permit_addresses=none,,,,,,retain,2,7896,contemporaneous_card_inventory,high,cards=1; card_units=2; card_building_sqft=7896; permit_addresses=none,,,,,2006,existing_adjudicated_year,,,,,,,
residential_multicard_14324120460000,2008,FALSE,TRUE,581.0597169421153,32_43,1,3916,3000,1.3053333333333332,14.52,14324120460000,residential_multicard_14324120460000,14324120460000,residential_14324120460000,residential_multicard_14324120460000,1,1,208,1,TRUE,1,3916,1,3916,TRUE,TRUE,1999,2026,2,2,12,1,1,2,2,0,1,1,1840 N FREMONT ST,1840 N FREMONT ST / NA,,,0,0,FALSE,FALSE,,,permit_chain_100323208 [exact PIN] [2009-12-21] 1840 N FREMONT ST units=missing description=ERECT ONE (1) SINGLE FAMILY RESIDENCE WITH DETACHED GARAGE AS PER PLANS.  CONDITIONAL PERMIT SUBJECT TO AUDIT & FIELD INSPECTION.{ZONING DISTRICT RT-4} || permit_chain_100345028 [exact PIN] [2010-10-19] 1840 N FREMONT ST units=missing description=ERECT A ONE (1) STORY BREEZWAY ADDITION TO AN EXISTING SFR AS PER PLANS,permit_chain_100323208 [2009-12-21] 1840 N FREMONT ST units=missing description=ERECT ONE (1) SINGLE FAMILY RESIDENCE WITH DETACHED GARAGE AS PER PLANS.  CONDITIONAL PERMIT SUBJECT TO AUDIT & FIELD INSPECTION.{ZONING DISTRICT RT-4} || permit_chain_100345028 [2010-10-19] NA units=missing description=ERECT A ONE (1) STORY BREEZWAY ADDITION TO AN EXISTING SFR AS PER PLANS,1840 N FREMONT ST,1,,,,,,,,FALSE,FALSE,FALSE,FALSE,5_confirmation,construction_year_parcel_polygon,2,0,0,0,,,,1674.749999945896,city_building_292682 address=1840 1840 N FREMONT ST; year=0; units=0; building_sqft=0; overlap=0.787 || city_building_823546 address=1840 1840 N FREMONT ST; year=0; units=0; building_sqft=0; overlap=0.792,0,0,,,,,,1840 N FREMONT ST,FALSE,FALSE,FALSE,FALSE,FALSE,FALSE,FALSE,FALSE,FALSE,FALSE,resolved_single_target_year_card,1,3916,1_single_target_confirmation,,,,,,,,,,,,,1,1,3916,3000,residential_multicard_14324120460000,noncondo_14324120460000 [1840 N FREMONT ST] year=2008 units=1 sqft=3916 land=3000 project=residential_multicard_14324120460000,,,,,,,single_target_card_no_successor_overlap,1,3916,FALSE,retain,1,3916,contemporaneous_card_inventory,high,cards=1; card_units=1; card_building_sqft=3916; permit_addresses=1840 N FREMONT ST,,,,,,retain,1,3916,contemporaneous_card_inventory,high,cards=1; card_units=1; card_building_sqft=3916; permit_addresses=1840 N FREMONT ST,,,,,2008,existing_adjudicated_year,,,,,,,
residential_multicard_14324130160000,2009,FALSE,TRUE,683.928937012897,32_43,1,4716,3125,1.50912,13.9392,14324130160000,residential_multicard_14324130160000,14324130160000,residential_14324130160000,residential_multicard_14324130160000,1,1,208,1,TRUE,1,4716,1,4716,TRUE,TRUE,1999,2026,2,2,11,1,1,2,2,0,1,1,1837 N FREMONT ST,1837 N FREMONT ST / NA,,,0,0,FALSE,FALSE,,,permit_chain_100300277 [exact PIN] [2009-07-13] 1837 N FREMONT ST units=missing description=ERECT NEW SINGLE FAMILY HOUSE WITH DETACHED GARAGE AS PER PLANS || permit_chain_100331364 [exact PIN] [2010-03-09] 1837 N FREMONT ST units=missing description=ERECT NEW CONSTRUCTION SINGLE FAMILY RESIDENCE WITH DETACHED GARAGE.,permit_chain_100300277 [2009-07-13] 1837 N FREMONT ST units=missing description=ERECT NEW SINGLE FAMILY HOUSE WITH DETACHED GARAGE AS PER PLANS || permit_chain_100331364 [2010-03-09] NA units=missing description=ERECT NEW CONSTRUCTION SINGLE FAMILY RESIDENCE WITH DETACHED GARAGE.,1837 N FREMONT ST,1,,,,,,,,FALSE,FALSE,FALSE,FALSE,5_confirmation,construction_year_parcel_polygon,1,0,0,1891,2,2,1902,2344.4999999632128,city_building_292927 address=1837 1837 N FREMONT ST; year=1891; units=2; building_sqft=1902; overlap=0.854,0,0,,,,,,1837 N FREMONT ST,FALSE,FALSE,FALSE,FALSE,FALSE,FALSE,FALSE,FALSE,FALSE,FALSE,resolved_single_target_year_card,1,4716,1_single_target_confirmation,,,,,,,,,,,,,1,1,4716,3125,residential_multicard_14324130160000,noncondo_14324130160000 [1837 N FREMONT ST] year=2009 units=1 sqft=4716 land=3125 project=residential_multicard_14324130160000,,,,,,,single_target_card_no_successor_overlap,1,4716,FALSE,retain,1,4716,contemporaneous_card_inventory,high,cards=1; card_units=1; card_building_sqft=4716; permit_addresses=1837 N FREMONT ST,,,,,,retain,1,4716,contemporaneous_card_inventory,high,cards=1; card_units=1; card_building_sqft=4716; permit_addresses=1837 N FREMONT ST,,,,,2009,existing_adjudicated_year,,,,,,,
residential_multicard_14324220280000,2012,FALSE,TRUE,680.4777291683891,32_43,1,4189,3000,1.3963333333333334,14.52,14324220280000,residential_multicard_14324220280000,14324220280000,residential_14324220280000,residential_multicard_14324220280000,1,1,208,1,TRUE,1,4189,1,4189,TRUE,TRUE,1999,2026,2,2,14,1,1,1,1,0,1,1,1700 N DAYTON ST,1700 N DAYTON ST,,,0,0,FALSE,FALSE,,,permit_chain_100414561 [exact PIN] [2012-03-09] 1700 N DAYTON ST units=missing description=NEW 3 STORY WITH BASEMENT AND DEETACHED PRIVATE GARAGE WITH A ROOF-DECK- SINGLE FAMILY HOME PER PLANS.  (CERTIFIED PLAN CORRECTIONS - SUBJECT TO FIELD INSPECTION),permit_chain_100414561 [2012-03-09] 1700 N DAYTON ST units=missing description=NEW 3 STORY WITH BASEMENT AND DEETACHED PRIVATE GARAGE WITH A ROOF-DECK- SINGLE FAMILY HOME PER PLANS.  (CERTIFIED PLAN CORRECTIONS - SUBJECT TO FIELD INSPECTION),1700 N DAYTON ST,1,,,,,,,,FALSE,FALSE,FALSE,FALSE,5_confirmation,construction_year_parcel_polygon,2,0,0,0/1886,2,2,1443,2067.2500000582077,city_building_821148 address=1700 1700 N DAYTON ST; year=1886; units=2; building_sqft=1443; overlap=0.996 || city_building_297553 address=0 0; year=0; units=0; building_sqft=0; overlap=1,0,0,,,,,,1700 N DAYTON ST,FALSE,FALSE,FALSE,FALSE,FALSE,FALSE,FALSE,FALSE,FALSE,FALSE,resolved_single_target_year_card,1,4189,1_single_target_confirmation,,,,,,,,,,,,,1,1,4189,3000,residential_multicard_14324220280000,noncondo_14324220280000 [1700 N DAYTON ST] year=2012 units=1 sqft=4189 land=3000 project=residential_multicard_14324220280000,,,,,,,single_target_card_no_successor_overlap,1,4189,FALSE,retain,1,4189,contemporaneous_card_inventory,high,cards=1; card_units=1; card_building_sqft=4189; permit_addresses=1700 N DAYTON ST,,,,,,retain,1,4189,contemporaneous_card_inventory,high,cards=1; card_units=1; card_building_sqft=4189; permit_addresses=1700 N DAYTON ST,,,,,2012,existing_adjudicated_year,,,,,,,
residential_multicard_14333050180000,2017,FALSE,TRUE,1307.4385201879434,2_43,1,4446,3175,1.4003149606299212,13.71968503937008,14333050180000,residential_multicard_14333050180000,14333050180000,residential_14333050180000,residential_multicard_14333050180000,1,1,208,1,TRUE,1,4446,1,4446,TRUE,TRUE,1999,2026,2,2,18,2,1,1,1,0,1,1,1917 N MOHAWK ST,1917 N MOHAWK ST,,,0,0,FALSE,FALSE,,,"permit_chain_100640914 [exact PIN] [2016-04-08] 1917 N MOHAWK ST units=missing description=ERECT 3-STORY TYPE 3B SFR W/BASEMENT, AND 2-CAR GARAGE AS PER PLANS. BUILDING IS TO HAVE SPRINKLER FIRE SUPPRESSION SYSTEM.","permit_chain_100640914 [2016-04-08] 1917 N MOHAWK ST units=missing description=ERECT 3-STORY TYPE 3B SFR W/BASEMENT, AND 2-CAR GARAGE AS PER PLANS. BUILDING IS TO HAVE SPRINKLER FIRE SUPPRESSION SYSTEM.",1917 N MOHAWK ST,1,,,,,,,,FALSE,FALSE,FALSE,FALSE,5_confirmation,construction_year_parcel_polygon,2,0,0,0/1891,2,2,450,1908.499999960768,city_building_287488 address=1917 1917 N MOHAWK ST; year=1891; units=2; building_sqft=450; overlap=1 || city_building_287484 address=0 0; year=0; units=0; building_sqft=0; overlap=1,0,0,,,,,,1917 N MOHAWK ST,FALSE,FALSE,FALSE,FALSE,FALSE,FALSE,FALSE,FALSE,FALSE,FALSE,resolved_single_target_year_card,1,4446,1_single_target_confirmation,,,,,,,,,,,,,1,1,4446,3175,residential_multicard_14333050180000,noncondo_14333050180000 [1917 N MOHAWK ST] year=2017 units=1 sqft=4446 land=3175 project=residential_multicard_14333050180000,,,,,,,single_target_card_no_successor_overlap,1,4446,FALSE,retain,1,4446,contemporaneous_card_inventory,high,cards=1; card_units=1; card_building_sqft=4446; permit_addresses=1917 N MOHAWK ST,,,,,,retain,1,4446,contemporaneous_card_inventory,high,cards=1; card_units=1; card_building_sqft=4446; permit_addresses=1917 N MOHAWK ST,,,,,2017,existing_adjudicated_year,,,,,,,
residential_multicard_14333090340000,2019,FALSE,TRUE,957.9174361498408,2_43,1,4537,2856,1.5885854341736694,15.252100840336135,14333090340000,residential_multicard_14333090340000,14333090340000,residential_14333090340000,residential_multicard_14333090340000,1,1,208,1,TRUE,1,4537,1,4537,TRUE,TRUE,1999,2026,2,2,20,1,1,1,1,0,1,1,1820 N CLEVELAND AVE,1820 N CLEVELAND AVE,,,0,0,FALSE,FALSE,,,"permit_chain_100758194 [exact PIN] [2018-08-12] 1820 N CLEVELAND AVE units=missing description=RM-5. ERECT NEW SINGLE FAMILY RESIDENCE TYPE 3B CONSTRUCTION, WITH ATTACHED GARAGE, AS PER PLANS.","permit_chain_100758194 [2018-08-12] 1820 N CLEVELAND AVE units=missing description=RM-5. ERECT NEW SINGLE FAMILY RESIDENCE TYPE 3B CONSTRUCTION, WITH ATTACHED GARAGE, AS PER PLANS.",1820 N CLEVELAND AVE,1,,,,,,,,FALSE,FALSE,FALSE,FALSE,5_confirmation,construction_year_parcel_polygon,2,0,0,0,,,,2196.1500001015374,city_building_855315 address=1820 1820 N CLEVELAND AVE; year=0; units=0; building_sqft=0; overlap=0.923 || city_building_291729 address=0 0; year=0; units=0; building_sqft=0; overlap=0.831,0,0,,,,,,1820 N CLEVELAND AVE,FALSE,FALSE,FALSE,FALSE,FALSE,FALSE,FALSE,FALSE,FALSE,FALSE,resolved_single_target_year_card,1,4537,1_single_target_confirmation,,,,,,,,,,,,,1,1,4537,2856,residential_multicard_14333090340000,noncondo_14333090340000 [1820 N CLEVELAND AVE] year=2019 units=1 sqft=4537 land=2856 project=residential_multicard_14333090340000,,,,,,,single_target_card_no_successor_overlap,1,4537,FALSE,retain,1,4537,contemporaneous_card_inventory,high,cards=1; card_units=1; card_building_sqft=4537; permit_addresses=1820 N CLEVELAND AVE,,,,,,retain,1,4537,contemporaneous_card_inventory,high,cards=1; card_units=1; card_building_sqft=4537; permit_addresses=1820 N CLEVELAND AVE,,,,,2019,existing_adjudicated_year,,,,,,,
residential_multicard_14333310160000,2009,FALSE,TRUE,1293.6283023812664,27_43,1,609,3000,0.203,14.52,14333310160000,residential_multicard_14333310160000,14333310160000,residential_14333310160000,residential_multicard_14333310160000,1,2,207,1,TRUE,1,609,1,609,TRUE,TRUE,1999,2026,2,2,27,2,2,0,0,0,,,,,,,0,0,,,,,,,1637 N HUDSON AVE,1,,,,,,,,FALSE,FALSE,FALSE,FALSE,5_confirmation,construction_year_parcel_polygon,2,0,0,0/1891,2,2,1912,1817.249999832129,city_building_299449 address=1637 1637 N HUDSON AVE; year=1891; units=2; building_sqft=1912; overlap=0.986 || city_building_299418 address=0 0; year=0; units=0; building_sqft=0; overlap=0.943,0,0,,,,,,1637 N HUDSON AVE,FALSE,FALSE,FALSE,FALSE,FALSE,FALSE,FALSE,FALSE,FALSE,FALSE,resolved_single_target_year_card,1,609,1_single_target_confirmation,,,,,,,,,,,,,,,,,,,,,,,,,single_target_card_no_successor_overlap,1,609,FALSE,retain,1,609,contemporaneous_card_inventory,high,cards=1; card_units=1; card_building_sqft=609; permit_addresses=none,,,,,,retain,1,609,contemporaneous_card_inventory,high,cards=1; card_units=1; card_building_sqft=609; permit_addresses=none,,,,,2009,existing_adjudicated_year,,,,,,,
residential_multicard_16023180250000,2006,FALSE,TRUE,569.9568879489311,27_37,1,400,3125,0.128,13.9392,16023180250000,residential_multicard_16023180250000,16023180250000,residential_16023180250000,residential_multicard_16023180250000,1,2,207,1,TRUE,1,400,1,400,TRUE,TRUE,1999,2026,2,2,15,1,0,0,0,0,,,,,,,0,0,,,,,,,952 N SPRINGFIELD AVE,1,,,,,,,,FALSE,FALSE,FALSE,FALSE,5_confirmation,construction_year_parcel_polygon,2,0,0,0/1924,2,2,2568,1850.5000000182772,city_building_333416 address=952 952 N SPRINGFIELD AVE; year=1924; units=2; building_sqft=2568; overlap=1 || city_building_333433 address=0 0; year=0; units=0; building_sqft=0; overlap=1,0,0,,,,,,952 N SPRINGFIELD AVE,FALSE,FALSE,FALSE,FALSE,FALSE,FALSE,FALSE,FALSE,FALSE,FALSE,resolved_single_target_year_card,1,400,1_single_target_confirmation,,,,,,,,,,,,,,,,,,,,,,,,,single_target_card_no_successor_overlap,1,400,FALSE,retain,1,400,contemporaneous_card_inventory,high,cards=1; card_units=1; card_building_sqft=400; permit_addresses=none,,,,,,retain,1,400,contemporaneous_card_inventory,high,cards=1; card_units=1; card_building_sqft=400; permit_addresses=none,,,,,2006,existing_adjudicated_year,,,,,,,
residential_multicard_17042020190000,2021,FALSE,TRUE,578.3187080377608,2_27,1,4493,2550,1.7619607843137255,17.08235294117647,17042020190000,residential_multicard_17042020190000,17042020190000,residential_17042020190000,residential_multicard_17042020190000,1,3,208,1,TRUE,1,4493,1,4493,TRUE,TRUE,1999,2026,3,2,22,2,0,1,1,0,1,1,1505 N NORTH PARK AVE,1505 N NORTH PARK AVE,,,0,0,FALSE,FALSE,,,"permit_chain_100882400 [exact PIN] [2020-07-22] 1505 N NORTH PARK AVE units=missing description=NEW 3-STORY SFR WITH BASEMENT, NEW FRONT DRIVEWAY, 1-CAR PARKING, ROOF DECK AND STAIR ENCLOSURE, REAR RAISED TERRACE, 6' OPEN METAL FENCE IN FRONT, 6' SOLID WOOD FENCE IN REAR AS PER PLANS **CERTIFIED CORRECTIONS- - SUBJECT TO FIELD INSPECTIONS & AUDIT **","permit_chain_100882400 [2020-07-22] 1505 N NORTH PARK AVE units=missing description=NEW 3-STORY SFR WITH BASEMENT, NEW FRONT DRIVEWAY, 1-CAR PARKING, ROOF DECK AND STAIR ENCLOSURE, REAR RAISED TERRACE, 6' OPEN METAL FENCE IN FRONT, 6' SOLID WOOD FENCE IN REAR AS PER PLANS **CERTIFIED CORRECTIONS- - SUBJECT TO FIELD INSPECTIONS & AUDIT **",1505 N NORTH PARK AVE,1,,,,,,,,FALSE,FALSE,FALSE,FALSE,5_confirmation,construction_year_parcel_polygon,2,0,0,0,,,,1722.8749999173451,city_building_307731 address=1505 1505 N NORTH PARK AVE; year=0; units=0; building_sqft=0; overlap=0.994 || city_building_307706 address=1505 1505 N NORTH PARK AVE; year=0; units=0; building_sqft=0; overlap=0.913,0,0,,,,,,1505 N NORTH PARK AVE,FALSE,FALSE,FALSE,FALSE,FALSE,FALSE,FALSE,FALSE,FALSE,FALSE,resolved_single_target_year_card,1,4493,1_single_target_confirmation,,,,,,,,,,,,,1,1,4493,2550,residential_multicard_17042020190000,noncondo_17042020190000 [1505 N NORTH PARK AVE] year=2021 units=1 sqft=4493 land=2550 project=residential_multicard_17042020190000,,,,,,,single_target_card_no_successor_overlap,1,4493,FALSE,retain,1,4493,contemporaneous_card_inventory,high,cards=1; card_units=1; card_building_sqft=4493; permit_addresses=1505 N NORTH PARK AVE,,,,,,retain,1,4493,contemporaneous_card_inventory,high,cards=1; card_units=1; card_building_sqft=4493; permit_addresses=1505 N NORTH PARK AVE,,,,,2021,existing_adjudicated_year,,,,,,,
residential_multicard_17072040480000,2015,FALSE,TRUE,651.0237294312586,1_26,1,2568,2952,0.8699186991869918,14.75609756097561,17072040480000,residential_multicard_17072040480000,17072040480000,residential_17072040480000,residential_multicard_17072040480000,1,1,278,1,TRUE,1,2568,1,2568,TRUE,TRUE,1999,2026,2,2,17,1,1,1,1,0,1,1,1902 W HURON ST,1902 W HURON ST,,,0,0,FALSE,FALSE,,,permit_chain_100615340 [exact PIN] [2015-10-06] 1902 W HURON ST units=missing description=SELF CERTIFICATION REVIEW: ERECT 2-STORY WITH BASEMENT FRAME SINGLE FAMILY RESIDENCE WITH ROOFTOP STAIR ENCLOSURE AND ROOF TRELLIS AND ERECT REAR  DETACHED 2 CAR FRAME GARAGE WITH ROOF DECK.  (4A CONSTRUCTION) AS PER PLAN. CONDITIONAL PERMIT SUBJECT TO FIELD INSPECTION.,permit_chain_100615340 [2015-10-06] 1902 W HURON ST units=missing description=SELF CERTIFICATION REVIEW: ERECT 2-STORY WITH BASEMENT FRAME SINGLE FAMILY RESIDENCE WITH ROOFTOP STAIR ENCLOSURE AND ROOF TRELLIS AND ERECT REAR  DETACHED 2 CAR FRAME GARAGE WITH ROOF DECK.  (4A CONSTRUCTION) AS PER PLAN. CONDITIONAL PERMIT SUBJECT TO FIELD INSPECTION.,1902 W HURON ST,1,,,,,,,,FALSE,FALSE,FALSE,FALSE,5_confirmation,construction_year_parcel_polygon,1,0,0,1874,1,1,,1647.369999960065,city_building_832805 address=1902 1902 W HURON ST; year=1874; units=1; building_sqft=0; overlap=1,0,0,,,,,,1902 W HURON ST,TRUE,TRUE,FALSE,FALSE,FALSE,FALSE,FALSE,FALSE,FALSE,FALSE,resolved_single_target_year_card,1,2568,1_single_target_confirmation,,,,,,,,,,,,,1,1,2568,2952,residential_multicard_17072040480000,noncondo_17072040480000 [1902 W HURON ST] year=2015 units=1 sqft=2568 land=2952 project=residential_multicard_17072040480000,,,,,,,single_target_card_no_successor_overlap,1,2568,FALSE,retain,1,2568,contemporaneous_card_inventory,high,cards=1; card_units=1; card_building_sqft=2568; permit_addresses=1902 W HURON ST,,,,,,retain,1,2568,contemporaneous_card_inventory,high,cards=1; card_units=1; card_building_sqft=2568; permit_addresses=1902 W HURON ST,,,,,2015,existing_adjudicated_year,,,,,,,
residential_multicard_17072110400000,2015,FALSE,TRUE,705.5600781537016,1_27,1,2664,2976,0.8951612903225806,14.637096774193548,17072110400000,residential_multicard_17072110400000,17072110400000,residential_17072110400000,residential_multicard_17072110400000,1,1,278,1,TRUE,1,2664,1,2664,TRUE,TRUE,1999,2026,2,2,18,1,1,1,1,0,1,1,1622 W ERIE ST,1622 W ERIE ST,,,0,0,FALSE,FALSE,,,"permit_chain_100620980 [exact PIN] [2016-03-03] 1622 W ERIE ST units=missing description=SELF-CERTIFICATION: NEW 2 STORY, TYPE 4A, 5,360 S.F. SINGLE FAMILY RESIDENCE PER PLANS.  CURRENT USE:  RESIDENTIAL, PROPOSED USE:  RESIDENTIAL","permit_chain_100620980 [2016-03-03] 1622 W ERIE ST units=missing description=SELF-CERTIFICATION: NEW 2 STORY, TYPE 4A, 5,360 S.F. SINGLE FAMILY RESIDENCE PER PLANS.  CURRENT USE:  RESIDENTIAL, PROPOSED USE:  RESIDENTIAL",1622 W ERIE ST,1,,,,,,,,FALSE,FALSE,FALSE,FALSE,5_confirmation,construction_year_parcel_polygon,2,0,0,0/1879,1,1,1720,1842.624999989872,city_building_344326 address=1622 1622 W ERIE ST; year=1879; units=1; building_sqft=1720; overlap=1 || city_building_343963 address=0 0; year=0; units=0; building_sqft=0; overlap=0.868,0,0,,,,,,1622 W ERIE ST,TRUE,TRUE,FALSE,FALSE,FALSE,FALSE,FALSE,FALSE,FALSE,FALSE,resolved_single_target_year_card,1,2664,1_single_target_confirmation,,,,,,,,,,,,,1,1,2664,2976,residential_multicard_17072110400000,noncondo_17072110400000 [1622 W ERIE ST] year=2015 units=1 sqft=2664 land=2976 project=residential_multicard_17072110400000,,,,,,,single_target_card_no_successor_overlap,1,2664,FALSE,retain,1,2664,contemporaneous_card_inventory,high,cards=1; card_units=1; card_building_sqft=2664; permit_addresses=1622 W ERIE ST,,,,,,retain,1,2664,contemporaneous_card_inventory,high,cards=1; card_units=1; card_building_sqft=2664; permit_addresses=1622 W ERIE ST,,,,,2015,existing_adjudicated_year,,,,,,,
residential_multicard_17174190080000,2022,FALSE,TRUE,603.3613261852387,11_25,4,3750,2500,1.5,69.696,17174190080000,residential_multicard_17174190080000,17174190080000,residential_17174190080000,residential_multicard_17174190080000,1,1,211,1,TRUE,4,3750,4,3750,TRUE,TRUE,1999,2026,2,2,23,2,1,1,1,0,1,1,919 S ABERDEEN ST,919 S ABERDEEN ST,2,2,1,1,TRUE,TRUE,2,2,"permit_chain_100910091 [exact PIN] [2021-03-15] 919 S ABERDEEN ST units=2 description=SELF CERT 2019 CBC : ERECT NEW 3 STORY, III-A, 2DU APARTMENT BUILDING W/ BASEMENT - NEW 2 CAR PARKING SLAB AS PER PLANS - R5 USE.","permit_chain_100910091 [2021-03-15] 919 S ABERDEEN ST units=2 description=SELF CERT 2019 CBC : ERECT NEW 3 STORY, III-A, 2DU APARTMENT BUILDING W/ BASEMENT - NEW 2 CAR PARKING SLAB AS PER PLANS - R5 USE.",919 S ABERDEEN ST,1,,,,,,,,FALSE,FALSE,FALSE,FALSE,5_confirmation,construction_year_parcel_polygon,2,0,0,0/1879,2,2,2591,1955.750000031374,city_building_369270 address=919 919 S ABERDEEN ST; year=1879; units=2; building_sqft=2591; overlap=0.956 || city_building_369277 address=0 0; year=0; units=0; building_sqft=0; overlap=0.935,0,0,,,,,,919 S ABERDEEN ST,FALSE,FALSE,FALSE,FALSE,FALSE,FALSE,FALSE,FALSE,FALSE,FALSE,resolved_single_target_year_card,4,3750,1_single_target_confirmation,,,,,,,,,,,,,1,4,3750,2500,residential_multicard_17174190080000,noncondo_17174190080000 [919 S ABERDEEN ST] year=2022 units=4 sqft=3750 land=2500 project=residential_multicard_17174190080000,,,,,,,single_target_card_no_successor_overlap,4,3750,FALSE,retain,4,3750,contemporaneous_card_inventory,high,cards=1; card_units=4; card_building_sqft=3750; permit_addresses=919 S ABERDEEN ST,,,,,,retain,4,3750,contemporaneous_card_inventory,high,cards=1; card_units=4; card_building_sqft=3750; permit_addresses=919 S ABERDEEN ST,,,,,2022,existing_adjudicated_year,,,,,,,
residential_multicard_17183280210000,2006,FALSE,TRUE,584.657952382859,25_28,2,5799,4070,1.4248157248157247,21.405405405405407,17183280210000,residential_multicard_17183280210000,17183280210000,residential_17183280210000,residential_multicard_17183280210000,1,1,212,1,TRUE,2,5799,2,5799,TRUE,TRUE,2000,2026,2,2,1,1,1,0,0,0,,,,,,,0,0,,,,,,,1000 S OAKLEY BLVD,1,,,,,,,,FALSE,FALSE,FALSE,FALSE,5_confirmation,construction_year_parcel_polygon,1,1,0,2008,,,,3278.5275831395475,city_building_888345 address=2301 2301 W TAYLOR ST; year=2008; units=0; building_sqft=0; overlap=1,1,1,2008,3278.52003912488,cook_2008_820427 address=2301 2301 W TAYLOR ST; year=2008; overlap=1,,,1000 S OAKLEY BLVD,FALSE,FALSE,FALSE,FALSE,FALSE,FALSE,FALSE,FALSE,FALSE,FALSE,resolved_single_target_year_card,2,5799,1_single_target_confirmation,,,,,,,,,,,,,1,2,5799,4070,residential_multicard_17183280210000,noncondo_17183280210000 [1000 S OAKLEY BLVD] year=2006 units=2 sqft=5799 land=4070 project=residential_multicard_17183280210000,,,,,,,single_target_card_no_successor_overlap,2,5799,FALSE,retain,2,5799,contemporaneous_card_inventory,high,cards=1; card_units=2; card_building_sqft=5799; permit_addresses=none,,,,,,retain,2,5799,contemporaneous_card_inventory,high,cards=1; card_units=2; card_building_sqft=5799; permit_addresses=none,,,,,2006,existing_adjudicated_year,,,,,,,
residential_multicard_17282090070000,2021,FALSE,TRUE,1075.0209883692476,3_25,4,5280,2500,2.112,69.696,17282090070000,residential_multicard_17282090070000,17282090070000,residential_17282090070000,residential_multicard_17282090070000,1,1,212,1,TRUE,4,5280,4,5280,TRUE,TRUE,1999,2026,2,2,10,1,1,1,1,0,1,1,255 W 22ND PL,255 W 22ND PL,3,3,1,1,TRUE,TRUE,3,3,"permit_chain_100762470 [exact PIN] [2020-04-13] 255 W 22ND PL units=3 description=ISSUE AS PROTOTYPE. 100762470 -229 W. 22ND PL. ERECT A 4 STORY MIXED USE 3B CONSTRUCTION MASONRY BUILDING CONTAINING 3 DWELLING UNITS AND AN OFFICE ON THE GROUND FLOOR WITH A BASEMENT. TO INCLUDE MASONRY TRASH ENCLOSURE AND THREE PARKING STALLS AT THE REAR OF THE PROPERTY, AS PER PROTOTYPE PLAN (229 W. 22ND, PERMIT# 100762470)","permit_chain_100762470 [2020-04-13] 255 W 22ND PL units=3 description=ISSUE AS PROTOTYPE. 100762470 -229 W. 22ND PL. ERECT A 4 STORY MIXED USE 3B CONSTRUCTION MASONRY BUILDING CONTAINING 3 DWELLING UNITS AND AN OFFICE ON THE GROUND FLOOR WITH A BASEMENT. TO INCLUDE MASONRY TRASH ENCLOSURE AND THREE PARKING STALLS AT THE REAR OF THE PROPERTY, AS PER PROTOTYPE PLAN (229 W. 22ND, PERMIT# 100762470)",255 W 22ND PL,1,,,,,,,,FALSE,FALSE,FALSE,FALSE,5_confirmation,construction_year_parcel_polygon,1,0,0,1888,2,2,1742,1978.8749999515712,city_building_386698 address=255 255 W 22ND PL; year=1888; units=2; building_sqft=1742; overlap=0.979,0,0,,,,,,255 W 22ND PL,FALSE,FALSE,FALSE,FALSE,FALSE,FALSE,FALSE,FALSE,FALSE,FALSE,resolved_single_target_year_card,4,5280,1_single_target_confirmation,,,,,,,,,,,,,1,4,5280,2500,residential_multicard_17282090070000,noncondo_17282090070000 [255 W 22ND PL] year=2021 units=4 sqft=5280 land=2500 project=residential_multicard_17282090070000,,,,,,,single_target_card_no_successor_overlap,4,5280,FALSE,retain,4,5280,contemporaneous_card_inventory,high,cards=1; card_units=4; card_building_sqft=5280; permit_addresses=255 W 22ND PL,,,,,,retain,4,5280,contemporaneous_card_inventory,high,cards=1; card_units=4; card_building_sqft=5280; permit_addresses=255 W 22ND PL,,,,,2021,existing_adjudicated_year,,,,,,,
residential_multicard_20211130090000,2006,FALSE,TRUE,701.9729162988612,16_20,3,3659,6250,0.58544,20.9088,20211130090000,residential_multicard_20211130090000,20211130090000,residential_20211130090000,residential_multicard_20211130090000,1,2,211,1,TRUE,3,3659,3,3659,TRUE,TRUE,1999,2019,2,2,7,1,0,2,0,2,2,0,6427 S NORMAL BLVD / 6429 S NORMAL BLVD,,3,,2,0,TRUE,FALSE,6,,"permit_chain_100111767 [project polygon] [2006-11-07] 6427 S NORMAL BLVD / 6429 S NORMAL BLVD units=3 description=ERECT 3-STORY, 3B BUILDING WITH 3 DWELLING UNITS, TRASH ENCLOSURE AND WOOD FENCE AS PER PLANS. NO GARAGE. PROTOTYPE: 149 S ALBANY. CONDITIONAL PERMIT SUBJECT TO FIELD INSPECTION. || permit_chain_100111774 [project polygon] [2006-11-07] 6427 S NORMAL BLVD / 6429 S NORMAL BLVD units=3 description=ERECT 3 STORY 3B BUILDING W/3 DWELLING UNITS, WOOD FENCE AND TRASH ENCLOSURE AS PER PLANS.NO GARAGE. PROTOTYPE: 149 S ALBANY. CONDITIONAL PERMIT SUBJECT TO FIELD INSPECTION.",[]  units= description=,6429 S NORMAL BLVD 1,1,,,,,,,,FALSE,FALSE,FALSE,FALSE,5_confirmation,construction_year_parcel_polygon,2,0,0,2009,3,6,,2455.7557410979643,city_building_890670 address=6427 6427 S NORMAL BLVD; year=2009; units=3; building_sqft=0; overlap=1 || city_building_890669 address=6429 6429 S NORMAL BLVD; year=2009; units=3; building_sqft=0; overlap=1,0,0,,,,,,6429 S NORMAL BLVD 1,FALSE,FALSE,FALSE,FALSE,FALSE,FALSE,FALSE,FALSE,FALSE,FALSE,resolved_single_target_year_card,3,3659,1_single_target_confirmation,,,,,,,,,,,,,,,,,,,,,,,,,single_target_card_no_successor_overlap,3,3659,FALSE,retain,3,3659,contemporaneous_card_inventory,high,cards=1; card_units=3; card_building_sqft=3659; permit_addresses=6427 S NORMAL BLVD / 6429 S NORMAL BLVD,,,,,,retain,3,3659,contemporaneous_card_inventory,high,cards=1; card_units=3; card_building_sqft=3659; permit_addresses=6427 S NORMAL BLVD / 6429 S NORMAL BLVD,,,,,2006,existing_adjudicated_year,,,,,,,
residential_multicard_20231140240000,2022,FALSE,TRUE,556.7596477203077,5_20,3,3645,6300,0.5785714285714286,20.742857142857144,20231140240000,residential_multicard_20231140240000,20231140240000,residential_20231140240000,residential_multicard_20231140240000,1,2,211,1,TRUE,3,3645,3,3645,TRUE,TRUE,1999,2026,2,2,3,1,1,2,2,0,2,2,6506 S INGLESIDE AVE / 6508 S INGLESIDE AVE,6506 S INGLESIDE AVE / 6508 S INGLESIDE AVE / NA,3,3,2,2,TRUE,TRUE,6,6,"permit_chain_100922720 [exact PIN] [2021-06-18] 6506 S INGLESIDE AVE / 6508 S INGLESIDE AVE units=3 description=PROPOSED 3 STORY/3 UNIT BUILDING, SOUTH SIDE BALCONY, 3 STORY REAR METAL STAIRS/COVERED PORCH, AND 3 CAR REAR PARKING PAD, PER PLANS. || permit_chain_100934902 [exact PIN] [2021-08-24] 6506 S INGLESIDE AVE / 6508 S INGLESIDE AVE units=3 description=PROPOSED 3 STORY 3 D.U. RESIDENTIAL MASONRY BUILDING, 3 STORY REAR METAL OPEN PORCH AND 3 PARKING SPACES AS PER PLANS.","permit_chain_100922720 [2021-06-18] 6506 S INGLESIDE AVE / 6508 S INGLESIDE AVE units=3 description=PROPOSED 3 STORY/3 UNIT BUILDING, SOUTH SIDE BALCONY, 3 STORY REAR METAL STAIRS/COVERED PORCH, AND 3 CAR REAR PARKING PAD, PER PLANS. || permit_chain_100934902 [2021-08-24] NA units=3 description=PROPOSED 3 STORY 3 D.U. RESIDENTIAL MASONRY BUILDING, 3 STORY REAR METAL OPEN PORCH AND 3 PARKING SPACES AS PER PLANS.",6506 S INGLESIDE AVE,1,,,,,,,,FALSE,FALSE,FALSE,FALSE,5_confirmation,construction_year_parcel_polygon,1,0,0,1893,1,1,2052,1311.4999999292197,city_building_540711 address=6504 6504 S INGLESIDE AVE; year=1893; units=1; building_sqft=2052; overlap=1,0,0,,,,,,6506 S INGLESIDE AVE,FALSE,FALSE,FALSE,FALSE,FALSE,FALSE,FALSE,FALSE,FALSE,FALSE,resolved_single_target_year_card,3,3645,1_single_target_confirmation,,,,,,,,,,,,,1,6,7290,6300,residential_multicard_20231140240000,noncondo_20231140240000 [6506 S INGLESIDE AVE] year=2022 units=6 sqft=7290 land=6300 project=residential_multicard_20231140240000,,,,,,,single_target_card_no_successor_overlap,3,3645,FALSE,retain,3,3645,contemporaneous_card_inventory,high,cards=1; card_units=3; card_building_sqft=3645; permit_addresses=6506 S INGLESIDE AVE / 6508 S INGLESIDE AVE,,,,,,retain,3,3645,contemporaneous_card_inventory,high,cards=1; card_units=3; card_building_sqft=3645; permit_addresses=6506 S INGLESIDE AVE / 6508 S INGLESIDE AVE,,,,,2022,existing_adjudicated_year,,,,,,,
residential_multicard_25221030430000,2008,FALSE,TRUE,1209.2733538207676,9_34,1,3343,9380,0.3563965884861407,4.643923240938166,25221030430000,residential_multicard_25221030430000,25221030430000,residential_25221030430000,residential_multicard_25221030430000,1,2,278,1,TRUE,1,3343,1,3343,TRUE,TRUE,2008,2026,2,2,16,0,0,1,0,1,1,0,11152 S INDIANA AVE,,,,0,0,FALSE,FALSE,,,"permit_chain_100231212 [project polygon] [2008-05-02] 11152 S INDIANA AVE units=missing description=ERECT NEW 2 STORY, III-B ADDITION W/BASEMENT TO EXISTING SFR AS PER PLANS",[]  units= description=,11152 S INDIANA AVE,1,,,,,,,,FALSE,FALSE,FALSE,FALSE,5_confirmation,construction_year_parcel_polygon,4,0,0,0/1907,1,2,3770,3704.0000001077424,city_building_770580 address=11152 11152 S INDIANA AVE; year=0; units=1; building_sqft=1920; overlap=1 || city_building_770431 address=11148 11148 S INDIANA AVE; year=1907; units=1; building_sqft=1850; overlap=1 || city_building_770601 address=0 0; year=0; units=0; building_sqft=0; overlap=1 || city_building_770528 address=0 0; year=0; units=0; building_sqft=0; overlap=1,0,0,,,,,,11152 S INDIANA AVE,FALSE,FALSE,FALSE,FALSE,FALSE,FALSE,FALSE,FALSE,FALSE,FALSE,resolved_single_target_year_card,1,3343,1_single_target_confirmation,,,,,,,,,,,,,,,,,,,,,,,,,single_target_card_no_successor_overlap,1,3343,FALSE,retain,1,3343,contemporaneous_card_inventory,high,cards=1; card_units=1; card_building_sqft=3343; permit_addresses=11152 S INDIANA AVE,,,,,,retain,1,3343,contemporaneous_card_inventory,high,cards=1; card_units=1; card_building_sqft=3343; permit_addresses=11152 S INDIANA AVE,,,,,2008,existing_adjudicated_year,,,,,,,
residential_17211330040000,2017,FALSE,TRUE,638.8048893000164,11_25,1,3065,,,,17211330040000,residential_multicard_17211330040000,17211330040000,residential_17211330040000,residential_multicard_17211330040000,8,1/2/3/4/5/6/7/8,295,5,FALSE,8,20028,1,2288/2334/2548/2837/3065,TRUE,TRUE,2018,2018,8,8,1,0,0,0,0,0,,,,,,,0,0,,,,,,,,,,,,,,,,TRUE,TRUE,FALSE,FALSE,3_placebo_scope_threshold,construction_year_parcel_polygon,0,0,,,,,,,,0,0,,,,,,,FALSE,FALSE,FALSE,FALSE,FALSE,FALSE,FALSE,FALSE,FALSE,FALSE,manual_review_required,,,6_placebo_scope_multifamily_threshold,episode_059,high_confidence_reproduction,TRUE,residential_17211330040000,residential_17211330260000/residential_17211330270000/residential_17211330280000/residential_17211330290000/residential_17211330310000/residential_17211330320000/residential_17211330330000/residential_17211330340000,8,20028,8,20060,9508,1,1.0015977631316155,8,8,20060,9508,residential_17211330260000/residential_17211330270000/residential_17211330280000/residential_17211330290000/residential_17211330310000/residential_17211330320000/residential_17211330330000/residential_17211330340000,noncondo_17211330260000 [725 W 15TH ST] year=2018 units=1 sqft=3072 land=1331 project=residential_17211330260000 || noncondo_17211330270000 [727 W 15TH ST] year=2018 units=1 sqft=2337 land=1148 project=residential_17211330270000 || noncondo_17211330280000 [729 W 15TH ST] year=2018 units=1 sqft=2337 land=1148 project=residential_17211330280000 || noncondo_17211330290000 [731 W 15TH ST] year=2018 units=1 sqft=2290 land=1120 project=residential_17211330290000 || noncondo_17211330310000 [733 W 15TH ST] year=2018 units=1 sqft=2290 land=1137 project=residential_17211330310000 || noncondo_17211330320000 [735 W 15TH ST] year=2018 units=1 sqft=2337 land=1147 project=residential_17211330320000 || noncondo_17211330330000 [737 W 15TH ST] year=2018 units=1 sqft=2554 land=1148 project=residential_17211330330000 || noncondo_17211330340000 [739 W 15TH ST] year=2018 units=1 sqft=2843 land=1329 project=residential_17211330340000,,,,,,,successor_episode_exact_reproduction,8,20060,FALSE,retain,8,20060,completed_successor_episode,high,cards=8; card_units=8; successor_units=8; successor_building_sqft=20060; successor_projects=residential_17211330260000/residential_17211330270000/residential_17211330280000/residential_17211330290000/residential_17211330310000/residential_17211330320000/residential_17211330330000/residential_17211330340000,,,,,,retain,8,20060,completed_successor_episode,high,cards=8; card_units=8; successor_units=8; successor_building_sqft=20060; successor_projects=residential_17211330260000/residential_17211330270000/residential_17211330280000/residential_17211330290000/residential_17211330310000/residential_17211330320000/residential_17211330330000/residential_17211330340000,,,,,2017,existing_adjudicated_year,,,,,,,
residential_multicard_13014130010000,2009,FALSE,TRUE,742.199681968142,40_50,2,2890,7282,0.3968689920351552,11.963746223564955,13014130010000,residential_multicard_13014130010000,13014130010000,residential_13014130010000,residential_multicard_13014130010000,2,1/2,211,1,TRUE,4,5780,2,2890,TRUE,TRUE,1999,2010,2,2,1,1,1,0,0,0,,,,,,,0,0,,,,,,,,,,,,,,,,TRUE,FALSE,FALSE,FALSE,4_placebo_scope_outcome,construction_year_parcel_polygon,3,2,0,0/2009/2010,,,,743.6029312383034,city_building_45916 address=0 0; year=0; units=0; building_sqft=0; overlap=1 || city_building_889087 address=5857 5857 N MAPLEWOOD AVE; year=2009; units=0; building_sqft=0; overlap=1 || city_building_889088 address=5859 5859 N MAPLEWOOD AVE; year=2010; units=0; building_sqft=0; overlap=1,0,0,,,,5859 N MAPLEWOOD AVE,1,5859 N MAPLEWOOD AVE,FALSE,FALSE,FALSE,FALSE,TRUE,FALSE,FALSE,FALSE,TRUE,FALSE,candidate_sum_supported,4,5780,7_placebo_scope_outcome,episode_001,high_confidence_reproduction,TRUE,residential_multicard_13014130010000,residential_13014130470000/residential_13014130480000,4,5780,4,5780,7293,1,1,2,4,5780,7293,residential_13014130470000/residential_13014130480000,noncondo_13014130470000 [5857 N MAPLEWOOD AVE] year=2008 units=2 sqft=2890 land=3644 project=residential_13014130470000 || noncondo_13014130480000 [5859 N MAPLEWOOD AVE] year=2008 units=2 sqft=2890 land=3649 project=residential_13014130480000,,,,,,,successor_episode_exact_reproduction,4,5780,FALSE,retain,4,5780,completed_successor_episode,high,cards=2; card_units=4; successor_units=4; successor_building_sqft=5780; successor_projects=residential_13014130470000/residential_13014130480000,,,,,,retain,4,5780,completed_successor_episode,high,cards=2; card_units=4; successor_units=4; successor_building_sqft=5780; successor_projects=residential_13014130470000/residential_13014130480000,,,,,2009,existing_adjudicated_year,,,,,,,
residential_multicard_13104270160000,2019,FALSE,TRUE,578.8052099178909,35_39,1,1875,6350,0.2952755905511811,6.859842519685039,13104270160000,residential_multicard_13104270160000,13104270160000,residential_13104270160000,residential_multicard_13104270160000,2,1/2,207,1,TRUE,2,3750,1,1875,TRUE,TRUE,1999,2021,2,2,2,1,1,1,1,0,1,1,4852 N KEYSTONE AVE,4852 N KEYSTONE AVE,,,0,0,FALSE,FALSE,,,"permit_chain_100842523 [exact PIN] [2019-11-26] 4852 N KEYSTONE AVE units=missing description=**SELF-CERT** PROPOSED TWO STORY SINGLE FAMILY FRAME RESIDENCE WITH BASEMENT, FRONT OPEN WOOD PORCH WITH ROOF, REAR CONCRETE PATIO, NEW TWO CAR FRAME GARAGE **SELF-CERT**","permit_chain_100842523 [2019-11-26] 4852 N KEYSTONE AVE units=missing description=**SELF-CERT** PROPOSED TWO STORY SINGLE FAMILY FRAME RESIDENCE WITH BASEMENT, FRONT OPEN WOOD PORCH WITH ROOF, REAR CONCRETE PATIO, NEW TWO CAR FRAME GARAGE **SELF-CERT**",,,,,,,,,,TRUE,TRUE,FALSE,FALSE,3_placebo_scope_threshold,construction_year_parcel_polygon,2,0,0,0/1923,2,2,2671,2423.8750002294546,city_building_100996 address=4850 4850 N KEYSTONE AVE; year=1923; units=2; building_sqft=2671; overlap=1 || city_building_101116 address=0 0; year=0; units=0; building_sqft=0; overlap=1,0,0,,,,4850 N KEYSTONE AVE,1,4850 N KEYSTONE AVE,FALSE,TRUE,FALSE,FALSE,FALSE,FALSE,FALSE,FALSE,TRUE,FALSE,candidate_sum_supported,2,3750,6_placebo_scope_multifamily_threshold,episode_002,high_confidence_reproduction,TRUE,residential_multicard_13104270160000,residential_13104270390000/residential_13104270400000,2,3750,2,3750,6310,1,1,2,2,3750,6310,residential_13104270390000/residential_13104270400000,noncondo_13104270400000 [4850 N KEYSTONE AVE] year=2019 units=1 sqft=1875 land=3147 project=residential_13104270400000 || noncondo_13104270390000 [4852 N KEYSTONE AVE] year=2019 units=1 sqft=1875 land=3163 project=residential_13104270390000,,,,,,,successor_episode_exact_reproduction,2,3750,FALSE,retain,2,3750,completed_successor_episode,high,cards=2; card_units=2; successor_units=2; successor_building_sqft=3750; successor_projects=residential_13104270390000/residential_13104270400000,,,,,,retain,2,3750,completed_successor_episode,high,cards=2; card_units=2; successor_units=2; successor_building_sqft=3750; successor_projects=residential_13104270390000/residential_13104270400000,,,,,2019,existing_adjudicated_year,,,,,,,
residential_multicard_13124150470000,2014,FALSE,TRUE,706.6301357746916,40_47,1,3002,8640,0.3474537037037037,5.041666666666667,13124150470000,residential_multicard_13124150470000,13124150470000,residential_13124150470000,residential_multicard_13124150470000,2,1/2,278,2,FALSE,2,5817,1,2815/3002,TRUE,TRUE,1999,2015,2,2,1,1,1,2,2,0,2,2,2448 W AINSLIE ST / 2446 W AINSLIE ST,2448 W AINSLIE ST / 2446 W AINSLIE ST / NA,,,0,0,FALSE,FALSE,,,permit_chain_100558283 [exact PIN] [2014-11-05] 2448 W AINSLIE ST / 2446 W AINSLIE ST units=missing description=IV-A NEW 2-STORY AND BASEMENT SINGLE FAMILY RESIDENCE WITH TYPE IV-A 3-CAR GARAGE || permit_chain_100559050 [exact PIN] [2014-11-05] 2448 W AINSLIE ST / 2446 W AINSLIE ST units=missing description=IV-A NEW 2-STORY AND BASEMENT SINGLE FAMILY RESIDENCE WITH TYPE IV-A 2-CAR ATTACHED GARAGE.(CONDITIONAL PERMIT SUBJECT TO FIELD INSPECTIONS.),permit_chain_100558283 [2014-11-05] 2448 W AINSLIE ST / 2446 W AINSLIE ST units=missing description=IV-A NEW 2-STORY AND BASEMENT SINGLE FAMILY RESIDENCE WITH TYPE IV-A 3-CAR GARAGE || permit_chain_100559050 [2014-11-05] NA units=missing description=IV-A NEW 2-STORY AND BASEMENT SINGLE FAMILY RESIDENCE WITH TYPE IV-A 2-CAR ATTACHED GARAGE.(CONDITIONAL PERMIT SUBJECT TO FIELD INSPECTIONS.),,,,,,,,,,TRUE,TRUE,FALSE,FALSE,3_placebo_scope_threshold,construction_year_parcel_polygon,3,0,0,0/1910,1,1,2362,3318.374999868509,city_building_94859 address=2444 2444 W AINSLIE ST; year=1910; units=1; building_sqft=2362; overlap=1 || city_building_93898 address=0 0; year=0; units=0; building_sqft=0; overlap=1 || city_building_94565 address=0 0; year=0; units=0; building_sqft=0; overlap=1,0,0,,,,2444 W AINSLIE ST,1,2444 W AINSLIE ST,TRUE,FALSE,FALSE,FALSE,FALSE,FALSE,TRUE,TRUE,TRUE,TRUE,manual_review_required,,,5_placebo_scope_conflicting_evidence,episode_003,high_confidence_reproduction,TRUE,residential_multicard_13124150470000,residential_13124150570000/residential_13124150580000,2,5817,2,6005,9010,1,1.0323190648100395,2,2,6005,9010,residential_13124150570000/residential_13124150580000,noncondo_13124150570000 [2446 W AINSLIE ST] year=2014 units=1 sqft=2845 land=4006 project=residential_13124150570000 || noncondo_13124150580000 [2448 W AINSLIE ST] year=2014 units=1 sqft=3160 land=5004 project=residential_13124150580000,,,,,,,successor_episode_exact_reproduction,2,6005,FALSE,retain,2,6005,completed_successor_episode,high,cards=2; card_units=2; successor_units=2; successor_building_sqft=6005; successor_projects=residential_13124150570000/residential_13124150580000,,,,,,retain,2,6005,completed_successor_episode,high,cards=2; card_units=2; successor_units=2; successor_building_sqft=6005; successor_projects=residential_13124150570000/residential_13124150580000,,,,,2014,existing_adjudicated_year,,,,,,,
residential_multicard_13141240180000,2018,FALSE,TRUE,644.2022716559657,35_39,1,1904,7415,0.2567768037761295,5.874578556979096,13141240180000,residential_multicard_13141240180000,13141240180000,residential_13141240180000,residential_multicard_13141240180000,2,1/2,207,2,FALSE,2,3793,1,1889/1904,TRUE,TRUE,1999,2019,2,2,1,1,1,2,2,0,2,2,4454 N HAMLIN AVE / 4458 N HAMLIN AVE,4454 N HAMLIN AVE / 4458 N HAMLIN AVE / NA,,,0,0,FALSE,FALSE,,,permit_chain_100798368 [exact PIN] [2019-01-23] 4454 N HAMLIN AVE / 4458 N HAMLIN AVE units=missing description=NEW 2 STORY SINGLE FAMILY RESIDENCE WITH BASEMENT. NEW REAR WOOD DECK. NEW 2 CAR FRAME GARAGE. INSTALL 6 FEET HIGH WOOD FENCE AND 5 FEET HIGH IRON FENCE. ALL WORK AS PER PLANS. || permit_chain_100798374 [exact PIN] [2019-01-23] 4454 N HAMLIN AVE / 4458 N HAMLIN AVE units=missing description=NEW 2 STORY SINGLE FAMILY RESIDENCE WITH BASEMENT. NEW REAR WOOD DECK. NEW 2 CAR FRAME GARAGE. INSTALL 6 FEET HIGH WOOD FENCE AND 5 FEET HIGH IRON FENCE. ALL WORK AS PER PLANS.,permit_chain_100798368 [2019-01-23] 4454 N HAMLIN AVE / 4458 N HAMLIN AVE units=missing description=NEW 2 STORY SINGLE FAMILY RESIDENCE WITH BASEMENT. NEW REAR WOOD DECK. NEW 2 CAR FRAME GARAGE. INSTALL 6 FEET HIGH WOOD FENCE AND 5 FEET HIGH IRON FENCE. ALL WORK AS PER PLANS. || permit_chain_100798374 [2019-01-23] NA units=missing description=NEW 2 STORY SINGLE FAMILY RESIDENCE WITH BASEMENT. NEW REAR WOOD DECK. NEW 2 CAR FRAME GARAGE. INSTALL 6 FEET HIGH WOOD FENCE AND 5 FEET HIGH IRON FENCE. ALL WORK AS PER PLANS.,,,,,,,,,,TRUE,TRUE,FALSE,FALSE,3_placebo_scope_threshold,construction_year_parcel_polygon,2,0,0,0/1916,1,1,1056,2034.1250000149012,city_building_123973 address=4456 4456 N HAMLIN AVE; year=1916; units=1; building_sqft=1056; overlap=1 || city_building_123961 address=0 0; year=0; units=0; building_sqft=0; overlap=1,0,0,,,,4456 N HAMLIN AVE 1,1,4456 N HAMLIN AVE 1,TRUE,FALSE,FALSE,FALSE,FALSE,FALSE,TRUE,TRUE,TRUE,TRUE,manual_review_required,,,5_placebo_scope_conflicting_evidence,episode_005,high_confidence_reproduction,TRUE,residential_multicard_13141240180000,residential_13141240450000/residential_13141240460000,2,3793,2,3793,7448,1,1,2,2,3793,7448,residential_13141240450000/residential_13141240460000,noncondo_13141240450000 [4454 N HAMLIN AVE] year=2019 units=1 sqft=1889 land=3725 project=residential_13141240450000 || noncondo_13141240460000 [4458 N HAMLIN AVE] year=2019 units=1 sqft=1904 land=3723 project=residential_13141240460000,,,,,,,successor_episode_exact_reproduction,2,3793,FALSE,retain,2,3793,completed_successor_episode,high,cards=2; card_units=2; successor_units=2; successor_building_sqft=3793; successor_projects=residential_13141240450000/residential_13141240460000,,,,,,retain,2,3793,completed_successor_episode,high,cards=2; card_units=2; successor_units=2; successor_building_sqft=3793; successor_projects=residential_13141240450000/residential_13141240460000,,,,,2018,existing_adjudicated_year,,,,,,,
residential_multicard_13143260160000,2014,FALSE,TRUE,923.369720853808,38_39,1,2612,6650,0.39278195488721807,6.550375939849624,13143260160000,residential_multicard_13143260160000,13143260160000,residential_13143260160000,residential_multicard_13143260160000,2,1/2,278,1,TRUE,2,5224,1,2612,TRUE,TRUE,1999,2018,2,2,3,1,1,2,2,0,2,2,4030 N HARDING AVE / 4028 N HARDING AVE,4030 N HARDING AVE / 4028 N HARDING AVE / NA,,,0,0,FALSE,FALSE,,,permit_chain_100605186 [exact PIN] [2015-08-20] 4030 N HARDING AVE / 4028 N HARDING AVE units=missing description=ERECT A NEW 2 STORY SINGLE FAMILY RESIDENCE WITH ATTACHED 2 CAR GARAGE. NEW REAR WOOD DECK AS PER PLANS. || permit_chain_100605366 [exact PIN] [2015-08-20] 4030 N HARDING AVE / 4028 N HARDING AVE units=missing description=ERECT A NEW 2 STORY SINGLE FAMILY RESIDENCE WITH ATTACHED 2 CAR GARAGE.NEW REAR WOOD DECK AS PER PLANS.,permit_chain_100605186 [2015-08-20] 4030 N HARDING AVE / 4028 N HARDING AVE units=missing description=ERECT A NEW 2 STORY SINGLE FAMILY RESIDENCE WITH ATTACHED 2 CAR GARAGE. NEW REAR WOOD DECK AS PER PLANS. || permit_chain_100605366 [2015-08-20] NA units=missing description=ERECT A NEW 2 STORY SINGLE FAMILY RESIDENCE WITH ATTACHED 2 CAR GARAGE.NEW REAR WOOD DECK AS PER PLANS.,,,,,,,,,,TRUE,TRUE,FALSE,FALSE,3_placebo_scope_threshold,construction_year_parcel_polygon,2,0,0,0/1907,1,1,1020,1680.8749999636784,city_building_151774 address=4030 4030 N HARDING AVE; year=1907; units=1; building_sqft=1020; overlap=1 || city_building_152006 address=0 0; year=0; units=0; building_sqft=0; overlap=1,0,0,,,,4030 N HARDING AVE,1,4030 N HARDING AVE,TRUE,FALSE,FALSE,FALSE,FALSE,FALSE,TRUE,TRUE,TRUE,TRUE,manual_review_required,,,5_placebo_scope_conflicting_evidence,episode_006,high_confidence_reproduction,TRUE,residential_multicard_13143260160000,residential_13143260370000/residential_13143260380000,2,5224,2,5226,6662,1,1.0003828483920367,2,2,5226,6662,residential_13143260370000/residential_13143260380000,noncondo_13143260370000 [4028 N HARDING AVE] year=2015 units=1 sqft=2613 land=3331 project=residential_13143260370000 || noncondo_13143260380000 [4030 N HARDING AVE] year=2015 units=1 sqft=2613 land=3331 project=residential_13143260380000,,,,,,,successor_episode_exact_reproduction,2,5226,FALSE,retain,2,5226,completed_successor_episode,high,cards=2; card_units=2; successor_units=2; successor_building_sqft=5226; successor_projects=residential_13143260370000/residential_13143260380000,,,,,,retain,2,5226,completed_successor_episode,high,cards=2; card_units=2; successor_units=2; successor_building_sqft=5226; successor_projects=residential_13143260370000/residential_13143260380000,,,,,2014,existing_adjudicated_year,,,,,,,
residential_multicard_13161090190000,2021,FALSE,TRUE,907.5855585299092,38_45,1,2016,6915,0.2915401301518438,6.299349240780911,13161090190000,residential_multicard_13161090190000,13161090190000,residential_13161090190000,residential_multicard_13161090190000,2,1/2,278,1,TRUE,2,4032,1,2016,TRUE,TRUE,1999,2023,2,2,2,1,1,2,2,0,2,2,5336 W LELAND AVE / 5334 W LELAND AVE,5336 W LELAND AVE / 5334 W LELAND AVE / NA,,,0,0,FALSE,FALSE,,,"permit_chain_100886990 [exact PIN] [2020-10-27] 5336 W LELAND AVE / 5334 W LELAND AVE units=missing description=SELF-CERT 2019 CCC - PROPOSED 2 STORY SFR W/BASEMENT, FRONT OPEN PORCH W/ROOF, REAR OPEN WOOD DECK, 5' IRON AND WOOD FENCES, AND 2 CAR GARAGE, PER PLANS. || permit_chain_100886991 [exact PIN] [2020-10-27] 5336 W LELAND AVE / 5334 W LELAND AVE units=missing description=PROPOSED 2 STORY SFR W/BASEMENT, FRONT OPEN PORCH W/ROOF, REAR OPEN WOOD DECK, 5' IRON AND WOOD FENCES, AND 2 CAR GARAGE, PER PLANS.","permit_chain_100886990 [2020-10-27] 5336 W LELAND AVE / 5334 W LELAND AVE units=missing description=SELF-CERT 2019 CCC - PROPOSED 2 STORY SFR W/BASEMENT, FRONT OPEN PORCH W/ROOF, REAR OPEN WOOD DECK, 5' IRON AND WOOD FENCES, AND 2 CAR GARAGE, PER PLANS. || permit_chain_100886991 [2020-10-27] NA units=missing description=PROPOSED 2 STORY SFR W/BASEMENT, FRONT OPEN PORCH W/ROOF, REAR OPEN WOOD DECK, 5' IRON AND WOOD FENCES, AND 2 CAR GARAGE, PER PLANS.",,,,,,,,,,TRUE,TRUE,FALSE,FALSE,3_placebo_scope_threshold,construction_year_parcel_polygon,1,0,0,1900,2,2,,3758.499999918043,city_building_113638 address=5332 5334 W LELAND AVE; year=1900; units=2; building_sqft=0; overlap=1,0,0,,,,5334 W LELAND AVE,1,5334 W LELAND AVE,FALSE,TRUE,FALSE,FALSE,FALSE,FALSE,TRUE,FALSE,TRUE,FALSE,candidate_sum_supported,2,4032,6_placebo_scope_multifamily_threshold,episode_007,high_confidence_reproduction,TRUE,residential_multicard_13161090190000,residential_13161090520000/residential_13161090530000,2,4032,2,4142,6892,1,1.027281746031746,2,2,4142,6892,residential_13161090520000/residential_13161090530000,noncondo_13161090520000 [5334 W LELAND] year=2021 units=1 sqft=2071 land=3446 project=residential_13161090520000 || noncondo_13161090530000 [5336 W LELAND] year=2021 units=1 sqft=2071 land=3446 project=residential_13161090530000,,,,,,,successor_episode_exact_reproduction,2,4142,FALSE,retain,2,4142,completed_successor_episode,high,cards=2; card_units=2; successor_units=2; successor_building_sqft=4142; successor_projects=residential_13161090520000/residential_13161090530000,,,,,,retain,2,4142,completed_successor_episode,high,cards=2; card_units=2; successor_units=2; successor_building_sqft=4142; successor_projects=residential_13161090520000/residential_13161090530000,,,,,2021,existing_adjudicated_year,,,,,,,
residential_multicard_13224130020000,2018,FALSE,TRUE,619.1214541295574,30_45,1,2343,7448,0.3145810955961332,5.848549946294307,13224130020000,residential_multicard_13224130020000,13224130020000,residential_13224130020000,residential_multicard_13224130020000,2,1/2,278,1,TRUE,2,4686,1,2343,TRUE,TRUE,1999,2019,2,2,1,1,1,2,2,0,2,2,4169 W CORNELIA AVE / 4167 W CORNELIA AVE,4169 W CORNELIA AVE / 4167 W CORNELIA AVE / NA,,,0,0,FALSE,FALSE,,,permit_chain_100743259 [exact PIN] [2018-02-13] 4169 W CORNELIA AVE / 4167 W CORNELIA AVE units=missing description=ERECT A NEW 2 STORY FRAME (4A CONST) WITH BASEMENT SINGLE FAMILY HOME AND 2 CAR DETACHED FRAME GARAGE AS PER PLANS (CONDITIONAL PERMIT SUBJECT TO FIELD INSPECTIONS) || permit_chain_100743262 [exact PIN] [2018-02-13] 4169 W CORNELIA AVE / 4167 W CORNELIA AVE units=missing description=ERECT A NEW 2 STORY FRAME (4A CONST) WITH BASEMENT SINGLE FAMILY HOME AND 2 CAR DETACHED FRAME GARAGE AS PER PLANS**CERTIFIED CORRECTIONS- - SUBJECT TO FIELD INSPECTIONS & AUDIT **,permit_chain_100743259 [2018-02-13] 4169 W CORNELIA AVE / 4167 W CORNELIA AVE units=missing description=ERECT A NEW 2 STORY FRAME (4A CONST) WITH BASEMENT SINGLE FAMILY HOME AND 2 CAR DETACHED FRAME GARAGE AS PER PLANS (CONDITIONAL PERMIT SUBJECT TO FIELD INSPECTIONS) || permit_chain_100743262 [2018-02-13] NA units=missing description=ERECT A NEW 2 STORY FRAME (4A CONST) WITH BASEMENT SINGLE FAMILY HOME AND 2 CAR DETACHED FRAME GARAGE AS PER PLANS**CERTIFIED CORRECTIONS- - SUBJECT TO FIELD INSPECTIONS & AUDIT **,,,,,,,,,,TRUE,TRUE,FALSE,FALSE,3_placebo_scope_threshold,construction_year_parcel_polygon,2,0,0,0,,,,1829.499999803724,city_building_189841 address=4169 4169 W CORNELIA AVE; year=0; units=0; building_sqft=0; overlap=0.997 || city_building_189266 address=4169 4169 W CORNELIA AVE; year=0; units=0; building_sqft=0; overlap=1,0,0,,,,4169 W CORNELIA AVE,1,4169 W CORNELIA AVE,FALSE,FALSE,FALSE,FALSE,FALSE,FALSE,TRUE,FALSE,TRUE,FALSE,candidate_sum_supported,2,4686,6_placebo_scope_multifamily_threshold,episode_011,high_confidence_reproduction,TRUE,residential_multicard_13224130020000,residential_13224130140000/residential_13224130150000,2,4686,2,4686,7502,1,1,2,2,4686,7502,residential_13224130140000/residential_13224130150000,noncondo_13224130150000 [4167 W CORNELIA AVE] year=2018 units=1 sqft=2343 land=4095 project=residential_13224130150000 || noncondo_13224130140000 [4169 W CORNELIA AVE] year=2018 units=1 sqft=2343 land=3407 project=residential_13224130140000,,,,,,,successor_episode_exact_reproduction,2,4686,FALSE,retain,2,4686,completed_successor_episode,high,cards=2; card_units=2; successor_units=2; successor_building_sqft=4686; successor_projects=residential_13224130140000/residential_13224130150000,,,,,,retain,2,4686,completed_successor_episode,high,cards=2; card_units=2; successor_units=2; successor_building_sqft=4686; successor_projects=residential_13224130140000/residential_13224130150000,,,,,2018,existing_adjudicated_year,,,,,,,
residential_multicard_13243050590000,2014,FALSE,TRUE,1062.006162953587,33_35,1,1982,4364,0.4541704857928506,9.98166819431714,13243050590000,residential_multicard_13243050590000,13243050590000,residential_13243050590000,residential_multicard_13243050590000,3,1/2/3,295,1,TRUE,3,5946,1,1982,TRUE,TRUE,2015,2015,3,3,1,0,0,0,0,0,,,,,,,0,0,,,,,,,,,,,,,,,,TRUE,TRUE,FALSE,FALSE,3_placebo_scope_threshold,construction_year_parcel_polygon,0,0,,,,,,,,0,0,,,,3433 N WHIPPLE ST,1,3433 N WHIPPLE ST,FALSE,FALSE,FALSE,FALSE,FALSE,FALSE,FALSE,FALSE,FALSE,FALSE,manual_review_required,,,6_placebo_scope_multifamily_threshold,episode_016,high_confidence_reproduction,TRUE,residential_multicard_13243050590000,residential_13243050830000/residential_13243050840000/residential_13243050850000,3,5946,3,5946,4362,1,1,3,3,5946,4362,residential_13243050830000/residential_13243050840000/residential_13243050850000,noncondo_13243050850000 [3429 N WHIPPLE ST] year=2014 units=1 sqft=1982 land=1805 project=residential_13243050850000 || noncondo_13243050840000 [3431 N WHIPPLE ST] year=2014 units=1 sqft=1982 land=1101 project=residential_13243050840000 || noncondo_13243050830000 [3433 N WHIPPLE ST] year=2014 units=1 sqft=1982 land=1456 project=residential_13243050830000,,,,,,,successor_episode_exact_reproduction,3,5946,FALSE,retain,3,5946,completed_successor_episode,high,cards=3; card_units=3; successor_units=3; successor_building_sqft=5946; successor_projects=residential_13243050830000/residential_13243050840000/residential_13243050850000,,,,,,retain,3,5946,completed_successor_episode,high,cards=3; card_units=3; successor_units=3; successor_building_sqft=5946; successor_projects=residential_13243050830000/residential_13243050840000/residential_13243050850000,,,,,2014,existing_adjudicated_year,,,,,,,
residential_multicard_13243050680000,2014,FALSE,TRUE,1221.2908333514013,33_35,1,1982,28702,0.0690544212946833,1.5176642742666016,13243050680000,residential_multicard_13243050680000,13243050680000,residential_13243050680000,residential_multicard_13243050680000,3,1/2/3,295,1,TRUE,3,5946,1,1982,TRUE,TRUE,2015,2015,3,3,1,0,0,1,1,0,1,1,2957 W CORNELIA AVE,2957 W CORNELIA AVE,,,0,0,FALSE,FALSE,,,permit_chain_100602938 [exact PIN] [2015-08-31] 2957 W CORNELIA AVE units=missing description=ERECT NEW FOUR DWELLING UNIT TOWNHOUSE THREE STORY PER PLAN.,permit_chain_100602938 [2015-08-31] 2957 W CORNELIA AVE units=missing description=ERECT NEW FOUR DWELLING UNIT TOWNHOUSE THREE STORY PER PLAN.,,,,,,,,,,TRUE,TRUE,FALSE,FALSE,3_placebo_scope_threshold,construction_year_parcel_polygon,0,0,,,,,,,,0,0,,,,3036 N NEWPORT AVE,1,3036 N NEWPORT AVE,FALSE,FALSE,FALSE,FALSE,FALSE,FALSE,FALSE,FALSE,FALSE,FALSE,manual_review_required,,,6_placebo_scope_multifamily_threshold,episode_017,high_confidence_reproduction,TRUE,residential_multicard_13243050680000,residential_13243050880000/residential_13243050890000/residential_13243050900000,3,5946,3,5946,3876,1,1,3,3,5946,3876,residential_13243050880000/residential_13243050890000/residential_13243050900000,noncondo_13243050880000 [3032 W NEWPORT AVE] year=2014 units=1 sqft=1982 land=1241 project=residential_13243050880000 || noncondo_13243050890000 [3034 W NEWPORT AVE] year=2014 units=1 sqft=1982 land=1079 project=residential_13243050890000 || noncondo_13243050900000 [3036 W NEWPORT AVE] year=2014 units=1 sqft=1982 land=1556 project=residential_13243050900000,,,,,,,successor_episode_exact_reproduction,3,5946,FALSE,retain,3,5946,completed_successor_episode,high,cards=3; card_units=3; successor_units=3; successor_building_sqft=5946; successor_projects=residential_13243050880000/residential_13243050890000/residential_13243050900000,,,,,,retain,3,5946,completed_successor_episode,high,cards=3; card_units=3; successor_units=3; successor_building_sqft=5946; successor_projects=residential_13243050880000/residential_13243050890000/residential_13243050900000,,,,,2014,existing_adjudicated_year,,,,,,,
residential_multicard_13354070010000,2021,FALSE,TRUE,560.7964336954171,1_26,1,2081,6880,0.30247093023255817,6.3313953488372094,13354070010000,residential_multicard_13354070010000,13354070010000,residential_13354070010000,residential_multicard_13354070010000,2,1/2,278,1,TRUE,2,4162,1,2081,TRUE,TRUE,2021,2021,2,2,1,0,0,2,2,0,2,2,3535 W CORTLAND ST / 3537 W CORTLAND ST,3535 W CORTLAND ST / 3537 W CORTLAND ST / NA,,,0,0,FALSE,FALSE,,,permit_chain_100887017 [exact PIN] [2020-08-26] 3535 W CORTLAND ST / 3537 W CORTLAND ST units=missing description=ERECT A NEW 2-STORY SINGLE FAMILY RESIDENCE WITH BASEMENT AND DETACHED 2 CAR FRAME GARAGE. INSTALL 6 FEET HIGH WOOD FENCE AND IRON FENCE. ALL WORK AS PER PLANS. || permit_chain_100887024 [exact PIN] [2020-08-26] 3535 W CORTLAND ST / 3537 W CORTLAND ST units=missing description=ERECT A NEW 2-STORY SINGLE FAMILY RESIDENCE WITH BASEMENT AND DETACHED 2 CAR FRAME GARAGE. INSTALL 6 FEET HIGH WOOD FENCE AND IRON FENCE. ALL WORK AS PER PLANS.,permit_chain_100887017 [2020-08-26] 3535 W CORTLAND ST / 3537 W CORTLAND ST units=missing description=ERECT A NEW 2-STORY SINGLE FAMILY RESIDENCE WITH BASEMENT AND DETACHED 2 CAR FRAME GARAGE. INSTALL 6 FEET HIGH WOOD FENCE AND IRON FENCE. ALL WORK AS PER PLANS. || permit_chain_100887024 [2020-08-26] NA units=missing description=ERECT A NEW 2-STORY SINGLE FAMILY RESIDENCE WITH BASEMENT AND DETACHED 2 CAR FRAME GARAGE. INSTALL 6 FEET HIGH WOOD FENCE AND IRON FENCE. ALL WORK AS PER PLANS.,,,,,,,,,,TRUE,TRUE,FALSE,FALSE,3_placebo_scope_threshold,construction_year_parcel_polygon,0,0,,,,,,,,0,0,,,,3537 W CORTLAND ST,1,3537 W CORTLAND ST,FALSE,FALSE,FALSE,FALSE,FALSE,FALSE,TRUE,FALSE,TRUE,FALSE,candidate_sum_supported,2,4162,6_placebo_scope_multifamily_threshold,episode_025,high_confidence_reproduction,TRUE,residential_multicard_13354070010000,residential_13354070400000/residential_13354070410000,2,4162,2,4162,6877,1,1,2,2,4162,6877,residential_13354070400000/residential_13354070410000,noncondo_13354070410000 [3537 W CORTLAND ST] year=2021 units=1 sqft=2081 land=3475 project=residential_13354070410000 || noncondo_13354070400000 [3535 W CORTLAND ST] year=2022 units=1 sqft=2081 land=3402 project=residential_13354070400000,,,,,,,successor_episode_exact_reproduction,2,4162,FALSE,retain,2,4162,completed_successor_episode,high,cards=2; card_units=2; successor_units=2; successor_building_sqft=4162; successor_projects=residential_13354070400000/residential_13354070410000,,,,,,retain,2,4162,completed_successor_episode,high,cards=2; card_units=2; successor_units=2; successor_building_sqft=4162; successor_projects=residential_13354070400000/residential_13354070410000,,,,,2021,existing_adjudicated_year,,,,,,,
residential_multicard_13354090450000,2006,FALSE,TRUE,600.7388627443438,26_35,1,1902,18501,0.10280525377006648,2.354467326090482,13354090450000,residential_multicard_13354090450000,13354090450000,residential_13354090450000,residential_multicard_13354090450000,16,1/2/3/4/5/6/7/8/9/10/11/12/13/14/15/16,295,1,TRUE,16,30432,1,1902,TRUE,TRUE,2007,2010,16,16,4,0,0,0,0,0,,,,,,,0,0,,,,,,,,,,,,,,,,TRUE,TRUE,FALSE,FALSE,3_placebo_scope_threshold,construction_year_parcel_polygon,2,2,0,2005,,,,11413.819999918342,city_building_835670 address=0 0; year=2005; units=0; building_sqft=0; overlap=1 || city_building_835669 address=0 0; year=2005; units=0; building_sqft=0; overlap=1,0,0,,,,1800 N SPAULDING AVE,1,1800 N SPAULDING AVE,FALSE,FALSE,FALSE,FALSE,FALSE,FALSE,FALSE,FALSE,FALSE,FALSE,manual_review_required,,,6_placebo_scope_multifamily_threshold,episode_026,high_confidence_reproduction,TRUE,residential_multicard_13354090450000,residential_13354090470000/residential_13354090480000/residential_13354090490000/residential_13354090500000/residential_13354090510000/residential_13354090520000/residential_13354090530000/residential_13354090540000/residential_13354090550000/residential_13354090560000/residential_13354090570000/residential_13354090580000/residential_13354090590000/residential_13354090600000/residential_13354090610000/residential_13354090620000,16,30432,16,30432,13347,1,1,16,16,30432,13347,residential_13354090470000/residential_13354090480000/residential_13354090490000/residential_13354090500000/residential_13354090510000/residential_13354090520000/residential_13354090530000/residential_13354090540000/residential_13354090550000/residential_13354090560000/residential_13354090570000/residential_13354090580000/residential_13354090590000/residential_13354090600000/residential_13354090610000/residential_13354090620000,noncondo_13354090540000 [1800 N SPAULDING AVE] year=2006 units=1 sqft=1902 land=856 project=residential_13354090540000 || noncondo_13354090530000 [1802 N SPAULDING AVE] year=2006 units=1 sqft=1902 land=774 project=residential_13354090530000 || noncondo_13354090520000 [1804 N SPAULDING AVE] year=2006 units=1 sqft=1902 land=774 project=residential_13354090520000 || noncondo_13354090510000 [1806 N SPAULDING AVE] year=2006 units=1 sqft=1902 land=774 project=residential_13354090510000 || noncondo_13354090500000 [1808 N SPAULDING AVE] year=2006 units=1 sqft=1902 land=775 project=residential_13354090500000 || noncondo_13354090490000 [1810 N SPAULDING AVE] year=2006 units=1 sqft=1902 land=776 project=residential_13354090490000 || noncondo_13354090480000 [1812 N SPAULDING AVE] year=2006 units=1 sqft=1902 land=776 project=residential_13354090480000 || noncondo_13354090470000 [1814 N SPAULDING AVE] year=2006 units=1 sqft=1902 land=946 project=residential_13354090470000 || noncondo_13354090570000 [1816 N SPAULDING AVE] year=2006 units=1 sqft=1902 land=835 project=residential_13354090570000 || noncondo_13354090590000 [1816 N SPAULDING AVE] year=2006 units=1 sqft=1902 land=834 project=residential_13354090590000 || noncondo_13354090600000 [1816 N SPAULDING AVE] year=2006 units=1 sqft=1902 land=833 project=residential_13354090600000 || noncondo_13354090610000 [1816 N SPAULDING AVE] year=2006 units=1 sqft=1902 land=831 project=residential_13354090610000 || noncondo_13354090620000 [1816 N SPAULDING AVE] year=2006 units=1 sqft=1902 land=1009 project=residential_13354090620000 || noncondo_13354090550000 [1816 N SPAULDING AVE 1] year=2006 units=1 sqft=1902 land=883 project=residential_13354090550000 || noncondo_13354090580000 [1816 N SPAULDING AVE 4] year=2006 units=1 sqft=1902 land=834 project=residential_13354090580000 || noncondo_13354090560000 [1818 N SPAULDING AVE] year=2006 units=1 sqft=1902 land=837 project=residential_13354090560000,,,,,,,successor_episode_exact_reproduction,16,30432,FALSE,retain,16,30432,completed_successor_episode,high,cards=16; card_units=16; successor_units=16; successor_building_sqft=30432; successor_projects=residential_13354090470000/residential_13354090480000/residential_13354090490000/residential_13354090500000/residential_13354090510000/residential_13354090520000/residential_13354090530000/residential_13354090540000/residential_13354090550000/residential_13354090560000/residential_13354090570000/residential_13354090580000/residential_13354090590000/residential_13354090600000/residential_13354090610000/residential_13354090620000,,,,,,retain,16,30432,completed_successor_episode,high,cards=16; card_units=16; successor_units=16; successor_building_sqft=30432; successor_projects=residential_13354090470000/residential_13354090480000/residential_13354090490000/residential_13354090500000/residential_13354090510000/residential_13354090520000/residential_13354090530000/residential_13354090540000/residential_13354090550000/residential_13354090560000/residential_13354090570000/residential_13354090580000/residential_13354090590000/residential_13354090600000/residential_13354090610000/residential_13354090620000,,,,,2006,existing_adjudicated_year,,,,,,,
residential_multicard_13362020650000,2011,FALSE,TRUE,1169.2574595697297,1_35,1,1850,4087,0.4526547589919256,10.65818448739907,13362020650000,residential_multicard_13362020650000,13362020650000,residential_13362020650000,residential_multicard_13362020650000,2,1/2,207,1,TRUE,2,3700,1,1850,TRUE,TRUE,2014,2017,2,2,4,0,0,2,2,0,2,2,2150 N ROCKWELL ST / 2152 N ROCKWELL ST,2150 N ROCKWELL ST / 2152 N ROCKWELL ST / NA,,,0,0,FALSE,FALSE,,,permit_chain_100443909 [exact PIN] [2012-12-20] 2150 N ROCKWELL ST / 2152 N ROCKWELL ST units=missing description=ERECT FRAME SINGLE FAMILY RESIDENCE (4A CONSTRUCTION) WITH ATTACHED 2 CAR FRAME GARAGE (4A CONSTRUCTION) AS PER PLAN.**SELF-CERTIFICATION - CONDITIONAL PERMIT: SUBJECT TO FIELD INSPECTIONS & AUDIT** || permit_chain_100443911 [exact PIN] [2013-01-11] 2150 N ROCKWELL ST / 2152 N ROCKWELL ST units=missing description=ERECT FRAME SINGLE FAMILY RESIDENCE (4A CONSTRUCTION) WITH ATTACHED 2 CAR FRAME GARAGE (4A CONSTRUCTION) AS PER PLAN.,permit_chain_100443909 [2012-12-20] 2150 N ROCKWELL ST / 2152 N ROCKWELL ST units=missing description=ERECT FRAME SINGLE FAMILY RESIDENCE (4A CONSTRUCTION) WITH ATTACHED 2 CAR FRAME GARAGE (4A CONSTRUCTION) AS PER PLAN.**SELF-CERTIFICATION - CONDITIONAL PERMIT: SUBJECT TO FIELD INSPECTIONS & AUDIT** || permit_chain_100443911 [2013-01-11] NA units=missing description=ERECT FRAME SINGLE FAMILY RESIDENCE (4A CONSTRUCTION) WITH ATTACHED 2 CAR FRAME GARAGE (4A CONSTRUCTION) AS PER PLAN.,,,,,,,,,,TRUE,TRUE,FALSE,FALSE,3_placebo_scope_threshold,construction_year_parcel_polygon,0,0,,,,,,,,0,0,,,,2150 N ROCKWELL ST,1,2150 N ROCKWELL ST,FALSE,FALSE,FALSE,FALSE,FALSE,FALSE,TRUE,FALSE,TRUE,FALSE,candidate_sum_supported,2,3700,6_placebo_scope_multifamily_threshold,episode_029,high_confidence_reproduction,TRUE,residential_multicard_13362020650000,residential_13362020660000/residential_13362020670000,2,3700,2,3700,4086,1,1,2,2,3700,4086,residential_13362020660000/residential_13362020670000,noncondo_13362020660000 [2150 N ROCKWELL ST] year=2011 units=1 sqft=1850 land=2045 project=residential_13362020660000 || noncondo_13362020670000 [2152 N ROCKWELL ST] year=2011 units=1 sqft=1850 land=2041 project=residential_13362020670000,,,,,,,successor_episode_exact_reproduction,2,3700,FALSE,retain,2,3700,completed_successor_episode,high,cards=2; card_units=2; successor_units=2; successor_building_sqft=3700; successor_projects=residential_13362020660000/residential_13362020670000,,,,,,retain,2,3700,completed_successor_episode,high,cards=2; card_units=2; successor_units=2; successor_building_sqft=3700; successor_projects=residential_13362020660000/residential_13362020670000,,,,,2011,existing_adjudicated_year,,,,,,,
residential_multicard_13364070340000,2017,FALSE,TRUE,901.248930917818,1_32,1,2373,2976,0.7973790322580645,14.637096774193548,13364070340000,residential_multicard_13364070340000,13364070340000,residential_13364070340000,residential_multicard_13364070340000,2,1/2,295,1,TRUE,2,4746,1,2373,TRUE,TRUE,2018,2018,2,2,1,0,0,0,0,0,,,,,,,0,0,,,,,,,,,,,,,,,,TRUE,TRUE,FALSE,FALSE,3_placebo_scope_threshold,construction_year_parcel_polygon,0,0,,,,,,,,0,0,,,,2518 W CORTLAND ST,1,2518 W CORTLAND ST,FALSE,FALSE,FALSE,FALSE,FALSE,FALSE,FALSE,FALSE,FALSE,FALSE,manual_review_required,,,6_placebo_scope_multifamily_threshold,episode_031,high_confidence_reproduction,TRUE,residential_multicard_13364070340000,residential_13364070730000/residential_13364070830000,2,4746,2,4752,2219,1,1.0012642225031605,2,2,4752,2219,residential_13364070730000/residential_13364070830000,noncondo_13364070730000 [1904 N CAMPBELL AVE A] year=2018 units=1 sqft=2376 land=1169 project=residential_13364070730000 || noncondo_13364070830000 [2518 W CORTLAND ST] year=2018 units=1 sqft=2376 land=1050 project=residential_13364070830000,,,,,,,successor_episode_exact_reproduction,2,4752,FALSE,retain,2,4752,completed_successor_episode,high,cards=2; card_units=2; successor_units=2; successor_building_sqft=4752; successor_projects=residential_13364070730000/residential_13364070830000,,,,,,retain,2,4752,completed_successor_episode,high,cards=2; card_units=2; successor_units=2; successor_building_sqft=4752; successor_projects=residential_13364070730000/residential_13364070830000,,,,,2017,existing_adjudicated_year,,,,,,,
residential_multicard_14302050090000,2014,FALSE,TRUE,718.5179346422475,1_32,1,1888,4128,0.4573643410852713,10.55232558139535,14302050090000,residential_multicard_14302050090000,14302050090000,residential_14302050090000,residential_multicard_14302050090000,3,1/2/3,295,1,TRUE,3,5664,1,1888,TRUE,TRUE,1999,2018,3,3,2,1,1,1,1,0,1,1,3101 N DAMEN AVE,3101 N DAMEN AVE,3,3,1,1,TRUE,TRUE,3,3,"permit_chain_100546309 [exact PIN] [2015-01-21] 3101 N DAMEN AVE units=3 description=NEW 2 STORY 3 DWELLING UNIT 3 TOWN HOME MASONRY BUILDING, ROOF DECK WITH PENTHOUSE STAIR ENCLOSURE, WITH BASEMENT AND 3-CAR OPEN PARKING PAD AS PER PLANS.","permit_chain_100546309 [2015-01-21] 3101 N DAMEN AVE units=3 description=NEW 2 STORY 3 DWELLING UNIT 3 TOWN HOME MASONRY BUILDING, ROOF DECK WITH PENTHOUSE STAIR ENCLOSURE, WITH BASEMENT AND 3-CAR OPEN PARKING PAD AS PER PLANS.",,,,,,,,,,TRUE,TRUE,FALSE,TRUE,3_placebo_scope_threshold,construction_year_parcel_polygon,2,0,0,0/1914,3,3,3748,1841.1250001817243,city_building_217515 address=3101 3101 N DAMEN AVE; year=1914; units=3; building_sqft=3748; overlap=1 || city_building_217521 address=0 0; year=0; units=0; building_sqft=0; overlap=1,0,0,,,,3101 N DAMEN AVE,1,3101 N DAMEN AVE,FALSE,TRUE,FALSE,FALSE,FALSE,FALSE,FALSE,FALSE,TRUE,FALSE,candidate_sum_supported,3,5664,6_placebo_scope_multifamily_threshold,episode_034,high_confidence_reproduction,TRUE,residential_multicard_14302050090000,residential_14302050500000/residential_14302050510000/residential_14302050520000,3,5664,3,5664,4128,1,1,3,3,5664,4128,residential_14302050500000/residential_14302050510000/residential_14302050520000,noncondo_14302050520000 [1952 W BARRY AVE] year=2015 units=1 sqft=1888 land=1636 project=residential_14302050520000 || noncondo_14302050510000 [1954 W BARRY AVE] year=2015 units=1 sqft=1888 land=999 project=residential_14302050510000 || noncondo_14302050500000 [1956 W BARRY AVE] year=2015 units=1 sqft=1888 land=1493 project=residential_14302050500000,,,,,,,successor_episode_exact_reproduction,3,5664,FALSE,retain,3,5664,completed_successor_episode,high,cards=3; card_units=3; successor_units=3; successor_building_sqft=5664; successor_projects=residential_14302050500000/residential_14302050510000/residential_14302050520000,,,,,,retain,3,5664,completed_successor_episode,high,cards=3; card_units=3; successor_units=3; successor_building_sqft=5664; successor_projects=residential_14302050500000/residential_14302050510000/residential_14302050520000,,,,,2014,existing_adjudicated_year,,,,,,,
residential_multicard_14333180250000,2017,FALSE,TRUE,739.3383549714915,2_43,1,3397,5959,0.5700620909548582,7.309951334116462,14333180250000,residential_multicard_14333180250000,14333180250000,residential_14333180250000,residential_multicard_14333180250000,5,1/2/3/4/5,295,2,FALSE,5,16897,1,3375/3397,TRUE,TRUE,2018,2021,5,5,4,0,3,0,0,0,,,,,,,0,0,,,,,,,,,,,,,,,,TRUE,TRUE,FALSE,FALSE,3_placebo_scope_threshold,construction_year_parcel_polygon,4,0,0,0,,,,4528.430000326422,city_building_858436 address=1758 1758 N CLEVELAND AVE; year=0; units=0; building_sqft=0; overlap=1 || city_building_858433 address=509 509 W MENOMONEE ST; year=0; units=0; building_sqft=0; overlap=0.944 || city_building_293651 address=511 511 W MENOMONEE ST; year=0; units=0; building_sqft=0; overlap=0.928 || city_building_858440 address=1756 1756 N CLEVELAND AVE; year=0; units=0; building_sqft=0; overlap=0.916,0,0,,,,1756 N CLEVELAND AVE,1,1756 N CLEVELAND AVE,FALSE,FALSE,FALSE,FALSE,FALSE,FALSE,FALSE,FALSE,FALSE,FALSE,manual_review_required,,,6_placebo_scope_multifamily_threshold,episode_036,high_confidence_reproduction,TRUE,residential_multicard_14333180250000,residential_14333180710000/residential_14333180720000/residential_14333180730000/residential_14333180740000/residential_14333180750000,5,16897,5,16897,9000,1,1,5,5,16897,9000,residential_14333180710000/residential_14333180720000/residential_14333180730000/residential_14333180740000/residential_14333180750000,noncondo_14333180740000 [505 MENOMONEE AVE] year=2017 units=1 sqft=3375 land=1700 project=residential_14333180740000 || noncondo_14333180720000 [509 MENOMONEE AVE] year=2017 units=1 sqft=3375 land=1547 project=residential_14333180720000 || noncondo_14333180710000 [511 MENOMONEE AVE] year=2017 units=1 sqft=3397 land=1800 project=residential_14333180710000 || noncondo_14333180750000 [1758 N CLEVELAND AVE] year=2018 units=1 sqft=3375 land=2333 project=residential_14333180750000 || noncondo_14333180730000 [507 MENOMONEE AVE] year=2018 units=1 sqft=3375 land=1620 project=residential_14333180730000,,,,,,,successor_episode_exact_reproduction,5,16897,FALSE,retain,5,16897,completed_successor_episode,high,cards=5; card_units=5; successor_units=5; successor_building_sqft=16897; successor_projects=residential_14333180710000/residential_14333180720000/residential_14333180730000/residential_14333180740000/residential_14333180750000,,,,,,retain,5,16897,completed_successor_episode,high,cards=5; card_units=5; successor_units=5; successor_building_sqft=16897; successor_projects=residential_14333180710000/residential_14333180720000/residential_14333180730000/residential_14333180740000/residential_14333180750000,,,,,2017,existing_adjudicated_year,,,,,,,
residential_multicard_16133040040000,2007,FALSE,TRUE,519.1382710385897,24_28,1,1800,9269,0.19419570611716477,4.699536088035387,16133040040000,residential_multicard_16133040040000,16133040040000,residential_16133040040000,residential_multicard_16133040040000,5,1/2/3/4/5,295,1,TRUE,5,9000,1,1800,TRUE,TRUE,2008,2008,5,5,1,0,0,0,0,0,,,,,,,0,0,,,,,,,,,,,,,,,,TRUE,TRUE,FALSE,FALSE,3_placebo_scope_threshold,construction_year_parcel_polygon,0,0,,,,,,,,0,0,,,,715 S KEDZIE AVE,1,715 S KEDZIE AVE,FALSE,FALSE,FALSE,FALSE,FALSE,FALSE,FALSE,FALSE,FALSE,FALSE,manual_review_required,,,6_placebo_scope_multifamily_threshold,episode_039,high_confidence_reproduction,TRUE,residential_multicard_16133040040000,residential_16133040460000/residential_16133040470000/residential_16133040510000/residential_16133040520000/residential_16133040530000,5,9000,5,9200,4801,1,1.022222222222222,5,5,9200,4801,residential_16133040460000/residential_16133040470000/residential_16133040510000/residential_16133040520000/residential_16133040530000,noncondo_16133040510000 [713 S KEDZIE AVE 4] year=2008 units=1 sqft=1840 land=972 project=residential_16133040510000 || noncondo_16133040520000 [713 S KEDZIE AVE 4] year=2008 units=1 sqft=1840 land=972 project=residential_16133040520000 || noncondo_16133040530000 [713 S KEDZIE AVE 5] year=2008 units=1 sqft=1840 land=990 project=residential_16133040530000 || noncondo_16133040460000 [715 S KEDZIE AVE] year=2008 units=1 sqft=1840 land=933 project=residential_16133040460000 || noncondo_16133040470000 [717 S KEDZIE AVE] year=2008 units=1 sqft=1840 land=934 project=residential_16133040470000,,,,,,,successor_episode_exact_reproduction,5,9200,FALSE,retain,5,9200,completed_successor_episode,high,cards=5; card_units=5; successor_units=5; successor_building_sqft=9200; successor_projects=residential_16133040460000/residential_16133040470000/residential_16133040510000/residential_16133040520000/residential_16133040530000,,,,,,retain,5,9200,completed_successor_episode,high,cards=5; card_units=5; successor_units=5; successor_building_sqft=9200; successor_projects=residential_16133040460000/residential_16133040470000/residential_16133040510000/residential_16133040520000/residential_16133040530000,,,,,2007,existing_adjudicated_year,,,,,,,
residential_multicard_16133120440000,2006,FALSE,TRUE,590.3144642767796,24_28,1,1836,7151,0.2567473080688016,6.0914557404558805,16133120440000,residential_multicard_16133120440000,16133120440000,residential_16133120440000,residential_multicard_16133120440000,3,1/2/3,295,3,FALSE,3,4650,1,1302/1512/1836,TRUE,TRUE,2008,2012,3,3,5,0,0,0,0,0,,,,,,,0,0,,,,,,,,,,,,,,,,TRUE,TRUE,FALSE,FALSE,3_placebo_scope_threshold,construction_year_parcel_polygon,1,1,0,2007,,,,2349.080967959017,city_building_887466 address=801 805 S KEDZIE AVE; year=2007; units=0; building_sqft=0; overlap=1,1,1,2007,2349.0811205914943,cook_2008_768853 address=801 805 S KEDZIE AVE; year=2007; overlap=1,805 S KEDZIE AVE,1,805 S KEDZIE AVE,FALSE,FALSE,FALSE,FALSE,FALSE,FALSE,FALSE,FALSE,FALSE,FALSE,manual_review_required,,,6_placebo_scope_multifamily_threshold,episode_041,high_confidence_reproduction,TRUE,residential_multicard_16133120440000,residential_16133120560000/residential_16133120570000/residential_16133120580000,3,4650,3,4650,7151,1,1,3,3,4650,7151,residential_16133120560000/residential_16133120570000/residential_16133120580000,noncondo_16133120560000 [801 S KEDZIE AVE] year=2006 units=1 sqft=1512 land=2640 project=residential_16133120560000 || noncondo_16133120570000 [803 S KEDZIE AVE] year=2006 units=1 sqft=1302 land=1805 project=residential_16133120570000 || noncondo_16133120580000 [805 S KEDZIE AVE] year=2006 units=1 sqft=1836 land=2706 project=residential_16133120580000,,,,,,,successor_episode_exact_reproduction,3,4650,FALSE,retain,3,4650,completed_successor_episode,high,cards=3; card_units=3; successor_units=3; successor_building_sqft=4650; successor_projects=residential_16133120560000/residential_16133120570000/residential_16133120580000,,,,,,retain,3,4650,completed_successor_episode,high,cards=3; card_units=3; successor_units=3; successor_building_sqft=4650; successor_projects=residential_16133120560000/residential_16133120570000/residential_16133120580000,,,,,2006,existing_adjudicated_year,,,,,,,
residential_multicard_16141120360000,2008,FALSE,TRUE,566.8436170084375,24_28,1,1670,6222,0.26840244294439086,7.000964320154291,16141120360000,residential_multicard_16141120360000,16141120360000,residential_16141120360000,residential_multicard_16141120360000,2,1/2,207,1,TRUE,2,3340,1,1670,TRUE,TRUE,2009,2009,2,2,1,0,0,0,0,0,,,,,,,0,0,,,,,,,,,,,,,,,,TRUE,TRUE,FALSE,FALSE,3_placebo_scope_threshold,construction_year_parcel_polygon,2,2,0,2009,1,2,,1744.6238812756055,city_building_893294 address=3904 3904 W CONGRESS PKWY; year=2009; units=1; building_sqft=0; overlap=1 || city_building_893295 address=3900 3900 W CONGRESS PKWY; year=2009; units=1; building_sqft=0; overlap=1,0,0,,,,3900 W CONGRESS PKY,1,3900 W CONGRESS PKY,FALSE,TRUE,FALSE,FALSE,TRUE,FALSE,FALSE,FALSE,TRUE,FALSE,candidate_sum_supported,2,3340,6_placebo_scope_multifamily_threshold,episode_043,high_confidence_reproduction,TRUE,residential_multicard_16141120360000,residential_16141120380000/residential_16141120390000,2,3340,2,3496,6222,1,1.0467065868263472,2,2,3496,6222,residential_16141120380000/residential_16141120390000,noncondo_16141120380000 [3900 W CONGRESS PKY] year=2008 units=1 sqft=1748 land=3112 project=residential_16141120380000 || noncondo_16141120390000 [3904 W CONGRESS PKY] year=2008 units=1 sqft=1748 land=3110 project=residential_16141120390000,,,,,,,successor_episode_exact_reproduction,2,3496,FALSE,retain,2,3496,completed_successor_episode,high,cards=2; card_units=2; successor_units=2; successor_building_sqft=3496; successor_projects=residential_16141120380000/residential_16141120390000,,,,,,retain,2,3496,completed_successor_episode,high,cards=2; card_units=2; successor_units=2; successor_building_sqft=3496; successor_projects=residential_16141120380000/residential_16141120390000,,,,,2008,existing_adjudicated_year,,,,,,,
residential_multicard_16142200010000,2006,FALSE,TRUE,904.3755366120888,24_28,1,3250,11333,0.28677314038648194,3.843642460072355,16142200010000,residential_multicard_16142200010000,16142200010000,residential_16142200010000,residential_multicard_16142200010000,5,1/2/3/4/5,295,1,TRUE,5,16250,1,3250,TRUE,TRUE,2007,2010,5,5,4,0,0,0,0,0,,,,,,,0,0,,,,,,,,,,,,,,,,TRUE,TRUE,FALSE,FALSE,3_placebo_scope_threshold,construction_year_parcel_polygon,0,0,,,,,,,,0,0,,,,3325 W JACKSON BLVD,1,3325 W JACKSON BLVD,FALSE,FALSE,FALSE,FALSE,FALSE,FALSE,FALSE,FALSE,FALSE,FALSE,manual_review_required,,,6_placebo_scope_multifamily_threshold,episode_044,high_confidence_reproduction,TRUE,residential_multicard_16142200010000,residential_16142200210000/residential_16142200220000/residential_16142200230000/residential_16142200240000/residential_16142200250000,5,16250,5,16250,9688,1,1,5,5,16250,9688,residential_16142200210000/residential_16142200220000/residential_16142200230000/residential_16142200240000/residential_16142200250000,noncondo_16142200210000 [3317 W JACKSON BLVD] year=2006 units=1 sqft=3250 land=1970 project=residential_16142200210000 || noncondo_16142200220000 [3319 W JACKSON BLVD] year=2006 units=1 sqft=3250 land=1792 project=residential_16142200220000 || noncondo_16142200230000 [3321 W JACKSON BLVD] year=2006 units=1 sqft=3250 land=1811 project=residential_16142200230000 || noncondo_16142200240000 [3325 W JACKSON BLVD] year=2006 units=1 sqft=3250 land=1781 project=residential_16142200240000 || noncondo_16142200250000 [3325 W JACKSON BLVD] year=2006 units=1 sqft=3250 land=2334 project=residential_16142200250000,,,,,,,successor_episode_exact_reproduction,5,16250,FALSE,retain,5,16250,completed_successor_episode,high,cards=5; card_units=5; successor_units=5; successor_building_sqft=16250; successor_projects=residential_16142200210000/residential_16142200220000/residential_16142200230000/residential_16142200240000/residential_16142200250000,,,,,,retain,5,16250,completed_successor_episode,high,cards=5; card_units=5; successor_units=5; successor_building_sqft=16250; successor_projects=residential_16142200210000/residential_16142200220000/residential_16142200230000/residential_16142200240000/residential_16142200250000,,,,,2006,existing_adjudicated_year,,,,,,,
residential_multicard_17043200080000,2014,FALSE,TRUE,1436.2957854690424,27_43,1,2134,71206,0.02996938460242114,0.6117462011628234,17043200080000,residential_multicard_17043200080000,17043200080000,residential_17043200080000,residential_multicard_17043200080000,39,1/2/3/4/5/6/7/8/9/10/11/12/13/14/15/16/17/18/19/20/21/22/23/24/25/26/27/28/29/30/31/32/33/34/35/36/37/38/39,295,1,TRUE,39,83226,1,2134,TRUE,TRUE,2015,2015,39,39,1,0,0,5,5,0,5,5,1017 N CLEVELAND AVE / 1019 N CLEVELAND AVE / 449 W HOBBIE ST / 435 W HOBBIE ST / 1001 N CLEVELAND AVE / 1013 N CLEVELAND AVE / 1015 N CLEVELAND AVE / 434 W OAK ST,1017 N CLEVELAND AVE / 1019 N CLEVELAND AVE / 449 W HOBBIE ST / 435 W HOBBIE ST / 1001 N CLEVELAND AVE / 1013 N CLEVELAND AVE / 1015 N CLEVELAND AVE / 434 W OAK ST / NA,9,9,1,1,FALSE,FALSE,,,"permit_chain_100527290 [exact PIN] [2014-02-24] 1017 N CLEVELAND AVE / 1019 N CLEVELAND AVE / 449 W HOBBIE ST / 435 W HOBBIE ST / 1001 N CLEVELAND AVE / 1013 N CLEVELAND AVE / 1015 N CLEVELAND AVE / 434 W OAK ST units=missing description=FOUNDATION ONLY PERMIT. NEW CONSTRUCTION OF CONCRETE FOUNDATIONS FOR (7) 3-STORY ROWHOMES WITH ATTACHED 2-CAR GARAGES PER PLANS. (APPLICATION 1 OF 4) ADDRESS RANGE 1017 N. CLEVELAND UNITS 1 THRU 7 (BUILDING D) || NEW CONSTRUCTION OF (7) 3-STORY ROWHOMES W/ATTACHED GARAGE PERPLANS. (APPLICATION 4 OF 4, FOUNDATION PERMIT UNDER #100527290) ADDRESS RANGE IS 1017 N. CLEVELAND UNITS 1 THRU 7 (BUILDING D) || permit_chain_100527452 [exact PIN] [2014-02-24] 1017 N CLEVELAND AVE / 1019 N CLEVELAND AVE / 449 W HOBBIE ST / 435 W HOBBIE ST / 1001 N CLEVELAND AVE / 1013 N CLEVELAND AVE / 1015 N CLEVELAND AVE / 434 W OAK ST units=missing description=FOUNDATION ONLY PERMIT. NEW CONSTRUCTION OF CONCRETE FOUNDATIONS FOR (6) 3-STORY ROWHOMES WITH ATTACHED 2-CAR GARAGES PER PLANS. (APPLICATION 2 OF 4) ADDRESS RANGE 1019 N CLEVELAND UNITS 1 THRU 6 (BUILDING C) || NEW CONSTRUCTION OF (6) 3-STORY ROWHOMES W/ATTACHED GARAGE PERPLANS. (APPLICATION 3 OF 4, FOUNDATION PERMIT UNDER #100527452) ADDRESSRANGE IS 1019 N. CLEVELAND UNITS 1 THRU 6  (BUILDING C) || permit_chain_100527454 [exact PIN] [2014-02-24] 1017 N CLEVELAND AVE / 1019 N CLEVELAND AVE / 449 W HOBBIE ST / 435 W HOBBIE ST / 1001 N CLEVELAND AVE / 1013 N CLEVELAND AVE / 1015 N CLEVELAND AVE / 434 W OAK ST units=missing description=FOUNDATION ONLY PERMIT. NEW CONSTRUCTION OF CONCRETE FOUNDATIONS FOR (6) 2 STORY ROWHOMES WITH ATTACHED 2-CAR  GARAGE PER PLANS. (APPLICATION 3 OF 4). ADDRESS RANGE IS 449-459 W. HOBBIE ST (BUILDING A). || NEW CONSTRUCTION OF (6) 2-STORY ROWHOMES W/ATTACHED GARAGE PER PLANS. (APPLICATION 1 OF 4, FOUNDATION PERMIT UNDER #100527454)  ADDRESS RANGE IS 449-459 W. HOBBIE ST (BUILDING A) || permit_chain_100527457 [exact PIN] [2014-02-24] 1017 N CLEVELAND AVE / 1019 N CLEVELAND AVE / 449 W HOBBIE ST / 435 W HOBBIE ST / 1001 N CLEVELAND AVE / 1013 N CLEVELAND AVE / 1015 N CLEVELAND AVE / 434 W OAK ST units=missing description=FOUNDATION ONLY PERMIT. NEW CONSTRUCTION OF CONCRETE FOUNDATIONS FOR (7) 3-STORY ROWHOMES WITH ATTACHED 2-CAR GARAGES PER PLANS. (APPLICATION 4 OF 4). ADDRESS RANGE IS 435-447 W. HOBBIE ST  (BUILDING B). || NEW CONSTRUCTION OF (7) 2-STORY ROWHOMES W/ATTACHED GARAGE PERPLANS. (APPLICATION 2 OF 4, FOUNDATION PERMIT UNDER #100527457) ADDRESS RANGE IS 435-447 W. HOBBIE ST (BUILDING B) || permit_chain_100541759 [exact PIN] [2014-06-27] 1017 N CLEVELAND AVE / 1019 N CLEVELAND AVE / 449 W HOBBIE ST / 435 W HOBBIE ST / 1001 N CLEVELAND AVE / 1013 N CLEVELAND AVE / 1015 N CLEVELAND AVE / 434 W OAK ST units=9 description=NEW CONSTRUCTION OF (6) 2-STORY ROWHOMES (APROX 13,763 SQFT), TYPE 4A CONSTRUCTION W/ATTACHED GARAGE PER PLANS. APPLICATION 1 OF 4 (BLDG. E)RELATED PERMIT APP#'S 100541760, 100541761, 100541762 || NEW CONSTRUCTION OF (7) 2-STORY ROWHOMES (APROX 15,695 SQFT), TYPE 4A CONSTRUCTION W/ATTACHED GARAGE PER PLANS. APPLICATION 2 OF 4 (BLDG. F)RELATED PERMIT APP#'S 100541759, 100541761, 100541762 || NEW CONSTRUCTION OF (9 DWELLING UNITS) 3-STORY BUILDING (APROX 13,645 SQFT),  W/ATTACHED GARAGES AND 1 EXTERIOR PARKING SPACE PER PLANS. APPLICATION 3 OF 4 (BLDG. G)RELATED PERMIT APP#'S 100541759, 100541760, 100541762***CONDITIONAL PERMIT SUBJECT TO AUDIT AND FIELD INSPECTION*** . || NEW CONSTRUCTION OF (9 DWELLING UNITS) 3-STORY BUILDING (APROX 13,645 SQFT), W/ATTACHED GARAGES AND 1 EXTERIOR PARKING SPACE PER PLANS. APPLICATION 4 OF 4 (BLDG. H)","permit_chain_100527290 [2014-02-24] 1017 N CLEVELAND AVE / 1019 N CLEVELAND AVE / 449 W HOBBIE ST / 435 W HOBBIE ST / 1001 N CLEVELAND AVE / 1013 N CLEVELAND AVE / 1015 N CLEVELAND AVE / 434 W OAK ST units=missing description=FOUNDATION ONLY PERMIT. NEW CONSTRUCTION OF CONCRETE FOUNDATIONS FOR (7) 3-STORY ROWHOMES WITH ATTACHED 2-CAR GARAGES PER PLANS. (APPLICATION 1 OF 4) ADDRESS RANGE 1017 N. CLEVELAND UNITS 1 THRU 7 (BUILDING D) || NEW CONSTRUCTION OF (7) 3-STORY ROWHOMES W/ATTACHED GARAGE PERPLANS. (APPLICATION 4 OF 4, FOUNDATION PERMIT UNDER #100527290) ADDRESS RANGE IS 1017 N. CLEVELAND UNITS 1 THRU 7 (BUILDING D) || permit_chain_100527452 [2014-02-24] NA units=missing description=FOUNDATION ONLY PERMIT. NEW CONSTRUCTION OF CONCRETE FOUNDATIONS FOR (6) 3-STORY ROWHOMES WITH ATTACHED 2-CAR GARAGES PER PLANS. (APPLICATION 2 OF 4) ADDRESS RANGE 1019 N CLEVELAND UNITS 1 THRU 6 (BUILDING C) || NEW CONSTRUCTION OF (6) 3-STORY ROWHOMES W/ATTACHED GARAGE PERPLANS. (APPLICATION 3 OF 4, FOUNDATION PERMIT UNDER #100527452) ADDRESSRANGE IS 1019 N. CLEVELAND UNITS 1 THRU 6  (BUILDING C) || permit_chain_100527454 [2014-02-24] NA units=missing description=FOUNDATION ONLY PERMIT. NEW CONSTRUCTION OF CONCRETE FOUNDATIONS FOR (6) 2 STORY ROWHOMES WITH ATTACHED 2-CAR  GARAGE PER PLANS. (APPLICATION 3 OF 4). ADDRESS RANGE IS 449-459 W. HOBBIE ST (BUILDING A). || NEW CONSTRUCTION OF (6) 2-STORY ROWHOMES W/ATTACHED GARAGE PER PLANS. (APPLICATION 1 OF 4, FOUNDATION PERMIT UNDER #100527454)  ADDRESS RANGE IS 449-459 W. HOBBIE ST (BUILDING A) || permit_chain_100527457 [2014-02-24] NA units=missing description=FOUNDATION ONLY PERMIT. NEW CONSTRUCTION OF CONCRETE FOUNDATIONS FOR (7) 3-STORY ROWHOMES WITH ATTACHED 2-CAR GARAGES PER PLANS. (APPLICATION 4 OF 4). ADDRESS RANGE IS 435-447 W. HOBBIE ST  (BUILDING B). || NEW CONSTRUCTION OF (7) 2-STORY ROWHOMES W/ATTACHED GARAGE PERPLANS. (APPLICATION 2 OF 4, FOUNDATION PERMIT UNDER #100527457) ADDRESS RANGE IS 435-447 W. HOBBIE ST (BUILDING B) || permit_chain_100541759 [2014-06-27] NA units=9 description=NEW CONSTRUCTION OF (6) 2-STORY ROWHOMES (APROX 13,763 SQFT), TYPE 4A CONSTRUCTION W/ATTACHED GARAGE PER PLANS. APPLICATION 1 OF 4 (BLDG. E)RELATED PERMIT APP#'S 100541760, 100541761, 100541762 || NEW CONSTRUCTION OF (7) 2-STORY ROWHOMES (APROX 15,695 SQFT), TYPE 4A CONSTRUCTION W/ATTACHED GARAGE PER PLANS. APPLICATION 2 OF 4 (BLDG. F)RELATED PERMIT APP#'S 100541759, 100541761, 100541762 || NEW CONSTRUCTION OF (9 DWELLING UNITS) 3-STORY BUILDING (APROX 13,645 SQFT),  W/ATTACHED GARAGES AND 1 EXTERIOR PARKING SPACE PER PLANS. APPLICATION 3 OF 4 (BLDG. G)RELATED PERMIT APP#'S 100541759, 100541760, 100541762***CONDITIONAL PERMIT SUBJECT TO AUDIT AND FIELD INSPECTION*** . || NEW CONSTRUCTION OF (9 DWELLING UNITS) 3-STORY BUILDING (APROX 13,645 SQFT), W/ATTACHED GARAGES AND 1 EXTERIOR PARKING SPACE PER PLANS. APPLICATION 4 OF 4 (BLDG. H)",,,,,,,,,,TRUE,TRUE,FALSE,FALSE,3_placebo_scope_threshold,construction_year_parcel_polygon,0,0,,,,,,,,0,0,,,,1029 N CLEVELAND AVE,1,1029 N CLEVELAND AVE,FALSE,FALSE,FALSE,FALSE,FALSE,FALSE,FALSE,FALSE,FALSE,FALSE,manual_review_required,,,6_placebo_scope_multifamily_threshold,episode_051,high_confidence_reproduction,TRUE,residential_multicard_17043200080000,residential_17043200090000/residential_17043200100000/residential_17043200110000/residential_17043200120000/residential_17043200130000/residential_17043200140000/residential_17043200150000/residential_17043200160000/residential_17043200170000/residential_17043200180000/residential_17043200190000/residential_17043200220000/residential_17043200230000/residential_17043200240000/residential_17043200250000/residential_17043200260000/residential_17043200270000/residential_17043200280000/residential_17043200290000/residential_17043200300000/residential_17043200310000/residential_17043200320000/residential_17043200350000/residential_17043200360000/residential_17043200370000/residential_17043200380000/residential_17043200390000/residential_17043200400000/residential_17043200410000/residential_17043200420000/residential_17043200430000/residential_17043200440000/residential_17043200450000/residential_17043200480000/residential_17043200490000/residential_17043200500000/residential_17043200510000/residential_17043200520000/residential_17043200530000,39,83226,39,81222,53583,1,0.9759209862302646,41,45,90854,56556,residential_17043200090000/residential_17043200100000/residential_17043200110000/residential_17043200120000/residential_17043200130000/residential_17043200140000/residential_17043200150000/residential_17043200160000/residential_17043200170000/residential_17043200180000/residential_17043200190000/residential_17043200230000/residential_17043200240000/residential_17043200250000/residential_17043200260000/residential_17043200270000/residential_17043200280000/residential_17043200290000/residential_17043200300000/residential_17043200310000/residential_17043200320000/residential_17043200350000/residential_17043200360000/residential_17043200370000/residential_17043200380000/residential_17043200390000/residential_17043200400000/residential_17043200410000/residential_17043200420000/residential_17043200430000/residential_17043200440000/residential_17043200450000/residential_17043200480000/residential_17043200490000/residential_17043200500000/residential_17043200510000/residential_17043200520000/residential_17043200530000/residential_17043200540000,condo_1704320062 [454 W OAK ST 1 / 454 W OAK ST 2 / 454 W OAK ST 3 / 454 W OAK ST 4 / 454 W OAK ST 5] year=2014 units=3 sqft=4860 land=2103 project=NA || noncondo_17043200480000 [1001 N CLEVELAND AVE] year=2014 units=1 sqft=1800 land=1317 project=residential_17043200480000 || noncondo_17043200350000 [1013 N CLEVELAND AVE 1] year=2014 units=1 sqft=2134 land=1998 project=residential_17043200350000 || noncondo_17043200360000 [1013 N CLEVELAND AVE 2] year=2014 units=1 sqft=2134 land=1278 project=residential_17043200360000 || noncondo_17043200370000 [1013 N CLEVELAND AVE 3] year=2014 units=1 sqft=2134 land=1278 project=residential_17043200370000 || noncondo_17043200380000 [1013 N CLEVELAND AVE 4] year=2014 units=1 sqft=2134 land=1278 project=residential_17043200380000 || noncondo_17043200390000 [1013 N CLEVELAND AVE 5] year=2014 units=1 sqft=2134 land=1350 project=residential_17043200390000 || noncondo_17043200400000 [1013 N CLEVELAND AVE 6] year=2014 units=1 sqft=2134 land=1617 project=residential_17043200400000 || noncondo_17043200410000 [1015 N CLEVELAND AVE 1] year=2014 units=1 sqft=2134 land=1531 project=residential_17043200410000 || noncondo_17043200420000 [1015 N CLEVELAND AVE 2] year=2014 units=1 sqft=2134 land=1278 project=residential_17043200420000 || noncondo_17043200430000 [1015 N CLEVELAND AVE 3] year=2014 units=1 sqft=2134 land=1278 project=residential_17043200430000 || noncondo_17043200440000 [1015 N CLEVELAND AVE 4] year=2014 units=1 sqft=2134 land=1311 project=residential_17043200440000 || noncondo_17043200450000 [1015 N CLEVELAND AVE 5] year=2014 units=1 sqft=2134 land=1350 project=residential_17043200450000 || noncondo_17043200280000 [1017 N CLEVELAND AVE 1] year=2014 units=1 sqft=2134 land=1616 project=residential_17043200280000 || noncondo_17043200290000 [1017 N CLEVELAND AVE 2] year=2014 units=1 sqft=2380 land=1351 project=residential_17043200290000 || noncondo_17043200300000 [1017 N CLEVELAND AVE 3] year=2014 units=1 sqft=2134 land=1305 project=residential_17043200300000 || noncondo_17043200310000 [1017 N CLEVELAND AVE 4] year=2014 units=1 sqft=2134 land=1287 project=residential_17043200310000 || noncondo_17043200320000 [1017 N CLEVELAND AVE 5] year=2014 units=1 sqft=2134 land=1306 project=residential_17043200320000 || noncondo_17043200230000 [1019 N CLEVELAND AVE 2] year=2014 units=1 sqft=2134 land=1351 project=residential_17043200230000 || noncondo_17043200240000 [1019 N CLEVELAND AVE 3] year=2014 units=1 sqft=2134 land=1279 project=residential_17043200240000 || noncondo_17043200250000 [1019 N CLEVELAND AVE 4] year=2014 units=1 sqft=2134 land=1281 project=residential_17043200250000 || noncondo_17043200260000 [1019 N CLEVELAND AVE 5] year=2014 units=1 sqft=2134 land=1278 project=residential_17043200260000 || noncondo_17043200270000 [1019 N CLEVELAND AVE 6] year=2014 units=1 sqft=2134 land=1610 project=residential_17043200270000 || noncondo_17043200190000 [439 W HOBBIE ST] year=2014 units=1 sqft=2134 land=1378 project=residential_17043200190000 || noncondo_17043200180000 [441 W HOBBIE ST] year=2014 units=1 sqft=2134 land=1257 project=residential_17043200180000 || noncondo_17043200530000 [442 W OAK ST] year=2014 units=1 sqft=1800 land=935 project=residential_17043200530000 || noncondo_17043200170000 [443 W HOBBIE ST] year=2014 units=1 sqft=2134 land=1282 project=residential_17043200170000 || noncondo_17043200520000 [444 W OAK ST] year=2014 units=1 sqft=1800 land=1212 project=residential_17043200520000 || noncondo_17043200160000 [445 W HOBBIE ST] year=2014 units=1 sqft=2134 land=1282 project=residential_17043200160000 || noncondo_17043200150000 [447 W HOBBIE ST] year=2014 units=1 sqft=2134 land=1562 project=residential_17043200150000 || noncondo_17043200510000 [448 W OAK ST] year=2014 units=1 sqft=1800 land=1327 project=residential_17043200510000 || noncondo_17043200140000 [449 W HOBBIE ST] year=2014 units=1 sqft=2134 land=1559 project=residential_17043200140000 || noncondo_17043200500000 [450 W OAK ST] year=2014 units=1 sqft=1800 land=935 project=residential_17043200500000 || noncondo_17043200130000 [451 W HOBBIE ST] year=2014 units=1 sqft=2134 land=1306 project=residential_17043200130000 || noncondo_17043200490000 [452 W OAK ST] year=2014 units=1 sqft=1800 land=935 project=residential_17043200490000 || noncondo_17043200120000 [453 W HOBBIE ST] year=2014 units=1 sqft=2134 land=1290 project=residential_17043200120000 || noncondo_17043200110000 [455 W HOBBIE ST] year=2014 units=1 sqft=2134 land=1349 project=residential_17043200110000 || noncondo_17043200100000 [457 W HOBBIE ST] year=2014 units=1 sqft=2134 land=1247 project=residential_17043200100000 || noncondo_17043200090000 [459 W HOBBIE ST] year=2014 units=1 sqft=2134 land=2056 project=residential_17043200090000 || condo_1704320063 [438 W OAK ST 1 / 438 W OAK ST 2 / 438 W OAK ST 3 / 438 W OAK ST 4 / 438 W OAK ST 5] year=2015 units=3 sqft=4860 land=2078 project=NA || noncondo_17043200540000 [440 W OAK ST] year=2016 units=1 sqft=1800 land=935 project=residential_17043200540000,,,,,,,successor_episode_exact_reproduction,39,81222,FALSE,retain,39,83226,contemporaneous_card_inventory,high,cards=39; card_units=39; card_building_sqft=83226; permit_addresses=1017 N CLEVELAND AVE / 1019 N CLEVELAND AVE / 449 W HOBBIE ST / 435 W HOBBIE ST / 1001 N CLEVELAND AVE / 1013 N CLEVELAND AVE / 1015 N CLEVELAND AVE / 434 W OAK ST,,,,,,retain,39,83226,contemporaneous_card_inventory,high,cards=39; card_units=39; card_building_sqft=83226; permit_addresses=1017 N CLEVELAND AVE / 1019 N CLEVELAND AVE / 449 W HOBBIE ST / 435 W HOBBIE ST / 1001 N CLEVELAND AVE / 1013 N CLEVELAND AVE / 1015 N CLEVELAND AVE / 434 W OAK ST,,,,,2014,existing_adjudicated_year,,,,,,,
residential_multicard_17313050350000,2013,FALSE,TRUE,1280.755734749926,11_12,1,1656,3128,0.5294117647058824,13.925831202046036,17313050350000,residential_multicard_17313050350000,17313050350000,residential_17313050350000,residential_multicard_17313050350000,2,1/2,295,1,TRUE,2,3312,1,1656,TRUE,TRUE,2014,2014,2,2,1,0,0,1,1,0,1,1,3559 S HAMILTON AVE,3559 S HAMILTON AVE,,,0,0,FALSE,FALSE,,,"permit_chain_100477116 [exact PIN] [2013-03-18] 3559 S HAMILTON AVE units=missing description=ERECT NEW TWO STORY MASONRY TWO UNIT RESIDENTIAL BUILDING WITH BASEMENT,  AND TWO CAR MASONRY GARAGE, PER PLANS","permit_chain_100477116 [2013-03-18] 3559 S HAMILTON AVE units=missing description=ERECT NEW TWO STORY MASONRY TWO UNIT RESIDENTIAL BUILDING WITH BASEMENT,  AND TWO CAR MASONRY GARAGE, PER PLANS",,,,,,,,,,TRUE,TRUE,FALSE,FALSE,3_placebo_scope_threshold,construction_year_parcel_polygon,1,0,0,2010,3,3,,1456.624628880876,city_building_889951 address=3559 3559 S HAMILTON AVE; year=2010; units=3; building_sqft=0; overlap=1,0,0,,,,3559 S HAMILTON AVE,1,3559 S HAMILTON AVE,FALSE,FALSE,FALSE,FALSE,FALSE,FALSE,FALSE,FALSE,FALSE,FALSE,manual_review_required,,,6_placebo_scope_multifamily_threshold,episode_070,high_confidence_reproduction,TRUE,residential_multicard_17313050350000,residential_17313050370000/residential_17313050380000,2,3312,2,3240,3129,1,0.9782608695652174,2,2,3240,3129,residential_17313050370000/residential_17313050380000,noncondo_17313050370000 [3559 S HAMILTON AVE A] year=2012 units=1 sqft=1620 land=1561 project=residential_17313050370000 || noncondo_17313050380000 [3559 S HAMILTON AVE B] year=2012 units=1 sqft=1620 land=1568 project=residential_17313050380000,,,,,,,successor_episode_exact_reproduction,2,3240,FALSE,retain,2,3240,completed_successor_episode,high,cards=2; card_units=2; successor_units=2; successor_building_sqft=3240; successor_projects=residential_17313050370000/residential_17313050380000,,,,,,retain,2,3240,completed_successor_episode,high,cards=2; card_units=2; successor_units=2; successor_building_sqft=3240; successor_projects=residential_17313050370000/residential_17313050380000,,,,,2013,existing_adjudicated_year,,,,,,,
residential_multicard_17344240060000,2006,FALSE,TRUE,1042.258414496264,3_4,1,2223,6428,0.3458307405102676,6.776602364654636,17344240060000,residential_multicard_17344240060000,17344240060000,residential_17344240060000,residential_multicard_17344240060000,2,1/2,295,2,FALSE,2,4313,1,2090/2223,TRUE,TRUE,2008,2021,2,2,14,0,0,0,0,0,,,,,,,0,0,,,,,,,,,,,,,,,,TRUE,TRUE,FALSE,FALSE,3_placebo_scope_threshold,construction_year_parcel_polygon,3,1,0,2008/2009,,,,9696.373031784082,city_building_888980 address=712 726 E PERSHING RD; year=2008; units=0; building_sqft=0; overlap=0.271 || city_building_888985 address=0 0; year=2009; units=0; building_sqft=0; overlap=1 || city_building_888986 address=0 0; year=2009; units=0; building_sqft=0; overlap=0.722,1,1,2008,8551.4802504554391,cook_2008_562960 address=712 726 E PERSHING RD; year=2008; overlap=0.271,720 E PERSHING RD,1,720 E PERSHING RD,FALSE,FALSE,FALSE,FALSE,FALSE,FALSE,FALSE,FALSE,FALSE,FALSE,manual_review_required,,,6_placebo_scope_multifamily_threshold,episode_076,high_confidence_reproduction,TRUE,residential_multicard_17344240060000,residential_17344240190000/residential_17344240200000,2,4313,2,4313,6168,1,1,2,2,4313,6168,residential_17344240190000/residential_17344240200000,noncondo_17344240190000 [720 E PERSHING RD] year=2006 units=1 sqft=2223 land=3083 project=residential_17344240190000 || noncondo_17344240200000 [722 E PERSHING RD] year=2006 units=1 sqft=2090 land=3085 project=residential_17344240200000,,,,,,,successor_episode_exact_reproduction,2,4313,FALSE,retain,2,4313,completed_successor_episode,high,cards=2; card_units=2; successor_units=2; successor_building_sqft=4313; successor_projects=residential_17344240190000/residential_17344240200000,,,,,,retain,2,4313,completed_successor_episode,high,cards=2; card_units=2; successor_units=2; successor_building_sqft=4313; successor_projects=residential_17344240190000/residential_17344240200000,,,,,2006,existing_adjudicated_year,,,,,,,
residential_multicard_17344240070000,2006,FALSE,TRUE,992.4738528031548,3_4,1,2223,6424,0.34604607721046077,6.780821917808219,17344240070000,residential_multicard_17344240070000,17344240070000,residential_17344240070000,residential_multicard_17344240070000,2,1/2,295,2,FALSE,2,4249,1,2026/2223,TRUE,TRUE,2008,2015,2,2,8,0,0,0,0,0,,,,,,,0,0,,,,,,,,,,,,,,,,TRUE,TRUE,FALSE,FALSE,3_placebo_scope_threshold,construction_year_parcel_polygon,2,0,0,2009,,,,1044.4438658822328,city_building_888983 address=0 0; year=2009; units=0; building_sqft=0; overlap=1 || city_building_888984 address=0 0; year=2009; units=0; building_sqft=0; overlap=0.682,0,0,,,,714 E PERSHING RD,1,714 E PERSHING RD,FALSE,FALSE,FALSE,FALSE,FALSE,FALSE,FALSE,FALSE,FALSE,FALSE,manual_review_required,,,6_placebo_scope_multifamily_threshold,episode_075,high_confidence_reproduction,TRUE,residential_multicard_17344240070000,residential_17344240160000/residential_17344240180000,2,4249,2,4249,6161,1,1,2,2,4249,6161,residential_17344240160000/residential_17344240180000,noncondo_17344240160000 [716 E PERSHING RD] year=2006 units=1 sqft=2026 land=3078 project=residential_17344240160000 || noncondo_17344240180000 [718 E PERSHING RD] year=2006 units=1 sqft=2223 land=3083 project=residential_17344240180000,,,,,,,successor_episode_exact_reproduction,2,4249,FALSE,retain,2,4249,completed_successor_episode,high,cards=2; card_units=2; successor_units=2; successor_building_sqft=4249; successor_projects=residential_17344240160000/residential_17344240180000,,,,,,retain,2,4249,completed_successor_episode,high,cards=2; card_units=2; successor_units=2; successor_building_sqft=4249; successor_projects=residential_17344240160000/residential_17344240180000,,,,,2006,existing_adjudicated_year,,,,,,,
residential_multicard_17344240080000,2006,FALSE,TRUE,942.717917508947,3_4,1,2130,6402,0.33270852858481725,6.804123711340206,17344240080000,residential_multicard_17344240080000,17344240080000,residential_17344240080000,residential_multicard_17344240080000,2,1/2,295,2,FALSE,2,4042,1,1912/2130,TRUE,TRUE,2008,2015,2,2,8,0,0,0,0,0,,,,,,,0,0,,,,,,,,,,,,,,,,TRUE,TRUE,FALSE,FALSE,3_placebo_scope_threshold,construction_year_parcel_polygon,2,0,0,2009,,,,1109.8254554718733,city_building_888981 address=0 0; year=2009; units=0; building_sqft=0; overlap=1 || city_building_888982 address=0 0; year=2009; units=0; building_sqft=0; overlap=0.546,0,0,,,,712 E PERSHING RD,1,712 E PERSHING RD,FALSE,FALSE,FALSE,FALSE,FALSE,FALSE,FALSE,FALSE,FALSE,FALSE,manual_review_required,,,6_placebo_scope_multifamily_threshold,episode_074,high_confidence_reproduction,TRUE,residential_multicard_17344240080000,residential_17344240140000/residential_17344240150000,2,4042,2,4042,7278,1,1,2,2,4042,7278,residential_17344240140000/residential_17344240150000,noncondo_17344240140000 [712 E PERSHING RD] year=2006 units=1 sqft=2130 land=4205 project=residential_17344240140000 || noncondo_17344240150000 [714 E PERSHING RD] year=2006 units=1 sqft=1912 land=3073 project=residential_17344240150000,,,,,,,successor_episode_exact_reproduction,2,4042,FALSE,retain,2,4042,completed_successor_episode,high,cards=2; card_units=2; successor_units=2; successor_building_sqft=4042; successor_projects=residential_17344240140000/residential_17344240150000,,,,,,retain,2,4042,completed_successor_episode,high,cards=2; card_units=2; successor_units=2; successor_building_sqft=4042; successor_projects=residential_17344240140000/residential_17344240150000,,,,,2006,existing_adjudicated_year,,,,,,,
residential_multicard_19174190410000,2006,FALSE,TRUE,1095.5833871664825,13_23,1,1448,7519,0.19257880037238995,5.7933235802633325,19174190410000,residential_multicard_19174190410000,19174190410000,residential_19174190410000,residential_multicard_19174190410000,2,1/2,234,1,TRUE,2,2896,1,1448,TRUE,TRUE,2007,2007,2,2,1,0,0,0,0,0,,,,,,,0,0,,,,,,,,,,,,,,,,TRUE,TRUE,FALSE,FALSE,3_placebo_scope_threshold,construction_year_parcel_polygon,2,0,0,0,,,,2575.2499998403364,city_building_533138 address=6159 6159 S MONITOR AVE; year=0; units=0; building_sqft=0; overlap=0.996 || city_building_533208 address=0 0; year=0; units=0; building_sqft=0; overlap=1,0,0,,,,6159 S MONITOR AVE,1,6159 S MONITOR AVE,FALSE,FALSE,FALSE,FALSE,FALSE,FALSE,FALSE,FALSE,FALSE,FALSE,manual_review_required,,,6_placebo_scope_multifamily_threshold,episode_078,high_confidence_reproduction,TRUE,residential_multicard_19174190410000,residential_19174190420000/residential_19174190430000,2,2896,2,2896,7519,1,1,2,2,2896,7519,residential_19174190420000/residential_19174190430000,noncondo_19174190420000 [6155 S MONITOR AVE] year=2007 units=1 sqft=1448 land=3759 project=residential_19174190420000 || noncondo_19174190430000 [6159 S MONITOR AVE] year=2007 units=1 sqft=1448 land=3760 project=residential_19174190430000,,,,,,,successor_episode_exact_reproduction,2,2896,FALSE,retain,2,2896,completed_successor_episode,high,cards=2; card_units=2; successor_units=2; successor_building_sqft=2896; successor_projects=residential_19174190420000/residential_19174190430000,,,,,,retain,2,2896,completed_successor_episode,high,cards=2; card_units=2; successor_units=2; successor_building_sqft=2896; successor_projects=residential_19174190420000/residential_19174190430000,,,,,2006,existing_adjudicated_year,,,,,,,
residential_multicard_19174270420000,2006,FALSE,TRUE,1095.2155338225298,13_23,1,2785,9041,0.3080411458909413,4.818051100541975,19174270420000,residential_multicard_19174270420000,19174270420000,residential_19174270420000,residential_multicard_19174270420000,2,1/2,278,2,FALSE,2,5556,1,2771/2785,TRUE,TRUE,2007,2007,2,2,1,0,0,0,0,0,,,,,,,0,0,,,,,,,,,,,,,,,,TRUE,TRUE,FALSE,FALSE,3_placebo_scope_threshold,construction_year_parcel_polygon,0,0,,,,,,,,0,0,,,,6201 S MONITOR AVE,1,6201 S MONITOR AVE,FALSE,FALSE,FALSE,FALSE,FALSE,FALSE,FALSE,FALSE,FALSE,FALSE,manual_review_required,,,6_placebo_scope_multifamily_threshold,episode_079,high_confidence_reproduction,TRUE,residential_multicard_19174270420000,residential_19174270430000/residential_19174270440000,2,5556,2,5556,9041,1,1,2,2,5556,9041,residential_19174270430000/residential_19174270440000,noncondo_19174270430000 [6201 S MONITOR AVE] year=2007 units=1 sqft=2785 land=4547 project=residential_19174270430000 || noncondo_19174270440000 [6203 S MONITOR AVE] year=2007 units=1 sqft=2771 land=4494 project=residential_19174270440000,,,,,,,successor_episode_exact_reproduction,2,5556,FALSE,retain,2,5556,completed_successor_episode,high,cards=2; card_units=2; successor_units=2; successor_building_sqft=5556; successor_projects=residential_19174270430000/residential_19174270440000,,,,,,retain,2,5556,completed_successor_episode,high,cards=2; card_units=2; successor_units=2; successor_building_sqft=5556; successor_projects=residential_19174270430000/residential_19174270440000,,,,,2006,existing_adjudicated_year,,,,,,,
residential_multicard_20023050210000,2006,FALSE,TRUE,908.6773546730684,3_4,1,2148,21662,0.09915981903794664,2.0108946542332196,20023050210000,residential_multicard_20023050210000,20023050210000,residential_20023050210000,residential_multicard_20023050210000,9,1/2/3/4/5/6/7/8/9,295,6,FALSE,9,15603,1,1579/1606/1644/1684/2046/2148,TRUE,TRUE,2007,2007,9,9,1,0,0,0,0,0,,,,,,,0,0,,,,,,,,,,,,,,,,TRUE,TRUE,FALSE,FALSE,3_placebo_scope_threshold,construction_year_parcel_polygon,0,0,,,,,,,,0,0,,,,4450 S DREXEL BLVD,1,4450 S DREXEL BLVD,FALSE,FALSE,FALSE,FALSE,FALSE,FALSE,FALSE,FALSE,FALSE,FALSE,manual_review_required,,,6_placebo_scope_multifamily_threshold,episode_081,high_confidence_reproduction,TRUE,residential_multicard_20023050210000,residential_20023050230000/residential_20023050240000/residential_20023050250000/residential_20023050260000/residential_20023050270000/residential_20023050280000/residential_20023050290000/residential_20023050300000/residential_20023050310000,9,15603,9,15603,21663,1,1,9,9,15603,21663,residential_20023050230000/residential_20023050240000/residential_20023050250000/residential_20023050260000/residential_20023050270000/residential_20023050280000/residential_20023050290000/residential_20023050300000/residential_20023050310000,noncondo_20023050230000 [4450 S DREXEL BLVD] year=2007 units=1 sqft=2148 land=2518 project=residential_20023050230000 || noncondo_20023050240000 [4454 S DREXEL BLVD] year=2007 units=1 sqft=2046 land=3028 project=residential_20023050240000 || noncondo_20023050310000 [834 E 45TH ST] year=2007 units=1 sqft=1644 land=2681 project=residential_20023050310000 || noncondo_20023050300000 [836 E 45TH ST] year=2007 units=1 sqft=1579 land=2422 project=residential_20023050300000 || noncondo_20023050290000 [838 E 45TH ST] year=2007 units=1 sqft=1606 land=2409 project=residential_20023050290000 || noncondo_20023050280000 [840 E 45TH ST] year=2007 units=1 sqft=1684 land=2318 project=residential_20023050280000 || noncondo_20023050270000 [842 E 45TH ST] year=2007 units=1 sqft=1684 land=2307 project=residential_20023050270000 || noncondo_20023050260000 [844 E 45TH ST] year=2007 units=1 sqft=1606 land=2416 project=residential_20023050260000 || noncondo_20023050250000 [846 E 45TH ST] year=2007 units=1 sqft=1606 land=1564 project=residential_20023050250000,,,,,,,successor_episode_exact_reproduction,9,15603,FALSE,retain,9,15603,completed_successor_episode,high,cards=9; card_units=9; successor_units=9; successor_building_sqft=15603; successor_projects=residential_20023050230000/residential_20023050240000/residential_20023050250000/residential_20023050260000/residential_20023050270000/residential_20023050280000/residential_20023050290000/residential_20023050300000/residential_20023050310000,,,,,,retain,9,15603,completed_successor_episode,high,cards=9; card_units=9; successor_units=9; successor_building_sqft=15603; successor_projects=residential_20023050230000/residential_20023050240000/residential_20023050250000/residential_20023050260000/residential_20023050270000/residential_20023050280000/residential_20023050290000/residential_20023050300000/residential_20023050310000,,,,,2006,existing_adjudicated_year,,,,,,,
residential_multicard_20031110050000,2019,FALSE,TRUE,939.5470132473578,3_4,1,2080,7250,0.2868965517241379,6.008275862068966,20031110050000,residential_multicard_20031110050000,20031110050000,residential_20031110050000,residential_multicard_20031110050000,2,1/2,278,1,TRUE,2,4160,1,2080,TRUE,TRUE,2020,2020,2,2,1,0,0,1,1,0,1,1,4021 S CALUMET AVE,4021 S CALUMET AVE,,,0,0,FALSE,FALSE,,,permit_chain_100808993 [exact PIN] [2019-04-26] 4021 S CALUMET AVE units=missing description=ERECT A NEW 2 STORY FRAME SINGLE FAMILY HOME WITH BASEMENT AND DETACHED  FRAME 2 CAR GARAGE AS PER PLAN,permit_chain_100808993 [2019-04-26] 4021 S CALUMET AVE units=missing description=ERECT A NEW 2 STORY FRAME SINGLE FAMILY HOME WITH BASEMENT AND DETACHED  FRAME 2 CAR GARAGE AS PER PLAN,,,,,,,,,,TRUE,TRUE,FALSE,FALSE,3_placebo_scope_threshold,construction_year_parcel_polygon,0,0,,,,,,,,0,0,,,,4017 S CALUMET AVE,1,4017 S CALUMET AVE,FALSE,FALSE,FALSE,FALSE,FALSE,FALSE,FALSE,FALSE,FALSE,FALSE,manual_review_required,,,6_placebo_scope_multifamily_threshold,episode_083,high_confidence_reproduction,TRUE,residential_multicard_20031110050000,residential_20031110400000/residential_20031110410000,2,4160,2,4210,7290,1,1.0120192307692308,2,2,4210,7290,residential_20031110400000/residential_20031110410000,noncondo_20031110410000 [4019 S CALUMET AVE] year=2020 units=1 sqft=2105 land=3603 project=residential_20031110410000 || noncondo_20031110400000 [4021 CALUMET] year=2020 units=1 sqft=2105 land=3687 project=residential_20031110400000,,,,,,,successor_episode_exact_reproduction,2,4210,FALSE,retain,2,4210,completed_successor_episode,high,cards=2; card_units=2; successor_units=2; successor_building_sqft=4210; successor_projects=residential_20031110400000/residential_20031110410000,,,,,,retain,2,4210,completed_successor_episode,high,cards=2; card_units=2; successor_units=2; successor_building_sqft=4210; successor_projects=residential_20031110400000/residential_20031110410000,,,,,2019,existing_adjudicated_year,,,,,,,
residential_multicard_20032070190000,2021,FALSE,TRUE,809.4464918559219,3_4,1,2425,7550,0.3211920529801324,5.76953642384106,20032070190000,residential_multicard_20032070190000,20032070190000,residential_20032070190000,residential_multicard_20032070190000,2,2/3,278,2,FALSE,2,4619,1,2194/2425,TRUE,TRUE,1999,2021,3,2,1,0,0,2,2,0,2,2,3972 S LANGLEY AVE / 3976 S LANGLEY AVE,3972 S LANGLEY AVE / 3976 S LANGLEY AVE / NA,,,0,0,FALSE,FALSE,,,"permit_chain_100862245 [exact PIN] [2020-02-14] 3972 S LANGLEY AVE / 3976 S LANGLEY AVE units=missing description=ERECT 2 STORY WITH BASEMENT FRAME SINGLE FAMILY RESIDENCE WITH ROOF TOP DECK, STAIR ENCLOSURE, NEW REAR DECK & BALCONY, NEW FRONT METAL STAIRS & NEW 2 CAR ATTACHED GARAGE AS PER PLAN.(CONDITIONAL PERMIT SUBJECT TO FIELD INSPECTIONS) || permit_chain_100893665 [exact PIN] [2020-10-07] 3972 S LANGLEY AVE / 3976 S LANGLEY AVE units=missing description=SPR 2019 CBC: ERECT 2 STORY WITH BASEMENT FRAME SINGLE FAMILY RESIDENCE WITH ROOF TOP DECK, PENHOUSE, NEW REAR DECK, NEW FRONT METAL STAIRS & NEW 2 CAR ATTACHED GARAGE AS PER PLAN. **CERTIFIED PLANS CORRECTIONS: CONDITIONAL PERMIT SUBJECT TO FIELD INSPECTIONS **","permit_chain_100862245 [2020-02-14] 3972 S LANGLEY AVE / 3976 S LANGLEY AVE units=missing description=ERECT 2 STORY WITH BASEMENT FRAME SINGLE FAMILY RESIDENCE WITH ROOF TOP DECK, STAIR ENCLOSURE, NEW REAR DECK & BALCONY, NEW FRONT METAL STAIRS & NEW 2 CAR ATTACHED GARAGE AS PER PLAN.(CONDITIONAL PERMIT SUBJECT TO FIELD INSPECTIONS) || permit_chain_100893665 [2020-10-07] NA units=missing description=SPR 2019 CBC: ERECT 2 STORY WITH BASEMENT FRAME SINGLE FAMILY RESIDENCE WITH ROOF TOP DECK, PENHOUSE, NEW REAR DECK, NEW FRONT METAL STAIRS & NEW 2 CAR ATTACHED GARAGE AS PER PLAN. **CERTIFIED PLANS CORRECTIONS: CONDITIONAL PERMIT SUBJECT TO FIELD INSPECTIONS **",,,,,,,,,,TRUE,TRUE,FALSE,FALSE,3_placebo_scope_threshold,construction_year_parcel_polygon,1,0,0,1878,1,1,,954.1249998830026,city_building_427024 address=3976 3976 S LANGLEY AVE; year=1878; units=1; building_sqft=0; overlap=0.986,0,0,,,,3976 S LANGLEY AVE,1,3976 S LANGLEY AVE,TRUE,FALSE,FALSE,FALSE,FALSE,FALSE,TRUE,TRUE,TRUE,TRUE,manual_review_required,,,5_placebo_scope_conflicting_evidence,episode_084,high_confidence_reproduction,TRUE,residential_multicard_20032070190000,residential_20032070410000/residential_20032070420000,2,4619,2,4619,7590,1,1,2,2,4619,7590,residential_20032070410000/residential_20032070420000,noncondo_20032070410000 [3972 S LANGLEY AVE] year=2021 units=1 sqft=2194 land=3370 project=residential_20032070410000 || noncondo_20032070420000 [3976 S LANGLEY AVE] year=2021 units=1 sqft=2425 land=4220 project=residential_20032070420000,,,,,,,successor_episode_exact_reproduction,2,4619,FALSE,retain,2,4619,completed_successor_episode,high,cards=2; card_units=2; successor_units=2; successor_building_sqft=4619; successor_projects=residential_20032070410000/residential_20032070420000,,,,,,retain,2,4619,completed_successor_episode,high,cards=2; card_units=2; successor_units=2; successor_building_sqft=4619; successor_projects=residential_20032070410000/residential_20032070420000,,,,,2021,existing_adjudicated_year,,,,,,,
residential_multicard_20032080150000,2018,FALSE,TRUE,1415.6177792215497,3_4,1,3222,6520,0.4941717791411043,6.680981595092025,20032080150000,residential_multicard_20032080150000,20032080150000,residential_20032080150000,residential_multicard_20032080150000,2,1/2,295,2,FALSE,2,6362,1,3140/3222,TRUE,TRUE,2019,2021,2,2,3,0,0,1,1,0,1,1,753 E OAKWOOD BLVD,753 E OAKWOOD BLVD,,,0,0,FALSE,FALSE,,,"permit_chain_100752716 [exact PIN] [2018-05-19] 753 E OAKWOOD BLVD units=missing description=(2) NEW RESIDENTIAL TOWNHOMES; 3-STORY W/ BASEMENT, MASONRY & FRAME 3B CONSTRUCTION, (2) 2-CAR PRIVATE FRAME GARAGES, REAR WOOD DECK & STAIR, PER PLAN.","permit_chain_100752716 [2018-05-19] 753 E OAKWOOD BLVD units=missing description=(2) NEW RESIDENTIAL TOWNHOMES; 3-STORY W/ BASEMENT, MASONRY & FRAME 3B CONSTRUCTION, (2) 2-CAR PRIVATE FRAME GARAGES, REAR WOOD DECK & STAIR, PER PLAN.",,,,,,,,,,TRUE,TRUE,FALSE,FALSE,3_placebo_scope_threshold,construction_year_parcel_polygon,0,0,,,,,,,,0,0,,,,753 E OAKWOOD BLVD,1,753 E OAKWOOD BLVD,FALSE,FALSE,FALSE,FALSE,FALSE,FALSE,FALSE,FALSE,FALSE,FALSE,manual_review_required,,,6_placebo_scope_multifamily_threshold,episode_085,high_confidence_reproduction,TRUE,residential_multicard_20032080150000,residential_20032080460000/residential_20032080470000,2,6362,2,6362,6515,1,1,2,2,6362,6515,residential_20032080460000/residential_20032080470000,noncondo_20032080460000 [753 E OAKWOOD BLVD] year=2018 units=1 sqft=3140 land=3255 project=residential_20032080460000 || noncondo_20032080470000 [755 E OAKWOOD BLVD] year=2018 units=1 sqft=3222 land=3260 project=residential_20032080470000,,,,,,,successor_episode_exact_reproduction,2,6362,FALSE,retain,2,6362,completed_successor_episode,high,cards=2; card_units=2; successor_units=2; successor_building_sqft=6362; successor_projects=residential_20032080460000/residential_20032080470000,,,,,,retain,2,6362,completed_successor_episode,high,cards=2; card_units=2; successor_units=2; successor_building_sqft=6362; successor_projects=residential_20032080460000/residential_20032080470000,,,,,2018,existing_adjudicated_year,,,,,,,
residential_multicard_20041290470000,2018,FALSE,TRUE,712.146582124906,3_11,1,1693,3815,0.4437745740498034,11.418086500655308,20041290470000,residential_multicard_20041290470000,20041290470000,residential_20041290470000,residential_multicard_20041290470000,4,1/2/3/4,295,1,TRUE,4,6772,1,1693,TRUE,TRUE,2019,2021,4,4,3,0,0,1,1,0,1,1,4250 S NORMAL AVE,4250 S NORMAL AVE,4,4,1,1,TRUE,TRUE,4,4,"permit_chain_100743233 [exact PIN] [2018-02-21] 4250 S NORMAL AVE units=4 description=SELF-CERT: ERECT NEW 2 STORY, 4DU, IV-B, TOWNHOUSE BUILDING W/ BASEMENT AND DETACHED 4 CAR PRIVATE GARAGE AS PER PLANS CURRENT USE: VACANT LAND/PROPOSED USE: RESIDENTIAL TOWNHOUSES.","permit_chain_100743233 [2018-02-21] 4250 S NORMAL AVE units=4 description=SELF-CERT: ERECT NEW 2 STORY, 4DU, IV-B, TOWNHOUSE BUILDING W/ BASEMENT AND DETACHED 4 CAR PRIVATE GARAGE AS PER PLANS CURRENT USE: VACANT LAND/PROPOSED USE: RESIDENTIAL TOWNHOUSES.",,,,,,,,,,TRUE,TRUE,FALSE,TRUE,3_placebo_scope_threshold,construction_year_parcel_polygon,0,0,,,,,,,,0,0,,,,500 W 43RD ST,1,500 W 43RD ST,FALSE,FALSE,FALSE,FALSE,FALSE,FALSE,FALSE,FALSE,TRUE,FALSE,candidate_sum_supported,4,6772,6_placebo_scope_multifamily_threshold,episode_088,high_confidence_reproduction,TRUE,residential_multicard_20041290470000,residential_20041290480000/residential_20041290500000/residential_20041290520000/residential_20041290540000,4,6772,4,6772,4010,1,1,4,4,6772,4010,residential_20041290480000/residential_20041290500000/residential_20041290520000/residential_20041290540000,noncondo_20041290480000 [S NORMAL AV] year=2018 units=1 sqft=1693 land=1000 project=residential_20041290480000 || noncondo_20041290500000 [S NORMAL AV] year=2018 units=1 sqft=1693 land=997 project=residential_20041290500000 || noncondo_20041290520000 [S NORMAL AV] year=2018 units=1 sqft=1693 land=998 project=residential_20041290520000 || noncondo_20041290540000 [S NORMAL AV] year=2018 units=1 sqft=1693 land=1015 project=residential_20041290540000,,,,,,,successor_episode_exact_reproduction,4,6772,FALSE,retain,4,6772,completed_successor_episode,high,cards=4; card_units=4; successor_units=4; successor_building_sqft=6772; successor_projects=residential_20041290480000/residential_20041290500000/residential_20041290520000/residential_20041290540000,,,,,,retain,4,6772,completed_successor_episode,high,cards=4; card_units=4; successor_units=4; successor_building_sqft=6772; successor_projects=residential_20041290480000/residential_20041290500000/residential_20041290520000/residential_20041290540000,,,,,2018,existing_adjudicated_year,,,,,,,
residential_multicard_20091110270000,2006,FALSE,TRUE,564.2569885740892,3_11,3,3660,21875,0.16731428571428572,5.973942857142857,20091110270000,residential_multicard_20091110270000,20091110270000,residential_20091110270000,residential_multicard_20091110270000,5,1/2/3/4/5,211,1,TRUE,15,18300,3,3660,TRUE,TRUE,2009,2010,5,5,2,0,0,0,0,0,,,,,,,0,0,,,,,,,,,,,,,,,,TRUE,FALSE,FALSE,FALSE,4_placebo_scope_outcome,construction_year_parcel_polygon,0,0,,,,,,,,0,0,,,,716 W 50TH ST,1,716 W 50TH ST,FALSE,FALSE,FALSE,FALSE,FALSE,FALSE,FALSE,FALSE,FALSE,FALSE,manual_review_required,,,7_placebo_scope_outcome,episode_090,high_confidence_reproduction,TRUE,residential_multicard_20091110270000,residential_20091110390000/residential_20091110400000/residential_20091110430000/residential_20091110440000/residential_20091110450000,15,18300,15,18300,15251,1,1,5,15,18300,15251,residential_20091110390000/residential_20091110400000/residential_20091110430000/residential_20091110440000/residential_20091110450000,noncondo_20091110450000 [716 W 50TH ST] year=2006 units=3 sqft=3660 land=3041 project=residential_20091110450000 || noncondo_20091110440000 [718 W 50TH ST] year=2006 units=3 sqft=3660 land=3045 project=residential_20091110440000 || noncondo_20091110430000 [720 W 50TH ST] year=2006 units=3 sqft=3660 land=3047 project=residential_20091110430000 || noncondo_20091110400000 [728 W 50TH ST] year=2006 units=3 sqft=3660 land=3058 project=residential_20091110400000 || noncondo_20091110390000 [732 W 50TH ST] year=2006 units=3 sqft=3660 land=3060 project=residential_20091110390000,,,,,,,successor_episode_exact_reproduction,15,18300,FALSE,retain,15,18300,completed_successor_episode,high,cards=5; card_units=15; successor_units=15; successor_building_sqft=18300; successor_projects=residential_20091110390000/residential_20091110400000/residential_20091110430000/residential_20091110440000/residential_20091110450000,,,,,,retain,15,18300,completed_successor_episode,high,cards=5; card_units=15; successor_units=15; successor_building_sqft=18300; successor_projects=residential_20091110390000/residential_20091110400000/residential_20091110430000/residential_20091110440000/residential_20091110450000,,,,,2006,existing_adjudicated_year,,,,,,,
residential_multicard_20144120210000,2018,FALSE,TRUE,1473.294112609551,5_20,1,2207,8254,0.2673855100557306,5.277441240610613,20144120210000,residential_multicard_20144120210000,20144120210000,residential_20144120210000,residential_multicard_20144120210000,2,1/2,278,1,TRUE,2,4414,1,2207,TRUE,TRUE,2000,2019,2,2,1,1,1,2,2,0,2,2,6240 S KIMBARK AVE / 6242 S KIMBARK AVE,6240 S KIMBARK AVE / 6242 S KIMBARK AVE / NA,,,0,0,FALSE,FALSE,,,"permit_chain_100760244 [exact PIN] [2018-05-24] 6240 S KIMBARK AVE / 6242 S KIMBARK AVE units=missing description=ERECT A 2 STORY ,IVA FRAME SINGLE FAMILY RESIDENCE WITH BASEMENT, REAR OPEN DECK AND 2 CAR DETACHED GARAGE PER PLANS || permit_chain_100760262 [exact PIN] [2018-05-24] 6240 S KIMBARK AVE / 6242 S KIMBARK AVE units=missing description=ERECT A 2 STORY , IVA FRAME SINGLE FAMILY RESIDENCE WITH BASEMENT, REAR OPEN DECK AND 2 CAR DETACHED GARAGE PER PLANS","permit_chain_100760244 [2018-05-24] 6240 S KIMBARK AVE / 6242 S KIMBARK AVE units=missing description=ERECT A 2 STORY ,IVA FRAME SINGLE FAMILY RESIDENCE WITH BASEMENT, REAR OPEN DECK AND 2 CAR DETACHED GARAGE PER PLANS || permit_chain_100760262 [2018-05-24] NA units=missing description=ERECT A 2 STORY , IVA FRAME SINGLE FAMILY RESIDENCE WITH BASEMENT, REAR OPEN DECK AND 2 CAR DETACHED GARAGE PER PLANS",,,,,,,,,,TRUE,TRUE,FALSE,FALSE,3_placebo_scope_threshold,construction_year_parcel_polygon,1,0,0,1913,2,2,,7574.750000017462,city_building_526194 address=6240 6240 S KIMBARK AVE; year=1913; units=2; building_sqft=0; overlap=0.967,0,0,,,,6240 S KIMBARK AVE,1,6240 S KIMBARK AVE,FALSE,TRUE,FALSE,FALSE,FALSE,FALSE,TRUE,FALSE,TRUE,FALSE,candidate_sum_supported,2,4414,6_placebo_scope_multifamily_threshold,episode_093,high_confidence_reproduction,TRUE,residential_multicard_20144120210000,residential_20144120420000/residential_20144120430000,2,4414,2,4416,8253,1,1.0004531037607611,2,2,4416,8253,residential_20144120420000/residential_20144120430000,noncondo_20144120420000 [NA] year=2019 units=1 sqft=2208 land=4130 project=residential_20144120420000 || noncondo_20144120430000 [NA] year=2019 units=1 sqft=2208 land=4123 project=residential_20144120430000,,,,,,,successor_episode_exact_reproduction,2,4416,FALSE,retain,2,4416,completed_successor_episode,high,cards=2; card_units=2; successor_units=2; successor_building_sqft=4416; successor_projects=residential_20144120420000/residential_20144120430000,,,,,,retain,2,4416,completed_successor_episode,high,cards=2; card_units=2; successor_units=2; successor_building_sqft=4416; successor_projects=residential_20144120420000/residential_20144120430000,,,,,2018,existing_adjudicated_year,,,,,,,
residential_multicard_21313270020000,2006,FALSE,TRUE,1143.2533819056866,7_8,1,2027,5875,0.34502127659574466,7.414468085106383,21313270020000,residential_multicard_21313270020000,21313270020000,residential_21313270020000,residential_multicard_21313270020000,2,1/2,278,1,TRUE,2,4054,1,2027,TRUE,TRUE,2007,2009,2,2,1,0,0,0,0,0,,,,,,,0,0,,,,,,,,,,,,,,,,TRUE,TRUE,FALSE,FALSE,3_placebo_scope_threshold,construction_year_parcel_polygon,2,2,0,2005,,,,2020.2599994913749,city_building_839016 address=8607 8607 S KINGSTON AVE; year=2005; units=0; building_sqft=0; overlap=1 || city_building_839015 address=8603 8603 S KINGSTON AVE; year=2005; units=0; building_sqft=0; overlap=1,0,0,,,,8603 S KINGSTON AVE,1,8603 S KINGSTON AVE,FALSE,FALSE,FALSE,FALSE,TRUE,FALSE,FALSE,FALSE,TRUE,FALSE,candidate_sum_supported,2,4054,6_placebo_scope_multifamily_threshold,episode_098,high_confidence_reproduction,TRUE,residential_multicard_21313270020000,residential_21313270540000/residential_21313270550000,2,4054,2,4054,5969,1,1,2,2,4054,5969,residential_21313270540000/residential_21313270550000,noncondo_21313270550000 [8603 S KINGSTON AVE] year=2006 units=1 sqft=2027 land=2985 project=residential_21313270550000 || noncondo_21313270540000 [8607 S KINGSTON AVE] year=2006 units=1 sqft=2027 land=2984 project=residential_21313270540000,,,,,,,successor_episode_exact_reproduction,2,4054,FALSE,retain,2,4054,completed_successor_episode,high,cards=2; card_units=2; successor_units=2; successor_building_sqft=4054; successor_projects=residential_21313270540000/residential_21313270550000,,,,,,retain,2,4054,completed_successor_episode,high,cards=2; card_units=2; successor_units=2; successor_building_sqft=4054; successor_projects=residential_21313270540000/residential_21313270550000,,,,,2006,existing_adjudicated_year,,,,,,,
residential_multicard_13124150460000,2022,FALSE,TRUE,642.3204000783659,40_47,1,2924,7200,0.4061111111111111,6.05,13124150460000,residential_multicard_13124150460000,13124150460000,residential_13124150460000,residential_multicard_13124150460000,2,1/2,278,1,TRUE,2,5848,1,2924,TRUE,TRUE,1999,2022,2,2,1,1,1,1,1,0,1,1,2454 W AINSLIE ST,2454 W AINSLIE ST,,,0,0,FALSE,FALSE,,,"permit_chain_100914932 [exact PIN] [2021-05-18] 2454 W AINSLIE ST units=missing description=SC 2019 CBC - ERECT A 2 STORY VA FRAME SINGLE FAMILY RESIDENCE WITH BASEMENT AND 2 CAR GARAGE, AS PER PLANS.R5 USE","permit_chain_100914932 [2021-05-18] 2454 W AINSLIE ST units=missing description=SC 2019 CBC - ERECT A 2 STORY VA FRAME SINGLE FAMILY RESIDENCE WITH BASEMENT AND 2 CAR GARAGE, AS PER PLANS.R5 USE",,,,,,,,,,TRUE,TRUE,FALSE,FALSE,3_placebo_scope_threshold,construction_year_parcel_polygon,1,0,0,1912,1,1,1347,1871.6249999629215,city_building_94841 address=2454 2454 W AINSLIE ST; year=1912; units=1; building_sqft=1347; overlap=1,0,0,,,,2454 W AINSLIE ST,1,2454 W AINSLIE ST,TRUE,FALSE,FALSE,FALSE,FALSE,FALSE,FALSE,TRUE,FALSE,FALSE,candidate_selected_card_supported,1,2924,6_placebo_scope_multifamily_threshold,episode_004,unit_reproduction_sqft_changed,FALSE,residential_multicard_13124150460000,residential_13124150640000/residential_13124150650000,2,5848,2,6208,7760,1,1.06155950752394,2,2,6208,7760,residential_13124150640000/residential_13124150650000,noncondo_13124150640000 [2450 W AINSLIE ST] year=2022 units=1 sqft=3104 land=3750 project=residential_13124150640000 || noncondo_13124150650000 [2452 W AINSLIE ST] year=2022 units=1 sqft=3104 land=4010 project=residential_13124150650000,,,,,,,successor_episode_units_reproduced,2,6208,FALSE,retain,2,6208,completed_successor_episode,high,cards=2; card_units=2; successor_units=2; successor_building_sqft=6208; successor_projects=residential_13124150640000/residential_13124150650000,,,,,,retain,2,6208,completed_successor_episode,high,cards=2; card_units=2; successor_units=2; successor_building_sqft=6208; successor_projects=residential_13124150640000/residential_13124150650000,,,,,2022,existing_adjudicated_year,,,,,,,
residential_multicard_17071220180000,2014,FALSE,TRUE,594.1167894043728,26_27,1,1971,4272,0.461376404494382,10.196629213483146,17071220180000,residential_multicard_17071220180000,17071220180000,residential_17071220180000,residential_multicard_17071220180000,2,1/2,207,1,TRUE,2,3942,1,1971,TRUE,TRUE,2015,2015,2,2,1,0,0,2,2,0,2,2,2217 W RACE AVE / 2213 W RACE AVE,2217 W RACE AVE / 2213 W RACE AVE / NA,,,0,0,FALSE,FALSE,,,permit_chain_100522758 [exact PIN] [2014-02-18] 2217 W RACE AVE / 2213 W RACE AVE units=missing description=SELF CERTIFICATION REVIEW: ERECT FRAME SINGLE FAMILY RESIDENCE WITH ROOF TOP DECK (4A CONSTRUCTION) WITH DETACHED 2 CAR FRAME GARAGE WITH ROOF TOP DECK (4A CONSTRUCTION) AS PER PLAN.(CONDITIONAL PERMIT SUBJECT TO FIELD INSPECTIONS) || permit_chain_100522761 [exact PIN] [2014-02-26] 2217 W RACE AVE / 2213 W RACE AVE units=missing description=SELF CERTIFICATION REVIEW: ERECT FRAME SINGLE FAMILY RESIDENCE WITH ROOF TOP DECK (4A CONSTRUCTION) WITH DETACHED 2 CAR FRAME GARAGE WITH ROOF TOP DECK (4A CONSTRUCTION) AS PER PLAN.,permit_chain_100522758 [2014-02-18] 2217 W RACE AVE / 2213 W RACE AVE units=missing description=SELF CERTIFICATION REVIEW: ERECT FRAME SINGLE FAMILY RESIDENCE WITH ROOF TOP DECK (4A CONSTRUCTION) WITH DETACHED 2 CAR FRAME GARAGE WITH ROOF TOP DECK (4A CONSTRUCTION) AS PER PLAN.(CONDITIONAL PERMIT SUBJECT TO FIELD INSPECTIONS) || permit_chain_100522761 [2014-02-26] NA units=missing description=SELF CERTIFICATION REVIEW: ERECT FRAME SINGLE FAMILY RESIDENCE WITH ROOF TOP DECK (4A CONSTRUCTION) WITH DETACHED 2 CAR FRAME GARAGE WITH ROOF TOP DECK (4A CONSTRUCTION) AS PER PLAN.,,,,,,,,,,TRUE,TRUE,FALSE,FALSE,3_placebo_scope_threshold,construction_year_parcel_polygon,1,0,0,0,,,,928.374999914202,city_building_348734 address=0 0; year=0; units=0; building_sqft=0; overlap=0.487,0,0,,,,2217 W RACE AVE,1,2217 W RACE AVE,FALSE,FALSE,FALSE,FALSE,FALSE,FALSE,TRUE,FALSE,TRUE,FALSE,candidate_sum_supported,2,3942,6_placebo_scope_multifamily_threshold,episode_052,unit_reproduction_sqft_changed,FALSE,residential_multicard_17071220180000,residential_17071220500000/residential_17071220510000,2,3942,2,4390,4349,1,1.1136478944698125,2,2,4390,4349,residential_17071220500000/residential_17071220510000,noncondo_17071220500000 [2213 W RACE AVE] year=2015 units=1 sqft=2195 land=2170 project=residential_17071220500000 || noncondo_17071220510000 [2217 W RACE AVE] year=2015 units=1 sqft=2195 land=2179 project=residential_17071220510000,,,,,,,successor_episode_units_reproduced,2,4390,FALSE,retain,2,4390,completed_successor_episode,high,cards=2; card_units=2; successor_units=2; successor_building_sqft=4390; successor_projects=residential_17071220500000/residential_17071220510000,,,,,,retain,2,4390,completed_successor_episode,high,cards=2; card_units=2; successor_units=2; successor_building_sqft=4390; successor_projects=residential_17071220500000/residential_17071220510000,,,,,2014,existing_adjudicated_year,,,,,,,
residential_multicard_17313120190000,2008,FALSE,TRUE,991.533247130684,11_12,1,1911,4688,0.40763651877133106,9.291808873720136,17313120190000,residential_multicard_17313120190000,17313120190000,residential_17313120190000,residential_multicard_17313120190000,2,1/2,295,1,TRUE,2,3822,1,1911,TRUE,TRUE,2009,2009,2,2,1,0,0,0,0,0,,,,,,,0,0,,,,,,,,,,,,,,,,TRUE,TRUE,FALSE,FALSE,3_placebo_scope_threshold,construction_year_parcel_polygon,0,0,,,,,,,,0,0,,,,3631 S BLAKE ST,1,3631 S BLAKE ST,FALSE,FALSE,FALSE,FALSE,FALSE,FALSE,FALSE,FALSE,FALSE,FALSE,manual_review_required,,,6_placebo_scope_multifamily_threshold,episode_072,unit_reproduction_sqft_changed,FALSE,residential_multicard_17313120190000,residential_17313120360000/residential_17313120370000,2,3822,2,3454,5395,1,0.9037153322867608,2,2,3454,5395,residential_17313120360000/residential_17313120370000,noncondo_17313120370000 [3619 S BLAKE ST] year=2008 units=1 sqft=1727 land=3670 project=residential_17313120370000 || noncondo_17313120360000 [3621 S BLAKE ST] year=2008 units=1 sqft=1727 land=1725 project=residential_17313120360000,,,,,,,successor_episode_units_reproduced,2,3454,FALSE,retain,2,3454,completed_successor_episode,high,cards=2; card_units=2; successor_units=2; successor_building_sqft=3454; successor_projects=residential_17313120360000/residential_17313120370000,,,,,,retain,2,3454,completed_successor_episode,high,cards=2; card_units=2; successor_units=2; successor_building_sqft=3454; successor_projects=residential_17313120360000/residential_17313120370000,,,,,2008,existing_adjudicated_year,,,,,,,
