source_family,source_project_id,final_project_id,application_stage,application_scope,action,construction_year,dwelling_units,building_sqft,land_sqft,allow_far,allow_dupac,reported_construction_year,reported_land_sqft,year_source,units_source,building_source,land_source,decision_source,decision_reason,evidence_ids,evidence_urls,confidence,unresolved_caveat,reviewer,review_date,status
residential,residential_20024051000000,residential_20024051000000,project_identity,construction_year,,2017,,,,,,2019,,,,,,,User-approved 2017 completion-year judgment; individual home retained,2016 construction permits 100640423/100640424/100640426/100640428; original listings and 2017 sales; user approval 2026-09-08; MRED listings 09818582 and 09730390,,,,,,
residential,residential_20024051010000,residential_20024051010000,project_identity,construction_year,,2017,,,,,,2019,,,,,,,User-approved 2017 completion-year judgment; individual home retained,2016 construction permits 100640423/100640424/100640426/100640428; original listings and 2017 sales; user approval 2026-09-08; MRED listings 09818582 and 09730390,,,,,,
residential,residential_20024051020000,residential_20024051020000,project_identity,construction_year,,2017,,,,,,2019,,,,,,,User-approved 2017 completion-year judgment; individual home retained,2016 construction permits 100640423/100640424/100640426/100640428; original listings and 2017 sales; user approval 2026-09-08; MRED listings 09818582 and 09730390,,,,,,
residential,residential_20024051030000,residential_20024051030000,project_identity,construction_year,,2017,,,,,,2019,,,,,,,User-approved 2017 completion-year judgment; individual home retained,2016 construction permits 100640423/100640424/100640426/100640428; original listings and 2017 sales; user approval 2026-09-08; MRED listings 09818582 and 09730390,,,,,,
residential,residential_20024051040000,residential_20024051040000,project_identity,construction_year,,2017,,,,,,2019,,,,,,,User-approved 2017 completion-year judgment; individual home retained,2016 construction permits 100640423/100640424/100640426/100640428; original listings and 2017 sales; user approval 2026-09-08; MRED listings 09818582 and 09730390,,,,,,
residential,residential_20024051050000,residential_20024051050000,project_identity,construction_year,,2017,,,,,,2019,,,,,,,User-approved 2017 completion-year judgment; individual home retained,2016 construction permits 100640423/100640424/100640426/100640428; original listings and 2017 sales; user approval 2026-09-08; MRED listings 09818582 and 09730390,,,,,,
residential,residential_20024051060000,residential_20024051060000,project_identity,construction_year,,2017,,,,,,2019,,,,,,,User-approved 2017 completion-year judgment; individual home retained,2016 construction permits 100640423/100640424/100640426/100640428; original listings and 2017 sales; user approval 2026-09-08; MRED listings 09818582 and 09730390,,,,,,
residential,residential_20024051070000,residential_20024051070000,project_identity,construction_year,,2017,,,,,,2019,,,,,,,User-approved 2017 completion-year judgment; individual home retained,2016 construction permits 100640423/100640424/100640426/100640428; original listings and 2017 sales; user approval 2026-09-08; MRED listings 09818582 and 09730390,,,,,,
residential,residential_20024051080000,residential_20024051080000,project_identity,construction_year,,2017,,,,,,2019,,,,,,,User-approved 2017 completion-year judgment; individual home retained,2016 construction permits 100640423/100640424/100640426/100640428; original listings and 2017 sales; user approval 2026-09-08; MRED listings 09818582 and 09730390,,,,,,
residential,residential_20024051090000,residential_20024051090000,project_identity,construction_year,,2017,,,,,,2019,,,,,,,User-approved 2017 completion-year judgment; individual home retained,2016 construction permits 100640423/100640424/100640426/100640428; original listings and 2017 sales; user approval 2026-09-08; MRED listings 09818582 and 09730390,,,,,,
residential,residential_20024051100000,residential_20024051100000,project_identity,construction_year,,2017,,,,,,2019,,,,,,,User-approved 2017 completion-year judgment; individual home retained,2016 construction permits 100640423/100640424/100640426/100640428; original listings and 2017 sales; user approval 2026-09-08; MRED listings 09818582 and 09730390,,,,,,
residential,residential_20024051110000,residential_20024051110000,project_identity,construction_year,,2017,,,,,,2019,,,,,,,User-approved 2017 completion-year judgment; individual home retained,2016 construction permits 100640423/100640424/100640426/100640428; original listings and 2017 sales; user approval 2026-09-08; MRED listings 09818582 and 09730390,,,,,,
residential,residential_20024051120000,residential_20024051120000,project_identity,construction_year,,2017,,,,,,2019,,,,,,,User-approved 2017 completion-year judgment; individual home retained,2016 construction permits 100640423/100640424/100640426/100640428; original listings and 2017 sales; user approval 2026-09-08; MRED listings 09818582 and 09730390,,,,,,
residential,residential_20024051130000,residential_20024051130000,project_identity,construction_year,,2017,,,,,,2019,,,,,,,User-approved 2017 completion-year judgment; individual home retained,2016 construction permits 100640423/100640424/100640426/100640428; original listings and 2017 sales; user approval 2026-09-08; MRED listings 09818582 and 09730390,,,,,,
residential,residential_20024051140000,residential_20024051140000,project_identity,construction_year,,2017,,,,,,2019,,,,,,,User-approved 2017 completion-year judgment; individual home retained,2016 construction permits 100640423/100640424/100640426/100640428; original listings and 2017 sales; user approval 2026-09-08; MRED listings 09818582 and 09730390,,,,,,
residential,residential_20024051150000,residential_20024051150000,project_identity,construction_year,,2017,,,,,,2019,,,,,,,User-approved 2017 completion-year judgment; individual home retained,2016 construction permits 100640423/100640424/100640426/100640428; original listings and 2017 sales; user approval 2026-09-08; MRED listings 09818582 and 09730390,,,,,,
residential,residential_20024051160000,residential_20024051160000,project_identity,construction_year,,2017,,,,,,2019,,,,,,,User-approved 2017 completion-year judgment; individual home retained,2016 construction permits 100640423/100640424/100640426/100640428; original listings and 2017 sales; user approval 2026-09-08; MRED listings 09818582 and 09730390,,,,,,
residential,residential_20024051170000,residential_20024051170000,project_identity,construction_year,,2017,,,,,,2019,,,,,,,User-approved 2017 completion-year judgment; individual home retained,2016 construction permits 100640423/100640424/100640426/100640428; original listings and 2017 sales; user approval 2026-09-08; MRED listings 09818582 and 09730390,,,,,,
residential,residential_20024051180000,residential_20024051180000,project_identity,construction_year,,2017,,,,,,2019,,,,,,,User-approved 2017 completion-year judgment; individual home retained,2016 construction permits 100640423/100640424/100640426/100640428; original listings and 2017 sales; user approval 2026-09-08; MRED listings 09818582 and 09730390,,,,,,
residential,residential_20024051190000,residential_20024051190000,project_identity,construction_year,,2017,,,,,,2019,,,,,,,User-approved 2017 completion-year judgment; individual home retained,2016 construction permits 100640423/100640424/100640426/100640428; original listings and 2017 sales; user approval 2026-09-08; MRED listings 09818582 and 09730390,,,,,,
residential,residential_20232130980000,residential_20232130980000,project_identity,construction_year,,2017,,,,,,2014,,,,,,,User approved 2017 completion proxy,October 2016 permit 100658166; 2017 first assessment and electrical permits; December 2017 listing and June 2018 sale; user approval 2026-09-08; retain 2018 assessment and original lot,,,,,,
residential,residential_20232130970000,residential_20232130970000,project_identity,construction_year,,2018,,,,,,2017,,,,,,,User approved 2018 completion year,Permit 100658165; 2018 original new-construction listing and sale; successor Assessor year 2018; user approval 2026-09-08; retain coherent 2018 original-lot assessment,,,,,,
residential,residential_13364220500000,residential_13364220500000,project_identity,construction_year,,2007,,,,,,2005,,,,,,,User approved 2007 completion proxy and eight individual townhomes on their recorded private lots; common parcel 2058 is not allocated,Permits 100085992/100085993 issued November 2006 for four townhomes each; City footprints 887405/887406 year 2007; user approval 2026-09-08,,,,,,
residential,residential_13364220510000,residential_13364220510000,project_identity,construction_year,,2007,,,,,,2005,,,,,,,User approved 2007 completion proxy and eight individual townhomes on their recorded private lots; common parcel 2058 is not allocated,Permits 100085992/100085993 issued November 2006 for four townhomes each; City footprints 887405/887406 year 2007; user approval 2026-09-08,,,,,,
residential,residential_13364220520000,residential_13364220520000,project_identity,construction_year,,2007,,,,,,2006,,,,,,,User approved 2007 completion proxy and eight individual townhomes on their recorded private lots; common parcel 2058 is not allocated,Permits 100085992/100085993 issued November 2006 for four townhomes each; City footprints 887405/887406 year 2007; user approval 2026-09-08,,,,,,
residential,residential_13364220530000,residential_13364220530000,project_identity,construction_year,,2007,,,,,,2005,,,,,,,User approved 2007 completion proxy and eight individual townhomes on their recorded private lots; common parcel 2058 is not allocated,Permits 100085992/100085993 issued November 2006 for four townhomes each; City footprints 887405/887406 year 2007; user approval 2026-09-08,,,,,,
residential,residential_13364220540000,residential_13364220540000,project_identity,construction_year,,2007,,,,,,2005,,,,,,,User approved 2007 completion proxy and eight individual townhomes on their recorded private lots; common parcel 2058 is not allocated,Permits 100085992/100085993 issued November 2006 for four townhomes each; City footprints 887405/887406 year 2007; user approval 2026-09-08,,,,,,
residential,residential_13364220550000,residential_13364220550000,project_identity,construction_year,,2007,,,,,,2005,,,,,,,User approved 2007 completion proxy and eight individual townhomes on their recorded private lots; common parcel 2058 is not allocated,Permits 100085992/100085993 issued November 2006 for four townhomes each; City footprints 887405/887406 year 2007; user approval 2026-09-08,,,,,,
residential,residential_13364220560000,residential_13364220560000,project_identity,construction_year,,2007,,,,,,2005,,,,,,,User approved 2007 completion proxy and eight individual townhomes on their recorded private lots; common parcel 2058 is not allocated,Permits 100085992/100085993 issued November 2006 for four townhomes each; City footprints 887405/887406 year 2007; user approval 2026-09-08,,,,,,
residential,residential_13364220570000,residential_13364220570000,project_identity,construction_year,,2007,,,,,,2005,,,,,,,User approved 2007 completion proxy and eight individual townhomes on their recorded private lots; common parcel 2058 is not allocated,Permits 100085992/100085993 issued November 2006 for four townhomes each; City footprints 887405/887406 year 2007; user approval 2026-09-08,,,,,,
residential,residential_16094170260000,residential_16094170260000,project_identity,construction_year,,2022,,,,,,2022,,,,,,,Retain Assessor 2022 proxy after conflicting rental year review,User decision 2026-09-08; Redfin reports 2022 and September 29 2022 sale: https://www.redfin.com/IL/Chicago/184-N-Lamon-Ave-60644/home/180693566,,,,,,
residential,residential_14293190620000,residential_14293190620000,project_identity,construction_year,,2014,,,,,,2012,,,,,,,User-approved 2014 listing-based completion proxy; sale records straddle December 2013 and January 2014; preserve Assessor measurements,RD Precision 2014 house in listing brokerage MLS 10840959; new-building permit 100487720 issued June 2013; https://www.atproperties.com/10840959/2439-n-greenview-avenue-chicago-illinois-60614-nei; user approval 2026-09-08,,,,,,
residential,residential_14301180540000,residential_14301180540000,project_identity,construction_year,,2014,,,,,,2012,,,,,,,User approved 2014 completion proxy for the fifteen separately recorded Oakley townhomes; retain individual Assessor measurements.,permit_100465982 issued July 2013; December 2014 contemporary completion reporting; https://www.chicagomag.com/real-estate/december-2014/these-riverfront-town-homes-wont-be-on-the-market-long/; original MLS listings built 2014; user approval September 9 2026,,,,,,
residential,residential_14301180550000,residential_14301180550000,project_identity,construction_year,,2014,,,,,,2012,,,,,,,User approved 2014 completion proxy for the fifteen separately recorded Oakley townhomes; retain individual Assessor measurements.,permit_100465982 issued July 2013; December 2014 contemporary completion reporting; https://www.chicagomag.com/real-estate/december-2014/these-riverfront-town-homes-wont-be-on-the-market-long/; original MLS listings built 2014; user approval September 9 2026,,,,,,
residential,residential_14301180560000,residential_14301180560000,project_identity,construction_year,,2014,,,,,,2012,,,,,,,User approved 2014 completion proxy for the fifteen separately recorded Oakley townhomes; retain individual Assessor measurements.,permit_100465982 issued July 2013; December 2014 contemporary completion reporting; https://www.chicagomag.com/real-estate/december-2014/these-riverfront-town-homes-wont-be-on-the-market-long/; original MLS listings built 2014; user approval September 9 2026,,,,,,
residential,residential_14301180570000,residential_14301180570000,project_identity,construction_year,,2014,,,,,,2012,,,,,,,User approved 2014 completion proxy for the fifteen separately recorded Oakley townhomes; retain individual Assessor measurements.,permit_100465982 issued July 2013; December 2014 contemporary completion reporting; https://www.chicagomag.com/real-estate/december-2014/these-riverfront-town-homes-wont-be-on-the-market-long/; original MLS listings built 2014; user approval September 9 2026,,,,,,
residential,residential_14301180580000,residential_14301180580000,project_identity,construction_year,,2014,,,,,,2012,,,,,,,User approved 2014 completion proxy for the fifteen separately recorded Oakley townhomes; retain individual Assessor measurements.,permit_100465982 issued July 2013; December 2014 contemporary completion reporting; https://www.chicagomag.com/real-estate/december-2014/these-riverfront-town-homes-wont-be-on-the-market-long/; original MLS listings built 2014; user approval September 9 2026,,,,,,
residential,residential_14301180590000,residential_14301180590000,project_identity,construction_year,,2014,,,,,,2012,,,,,,,User approved 2014 completion proxy for the fifteen separately recorded Oakley townhomes; retain individual Assessor measurements.,permit_100465982 issued July 2013; December 2014 contemporary completion reporting; https://www.chicagomag.com/real-estate/december-2014/these-riverfront-town-homes-wont-be-on-the-market-long/; original MLS listings built 2014; user approval September 9 2026,,,,,,
residential,residential_14301180600000,residential_14301180600000,project_identity,construction_year,,2014,,,,,,2012,,,,,,,User approved 2014 completion proxy for the fifteen separately recorded Oakley townhomes; retain individual Assessor measurements.,permit_100465982 issued July 2013; December 2014 contemporary completion reporting; https://www.chicagomag.com/real-estate/december-2014/these-riverfront-town-homes-wont-be-on-the-market-long/; original MLS listings built 2014; user approval September 9 2026,,,,,,
residential,residential_14301180610000,residential_14301180610000,project_identity,construction_year,,2014,,,,,,2012,,,,,,,User approved 2014 completion proxy for the fifteen separately recorded Oakley townhomes; retain individual Assessor measurements.,permit_100465982 issued July 2013; December 2014 contemporary completion reporting; https://www.chicagomag.com/real-estate/december-2014/these-riverfront-town-homes-wont-be-on-the-market-long/; original MLS listings built 2014; user approval September 9 2026,,,,,,
residential,residential_14301180620000,residential_14301180620000,project_identity,construction_year,,2014,,,,,,2012,,,,,,,User approved 2014 completion proxy for the fifteen separately recorded Oakley townhomes; retain individual Assessor measurements.,permit_100465982 issued July 2013; December 2014 contemporary completion reporting; https://www.chicagomag.com/real-estate/december-2014/these-riverfront-town-homes-wont-be-on-the-market-long/; original MLS listings built 2014; user approval September 9 2026,,,,,,
residential,residential_14301180630000,residential_14301180630000,project_identity,construction_year,,2014,,,,,,2012,,,,,,,User approved 2014 completion proxy for the fifteen separately recorded Oakley townhomes; retain individual Assessor measurements.,permit_100465982 issued July 2013; December 2014 contemporary completion reporting; https://www.chicagomag.com/real-estate/december-2014/these-riverfront-town-homes-wont-be-on-the-market-long/; original MLS listings built 2014; user approval September 9 2026,,,,,,
residential,residential_14301180640000,residential_14301180640000,project_identity,construction_year,,2014,,,,,,2012,,,,,,,User approved 2014 completion proxy for the fifteen separately recorded Oakley townhomes; retain individual Assessor measurements.,permit_100465982 issued July 2013; December 2014 contemporary completion reporting; https://www.chicagomag.com/real-estate/december-2014/these-riverfront-town-homes-wont-be-on-the-market-long/; original MLS listings built 2014; user approval September 9 2026,,,,,,
residential,residential_14301180650000,residential_14301180650000,project_identity,construction_year,,2014,,,,,,2012,,,,,,,User approved 2014 completion proxy for the fifteen separately recorded Oakley townhomes; retain individual Assessor measurements.,permit_100465982 issued July 2013; December 2014 contemporary completion reporting; https://www.chicagomag.com/real-estate/december-2014/these-riverfront-town-homes-wont-be-on-the-market-long/; original MLS listings built 2014; user approval September 9 2026,,,,,,
residential,residential_14301180660000,residential_14301180660000,project_identity,construction_year,,2014,,,,,,2012,,,,,,,User approved 2014 completion proxy for the fifteen separately recorded Oakley townhomes; retain individual Assessor measurements.,permit_100465982 issued July 2013; December 2014 contemporary completion reporting; https://www.chicagomag.com/real-estate/december-2014/these-riverfront-town-homes-wont-be-on-the-market-long/; original MLS listings built 2014; user approval September 9 2026,,,,,,
residential,residential_14301180670000,residential_14301180670000,project_identity,construction_year,,2014,,,,,,2012,,,,,,,User approved 2014 completion proxy for the fifteen separately recorded Oakley townhomes; retain individual Assessor measurements.,permit_100465982 issued July 2013; December 2014 contemporary completion reporting; https://www.chicagomag.com/real-estate/december-2014/these-riverfront-town-homes-wont-be-on-the-market-long/; original MLS listings built 2014; user approval September 9 2026,,,,,,
residential,residential_14301180680000,residential_14301180680000,project_identity,construction_year,,2014,,,,,,2012,,,,,,,User approved 2014 completion proxy for the fifteen separately recorded Oakley townhomes; retain individual Assessor measurements.,permit_100465982 issued July 2013; December 2014 contemporary completion reporting; https://www.chicagomag.com/real-estate/december-2014/these-riverfront-town-homes-wont-be-on-the-market-long/; original MLS listings built 2014; user approval September 9 2026,,,,,,
residential,residential_14293010050000,residential_14293010050000,project_identity,construction_year,,2017,,,,,,2021,,,,,,,User approved2017 completion proxy for1513 and1517Diversey; retain separate six-flat and its Assessor measurements.,permit_100580959/https://www.loopnet.com/Listing/1513-1517-W-Diversey-Pky-Chicago-IL/20030790/; user approval September9 2026,,,,,,
residential,residential_17293300010000,residential_17293300010000,project_identity,construction_year,,2011,,,,,,2008,,,,,,,User-approved completion proxy supported by new-building permits and dated original sales or listing construction years; preserve individual home measurements.,User approval 2026-09-09; release_review.md September9 three-site focused review; Riverbend Estates exact-address permits and original property listings,,,,,,
residential,residential_17293300020000,residential_17293300020000,project_identity,construction_year,,2011,,,,,,2008,,,,,,,User-approved completion proxy supported by new-building permits and dated original sales or listing construction years; preserve individual home measurements.,User approval 2026-09-09; release_review.md September9 three-site focused review; Riverbend Estates exact-address permits and original property listings,,,,,,
residential,residential_17293300030000,residential_17293300030000,project_identity,construction_year,,2011,,,,,,2008,,,,,,,User-approved completion proxy supported by new-building permits and dated original sales or listing construction years; preserve individual home measurements.,User approval 2026-09-09; release_review.md September9 three-site focused review; Riverbend Estates exact-address permits and original property listings,,,,,,
residential,residential_17293300050000,residential_17293300050000,project_identity,construction_year,,2011,,,,,,2008,,,,,,,User-approved completion proxy supported by new-building permits and dated original sales or listing construction years; preserve individual home measurements.,User approval 2026-09-09; release_review.md September9 three-site focused review; Riverbend Estates exact-address permits and original property listings,,,,,,
residential,residential_17293300060000,residential_17293300060000,project_identity,construction_year,,2011,,,,,,2008,,,,,,,User-approved completion proxy supported by new-building permits and dated original sales or listing construction years; preserve individual home measurements.,User approval 2026-09-09; release_review.md September9 three-site focused review; Riverbend Estates exact-address permits and original property listings,,,,,,
residential,residential_17293300040000,residential_17293300040000,project_identity,construction_year,,2012,,,,,,2010,,,,,,,User-approved completion proxy supported by new-building permits and dated original sales or listing construction years; preserve individual home measurements.,User approval 2026-09-09; release_review.md September9 three-site focused review; Riverbend Estates exact-address permits and original property listings,,,,,,
residential,residential_17293100550000,residential_17293100550000,project_identity,construction_year,,2013,,,,,,2011,,,,,,,User-approved completion proxy supported by new-building permits and dated original sales or listing construction years; preserve individual home measurements.,User approval 2026-09-09; release_review.md September9 three-site focused review; Riverbend Estates exact-address permits and original property listings,,,,,,
residential,residential_17293100560000,residential_17293100560000,project_identity,construction_year,,2013,,,,,,2011,,,,,,,User-approved completion proxy supported by new-building permits and dated original sales or listing construction years; preserve individual home measurements.,User approval 2026-09-09; release_review.md September9 three-site focused review; Riverbend Estates exact-address permits and original property listings,,,,,,
residential,residential_17293100570000,residential_17293100570000,project_identity,construction_year,,2013,,,,,,2011,,,,,,,User-approved completion proxy supported by new-building permits and dated original sales or listing construction years; preserve individual home measurements.,User approval 2026-09-09; release_review.md September9 three-site focused review; Riverbend Estates exact-address permits and original property listings,,,,,,
residential,residential_17293100580000,residential_17293100580000,project_identity,construction_year,,2013,,,,,,2011,,,,,,,User-approved completion proxy supported by new-building permits and dated original sales or listing construction years; preserve individual home measurements.,User approval 2026-09-09; release_review.md September9 three-site focused review; Riverbend Estates exact-address permits and original property listings,,,,,,
residential,residential_17293300180000,residential_17293300180000,project_identity,construction_year,,2013,,,,,,2011,,,,,,,User-approved completion proxy supported by new-building permits and dated original sales or listing construction years; preserve individual home measurements.,User approval 2026-09-09; release_review.md September9 three-site focused review; Riverbend Estates exact-address permits and original property listings,,,,,,
residential,residential_17324081410000,residential_17324081410000,project_identity,construction_year,,2017,,,,,,2016,,,,,,,User-approved completion proxy supported by new-building permits and dated original sales or listing construction years; preserve individual home measurements.,User approval 2026-09-09; release_review.md September9 three-site focused review; permits100647591_100717485; MRED10513474_11707858,,,,,,
residential,residential_17324081420000,residential_17324081420000,project_identity,construction_year,,2017,,,,,,2016,,,,,,,User-approved completion proxy supported by new-building permits and dated original sales or listing construction years; preserve individual home measurements.,User approval 2026-09-09; release_review.md September9 three-site focused review; permits100647591_100717485; MRED10513474_11707858,,,,,,
residential,residential_17324081430000,residential_17324081430000,project_identity,construction_year,,2017,,,,,,2016,,,,,,,User-approved completion proxy supported by new-building permits and dated original sales or listing construction years; preserve individual home measurements.,User approval 2026-09-09; release_review.md September9 three-site focused review; permits100647591_100717485; MRED10513474_11707858,,,,,,
residential,residential_17324081440000,residential_17324081440000,project_identity,construction_year,,2017,,,,,,2016,,,,,,,User-approved completion proxy supported by new-building permits and dated original sales or listing construction years; preserve individual home measurements.,User approval 2026-09-09; release_review.md September9 three-site focused review; permits100647591_100717485; MRED10513474_11707858,,,,,,
residential,residential_17324081450000,residential_17324081450000,project_identity,construction_year,,2017,,,,,,2016,,,,,,,User-approved completion proxy supported by new-building permits and dated original sales or listing construction years; preserve individual home measurements.,User approval 2026-09-09; release_review.md September9 three-site focused review; permits100647591_100717485; MRED10513474_11707858,,,,,,
residential,residential_17324081460000,residential_17324081460000,project_identity,construction_year,,2017,,,,,,2016,,,,,,,User-approved completion proxy supported by new-building permits and dated original sales or listing construction years; preserve individual home measurements.,User approval 2026-09-09; release_review.md September9 three-site focused review; permits100647591_100717485; MRED10513474_11707858,,,,,,
residential,residential_17324081470000,residential_17324081470000,project_identity,construction_year,,2017,,,,,,2016,,,,,,,User-approved completion proxy supported by new-building permits and dated original sales or listing construction years; preserve individual home measurements.,User approval 2026-09-09; release_review.md September9 three-site focused review; permits100647591_100717485; MRED10513474_11707858,,,,,,
residential,residential_17333050410000,residential_17333050410000,project_identity,construction_year,,2016,,,,,,2014,,,,,,,User-approved completion-year proxy; retain individual Assessor measurements,User approval 2026-09-09; working_paper_release_audit/release_review.md September 9 firmer recommendations; original listings and City permit/inspection history,,,,,,
residential,residential_17333050420000,residential_17333050420000,project_identity,construction_year,,2017,,,,,,2014,,,,,,,User-approved completion-year proxy; retain individual Assessor measurements,User approval 2026-09-09; working_paper_release_audit/release_review.md September 9 firmer recommendations; original listings and City permit/inspection history,,,,,,
residential,residential_17333050430000,residential_17333050430000,project_identity,construction_year,,2016,,,,,,2015,,,,,,,User-approved completion-year proxy; retain individual Assessor measurements,User approval 2026-09-09; working_paper_release_audit/release_review.md September 9 firmer recommendations; original listings and City permit/inspection history,,,,,,
residential,residential_17333050440000,residential_17333050440000,project_identity,construction_year,,2016,,,,,,2014,,,,,,,User-approved completion-year proxy; retain individual Assessor measurements,User approval 2026-09-09; working_paper_release_audit/release_review.md September 9 firmer recommendations; original listings and City permit/inspection history,,,,,,
residential,residential_17333050450000,residential_17333050450000,project_identity,construction_year,,2016,,,,,,2014,,,,,,,User-approved completion-year proxy; retain individual Assessor measurements,User approval 2026-09-09; working_paper_release_audit/release_review.md September 9 firmer recommendations; original listings and City permit/inspection history,,,,,,
residential,residential_17333050460000,residential_17333050460000,project_identity,construction_year,,2016,,,,,,2014,,,,,,,User-approved completion-year proxy; retain individual Assessor measurements,User approval 2026-09-09; working_paper_release_audit/release_review.md September 9 firmer recommendations; original listings and City permit/inspection history,,,,,,
residential,residential_19192130240000,residential_19192130240000,project_identity,construction_year,,2013,,,,,,2006,,,,,,,User-approved completion-year proxy; retain individual Assessor measurements,User approval 2026-09-09; working_paper_release_audit/release_review.md September 9 firmer recommendations; original listings and City permit/inspection history,,,,,,
residential,residential_19192130250000,residential_19192130250000,project_identity,construction_year,,2013,,,,,,2006,,,,,,,User-approved completion-year proxy; retain individual Assessor measurements,User approval 2026-09-09; working_paper_release_audit/release_review.md September 9 firmer recommendations; original listings and City permit/inspection history,,,,,,
residential,residential_19192130260000,residential_19192130260000,project_identity,construction_year,,2013,,,,,,2006,,,,,,,User-approved completion-year proxy; retain individual Assessor measurements,User approval 2026-09-09; working_paper_release_audit/release_review.md September 9 firmer recommendations; original listings and City permit/inspection history,,,,,,
residential,residential_19192130270000,residential_19192130270000,project_identity,construction_year,,2013,,,,,,2006,,,,,,,User-approved completion-year proxy; retain individual Assessor measurements,User approval 2026-09-09; working_paper_release_audit/release_review.md September 9 firmer recommendations; original listings and City permit/inspection history,,,,,,
residential,residential_19192130280000,residential_19192130280000,project_identity,construction_year,,2013,,,,,,2006,,,,,,,User-approved completion-year proxy; retain individual Assessor measurements,User approval 2026-09-09; working_paper_release_audit/release_review.md September 9 firmer recommendations; original listings and City permit/inspection history,,,,,,
residential,residential_20024000770000,residential_20024000770000,project_identity,construction_year,,2010,,,,,,2008,,,,,,,User-approved completion-year proxy; retain individual Assessor measurements,User approval 2026-09-09; working_paper_release_audit/release_review.md September 9 firmer recommendations; original listings and City permit/inspection history,,,,,,
residential,residential_20024000780000,residential_20024000780000,project_identity,construction_year,,2009,,,,,,2008,,,,,,,User-approved completion-year proxy; retain individual Assessor measurements,User approval 2026-09-09; working_paper_release_audit/release_review.md September 9 firmer recommendations; original listings and City permit/inspection history,,,,,,
residential,residential_20024000790000,residential_20024000790000,project_identity,construction_year,,2010,,,,,,2008,,,,,,,User-approved completion-year proxy; retain individual Assessor measurements,User approval 2026-09-09; working_paper_release_audit/release_review.md September 9 firmer recommendations; original listings and City permit/inspection history,,,,,,
residential,residential_16133150550000,residential_16133150550000,project_identity,construction_year,,2010,,,,,,2008,,,,,,,Three separately measured Polk three-flats; 2009 new-building permits and first completed assessments in 2010 contradict 2008.,permits_100274822_100274824_100312779; user approval 2026-09-09,,,,,,
residential,residential_16133150560000,residential_16133150560000,project_identity,construction_year,,2010,,,,,,2008,,,,,,,Three separately measured Polk three-flats; 2009 new-building permits and first completed assessments in 2010 contradict 2008.,permits_100274822_100274824_100312779; user approval 2026-09-09,,,,,,
residential,residential_16133150570000,residential_16133150570000,project_identity,construction_year,,2010,,,,,,2008,,,,,,,Three separately measured Polk three-flats; 2009 new-building permits and first completed assessments in 2010 contradict 2008.,permits_100274822_100274824_100312779; user approval 2026-09-09,,,,,,
residential,residential_17324080800000,residential_17324080800000,project_identity,construction_year,,2013,,,,,,2011,,,,,,,Keep each Lexington townhouse separate. Use its row final inspection as an approved completion proxy; some individual homes sold before the row final inspection.,permits_100424830_100424643_100424836_100424838_100424841; user approval 2026-09-09,,,,,,
residential,residential_17324080810000,residential_17324080810000,project_identity,construction_year,,2013,,,,,,2011,,,,,,,Keep each Lexington townhouse separate. Use its row final inspection as an approved completion proxy; some individual homes sold before the row final inspection.,permits_100424830_100424643_100424836_100424838_100424841; user approval 2026-09-09,,,,,,
residential,residential_17324080820000,residential_17324080820000,project_identity,construction_year,,2013,,,,,,2011,,,,,,,Keep each Lexington townhouse separate. Use its row final inspection as an approved completion proxy; some individual homes sold before the row final inspection.,permits_100424830_100424643_100424836_100424838_100424841; user approval 2026-09-09,,,,,,
residential,residential_17324080830000,residential_17324080830000,project_identity,construction_year,,2013,,,,,,2011,,,,,,,Keep each Lexington townhouse separate. Use its row final inspection as an approved completion proxy; some individual homes sold before the row final inspection.,permits_100424830_100424643_100424836_100424838_100424841; user approval 2026-09-09,,,,,,
residential,residential_17324080840000,residential_17324080840000,project_identity,construction_year,,2013,,,,,,2011,,,,,,,Keep each Lexington townhouse separate. Use its row final inspection as an approved completion proxy; some individual homes sold before the row final inspection.,permits_100424830_100424643_100424836_100424838_100424841; user approval 2026-09-09,,,,,,
residential,residential_17324080850000,residential_17324080850000,project_identity,construction_year,,2013,,,,,,2011,,,,,,,Keep each Lexington townhouse separate. Use its row final inspection as an approved completion proxy; some individual homes sold before the row final inspection.,permits_100424830_100424643_100424836_100424838_100424841; user approval 2026-09-09,,,,,,
residential,residential_17324080860000,residential_17324080860000,project_identity,construction_year,,2014,,,,,,2011,,,,,,,Keep each Lexington townhouse separate. Use its row final inspection as an approved completion proxy; some individual homes sold before the row final inspection.,permits_100424830_100424643_100424836_100424838_100424841; user approval 2026-09-09,,,,,,
residential,residential_17324080870000,residential_17324080870000,project_identity,construction_year,,2014,,,,,,2011,,,,,,,Keep each Lexington townhouse separate. Use its row final inspection as an approved completion proxy; some individual homes sold before the row final inspection.,permits_100424830_100424643_100424836_100424838_100424841; user approval 2026-09-09,,,,,,
residential,residential_17324080880000,residential_17324080880000,project_identity,construction_year,,2014,,,,,,2011,,,,,,,Keep each Lexington townhouse separate. Use its row final inspection as an approved completion proxy; some individual homes sold before the row final inspection.,permits_100424830_100424643_100424836_100424838_100424841; user approval 2026-09-09,,,,,,
residential,residential_17324080890000,residential_17324080890000,project_identity,construction_year,,2014,,,,,,2011,,,,,,,Keep each Lexington townhouse separate. Use its row final inspection as an approved completion proxy; some individual homes sold before the row final inspection.,permits_100424830_100424643_100424836_100424838_100424841; user approval 2026-09-09,,,,,,
residential,residential_17324080900000,residential_17324080900000,project_identity,construction_year,,2014,,,,,,2011,,,,,,,Keep each Lexington townhouse separate. Use its row final inspection as an approved completion proxy; some individual homes sold before the row final inspection.,permits_100424830_100424643_100424836_100424838_100424841; user approval 2026-09-09,,,,,,
residential,residential_17324080910000,residential_17324080910000,project_identity,construction_year,,2014,,,,,,2011,,,,,,,Keep each Lexington townhouse separate. Use its row final inspection as an approved completion proxy; some individual homes sold before the row final inspection.,permits_100424830_100424643_100424836_100424838_100424841; user approval 2026-09-09,,,,,,
residential,residential_17324080920000,residential_17324080920000,project_identity,construction_year,,2014,,,,,,2011,,,,,,,Keep each Lexington townhouse separate. Use its row final inspection as an approved completion proxy; some individual homes sold before the row final inspection.,permits_100424830_100424643_100424836_100424838_100424841; user approval 2026-09-09,,,,,,
residential,residential_17324080930000,residential_17324080930000,project_identity,construction_year,,2014,,,,,,2011,,,,,,,Keep each Lexington townhouse separate. Use its row final inspection as an approved completion proxy; some individual homes sold before the row final inspection.,permits_100424830_100424643_100424836_100424838_100424841; user approval 2026-09-09,,,,,,
residential,residential_17324080940000,residential_17324080940000,project_identity,construction_year,,2014,,,,,,2011,,,,,,,Keep each Lexington townhouse separate. Use its row final inspection as an approved completion proxy; some individual homes sold before the row final inspection.,permits_100424830_100424643_100424836_100424838_100424841; user approval 2026-09-09,,,,,,
residential,residential_17324080950000,residential_17324080950000,project_identity,construction_year,,2014,,,,,,2011,,,,,,,Keep each Lexington townhouse separate. Use its row final inspection as an approved completion proxy; some individual homes sold before the row final inspection.,permits_100424830_100424643_100424836_100424838_100424841; user approval 2026-09-09,,,,,,
residential,residential_17324080960000,residential_17324080960000,project_identity,construction_year,,2014,,,,,,2011,,,,,,,Keep each Lexington townhouse separate. Use its row final inspection as an approved completion proxy; some individual homes sold before the row final inspection.,permits_100424830_100424643_100424836_100424838_100424841; user approval 2026-09-09,,,,,,
residential,residential_17324080970000,residential_17324080970000,project_identity,construction_year,,2013,,,,,,2011,,,,,,,Keep each Lexington townhouse separate. Use its row final inspection as an approved completion proxy; some individual homes sold before the row final inspection.,permits_100424830_100424643_100424836_100424838_100424841; user approval 2026-09-09,,,,,,
residential,residential_17324080980000,residential_17324080980000,project_identity,construction_year,,2013,,,,,,2011,,,,,,,Keep each Lexington townhouse separate. Use its row final inspection as an approved completion proxy; some individual homes sold before the row final inspection.,permits_100424830_100424643_100424836_100424838_100424841; user approval 2026-09-09,,,,,,
residential,residential_17324080990000,residential_17324080990000,project_identity,construction_year,,2013,,,,,,2011,,,,,,,Keep each Lexington townhouse separate. Use its row final inspection as an approved completion proxy; some individual homes sold before the row final inspection.,permits_100424830_100424643_100424836_100424838_100424841; user approval 2026-09-09,,,,,,
residential,residential_17324081000000,residential_17324081000000,project_identity,construction_year,,2014,,,,,,2011,,,,,,,Keep each Lexington townhouse separate. Use its row final inspection as an approved completion proxy; some individual homes sold before the row final inspection.,permits_100424830_100424643_100424836_100424838_100424841; user approval 2026-09-09,,,,,,
residential,residential_17324081010000,residential_17324081010000,project_identity,construction_year,,2014,,,,,,2011,,,,,,,Keep each Lexington townhouse separate. Use its row final inspection as an approved completion proxy; some individual homes sold before the row final inspection.,permits_100424830_100424643_100424836_100424838_100424841; user approval 2026-09-09,,,,,,
residential,residential_17324081020000,residential_17324081020000,project_identity,construction_year,,2014,,,,,,2011,,,,,,,Keep each Lexington townhouse separate. Use its row final inspection as an approved completion proxy; some individual homes sold before the row final inspection.,permits_100424830_100424643_100424836_100424838_100424841; user approval 2026-09-09,,,,,,
residential,residential_17324081030000,residential_17324081030000,project_identity,construction_year,,2014,,,,,,2011,,,,,,,Keep each Lexington townhouse separate. Use its row final inspection as an approved completion proxy; some individual homes sold before the row final inspection.,permits_100424830_100424643_100424836_100424838_100424841; user approval 2026-09-09,,,,,,
residential,residential_17083340510000,residential_17083340510000,project_identity,construction_year,,2010,,,,,,2008,,,,,,,17 N Bishop is a separate four-flat; listing evidence supports the approved 2010 completion proxy.,permit_100197052/listing_MLS_12016772; user approval 2026-09-09,,,,,,
residential,residential_17083340500000,residential_17083340500000,project_identity,construction_year,,2011,,,,,,2008,,,,,,,19 N Bishop is exact current parcel 1708334050. Passed February 2011 construction inspection supplies the user-approved completion proxy.,permit_100197079/inspection_2011_02_10; user approval 2026-09-09,,,,,,
residential,residential_17072080510000,residential_17072080510000,project_identity,construction_year,,2014,,,,,,2011,,,,,,,A permit applied for in 2013 describes the six-unit new building and property records report 2014; the Assessor's 2011 year predates the permit.,100507436,,,,,,
residential,residential_tieback_17072080250000,residential_tieback_17072080250000,project_identity,construction_year,,2014,,,,,,2011,,,,,,,A permit applied for in 2013 describes the six-unit new building and property records report 2014; the Assessor's 2011 year predates the permit.,100507475,,,,,,
residential,residential_17072120520000,residential_17072120520000,project_identity,construction_year,,2014,,,,,,2012,,,,,,,A permit applied for in 2013 describes the six-unit new building and property records report 2014; the Assessor's 2012 year predates the permit.,100507392,,,,,,
residential,residential_25173040490000,residential_25173040490000,project_identity,construction_year,,2009,,,,,,2013,,,,,,,The 2007 permit identifies the four-unit new building and property records report completion around 2009; the Assessor's 2013 year is too late.,100182858,,,,,,
residential,residential_13254270240000,residential_13254270240000,project_identity,construction_year,,2016,,,,,,2015,,,,,,,The completed building is consistently reported as built in 2016; the Assessor's selected 2015 year is one year early.,project_manual_reviews.csv:residential_13254270240000,,,,,,
residential,residential_20034190280000,residential_20034190280000,project_identity,construction_year,,2014,,,,,,2013,,,,,,,The 2006 prototype permit was reinstated in 2013 after a change in ownership and contractors. MLS records identify the completed three-unit building as 2014 construction.,100105194/100494941,,,,,,
residential,residential_tieback_17072120260000,residential_tieback_17072120260000,project_identity,construction_year,,2014,,,,,,2011,,,,,,,The permit was issued in late 2013 and MLS records identify the six-unit building as 2014 construction.,100507411,,,,,,
residential,residential_16113040410000,residential_16113040410000,project_identity,construction_year,,2008,,,,,,2006,,,,,,,The exact parcel record confirms a three-unit building and the MLS dates it to 2008. The Assessor's 2006 year is corrected to the independently reported completion year.,https://www.realtor.com/realestateandhomes-detail/306-N-Hamlin-Ave_Chicago_IL_60624_M85388-25076,,,,,,
residential,residential_20034010280000,residential_20034010280000,project_identity,construction_year,,2007,,,,,,2006,,,,,,,"The whole-building MLS record identifies three units completed in 2007, correcting the Assessor's four-unit count and 2006 year.",https://www.compass.com/building/4318-s-forrestville-ave-chicago-il-60653/592876679982812709/,,,,,,
residential,residential_20113140040000,residential_20113140040000,project_identity,construction_year,,2018,,,,,,2014,,,,,,,Whole-building and unit-level MLS records consistently date the four-unit condominium building to 2018 rather than the Assessor's selected 2015 year.,https://www.compass.com/building/5317-s-maryland-ave-chicago-il-60615/593142463749414757/,,,,,,
residential,residential_14194010470000,residential_14194010470000,project_identity,construction_year,,2007,,,,,,2006,,,,,,,The City issued a new-building permit in August 2006 and the completed home is reported as built in 2007. The Assessor selected 2006.,100113290,,,,,,
residential,residential_20211290250000,residential_20211290250000,project_identity,construction_year,,2008,,,,,,2006,,,,,,,The completed home is reported as built in 2008 with the same area fields. The Assessor selected 2006.,https://www.redfin.com/IL/Chicago/6613-S-Normal-Blvd-60621/home/40373090,,,,,,
residential,residential_14201130530000,residential_14201130530000,project_identity,construction_year,,2006,,,,,,2008,,,,,,,The home is reported as built in 2006 and was marketed and sold by 2007. The Assessor selected 2008.,https://www.zillow.com/homedetails/3752-N-Janssen-Ave-Chicago-IL-60613/89897007_zpid/,,,,,,
residential,residential_16354070670000,residential_16354070670000,project_identity,construction_year,,2009,,,,,,2008,,,,,,,"The exact unit record reports a 2009 townhouse with the same area fields. Neighboring units carry nearby but inconsistent years, so the correction is medium confidence.",https://ilfls.com/listing/3533-w-38th-st-chicago-il-60632-651363,,,,,,
residential,residential_17091190240000,residential_17091190240000,project_identity,construction_year,,2006,,,,,,2008,,,,,,,"The exact PIN is reported as a 7,910-square-foot home built in 2006 and sold in 2007. The Assessor selected 2008.",https://www.countyoffice.org/n-kingsbury-st-chicago-il-property-records/,,,,,,
residential,residential_20041280450000,residential_20041280450000,project_identity,construction_year,,2006,,,,,,2008,,,,,,,The City issued a 2006 exact-address permit for a new two-story single-family residence. A 2008 listing describes the home as two years old. The Assessor selected 2008.,100121909,,,,,,
residential,residential_13124111250000,residential_13124111250000,project_identity,construction_year,,2008,,,,,,2010,,,,,,,The home was listed by 2007 and is reported as built in 2008. The Assessor selected 2010 after revising its reported year.,https://www.redfin.com/IL/Chicago/5007-N-Lincoln-Ave-60625/unit-1/home/18501486,,,,,,
residential,residential_17072080540000,residential_17072080540000,project_identity,construction_year,,2014,,,,,,2011,,,,,,,The City issued an exact-address permit in March 2014 to erect a new three-story single-family residence. The Assessor selected 2011.,100524262,,,,,,
residential,residential_16024080460000,residential_16024080460000,project_identity,construction_year,,2014,,,,,,2016,,,,,,,"The City issued a 2013 exact-site permit for a new single-family residence, and the completed home sold in January 2014. The Assessor selected 2016.",100494203,,,,,,
residential,residential_13354000470000,residential_13354000470000,project_identity,construction_year,,2018,,,,,,2019,,,,,,,The City issued a new-house permit in 2017 and the exact PIN record reports the completed home as built in 2018. The Assessor selected 2019.,100713067,,,,,,
residential,residential_17293030050000,residential_17293030050000,project_identity,construction_year,,2020,,,,,,2019,,,,,,,This unit is part of a documented 17-townhome development delivered in 2020. The Assessor selected 2019.,https://www.compass.com/building/1501-w-fuller-st-chicago-il-60608/592770053292385485/,,,,,,
residential,residential_17293030060000,residential_17293030060000,project_identity,construction_year,,2020,,,,,,2019,,,,,,,This unit is part of a documented 17-townhome development delivered in 2020. The Assessor selected 2019.,https://www.compass.com/building/1501-w-fuller-st-chicago-il-60608/592770053292385485/,,,,,,
residential,residential_17293030070000,residential_17293030070000,project_identity,construction_year,,2020,,,,,,2019,,,,,,,This unit is part of a documented 17-townhome development delivered in 2020. The Assessor selected 2019.,https://www.compass.com/building/1501-w-fuller-st-chicago-il-60608/592770053292385485/,,,,,,
residential,residential_17293030080000,residential_17293030080000,project_identity,construction_year,,2020,,,,,,2019,,,,,,,This unit is part of a documented 17-townhome development delivered in 2020. The Assessor selected 2019.,https://www.compass.com/building/1501-w-fuller-st-chicago-il-60608/592770053292385485/,,,,,,
residential,residential_17293030090000,residential_17293030090000,project_identity,construction_year,,2020,,,,,,2019,,,,,,,This unit is part of a documented 17-townhome development delivered in 2020. The Assessor selected 2019.,https://www.compass.com/building/1501-w-fuller-st-chicago-il-60608/592770053292385485/,,,,,,
residential,residential_17293030100000,residential_17293030100000,project_identity,construction_year,,2020,,,,,,2019,,,,,,,This unit is part of a documented 17-townhome development delivered in 2020. The Assessor selected 2019.,https://www.compass.com/building/1501-w-fuller-st-chicago-il-60608/592770053292385485/,,,,,,
residential,residential_17293030110000,residential_17293030110000,project_identity,construction_year,,2020,,,,,,2019,,,,,,,This unit is part of a documented 17-townhome development delivered in 2020. The Assessor selected 2019.,https://www.compass.com/building/1501-w-fuller-st-chicago-il-60608/592770053292385485/,,,,,,
residential,residential_17293030120000,residential_17293030120000,project_identity,construction_year,,2020,,,,,,2019,,,,,,,This unit is part of a documented 17-townhome development delivered in 2020. The Assessor selected 2019.,https://www.compass.com/building/1501-w-fuller-st-chicago-il-60608/592770053292385485/,,,,,,
residential,residential_17293030130000,residential_17293030130000,project_identity,construction_year,,2020,,,,,,2019,,,,,,,This unit is part of a documented 17-townhome development delivered in 2020. The Assessor selected 2019.,https://www.compass.com/building/1501-w-fuller-st-chicago-il-60608/592770053292385485/,,,,,,
residential,residential_17293030140000,residential_17293030140000,project_identity,construction_year,,2020,,,,,,2019,,,,,,,This unit is part of a documented 17-townhome development delivered in 2020. The Assessor selected 2019.,https://www.compass.com/building/1501-w-fuller-st-chicago-il-60608/592770053292385485/,,,,,,
residential,residential_17293030150000,residential_17293030150000,project_identity,construction_year,,2020,,,,,,2019,,,,,,,This unit is part of a documented 17-townhome development delivered in 2020. The Assessor selected 2019.,https://www.compass.com/building/1501-w-fuller-st-chicago-il-60608/592770053292385485/,,,,,,
residential,residential_17293030160000,residential_17293030160000,project_identity,construction_year,,2020,,,,,,2019,,,,,,,This unit is part of a documented 17-townhome development delivered in 2020. The Assessor selected 2019.,https://www.compass.com/building/1501-w-fuller-st-chicago-il-60608/592770053292385485/,,,,,,
residential,residential_19174170050000,residential_19174170050000,project_identity,construction_year,,2006,,,,,,2007,,,,,,,"The parcel sold as land in November 2005, and the first Assessor record reports a 2006 building with the same physical characteristics retained thereafter. Later Assessor records alternately report 2007 and 2009, so 2006 is retained with medium confidence.",533235396,,,,,,
residential,residential_19201120560000,residential_19201120560000,project_identity,construction_year,,2006,,,,,,2008,,,,,,,Contemporaneous property records identify the townhouse development as built in 2006. The Assessor reported 2006 until revising the year to 2008 in 2022.,https://www.zillow.com/homedetails/6448-S-Mobile-Ave-UNIT-1W-Chicago-IL-60638/80813076_zpid/,,,,,,
residential,residential_13321220070000,residential_13321220070000,project_identity,construction_year,,2007,,,,,,2009,,,,,,,"The parcel sold as land in April 2006 and as land plus building in August 2007. The Assessor first reported 2008 and later revised the year to 2009, but the completed-building sale establishes 2007.",612842019/724922008,,,,,,
residential,residential_13231280470000,residential_13231280470000,project_identity,construction_year,,2010,,,,,,2008,,,,,,,"The Assessor reports 2008, but the exact-address City permit authorizing the new residence was filed in 2010. The project cannot predate that permit, so the permit application year is used.",100336986,,,,,,
residential,residential_16364290100000,residential_16364290100000,project_identity,construction_year,,2016,,,,,,2014,,,,,,,"The Assessor reports 2014, but the exact-address City permit authorizing the new residence was filed in 2016. The project cannot predate that permit, so the permit application year is used.",100639853,,,,,,
residential,residential_16364290120000,residential_16364290120000,project_identity,construction_year,,2016,,,,,,2014,,,,,,,"The Assessor reports 2014, but the exact-address City permit authorizing the new residence was filed in 2016. The project cannot predate that permit, so the permit application year is used.",100639871,,,,,,
residential,residential_19192150180000,residential_19192150180000,project_identity,construction_year,,2016,,,,,,2014,,,,,,,"The Assessor reports 2014, but the exact-address City permit authorizing the new residence was filed in 2016. The project cannot predate that permit, so the permit application year is used.",100630583,,,,,,
residential,residential_20102110330000,residential_20102110330000,project_identity,construction_year,,2016,,,,,,2014,,,,,,,"The Assessor reports 2014, but the exact-address City permit authorizing the new residence was filed in 2016. The project cannot predate that permit, so the permit application year is used.",100632038,,,,,,
residential,residential_25171220300000,residential_25171220300000,project_identity,construction_year,,2016,,,,,,2014,,,,,,,"The Assessor reports 2014, but the exact-address City permit authorizing the new residence was filed in 2016. The project cannot predate that permit, so the permit application year is used.",100638729,,,,,,
residential,residential_16013130430000,residential_16013130430000,project_identity,construction_year,,2009,,,,,,2006,,,,,,,Listings identify a 2009 four-unit building; the 2006 permit converted the newly developed property from three to four units.,100127343,,,,,,
residential,residential_16013130440000,residential_16013130440000,project_identity,construction_year,,2007,,,,,,2006,,,,,,,Listings identify a 2007 four-unit building; the 2006 permit converted the newly developed property from three to four units.,100127344,,,,,,
residential,residential_16013130450000,residential_16013130450000,project_identity,construction_year,,2009,,,,,,2006,,,,,,,Listings identify a 2009 four-unit building; the 2006 permit converted the newly developed property from three to four units.,100126945,,,,,,
residential,residential_16123250060000,residential_16123250060000,project_identity,construction_year,,2008,,,,,,2006,,,,,,,The 2008 listing identifies a new three-unit building ready for occupancy; the 2006 alteration record is not the completion date.,100097840,,,,,,
residential,residential_17172010120000,residential_17172010120000,project_identity,construction_year,,2004,,,,,,2006,,,,,,,Approved pre-period construction year; same building measurements recorded before selected modern year,Assessor row 1717201012000012021; matching floor and land areas already in assessment 2005; user approved correction of reviewed 37; 2026-09-10,,,,,,
residential,residential_17172010130000,residential_17172010130000,project_identity,construction_year,,2004,,,,,,2006,,,,,,,Approved pre-period construction year; same building measurements recorded before selected modern year,Assessor row 1717201013000012021; matching floor and land areas already in assessment 2005; user approved correction of reviewed 37; 2026-09-10,,,,,,
residential,residential_17172010140000,residential_17172010140000,project_identity,construction_year,,2004,,,,,,2006,,,,,,,Approved pre-period construction year; same building measurements recorded before selected modern year,Assessor row 1717201014000012021; matching floor and land areas already in assessment 2005; user approved correction of reviewed 37; 2026-09-10,,,,,,
residential,residential_17172010150000,residential_17172010150000,project_identity,construction_year,,2004,,,,,,2006,,,,,,,Approved pre-period construction year; same building measurements recorded before selected modern year,Assessor row 1717201015000012021; matching floor and land areas already in assessment 2005; user approved correction of reviewed 37; 2026-09-10,,,,,,
residential,residential_17172010160000,residential_17172010160000,project_identity,construction_year,,2004,,,,,,2006,,,,,,,Approved pre-period construction year; same building measurements recorded before selected modern year,Assessor row 1717201016000012021; matching floor and land areas already in assessment 2005; user approved correction of reviewed 37; 2026-09-10,,,,,,
residential,residential_17172010170000,residential_17172010170000,project_identity,construction_year,,2004,,,,,,2006,,,,,,,Approved pre-period construction year; same building measurements recorded before selected modern year,Assessor row 1717201017000012021; matching floor and land areas already in assessment 2005; user approved correction of reviewed 37; 2026-09-10,,,,,,
residential,residential_17172010180000,residential_17172010180000,project_identity,construction_year,,2004,,,,,,2006,,,,,,,Approved pre-period construction year; same building measurements recorded before selected modern year,Assessor row 1717201018000012021; matching floor and land areas already in assessment 2005; user approved correction of reviewed 37; 2026-09-10,,,,,,
residential,residential_17172010190000,residential_17172010190000,project_identity,construction_year,,2004,,,,,,2006,,,,,,,Approved pre-period construction year; same building measurements recorded before selected modern year,Assessor row 1717201019000012021; matching floor and land areas already in assessment 2005; user approved correction of reviewed 37; 2026-09-10,,,,,,
residential,residential_17172010200000,residential_17172010200000,project_identity,construction_year,,2004,,,,,,2006,,,,,,,Approved pre-period construction year; same building measurements recorded before selected modern year,Assessor row 1717201020000012021; matching floor and land areas already in assessment 2005; user approved correction of reviewed 37; 2026-09-10,,,,,,
residential,residential_17172010210000,residential_17172010210000,project_identity,construction_year,,2004,,,,,,2006,,,,,,,Approved pre-period construction year; same building measurements recorded before selected modern year,Assessor row 1717201021000012021; matching floor and land areas already in assessment 2005; user approved correction of reviewed 37; 2026-09-10,,,,,,
residential,residential_17172010220000,residential_17172010220000,project_identity,construction_year,,2004,,,,,,2006,,,,,,,Approved pre-period construction year; same building measurements recorded before selected modern year,Assessor row 1717201022000012021; matching floor and land areas already in assessment 2005; user approved correction of reviewed 37; 2026-09-10,,,,,,
residential,residential_17172010230000,residential_17172010230000,project_identity,construction_year,,2004,,,,,,2006,,,,,,,Approved pre-period construction year; same building measurements recorded before selected modern year,Assessor row 1717201023000012021; matching floor and land areas already in assessment 2005; user approved correction of reviewed 37; 2026-09-10,,,,,,
residential,residential_17172010240000,residential_17172010240000,project_identity,construction_year,,2004,,,,,,2006,,,,,,,Approved pre-period construction year; same building measurements recorded before selected modern year,Assessor row 1717201024000012021; matching floor and land areas already in assessment 2005; user approved correction of reviewed 37; 2026-09-10,,,,,,
residential,residential_17172010250000,residential_17172010250000,project_identity,construction_year,,2004,,,,,,2006,,,,,,,Approved pre-period construction year; same building measurements recorded before selected modern year,Assessor row 1717201025000012021; matching floor and land areas already in assessment 2005; user approved correction of reviewed 37; 2026-09-10,,,,,,
residential,residential_17172010260000,residential_17172010260000,project_identity,construction_year,,2004,,,,,,2006,,,,,,,Approved pre-period construction year; same building measurements recorded before selected modern year,Assessor row 1717201026000012021; matching floor and land areas already in assessment 2005; user approved correction of reviewed 37; 2026-09-10,,,,,,
residential,residential_17172010270000,residential_17172010270000,project_identity,construction_year,,2004,,,,,,2006,,,,,,,Approved pre-period construction year; same building measurements recorded before selected modern year,Assessor row 1717201027000012021; matching floor and land areas already in assessment 2005; user approved correction of reviewed 37; 2026-09-10,,,,,,
residential,residential_17172010280000,residential_17172010280000,project_identity,construction_year,,2005,,,,,,2006,,,,,,,Approved pre-period construction year; same building measurements recorded before selected modern year,Assessor row 1717201028000012021; matching floor and land areas already in assessment 2005; user approved correction of reviewed 37; 2026-09-10,,,,,,
residential,residential_17172010290000,residential_17172010290000,project_identity,construction_year,,2004,,,,,,2006,,,,,,,Approved pre-period construction year; same building measurements recorded before selected modern year,Assessor row 1717201029000012021; matching floor and land areas already in assessment 2005; user approved correction of reviewed 37; 2026-09-10,,,,,,
residential,residential_17172010300000,residential_17172010300000,project_identity,construction_year,,2004,,,,,,2006,,,,,,,Approved pre-period construction year; same building measurements recorded before selected modern year,Assessor row 1717201030000012021; matching floor and land areas already in assessment 2005; user approved correction of reviewed 37; 2026-09-10,,,,,,
residential,residential_17172010310000,residential_17172010310000,project_identity,construction_year,,2004,,,,,,2006,,,,,,,Approved pre-period construction year; same building measurements recorded before selected modern year,Assessor row 1717201031000012021; matching floor and land areas already in assessment 2005; user approved correction of reviewed 37; 2026-09-10,,,,,,
residential,residential_17172010320000,residential_17172010320000,project_identity,construction_year,,2004,,,,,,2006,,,,,,,Approved pre-period construction year; same building measurements recorded before selected modern year,Assessor row 1717201032000012021; matching floor and land areas already in assessment 2005; user approved correction of reviewed 37; 2026-09-10,,,,,,
residential,residential_17172010330000,residential_17172010330000,project_identity,construction_year,,2004,,,,,,2006,,,,,,,Approved pre-period construction year; same building measurements recorded before selected modern year,Assessor row 1717201033000012021; matching floor and land areas already in assessment 2005; user approved correction of reviewed 37; 2026-09-10,,,,,,
residential,residential_17172010340000,residential_17172010340000,project_identity,construction_year,,2004,,,,,,2006,,,,,,,Approved pre-period construction year; same building measurements recorded before selected modern year,Assessor row 1717201034000012021; matching floor and land areas already in assessment 2005; user approved correction of reviewed 37; 2026-09-10,,,,,,
residential,residential_17172010350000,residential_17172010350000,project_identity,construction_year,,2004,,,,,,2006,,,,,,,Approved pre-period construction year; same building measurements recorded before selected modern year,Assessor row 1717201035000012021; matching floor and land areas already in assessment 2005; user approved correction of reviewed 37; 2026-09-10,,,,,,
residential,residential_17172010360000,residential_17172010360000,project_identity,construction_year,,2004,,,,,,2006,,,,,,,Approved pre-period construction year; same building measurements recorded before selected modern year,Assessor row 1717201036000012021; matching floor and land areas already in assessment 2005; user approved correction of reviewed 37; 2026-09-10,,,,,,
residential,residential_17172010370000,residential_17172010370000,project_identity,construction_year,,2004,,,,,,2006,,,,,,,Approved pre-period construction year; same building measurements recorded before selected modern year,Assessor row 1717201037000012021; matching floor and land areas already in assessment 2005; user approved correction of reviewed 37; 2026-09-10,,,,,,
residential,residential_17172010380000,residential_17172010380000,project_identity,construction_year,,2004,,,,,,2006,,,,,,,Approved pre-period construction year; same building measurements recorded before selected modern year,Assessor row 1717201038000012021; matching floor and land areas already in assessment 2005; user approved correction of reviewed 37; 2026-09-10,,,,,,
residential,residential_17172010390000,residential_17172010390000,project_identity,construction_year,,2004,,,,,,2006,,,,,,,Approved pre-period construction year; same building measurements recorded before selected modern year,Assessor row 1717201039000012021; matching floor and land areas already in assessment 2005; user approved correction of reviewed 37; 2026-09-10,,,,,,
residential,residential_17172010400000,residential_17172010400000,project_identity,construction_year,,2004,,,,,,2006,,,,,,,Approved pre-period construction year; same building measurements recorded before selected modern year,Assessor row 1717201040000012021; matching floor and land areas already in assessment 2005; user approved correction of reviewed 37; 2026-09-10,,,,,,
residential,residential_17172010410000,residential_17172010410000,project_identity,construction_year,,2004,,,,,,2006,,,,,,,Approved pre-period construction year; same building measurements recorded before selected modern year,Assessor row 1717201041000012021; matching floor and land areas already in assessment 2005; user approved correction of reviewed 37; 2026-09-10,,,,,,
residential,residential_17172010420000,residential_17172010420000,project_identity,construction_year,,2004,,,,,,2006,,,,,,,Approved pre-period construction year; same building measurements recorded before selected modern year,Assessor row 1717201042000012021; matching floor and land areas already in assessment 2005; user approved correction of reviewed 37; 2026-09-10,,,,,,
residential,residential_17172010430000,residential_17172010430000,project_identity,construction_year,,2004,,,,,,2006,,,,,,,Approved pre-period construction year; same building measurements recorded before selected modern year,Assessor row 1717201043000012021; matching floor and land areas already in assessment 2005; user approved correction of reviewed 37; 2026-09-10,,,,,,
residential,residential_17172010440000,residential_17172010440000,project_identity,construction_year,,2004,,,,,,2006,,,,,,,Approved pre-period construction year; same building measurements recorded before selected modern year,Assessor row 1717201044000012021; matching floor and land areas already in assessment 2005; user approved correction of reviewed 37; 2026-09-10,,,,,,
residential,residential_17172010450000,residential_17172010450000,project_identity,construction_year,,2004,,,,,,2006,,,,,,,Approved pre-period construction year; same building measurements recorded before selected modern year,Assessor row 1717201045000012021; matching floor and land areas already in assessment 2005; user approved correction of reviewed 37; 2026-09-10,,,,,,
residential,residential_17223020910000,residential_17223020910000,project_identity,construction_year,,2005,,,,,,2006,,,,,,,Approved pre-period construction year; same building measurements recorded before selected modern year,Assessor row 1722302091000012021; matching floor and land areas already in assessment 2005; user approved correction of reviewed 37; 2026-09-10,,,,,,
residential,residential_17172100450000,residential_17172100450000,project_identity,construction_year,,2005,,,,,,2007,,,,,,,Approved pre-period construction year; same building measurements recorded before selected modern year,Assessor row 1717210045000012021; matching floor and land areas already in assessment 2006; user approved correction of reviewed 37; 2026-09-10,,,,,,
residential,residential_17172100730000,residential_17172100730000,project_identity,construction_year,,2005,,,,,,2007,,,,,,,Approved pre-period construction year; same building measurements recorded before selected modern year,Assessor row 1717210073000012021; matching floor and land areas already in assessment 2006; user approved correction of reviewed 37; 2026-09-10,,,,,,
residential,residential_tieback_13261060030000,residential_tieback_13261060030000,building_measurements,unresolved_building,,2017,6,8640,6250,TRUE,TRUE,,,,,,,residential_tieback_no_snapshot_decisions.csv,An exact completed permit and duplicated tied-PIN cards identify one six-unit building.,permit_2777111/current_pins_13261060030000_13261060040000,NA,,,,,
residential,residential_tieback_13361070880000,residential_tieback_13361070880000,building_measurements,unresolved_building,,2007,2,5400,4848,TRUE,TRUE,,,,,,,residential_tieback_no_snapshot_decisions.csv,An exact completed mixed-use new-construction permit and the tied assessor cards identify one two-unit residential building above commercial space.,permit_1794902/current_pins_13361070880000_13361070890000,NA,,,,,
residential,residential_tieback_14193230280000,residential_tieback_14193230280000,building_measurements,unresolved_building,,2008,6,10900,6223,TRUE,TRUE,,,,,,,residential_tieback_no_snapshot_decisions.csv,The expired six-unit permit was followed by a six-unit successor condominium cohort reporting a 2008 building.,permit_1846600/condo_base_1419323054,NA,,,,,
residential,residential_tieback_14201180260000,residential_tieback_14201180260000,building_measurements,unresolved_building,,2011,6,15238,6075,TRUE,TRUE,,,,,,,residential_tieback_no_snapshot_decisions.csv,An exact completed six-unit permit and the successor condominium cohort identify the same 2011 project.,permit_2382251/condo_base_1420118051,NA,,,,,
residential,residential_tieback_14203270150000,residential_tieback_14203270150000,building_measurements,unresolved_building,,2012,6,9236,5976,TRUE,TRUE,,,,,,,residential_tieback_no_snapshot_decisions.csv,The exact permit establishes 2012 construction and the successor condominium cohort supplies the six-unit building fields.,permit_2369042/condo_base_1420327051,NA,,,,,
residential,residential_tieback_14311070100000,residential_tieback_14311070100000,building_measurements,unresolved_building,,2012,4,9457,6250,TRUE,TRUE,,,,,,,residential_tieback_no_snapshot_decisions.csv,The exact permit and predecessor assessor records identify the 2012 four-unit project; a 2021 successor cohort is a later redevelopment and is not used.,permit_2353212/predecessor_pins_14311070100000_14311070110000,NA,,,,,
residential,residential_tieback_14313240020000,residential_tieback_14313240020000,building_measurements,unresolved_building,,2018,4,5855,4800,TRUE,TRUE,,,,,,,residential_tieback_no_snapshot_decisions.csv,The exact four-unit permit and tied assessor cards identify the completed 2018 building.,permit_2910464/current_pins_14313240020000_14313240030000,NA,,,,,
residential,residential_tieback_16012070380000,residential_tieback_16012070380000,building_measurements,unresolved_building,,2007,5,13308,5271,TRUE,TRUE,,,,,,,residential_tieback_no_snapshot_decisions.csv,A completed five-unit permit and the five-unit successor condominium cohort identify the completed 2007 project.,permit_1659594/condo_base_1601207051,NA,,,,,
residential,residential_tieback_16012250060000,residential_tieback_16012250060000,building_measurements,unresolved_building,,2017,6,12939,6000,TRUE,TRUE,,,,,,,residential_tieback_no_snapshot_decisions.csv,An exact completed permit and duplicated tied-PIN cards identify one six-unit building.,permit_2662400/current_pins_16012250060000_16012250070000,NA,,,,,
residential,residential_tieback_16014090530000,residential_tieback_16014090530000,building_measurements,unresolved_building,,2010,6,11024,6013,TRUE,TRUE,,,,,,,residential_tieback_no_snapshot_decisions.csv,Two exact three-unit permits and two three-unit successor cohorts identify one six-unit two-building site completed in 2010.,permits_2156908_2156907/condo_bases_1601409065_1601409066,NA,,,,,
residential,residential_tieback_17051160110000,residential_tieback_17051160110000,building_measurements,unresolved_building,,2011,5,8380,5318,TRUE,TRUE,,,,,,,residential_tieback_no_snapshot_decisions.csv,The five-unit permit and five-unit successor condominium cohort identify a completed 2011 building despite the permit status.,permit_2189499/condo_base_1705116130,NA,,,,,
residential,residential_tieback_17053080540000,residential_tieback_17053080540000,building_measurements,unresolved_building,,2008,6,16000,6345,TRUE,TRUE,,,,,,,residential_tieback_no_snapshot_decisions.csv,An exact completed six-unit permit and the successor condominium cohort identify the same 2008 project.,permit_1941475/condo_base_1705308126,NA,,,,,
residential,residential_tieback_17053210120000,residential_tieback_17053210120000,building_measurements,unresolved_building,,2008,5,8200,4050,TRUE,TRUE,,,,,,,residential_tieback_no_snapshot_decisions.csv,The five-unit new-construction permit and five-unit successor condominium cohort identify the completed 2008 project.,permit_1697792/condo_base_1705321039,NA,,,,,
residential,residential_tieback_17063260150000,residential_tieback_17063260150000,building_measurements,unresolved_building,,2008,6,12404,5926,TRUE,TRUE,,,,,,,residential_tieback_no_snapshot_decisions.csv,An exact six-unit permit and the six-unit successor condominium cohort identify the completed 2008 project.,permit_1837685/condo_base_1706326045,NA,,,,,
residential,residential_tieback_17203090110000,residential_tieback_17203090110000,building_measurements,unresolved_building,,2007,6,9700,6204,TRUE,TRUE,,,,,,,residential_tieback_no_snapshot_decisions.csv,An exact completed six-unit permit and the six-unit successor condominium cohort identify the completed 2007 project.,permit_1725170/condo_base_1720309044,NA,,,,,
residential,residential_tieback_14293010030000,residential_tieback_14293010030000,building_measurements,unresolved_building,,2017,6,7516,6264,TRUE,TRUE,,,,,,,residential_tieback_no_snapshot_decisions.csv,"User approved 2017 completion proxy for 1517 W Diversey, a separate six-flat on two reported 3132-square-foot parcels. Count repeated building area once. Adjacent1513 remains separate.",permits_100580959_100580966/assessment_2022/https://www.loopnet.com/Listing/1513-1517-W-Diversey-Pky-Chicago-IL/20030790/,NA,,,,,
residential,residential_tieback_14314280030000,residential_tieback_14314280030000,building_measurements,unresolved_building,,2014,1,,5040,FALSE,TRUE,,,,,,,residential_tieback_no_snapshot_decisions.csv,"User approved one double-lot Wabansia house, Assessor2014 and reported land2520+2520. Floor-area-ratio remains unavailable because competing4046/4258 building areas cannot be reconciled; homes-per-acre retained.",permit_100505358/assessment_2022/MLS_09873883,NA,,,,,
residential,residential_tieback_13224160040000,residential_tieback_13224160040000,building_measurements,unresolved_building,,2013,12,16710,19824,TRUE,TRUE,,,,,,,residential_tieback_no_snapshot_decisions.csv,Approved two six-flats with 16710 building square feet and 19824 source-reported land square feet. Include the separate 875-square-foot vacant parcel explicitly named on the 3438 construction permit. Keep the existing Assessor 2013 year proxy; rental listings suggest 2014 but no year override was approved.,permits_100490838_100490842/assessor_2022/https://www.cookcountyassessoril.gov/pin/13224160240000,NA,,,,,
residential,residential_tieback_17062290030000,residential_tieback_17062290030000,building_measurements,unresolved_building,,2007,4,,4512,FALSE,TRUE,,,,,,,residential_tieback_no_snapshot_decisions.csv,One four-apartment property at 1261-63 Honore uses the two linked Assessor lots once. The 2012 building sale reports four homes and 4560 land square feet; use 4512 Assessor land and approved 2007 completion proxy. Repeated six-unit tax cards do not establish a second building. Whole-building floor area remains unresolved; homes-per-acre only.,permit_100125052/https://www.redfin.com/IL/Chicago/1261-N-Honore-St-60622/home/183736532/https://interrarealty.com/listing/1261-63-n-honore/,NA,,,,,
residential,residential_17351040310000,residential_17351040310000,building_measurements,unresolved_building,,2022,1,,1117,FALSE,TRUE,,,,,,,residential_tieback_no_snapshot_decisions.csv,One of ten separately assessed townhomes matching the ten-home permit. Exact PIN reports three-story townhouse and1117sqft lot but zero floor area throughout2022-2026. Retain homes-per-acre only; listings use old or other parcel numbers and cannot supply this home floor area.,permit100725616/assessor_PINS1735104027_4031_and4033_4037,NA,,,,,
residential,residential_tieback_17341050010000,residential_condo_1734105056,building_measurements,unresolved_building,,2022,8,,6023,FALSE,TRUE,,,,,,,residential_tieback_no_snapshot_decisions.csv,3109 Giles completed eight-home building; 3105 completed Assessor2023 remains outside sample; floor area unavailable,User approval2026-09-09; release_review.md firmer recommendations and linked sources,NA,,,,,
residential,residential_tieback_20024000560000,residential_tieback_20024000560000,building_measurements,unresolved_building,,2021,4,6701,4900,TRUE,TRUE,,,,,,,residential_tieback_no_snapshot_decisions.csv,4400 Oakenwald four apartments confirmed by permit100902285 and completed Assessor; exclude neighboring1881 renovation,User approval2026-09-09; release_review.md firmer recommendations and linked sources,NA,,,,,
residential,residential_tieback_20024040410000,residential_tieback_20024040410000,building_measurements,unresolved_building,,2010,1,3595,3519,TRUE,TRUE,,,,,,,residential_tieback_no_snapshot_decisions.csv,4450 Oakenwald surviving house; vacant4442 obsolete card does not establish second house,User approval2026-09-09; release_review.md firmer recommendations and linked sources,NA,,,,,
residential,residential_tieback_20032000220000,residential_tieback_20032000220000,building_measurements,unresolved_building,,2022,3,5463,5199,TRUE,TRUE,,,,,,,residential_tieback_no_snapshot_decisions.csv,418 Oakwood permit100946233 specifies three apartments; repeated building floor counted once; sum two reported parcel land areas,User approval2026-09-09; release_review.md firmer recommendations and linked sources,NA,,,,,
residential,residential_tieback_20034020040000,residential_tieback_20034020040000,building_measurements,unresolved_building,,2020,3,5283,4155,TRUE,TRUE,,,,,,,residential_tieback_no_snapshot_decisions.csv,4317 Forrestville permit100835452 and listing identify three apartments; September2020 passed inspections; repeated floor counted once and two reported lots summed,User approval2026-09-09; release_review.md firmer recommendations and linked sources,NA,,,,,
residential,residential_tieback_14171150250000,residential_condo_1417115041,building_measurements,unresolved_building,,2022,9,20875,8095,TRUE,TRUE,,,,,,,residential_class297_exceptions.csv,Two tied predecessor PINs became one nine-unit condominium building; the successor cohort repeats the same total building area and the modal site area is 8095 square feet.,condo_base_1417115041/permit_100850654,NA,,,,,
residential,residential_tieback_14171150260000,residential_condo_1417115041,building_measurements,unresolved_building,,2022,9,20875,8095,TRUE,TRUE,,,,,,,residential_class297_exceptions.csv,Two tied predecessor PINs became one nine-unit condominium building; the successor cohort repeats the same total building area and the modal site area is 8095 square feet.,condo_base_1417115041/permit_100850654,NA,,,,,
residential,residential_297_group_16014080410000,residential_16014080410000,building_measurements,unresolved_building,,2022,2,,3125,FALSE,TRUE,,,,,,,residential_class297_exceptions.csv,The new-construction permit expired but the later class-297 assessor record reports the completed two-unit building; building square footage remains unavailable.,permit_100911590/assessor_pin_16014080410000,NA,,,,,
residential,residential_tieback_16014300040000,residential_condo_1601430013,building_measurements,unresolved_building,,2022,17,,16929,FALSE,TRUE,,,,,,,residential_class297_exceptions.csv,The tied predecessor lineages form one completed seventeen-unit project; the successor cohort contains seventeen residential and ten parking PINs and reports a modal site area of 16929 square feet.,condo_base_1601430013/permit_100850870,NA,,,,,
residential,residential_tieback_16014300050000,residential_condo_1601430013,building_measurements,unresolved_building,,2022,17,,16929,FALSE,TRUE,,,,,,,residential_class297_exceptions.csv,The tied predecessor lineages form one completed seventeen-unit project; the successor cohort contains seventeen residential and ten parking PINs and reports a modal site area of 16929 square feet.,condo_base_1601430013/permit_100850870,NA,,,,,
residential,residential_297_group_14202150290000,residential_condo_1420215058,building_measurements,unresolved_building,,2021,3,4940,3125,TRUE,TRUE,,,,,,,residential_class297_exceptions.csv,A 2020 demolition followed by a new 2021 class-297 assessor card and a three-unit successor condominium cohort identifies ground-up construction.,demolition_3742_n_clifton/condo_base_1420215058,NA,,,,,
residential,residential_297_group_17104000490000,residential_adjudicated_harbor_2021,building_measurements,unresolved_building,,2022,350,652094,49926,TRUE,TRUE,,,,,,,residential_class297_exceptions.csv,User approved the developer-reported figures for Cirrus as a separate building from Cascade; first occupancy is 2022 Q1. The historical project identifier is retained.,permits_100821394_100918242/condo_base_1710400050/https://www.magellandevelopment.com/projects/cirrus/,NA,,,,,
residential,residential_297_group_17104000540000,residential_adjudicated_harbor_2021,building_measurements,unresolved_building,,2022,350,652094,49926,TRUE,TRUE,,,,,,,residential_class297_exceptions.csv,User approved the developer-reported figures for Cirrus as a separate building from Cascade; first occupancy is 2022 Q1. The historical project identifier is retained.,permits_100821394_100918242/condo_base_1710400050/https://www.magellandevelopment.com/projects/cirrus/,NA,,,,,
residential,residential_297_group_17172140050000,residential_condo_1717214023,building_measurements,unresolved_building,,2021,17,56295,16695,TRUE,TRUE,,,,,,,residential_class297_exceptions.csv,Peoria Green is one completed development with two wings: twelve homes at 128 S Green and five at 123 S Peoria. Completed revision permit 100876378 reduces twenty homes to seventeen; August 2021 completion reporting confirms seventeen. The complete 2022 Assessor base contains seventeen records repeating whole-building floor area 56295 and site area 16695. Four parking flags undercount homes; one flagged record reports five bedrooms and 3859 square feet. Retain source-reported whole-project areas once. Approved September 9 2026.,permit_100876378/permit_100852180/condo_base_1717214023/assessment_2022/https://chicagoyimby.com/2021/08/a-final-look-at-the-completed-peoria-green-in-west-loop.html,NA,,,,,
residential,residential_297_group_14293100350000,residential_condo_1429310057,building_measurements,unresolved_building,,2021,3,5168,3112,TRUE,TRUE,,,,,,,residential_class297_exceptions.csv,User approved modal reported land: two completed records report 3112 and one 3100; all agree on year and building area.,condo_base_1429310057/permit_100881803,NA,,,,,
residential,residential_tieback_13233220250000,residential_condo_1323322047,building_measurements,unresolved_building,,2019,6,10764,6270,TRUE,TRUE,,,,,,,residential_class297_exceptions.csv,Completed six-home permit and six consistent finished Assessor records establish one building.,condo_base_1323322047/permit_100703185,NA,,,,,
residential,residential_297_group_16014270370000,residential_condo_1601427051,building_measurements,unresolved_building,,2022,6,14400,6137,TRUE,TRUE,,,,,,,residential_class297_exceptions.csv,Retain the completed 2022 six-home building; neighboring successor buildings report 2023 and are outside the study period.,condo_base_1601427051/permit_100884053,NA,,,,,
residential,residential_297_group_17053010310000,residential_condo_1705301070,building_measurements,unresolved_building,,2021,3,6300,2967,TRUE,TRUE,,,,,,,residential_class297_exceptions.csv,Retain the separate three-home building at 1522 W Thomas using its finished Assessor measurements.,condo_base_1705301070/permit_100887419,NA,,,,,
residential,residential_297_group_17053010310000,residential_condo_1705301071,building_measurements,unresolved_building,,2021,3,8253,2966,TRUE,TRUE,,,,,,,residential_class297_exceptions.csv,Retain the separate three-home building at 1518 W Thomas using its finished Assessor measurements.,condo_base_1705301071/permit_100882997,NA,,,,,
residential,residential_297_group_14204110080000,residential_condo_1420411074,building_measurements,unresolved_building,,2021,3,4497,3116,TRUE,TRUE,,,,,,,residential_class297_exceptions.csv,User approved 2021 completion supported by all three 2021 apartment sales and repeated Assessor land of 3116 rather than isolated 3069.,condo_base_1420411074/permit_100884488/MLS_11074548/MLS_11217326/MLS_11074561,NA,,,,,
residential,residential_tieback_14202280110000,residential_reviewed_14202280110000,building_measurements,unresolved_building,,2008,3,7308,3000,TRUE,TRUE,,,,,,,residential_class297_exceptions.csv,3619 N Sheffield: three apartments plus one commercial club agree with four total Assessor units. Retain own-parcel Assessor building and land areas; operator dates completion to 2008. User approved September 9 2026.,permit_100097576/assessment_2022/https://www.wrigleyrooftopsllc.com/rooftop/3619%20N%20Sheffield,NA,,,,,
residential,residential_tieback_14202280110000,residential_reviewed_14202280120000,building_measurements,unresolved_building,,2008,3,7308,4968,TRUE,TRUE,,,,,,,residential_class297_exceptions.csv,3617 N Sheffield: three apartments plus one commercial club agree with four total Assessor units. Retain own-parcel Assessor building and land areas; operator dates completion to 2008. User approved September 9 2026.,permit_100093835/assessment_2022/https://www.wrigleyrooftopsllc.com/rooftop/3619%20N%20Sheffield,NA,,,,,
residential,residential_tieback_14293000710000,residential_tieback_14293000710000,building_measurements,unresolved_building,,2020,18,45543,16901,TRUE,TRUE,,,,,,,residential_class297_exceptions.csv,Arden: retain one eighteen-home project containing three permitted buildings on the two reported Assessor parcels. Sum the three primary building cards once; the secondary parcel repeats a building interest. Broker confirms exact two parcels and 2020 completion. User approved September 9 2026.,permit_100797327/permit_100797329/permit_100797331/assessment_2022/https://www.showcase.com/2725-2741-n-ashland-ave-chicago-il-60614/41075318/,NA,,,,,
residential,residential_tieback_16013170270000,residential_condo_1601317037,building_measurements,unresolved_building,,2018,6,14315,9369,TRUE,TRUE,,,,,,,residential_class297_exceptions.csv,User approved one six-home Walton Row project in 2018 using the complete condo cohort reporting whole-site measurements. Do not allocate the common land among six townhomes or count duplicated former parcel cards.,condo_base_1601317037/assessment_2022/permit_100563416/MLS_09683228,NA,,,,,
residential,residential_tieback_14322240250000,residential_condo_1432224071,building_measurements,unresolved_building,,2012,3,6015,3113,TRUE,TRUE,,,,,,,residential_class297_exceptions.csv,2034 N Sheffield is a separate three-home building. User approved 2012 completion supported by 2011 corrected permits and first sales in 2012; use its three consistent completed Assessor records and individual reported lot.,condo_base_1432224071/assessment_2022/permits_100309781_100309785_100391194_100391206/MLS_08001257_08035308,NA,,,,,
residential,residential_tieback_14322240250000,residential_condo_1432224070,building_measurements,unresolved_building,,2012,3,5810,3107,TRUE,TRUE,,,,,,,residential_class297_exceptions.csv,2036 N Sheffield is a separate three-home building. User approved 2012 completion supported by 2011 corrected permits and first sales in 2012; use its three consistent completed Assessor records and individual reported lot.,condo_base_1432224070/assessment_2022/permits_100309781_100309785_100391194_100391206/MLS_08001257_08035308,NA,,,,,
residential,residential_297_group_17082530370000,residential_condo_1708253039,building_measurements,unresolved_building,,2017,4,22532,5483,TRUE,TRUE,,,,,,,residential_class297_exceptions.csv,Four original apartments completed by February 2017 sales; exclude the fifth dwelling created by commercial conversion. Use broker-reported whole-building floor area including commercial space and the repeated completed-Assessor site area.,permits_100634081_100703046/condo_base_1708253039/https://www.loopnet.com/Listing/440-N-Halsted-St-Chicago-IL/7337218/,NA,,,,,
residential,residential_tieback_17073250521001,residential_condo_1707325052,building_measurements,unresolved_building,,2007,2,2586,2827,TRUE,TRUE,,,,,,,residential_class297_exceptions.csv,Original two-home Warren building uses repeated whole-building and land fields in the 2022 condo snapshot. The 2025 conversion to one house does not change original construction.,permits_100104697_101064853/condo_2022_17073250521001_17073250521002,NA,,,,,
residential,residential_tieback_14313080420000,residential_tieback_14313080420000,building_measurements,selected_building,,2017,5,6952,3504,TRUE,TRUE,,,,,,,residential_reviewed_building_measurements.csv,Five-apartment new building permitted in 2016 and listed as completed in 2017. Use the primary new-building Assessor area once; companion parcel reports 6852 square feet and an obsolete 1892 year. Sum the two source-reported 1752-square-foot lots.,permit_100618984/primary_pin_14313080420000/companion_pin_14313080430000,https://www.atproperties.com/10725859/1851-n-winnebago-avenue-chicago-illinois-60647-nei,,,,,
residential,residential_tieback_14292270330000,residential_condo_1429227059,building_measurements,selected_building,,2007,6,13616,6307,TRUE,TRUE,,,,,,,residential_reviewed_building_measurements.csv,Completed 1130 Diversey condo assessment identifies six homes; commercial and parking records are not apartments. Keep the neighboring 1136 building separate.,condo_base_1429227059/completed_assessor,https://fairviewstation.com/builders-past-projects/,,,,,
residential,residential_14292270580000,residential_14292270580000,building_measurements,selected_building,,2008,3,7744,3155,TRUE,TRUE,,,,,,,residential_reviewed_building_measurements.csv,Builder identifies three apartments and one commercial space at 1136 Diversey. Correct the residential count from four to three; retain this building's Assessor year and areas.,pin_14292270580000/builder_Fairview_projects,https://fairviewstation.com/builders-past-projects/,,,,,
residential,residential_tieback_17083340230000,residential_condo_1708334056,building_measurements,selected_building,,2010,4,9830,3721,TRUE,TRUE,,,,,,,residential_reviewed_building_measurements.csv,Completed condo assessment measures the separate four-flat at 15 Bishop; listing evidence supports the user-approved 2010 completion proxy. Keep 17 and 19 separately measured.,condo_base_1708334056/permit_100124927/user_approval_2026_09_09,https://www.compass.com/building/15-n-bishop-st-chicago-il-60607/593363358472546477/,,,,,
residential,residential_17083340520000,residential_condo_1708334056,building_measurements,selected_building,,2010,4,9830,3721,TRUE,TRUE,,,,,,,residential_reviewed_building_measurements.csv,"Historical address records identify parcel 1708334052 as 15 N Bishop, not 19. Its point coincides with completed condo 1708334056; retire the predecessor and keep one four-home building at 15.",historical_address_1708334052/condo_base_1708334056,https://www.compass.com/building/15-n-bishop-st-chicago-il-60607/593363358472546477/,,,,,
residential,residential_19102040040000,residential_19102040040000,building_measurements,selected_fields,,,1,,,,,,,,,,,project_manual_reviews.csv,The permit identifies a new mixed-use building with one dwelling above a ground-floor restaurant. The Assessor's two-unit count mixes residential and commercial units.,100094913,,,,,,
residential,residential_20034010280000,residential_20034010280000,building_measurements,selected_fields,,,3,,,,,,,,,,,project_manual_reviews.csv,"The whole-building MLS record identifies three units completed in 2007, correcting the Assessor's four-unit count and 2006 year.",project_manual_reviews.csv:residential_20034010280000,https://www.compass.com/building/4318-s-forrestville-ave-chicago-il-60653/592876679982812709/,,,,,
residential,residential_14283191160000,residential_14283191160000,building_measurements,land_area,,,,,3523.5,,,,143807,,,,,,,PD853 PDF pages 15-16 and 24: December 20 2013 approval of two lots from lots 20-22; each 40.5 by 87 feet; 439 W Deming; individual surface lot above shared garage; Assessor building area unchanged,,,,Jacob Herbstman,2026-09-08,
residential,residential_14283191170000,residential_14283191170000,building_measurements,land_area,,,,,3523.5,,,,143807,,,,,,,PD853 PDF pages 15-16 and 24: December 20 2013 approval of two lots from lots 20-22; each 40.5 by 87 feet; 435 W Deming; individual surface lot above shared garage; Assessor building area unchanged,,,,Jacob Herbstman,2026-09-08,
commercial,commercial_14084040010000,commercial_14084040010000,building_measurements,commercial_measurements,retain_dupac_only,2022,64,,NA,FALSE,TRUE,,,permit_100900621_and_commercial_2024,permit_100906143_and_commercial_2024,,construction_year_parcel_union,field_ledger,The project has verified units and site area but no comparable gross building area,permits_100900621/100906143,,high,,codex_audit,2026-07-21,reviewed_evidence
commercial,commercial_14171200250000,commercial_14171200250000,building_measurements,commercial_measurements,retain_dupac_only,2022,26,,NA,FALSE,TRUE,,,permits_100873964/100878203_and_commercial_2024,permit_100878203_and_commercial_2024,,construction_year_parcel_union,field_ledger,The completed revision and assessor report establish 26 units but no comparable gross building area,permits_100873964/100878203,,high,,codex_audit,2026-07-21,reviewed_evidence
commercial,commercial_14201040060000,commercial_14201040060000,building_measurements,commercial_measurements,retain_dupac_only,2022,9,,NA,FALSE,TRUE,,,permit_100817949_and_commercial_2024,commercial_2024_apartment_breakdown,,construction_year_parcel_union,field_ledger,The project has verified units and site area but no comparable gross building area,permit_100817949/commercial_2024,,high,,codex_audit,2026-07-21,reviewed_evidence
commercial,commercial_14202240190000,commercial_14202240190000,building_measurements,commercial_measurements,retain_dupac_only,2022,18,,NA,FALSE,TRUE,,,permit_100890019_and_commercial_2024,permit_100890019_and_commercial_2024,,construction_year_parcel_union,field_ledger,The project has verified units and site area but no comparable gross building area,permit_100890019,,high,,codex_audit,2026-07-21,reviewed_evidence
commercial,commercial_14203080100000,commercial_14203080100000,building_measurements,commercial_measurements,retain_dupac_only,2022,53,,NA,FALSE,TRUE,,,permit_100912748_and_commercial_2024,commercial_2024_apartment_breakdown,,construction_year_parcel_union,field_ledger,The project has verified units and site area but no comparable gross building area,permit_100912748/commercial_2024,,high,,codex_audit,2026-07-21,reviewed_evidence
commercial,commercial_14213040110000,commercial_14213040110000,building_measurements,commercial_measurements,retain_dupac_only,2022,198,,NA,FALSE,TRUE,,,permit_100875573_and_commercial_2024,permit_100875573_and_commercial_2024,,construction_year_parcel_union,field_ledger,The project has verified units and site area but no comparable gross building area,permits_100875573/100889829/100895324,,high,,codex_audit,2026-07-21,reviewed_evidence
commercial,commercial_14291000140000,commercial_14291000140000,building_measurements,commercial_measurements,retain_dupac_only,2022,9,,NA,FALSE,TRUE,,,commercial_2024,commercial_2024_apartment_breakdown,,construction_year_parcel_union,field_ledger,The latest assessor report identifies nine apartments and a verified site but no comparable gross building area,commercial_2024/address_permit_history,,medium,The new-construction permit was not recovered in the available address history,codex_audit,2026-07-21,reviewed_evidence
commercial,commercial_13142030200000,commercial_13142030200000,building_measurements,commercial_measurements,retain_source_units,2008,60,98988,NA,TRUE,TRUE,,,commercial_2024_and_city_building_year,commercial_2024_apartment_breakdown,commercial_2024,construction_year_parcel_union,field_ledger,The completed assessor record establishes 60 units while the permit authorized 59,permit_100202286/commercial_2024/city_building_footprints,,high,,codex_audit,2026-07-21,reviewed_evidence
commercial,commercial_13253150250000,commercial_13253150250000,building_measurements,commercial_measurements,retain_permit_revision_units,2006,8,10750,NA,TRUE,TRUE,,,commercial_2024_and_permit_chain,final_permit_revision,commercial_2024,construction_year_parcel_union,field_ledger,The permit chain revises the authorized count from six to eight units and supersedes the seven-unit assessor count,permit_100137585_revision_chain,,high,,codex_audit,2026-07-21,reviewed_evidence
commercial,commercial_13364140420000,commercial_13364140420000,building_measurements,commercial_measurements,retain_permit_units,2020,7,14422,NA,TRUE,TRUE,,,permit_100739501_and_commercial_2021,permit_100739501,commercial_2021,construction_year_parcel_union,field_ledger,The issued new-construction permit identifies seven units while the assessor source reports six,permit_100739501,,high,,codex_audit,2026-07-21,reviewed_evidence
commercial,commercial_16111020190000,commercial_16111020190000,building_measurements,commercial_measurements,retain_permit_revision_units,2020,7,8307,NA,TRUE,TRUE,,,permit_100744642_and_commercial_2024,permit_revision_100828527,commercial_2024,construction_year_parcel_union,field_ledger,The revision increases the completed project from six to seven units and the permit timing supports a 2020 completion year,permits_100744642/100828527,,high,,codex_audit,2026-07-21,reviewed_evidence
commercial,commercial_17053010190000,commercial_17053010190000,building_measurements,commercial_measurements,retain_completed_units,2015,40,40853,NA,TRUE,TRUE,,,commercial_2024_and_project_opening,commercial_2024_and_project_record,commercial_2024,construction_year_parcel_union,field_ledger,The completed building contains 40 apartments despite an earlier 41-unit permit count,permit_100547689/Wicker_Park_Lofts,https://yochicago.com/new-wicker-park-lofts-now-leasing-apartments/,high,,codex_audit,2026-07-21,reviewed_evidence
commercial,commercial_13093170070000,commercial_13093170070000,building_measurements,commercial_measurements,retain_completed_units,2020,8,9102,NA,TRUE,TRUE,,,commercial_2024,commercial_2024_post_completion_assessment,commercial_2024,construction_year_parcel_union,field_ledger,The later assessor records eight completed apartments rather than the seven units authorized by the earlier permit,permit_100752414/commercial_2024,,high,,codex_audit,2026-07-21,reviewed_evidence
commercial,commercial_14204180360000,commercial_14204180360000,building_measurements,commercial_measurements,retain_completed_units,2021,139,123832,NA,TRUE,TRUE,,,commercial_2024,commercial_2024_post_completion_assessment,commercial_2021_stable_membership_fallback,construction_year_parcel_union,field_ledger,The completed assessor record contains 139 apartments while the plans and permits authorized 140; the earlier vintage supplies gross building area for the same PIN,permits_100794249/100879049/commercial_2021_2024,https://www.crexi.com/lease/properties/243763/illinois-3300-n-clark-st,high,,codex_audit,2026-07-21,reviewed_evidence
commercial,commercial_14213120380000,commercial_14213120380000,building_measurements,commercial_measurements,retain_dupac_only,2017,18,,NA,FALSE,TRUE,,,commercial_2024,commercial_2024_post_completion_assessment,,construction_year_parcel_union,field_ledger,The completed assessor record and permit chain establish 18 apartments but no comparable gross building area is available,permit_100588610/commercial_2024,,high,,codex_audit,2026-07-21,reviewed_evidence
commercial,commercial_14283160520000,commercial_14283160520000,building_measurements,commercial_measurements,retain_dupac_only,2022,14,,NA,FALSE,TRUE,,,commercial_2024,permit_100861679_and_commercial_2024,,construction_year_parcel_union,field_ledger,The completed permit and assessor record establish 14 apartments but no comparable gross building area is available,permit_100861679/commercial_2024,,high,,codex_audit,2026-07-21,reviewed_evidence
commercial,commercial_17102120370000,commercial_17102120370000,building_measurements,commercial_measurements,retain_completed_units,2017,490,896277,100946,TRUE,TRUE,,,project_completion_record,permit_chain_commercial_2021_and_project_record,commercial_2024,stable_commercial_2021_2024,field_ledger,The assessor parcel address is 240 E Illinois but the permit chain and physical fields identify the 490-unit Optima Signature tower at 220 E Illinois completed in 2017,permits_100561443/100600523/100609789/100625206/100820991/Optima_Signature,https://www.optima.inc/projects/optima-signature/,high,,codex_audit,2026-07-21,reviewed_evidence
commercial,commercial_16242010140000,commercial_16242010140000,building_measurements,commercial_measurements,retain_cross_family_resolution,2010,5,7635,5691,TRUE,TRUE,,,permit_100349959,permit_100349959_and_residential_post_completion_assessment,stable_commercial_2021_2024,stable_commercial_2021_2024,field_ledger,The two component PINs form one 1218-20 S Washtenaw project. The issued permit and later residential assessment identify five completed units; the stable commercial records supply whole-site building and land area.,permit_100349959/commercial_rows_60518_83660/residential_assessor_16242010150000,,high,,codex_audit,2026-07-23,reviewed_evidence
commercial,commercial_17042220640000,commercial_17042220640000,building_measurements,commercial_measurements,retain_override,2017,390,768240,68857,TRUE,TRUE,,,developer_reported_completion_2017,commercial_2024_apartment_unit_sum_rows:43138,commercial_2024_rows:43138,commercial_2024_rows:43138,field_ledger,Developer explicitly reports the 390-unit Sinclair completed in 2017; preserve Assessor unit and area measurements.,,https://www.fifieldco.com/projects/the-sinclair/,high,,codex_source_review,2026-09-08,reviewed_evidence
commercial,commercial_17103180710000,commercial_17103180710000,building_measurements,commercial_measurements,retain_override,2009,474,449445,341770,FALSE,FALSE,,,commercial_2024_rows:45753,commercial_2024_apartment_unit_sum_rows:45753,commercial_2024_rows:45753,commercial_2024_rows:45753,field_ledger,Rental apartments describe only part of Aqua while the tower also contains condominiums and a hotel. Retain source fields for traceability but exclude density without coherent building and site measurements.,,https://studiogang.com/projects/aqua-tower/,high,Do not allocate common land or substitute whole-tower floor area for the partial rental record.,codex_source_review,2026-09-08,reviewed_evidence
commercial,commercial_17104000510000,commercial_17104000510000,building_measurements,commercial_measurements,retain_override,2021,503,507390,65700,TRUE,TRUE,,,developer_initial_occupancy,developer_building_statistics,developer_building_statistics,developer_site_size,field_ledger,User approved the developer-reported figures for Cascade as a separate building from Cirrus; first occupancy is 2021 Q3.,magellan_cascade/permit_100799477,https://www.magellandevelopment.com/projects/cascade/,high,,jacob_confirmed,2026-09-08,reviewed_evidence
commercial,commercial_17084220290000,commercial_17084220290000,building_measurements,commercial_measurements,retain_corrected_measurements,2007,2,4375,2516,TRUE,TRUE,,,residential_assessor_2025,residential_assessor_2025_apartments_excluding_commercial_unit,residential_assessor_2025,residential_assessor_2025,field_ledger,The completed residential assessment distinguishes two apartments from one commercial unit on the exact parcel. Retain its coherent floor and land measurements and 2007 construction proxy; City new-construction inspections passed in early 2008. Suppress the older residential duplicate and the commercial-only one-unit measurement.,assessor_row_1708422029000022025,https://webapps1.chicago.gov/buildingrecords/home,high,2007 is the Assessor completion proxy; the final recorded inspection occurred in 2008.,codex_audit,2026-09-09,reviewed_evidence
commercial,commercial_17084220340000,commercial_17084220340000,building_measurements,commercial_measurements,retain_corrected_measurements,2007,2,4750,2517,TRUE,TRUE,,,residential_assessor_2025,residential_assessor_2025_apartments_excluding_commercial_unit,residential_assessor_2025,residential_assessor_2025,field_ledger,The completed residential assessment distinguishes two apartments from one commercial unit on the exact parcel. Retain its coherent floor and land measurements and 2007 construction proxy; City new-construction inspections passed in early 2008. Suppress the older residential duplicate and the commercial-only one-unit measurement.,assessor_row_1708422034000022025,https://webapps1.chicago.gov/buildingrecords/home,high,2007 is the Assessor completion proxy; the final recorded inspection occurred in 2008.,codex_audit,2026-09-09,reviewed_evidence
commercial,commercial_11321040200000,commercial_11321040200000,building_measurements,commercial_measurements,retain_corrected_measurements,2007,18,24906,17200,TRUE,TRUE,,,city_passed_new_construction_inspections_2007_06_06,original_new_building_permits_100010473_100010476,commercial_2024_rows:44799,commercial_2024_rows:44799,field_ledger,The two original new-building permits authorize nine apartments each; both passed construction inspections on June 6 2007. Retain the reported commercial whole-pair building and land measurements and retire the partial six-home residential copy.,permits_100010473_100010476/inspections_1481062_1481065/commercial_2024_row_44799,https://webapps1.chicago.gov/buildingrecords/,high,Completion year uses passed construction inspections as a proxy.,codex_audit,2026-09-09,reviewed_evidence
commercial,commercial_20153010080000,commercial_20153010080000,building_measurements,commercial_measurements,retain_density_withheld,2009,24,23958,15989,FALSE,FALSE,,,commercial_2024_rows:15930,stable_commercial_2021_2024_reports,commercial_2024_rows:15930,commercial_2021_field_fallback_rows:25271,field_ledger,User approved exclusion from both density measures. Preserve reported fields as unverified source values: the four commercial counts total 77 versus the developer 53 and parcel-specific permit counts do not reconcile.,permits_100163994_100185626_100185763/user_approval_2026_09_09,https://www.stedmundsrc.org/properties,approved_treatment,Counts and area coverage remain unresolved; do not use for density.,Codex,2026-09-09,reviewed_evidence
commercial,commercial_20153020050000,commercial_20153020050000,building_measurements,commercial_measurements,retain_density_withheld,2009,10,12408,11340,FALSE,FALSE,,,commercial_2024_rows:15933,stable_commercial_2021_2024_reports,commercial_2024_rows:15933,commercial_2021_field_fallback_rows:25300,field_ledger,User approved exclusion from both density measures. Preserve reported fields as unverified source values: the four commercial counts total 77 versus the developer 53 and parcel-specific permit counts do not reconcile.,permits_100163994_100185626_100185763/user_approval_2026_09_09,https://www.stedmundsrc.org/properties,approved_treatment,Counts and area coverage remain unresolved; do not use for density.,Codex,2026-09-09,reviewed_evidence
commercial,commercial_20153020060000,commercial_20153020060000,building_measurements,commercial_measurements,retain_density_withheld,2009,24,24303,20095,FALSE,FALSE,,,commercial_2024_rows:15934,commercial_2024_apartment_unit_sum_rows:15934,commercial_2024_rows:15934,commercial_2021_field_fallback_rows:25274,field_ledger,User approved exclusion from both density measures. Preserve reported fields as unverified source values: the four commercial counts total 77 versus the developer 53 and parcel-specific permit counts do not reconcile.,permits_100163994_100185626_100185763/user_approval_2026_09_09,https://www.stedmundsrc.org/properties,approved_treatment,Counts and area coverage remain unresolved; do not use for density.,Codex,2026-09-09,reviewed_evidence
commercial,commercial_11323200060000,commercial_11323200060000,building_measurements,commercial_measurements,retain_unit_override,2021,11,28487,11284,TRUE,TRUE,,,commercial_2024,permit_100802483,commercial_2024,commercial_2024,semantic_ledger,The completed permit and bedroom breakdown identify eleven apartments; the generic total includes one non-apartment unit,permit_100802483,,high,,codex_audit,2026-07-21,reviewed_evidence
commercial,commercial_13134040530000,commercial_13134040530000,building_measurements,commercial_measurements,retain_unit_override,2020,9,15477,8100,TRUE,TRUE,,,commercial_2021,permit_100855141,commercial_2021,commercial_2021,semantic_ledger,The completed permit identifies nine dwelling units and confirms that the source row is residential new construction,permit_100855141,,high,,codex_audit,2026-07-21,reviewed_evidence
commercial,commercial_13184090850000,commercial_13184090850000,building_measurements,commercial_measurements,retain_source_units,2007,133,128542,163748,TRUE,TRUE,,,commercial_2024,commercial_apartment_breakdown,commercial_2024,commercial_2024,semantic_ledger,The source reports 133 senior apartments rather than beds and the physical fields are stable across vintages,commercial_two_vintage_history/city_buildings,,high,,codex_audit,2026-07-21,reviewed_evidence
commercial,commercial_13184090870000,commercial_13184090870000,building_measurements,commercial_measurements,retain_source_units,2010,36,64992,25272,TRUE,TRUE,,,commercial_2024,commercial_apartment_breakdown,commercial_2024,commercial_2024,semantic_ledger,The source and housing record identify 36 senior apartments rather than beds,commercial_two_vintage_history/CHA_Autumn_Green,https://affordablehousinghub.org/housing/illinois/cook-county/chicago/the-senior-suites-of-autumn-green-at-wright-7975-lihtc,high,,codex_audit,2026-07-21,reviewed_evidence
commercial,commercial_13273040010000,commercial_13273040010000,building_measurements,commercial_measurements,retain_source_units,2008,85,73562,35661,TRUE,TRUE,,,commercial_2024,permit_100254118,commercial_2024,commercial_2024,semantic_ledger,The completed permit and assessor source agree on 85 senior apartments,permit_100254118,,high,,codex_audit,2026-07-21,reviewed_evidence
commercial,commercial_13363050010000,commercial_13363050010000,building_measurements,commercial_measurements,retain_source_units,2017,33,64760,18010,TRUE,TRUE,,,commercial_2024,stable_commercial_2021_2024,commercial_2024,commercial_2024,semantic_ledger,The 33-unit permit expired but both later assessor vintages consistently report 33 completed apartments,permit_100628089/commercial_two_vintage_history,,medium,The permit confirms the proposed count but not completion by itself,codex_audit,2026-07-21,reviewed_evidence
commercial,commercial_13363280310000,commercial_13363280310000,building_measurements,commercial_measurements,retain_unit_override,2021,40,62620,17830,TRUE,TRUE,,,commercial_2024,permit_100703318,commercial_2024,commercial_2024,semantic_ledger,The completed permit identifies 40 dwelling units and confirms the source total,permit_100703318,,high,,codex_audit,2026-07-21,reviewed_evidence
commercial,commercial_13364030160000,commercial_13364030160000,building_measurements,commercial_measurements,retain_unit_override,2014,78,109424,44890,TRUE,TRUE,,,commercial_2024,permit_100618944,commercial_2024,commercial_2024,semantic_ledger,The completed permit and apartment breakdown identify 78 dwellings; the generic total includes three non-apartment units,permit_100618944,,high,,codex_audit,2026-07-21,reviewed_evidence
commercial,commercial_14283120910000,commercial_14283120910000,building_measurements,commercial_measurements,retain_source_units,2018,149,196084,28269,TRUE,TRUE,,,commercial_2021,developer_149_apartments,commercial_2021,commercial_2021,semantic_ledger,The project source identifies 149 assisted-living and memory-care apartments rather than beds,Belmont_Village_Lincoln_Park,https://www.belmontvillage.com/news_events/senior-living-community-tops-out-in-chicagos-lincoln-park-neighborhood/,high,,codex_audit,2026-07-21,reviewed_evidence
commercial,commercial_14303140460000,commercial_14303140460000,building_measurements,commercial_measurements,retain_unit_override,2021,34,46400,13944,TRUE,TRUE,,,commercial_2024,commercial_total_supported_by_permit_100647438,commercial_2024,commercial_2024,semantic_ledger,The source bedroom fields omit four apartments while the generic total and address-specific 34-dwelling permit agree,permit_100647438/commercial_2024,,high,The permit expired but is corroborated by the later assessor total,codex_audit,2026-07-21,reviewed_evidence
commercial,commercial_14312120200000,commercial_14312120200000,building_measurements,commercial_measurements,retain_source_units,2021,298,311556,142556,TRUE,TRUE,,,commercial_2024,commercial_apartment_breakdown,commercial_2024,commercial_2024,semantic_ledger,The source reports 298 completed apartments and the project is conventional multifamily construction,Triangle_Square_completion_and_permits,,high,,codex_audit,2026-07-21,reviewed_evidence
commercial,commercial_16122180170000,commercial_16122180170000,building_measurements,commercial_measurements,retain_unit_override,2021,10,24600,10846,TRUE,TRUE,,,commercial_2024,permit_100820523,commercial_2024,commercial_2024,semantic_ledger,The completed permit and apartment breakdown identify ten dwellings; the generic total includes three non-apartment units,permit_100820523,,high,,codex_audit,2026-07-21,reviewed_evidence
commercial,commercial_17053280180000,commercial_17053280180000,building_measurements,commercial_measurements,retain_unit_override,2019,8,22588,5904,TRUE,TRUE,,,commercial_2024,permit_100690847,commercial_2024,commercial_2024,semantic_ledger,The completed permit and apartment breakdown identify eight dwellings; the generic total includes one non-apartment unit,permit_100690847,,high,,codex_audit,2026-07-21,reviewed_evidence
commercial,commercial_17061000020000,commercial_17061000020000,building_measurements,commercial_measurements,retain_source_units,2021,6,13488,6150,TRUE,TRUE,,,commercial_2024,stable_commercial_2021_2024,commercial_2024,commercial_2024,semantic_ledger,The six-unit permit expired but both later assessor vintages consistently report six completed apartments,permit_100849074/commercial_two_vintage_history,,medium,The permit confirms the proposed count but not completion by itself,codex_audit,2026-07-21,reviewed_evidence
commercial,commercial_17062350680000,commercial_17062350680000,building_measurements,commercial_measurements,retain_unit_override,2018,146,143054,NA,TRUE,TRUE,,,project_completion_year,final_project_and_permit_count,commercial_2024,construction_year_parcel_union,semantic_ledger,The completed project contains 146 apartments; construction-year parcel polygons provide the full site area,permit_100695536/Wicker_Park_Connection,https://www.taylorjohnson.com/first-residents-move-into-hubbard-street-groups-wicker-park-connection-ii/,high,The 2024 assessor generic total is 154 and is not used as the dwelling count,codex_audit,2026-07-21,reviewed_evidence
commercial,commercial_17161000490000,commercial_17161000490000,building_measurements,commercial_measurements,retain_unit_override,2018,492,679914,42324,TRUE,TRUE,,,project_completion_year,permit_100685260_and_project_records,commercial_2024,commercial_2024,semantic_ledger,The completed permit and project records identify 492 apartments and completion in 2018,permit_100685260/727_West_Madison,https://www.fifieldco.com/projects/727-west-madison/,high,,codex_audit,2026-07-21,reviewed_evidence
commercial,commercial_17164040190000,commercial_17164040190000,building_measurements,commercial_measurements,exclude_not_new_construction,,,,,FALSE,FALSE,,,historic_building_record,,,,semantic_ledger,The 1911 industrial building was renovated into student housing and is not ground-up construction,Dwight_Lofts_history,https://students.colum.edu/residence-life/Housing_Options/dwight,high,,codex_audit,2026-07-21,reviewed_evidence
commercial,commercial_17172290130000,commercial_17172290130000,building_measurements,commercial_measurements,retain_source_units,2021,198,175808,9520,TRUE,TRUE,,,commercial_2024,commercial_2024_apartment_breakdown,commercial_2024,commercial_2024,semantic_ledger,The completed new-construction permit and latest assessor report identify a 198-unit high-rise,permit_100836738/commercial_2024,,high,The older address is attached to a preexisting footprint in the City layer,codex_audit,2026-07-21,reviewed_evidence
commercial,commercial_17201010100000,commercial_17201010100000,building_measurements,commercial_measurements,retain_source_units,2007,68,70403,32886,TRUE,TRUE,,,commercial_2024,commercial_apartment_breakdown,commercial_2024,commercial_2024,semantic_ledger,The source reports 68 senior apartments and the City building year supports study-period construction,city_building_year_support,,high,,codex_audit,2026-07-21,reviewed_evidence
commercial,commercial_19092030020000,commercial_19092030020000,building_measurements,commercial_measurements,retain_source_units,2017,95,85704,26090,TRUE,TRUE,,,commercial_2024,permit_100616594,commercial_2024,commercial_2024,semantic_ledger,The completed permit and assessor source identify 95 senior apartments,permit_100616594,,high,,codex_audit,2026-07-21,reviewed_evidence
commercial,commercial_19223000110000,commercial_19223000110000,building_measurements,commercial_measurements,retain_source_units,2009,126,122278,76245,TRUE,TRUE,,,commercial_2024,commercial_apartment_breakdown,commercial_2024,commercial_2024,semantic_ledger,Two assessor vintages consistently identify 126 senior apartments and stable physical fields,commercial_two_vintage_history,,medium,No issued new-construction permit was recovered from the post-2006 permit extract,codex_audit,2026-07-21,reviewed_evidence
commercial,commercial_20031190090000,commercial_20031190090000,building_measurements,commercial_measurements,retain_source_units,2007,3,4567,8601,TRUE,TRUE,,,commercial_2021,commercial_apartment_breakdown,commercial_2021,commercial_2021,semantic_ledger,The Class 9 row contains an explicit three-apartment breakdown and coherent building and parcel fields,commercial_2021_class9_record,,medium,No independent permit or public project record was recovered; the project lies outside 1500 feet,codex_audit,2026-07-21,reviewed_evidence
commercial,commercial_20262050130000,commercial_20262050130000,building_measurements,commercial_measurements,retain_source_units,2014,130,89781,45166,TRUE,TRUE,,,commercial_2024,latest_assessor_apartment_count,commercial_2024,commercial_2024,semantic_ledger,The completed permit establishes supportive-living construction and the later assessor reports 130 completed apartments rather than the 140 authorized units,permit_100623052/commercial_2024,,high,,codex_audit,2026-07-21,reviewed_evidence
commercial,commercial_20262280420000,commercial_20262280420000,building_measurements,commercial_measurements,retain_source_units,2006,136,67885,27216,TRUE,TRUE,,,commercial_2024,commercial_apartment_breakdown,commercial_2024,commercial_2024,semantic_ledger,The source reports 136 supportive-living apartments rather than beds and the facility was operating in the study period,Jackson_Park_supportive_living,https://hfs.illinois.gov/content/dam/soi/en/web/hfs/sitecollectiondocuments/HealthChoiceIllinoisADTParticipantStatus06282023.pdf,medium,The City footprint reports 2005 while the assessor reports 2006,codex_audit,2026-07-21,reviewed_evidence
commercial,commercial_20294260320000,commercial_20294260320000,building_measurements,commercial_measurements,retain_source_units,2007,85,75077,28269,TRUE,TRUE,,,commercial_2024,permit_100137674,commercial_2024,commercial_2024,semantic_ledger,The completed permit and assessor source identify 85 senior apartments,permit_100137674,,high,,codex_audit,2026-07-21,reviewed_evidence
commercial,commercial_17064080140000,commercial_17064080140000,building_measurements,commercial_measurements,retain_override,2013,99,108887,15861,TRUE,TRUE,,,project_manual_reviews.csv:commercial_17064080140000,commercial_2024_apartment_unit_sum_rows:60778,commercial_2024_rows:60778,commercial_2024_rows:60778,field_ledger,"Foundation and full-building permits were issued in 2012 and 2013 for the 99-unit building; the completed property is reported as built in 2013, not 2011.",100443295/100464542,https://www.forrent.com/il/chicago/1611-w-division/6mht01r,high,,recorded_decision_carryforward,2026-09-10,reviewed_evidence
commercial,commercial_20032050390000,commercial_20032050390000,building_measurements,commercial_measurements,exclude_recorded_review,,,,,FALSE,FALSE,,,,,,,field_ledger,The PIN is part of the older Paul G. Stewart complex. Permit and footprint evidence do not support a separate 48-unit new building in 2011; commercial property sites appear to repeat the Assessor record.,project_manual_reviews.csv:commercial_20032050390000,https://www.loopnet.com/Listing/400-E-41st-St-Chicago-IL/4706984/,high,,recorded_decision_carryforward,2026-09-10,reviewed_evidence
commercial,commercial_14194140460000,commercial_14194140460000,building_measurements,commercial_measurements,retain_override,2015,47,45362,34176,TRUE,TRUE,,,project_manual_reviews.csv:commercial_14194140460000,project_manual_reviews.csv:commercial_14194140460000,commercial_2021_field_fallback_rows:66475,commercial_2024_rows:40400,field_ledger,"The project is 3400 N Lincoln, not the historical 1728 W Roscoe parcel address. The new-building permit and City housing report place construction in 2015; the permit revision reduced the planned unit count from 48 to 47.",100603054,https://www.chicagorehab.org/content/cms/documents/2015_Q2_AHP5_report.pdf,high,,recorded_decision_carryforward,2026-09-10,reviewed_evidence
commercial,commercial_13143310300000,commercial_13143310300000,building_measurements,commercial_measurements,retain_override,2019,44,45579,23689,TRUE,TRUE,,,project_manual_reviews.csv:commercial_13143310300000,commercial_2024_apartment_unit_sum_rows:21282,commercial_2024_rows:21282,commercial_2024_rows:21282,field_ledger,"Independence Apartments is a new 44-unit building completed and opened in 2019, not 2020.",project_manual_reviews.csv:commercial_13143310300000,https://www.taylorjohnson.com/tj-news/evergreen-real-estate-group-celebrates-ribbon-cutting-of-independence-apartments-bringing-co-located-affordable-senior-housing-and-public-library-to-chicagos-irving-park-neighborhood/,high,,recorded_decision_carryforward,2026-09-10,reviewed_evidence
commercial,commercial_17083380260000,commercial_17083380260000,building_measurements,commercial_measurements,retain_override,2014,216,243280,47882,TRUE,TRUE,,,project_manual_reviews.csv:commercial_17083380260000,project_manual_reviews.csv:commercial_17083380260000,commercial_2024_rows:60928,commercial_2024_rows:60928,field_ledger,Foundation and full-building permits identify the 216-unit building at 1164 W Madison. Construction began in 2013 and occupancy began in 2014; the Assessor's selected 2011 year is too early.,100491297/100516509,https://yochicago.com/the-madison-apartments-1212-w-madison-west-loop/,high,,recorded_decision_carryforward,2026-09-10,reviewed_evidence
commercial,commercial_17083380230000,commercial_17083380230000,building_measurements,commercial_measurements,exclude_recorded_review,,,,,FALSE,FALSE,,,,,,,field_ledger,The 2015 work is explicitly a 42-unit addition to an existing 56-unit building rather than a new freestanding building.,100575789,,high,,recorded_decision_carryforward,2026-09-10,reviewed_evidence
commercial,commercial_20032050340000,commercial_20032050340000,building_measurements,commercial_measurements,exclude_recorded_review,,,,,FALSE,FALSE,,,,,,,field_ledger,"The records show partial demolition and exterior work on an existing multifamily building in 2011, followed by full demolition in 2013. They do not support a seven-unit new building in 2011.",100397253/100405368/100505790,,high,,recorded_decision_carryforward,2026-09-10,reviewed_evidence
commercial,commercial_17073270380000,commercial_17073270380000,building_measurements,commercial_measurements,retain_override,2007,16,30464,9000,TRUE,TRUE,,,project_manual_reviews.csv:commercial_17073270380000,project_manual_reviews.csv:commercial_17073270380000,commercial_2024_rows:60832,commercial_2024_rows:60832,field_ledger,MLS and building records consistently date the 2000-2006 W Warren development to 2007 rather than the Assessor's selected 2006 year.,project_manual_reviews.csv:commercial_17073270380000,https://www.realtor.com/realestateandhomes-detail/2006-W-Warren-Blvd-Unit-4SW_Chicago_IL_60612_M78740-41962,medium,,recorded_decision_carryforward,2026-09-10,reviewed_evidence
