source_date,file_name,file_size_bytes,source_modified_utc,md5
2014-01-10,2014-01-10--data_01c46fd3-0308-fb38-0042-fa07089c0a96_407_4_0.snappy.parquet,36501,2026-05-17T21:40:41.070000+00:00,783cb73811c4b8699257a53f2b47ed30
2014-01-11,2014-01-11--data_01c46fd3-0308-fb38-0042-fa07089c0a96_207_2_0.snappy.parquet,685375,2026-05-17T21:40:52.224000+00:00,62a0ede0bc3e0cfbae4dd4cb99593346
2014-01-17,2014-01-17--data_01c46fd3-0308-fb38-0042-fa07089c0a96_607_2_0.snappy.parquet,89351,2026-05-17T21:40:33.269000+00:00,50dde9b0c5aec5f760697d9fe7f20ba8
2014-01-18,2014-01-18--data_01c46fd3-0308-fb38-0042-fa07089c0a96_607_0_0.snappy.parquet,681776,2026-05-17T21:40:34.125000+00:00,c913294d5916482ef6f1d88a6e1df4d4
2014-01-24,2014-01-24--data_01c46fd3-0308-fb38-0042-fa07089c0a96_307_4_0.snappy.parquet,62410,2026-05-17T21:40:24.559000+00:00,eda6887098d7d6f7e418b11b1ac93d39
2014-01-25,2014-01-25--data_01c46fd3-0308-fb38-0042-fa07089c0a96_107_4_0.snappy.parquet,245878,2026-05-17T21:40:29.691000+00:00,f6e3123b45ec8724f242621461f69c32
2014-01-26,2014-01-26--data_01c46fd3-0308-fb38-0042-fa07089c0a96_007_4_0.snappy.parquet,41204,2026-05-17T21:40:32.658000+00:00,8f3a2f4bc019ce5a110e6f2912b1b8b1
2014-01-27,2014-01-27--data_01c46fd3-0308-fb38-0042-fa07089c0a96_107_2_0.snappy.parquet,28505,2026-05-17T21:40:23.938000+00:00,d700c113412eae5e39955c851565f233
2014-01-28,2014-01-28--data_01c46fd3-0308-fb38-0042-fa07089c0a96_507_4_0.snappy.parquet,518582,2026-05-17T21:40:45.722000+00:00,cd2b50704265485b693dbf4510830059
2014-02-01,2014-02-01--data_01c46fd3-0308-fb38-0042-fa07089c0a96_707_4_0.snappy.parquet,20638,2026-05-17T21:40:32.069000+00:00,9f380e8a732233ba6dad7a8c5b20168f
2014-02-02,2014-02-02--data_01c46fd3-0308-fb38-0042-fa07089c0a96_607_0_0.snappy.parquet,43277,2026-05-17T21:40:35.621000+00:00,31f1fe51d965c03f69eec45d94a67724
2014-02-03,2014-02-03--data_01c46fd3-0308-fb38-0042-fa07089c0a96_607_4_0.snappy.parquet,783946,2026-05-17T21:40:26.498000+00:00,6dea00ff4036fb876542edfaaea87fc5
2014-02-07,2014-02-07--data_01c46fd3-0308-fb38-0042-fa07089c0a96_307_4_0.snappy.parquet,43624,2026-05-17T21:41:04.901000+00:00,d341be2fd0f0bfacf9f70f5ce2b837c4
2014-02-08,2014-02-08--data_01c46fd3-0308-fb38-0042-fa07089c0a96_207_4_0.snappy.parquet,120169,2026-05-17T21:40:30.277000+00:00,f5c04bd2da5a19338cba5f19e76699f0
2014-02-09,2014-02-09--data_01c46fd3-0308-fb38-0042-fa07089c0a96_707_2_0.snappy.parquet,55894,2026-05-17T21:40:47.783000+00:00,f960411a21ec8c590f8cdb242092efc1
2014-02-10,2014-02-10--data_01c46fd3-0308-fb38-0042-fa07089c0a96_507_6_0.snappy.parquet,350768,2026-05-17T21:40:43.875000+00:00,e386a588ff161016a0a36d9880a538fa
2014-02-11,2014-02-11--data_01c46fd3-0308-fb38-0042-fa07089c0a96_707_2_0.snappy.parquet,276890,2026-05-17T21:41:03.695000+00:00,d3cb0072cb0b5340bddb12d1ae8bed52
2014-02-14,2014-02-14--data_01c46fd3-0308-fb38-0042-fa07089c0a96_107_6_0.snappy.parquet,85568,2026-05-17T21:41:00.888000+00:00,769d52c9354450ec0df89627d6a80b52
2014-02-15,2014-02-15--data_01c46fd3-0308-fb38-0042-fa07089c0a96_607_4_0.snappy.parquet,120995,2026-05-17T21:40:47.314000+00:00,0a4330bc5f0576513aa1b396e01f5496
2014-02-16,2014-02-16--data_01c46fd3-0308-fb38-0042-fa07089c0a96_707_6_0.snappy.parquet,66519,2026-05-17T21:40:49.586000+00:00,d733dc284fc2c4a20ac41861d03657e5
2014-02-17,2014-02-17--data_01c46fd3-0308-fb38-0042-fa07089c0a96_107_4_0.snappy.parquet,582370,2026-05-17T21:40:28.975000+00:00,dce67cb1dab1be0cd63fba91a8a4aea1
2014-02-22,2014-02-22--data_01c46fd3-0308-fb38-0042-fa07089c0a96_707_2_0.snappy.parquet,26416,2026-05-17T21:40:36.154000+00:00,42808ddcac51e29989cdb9ccc610b662
2014-02-23,2014-02-23--data_01c46fd3-0308-fb38-0042-fa07089c0a96_407_0_0.snappy.parquet,772688,2026-05-17T21:40:24.193000+00:00,26fe306048d170968c1ca7393892d61e
2014-02-28,2014-02-28--data_01c46fd3-0308-fb38-0042-fa07089c0a96_107_0_0.snappy.parquet,55087,2026-05-17T21:40:29.158000+00:00,ccbced582ad1934d49f6610f5f63474e
2014-03-01,2014-03-01--data_01c46fd3-0308-fb38-0042-fa07089c0a96_207_0_0.snappy.parquet,136212,2026-05-17T21:40:51.490000+00:00,eab878cc5dfba25e486b834cfd54cef4
2014-03-02,2014-03-02--data_01c46fd3-0308-fb38-0042-fa07089c0a96_207_2_0.snappy.parquet,44878,2026-05-17T21:40:38.727000+00:00,bf6a9461015da5ac28cba0c670c924a2
2014-03-03,2014-03-03--data_01c46fd3-0308-fb38-0042-fa07089c0a96_207_4_0.snappy.parquet,583812,2026-05-17T21:40:29.527000+00:00,e5f635ae3bc923716dbacba425eb52ef
2014-03-08,2014-03-08--data_01c46fd3-0308-fb38-0042-fa07089c0a96_107_4_0.snappy.parquet,28060,2026-05-17T21:40:33.414000+00:00,aefdbacdf2603335ca2dcd61e1ed589d
2014-03-09,2014-03-09--data_01c46fd3-0308-fb38-0042-fa07089c0a96_207_6_0.snappy.parquet,788038,2026-05-17T21:40:36.988000+00:00,66d7db7441b771896783b3aa3c8b33dc
2014-03-14,2014-03-14--data_01c46fd3-0308-fb38-0042-fa07089c0a96_707_0_0.snappy.parquet,50321,2026-05-17T21:40:23.921000+00:00,8025aada2aa9b281b71d084d7fe4213a
2014-03-15,2014-03-15--data_01c46fd3-0308-fb38-0042-fa07089c0a96_107_4_0.snappy.parquet,168675,2026-05-17T21:40:40.104000+00:00,745c327c460c723e12b039eae4f5697f
2014-03-16,2014-03-16--data_01c46fd3-0308-fb38-0042-fa07089c0a96_107_6_0.snappy.parquet,615765,2026-05-17T21:40:59.926000+00:00,9f60e8e31d0f8e6ff7191c0c06a5496b
2014-03-24,2014-03-24--data_01c46fd3-0308-fb38-0042-fa07089c0a96_007_2_0.snappy.parquet,371825,2026-05-17T21:40:39.824000+00:00,f4eb1745eb436d5560f8f516aef8ba2f
2014-03-25,2014-03-25--data_01c46fd3-0308-fb38-0042-fa07089c0a96_107_4_0.snappy.parquet,482376,2026-05-17T21:40:28.958000+00:00,d2a43101e9f3a0a3530ad90e733badf3
2014-03-28,2014-03-28--data_01c46fd3-0308-fb38-0042-fa07089c0a96_507_0_0.snappy.parquet,428246,2026-05-17T21:40:49.946000+00:00,3fe71258298a2bc32511a44147ce5179
2014-03-29,2014-03-29--data_01c46fd3-0308-fb38-0042-fa07089c0a96_107_4_0.snappy.parquet,376020,2026-05-17T21:40:30.597000+00:00,0eda7d0d48943c8696d3e43339452914
2014-04-04,2014-04-04--data_01c46fd3-0308-fb38-0042-fa07089c0a96_107_4_0.snappy.parquet,371292,2026-05-17T21:40:30.240000+00:00,ffa13a60f663d10ed6ad54a480d86f6f
2014-04-05,2014-04-05--data_01c46fd3-0308-fb38-0042-fa07089c0a96_007_0_0.snappy.parquet,523011,2026-05-17T21:40:33.562000+00:00,76e4870a7ec9c680c5dd609175385945
2014-04-11,2014-04-11--data_01c46fd3-0308-fb38-0042-fa07089c0a96_507_2_0.snappy.parquet,273491,2026-05-17T21:40:46.037000+00:00,2e05e21ba8a1c8f5b458ac03f1f061a6
2014-04-12,2014-04-12--data_01c46fd3-0308-fb38-0042-fa07089c0a96_207_0_0.snappy.parquet,607015,2026-05-17T21:40:39.709000+00:00,a50421c71660949cc14607bc4dda8703
2014-04-18,2014-04-18--data_01c46fd3-0308-fb38-0042-fa07089c0a96_507_2_0.snappy.parquet,373366,2026-05-17T21:41:00.642000+00:00,dfb96b44e71f66daf6547d6174bd5b28
2014-04-19,2014-04-19--data_01c46fd3-0308-fb38-0042-fa07089c0a96_407_0_0.snappy.parquet,798024,2026-05-17T21:41:07.151000+00:00,3e85b079008fc80bb64cd9c34df6e5c7
2014-04-25,2014-04-25--data_01c46fd3-0308-fb38-0042-fa07089c0a96_707_0_0.snappy.parquet,163564,2026-05-17T21:40:38.783000+00:00,598b265275df2aab0e68bdca42443ebe
2014-04-26,2014-04-26--data_01c46fd3-0308-fb38-0042-fa07089c0a96_307_0_0.snappy.parquet,1124024,2026-05-17T21:40:50.046000+00:00,7de0ff9b6ca7ea415c82273e41f17987
2014-05-02,2014-05-02--data_01c46fd3-0308-fb38-0042-fa07089c0a96_207_0_0.snappy.parquet,182215,2026-05-17T21:41:05.231000+00:00,e3d3bbc1736449e3ea4e89c1e5cfcf84
2014-05-03,2014-05-03--data_01c46fd3-0308-fb38-0042-fa07089c0a96_707_4_0.snappy.parquet,1039606,2026-05-17T21:40:53.807000+00:00,9d0bbcbe45f85e3bf9e63e6ff242bc1c
2014-05-10,2014-05-10--data_01c46fd3-0308-fb38-0042-fa07089c0a96_407_0_0.snappy.parquet,372043,2026-05-17T21:40:33.750000+00:00,2e78186667a037cbc141bbba001bf5d8
2014-05-11,2014-05-11--data_01c46fd3-0308-fb38-0042-fa07089c0a96_207_4_0.snappy.parquet,896772,2026-05-17T21:40:44.685000+00:00,2fef516408b39a0148511cd648bf77c1
2014-05-17,2014-05-17--data_01c46fd3-0308-fb38-0042-fa07089c0a96_707_6_0.snappy.parquet,209543,2026-05-17T21:40:49.429000+00:00,7e77a18793ce3833b6e9252d7665b972
2014-05-18,2014-05-18--data_01c46fd3-0308-fb38-0042-fa07089c0a96_407_4_0.snappy.parquet,146577,2026-05-17T21:40:33.271000+00:00,1868cad9647a4dc7c8d62687092f876a
2014-05-23,2014-05-23--data_01c46fd3-0308-fb38-0042-fa07089c0a96_507_6_0.snappy.parquet,1048476,2026-05-17T21:40:41.199000+00:00,4c67f69c171692d98cd3ab356868cd6f
2014-05-24,2014-05-24--data_01c46fd3-0308-fb38-0042-fa07089c0a96_607_4_0.snappy.parquet,1055660,2026-05-17T21:40:46.928000+00:00,23c1505bfb0ff88c3028e6a02e28a5f1
2014-05-30,2014-05-30--data_01c46fd3-0308-fb38-0042-fa07089c0a96_207_4_0.snappy.parquet,178570,2026-05-17T21:40:29.589000+00:00,0666f40c94c9fdd180a53e5d9f5ea691
2014-05-31,2014-05-31--data_01c46fd3-0308-fb38-0042-fa07089c0a96_107_0_0.snappy.parquet,956312,2026-05-17T21:40:40.299000+00:00,8835f9ac0db93c57c4a0995e665c299f
2014-06-06,2014-06-06--data_01c46fd3-0308-fb38-0042-fa07089c0a96_007_0_0.snappy.parquet,127545,2026-05-17T21:40:48.583000+00:00,9eac36d56c2d08090bb24410ab969bd5
2014-06-07,2014-06-07--data_01c46fd3-0308-fb38-0042-fa07089c0a96_507_0_0.snappy.parquet,1027823,2026-05-17T21:40:39.945000+00:00,f0c9dba9bc7be791106f05192eb14039
2014-06-13,2014-06-13--data_01c46fd3-0308-fb38-0042-fa07089c0a96_107_2_0.snappy.parquet,144984,2026-05-17T21:41:06.855000+00:00,58af0cf62542bbfb0426c14c26ef6a64
2014-06-14,2014-06-14--data_01c46fd3-0308-fb38-0042-fa07089c0a96_007_6_0.snappy.parquet,1038323,2026-05-17T21:40:52.002000+00:00,160ce5703880d790503bd1aa245d6d4d
2014-06-20,2014-06-20--data_01c46fd3-0308-fb38-0042-fa07089c0a96_007_0_0.snappy.parquet,174357,2026-05-17T21:40:48.310000+00:00,37fb3f6dc3c75f8d1c1a6df52998f688
2014-06-21,2014-06-21--data_01c46fd3-0308-fb38-0042-fa07089c0a96_207_0_0.snappy.parquet,1016441,2026-05-17T21:40:46.401000+00:00,f8aad5400367df396f591ee5c93f22a9
2014-06-27,2014-06-27--data_01c46fd3-0308-fb38-0042-fa07089c0a96_607_4_0.snappy.parquet,196792,2026-05-17T21:40:27.224000+00:00,f68ed13a9fc2d503c8dfb67d262893ef
2014-06-28,2014-06-28--data_01c46fd3-0308-fb38-0042-fa07089c0a96_407_6_0.snappy.parquet,1029822,2026-05-17T21:40:52.265000+00:00,7f61a4f20a8629132d9929d16845e776
2014-07-04,2014-07-04--data_01c46fd3-0308-fb38-0042-fa07089c0a96_707_0_0.snappy.parquet,176887,2026-05-17T21:40:26.806000+00:00,a720daeb5a14249487ff5bc7e9e21ddf
2014-07-05,2014-07-05--data_01c46fd3-0308-fb38-0042-fa07089c0a96_407_4_0.snappy.parquet,1022272,2026-05-17T21:40:24.322000+00:00,62008c4d7736d484dadeb61b900eee29
2014-07-11,2014-07-11--data_01c46fd3-0308-fb38-0042-fa07089c0a96_507_4_0.snappy.parquet,185801,2026-05-17T21:40:36.086000+00:00,016e31a96393cdde3195bc62aee89606
2014-07-12,2014-07-12--data_01c46fd3-0308-fb38-0042-fa07089c0a96_307_6_0.snappy.parquet,990525,2026-05-17T21:40:58.693000+00:00,23adb9c2db4c2e75294940c9f502d994
2014-07-18,2014-07-18--data_01c46fd3-0308-fb38-0042-fa07089c0a96_007_6_0.snappy.parquet,75876,2026-05-17T21:40:25.548000+00:00,cde3ec4610901c191858dc0ed3d587ee
2014-07-19,2014-07-19--data_01c46fd3-0308-fb38-0042-fa07089c0a96_707_2_0.snappy.parquet,240565,2026-05-17T21:41:04.158000+00:00,31fbc7ed751785d41e72e1565cfac96c
2014-07-20,2014-07-20--data_01c46fd3-0308-fb38-0042-fa07089c0a96_207_6_0.snappy.parquet,959923,2026-05-17T21:40:53.336000+00:00,1dd8e7b83900d375d3b7db181bc13968
2014-07-25,2014-07-25--data_01c46fd3-0308-fb38-0042-fa07089c0a96_207_0_0.snappy.parquet,219091,2026-05-17T21:40:39.334000+00:00,d6b5c7f6b9247755d0aeec66b51a40d4
2014-07-26,2014-07-26--data_01c46fd3-0308-fb38-0042-fa07089c0a96_307_0_0.snappy.parquet,1172734,2026-05-17T21:40:47.776000+00:00,c5434e3762fe660b74731b38d3b9105f
2014-08-01,2014-08-01--data_01c46fd3-0308-fb38-0042-fa07089c0a96_207_6_0.snappy.parquet,286900,2026-05-17T21:41:02.465000+00:00,33fbcb6fd3a10d8f4741c96ad5453324
2014-08-02,2014-08-02--data_01c46fd3-0308-fb38-0042-fa07089c0a96_507_0_0.snappy.parquet,1199057,2026-05-17T21:40:48.440000+00:00,5273875de517483b49fa34ee5e01ef74
2014-08-08,2014-08-08--data_01c46fd3-0308-fb38-0042-fa07089c0a96_007_0_0.snappy.parquet,190794,2026-05-17T21:40:44.377000+00:00,e66648fdf0b12da7d12ebd69dda92837
2014-08-09,2014-08-09--data_01c46fd3-0308-fb38-0042-fa07089c0a96_407_0_0.snappy.parquet,1304371,2026-05-17T21:41:11.032000+00:00,f5be73aecea84790f854aef44ef632e7
2014-08-15,2014-08-15--data_01c46fd3-0308-fb38-0042-fa07089c0a96_207_4_0.snappy.parquet,177816,2026-05-17T21:40:56.520000+00:00,b9b3ea1e09370fdc0e6c963946f6ec30
2014-08-16,2014-08-16--data_01c46fd3-0308-fb38-0042-fa07089c0a96_707_0_0.snappy.parquet,1193600,2026-05-17T21:40:35.126000+00:00,a0e4632d93718aeecde13afa7476239b
2014-08-22,2014-08-22--data_01c46fd3-0308-fb38-0042-fa07089c0a96_407_2_0.snappy.parquet,233013,2026-05-17T21:40:31.518000+00:00,965f1274c89f4d24c0d322e78397a132
2014-08-23,2014-08-23--data_01c46fd3-0308-fb38-0042-fa07089c0a96_207_6_0.snappy.parquet,1111421,2026-05-17T21:40:51.778000+00:00,671f6ee80da91de9d3e6661120e8b592
2014-08-29,2014-08-29--data_01c46fd3-0308-fb38-0042-fa07089c0a96_307_6_0.snappy.parquet,298805,2026-05-17T21:41:09.648000+00:00,9b646195346481944135b866debac116
2014-08-30,2014-08-30--data_01c46fd3-0308-fb38-0042-fa07089c0a96_207_6_0.snappy.parquet,1054357,2026-05-17T21:40:54.301000+00:00,459be8b5ec1a0a82a05110f9313e0861
2014-09-05,2014-09-05--data_01c46fd3-0308-fb38-0042-fa07089c0a96_307_6_0.snappy.parquet,234823,2026-05-17T21:41:10.024000+00:00,5d282632b5c7146cc1b8981f8c6de9af
2014-09-06,2014-09-06--data_01c46fd3-0308-fb38-0042-fa07089c0a96_707_6_0.snappy.parquet,1105001,2026-05-17T21:40:47.811000+00:00,894fcdff54d008e7c89df7f156ae098f
2014-09-12,2014-09-12--data_01c46fd3-0308-fb38-0042-fa07089c0a96_207_6_0.snappy.parquet,195374,2026-05-17T21:40:27.695000+00:00,d0533e4faf5708d7ca2cb172aa2a78fd
2014-09-13,2014-09-13--data_01c46fd3-0308-fb38-0042-fa07089c0a96_007_6_0.snappy.parquet,1174721,2026-05-17T21:40:56.369000+00:00,8006e5a4d58f38e8f9a05e4c04506e8d
2014-09-19,2014-09-19--data_01c46fd3-0308-fb38-0042-fa07089c0a96_707_0_0.snappy.parquet,181793,2026-05-17T21:40:34.780000+00:00,4d4109e81502cb581df424f4a320645c
2014-09-20,2014-09-20--data_01c46fd3-0308-fb38-0042-fa07089c0a96_407_2_0.snappy.parquet,1197414,2026-05-17T21:40:30.641000+00:00,525b3a4b589a8bd2d85a88272c612151
2014-09-29,2014-09-29--data_01c46fd3-0308-fb38-0042-fa07089c0a96_207_6_0.snappy.parquet,356444,2026-05-17T21:40:54.475000+00:00,574124e457d22627be2737a26433d92e
2014-09-30,2014-09-30--data_01c46fd3-0308-fb38-0042-fa07089c0a96_607_4_0.snappy.parquet,1044389,2026-05-17T21:40:28.151000+00:00,e4b0883dc201e9a0e22ea92643ff42b9
2014-10-03,2014-10-03--data_01c46fd3-0308-fb38-0042-fa07089c0a96_407_4_0.snappy.parquet,149892,2026-05-17T21:40:27.132000+00:00,4013d643b7bb85567049c82bdee6a277
2014-10-04,2014-10-04--data_01c46fd3-0308-fb38-0042-fa07089c0a96_207_4_0.snappy.parquet,1276932,2026-05-17T21:40:53.124000+00:00,d0f46920df785ce20479bbb7e71dba2e
2014-10-10,2014-10-10--data_01c46fd3-0308-fb38-0042-fa07089c0a96_107_0_0.snappy.parquet,193440,2026-05-17T21:40:33.126000+00:00,b22876f64d1ce069934416245ed63c3d
2014-10-11,2014-10-11--data_01c46fd3-0308-fb38-0042-fa07089c0a96_707_4_0.snappy.parquet,1194052,2026-05-17T21:40:53.606000+00:00,ba813111e95e470e78099c9aa1f3e804
2014-10-17,2014-10-17--data_01c46fd3-0308-fb38-0042-fa07089c0a96_007_6_0.snappy.parquet,283996,2026-05-17T21:40:38.617000+00:00,2c4c1c030a4af6a7cec8eb40f533c2c9
2014-10-18,2014-10-18--data_01c46fd3-0308-fb38-0042-fa07089c0a96_007_6_0.snappy.parquet,1066507,2026-05-17T21:40:57.636000+00:00,b07aaeee8fce1bb339c0affc9f3bc309
2014-10-24,2014-10-24--data_01c46fd3-0308-fb38-0042-fa07089c0a96_207_0_0.snappy.parquet,261730,2026-05-17T21:40:46.496000+00:00,e48c0a7175da86fb3747653252f2a265
2014-10-25,2014-10-25--data_01c46fd3-0308-fb38-0042-fa07089c0a96_607_2_0.snappy.parquet,1087410,2026-05-17T21:40:48.760000+00:00,97c5ac27177395f0ab1abe576bd774d6
2014-10-31,2014-10-31--data_01c46fd3-0308-fb38-0042-fa07089c0a96_207_0_0.snappy.parquet,218141,2026-05-17T21:40:52.110000+00:00,ac23780d04235d6f20306f23fec32669
2014-11-01,2014-11-01--data_01c46fd3-0308-fb38-0042-fa07089c0a96_007_4_0.snappy.parquet,1062850,2026-05-17T21:40:34.510000+00:00,2b196fefe8144f04b603e6bfa6692054
2014-11-07,2014-11-07--data_01c46fd3-0308-fb38-0042-fa07089c0a96_507_2_0.snappy.parquet,181065,2026-05-17T21:40:24.937000+00:00,2aa58b39cb049b8232b65c2265e3ea34
2014-11-08,2014-11-08--data_01c46fd3-0308-fb38-0042-fa07089c0a96_307_2_0.snappy.parquet,1112111,2026-05-17T21:40:23.995000+00:00,6996bafa4357881770bcf5c2e7c3895b
2014-11-14,2014-11-14--data_01c46fd3-0308-fb38-0042-fa07089c0a96_707_6_0.snappy.parquet,184919,2026-05-17T21:40:39.755000+00:00,55ce67ca638dcb5d48dda8356a53844f
2014-11-15,2014-11-15--data_01c46fd3-0308-fb38-0042-fa07089c0a96_107_2_0.snappy.parquet,1127577,2026-05-17T21:40:30.944000+00:00,dce6ac6f4f1469653c7ccb22b0cf3e20
2014-11-21,2014-11-21--data_01c46fd3-0308-fb38-0042-fa07089c0a96_407_0_0.snappy.parquet,368221,2026-05-17T21:41:08.192000+00:00,d2523125b2b8d3982c53d51cc167f8a5
2014-11-22,2014-11-22--data_01c46fd3-0308-fb38-0042-fa07089c0a96_307_6_0.snappy.parquet,993957,2026-05-17T21:41:13.853000+00:00,3ef957df68379760100ad190a118312d
2014-12-01,2014-12-01--data_01c46fd3-0308-fb38-0042-fa07089c0a96_407_0_0.snappy.parquet,635710,2026-05-17T21:41:10.163000+00:00,2adccca8bfd0039aaa20bd34b73f9d58
2014-12-02,2014-12-02--data_01c46fd3-0308-fb38-0042-fa07089c0a96_107_4_0.snappy.parquet,738130,2026-05-17T21:40:44.149000+00:00,bd6e88f72f7f286f0ca1af7e5e28b3da
2014-12-05,2014-12-05--data_01c46fd3-0308-fb38-0042-fa07089c0a96_407_4_0.snappy.parquet,262881,2026-05-17T21:40:27.361000+00:00,b3cbbde30a27e49e66b94dbd2175f0cf
2014-12-06,2014-12-06--data_01c46fd3-0308-fb38-0042-fa07089c0a96_607_6_0.snappy.parquet,1035327,2026-05-17T21:41:03.877000+00:00,70c26469fd33277c13ec7b2a729a365e
2014-12-15,2014-12-15--data_01c46fd3-0308-fb38-0042-fa07089c0a96_207_6_0.snappy.parquet,864879,2026-05-17T21:40:37.488000+00:00,bb1325849f2f7d20e016d405c3d817c8
2014-12-16,2014-12-16--data_01c46fd3-0308-fb38-0042-fa07089c0a96_307_4_0.snappy.parquet,473996,2026-05-17T21:40:30.395000+00:00,29a1775fcebdc79764031cde5a0e4e97
2014-12-21,2014-12-21--data_01c46fd3-0308-fb38-0042-fa07089c0a96_407_2_0.snappy.parquet,1336110,2026-05-17T21:40:44.939000+00:00,294137b662d4b035a34e01ed6871ad4b
2014-12-27,2014-12-27--data_01c46fd3-0308-fb38-0042-fa07089c0a96_207_4_0.snappy.parquet,293878,2026-05-17T21:40:55.965000+00:00,3bd67820329ce9af3846f027ec31ac07
2014-12-28,2014-12-28--data_01c46fd3-0308-fb38-0042-fa07089c0a96_207_2_0.snappy.parquet,1077069,2026-05-17T21:40:42.288000+00:00,b593d96378673a6461b53edce79f0c77
2015-01-02,2015-01-02--data_01c46fd3-0308-fb38-0042-fa07089c0a96_407_2_0.snappy.parquet,228090,2026-05-17T21:40:30.907000+00:00,a40d28076caf8d8980837dc1f451205e
2015-01-03,2015-01-03--data_01c46fd3-0308-fb38-0042-fa07089c0a96_707_4_0.snappy.parquet,968808,2026-05-17T21:40:52.786000+00:00,90aac47551e9a093ae6647adb9ac4414
2015-01-09,2015-01-09--data_01c46fd3-0308-fb38-0042-fa07089c0a96_207_4_0.snappy.parquet,248429,2026-05-17T21:40:45.506000+00:00,c8c5f90c142b4ce432e9c817d9a5d16b
2015-01-10,2015-01-10--data_01c46fd3-0308-fb38-0042-fa07089c0a96_707_0_0.snappy.parquet,990925,2026-05-17T21:40:27.977000+00:00,a02267ec5c5b7e9ec72d796e72346f44
2015-01-16,2015-01-16--data_01c46fd3-0308-fb38-0042-fa07089c0a96_707_4_0.snappy.parquet,225027,2026-05-17T21:40:55.013000+00:00,d0869a6d74b24011e38e9fd28ff29b57
2015-01-17,2015-01-17--data_01c46fd3-0308-fb38-0042-fa07089c0a96_007_2_0.snappy.parquet,971919,2026-05-17T21:40:33.492000+00:00,ef77fdb58cbb2b2d14a36336603bf101
2015-01-23,2015-01-23--data_01c46fd3-0308-fb38-0042-fa07089c0a96_207_4_0.snappy.parquet,302965,2026-05-17T21:40:49.620000+00:00,b75f3daa1e8b54e47f71218c0329ecdb
2015-01-24,2015-01-24--data_01c46fd3-0308-fb38-0042-fa07089c0a96_507_4_0.snappy.parquet,1001743,2026-05-17T21:40:23.882000+00:00,95567d1ac03f476c0a8bb33de8c35755
2015-01-30,2015-01-30--data_01c46fd3-0308-fb38-0042-fa07089c0a96_307_4_0.snappy.parquet,588266,2026-05-17T21:40:57.541000+00:00,45a102d99a7930d64ac6e9fc9951d1ab
2015-01-31,2015-01-31--data_01c46fd3-0308-fb38-0042-fa07089c0a96_007_0_0.snappy.parquet,702396,2026-05-17T21:40:25.614000+00:00,0df888be9e4c6254992d4219897769d6
2015-02-06,2015-02-06--data_01c46fd3-0308-fb38-0042-fa07089c0a96_707_6_0.snappy.parquet,610195,2026-05-17T21:40:36.994000+00:00,9507cc49e4b6e05c5e8499b3425264d9
2015-02-07,2015-02-07--data_01c46fd3-0308-fb38-0042-fa07089c0a96_107_0_0.snappy.parquet,737451,2026-05-17T21:40:30.626000+00:00,d7b7f3c5b92b1ec9d04df7d960c4cf5c
2015-02-13,2015-02-13--data_01c46fd3-0308-fb38-0042-fa07089c0a96_607_4_0.snappy.parquet,761383,2026-05-17T21:40:47.844000+00:00,918e2231bb94121868cefd25de5d69c6
2015-02-14,2015-02-14--data_01c46fd3-0308-fb38-0042-fa07089c0a96_407_6_0.snappy.parquet,675594,2026-05-17T21:40:38.351000+00:00,82edd26c154fcd5f9ffbc602a570c325
2015-02-20,2015-02-20--data_01c46fd3-0308-fb38-0042-fa07089c0a96_207_6_0.snappy.parquet,1079283,2026-05-17T21:40:27.141000+00:00,5b08fd5fd8a3bb781985f3e0eea01f62
2015-02-21,2015-02-21--data_01c46fd3-0308-fb38-0042-fa07089c0a96_507_6_0.snappy.parquet,313208,2026-05-17T21:40:43.253000+00:00,d26fde5b8b8a4571166e6f4bc01e6993
2015-03-02,2015-03-02--data_01c46fd3-0308-fb38-0042-fa07089c0a96_307_4_0.snappy.parquet,1323802,2026-05-17T21:41:01.618000+00:00,5ad63b90102cf640e2557816dc5c5070
2015-03-06,2015-03-06--data_01c46fd3-0308-fb38-0042-fa07089c0a96_407_0_0.snappy.parquet,596840,2026-05-17T21:40:33.663000+00:00,3a7ce15789e73f98d4d55a71f0f35c9c
2015-03-07,2015-03-07--data_01c46fd3-0308-fb38-0042-fa07089c0a96_507_6_0.snappy.parquet,757742,2026-05-17T21:40:29.968000+00:00,6f38996a47a2dfd9681dcff3314d601a
2015-03-13,2015-03-13--data_01c46fd3-0308-fb38-0042-fa07089c0a96_607_0_0.snappy.parquet,723010,2026-05-17T21:40:26.718000+00:00,ce15cc8be6842afce410cb73a1020bd4
2015-03-14,2015-03-14--data_01c46fd3-0308-fb38-0042-fa07089c0a96_307_0_0.snappy.parquet,746416,2026-05-17T21:40:39.893000+00:00,a7e1ef0a77fce17eac889a9e5a420983
2015-03-20,2015-03-20--data_01c46fd3-0308-fb38-0042-fa07089c0a96_107_2_0.snappy.parquet,851030,2026-05-17T21:41:03.398000+00:00,1974bd9ee6ed8349b0f6cf5bc40e1d4f
2015-03-21,2015-03-21--data_01c46fd3-0308-fb38-0042-fa07089c0a96_107_0_0.snappy.parquet,594892,2026-05-17T21:40:40.740000+00:00,83e430d141162588b5704c8e30f78daf
2015-03-27,2015-03-27--data_01c46fd3-0308-fb38-0042-fa07089c0a96_107_0_0.snappy.parquet,856377,2026-05-17T21:40:36.736000+00:00,b44ad33a943aa01df86da302e45488a3
2015-03-28,2015-03-28--data_01c46fd3-0308-fb38-0042-fa07089c0a96_107_0_0.snappy.parquet,586538,2026-05-17T21:40:31.606000+00:00,ccff79601acb2873b1784eaf7bddcf2a
2015-04-03,2015-04-03--data_01c46fd3-0308-fb38-0042-fa07089c0a96_007_4_0.snappy.parquet,528715,2026-05-17T21:40:28.829000+00:00,e0e128056f85a04f1062df15b82daeff
2015-04-04,2015-04-04--data_01c46fd3-0308-fb38-0042-fa07089c0a96_607_6_0.snappy.parquet,931663,2026-05-17T21:40:46.239000+00:00,f90894a8b69a5857e349b701d702ed19
2015-04-10,2015-04-10--data_01c46fd3-0308-fb38-0042-fa07089c0a96_107_4_0.snappy.parquet,628264,2026-05-17T21:40:43.352000+00:00,570dde674c1a53f49305344f8922a24e
2015-04-11,2015-04-11--data_01c46fd3-0308-fb38-0042-fa07089c0a96_207_6_0.snappy.parquet,863076,2026-05-17T21:40:30.627000+00:00,cbac02b4057995b68213e11218820cb5
2015-04-17,2015-04-17--data_01c46fd3-0308-fb38-0042-fa07089c0a96_607_2_0.snappy.parquet,498443,2026-05-17T21:40:31.927000+00:00,1a169c919e8930c2393a0436b5077a2f
2015-04-18,2015-04-18--data_01c46fd3-0308-fb38-0042-fa07089c0a96_507_4_0.snappy.parquet,1126342,2026-05-17T21:41:06.540000+00:00,a5e374205450b6edc31e516262f71dec
2015-04-24,2015-04-24--data_01c46fd3-0308-fb38-0042-fa07089c0a96_707_6_0.snappy.parquet,699383,2026-05-17T21:40:55.941000+00:00,77130f9c2a223e835fd6155de09dd624
2015-04-25,2015-04-25--data_01c46fd3-0308-fb38-0042-fa07089c0a96_407_0_0.snappy.parquet,1041044,2026-05-17T21:40:48.308000+00:00,36fd19b452c942514aa0c36be949be3f
2015-05-01,2015-05-01--data_01c46fd3-0308-fb38-0042-fa07089c0a96_107_4_0.snappy.parquet,743181,2026-05-17T21:40:38.918000+00:00,ea89138036e820b5088e226ec5eb41f9
2015-05-02,2015-05-02--data_01c46fd3-0308-fb38-0042-fa07089c0a96_107_4_0.snappy.parquet,911516,2026-05-17T21:40:46.787000+00:00,ef913607da05c06753aa27cb3de70db3
2015-05-08,2015-05-08--data_01c46fd3-0308-fb38-0042-fa07089c0a96_507_0_0.snappy.parquet,937822,2026-05-17T21:40:49.014000+00:00,53e88621339f15062fff77776605a85b
2015-05-09,2015-05-09--data_01c46fd3-0308-fb38-0042-fa07089c0a96_707_6_0.snappy.parquet,572825,2026-05-17T21:40:45.408000+00:00,02a2c765324580715b6d3418663b2521
2015-05-12,2015-05-12--data_01c46fd3-0308-fb38-0042-fa07089c0a96_307_0_0.snappy.parquet,11636,2026-05-17T21:40:54.277000+00:00,3c0ca11d2f6348c7ad2803c0758c5137
2015-05-14,2015-05-14--data_01c46fd3-0308-fb38-0042-fa07089c0a96_307_2_0.snappy.parquet,11189,2026-05-17T21:40:46.128000+00:00,51eeefb904cac8af1d8840cd338b2232
2015-05-15,2015-05-15--data_01c46fd3-0308-fb38-0042-fa07089c0a96_307_0_0.snappy.parquet,931344,2026-05-17T21:40:46.766000+00:00,84574ef76f586cdadc647fd2eccbc6a9
2015-05-16,2015-05-16--data_01c46fd3-0308-fb38-0042-fa07089c0a96_707_2_0.snappy.parquet,532468,2026-05-17T21:41:00.642000+00:00,b3d2eecbe39f74e5ddf1ad7753227654
2015-05-17,2015-05-17--data_01c46fd3-0308-fb38-0042-fa07089c0a96_607_6_0.snappy.parquet,31199,2026-05-17T21:40:34.025000+00:00,65d4f0c1de40611bf2097ede606dcb76
2015-05-18,2015-05-18--data_01c46fd3-0308-fb38-0042-fa07089c0a96_307_2_0.snappy.parquet,31226,2026-05-17T21:40:39.860000+00:00,2581557f1bcd654404df79ca29178a74
2015-05-19,2015-05-19--data_01c46fd3-0308-fb38-0042-fa07089c0a96_007_0_0.snappy.parquet,31337,2026-05-17T21:40:40.892000+00:00,45777e00e080f12ff900e4a92e8db391
2015-05-20,2015-05-20--data_01c46fd3-0308-fb38-0042-fa07089c0a96_207_0_0.snappy.parquet,31421,2026-05-17T21:40:57.696000+00:00,1100bde68575ef2355882020db924960
2015-05-21,2015-05-21--data_01c46fd3-0308-fb38-0042-fa07089c0a96_207_0_0.snappy.parquet,31457,2026-05-17T21:40:46.282000+00:00,d01d94d065706d7f7e7a1df60124aa0f
2015-05-22,2015-05-22--data_01c46fd3-0308-fb38-0042-fa07089c0a96_507_0_0.snappy.parquet,1265889,2026-05-17T21:40:44.232000+00:00,ed40fc5f38965e51b92173f84434f162
2015-05-23,2015-05-23--data_01c46fd3-0308-fb38-0042-fa07089c0a96_207_0_0.snappy.parquet,97984,2026-05-17T21:41:00.225000+00:00,67b59afc4414ef151c05aaca378f7a1f
2015-05-24,2015-05-24--data_01c46fd3-0308-fb38-0042-fa07089c0a96_707_6_0.snappy.parquet,31178,2026-05-17T21:40:39.315000+00:00,f764ddf76707ae11bdb17e2dc3e5b967
2015-05-25,2015-05-25--data_01c46fd3-0308-fb38-0042-fa07089c0a96_307_0_0.snappy.parquet,30710,2026-05-17T21:40:35.322000+00:00,89ac2aeb7051047d58fd4acc47a2c359
2015-05-26,2015-05-26--data_01c46fd3-0308-fb38-0042-fa07089c0a96_107_6_0.snappy.parquet,31091,2026-05-17T21:40:51.915000+00:00,51f6998e477dae5790d12c4dd8eab9cc
2015-05-27,2015-05-27--data_01c46fd3-0308-fb38-0042-fa07089c0a96_107_0_0.snappy.parquet,31117,2026-05-17T21:40:33.578000+00:00,0cfb2400ef1011bc486cf64b9fc4033c
2015-05-28,2015-05-28--data_01c46fd3-0308-fb38-0042-fa07089c0a96_707_4_0.snappy.parquet,31227,2026-05-17T21:40:34.757000+00:00,22d30cafcee3ec82cd1032a6ad3a3f1a
2015-05-29,2015-05-29--data_01c46fd3-0308-fb38-0042-fa07089c0a96_707_2_0.snappy.parquet,1029674,2026-05-17T21:41:00.026000+00:00,50b0af30c7542056c5115eeaf5c4d7b5
2015-05-30,2015-05-30--data_01c46fd3-0308-fb38-0042-fa07089c0a96_507_6_0.snappy.parquet,367554,2026-05-17T21:40:40.857000+00:00,62015d198f208ee1de0d2e293ad46db8
2015-05-31,2015-05-31--data_01c46fd3-0308-fb38-0042-fa07089c0a96_607_4_0.snappy.parquet,31412,2026-05-17T21:40:46.792000+00:00,eb6f9355e72aa1f6ea4800e4e38ff15d
2015-06-01,2015-06-01--data_01c46fd3-0308-fb38-0042-fa07089c0a96_407_0_0.snappy.parquet,31203,2026-05-17T21:40:46.926000+00:00,109bd337c410cc5098e0924a009aca06
2015-06-02,2015-06-02--data_01c46fd3-0308-fb38-0042-fa07089c0a96_607_6_0.snappy.parquet,31031,2026-05-17T21:40:24.461000+00:00,2088639be70622f2686fc8d882bb43ef
2015-06-03,2015-06-03--data_01c46fd3-0308-fb38-0042-fa07089c0a96_307_2_0.snappy.parquet,31237,2026-05-17T21:40:55.249000+00:00,ad62ad4fd82e0ec86885b60166192223
2015-06-04,2015-06-04--data_01c46fd3-0308-fb38-0042-fa07089c0a96_507_0_0.snappy.parquet,31121,2026-05-17T21:40:49.806000+00:00,631c56d81d2f406affa651c861ff9129
2015-06-05,2015-06-05--data_01c46fd3-0308-fb38-0042-fa07089c0a96_407_6_0.snappy.parquet,751075,2026-05-17T21:40:56.205000+00:00,d70e43bf8ddf2099f76ff8164a5dd104
2015-06-06,2015-06-06--data_01c46fd3-0308-fb38-0042-fa07089c0a96_307_4_0.snappy.parquet,634633,2026-05-17T21:40:51.078000+00:00,de3de67b3e8cf12507cecf956d1f38d4
2015-06-07,2015-06-07--data_01c46fd3-0308-fb38-0042-fa07089c0a96_707_0_0.snappy.parquet,11662,2026-05-17T21:40:25.950000+00:00,a8ca8ab283c625735a112e8da655315c
2015-06-08,2015-06-08--data_01c46fd3-0308-fb38-0042-fa07089c0a96_107_0_0.snappy.parquet,11681,2026-05-17T21:40:40.440000+00:00,2f24f9818f3ac5aafe3fb203d7425709
2015-06-11,2015-06-11--data_01c46fd3-0308-fb38-0042-fa07089c0a96_607_2_0.snappy.parquet,11725,2026-05-17T21:40:32.811000+00:00,568c7d4ba8228ab918e9b51d75d67e02
2015-06-12,2015-06-12--data_01c46fd3-0308-fb38-0042-fa07089c0a96_207_4_0.snappy.parquet,11665,2026-05-17T21:40:45.865000+00:00,8667d46b99288c9eca447fe60b202061
2015-06-13,2015-06-13--data_01c46fd3-0308-fb38-0042-fa07089c0a96_307_6_0.snappy.parquet,11649,2026-05-17T21:40:57.131000+00:00,3b02a71ebcb5000d6b9bef8295ef44ee
2015-06-14,2015-06-14--data_01c46fd3-0308-fb38-0042-fa07089c0a96_707_4_0.snappy.parquet,1376659,2026-05-17T21:40:38.910000+00:00,4195ade9f3ed3be579ba5577476770e7
2015-06-15,2015-06-15--data_01c46fd3-0308-fb38-0042-fa07089c0a96_307_2_0.snappy.parquet,13636,2026-05-17T21:40:57.580000+00:00,cfd4ba8cbd69c7276359276b08194b79
2015-06-16,2015-06-16--data_01c46fd3-0308-fb38-0042-fa07089c0a96_107_0_0.snappy.parquet,13660,2026-05-17T21:40:33.318000+00:00,19c672269a26a45ec2c834769916df2a
2015-06-17,2015-06-17--data_01c46fd3-0308-fb38-0042-fa07089c0a96_007_2_0.snappy.parquet,11616,2026-05-17T21:40:35.521000+00:00,32fb98a2a8d994fd4bb063971b9e9016
2015-06-18,2015-06-18--data_01c46fd3-0308-fb38-0042-fa07089c0a96_407_4_0.snappy.parquet,11594,2026-05-17T21:40:33.410000+00:00,30fdcb2739c09b84659f7d357412a411
2015-06-19,2015-06-19--data_01c46fd3-0308-fb38-0042-fa07089c0a96_207_2_0.snappy.parquet,899269,2026-05-17T21:40:24.304000+00:00,ff4a429b434f5aeb22c4a55c3e1eabe5
2015-06-20,2015-06-20--data_01c46fd3-0308-fb38-0042-fa07089c0a96_507_2_0.snappy.parquet,542867,2026-05-17T21:40:46.227000+00:00,06c0f969dc9400fbc910acce92e5b554
2015-06-21,2015-06-21--data_01c46fd3-0308-fb38-0042-fa07089c0a96_507_4_0.snappy.parquet,11538,2026-05-17T21:40:43.717000+00:00,a30787531e0d36dca53d2d1dca40cbdb
2015-06-22,2015-06-22--data_01c46fd3-0308-fb38-0042-fa07089c0a96_607_6_0.snappy.parquet,11270,2026-05-17T21:40:24.898000+00:00,48899016957597a2e5a238a133109b63
2015-06-23,2015-06-23--data_01c46fd3-0308-fb38-0042-fa07089c0a96_507_2_0.snappy.parquet,11021,2026-05-17T21:40:58.173000+00:00,713dd3e97927c85f3cbcdd666ba7e7ab
2015-06-24,2015-06-24--data_01c46fd3-0308-fb38-0042-fa07089c0a96_507_2_0.snappy.parquet,10995,2026-05-17T21:40:36.678000+00:00,66d8987d6ed4f705aec592be735eeed9
2015-06-25,2015-06-25--data_01c46fd3-0308-fb38-0042-fa07089c0a96_707_0_0.snappy.parquet,10912,2026-05-17T21:40:30.575000+00:00,1a7305ef0bae633dddf5004fa4f3bfea
2015-06-26,2015-06-26--data_01c46fd3-0308-fb38-0042-fa07089c0a96_607_6_0.snappy.parquet,1090455,2026-05-17T21:40:24.791000+00:00,763fe0e17d604dcda439f8c1850e9d34
2015-06-27,2015-06-27--data_01c46fd3-0308-fb38-0042-fa07089c0a96_407_6_0.snappy.parquet,386818,2026-05-17T21:40:25.597000+00:00,b8d11aa670bcd5b4a1287faa2092b729
2015-06-28,2015-06-28--data_01c46fd3-0308-fb38-0042-fa07089c0a96_207_2_0.snappy.parquet,19160,2026-05-17T21:40:42.387000+00:00,da8c2bc3273a4a5128172ad3737f4e56
2015-06-29,2015-06-29--data_01c46fd3-0308-fb38-0042-fa07089c0a96_407_6_0.snappy.parquet,18206,2026-05-17T21:40:55.323000+00:00,20ea83781d4c60283b99d954a30b6e7a
2015-06-30,2015-06-30--data_01c46fd3-0308-fb38-0042-fa07089c0a96_407_4_0.snappy.parquet,10941,2026-05-17T21:40:43.292000+00:00,0d72c442a1af87d3463e7dc5ebf062cf
2015-07-02,2015-07-02--data_01c46fd3-0308-fb38-0042-fa07089c0a96_607_0_0.snappy.parquet,8850,2026-05-17T21:40:36.148000+00:00,b177bfa9487b714f53cc5846b24efa2f
2015-07-03,2015-07-03--data_01c46fd3-0308-fb38-0042-fa07089c0a96_207_4_0.snappy.parquet,1011855,2026-05-17T21:40:42.319000+00:00,9a26e193bd5cf916588c94210a4ffacf
2015-07-04,2015-07-04--data_01c46fd3-0308-fb38-0042-fa07089c0a96_207_6_0.snappy.parquet,670525,2026-05-17T21:40:51.312000+00:00,732c71ebcd2fd3e6e5a9f4e94a51ee15
2015-07-05,2015-07-05--data_01c46fd3-0308-fb38-0042-fa07089c0a96_307_4_0.snappy.parquet,12315,2026-05-17T21:40:59.770000+00:00,c3aa1309e8988bf69eaec29a0633b7e2
2015-07-06,2015-07-06--data_01c46fd3-0308-fb38-0042-fa07089c0a96_107_4_0.snappy.parquet,11099,2026-05-17T21:40:34.126000+00:00,09b533c99af98519e2738d952e5210d4
2015-07-07,2015-07-07--data_01c46fd3-0308-fb38-0042-fa07089c0a96_707_2_0.snappy.parquet,11244,2026-05-17T21:40:27.914000+00:00,5f464d825a5c4530cdf150b0c0b6148a
2015-07-08,2015-07-08--data_01c46fd3-0308-fb38-0042-fa07089c0a96_507_4_0.snappy.parquet,10725,2026-05-17T21:40:24.496000+00:00,64cb65fa33b850033df346bb4d994866
2015-07-09,2015-07-09--data_01c46fd3-0308-fb38-0042-fa07089c0a96_107_2_0.snappy.parquet,11065,2026-05-17T21:40:25.642000+00:00,cef7039b17c26a1d98c88cbb56039cf8
2015-07-10,2015-07-10--data_01c46fd3-0308-fb38-0042-fa07089c0a96_507_0_0.snappy.parquet,955002,2026-05-17T21:40:47.288000+00:00,eaf0c8050c50a6f305ee4806f17d5cb6
2015-07-11,2015-07-11--data_01c46fd3-0308-fb38-0042-fa07089c0a96_707_4_0.snappy.parquet,673408,2026-05-17T21:40:27.868000+00:00,459231882e84053250c92e1057a980fb
2015-07-12,2015-07-12--data_01c46fd3-0308-fb38-0042-fa07089c0a96_407_2_0.snappy.parquet,8990,2026-05-17T21:40:37.935000+00:00,c2e0937f81db0b4d6213edfc644dec26
2015-07-13,2015-07-13--data_01c46fd3-0308-fb38-0042-fa07089c0a96_607_2_0.snappy.parquet,10776,2026-05-17T21:40:38.477000+00:00,c6ae1737ba2d7bb20661e14a4e702cda
2015-07-14,2015-07-14--data_01c46fd3-0308-fb38-0042-fa07089c0a96_307_2_0.snappy.parquet,10790,2026-05-17T21:40:50.251000+00:00,cb466e3b1a7dedf11ce218b687a67e3f
2015-07-15,2015-07-15--data_01c46fd3-0308-fb38-0042-fa07089c0a96_207_4_0.snappy.parquet,11083,2026-05-17T21:40:24.118000+00:00,bd8c28e271bb1411a28ea9be31a6f352
2015-07-16,2015-07-16--data_01c46fd3-0308-fb38-0042-fa07089c0a96_207_6_0.snappy.parquet,11058,2026-05-17T21:40:35.568000+00:00,3c6e96074c7777f5f35315f62865b017
2015-07-17,2015-07-17--data_01c46fd3-0308-fb38-0042-fa07089c0a96_307_2_0.snappy.parquet,971714,2026-05-17T21:40:32.024000+00:00,bc963a0383ff6fee90be46f2a4e8f0f9
2015-07-18,2015-07-18--data_01c46fd3-0308-fb38-0042-fa07089c0a96_107_0_0.snappy.parquet,645333,2026-05-17T21:40:46.290000+00:00,56c89eb8c7f286de043f863368c29651
2015-07-21,2015-07-21--data_01c46fd3-0308-fb38-0042-fa07089c0a96_407_0_0.snappy.parquet,15008,2026-05-17T21:41:10.305000+00:00,197163b7ecd3ef22fd4fa1b042a8d37e
2015-07-22,2015-07-22--data_01c46fd3-0308-fb38-0042-fa07089c0a96_507_2_0.snappy.parquet,18221,2026-05-17T21:40:54.689000+00:00,187ff8918e9b088c07a53681af2f7579
2015-07-23,2015-07-23--data_01c46fd3-0308-fb38-0042-fa07089c0a96_007_6_0.snappy.parquet,37997,2026-05-17T21:40:56.930000+00:00,2eee75c6e5ffaa6e505eaa03b37d973f
2015-07-24,2015-07-24--data_01c46fd3-0308-fb38-0042-fa07089c0a96_507_6_0.snappy.parquet,1203621,2026-05-17T21:40:47.889000+00:00,216a78309397514a2e8b2afd9f0b754f
2015-07-25,2015-07-25--data_01c46fd3-0308-fb38-0042-fa07089c0a96_607_4_0.snappy.parquet,537959,2026-05-17T21:40:45.882000+00:00,d653c3b36446dc97fd9f4ab4011604dc
2015-07-26,2015-07-26--data_01c46fd3-0308-fb38-0042-fa07089c0a96_507_6_0.snappy.parquet,35091,2026-05-17T21:40:48.243000+00:00,4451800586395b23b388b1bfccdfff8e
2015-07-27,2015-07-27--data_01c46fd3-0308-fb38-0042-fa07089c0a96_707_0_0.snappy.parquet,33402,2026-05-17T21:40:30.655000+00:00,8d16401dc58e9980150db2ef5c8dcc12
2015-07-28,2015-07-28--data_01c46fd3-0308-fb38-0042-fa07089c0a96_307_0_0.snappy.parquet,33942,2026-05-17T21:40:28.128000+00:00,50edb7a93cc154f44f593e74bda6dc20
2015-07-29,2015-07-29--data_01c46fd3-0308-fb38-0042-fa07089c0a96_407_0_0.snappy.parquet,34402,2026-05-17T21:40:53.354000+00:00,47780091137be16bf6f7dbd595774b96
2015-07-30,2015-07-30--data_01c46fd3-0308-fb38-0042-fa07089c0a96_107_0_0.snappy.parquet,38142,2026-05-17T21:40:27.391000+00:00,23b8fabc59c3499bb43488b0a61d1130
2015-07-31,2015-07-31--data_01c46fd3-0308-fb38-0042-fa07089c0a96_107_0_0.snappy.parquet,1160630,2026-05-17T21:40:32.733000+00:00,5831ad6e4814bcc1fd1650b7bd5dc471
2015-08-01,2015-08-01--data_01c46fd3-0308-fb38-0042-fa07089c0a96_407_4_0.snappy.parquet,579143,2026-05-17T21:40:33.095000+00:00,a742ce91e927a4a055ce8d55bbda0e3f
2015-08-02,2015-08-02--data_01c46fd3-0308-fb38-0042-fa07089c0a96_107_4_0.snappy.parquet,37236,2026-05-17T21:40:28.404000+00:00,6db857a024387a3c97eec7ba68418d8b
2015-08-03,2015-08-03--data_01c46fd3-0308-fb38-0042-fa07089c0a96_007_4_0.snappy.parquet,37763,2026-05-17T21:40:46.706000+00:00,401f1968b4b6a1cdffc26383c240b683
2015-08-04,2015-08-04--data_01c46fd3-0308-fb38-0042-fa07089c0a96_707_4_0.snappy.parquet,36498,2026-05-17T21:40:32.516000+00:00,4295d0138a11004ba0bbd78c81f13b04
2015-08-05,2015-08-05--data_01c46fd3-0308-fb38-0042-fa07089c0a96_207_0_0.snappy.parquet,42870,2026-05-17T21:41:01.953000+00:00,bfec7d39830de654e4dfaddf2e6add4e
2015-08-06,2015-08-06--data_01c46fd3-0308-fb38-0042-fa07089c0a96_307_0_0.snappy.parquet,30171,2026-05-17T21:40:46.521000+00:00,f883581b53532675fd0c86d79a390863
2015-08-07,2015-08-07--data_01c46fd3-0308-fb38-0042-fa07089c0a96_707_0_0.snappy.parquet,837442,2026-05-17T21:40:28.961000+00:00,67a53f5ceeb55ab987b92b737a275c91
2015-08-08,2015-08-08--data_01c46fd3-0308-fb38-0042-fa07089c0a96_607_4_0.snappy.parquet,872580,2026-05-17T21:40:32.920000+00:00,b748489eb13967d6f3a76af2267ae978
2015-08-09,2015-08-09--data_01c46fd3-0308-fb38-0042-fa07089c0a96_007_4_0.snappy.parquet,43766,2026-05-17T21:40:35.704000+00:00,ccbcf3bb7cff9b62719063e80a85f092
2015-08-10,2015-08-10--data_01c46fd3-0308-fb38-0042-fa07089c0a96_107_6_0.snappy.parquet,28801,2026-05-17T21:40:36.918000+00:00,64f40cd604a683817549daa006944532
2015-08-11,2015-08-11--data_01c46fd3-0308-fb38-0042-fa07089c0a96_707_6_0.snappy.parquet,22709,2026-05-17T21:40:23.819000+00:00,95e64bb2d795c286a318af587d6cc3c7
2015-08-12,2015-08-12--data_01c46fd3-0308-fb38-0042-fa07089c0a96_707_4_0.snappy.parquet,45195,2026-05-17T21:40:35.312000+00:00,268efb3ab9ff93d39926ede4deacce83
2015-08-13,2015-08-13--data_01c46fd3-0308-fb38-0042-fa07089c0a96_207_6_0.snappy.parquet,45141,2026-05-17T21:40:58.577000+00:00,6d11733b7bd2134f7579931134c745ee
2015-08-14,2015-08-14--data_01c46fd3-0308-fb38-0042-fa07089c0a96_407_4_0.snappy.parquet,353612,2026-05-17T21:40:25.520000+00:00,9570db7dc4905042634e8cb223be62fe
2015-08-15,2015-08-15--data_01c46fd3-0308-fb38-0042-fa07089c0a96_707_6_0.snappy.parquet,40308,2026-05-17T21:40:41.588000+00:00,9da0e5f150e3739c13b49a3f26d5726d
2015-08-16,2015-08-16--data_01c46fd3-0308-fb38-0042-fa07089c0a96_607_2_0.snappy.parquet,29852,2026-05-17T21:40:49.339000+00:00,90727a5a01dc13565a10dc527c62dc66
2015-08-17,2015-08-17--data_01c46fd3-0308-fb38-0042-fa07089c0a96_407_2_0.snappy.parquet,1354246,2026-05-17T21:40:46.861000+00:00,fa40fd66c361f515dbba62bd830546bf
2015-08-18,2015-08-18--data_01c46fd3-0308-fb38-0042-fa07089c0a96_307_0_0.snappy.parquet,49013,2026-05-17T21:40:49.908000+00:00,5b6d55ac2ca49cb1c3ed4e49f6e600c4
2015-08-19,2015-08-19--data_01c46fd3-0308-fb38-0042-fa07089c0a96_707_4_0.snappy.parquet,32731,2026-05-17T21:40:32.960000+00:00,b98d57649b51d809d25751f8c934f9b0
2015-08-20,2015-08-20--data_01c46fd3-0308-fb38-0042-fa07089c0a96_007_0_0.snappy.parquet,22038,2026-05-17T21:40:42.294000+00:00,97235adc2256cfae649a63b12ed242f7
2015-08-21,2015-08-21--data_01c46fd3-0308-fb38-0042-fa07089c0a96_207_6_0.snappy.parquet,28823,2026-05-17T21:40:44.705000+00:00,be6a114d45ce3b16372f1bff41e58342
2015-08-22,2015-08-22--data_01c46fd3-0308-fb38-0042-fa07089c0a96_107_4_0.snappy.parquet,1643653,2026-05-17T21:40:31.340000+00:00,256fbbcce91fc622560274dd7312c0e4
2015-08-23,2015-08-23--data_01c46fd3-0308-fb38-0042-fa07089c0a96_607_2_0.snappy.parquet,25273,2026-05-17T21:40:26.465000+00:00,37073329245aca6a2129102f809a51e6
2015-08-24,2015-08-24--data_01c46fd3-0308-fb38-0042-fa07089c0a96_707_4_0.snappy.parquet,25147,2026-05-17T21:40:38.050000+00:00,cf7f1436435e363d8aa2c4a9ef894e09
2015-08-25,2015-08-25--data_01c46fd3-0308-fb38-0042-fa07089c0a96_007_0_0.snappy.parquet,50474,2026-05-17T21:41:01.584000+00:00,47586489e2b31358edf7ce0c2b08b34e
2015-08-26,2015-08-26--data_01c46fd3-0308-fb38-0042-fa07089c0a96_007_0_0.snappy.parquet,42508,2026-05-17T21:40:31.911000+00:00,e59870992287c7941b7be80c2a9428a1
2015-08-27,2015-08-27--data_01c46fd3-0308-fb38-0042-fa07089c0a96_107_0_0.snappy.parquet,53088,2026-05-17T21:40:37.059000+00:00,1391baeb6222feb31406d8d526270727
2015-08-28,2015-08-28--data_01c46fd3-0308-fb38-0042-fa07089c0a96_007_6_0.snappy.parquet,1352287,2026-05-17T21:40:50.203000+00:00,671e58405590aee2988526a8247a450f
2015-08-29,2015-08-29--data_01c46fd3-0308-fb38-0042-fa07089c0a96_707_6_0.snappy.parquet,455297,2026-05-17T21:40:54.341000+00:00,c6e52c74e719fa248dcc1aafa3d40ca9
2015-08-30,2015-08-30--data_01c46fd3-0308-fb38-0042-fa07089c0a96_007_6_0.snappy.parquet,29987,2026-05-17T21:40:51.853000+00:00,f97860e37e01f7ded8dcc62f5e0a9e47
2015-08-31,2015-08-31--data_01c46fd3-0308-fb38-0042-fa07089c0a96_407_6_0.snappy.parquet,43627,2026-05-17T21:40:51.662000+00:00,8d1409c0f8eecb9a714d6bdc585792d5
2015-09-01,2015-09-01--data_01c46fd3-0308-fb38-0042-fa07089c0a96_307_0_0.snappy.parquet,53862,2026-05-17T21:40:39.510000+00:00,8dd9944bb80b60e47c4d6d69c4d20f47
2015-09-02,2015-09-02--data_01c46fd3-0308-fb38-0042-fa07089c0a96_707_2_0.snappy.parquet,36114,2026-05-17T21:40:25.972000+00:00,5431f4f1f43d34d8914f7df662861520
2015-09-03,2015-09-03--data_01c46fd3-0308-fb38-0042-fa07089c0a96_607_6_0.snappy.parquet,43272,2026-05-17T21:40:35.603000+00:00,ba3f386b0e53660314728d2cefa99d4b
2015-09-04,2015-09-04--data_01c46fd3-0308-fb38-0042-fa07089c0a96_707_4_0.snappy.parquet,744415,2026-05-17T21:40:48.391000+00:00,c6ee316fb03167b0cd741a07e49d3ef9
2015-09-05,2015-09-05--data_01c46fd3-0308-fb38-0042-fa07089c0a96_607_0_0.snappy.parquet,28042,2026-05-17T21:40:45.073000+00:00,80345aebdf7045d61f09c6d90352eb5e
2015-09-07,2015-09-07--data_01c46fd3-0308-fb38-0042-fa07089c0a96_507_0_0.snappy.parquet,18783,2026-05-17T21:40:42.954000+00:00,42025c9907c656a37ef9850ed81c710d
2015-09-08,2015-09-08--data_01c46fd3-0308-fb38-0042-fa07089c0a96_707_4_0.snappy.parquet,331056,2026-05-17T21:40:55.533000+00:00,f707e7b58f00150b92cf028e373c2ce0
2015-09-09,2015-09-09--data_01c46fd3-0308-fb38-0042-fa07089c0a96_107_2_0.snappy.parquet,821535,2026-05-17T21:40:35.412000+00:00,f2a32ec0dfc5664ef267fe566306dea2
2015-09-10,2015-09-10--data_01c46fd3-0308-fb38-0042-fa07089c0a96_207_6_0.snappy.parquet,50272,2026-05-17T21:40:53.703000+00:00,16154b8a5d2110b21b514b01ac638eeb
2015-09-11,2015-09-11--data_01c46fd3-0308-fb38-0042-fa07089c0a96_607_6_0.snappy.parquet,1204176,2026-05-17T21:40:36.733000+00:00,ab7f0efc91b0160545109b1b0ac4c0d5
2015-09-12,2015-09-12--data_01c46fd3-0308-fb38-0042-fa07089c0a96_207_2_0.snappy.parquet,657244,2026-05-17T21:40:49.239000+00:00,fc5678e923d9c1e760f4f07d7ca19753
2015-09-13,2015-09-13--data_01c46fd3-0308-fb38-0042-fa07089c0a96_007_0_0.snappy.parquet,42786,2026-05-17T21:40:41.182000+00:00,8fe6081d20b684aa0b98778151536205
2015-09-14,2015-09-14--data_01c46fd3-0308-fb38-0042-fa07089c0a96_107_6_0.snappy.parquet,13439,2026-05-17T21:40:32.336000+00:00,943892f11710a1585e3e54f840b42b0a
2015-09-15,2015-09-15--data_01c46fd3-0308-fb38-0042-fa07089c0a96_707_6_0.snappy.parquet,36194,2026-05-17T21:40:26.284000+00:00,b063da1a1fdcb7dbcca9ff1b8861e102
2015-09-16,2015-09-16--data_01c46fd3-0308-fb38-0042-fa07089c0a96_007_2_0.snappy.parquet,30780,2026-05-17T21:40:45.228000+00:00,89aba6cfe256a8b708d4b27b53fbe924
2015-09-17,2015-09-17--data_01c46fd3-0308-fb38-0042-fa07089c0a96_707_2_0.snappy.parquet,23720,2026-05-17T21:40:46.367000+00:00,3bb9d008e07892772bfed5bb2aca3686
2015-09-18,2015-09-18--data_01c46fd3-0308-fb38-0042-fa07089c0a96_007_4_0.snappy.parquet,1162119,2026-05-17T21:40:28.660000+00:00,723cee0af934de651fd8948afb27bef8
2015-09-19,2015-09-19--data_01c46fd3-0308-fb38-0042-fa07089c0a96_707_6_0.snappy.parquet,598789,2026-05-17T21:40:39.740000+00:00,729ab61b8c39daa3cc04611985b12c90
2015-09-20,2015-09-20--data_01c46fd3-0308-fb38-0042-fa07089c0a96_307_6_0.snappy.parquet,17168,2026-05-17T21:41:09.733000+00:00,0a1d9ae5b808cf0651d188f9def8b1df
2015-09-21,2015-09-21--data_01c46fd3-0308-fb38-0042-fa07089c0a96_707_2_0.snappy.parquet,29415,2026-05-17T21:40:46.573000+00:00,80bf90dc1bfa94fb87974b6c923830ed
2015-09-22,2015-09-22--data_01c46fd3-0308-fb38-0042-fa07089c0a96_207_6_0.snappy.parquet,44890,2026-05-17T21:40:46.932000+00:00,17c0f9026f32efe977da76298c82857e
2015-09-23,2015-09-23--data_01c46fd3-0308-fb38-0042-fa07089c0a96_707_4_0.snappy.parquet,19996,2026-05-17T21:40:43.808000+00:00,8cfe3ad9ca2858755d9c32d4cc77241d
2015-09-24,2015-09-24--data_01c46fd3-0308-fb38-0042-fa07089c0a96_207_6_0.snappy.parquet,37297,2026-05-17T21:40:55.792000+00:00,2bffe7c0fda090b1372e822d90bc3507
2015-09-25,2015-09-25--data_01c46fd3-0308-fb38-0042-fa07089c0a96_707_2_0.snappy.parquet,1266700,2026-05-17T21:40:46.556000+00:00,67ff1e2a24c78a85bd475086cfdfaeff
2015-09-26,2015-09-26--data_01c46fd3-0308-fb38-0042-fa07089c0a96_307_0_0.snappy.parquet,168381,2026-05-17T21:40:34.032000+00:00,2fba6c436fd7f52b3d1d098dcb65f4d8
2015-09-28,2015-09-28--data_01c46fd3-0308-fb38-0042-fa07089c0a96_007_2_0.snappy.parquet,26353,2026-05-17T21:40:48.041000+00:00,70e7d2a9211140abd3b5e927044ab18f
2015-09-29,2015-09-29--data_01c46fd3-0308-fb38-0042-fa07089c0a96_007_2_0.snappy.parquet,24562,2026-05-17T21:40:31.642000+00:00,e3afe547aaa39ffe05aa8402a6afc0d0
2015-09-30,2015-09-30--data_01c46fd3-0308-fb38-0042-fa07089c0a96_707_4_0.snappy.parquet,19037,2026-05-17T21:40:38.332000+00:00,a88de52f9b00637363447e0c7552b0e9
2015-10-01,2015-10-01--data_01c46fd3-0308-fb38-0042-fa07089c0a96_007_2_0.snappy.parquet,20592,2026-05-17T21:40:39.482000+00:00,301512a7c677dd4db71072205ac84c9c
2015-10-02,2015-10-02--data_01c46fd3-0308-fb38-0042-fa07089c0a96_307_0_0.snappy.parquet,428613,2026-05-17T21:40:51.488000+00:00,e951c4246d8aea3a3f7c63f15c55be9e
2015-10-03,2015-10-03--data_01c46fd3-0308-fb38-0042-fa07089c0a96_207_4_0.snappy.parquet,1144108,2026-05-17T21:40:25.921000+00:00,f158c2439f9554cc8902c37b7fc7b59a
2015-10-04,2015-10-04--data_01c46fd3-0308-fb38-0042-fa07089c0a96_607_0_0.snappy.parquet,28885,2026-05-17T21:40:30.542000+00:00,1b395231195e092858ff8f298ac7f8b5
2015-10-05,2015-10-05--data_01c46fd3-0308-fb38-0042-fa07089c0a96_507_0_0.snappy.parquet,17743,2026-05-17T21:40:48+00:00,cca4911ebf540c569500458f6b90c672
2015-10-06,2015-10-06--data_01c46fd3-0308-fb38-0042-fa07089c0a96_707_2_0.snappy.parquet,33537,2026-05-17T21:40:24.844000+00:00,eb7b852d9e4e2d74d8a109588d76d8be
2015-10-07,2015-10-07--data_01c46fd3-0308-fb38-0042-fa07089c0a96_607_4_0.snappy.parquet,39927,2026-05-17T21:40:24.142000+00:00,efca348541b4c3e3e3f06337cc57f904
2015-10-08,2015-10-08--data_01c46fd3-0308-fb38-0042-fa07089c0a96_007_0_0.snappy.parquet,15437,2026-05-17T21:40:41.462000+00:00,abfcb69dde51e624e6a70c6702956b1e
2015-10-09,2015-10-09--data_01c46fd3-0308-fb38-0042-fa07089c0a96_507_0_0.snappy.parquet,484792,2026-05-17T21:40:49.096000+00:00,ad06b5dd16c1f49f20a655714dc1c3d1
2015-10-10,2015-10-10--data_01c46fd3-0308-fb38-0042-fa07089c0a96_607_0_0.snappy.parquet,1050619,2026-05-17T21:40:36.443000+00:00,b7cf14e7000a60f8081d718c6ad7888a
2015-10-11,2015-10-11--data_01c46fd3-0308-fb38-0042-fa07089c0a96_107_0_0.snappy.parquet,20628,2026-05-17T21:40:33.922000+00:00,a17b6df939c07e53cd7b4f1e9a069b7c
2015-10-12,2015-10-12--data_01c46fd3-0308-fb38-0042-fa07089c0a96_607_4_0.snappy.parquet,38644,2026-05-17T21:40:46.523000+00:00,f95fa1a3d2825c2f21bb353579ca4002
2015-10-14,2015-10-14--data_01c46fd3-0308-fb38-0042-fa07089c0a96_107_2_0.snappy.parquet,22624,2026-05-17T21:40:26.470000+00:00,1e4382cbe7ec3b643f9a52ffcfe0c042
2015-10-15,2015-10-15--data_01c46fd3-0308-fb38-0042-fa07089c0a96_507_4_0.snappy.parquet,8794,2026-05-17T21:40:45.935000+00:00,aad72bbfb19ce5cccc8f76874ad1bd0b
2015-10-16,2015-10-16--data_01c46fd3-0308-fb38-0042-fa07089c0a96_307_2_0.snappy.parquet,1169432,2026-05-17T21:40:45.893000+00:00,5ca2fe03b1ff61d1b3cb4ea2dd54cf53
2015-10-17,2015-10-17--data_01c46fd3-0308-fb38-0042-fa07089c0a96_307_4_0.snappy.parquet,339380,2026-05-17T21:40:32.179000+00:00,5d51a9d2df9a5fc7a230bf88acfe2989
2015-10-18,2015-10-18--data_01c46fd3-0308-fb38-0042-fa07089c0a96_407_0_0.snappy.parquet,20534,2026-05-17T21:40:47.461000+00:00,48e824405d39f1529e946cb1e4edd66b
2015-10-19,2015-10-19--data_01c46fd3-0308-fb38-0042-fa07089c0a96_407_6_0.snappy.parquet,22426,2026-05-17T21:40:46.289000+00:00,23a14819fea6b77c68681aecba91c9c2
2015-10-20,2015-10-20--data_01c46fd3-0308-fb38-0042-fa07089c0a96_107_4_0.snappy.parquet,15885,2026-05-17T21:40:37.488000+00:00,71085f444776e3bf0eb9475c04375036
2015-10-21,2015-10-21--data_01c46fd3-0308-fb38-0042-fa07089c0a96_107_6_0.snappy.parquet,17349,2026-05-17T21:40:28.337000+00:00,424c27a4b27395c7f2b1cbbe80340148
2015-10-22,2015-10-22--data_01c46fd3-0308-fb38-0042-fa07089c0a96_707_4_0.snappy.parquet,18655,2026-05-17T21:40:37.461000+00:00,791ff27d99b543aea39581d70e8c8a07
2015-10-23,2015-10-23--data_01c46fd3-0308-fb38-0042-fa07089c0a96_007_6_0.snappy.parquet,849303,2026-05-17T21:40:25.104000+00:00,362c0a867dc24360c163f2c08745d563
2015-10-24,2015-10-24--data_01c46fd3-0308-fb38-0042-fa07089c0a96_407_6_0.snappy.parquet,746787,2026-05-17T21:40:46.187000+00:00,c16d5749a9c81cd33fcec3b8511a66df
2015-10-25,2015-10-25--data_01c46fd3-0308-fb38-0042-fa07089c0a96_207_0_0.snappy.parquet,34882,2026-05-17T21:40:29.392000+00:00,0c083b2addb49774a54c4360954c3d0d
2015-10-26,2015-10-26--data_01c46fd3-0308-fb38-0042-fa07089c0a96_107_4_0.snappy.parquet,32444,2026-05-17T21:40:46.266000+00:00,ccedb9ee6cd669fb596d8f8fb60de1bf
2015-10-27,2015-10-27--data_01c46fd3-0308-fb38-0042-fa07089c0a96_407_6_0.snappy.parquet,35151,2026-05-17T21:40:32.441000+00:00,a30758ba0b21e227a2f0c2b5ad6a7aa1
2015-10-28,2015-10-28--data_01c46fd3-0308-fb38-0042-fa07089c0a96_107_6_0.snappy.parquet,20194,2026-05-17T21:41:00.621000+00:00,28d3afdf4c7510b8e1b156517b36afff
2015-10-29,2015-10-29--data_01c46fd3-0308-fb38-0042-fa07089c0a96_507_0_0.snappy.parquet,41057,2026-05-17T21:40:54.264000+00:00,2495f304c88336534174b715472df5d8
2015-10-30,2015-10-30--data_01c46fd3-0308-fb38-0042-fa07089c0a96_707_0_0.snappy.parquet,732294,2026-05-17T21:40:31.812000+00:00,4bb048c894d9471743b2fb366cee7158
2015-10-31,2015-10-31--data_01c46fd3-0308-fb38-0042-fa07089c0a96_707_2_0.snappy.parquet,890870,2026-05-17T21:40:27.730000+00:00,c3238f16283dbb10de58c06b4e964bea
2015-11-01,2015-11-01--data_01c46fd3-0308-fb38-0042-fa07089c0a96_607_0_0.snappy.parquet,40432,2026-05-17T21:40:34.289000+00:00,e36998f7cbd1bfd403a42a2572268751
2015-11-02,2015-11-02--data_01c46fd3-0308-fb38-0042-fa07089c0a96_507_4_0.snappy.parquet,50167,2026-05-17T21:40:37.999000+00:00,efd0e4e1583c9bfadd7c0d497782bb75
2015-11-03,2015-11-03--data_01c46fd3-0308-fb38-0042-fa07089c0a96_407_2_0.snappy.parquet,41479,2026-05-17T21:40:44.686000+00:00,cfeb6b83d061f3dc33efd5af9c6bfe8c
2015-11-04,2015-11-04--data_01c46fd3-0308-fb38-0042-fa07089c0a96_407_2_0.snappy.parquet,37439,2026-05-17T21:40:48.865000+00:00,471f687e8d1c166345ff432b2461fff6
2015-11-05,2015-11-05--data_01c46fd3-0308-fb38-0042-fa07089c0a96_107_6_0.snappy.parquet,37980,2026-05-17T21:40:37.508000+00:00,bae8f7c8ef61ba4f969dd45c95b4b645
2015-11-06,2015-11-06--data_01c46fd3-0308-fb38-0042-fa07089c0a96_507_2_0.snappy.parquet,235199,2026-05-17T21:40:25.165000+00:00,1ec78239233638d9b82936b458bb4010
2015-11-07,2015-11-07--data_01c46fd3-0308-fb38-0042-fa07089c0a96_607_0_0.snappy.parquet,1377230,2026-05-17T21:40:51.601000+00:00,e05d5625e105c750933db4e927c7da79
2015-11-08,2015-11-08--data_01c46fd3-0308-fb38-0042-fa07089c0a96_007_6_0.snappy.parquet,24854,2026-05-17T21:40:24.882000+00:00,27fbafe2c110ff26a25a7e7ef898a457
2015-11-09,2015-11-09--data_01c46fd3-0308-fb38-0042-fa07089c0a96_707_2_0.snappy.parquet,40245,2026-05-17T21:40:38.708000+00:00,d9f645dde2d6a5cf4a957cba09150116
2015-11-10,2015-11-10--data_01c46fd3-0308-fb38-0042-fa07089c0a96_607_4_0.snappy.parquet,36933,2026-05-17T21:40:33.300000+00:00,9f592e4450e4988542fa18e153f26807
2015-11-11,2015-11-11--data_01c46fd3-0308-fb38-0042-fa07089c0a96_207_6_0.snappy.parquet,30627,2026-05-17T21:40:53.607000+00:00,39e9a0d5ea3dc5490d9e95bcd62ec986
2015-11-12,2015-11-12--data_01c46fd3-0308-fb38-0042-fa07089c0a96_707_6_0.snappy.parquet,24921,2026-05-17T21:40:46.096000+00:00,5aac886327375f5751d7c8029f13ed43
2015-11-13,2015-11-13--data_01c46fd3-0308-fb38-0042-fa07089c0a96_607_0_0.snappy.parquet,1028592,2026-05-17T21:40:29.263000+00:00,875e6d6e0fc63be5b752061073f1de2a
2015-11-14,2015-11-14--data_01c46fd3-0308-fb38-0042-fa07089c0a96_507_0_0.snappy.parquet,559524,2026-05-17T21:40:57.070000+00:00,f0351d216afe607179e2166d8e9db572
2015-11-15,2015-11-15--data_01c46fd3-0308-fb38-0042-fa07089c0a96_207_0_0.snappy.parquet,25325,2026-05-17T21:40:39.737000+00:00,f1c46a969567e3f03bdae7bc130f48ca
2015-11-16,2015-11-16--data_01c46fd3-0308-fb38-0042-fa07089c0a96_607_4_0.snappy.parquet,41778,2026-05-17T21:40:36.590000+00:00,93ab92dcf7e6210c9edee1c11ceea70c
2015-11-17,2015-11-17--data_01c46fd3-0308-fb38-0042-fa07089c0a96_207_6_0.snappy.parquet,37531,2026-05-17T21:40:53.517000+00:00,c3ad18b2f2093d4855e28427f3046835
2015-11-18,2015-11-18--data_01c46fd3-0308-fb38-0042-fa07089c0a96_407_2_0.snappy.parquet,36043,2026-05-17T21:40:30.314000+00:00,47c44f335606d32a3273b9517cd6998f
2015-11-19,2015-11-19--data_01c46fd3-0308-fb38-0042-fa07089c0a96_607_2_0.snappy.parquet,40640,2026-05-17T21:40:31.324000+00:00,eb8b0dca049ed37a9725e4018b05dc51
2015-11-20,2015-11-20--data_01c46fd3-0308-fb38-0042-fa07089c0a96_707_0_0.snappy.parquet,875593,2026-05-17T21:40:32.217000+00:00,e22dc431cf9db803d03b8095e0ffe549
2015-11-21,2015-11-21--data_01c46fd3-0308-fb38-0042-fa07089c0a96_207_4_0.snappy.parquet,622225,2026-05-17T21:40:27.942000+00:00,bfdf2d385d47256018954a732dd71048
2015-11-22,2015-11-22--data_01c46fd3-0308-fb38-0042-fa07089c0a96_707_2_0.snappy.parquet,38343,2026-05-17T21:40:50.167000+00:00,d18e5be6d0a0962735900df9714de72a
2015-11-23,2015-11-23--data_01c46fd3-0308-fb38-0042-fa07089c0a96_507_0_0.snappy.parquet,39814,2026-05-17T21:40:41.917000+00:00,1fba75e33c9c140ec5bfbcee1d890507
2015-11-24,2015-11-24--data_01c46fd3-0308-fb38-0042-fa07089c0a96_307_6_0.snappy.parquet,35581,2026-05-17T21:40:37.763000+00:00,778c912260e49eed167230f7b9355674
2015-11-25,2015-11-25--data_01c46fd3-0308-fb38-0042-fa07089c0a96_307_0_0.snappy.parquet,29196,2026-05-17T21:40:35.154000+00:00,cd2cb54ee88daa32c3a4f247bb772680
2015-11-26,2015-11-26--data_01c46fd3-0308-fb38-0042-fa07089c0a96_507_0_0.snappy.parquet,21733,2026-05-17T21:40:47.910000+00:00,78fce25341d1fd6d40d368a8224933db
2015-11-27,2015-11-27--data_01c46fd3-0308-fb38-0042-fa07089c0a96_507_0_0.snappy.parquet,878601,2026-05-17T21:40:38.112000+00:00,ab88c9b848dee6707c740f34faee6d55
2015-11-28,2015-11-28--data_01c46fd3-0308-fb38-0042-fa07089c0a96_107_6_0.snappy.parquet,649431,2026-05-17T21:40:37.861000+00:00,a806c850e04bc5556942223aca02c58c
2015-11-29,2015-11-29--data_01c46fd3-0308-fb38-0042-fa07089c0a96_707_4_0.snappy.parquet,27871,2026-05-17T21:40:56.435000+00:00,e991a562851486c1d26db0989a982675
2015-11-30,2015-11-30--data_01c46fd3-0308-fb38-0042-fa07089c0a96_407_4_0.snappy.parquet,39278,2026-05-17T21:40:33.432000+00:00,49af834529f0d04954ba427a5757609d
2015-12-01,2015-12-01--data_01c46fd3-0308-fb38-0042-fa07089c0a96_407_0_0.snappy.parquet,39888,2026-05-17T21:40:33.170000+00:00,e81afb9c5d0f031b39dcb11aa0051041
2015-12-02,2015-12-02--data_01c46fd3-0308-fb38-0042-fa07089c0a96_207_0_0.snappy.parquet,38848,2026-05-17T21:40:54.927000+00:00,29412d08a1f385d7dd5afd5d9a7c6182
2015-12-03,2015-12-03--data_01c46fd3-0308-fb38-0042-fa07089c0a96_407_6_0.snappy.parquet,39497,2026-05-17T21:40:47.284000+00:00,99421ae259bb79d1081ec736626ea893
2015-12-04,2015-12-04--data_01c46fd3-0308-fb38-0042-fa07089c0a96_507_4_0.snappy.parquet,1032637,2026-05-17T21:40:45.602000+00:00,9630dd93080b54241d99eb3a154a1c83
2015-12-05,2015-12-05--data_01c46fd3-0308-fb38-0042-fa07089c0a96_007_4_0.snappy.parquet,479901,2026-05-17T21:40:32.454000+00:00,e53e1ec6e476b4ea81257ff5ac5208cd
2015-12-06,2015-12-06--data_01c46fd3-0308-fb38-0042-fa07089c0a96_607_0_0.snappy.parquet,24024,2026-05-17T21:40:36.078000+00:00,25f13650d10f738c081f47c9810c98de
2015-12-07,2015-12-07--data_01c46fd3-0308-fb38-0042-fa07089c0a96_107_0_0.snappy.parquet,37165,2026-05-17T21:40:50.786000+00:00,3cd8df434b766f6595236f1defcf8429
2015-12-08,2015-12-08--data_01c46fd3-0308-fb38-0042-fa07089c0a96_507_0_0.snappy.parquet,39274,2026-05-17T21:40:46.997000+00:00,b228469d9e780d64e095044a9529e23c
2015-12-09,2015-12-09--data_01c46fd3-0308-fb38-0042-fa07089c0a96_507_6_0.snappy.parquet,39380,2026-05-17T21:40:43.752000+00:00,5f225d985c81f72651bd7a2e9322e44d
2015-12-10,2015-12-10--data_01c46fd3-0308-fb38-0042-fa07089c0a96_407_0_0.snappy.parquet,41929,2026-05-17T21:40:27.596000+00:00,7085c34d6343c113ed138f4ad6155a4e
2015-12-11,2015-12-11--data_01c46fd3-0308-fb38-0042-fa07089c0a96_607_6_0.snappy.parquet,553639,2026-05-17T21:40:43.358000+00:00,a173486124b060f23b086a43d800fd8d
2015-12-12,2015-12-12--data_01c46fd3-0308-fb38-0042-fa07089c0a96_007_2_0.snappy.parquet,999212,2026-05-17T21:40:39.946000+00:00,a435f114272ac1064d376880905698f3
2015-12-13,2015-12-13--data_01c46fd3-0308-fb38-0042-fa07089c0a96_707_2_0.snappy.parquet,39846,2026-05-17T21:40:32.591000+00:00,7927bb1ff0eaf3af803fb2065926aaa3
2015-12-14,2015-12-14--data_01c46fd3-0308-fb38-0042-fa07089c0a96_607_4_0.snappy.parquet,41805,2026-05-17T21:40:33.214000+00:00,cdd7ce9d9041f7f902bffbeabc7c26f1
2015-12-15,2015-12-15--data_01c46fd3-0308-fb38-0042-fa07089c0a96_307_6_0.snappy.parquet,39724,2026-05-17T21:40:45.849000+00:00,29b2f3a30e137298dc04bef521861963
2015-12-16,2015-12-16--data_01c46fd3-0308-fb38-0042-fa07089c0a96_207_6_0.snappy.parquet,40273,2026-05-17T21:40:34.796000+00:00,4c93e17318203ac064b6c506a30a0c72
2015-12-17,2015-12-17--data_01c46fd3-0308-fb38-0042-fa07089c0a96_007_6_0.snappy.parquet,26981,2026-05-17T21:40:54.130000+00:00,a05ee1252542e90c49b191d294e710e7
2015-12-18,2015-12-18--data_01c46fd3-0308-fb38-0042-fa07089c0a96_107_0_0.snappy.parquet,911591,2026-05-17T21:40:27.970000+00:00,a9b52dae5e77f091fefb270757fa32dd
2015-12-19,2015-12-19--data_01c46fd3-0308-fb38-0042-fa07089c0a96_407_0_0.snappy.parquet,636386,2026-05-17T21:40:43.457000+00:00,bcdeffe3bb2af871ee62252af5e5fe1e
2015-12-20,2015-12-20--data_01c46fd3-0308-fb38-0042-fa07089c0a96_307_0_0.snappy.parquet,25249,2026-05-17T21:40:28.744000+00:00,5ceef18880c16bc5afa0e73c0e44cec9
2015-12-21,2015-12-21--data_01c46fd3-0308-fb38-0042-fa07089c0a96_207_0_0.snappy.parquet,25252,2026-05-17T21:40:54.744000+00:00,9ecc1854459792f079236df30e0fe66d
2015-12-22,2015-12-22--data_01c46fd3-0308-fb38-0042-fa07089c0a96_507_4_0.snappy.parquet,25491,2026-05-17T21:41:06.221000+00:00,d49e8cdca797cf57016f72ac4dc9579c
2015-12-23,2015-12-23--data_01c46fd3-0308-fb38-0042-fa07089c0a96_207_0_0.snappy.parquet,22640,2026-05-17T21:40:52.219000+00:00,a6579a672c4b9c8f06342f2cc3f7e96a
2015-12-24,2015-12-24--data_01c46fd3-0308-fb38-0042-fa07089c0a96_407_4_0.snappy.parquet,24336,2026-05-17T21:40:41.177000+00:00,dcdc1e6b1e3042f94d16992ede1790c6
2015-12-25,2015-12-25--data_01c46fd3-0308-fb38-0042-fa07089c0a96_707_6_0.snappy.parquet,862962,2026-05-17T21:40:46.163000+00:00,08673880a1f09384ac1dd1d5c5873033
2015-12-26,2015-12-26--data_01c46fd3-0308-fb38-0042-fa07089c0a96_407_4_0.snappy.parquet,562207,2026-05-17T21:40:38.551000+00:00,ec1d287879d8e357a3ec792c6deee33e
2015-12-27,2015-12-27--data_01c46fd3-0308-fb38-0042-fa07089c0a96_607_4_0.snappy.parquet,8767,2026-05-17T21:40:44.618000+00:00,f88e3cb68bd02f27f3c07c502c32aeba
2015-12-28,2015-12-28--data_01c46fd3-0308-fb38-0042-fa07089c0a96_307_2_0.snappy.parquet,25957,2026-05-17T21:40:46.345000+00:00,fd46a7771ce20775630cb3d75389c579
2015-12-29,2015-12-29--data_01c46fd3-0308-fb38-0042-fa07089c0a96_007_0_0.snappy.parquet,24062,2026-05-17T21:40:27.162000+00:00,41efb3a03fb398f45bb54ec139deddc9
2015-12-30,2015-12-30--data_01c46fd3-0308-fb38-0042-fa07089c0a96_207_4_0.snappy.parquet,22552,2026-05-17T21:40:24.092000+00:00,d2a549b023f94d938725892917d7e4a6
2015-12-31,2015-12-31--data_01c46fd3-0308-fb38-0042-fa07089c0a96_707_6_0.snappy.parquet,25182,2026-05-17T21:40:56.443000+00:00,b56da9a0e5165967001d5fdd25b8c30d
2016-01-01,2016-01-01--data_01c46fd3-0308-fb38-0042-fa07089c0a96_307_6_0.snappy.parquet,1081756,2026-05-17T21:40:29.951000+00:00,895c31554eebedde7793f990019535bd
2016-01-02,2016-01-02--data_01c46fd3-0308-fb38-0042-fa07089c0a96_607_2_0.snappy.parquet,322371,2026-05-17T21:40:30.960000+00:00,6dd3e58ad99c1bb6b784a2399cdea568
2016-01-03,2016-01-03--data_01c46fd3-0308-fb38-0042-fa07089c0a96_507_4_0.snappy.parquet,25762,2026-05-17T21:40:43.547000+00:00,0c12dfd4ef9e09bf9b15c33841be9528
2016-01-04,2016-01-04--data_01c46fd3-0308-fb38-0042-fa07089c0a96_207_6_0.snappy.parquet,24386,2026-05-17T21:40:55.454000+00:00,91a9b754d480b53a34611a1022bccad3
2016-01-05,2016-01-05--data_01c46fd3-0308-fb38-0042-fa07089c0a96_707_4_0.snappy.parquet,24860,2026-05-17T21:40:54.846000+00:00,43ed0b735d83e670d06acafdb9ab7c6b
2016-01-06,2016-01-06--data_01c46fd3-0308-fb38-0042-fa07089c0a96_507_6_0.snappy.parquet,24118,2026-05-17T21:40:31.875000+00:00,8c1db4f7d521ce6c3d51bccf9a716a79
2016-01-07,2016-01-07--data_01c46fd3-0308-fb38-0042-fa07089c0a96_107_0_0.snappy.parquet,25024,2026-05-17T21:40:32.558000+00:00,aeacf39f0e32973cf1178508fad56482
2016-01-08,2016-01-08--data_01c46fd3-0308-fb38-0042-fa07089c0a96_307_0_0.snappy.parquet,877494,2026-05-17T21:40:47.177000+00:00,5bea2541320e41be0005569c6bed5a51
2016-01-09,2016-01-09--data_01c46fd3-0308-fb38-0042-fa07089c0a96_407_2_0.snappy.parquet,589438,2026-05-17T21:40:44.102000+00:00,e6ab742a1bd2f25b8ada825e67ca0cc4
2016-01-10,2016-01-10--data_01c46fd3-0308-fb38-0042-fa07089c0a96_107_0_0.snappy.parquet,16037,2026-05-17T21:40:36.612000+00:00,2df411ff1abe41cd037f0653ccec21e7
2016-01-11,2016-01-11--data_01c46fd3-0308-fb38-0042-fa07089c0a96_207_2_0.snappy.parquet,15185,2026-05-17T21:40:33.773000+00:00,61cc19a837ea683cfff041f9aa4c18cd
2016-01-12,2016-01-12--data_01c46fd3-0308-fb38-0042-fa07089c0a96_207_4_0.snappy.parquet,19448,2026-05-17T21:40:24.218000+00:00,c59ecb58b1269b3314d684bea5456ce3
2016-01-14,2016-01-14--data_01c46fd3-0308-fb38-0042-fa07089c0a96_107_0_0.snappy.parquet,25033,2026-05-17T21:40:34.437000+00:00,adecf9434a9b9c81748b0be437a88b16
2016-01-15,2016-01-15--data_01c46fd3-0308-fb38-0042-fa07089c0a96_307_6_0.snappy.parquet,889649,2026-05-17T21:41:20.137000+00:00,035c2f872069adc79c6eb2f3aa9fc970
2016-01-16,2016-01-16--data_01c46fd3-0308-fb38-0042-fa07089c0a96_207_2_0.snappy.parquet,615739,2026-05-17T21:40:33.768000+00:00,8c8faad16f6e1750939aa17eb31d132e
2016-01-17,2016-01-17--data_01c46fd3-0308-fb38-0042-fa07089c0a96_007_4_0.snappy.parquet,16079,2026-05-17T21:40:38.690000+00:00,f72f8a28f650e049540b098dc2cbfb33
2016-01-18,2016-01-18--data_01c46fd3-0308-fb38-0042-fa07089c0a96_107_4_0.snappy.parquet,20630,2026-05-17T21:40:37.073000+00:00,af9c7cd646e7133ba42984bafbd891a8
2016-01-19,2016-01-19--data_01c46fd3-0308-fb38-0042-fa07089c0a96_207_0_0.snappy.parquet,24276,2026-05-17T21:40:50.680000+00:00,93466cd7f31a75012b97b55245fd56f5
2016-01-20,2016-01-20--data_01c46fd3-0308-fb38-0042-fa07089c0a96_507_0_0.snappy.parquet,25764,2026-05-17T21:40:53.955000+00:00,a8c5fb3344295aa3f26ad0036e212c37
2016-01-21,2016-01-21--data_01c46fd3-0308-fb38-0042-fa07089c0a96_707_6_0.snappy.parquet,26748,2026-05-17T21:40:37.206000+00:00,fdd59ec4a21c5bf4cf2246c5d096d507
2016-01-22,2016-01-22--data_01c46fd3-0308-fb38-0042-fa07089c0a96_607_4_0.snappy.parquet,1146278,2026-05-17T21:40:27.599000+00:00,4155566f3b6fc2bbc8e35f6218e59f7c
2016-01-23,2016-01-23--data_01c46fd3-0308-fb38-0042-fa07089c0a96_507_2_0.snappy.parquet,379168,2026-05-17T21:40:55.489000+00:00,ca9e77fd6c532b8bf63e43b2f9e54431
2016-01-24,2016-01-24--data_01c46fd3-0308-fb38-0042-fa07089c0a96_307_0_0.snappy.parquet,11288,2026-05-17T21:40:47.589000+00:00,ec41e9a93f55c5bfcb50bfe206afa807
2016-01-25,2016-01-25--data_01c46fd3-0308-fb38-0042-fa07089c0a96_307_0_0.snappy.parquet,23095,2026-05-17T21:40:28.286000+00:00,c27e9c5ec85d80e39faac42a9a520b02
2016-01-26,2016-01-26--data_01c46fd3-0308-fb38-0042-fa07089c0a96_107_4_0.snappy.parquet,23090,2026-05-17T21:40:33.204000+00:00,bccd04785e97dd9b9b82a92cdc0b21d7
2016-01-27,2016-01-27--data_01c46fd3-0308-fb38-0042-fa07089c0a96_607_4_0.snappy.parquet,22743,2026-05-17T21:40:26.738000+00:00,1b2feb0bf9808e746d9926c4a6df5565
2016-01-28,2016-01-28--data_01c46fd3-0308-fb38-0042-fa07089c0a96_107_4_0.snappy.parquet,21485,2026-05-17T21:40:40.206000+00:00,16feb18d36d3fcf578985e0a10436418
2016-01-29,2016-01-29--data_01c46fd3-0308-fb38-0042-fa07089c0a96_507_6_0.snappy.parquet,241552,2026-05-17T21:40:30.685000+00:00,09507426547b4f50580dfa168dce8bb9
2016-01-30,2016-01-30--data_01c46fd3-0308-fb38-0042-fa07089c0a96_607_0_0.snappy.parquet,22642,2026-05-17T21:40:30.271000+00:00,f45ea19e254b867e7ff5e602c2648340
2016-01-31,2016-01-31--data_01c46fd3-0308-fb38-0042-fa07089c0a96_007_2_0.snappy.parquet,1307431,2026-05-17T21:40:48.052000+00:00,53de305de964a41d9e64c8773b8782c6
2016-02-01,2016-02-01--data_01c46fd3-0308-fb38-0042-fa07089c0a96_407_6_0.snappy.parquet,22600,2026-05-17T21:40:31.683000+00:00,05f3746c2969a2b959b8e411e60a9d8a
2016-02-02,2016-02-02--data_01c46fd3-0308-fb38-0042-fa07089c0a96_407_0_0.snappy.parquet,22573,2026-05-17T21:41:08.273000+00:00,21b4c7876ebdd435572adbd71b7f1da9
2016-02-03,2016-02-03--data_01c46fd3-0308-fb38-0042-fa07089c0a96_307_2_0.snappy.parquet,22550,2026-05-17T21:40:57.674000+00:00,fed5f4ff7208870cabacd7eed9ed1de5
2016-02-04,2016-02-04--data_01c46fd3-0308-fb38-0042-fa07089c0a96_207_4_0.snappy.parquet,21956,2026-05-17T21:40:29.978000+00:00,813a7bc1499c71baabff6b0a6e575f7f
2016-02-05,2016-02-05--data_01c46fd3-0308-fb38-0042-fa07089c0a96_207_4_0.snappy.parquet,915297,2026-05-17T21:40:55.618000+00:00,bbcb14f81ea1fb64d62b5c36a69ee928
2016-02-06,2016-02-06--data_01c46fd3-0308-fb38-0042-fa07089c0a96_607_0_0.snappy.parquet,629020,2026-05-17T21:40:28.554000+00:00,214d410ddc13ce06ada24bd355cce6bb
2016-02-07,2016-02-07--data_01c46fd3-0308-fb38-0042-fa07089c0a96_007_4_0.snappy.parquet,9106,2026-05-17T21:40:31.155000+00:00,26b3782bb5852e9ba4a4847c46204c3e
2016-02-08,2016-02-08--data_01c46fd3-0308-fb38-0042-fa07089c0a96_407_6_0.snappy.parquet,13733,2026-05-17T21:40:46.558000+00:00,fb32fbcdf501f61362afe775f9a19bc0
2016-02-09,2016-02-09--data_01c46fd3-0308-fb38-0042-fa07089c0a96_407_6_0.snappy.parquet,16440,2026-05-17T21:40:51.229000+00:00,f29d8a44c3f098cb5b3a39d1c6ba8901
2016-02-10,2016-02-10--data_01c46fd3-0308-fb38-0042-fa07089c0a96_507_6_0.snappy.parquet,20757,2026-05-17T21:40:24.786000+00:00,0b3a14519fbd15ee593bcb9c9126475f
2016-02-11,2016-02-11--data_01c46fd3-0308-fb38-0042-fa07089c0a96_607_6_0.snappy.parquet,16029,2026-05-17T21:40:31.849000+00:00,8be8f4b79ac9d3a32320c1d1f1e3cbfd
2016-02-12,2016-02-12--data_01c46fd3-0308-fb38-0042-fa07089c0a96_507_2_0.snappy.parquet,36407,2026-05-17T21:40:24.418000+00:00,6ad4ca88eaa3ffc05dd2fe12c2d4d3e5
2016-02-13,2016-02-13--data_01c46fd3-0308-fb38-0042-fa07089c0a96_707_0_0.snappy.parquet,24642,2026-05-17T21:40:39.946000+00:00,a575d74fca9b216373a6dc396969e0e0
2016-02-14,2016-02-14--data_01c46fd3-0308-fb38-0042-fa07089c0a96_607_0_0.snappy.parquet,24100,2026-05-17T21:40:34.819000+00:00,09a39948499a5f1ac6b95fae926d349c
2016-02-15,2016-02-15--data_01c46fd3-0308-fb38-0042-fa07089c0a96_307_4_0.snappy.parquet,1558320,2026-05-17T21:40:54.942000+00:00,ad83e8d8a0b4ca0f82e49b22a3f85c32
2016-02-16,2016-02-16--data_01c46fd3-0308-fb38-0042-fa07089c0a96_407_2_0.snappy.parquet,56845,2026-05-17T21:40:49.009000+00:00,339f1087e99b0e0addba6bf847896844
2016-02-17,2016-02-17--data_01c46fd3-0308-fb38-0042-fa07089c0a96_307_6_0.snappy.parquet,15491,2026-05-17T21:40:26.651000+00:00,cf5b3f3997f33bec87aafb9abf427c0f
2016-02-18,2016-02-18--data_01c46fd3-0308-fb38-0042-fa07089c0a96_607_6_0.snappy.parquet,19553,2026-05-17T21:40:43.225000+00:00,c558a830355dd6c8a313f521a8b2de8c
2016-02-19,2016-02-19--data_01c46fd3-0308-fb38-0042-fa07089c0a96_207_2_0.snappy.parquet,19178,2026-05-17T21:40:26.281000+00:00,55f7149277dcec17e19dc687eb3359af
2016-02-20,2016-02-20--data_01c46fd3-0308-fb38-0042-fa07089c0a96_707_4_0.snappy.parquet,856586,2026-05-17T21:40:39.025000+00:00,4f40b542b9edc7e72302503738f207dd
2016-02-21,2016-02-21--data_01c46fd3-0308-fb38-0042-fa07089c0a96_507_4_0.snappy.parquet,735418,2026-05-17T21:40:35.347000+00:00,b423ba2fd9ba759679e6d744734422af
2016-02-22,2016-02-22--data_01c46fd3-0308-fb38-0042-fa07089c0a96_707_4_0.snappy.parquet,20016,2026-05-17T21:40:55.873000+00:00,f0809b24dd79aeaa0b0d382e38d0dddb
2016-02-23,2016-02-23--data_01c46fd3-0308-fb38-0042-fa07089c0a96_107_2_0.snappy.parquet,16646,2026-05-17T21:41:01.557000+00:00,ceff7271641424236f12943eaf8c972b
2016-02-24,2016-02-24--data_01c46fd3-0308-fb38-0042-fa07089c0a96_407_4_0.snappy.parquet,16058,2026-05-17T21:40:31.790000+00:00,92dd6a668a2dfcd502a69708589c0322
2016-02-25,2016-02-25--data_01c46fd3-0308-fb38-0042-fa07089c0a96_407_2_0.snappy.parquet,14948,2026-05-17T21:40:48.680000+00:00,504602e728d2e86c4780885fae51275b
2016-02-26,2016-02-26--data_01c46fd3-0308-fb38-0042-fa07089c0a96_307_4_0.snappy.parquet,685579,2026-05-17T21:40:34.866000+00:00,86ab26e6dbdb02b4c8c4424d58f89c04
2016-02-27,2016-02-27--data_01c46fd3-0308-fb38-0042-fa07089c0a96_307_6_0.snappy.parquet,892568,2026-05-17T21:40:44.707000+00:00,b76f27a0a10e2895b03e58b1ec631eee
2016-02-28,2016-02-28--data_01c46fd3-0308-fb38-0042-fa07089c0a96_407_4_0.snappy.parquet,8542,2026-05-17T21:40:25.828000+00:00,325dc997f17812a2eacf5b8e53953d8f
2016-02-29,2016-02-29--data_01c46fd3-0308-fb38-0042-fa07089c0a96_507_2_0.snappy.parquet,23121,2026-05-17T21:40:35.529000+00:00,14317c3a88bc085a2ddfc3b958b0d71c
2016-03-01,2016-03-01--data_01c46fd3-0308-fb38-0042-fa07089c0a96_607_6_0.snappy.parquet,21850,2026-05-17T21:40:36.215000+00:00,6c83f65b156b6c74643acc6f68c2b6fe
2016-03-02,2016-03-02--data_01c46fd3-0308-fb38-0042-fa07089c0a96_707_0_0.snappy.parquet,34173,2026-05-17T21:40:34.848000+00:00,7b6460aab94fa6a909f0b5245549b56a
2016-03-03,2016-03-03--data_01c46fd3-0308-fb38-0042-fa07089c0a96_207_4_0.snappy.parquet,34408,2026-05-17T21:40:55.641000+00:00,d63d810c384d0a2537e87c7e3425ed9b
2016-03-04,2016-03-04--data_01c46fd3-0308-fb38-0042-fa07089c0a96_707_2_0.snappy.parquet,90654,2026-05-17T21:40:24.853000+00:00,ff48a303f40d8d9319a0ebcd53b2ea48
2016-03-05,2016-03-05--data_01c46fd3-0308-fb38-0042-fa07089c0a96_107_2_0.snappy.parquet,22589,2026-05-17T21:40:29.256000+00:00,ff9170a4504c625e552354bd87ea3155
2016-03-06,2016-03-06--data_01c46fd3-0308-fb38-0042-fa07089c0a96_307_2_0.snappy.parquet,1403988,2026-05-17T21:40:45.794000+00:00,af95981d7c525acc70cb4a2d1ca7cdfb
2016-03-07,2016-03-07--data_01c46fd3-0308-fb38-0042-fa07089c0a96_607_6_0.snappy.parquet,167914,2026-05-17T21:40:44.732000+00:00,bcc3ef3104415f2d98ebb747198d7f53
2016-03-08,2016-03-08--data_01c46fd3-0308-fb38-0042-fa07089c0a96_207_6_0.snappy.parquet,24165,2026-05-17T21:40:47.056000+00:00,402f146c4f56d09ab9ea5964a5c73bbb
2016-03-09,2016-03-09--data_01c46fd3-0308-fb38-0042-fa07089c0a96_207_6_0.snappy.parquet,22945,2026-05-17T21:40:41.288000+00:00,e65b355a6898e0bc2f13b0e799386742
2016-03-10,2016-03-10--data_01c46fd3-0308-fb38-0042-fa07089c0a96_507_0_0.snappy.parquet,22164,2026-05-17T21:40:42.261000+00:00,c95175512bc77922f60b9e8ee9dc9f10
2016-03-11,2016-03-11--data_01c46fd3-0308-fb38-0042-fa07089c0a96_007_6_0.snappy.parquet,438593,2026-05-17T21:40:30.486000+00:00,f3197617c1f9da9de6650b5ea1201675
2016-03-12,2016-03-12--data_01c46fd3-0308-fb38-0042-fa07089c0a96_307_4_0.snappy.parquet,1153225,2026-05-17T21:40:46.318000+00:00,f971dd79929c08cb9cee8209b01acbc8
2016-03-13,2016-03-13--data_01c46fd3-0308-fb38-0042-fa07089c0a96_007_0_0.snappy.parquet,16454,2026-05-17T21:40:34.677000+00:00,ef6fc987f4ce9e6683b29f71c98a1864
2016-03-14,2016-03-14--data_01c46fd3-0308-fb38-0042-fa07089c0a96_407_6_0.snappy.parquet,32158,2026-05-17T21:40:43.238000+00:00,a2233e012d06d40e6105eddce029cd0d
2016-03-15,2016-03-15--data_01c46fd3-0308-fb38-0042-fa07089c0a96_607_0_0.snappy.parquet,27522,2026-05-17T21:40:37.091000+00:00,cd2fb393966682353e530440a59a85ad
2016-03-16,2016-03-16--data_01c46fd3-0308-fb38-0042-fa07089c0a96_607_0_0.snappy.parquet,23678,2026-05-17T21:40:34.741000+00:00,3cc98763c0a355f9b296fe36e0452b68
2016-03-17,2016-03-17--data_01c46fd3-0308-fb38-0042-fa07089c0a96_707_6_0.snappy.parquet,23884,2026-05-17T21:40:26.822000+00:00,874f2036499081d7e200a36a9316ad74
2016-03-18,2016-03-18--data_01c46fd3-0308-fb38-0042-fa07089c0a96_007_4_0.snappy.parquet,707871,2026-05-17T21:40:43.684000+00:00,e14fe05864086a4bcb0b5cd05a251169
2016-03-19,2016-03-19--data_01c46fd3-0308-fb38-0042-fa07089c0a96_707_0_0.snappy.parquet,923454,2026-05-17T21:40:24.496000+00:00,6b53eb5edd977d77f45c9fc09efee8a3
2016-03-20,2016-03-20--data_01c46fd3-0308-fb38-0042-fa07089c0a96_307_0_0.snappy.parquet,30663,2026-05-17T21:40:26.250000+00:00,27871dfa35952b9e70028dfc4d331423
2016-03-21,2016-03-21--data_01c46fd3-0308-fb38-0042-fa07089c0a96_307_6_0.snappy.parquet,26037,2026-05-17T21:40:27.466000+00:00,6744f0e029573460f38f0db67f558a7c
2016-03-22,2016-03-22--data_01c46fd3-0308-fb38-0042-fa07089c0a96_407_4_0.snappy.parquet,24271,2026-05-17T21:40:25.423000+00:00,dcf390729d1abe809e3451bc89fbc16a
2016-03-23,2016-03-23--data_01c46fd3-0308-fb38-0042-fa07089c0a96_507_2_0.snappy.parquet,19849,2026-05-17T21:40:57.825000+00:00,26c019f4d49710127e05973590149e3f
2016-03-24,2016-03-24--data_01c46fd3-0308-fb38-0042-fa07089c0a96_707_6_0.snappy.parquet,35812,2026-05-17T21:40:51.861000+00:00,059ea5cfd7d634b7d5329b5ff53996c1
2016-03-25,2016-03-25--data_01c46fd3-0308-fb38-0042-fa07089c0a96_207_6_0.snappy.parquet,660375,2026-05-17T21:40:36.435000+00:00,f06aad0793d5069f6448b2a49c216e2d
2016-03-26,2016-03-26--data_01c46fd3-0308-fb38-0042-fa07089c0a96_207_6_0.snappy.parquet,1009506,2026-05-17T21:40:34.326000+00:00,4a056f8798cb02af3ef9d8898bc4f855
2016-03-27,2016-03-27--data_01c46fd3-0308-fb38-0042-fa07089c0a96_507_0_0.snappy.parquet,27685,2026-05-17T21:40:48.658000+00:00,8a138cba7b21df2c1612bf68c88342d1
2016-03-28,2016-03-28--data_01c46fd3-0308-fb38-0042-fa07089c0a96_007_0_0.snappy.parquet,26235,2026-05-17T21:40:47.395000+00:00,14c520d1081afb514f4534f9e499c5d6
2016-03-29,2016-03-29--data_01c46fd3-0308-fb38-0042-fa07089c0a96_307_4_0.snappy.parquet,28436,2026-05-17T21:40:35.475000+00:00,a6ca5551facfa126f63870f612ac8009
2016-03-30,2016-03-30--data_01c46fd3-0308-fb38-0042-fa07089c0a96_307_0_0.snappy.parquet,27123,2026-05-17T21:40:39.563000+00:00,9f53f936c94c06c83682de9de90434fa
2016-03-31,2016-03-31--data_01c46fd3-0308-fb38-0042-fa07089c0a96_707_2_0.snappy.parquet,23770,2026-05-17T21:40:30.505000+00:00,e700ed4cdfc56e437aeb32c8c086b985
2016-04-01,2016-04-01--data_01c46fd3-0308-fb38-0042-fa07089c0a96_507_4_0.snappy.parquet,236271,2026-05-17T21:40:37.500000+00:00,3c5e79e2290af1842cfcdc7bee4a2277
2016-04-02,2016-04-02--data_01c46fd3-0308-fb38-0042-fa07089c0a96_407_6_0.snappy.parquet,32242,2026-05-17T21:40:33.420000+00:00,da84b4d91421ba04cef8a06e1ea0cbdf
2016-04-03,2016-04-03--data_01c46fd3-0308-fb38-0042-fa07089c0a96_207_2_0.snappy.parquet,33529,2026-05-17T21:40:33.605000+00:00,8b48e2fdcc5d4b9590deaf13e6737368
2016-04-04,2016-04-04--data_01c46fd3-0308-fb38-0042-fa07089c0a96_607_0_0.snappy.parquet,31997,2026-05-17T21:40:39.240000+00:00,bb88fa3af38277b6cfa658236f549208
2016-04-05,2016-04-05--data_01c46fd3-0308-fb38-0042-fa07089c0a96_507_0_0.snappy.parquet,22837,2026-05-17T21:40:39.895000+00:00,98bac4dc7995b72e4af7688b92f91bba
2016-04-06,2016-04-06--data_01c46fd3-0308-fb38-0042-fa07089c0a96_507_0_0.snappy.parquet,22506,2026-05-17T21:40:51.049000+00:00,9ae8ce855a37610650add6fa5fefab38
2016-04-07,2016-04-07--data_01c46fd3-0308-fb38-0042-fa07089c0a96_307_4_0.snappy.parquet,35101,2026-05-17T21:40:36.026000+00:00,5ab2fca85f48bbd99d3037605affc233
2016-04-08,2016-04-08--data_01c46fd3-0308-fb38-0042-fa07089c0a96_407_0_0.snappy.parquet,599899,2026-05-17T21:41:16.039000+00:00,8bebaf6fd4ccf11f3783f9c6ee0d46f2
2016-04-09,2016-04-09--data_01c46fd3-0308-fb38-0042-fa07089c0a96_107_4_0.snappy.parquet,1099724,2026-05-17T21:40:39.385000+00:00,3b2827f038072193d0cff932e03bf160
2016-04-10,2016-04-10--data_01c46fd3-0308-fb38-0042-fa07089c0a96_507_0_0.snappy.parquet,32475,2026-05-17T21:40:53.884000+00:00,1b1e84a03f30e14fd3bc048b763f065c
2016-04-11,2016-04-11--data_01c46fd3-0308-fb38-0042-fa07089c0a96_407_4_0.snappy.parquet,24990,2026-05-17T21:40:32.748000+00:00,2df9245f26b6d5abdbd551c77fdaa0c6
2016-04-12,2016-04-12--data_01c46fd3-0308-fb38-0042-fa07089c0a96_207_0_0.snappy.parquet,30315,2026-05-17T21:40:29.489000+00:00,5041940bf8251db4e13324de6b491795
2016-04-13,2016-04-13--data_01c46fd3-0308-fb38-0042-fa07089c0a96_707_4_0.snappy.parquet,13758,2026-05-17T21:40:55.551000+00:00,89d4c43bcd872b0af246fc626531b042
2016-04-14,2016-04-14--data_01c46fd3-0308-fb38-0042-fa07089c0a96_607_0_0.snappy.parquet,31963,2026-05-17T21:40:31.212000+00:00,f9753e05d804eb43750866c14930d144
2016-04-15,2016-04-15--data_01c46fd3-0308-fb38-0042-fa07089c0a96_607_0_0.snappy.parquet,587170,2026-05-17T21:40:30.771000+00:00,4194396662374f57ad8089ac2251bc81
2016-04-16,2016-04-16--data_01c46fd3-0308-fb38-0042-fa07089c0a96_407_6_0.snappy.parquet,1114534,2026-05-17T21:40:42.805000+00:00,b0a4ff0df9a13ae547586e4e83c2a6f8
2016-04-17,2016-04-17--data_01c46fd3-0308-fb38-0042-fa07089c0a96_207_2_0.snappy.parquet,20853,2026-05-17T21:40:32.767000+00:00,0b31ab4da714ce4f55300c78e4e20d7a
2016-04-18,2016-04-18--data_01c46fd3-0308-fb38-0042-fa07089c0a96_207_0_0.snappy.parquet,20565,2026-05-17T21:40:37.313000+00:00,a0644ae6e81b901c0da665e77371cc04
2016-04-19,2016-04-19--data_01c46fd3-0308-fb38-0042-fa07089c0a96_607_2_0.snappy.parquet,23999,2026-05-17T21:40:43.014000+00:00,142fc6e3cf0e2361b00d88fef03e37ab
2016-04-20,2016-04-20--data_01c46fd3-0308-fb38-0042-fa07089c0a96_307_6_0.snappy.parquet,25635,2026-05-17T21:40:30.723000+00:00,5617762788b0954b118545a7a6bfe0df
2016-04-21,2016-04-21--data_01c46fd3-0308-fb38-0042-fa07089c0a96_507_4_0.snappy.parquet,22026,2026-05-17T21:40:25.042000+00:00,50bed53a64fddd25c0ad39d3207bfca4
2016-04-22,2016-04-22--data_01c46fd3-0308-fb38-0042-fa07089c0a96_107_6_0.snappy.parquet,260046,2026-05-17T21:41:01.116000+00:00,586f0d1ae9deeca82993b5957cce2318
2016-04-23,2016-04-23--data_01c46fd3-0308-fb38-0042-fa07089c0a96_607_0_0.snappy.parquet,1452487,2026-05-17T21:40:28.306000+00:00,2016ffd11480c03085de0219e809d17e
2016-04-24,2016-04-24--data_01c46fd3-0308-fb38-0042-fa07089c0a96_407_6_0.snappy.parquet,22601,2026-05-17T21:40:24.096000+00:00,d62f63c1ebdc17b9449b72dba87a4a64
2016-04-25,2016-04-25--data_01c46fd3-0308-fb38-0042-fa07089c0a96_407_6_0.snappy.parquet,20728,2026-05-17T21:40:34.978000+00:00,4fe821a22da6415526efb222d7a57e4f
2016-04-26,2016-04-26--data_01c46fd3-0308-fb38-0042-fa07089c0a96_307_0_0.snappy.parquet,22852,2026-05-17T21:40:51.648000+00:00,06becb10d878a1e9af02a93ca1277ed0
2016-04-27,2016-04-27--data_01c46fd3-0308-fb38-0042-fa07089c0a96_007_6_0.snappy.parquet,23597,2026-05-17T21:40:43.220000+00:00,e1ca7e889b652a58170365b1a4aa3c27
2016-04-28,2016-04-28--data_01c46fd3-0308-fb38-0042-fa07089c0a96_707_2_0.snappy.parquet,21578,2026-05-17T21:41:01.492000+00:00,5c8e414b7615177446dc5d8ef750e7ea
2016-04-29,2016-04-29--data_01c46fd3-0308-fb38-0042-fa07089c0a96_207_6_0.snappy.parquet,753503,2026-05-17T21:40:37.724000+00:00,c13eccfb585645d3494054fe67a66c4e
2016-04-30,2016-04-30--data_01c46fd3-0308-fb38-0042-fa07089c0a96_507_2_0.snappy.parquet,1051153,2026-05-17T21:41:00.355000+00:00,f0c04d541c851937ac2fa650f8447ac1
2016-05-01,2016-05-01--data_01c46fd3-0308-fb38-0042-fa07089c0a96_107_4_0.snappy.parquet,25087,2026-05-17T21:40:45.017000+00:00,c4f360d85aa0b3e7dedd905848f5b379
2016-05-02,2016-05-02--data_01c46fd3-0308-fb38-0042-fa07089c0a96_307_6_0.snappy.parquet,23323,2026-05-17T21:40:48.378000+00:00,1e248ada3a148cbd80e5b51905c4a8ab
2016-05-03,2016-05-03--data_01c46fd3-0308-fb38-0042-fa07089c0a96_407_2_0.snappy.parquet,17275,2026-05-17T21:40:51.180000+00:00,54c74d89a2d66d8727ff1c938e7113d1
2016-05-04,2016-05-04--data_01c46fd3-0308-fb38-0042-fa07089c0a96_407_6_0.snappy.parquet,25247,2026-05-17T21:40:31.511000+00:00,0c9bf034e166b92696e41021965262a9
2016-05-05,2016-05-05--data_01c46fd3-0308-fb38-0042-fa07089c0a96_707_0_0.snappy.parquet,23975,2026-05-17T21:40:37.862000+00:00,f40e5dfc7e96819888b9d6fffbf65135
2016-05-06,2016-05-06--data_01c46fd3-0308-fb38-0042-fa07089c0a96_207_0_0.snappy.parquet,573348,2026-05-17T21:40:41.228000+00:00,e32d1bfe85d9ee1ff20bfe0a040d2326
2016-05-07,2016-05-07--data_01c46fd3-0308-fb38-0042-fa07089c0a96_207_6_0.snappy.parquet,1190721,2026-05-17T21:40:28.797000+00:00,6cc2db67b8d8a14c0dd6f7ca7a4213dc
2016-05-08,2016-05-08--data_01c46fd3-0308-fb38-0042-fa07089c0a96_307_6_0.snappy.parquet,28429,2026-05-17T21:41:09.811000+00:00,581bbc80a439ac54a4aedccfcdb43f1d
2016-05-09,2016-05-09--data_01c46fd3-0308-fb38-0042-fa07089c0a96_707_6_0.snappy.parquet,27572,2026-05-17T21:40:53.271000+00:00,e1e5d98692fba013da3bd78ecf95abbf
2016-05-10,2016-05-10--data_01c46fd3-0308-fb38-0042-fa07089c0a96_207_0_0.snappy.parquet,25939,2026-05-17T21:41:04.877000+00:00,4dd5b6601108ccb085ba94f28fc896a6
2016-05-11,2016-05-11--data_01c46fd3-0308-fb38-0042-fa07089c0a96_007_6_0.snappy.parquet,26265,2026-05-17T21:40:51.127000+00:00,5b957c2daea460b9369180bc56feed48
2016-05-12,2016-05-12--data_01c46fd3-0308-fb38-0042-fa07089c0a96_307_0_0.snappy.parquet,25506,2026-05-17T21:40:26.257000+00:00,56d317910b2b1990819116c9e0286c68
2016-05-13,2016-05-13--data_01c46fd3-0308-fb38-0042-fa07089c0a96_007_2_0.snappy.parquet,514857,2026-05-17T21:40:42.069000+00:00,e2d523ecd2b81bc9746d9d928fb2479f
2016-05-14,2016-05-14--data_01c46fd3-0308-fb38-0042-fa07089c0a96_707_6_0.snappy.parquet,1258439,2026-05-17T21:40:25.781000+00:00,d03f43b75da9ec0090effafb0c00aa6a
2016-05-15,2016-05-15--data_01c46fd3-0308-fb38-0042-fa07089c0a96_607_2_0.snappy.parquet,26637,2026-05-17T21:40:39.079000+00:00,d9e620f21ca48d901277fb9875437131
2016-05-16,2016-05-16--data_01c46fd3-0308-fb38-0042-fa07089c0a96_307_6_0.snappy.parquet,24054,2026-05-17T21:40:56.755000+00:00,dde9f5147f9d92477ff96f6163ac2d31
2016-05-17,2016-05-17--data_01c46fd3-0308-fb38-0042-fa07089c0a96_707_2_0.snappy.parquet,20316,2026-05-17T21:40:31.747000+00:00,9d37709a545accf53652b8ad97432993
2016-05-18,2016-05-18--data_01c46fd3-0308-fb38-0042-fa07089c0a96_007_6_0.snappy.parquet,28901,2026-05-17T21:40:27.636000+00:00,5a7782bbc7f57ceef2c974ce9844d5c3
2016-05-19,2016-05-19--data_01c46fd3-0308-fb38-0042-fa07089c0a96_207_6_0.snappy.parquet,27691,2026-05-17T21:40:34.101000+00:00,af1f101a365e1cfb07a2fbdc7cdefe4e
2016-05-20,2016-05-20--data_01c46fd3-0308-fb38-0042-fa07089c0a96_707_2_0.snappy.parquet,674202,2026-05-17T21:40:26.923000+00:00,f7729c8067d03193543e1239cf338d68
2016-05-21,2016-05-21--data_01c46fd3-0308-fb38-0042-fa07089c0a96_707_0_0.snappy.parquet,1160376,2026-05-17T21:40:29.240000+00:00,5c19ec9cf4a65467a2fa3025b1ed6c20
2016-05-22,2016-05-22--data_01c46fd3-0308-fb38-0042-fa07089c0a96_507_6_0.snappy.parquet,19335,2026-05-17T21:40:47.702000+00:00,52bf08de0440f82a4f02fb3c1da09b46
2016-05-23,2016-05-23--data_01c46fd3-0308-fb38-0042-fa07089c0a96_207_2_0.snappy.parquet,34625,2026-05-17T21:40:50.034000+00:00,aaa87d14a8768007174a413e3784f7ef
2016-05-24,2016-05-24--data_01c46fd3-0308-fb38-0042-fa07089c0a96_607_2_0.snappy.parquet,36664,2026-05-17T21:41:03.416000+00:00,9fdb6d009fe8b60517fc0ce02605c89a
2016-05-25,2016-05-25--data_01c46fd3-0308-fb38-0042-fa07089c0a96_507_4_0.snappy.parquet,42344,2026-05-17T21:40:46.021000+00:00,3e522db732e92318bd0d46fa99928a6f
2016-05-26,2016-05-26--data_01c46fd3-0308-fb38-0042-fa07089c0a96_307_2_0.snappy.parquet,38766,2026-05-17T21:40:32.688000+00:00,263970f92b3110ccb98fcf7c67c7de62
2016-05-27,2016-05-27--data_01c46fd3-0308-fb38-0042-fa07089c0a96_307_0_0.snappy.parquet,652364,2026-05-17T21:40:26.910000+00:00,250293292c0df8d4796f2fa837148df4
2016-05-28,2016-05-28--data_01c46fd3-0308-fb38-0042-fa07089c0a96_507_4_0.snappy.parquet,1160243,2026-05-17T21:41:07.281000+00:00,f6aa681d973fc792bbd9ea920a51e736
2016-05-29,2016-05-29--data_01c46fd3-0308-fb38-0042-fa07089c0a96_407_4_0.snappy.parquet,18909,2026-05-17T21:40:34.462000+00:00,eecad30bd7e66742026a5cde19a71cf1
2016-05-30,2016-05-30--data_01c46fd3-0308-fb38-0042-fa07089c0a96_107_4_0.snappy.parquet,26235,2026-05-17T21:40:45.098000+00:00,8db15d3ac93f97946a129f5701fa2b8a
2016-05-31,2016-05-31--data_01c46fd3-0308-fb38-0042-fa07089c0a96_107_6_0.snappy.parquet,38762,2026-05-17T21:40:28.054000+00:00,c40ae485c385753d7dad4c525a1c4dad
2016-06-01,2016-06-01--data_01c46fd3-0308-fb38-0042-fa07089c0a96_107_0_0.snappy.parquet,35784,2026-05-17T21:40:51.029000+00:00,92a42ee92e152b6635bb503262bf6f29
2016-06-02,2016-06-02--data_01c46fd3-0308-fb38-0042-fa07089c0a96_507_6_0.snappy.parquet,40789,2026-05-17T21:40:48.333000+00:00,0cddfead3caad43a4ed86ef0ef9677a3
2016-06-03,2016-06-03--data_01c46fd3-0308-fb38-0042-fa07089c0a96_307_6_0.snappy.parquet,38810,2026-05-17T21:41:10.715000+00:00,4d87034aeaeb99c10fa58230a452c992
2016-06-04,2016-06-04--data_01c46fd3-0308-fb38-0042-fa07089c0a96_407_4_0.snappy.parquet,61924,2026-05-17T21:40:38.319000+00:00,3f6337d9a61e06b0cf15ada58a3ac01d
2016-06-05,2016-06-05--data_01c46fd3-0308-fb38-0042-fa07089c0a96_107_6_0.snappy.parquet,54250,2026-05-17T21:41:02.064000+00:00,32b21c38860e3632e93e74be5018ede1
2016-06-06,2016-06-06--data_01c46fd3-0308-fb38-0042-fa07089c0a96_107_4_0.snappy.parquet,485443,2026-05-17T21:40:29.874000+00:00,e3658da60dfe82517ccf53f77641a532
2016-06-07,2016-06-07--data_01c46fd3-0308-fb38-0042-fa07089c0a96_307_2_0.snappy.parquet,260400,2026-05-17T21:40:32.310000+00:00,aa3a298b5b0518a861a10a0fa6b8bea5
2016-06-08,2016-06-08--data_01c46fd3-0308-fb38-0042-fa07089c0a96_207_4_0.snappy.parquet,52074,2026-05-17T21:40:55.415000+00:00,060be141fd24edc2f4a9564a24489137
2016-06-09,2016-06-09--data_01c46fd3-0308-fb38-0042-fa07089c0a96_407_6_0.snappy.parquet,21908,2026-05-17T21:40:34.572000+00:00,ecbfbcfb99703770c2d7c78c68f2021e
2016-06-10,2016-06-10--data_01c46fd3-0308-fb38-0042-fa07089c0a96_407_0_0.snappy.parquet,63442,2026-05-17T21:41:06.605000+00:00,d121cae01a0a752a5274678dcd49ddfa
2016-06-11,2016-06-11--data_01c46fd3-0308-fb38-0042-fa07089c0a96_107_4_0.snappy.parquet,39655,2026-05-17T21:40:32.798000+00:00,d6627c9190542f7d03cb55fde4d5d991
2016-06-12,2016-06-12--data_01c46fd3-0308-fb38-0042-fa07089c0a96_407_0_0.snappy.parquet,45101,2026-05-17T21:40:25.944000+00:00,3e71132fa8bd031bd81689c6f30a1de4
2016-06-13,2016-06-13--data_01c46fd3-0308-fb38-0042-fa07089c0a96_007_4_0.snappy.parquet,1009914,2026-05-17T21:40:34.694000+00:00,68a96eaeea3674e318a35d956e1bb79a
2016-06-14,2016-06-14--data_01c46fd3-0308-fb38-0042-fa07089c0a96_507_0_0.snappy.parquet,476580,2026-05-17T21:40:43.766000+00:00,1919f21196342d4f0db5eae597523ecf
2016-06-15,2016-06-15--data_01c46fd3-0308-fb38-0042-fa07089c0a96_707_2_0.snappy.parquet,61668,2026-05-17T21:40:27.045000+00:00,582b7a19f8101d69c292c29babbd6720
2016-06-16,2016-06-16--data_01c46fd3-0308-fb38-0042-fa07089c0a96_307_0_0.snappy.parquet,36688,2026-05-17T21:40:29.233000+00:00,ddd88cd786e343d046fc448cfdbd8161
2016-06-17,2016-06-17--data_01c46fd3-0308-fb38-0042-fa07089c0a96_007_4_0.snappy.parquet,334455,2026-05-17T21:40:32.327000+00:00,230f653d11222bda037e43419527cdb1
2016-06-18,2016-06-18--data_01c46fd3-0308-fb38-0042-fa07089c0a96_607_0_0.snappy.parquet,1317808,2026-05-17T21:40:39.467000+00:00,484b29e8803b0632d1316af14151e1da
2016-06-19,2016-06-19--data_01c46fd3-0308-fb38-0042-fa07089c0a96_407_4_0.snappy.parquet,282630,2026-05-17T21:40:30.070000+00:00,e0d30a1604dd3a85d612a0d25e3ed09d
2016-06-20,2016-06-20--data_01c46fd3-0308-fb38-0042-fa07089c0a96_007_0_0.snappy.parquet,38593,2026-05-17T21:40:53.343000+00:00,484a1c7c869e02f0b8c2ed3b884f0afa
2016-06-21,2016-06-21--data_01c46fd3-0308-fb38-0042-fa07089c0a96_707_6_0.snappy.parquet,37433,2026-05-17T21:40:30.562000+00:00,7411626f061aecde46587d10f748f27f
2016-06-22,2016-06-22--data_01c46fd3-0308-fb38-0042-fa07089c0a96_407_6_0.snappy.parquet,25490,2026-05-17T21:40:25.228000+00:00,018c062937491b9e01521096761ff5b6
2016-06-23,2016-06-23--data_01c46fd3-0308-fb38-0042-fa07089c0a96_307_6_0.snappy.parquet,21851,2026-05-17T21:40:46.645000+00:00,aca4de4d5c334e8e62ebff8656ae02a7
2016-06-24,2016-06-24--data_01c46fd3-0308-fb38-0042-fa07089c0a96_207_0_0.snappy.parquet,148386,2026-05-17T21:40:41.303000+00:00,b8909562f69ef0cb8e6891e16046712c
2016-06-25,2016-06-25--data_01c46fd3-0308-fb38-0042-fa07089c0a96_007_2_0.snappy.parquet,1644285,2026-05-17T21:40:29.435000+00:00,2a6ac5ba5db107103415bca793a45664
2016-06-26,2016-06-26--data_01c46fd3-0308-fb38-0042-fa07089c0a96_307_0_0.snappy.parquet,176293,2026-05-17T21:40:47.362000+00:00,d56156c7591b4d5a814d9d043c4812f0
2016-06-27,2016-06-27--data_01c46fd3-0308-fb38-0042-fa07089c0a96_207_2_0.snappy.parquet,38341,2026-05-17T21:40:26.283000+00:00,d3ec2fe767506ac77ce4136c02b597ab
2016-06-28,2016-06-28--data_01c46fd3-0308-fb38-0042-fa07089c0a96_107_6_0.snappy.parquet,43720,2026-05-17T21:40:47.098000+00:00,4fbdf013237d385b4514c1c7b04937f9
2016-06-29,2016-06-29--data_01c46fd3-0308-fb38-0042-fa07089c0a96_707_4_0.snappy.parquet,42739,2026-05-17T21:40:36.247000+00:00,efda967c089c15abb2f77cc0073a369a
2016-06-30,2016-06-30--data_01c46fd3-0308-fb38-0042-fa07089c0a96_207_0_0.snappy.parquet,44206,2026-05-17T21:40:24.582000+00:00,e1a1d482236b74cd60d56da3ee994cd1
2016-07-01,2016-07-01--data_01c46fd3-0308-fb38-0042-fa07089c0a96_507_4_0.snappy.parquet,433809,2026-05-17T21:40:46.429000+00:00,19450c85b5d9ea1c42c247cda76115a1
2016-07-02,2016-07-02--data_01c46fd3-0308-fb38-0042-fa07089c0a96_407_0_0.snappy.parquet,1517704,2026-05-17T21:40:24.922000+00:00,bdea81cd7ebbcd24f1207eff933e4a4e
2016-07-03,2016-07-03--data_01c46fd3-0308-fb38-0042-fa07089c0a96_507_6_0.snappy.parquet,46306,2026-05-17T21:40:51.504000+00:00,6c4015ae566ba0d085cd4b640aa01ae7
2016-07-04,2016-07-04--data_01c46fd3-0308-fb38-0042-fa07089c0a96_207_2_0.snappy.parquet,45021,2026-05-17T21:40:27.033000+00:00,74d6266b2c809648dc739ca1ca0c830f
2016-07-05,2016-07-05--data_01c46fd3-0308-fb38-0042-fa07089c0a96_707_0_0.snappy.parquet,45935,2026-05-17T21:40:43.432000+00:00,9aa101a016ebf42d3e4cd4a58266958e
2016-07-06,2016-07-06--data_01c46fd3-0308-fb38-0042-fa07089c0a96_707_2_0.snappy.parquet,46529,2026-05-17T21:41:00.679000+00:00,92669af126003341732938d6e3ec8d59
2016-07-07,2016-07-07--data_01c46fd3-0308-fb38-0042-fa07089c0a96_007_0_0.snappy.parquet,43917,2026-05-17T21:40:27.317000+00:00,9346eb583a801d6a56d09d6f8db7c041
2016-07-08,2016-07-08--data_01c46fd3-0308-fb38-0042-fa07089c0a96_607_6_0.snappy.parquet,427977,2026-05-17T21:40:58.852000+00:00,ec69237821183748dfc7db1cd2bc9b36
2016-07-09,2016-07-09--data_01c46fd3-0308-fb38-0042-fa07089c0a96_607_2_0.snappy.parquet,1414882,2026-05-17T21:40:33.418000+00:00,741200b8ae421821aa48fcb9ad1adc97
2016-07-10,2016-07-10--data_01c46fd3-0308-fb38-0042-fa07089c0a96_107_6_0.snappy.parquet,45818,2026-05-17T21:40:59.135000+00:00,4c804a2ef8b9f6b2ff02faf97940fa43
2016-07-11,2016-07-11--data_01c46fd3-0308-fb38-0042-fa07089c0a96_307_6_0.snappy.parquet,46640,2026-05-17T21:40:29.401000+00:00,a9d2c8a6856ef780ddc870549f07d782
2016-07-12,2016-07-12--data_01c46fd3-0308-fb38-0042-fa07089c0a96_507_6_0.snappy.parquet,46057,2026-05-17T21:40:48.397000+00:00,a5c61281b6a5d85ce4cf7617d5cd4b91
2016-07-13,2016-07-13--data_01c46fd3-0308-fb38-0042-fa07089c0a96_607_0_0.snappy.parquet,36618,2026-05-17T21:40:47.090000+00:00,7cfeebb841fba201ad3d10e43288b5f8
2016-07-14,2016-07-14--data_01c46fd3-0308-fb38-0042-fa07089c0a96_707_4_0.snappy.parquet,26359,2026-05-17T21:40:35.175000+00:00,71c91eaa2d03f938a7371eca64a633bc
2016-07-15,2016-07-15--data_01c46fd3-0308-fb38-0042-fa07089c0a96_107_0_0.snappy.parquet,580771,2026-05-17T21:40:32.548000+00:00,0a0dd6e79128b726004d47b8c7faec5d
2016-07-16,2016-07-16--data_01c46fd3-0308-fb38-0042-fa07089c0a96_607_2_0.snappy.parquet,1383324,2026-05-17T21:40:57.409000+00:00,cd452a12dffae5be28394f778e285fb5
2016-07-17,2016-07-17--data_01c46fd3-0308-fb38-0042-fa07089c0a96_407_0_0.snappy.parquet,43659,2026-05-17T21:40:33.218000+00:00,cd49b6339b01ad4e5a7a8788058e8a96
2016-07-18,2016-07-18--data_01c46fd3-0308-fb38-0042-fa07089c0a96_107_0_0.snappy.parquet,39428,2026-05-17T21:40:30.616000+00:00,a47a8f736d04afc67b1d393d9d78cf8d
2016-07-19,2016-07-19--data_01c46fd3-0308-fb38-0042-fa07089c0a96_707_6_0.snappy.parquet,36148,2026-05-17T21:40:31.813000+00:00,d30fa05cfd713ee1ba57bc473efeba9d
2016-07-20,2016-07-20--data_01c46fd3-0308-fb38-0042-fa07089c0a96_707_4_0.snappy.parquet,43974,2026-05-17T21:40:44.419000+00:00,d6b7a8e75b494b7596558b3e6a5d5cea
2016-07-21,2016-07-21--data_01c46fd3-0308-fb38-0042-fa07089c0a96_007_4_0.snappy.parquet,34484,2026-05-17T21:40:47.058000+00:00,085ddaca2a80153a4d7ed4bc8084bb2d
2016-07-22,2016-07-22--data_01c46fd3-0308-fb38-0042-fa07089c0a96_107_0_0.snappy.parquet,519043,2026-05-17T21:40:30.916000+00:00,6784dceb88465e9cbb6b1a7c6cbac182
2016-07-23,2016-07-23--data_01c46fd3-0308-fb38-0042-fa07089c0a96_507_0_0.snappy.parquet,1600185,2026-05-17T21:40:24.017000+00:00,c597a175530f544f5523f93f8a62a46a
2016-07-24,2016-07-24--data_01c46fd3-0308-fb38-0042-fa07089c0a96_607_4_0.snappy.parquet,43571,2026-05-17T21:40:24.196000+00:00,10150998d3e7721116f15cb4e0acb243
2016-07-25,2016-07-25--data_01c46fd3-0308-fb38-0042-fa07089c0a96_107_0_0.snappy.parquet,36733,2026-05-17T21:40:36.950000+00:00,8a050d3a489561cf851e4b8616b8a44c
2016-07-26,2016-07-26--data_01c46fd3-0308-fb38-0042-fa07089c0a96_107_0_0.snappy.parquet,44200,2026-05-17T21:40:50.673000+00:00,09f8bda59638bf7d016bc9090d80652a
2016-07-27,2016-07-27--data_01c46fd3-0308-fb38-0042-fa07089c0a96_307_2_0.snappy.parquet,41487,2026-05-17T21:40:46.289000+00:00,bce38baa775344032e8190dd512200c0
2016-07-28,2016-07-28--data_01c46fd3-0308-fb38-0042-fa07089c0a96_607_4_0.snappy.parquet,38901,2026-05-17T21:40:32.997000+00:00,21ebc82b2f523439acb28bd4d68cdfd8
2016-07-29,2016-07-29--data_01c46fd3-0308-fb38-0042-fa07089c0a96_507_4_0.snappy.parquet,469577,2026-05-17T21:40:32.086000+00:00,16e107c6e472290f4658aed0e468032f
2016-07-30,2016-07-30--data_01c46fd3-0308-fb38-0042-fa07089c0a96_607_6_0.snappy.parquet,1512042,2026-05-17T21:40:50.155000+00:00,86d17e86d5fe28754273a9f1e292646a
2016-07-31,2016-07-31--data_01c46fd3-0308-fb38-0042-fa07089c0a96_207_6_0.snappy.parquet,38797,2026-05-17T21:41:02.587000+00:00,8799180d082fd9b8d8b39584e72436f3
2016-08-01,2016-08-01--data_01c46fd3-0308-fb38-0042-fa07089c0a96_207_6_0.snappy.parquet,27571,2026-05-17T21:40:46.928000+00:00,c9d18380b10b5c69ad98d3729dbc73b2
2016-08-02,2016-08-02--data_01c46fd3-0308-fb38-0042-fa07089c0a96_307_0_0.snappy.parquet,43387,2026-05-17T21:40:49.824000+00:00,d9c536b01b6729ad6ab888dbc0d5d1d6
2016-08-03,2016-08-03--data_01c46fd3-0308-fb38-0042-fa07089c0a96_107_4_0.snappy.parquet,49488,2026-05-17T21:40:31.732000+00:00,95ecdb73e9799d110a022db435fb14ab
2016-08-04,2016-08-04--data_01c46fd3-0308-fb38-0042-fa07089c0a96_407_0_0.snappy.parquet,68742,2026-05-17T21:40:38.268000+00:00,c232008b18cbc01138d2fde7bdcf9e60
2016-08-05,2016-08-05--data_01c46fd3-0308-fb38-0042-fa07089c0a96_707_2_0.snappy.parquet,395505,2026-05-17T21:40:59.254000+00:00,d49a5e44d2f0af25c80c7e372299d848
2016-08-06,2016-08-06--data_01c46fd3-0308-fb38-0042-fa07089c0a96_307_0_0.snappy.parquet,1503781,2026-05-17T21:40:27.173000+00:00,84796b3a465c40b159fe3028aa163563
2016-08-07,2016-08-07--data_01c46fd3-0308-fb38-0042-fa07089c0a96_507_4_0.snappy.parquet,66171,2026-05-17T21:40:37.229000+00:00,87cbc49bad6d79f981d69dcbc211c574
2016-08-08,2016-08-08--data_01c46fd3-0308-fb38-0042-fa07089c0a96_107_6_0.snappy.parquet,56640,2026-05-17T21:41:01.967000+00:00,e6f1b4309721fa6ad0b13a4b804c1ea7
2016-08-09,2016-08-09--data_01c46fd3-0308-fb38-0042-fa07089c0a96_407_0_0.snappy.parquet,67171,2026-05-17T21:41:10.418000+00:00,342f2e485dbb5a6cae86e89141a4a8b0
2016-08-10,2016-08-10--data_01c46fd3-0308-fb38-0042-fa07089c0a96_207_0_0.snappy.parquet,67057,2026-05-17T21:40:57.610000+00:00,435e17e6c8cdb4c0c7415ea57cd30240
2016-08-11,2016-08-11--data_01c46fd3-0308-fb38-0042-fa07089c0a96_307_2_0.snappy.parquet,57527,2026-05-17T21:40:24.588000+00:00,b79d2639e9e55f9996881322c55ee474
2016-08-12,2016-08-12--data_01c46fd3-0308-fb38-0042-fa07089c0a96_407_0_0.snappy.parquet,385355,2026-05-17T21:41:16.172000+00:00,c7cbed0c1ce831e11280a21d0ce4cb11
2016-08-13,2016-08-13--data_01c46fd3-0308-fb38-0042-fa07089c0a96_707_0_0.snappy.parquet,1599119,2026-05-17T21:40:41.732000+00:00,f0b8fc8f612f49b855ba99d7cd1e1645
2016-08-14,2016-08-14--data_01c46fd3-0308-fb38-0042-fa07089c0a96_607_2_0.snappy.parquet,62647,2026-05-17T21:40:32.828000+00:00,9a4ac35d1f975c10831fd4b70f1a9456
2016-08-15,2016-08-15--data_01c46fd3-0308-fb38-0042-fa07089c0a96_707_2_0.snappy.parquet,71481,2026-05-17T21:40:55.490000+00:00,1b0def79282b8faa015ae429745910e5
2016-08-16,2016-08-16--data_01c46fd3-0308-fb38-0042-fa07089c0a96_307_2_0.snappy.parquet,76039,2026-05-17T21:40:24.691000+00:00,38c40eb30bf72acfb88de7cfa1c101d1
2016-08-17,2016-08-17--data_01c46fd3-0308-fb38-0042-fa07089c0a96_307_2_0.snappy.parquet,70011,2026-05-17T21:40:59.353000+00:00,075b3f396946aa622716f42a724067a5
2016-08-18,2016-08-18--data_01c46fd3-0308-fb38-0042-fa07089c0a96_107_6_0.snappy.parquet,74514,2026-05-17T21:40:31.406000+00:00,45b4eb421b7bdf0ea70c9a517f25e168
2016-08-19,2016-08-19--data_01c46fd3-0308-fb38-0042-fa07089c0a96_307_6_0.snappy.parquet,326253,2026-05-17T21:41:19.470000+00:00,a518ba566aa718e011d92ac6fee89e36
2016-08-20,2016-08-20--data_01c46fd3-0308-fb38-0042-fa07089c0a96_207_4_0.snappy.parquet,1769253,2026-05-17T21:40:34.175000+00:00,f7e2e2e6f9f357d15d94d164f339766b
2016-08-23,2016-08-23--data_01c46fd3-0308-fb38-0042-fa07089c0a96_107_2_0.snappy.parquet,91088,2026-05-17T21:40:55.175000+00:00,c141c6ab166def02863dd1758e9fc9b7
2016-08-24,2016-08-24--data_01c46fd3-0308-fb38-0042-fa07089c0a96_107_6_0.snappy.parquet,111353,2026-05-17T21:41:01.740000+00:00,505ef42a14ce12236803f1f785fab105
2016-08-25,2016-08-25--data_01c46fd3-0308-fb38-0042-fa07089c0a96_507_0_0.snappy.parquet,108296,2026-05-17T21:40:41.498000+00:00,c754bb7501ae7f4386d907c2692ca97a
2016-08-26,2016-08-26--data_01c46fd3-0308-fb38-0042-fa07089c0a96_007_4_0.snappy.parquet,86056,2026-05-17T21:40:45.358000+00:00,da49b24ef2380248ec498e127b4f6419
2016-08-27,2016-08-27--data_01c46fd3-0308-fb38-0042-fa07089c0a96_207_6_0.snappy.parquet,1121634,2026-05-17T21:40:24.850000+00:00,5441435badfa6aee26761f1c8bdf97ed
2016-08-28,2016-08-28--data_01c46fd3-0308-fb38-0042-fa07089c0a96_307_4_0.snappy.parquet,1075018,2026-05-17T21:40:35.784000+00:00,53e90f13a451b9d223684c3e048abea9
2016-08-29,2016-08-29--data_01c46fd3-0308-fb38-0042-fa07089c0a96_207_2_0.snappy.parquet,112192,2026-05-17T21:40:45.527000+00:00,017975af27556abee9af7c87c34fd8b5
2016-08-30,2016-08-30--data_01c46fd3-0308-fb38-0042-fa07089c0a96_007_0_0.snappy.parquet,99873,2026-05-17T21:40:48.524000+00:00,b0efc14cbbf08584888cd577b3927b13
2016-08-31,2016-08-31--data_01c46fd3-0308-fb38-0042-fa07089c0a96_407_6_0.snappy.parquet,94771,2026-05-17T21:40:38.558000+00:00,eb0040ef9248e19ecec00d1d2d21b4bb
2016-09-01,2016-09-01--data_01c46fd3-0308-fb38-0042-fa07089c0a96_307_6_0.snappy.parquet,123761,2026-05-17T21:40:45.806000+00:00,c3592efe4a956878823d6555f5d4fb03
2016-09-02,2016-09-02--data_01c46fd3-0308-fb38-0042-fa07089c0a96_107_4_0.snappy.parquet,425705,2026-05-17T21:40:37.462000+00:00,0fd7dca1369e16590d9ff41ce0151ca5
2016-09-03,2016-09-03--data_01c46fd3-0308-fb38-0042-fa07089c0a96_607_4_0.snappy.parquet,2619953,2026-05-17T21:40:34.568000+00:00,082e4989be2a4aa7c851c0404f6f1e75
2016-09-04,2016-09-04--data_01c46fd3-0308-fb38-0042-fa07089c0a96_107_0_0.snappy.parquet,463331,2026-05-17T21:40:30.061000+00:00,b875b2dfb3bc87f36118e5d0bd7de78f
2016-09-05,2016-09-05--data_01c46fd3-0308-fb38-0042-fa07089c0a96_307_4_0.snappy.parquet,456480,2026-05-17T21:40:56.967000+00:00,b41c64412cd94c5c85f89658362d8579
2016-09-06,2016-09-06--data_01c46fd3-0308-fb38-0042-fa07089c0a96_407_4_0.snappy.parquet,451119,2026-05-17T21:40:31.001000+00:00,97376f39f211b374f7f4e6762da3b56c
2016-09-07,2016-09-07--data_01c46fd3-0308-fb38-0042-fa07089c0a96_107_6_0.snappy.parquet,505159,2026-05-17T21:40:33.509000+00:00,d4adedeff24fc356ea776403699dfc45
2016-09-08,2016-09-08--data_01c46fd3-0308-fb38-0042-fa07089c0a96_707_6_0.snappy.parquet,438464,2026-05-17T21:40:24.083000+00:00,ed9375dd7bc4005fda591c5dc1d8cc91
2016-09-09,2016-09-09--data_01c46fd3-0308-fb38-0042-fa07089c0a96_407_0_0.snappy.parquet,762846,2026-05-17T21:41:10.465000+00:00,422af25930a3c2164f09d36cf6cd1897
2016-09-10,2016-09-10--data_01c46fd3-0308-fb38-0042-fa07089c0a96_007_4_0.snappy.parquet,1731572,2026-05-17T21:40:46.930000+00:00,87f911b6b907a4e31f6943e072786790
2016-09-11,2016-09-11--data_01c46fd3-0308-fb38-0042-fa07089c0a96_307_2_0.snappy.parquet,449899,2026-05-17T21:40:30.297000+00:00,075a7e2773490451f03e62b70a946da2
2016-09-12,2016-09-12--data_01c46fd3-0308-fb38-0042-fa07089c0a96_207_4_0.snappy.parquet,500922,2026-05-17T21:40:28.818000+00:00,6c41cb12e549948cccf375ec1dcc1118
2016-09-13,2016-09-13--data_01c46fd3-0308-fb38-0042-fa07089c0a96_107_6_0.snappy.parquet,641125,2026-05-17T21:40:36.590000+00:00,b5260a61e05807f468de5bca44dd0f6c
2016-09-14,2016-09-14--data_01c46fd3-0308-fb38-0042-fa07089c0a96_407_2_0.snappy.parquet,1533397,2026-05-17T21:40:44.172000+00:00,bec35cd07d72ca8115110a323a6decd6
2016-09-15,2016-09-15--data_01c46fd3-0308-fb38-0042-fa07089c0a96_107_6_0.snappy.parquet,1026134,2026-05-17T21:40:32.951000+00:00,13e2519c2b34120020dd8659a552159b
2016-09-16,2016-09-16--data_01c46fd3-0308-fb38-0042-fa07089c0a96_707_6_0.snappy.parquet,1368390,2026-05-17T21:40:30.869000+00:00,050fc5521c05ce8d83c8327a2efbc37d
2016-09-17,2016-09-17--data_01c46fd3-0308-fb38-0042-fa07089c0a96_107_6_0.snappy.parquet,3397600,2026-05-17T21:40:46.845000+00:00,8aa6a7b46ec0f84050fa409ebcd8365c
2016-09-18,2016-09-18--data_01c46fd3-0308-fb38-0042-fa07089c0a96_407_2_0.snappy.parquet,1171600,2026-05-17T21:40:49.915000+00:00,e94266246413bc18901b1de2816fff67
2016-09-19,2016-09-19--data_01c46fd3-0308-fb38-0042-fa07089c0a96_307_0_0.snappy.parquet,1253331,2026-05-17T21:40:29.698000+00:00,79cd2fe178573ff4ec34ee63bc30815b
2016-09-20,2016-09-20--data_01c46fd3-0308-fb38-0042-fa07089c0a96_507_0_0.snappy.parquet,1506290,2026-05-17T21:40:24.645000+00:00,be84cf174ae64f115f818207215e5dc4
2016-09-21,2016-09-21--data_01c46fd3-0308-fb38-0042-fa07089c0a96_107_4_0.snappy.parquet,684863,2026-05-17T21:40:37.609000+00:00,a3258586216024b9328469892b8154a4
2016-09-22,2016-09-22--data_01c46fd3-0308-fb38-0042-fa07089c0a96_407_4_0.snappy.parquet,381535,2026-05-17T21:40:35.297000+00:00,656dbe6366664afc28f84b3dad01a807
2016-09-23,2016-09-23--data_01c46fd3-0308-fb38-0042-fa07089c0a96_507_0_0.snappy.parquet,649108,2026-05-17T21:40:37.146000+00:00,728e35910ec3befbcabd61e37cb2f78e
2016-09-24,2016-09-24--data_01c46fd3-0308-fb38-0042-fa07089c0a96_107_2_0.snappy.parquet,2844443,2026-05-17T21:40:36.010000+00:00,07aae49c4d9b7886e1353ed12fc6e605
2016-09-25,2016-09-25--data_01c46fd3-0308-fb38-0042-fa07089c0a96_507_6_0.snappy.parquet,1509128,2026-05-17T21:40:55.190000+00:00,0dcf2192baff9e01a051a09e7649e906
2016-09-26,2016-09-26--data_01c46fd3-0308-fb38-0042-fa07089c0a96_607_0_0.snappy.parquet,731495,2026-05-17T21:40:36.694000+00:00,4500bef0e73069f6e7cf5d769223641a
2016-09-27,2016-09-27--data_01c46fd3-0308-fb38-0042-fa07089c0a96_207_2_0.snappy.parquet,416411,2026-05-17T21:40:24.931000+00:00,a3a11d04d170c78930eba6b713159238
2016-09-28,2016-09-28--data_01c46fd3-0308-fb38-0042-fa07089c0a96_707_0_0.snappy.parquet,1220893,2026-05-17T21:40:43.370000+00:00,c9cc247a9805e375868824a7834d1555
2016-09-29,2016-09-29--data_01c46fd3-0308-fb38-0042-fa07089c0a96_007_4_0.snappy.parquet,928721,2026-05-17T21:40:45.838000+00:00,b52a5bebe93285b87d5e3ed682d271ce
2016-09-30,2016-09-30--data_01c46fd3-0308-fb38-0042-fa07089c0a96_607_2_0.snappy.parquet,2068628,2026-05-17T21:40:31.250000+00:00,47511b2243524fa08884a4b42e2b369d
2016-10-01,2016-10-01--data_01c46fd3-0308-fb38-0042-fa07089c0a96_007_2_0.snappy.parquet,2714223,2026-05-17T21:40:34.676000+00:00,cf9932ac19092bc1c24be3ee6b391140
2016-10-02,2016-10-02--data_01c46fd3-0308-fb38-0042-fa07089c0a96_407_2_0.snappy.parquet,1997427,2026-05-17T21:40:49.722000+00:00,78c4bd21251c5cf9bc79ca979b10fa62
2016-10-03,2016-10-03--data_01c46fd3-0308-fb38-0042-fa07089c0a96_007_6_0.snappy.parquet,1252886,2026-05-17T21:40:56.106000+00:00,f9bf54f77c1f724bc64ff8123fe25199
2016-10-04,2016-10-04--data_01c46fd3-0308-fb38-0042-fa07089c0a96_407_4_0.snappy.parquet,553467,2026-05-17T21:40:30.284000+00:00,a40a58690d05e6d18cb8a30841ed2bc1
2016-10-05,2016-10-05--data_01c46fd3-0308-fb38-0042-fa07089c0a96_507_2_0.snappy.parquet,1201911,2026-05-17T21:40:41.418000+00:00,ff390647bc0ed0000281bd87bc1c2d9a
2016-10-06,2016-10-06--data_01c46fd3-0308-fb38-0042-fa07089c0a96_207_6_0.snappy.parquet,1377025,2026-05-17T21:41:03.410000+00:00,06789166922e4e687426f8fbf3ebfa63
2016-10-07,2016-10-07--data_01c46fd3-0308-fb38-0042-fa07089c0a96_607_6_0.snappy.parquet,1364435,2026-05-17T21:40:41.440000+00:00,606f7a3d288ce7e98fa5fd397119fc8d
2016-10-08,2016-10-08--data_01c46fd3-0308-fb38-0042-fa07089c0a96_507_6_0.snappy.parquet,3353069,2026-05-17T21:40:51.351000+00:00,616e8b2463ed7d22cbd01c6c8cd3d636
2016-10-09,2016-10-09--data_01c46fd3-0308-fb38-0042-fa07089c0a96_507_2_0.snappy.parquet,629934,2026-05-17T21:40:31.019000+00:00,8ea77c08d7d328c7c7a716f308889175
2016-10-10,2016-10-10--data_01c46fd3-0308-fb38-0042-fa07089c0a96_707_4_0.snappy.parquet,1027330,2026-05-17T21:40:31.088000+00:00,70f7f63c7f21e7a20db84a5eccfc2b32
2016-10-11,2016-10-11--data_01c46fd3-0308-fb38-0042-fa07089c0a96_507_4_0.snappy.parquet,1477249,2026-05-17T21:41:04.353000+00:00,2046fd4233ce0290cfab6902afe8a33b
2016-10-12,2016-10-12--data_01c46fd3-0308-fb38-0042-fa07089c0a96_207_0_0.snappy.parquet,1414850,2026-05-17T21:40:40.065000+00:00,bc4b1df04eecd5827eea197e340afdab
2016-10-13,2016-10-13--data_01c46fd3-0308-fb38-0042-fa07089c0a96_007_4_0.snappy.parquet,1412751,2026-05-17T21:40:29.176000+00:00,f07b5f0d36ee64e85bf1795d2b41e5dc
2016-10-14,2016-10-14--data_01c46fd3-0308-fb38-0042-fa07089c0a96_607_0_0.snappy.parquet,1391911,2026-05-17T21:40:48.359000+00:00,2f8f73eb6dc5d6f9ff41e7a8fb2788fd
2016-10-15,2016-10-15--data_01c46fd3-0308-fb38-0042-fa07089c0a96_507_0_0.snappy.parquet,2963270,2026-05-17T21:40:46.732000+00:00,9e8150eb49f8345797650aee059b980f
2016-10-16,2016-10-16--data_01c46fd3-0308-fb38-0042-fa07089c0a96_707_2_0.snappy.parquet,1163355,2026-05-17T21:40:32.104000+00:00,ace61f1d12c8240d6511017bb10e8ddf
2016-10-17,2016-10-17--data_01c46fd3-0308-fb38-0042-fa07089c0a96_307_6_0.snappy.parquet,396103,2026-05-17T21:40:57.476000+00:00,2b1e4c8f8079fc0b227b18de090c719c
2016-10-18,2016-10-18--data_01c46fd3-0308-fb38-0042-fa07089c0a96_307_0_0.snappy.parquet,382591,2026-05-17T21:40:50.812000+00:00,b93f3914479a8e1354247132a2f586e9
2016-10-19,2016-10-19--data_01c46fd3-0308-fb38-0042-fa07089c0a96_007_2_0.snappy.parquet,1486446,2026-05-17T21:40:34.142000+00:00,35d1a01763ccbd22055437fdc880377b
2016-10-20,2016-10-20--data_01c46fd3-0308-fb38-0042-fa07089c0a96_607_0_0.snappy.parquet,1511368,2026-05-17T21:40:35.542000+00:00,2aa342734041eaeb66b7d919650b772d
2016-10-21,2016-10-21--data_01c46fd3-0308-fb38-0042-fa07089c0a96_707_6_0.snappy.parquet,1237547,2026-05-17T21:40:46.995000+00:00,211cb6d4d9b006428c25d44cf8e5832f
2016-10-22,2016-10-22--data_01c46fd3-0308-fb38-0042-fa07089c0a96_007_6_0.snappy.parquet,3404790,2026-05-17T21:40:53.564000+00:00,1ed0062fde380a6927a51737c82f5ed0
2016-10-23,2016-10-23--data_01c46fd3-0308-fb38-0042-fa07089c0a96_707_2_0.snappy.parquet,1204484,2026-05-17T21:40:24.655000+00:00,416ffd3e4058730cc6a8d65a703fd6f6
2016-10-24,2016-10-24--data_01c46fd3-0308-fb38-0042-fa07089c0a96_707_4_0.snappy.parquet,710277,2026-05-17T21:40:33.649000+00:00,64585c4a3028319950c3c86de6ccda7a
2016-10-25,2016-10-25--data_01c46fd3-0308-fb38-0042-fa07089c0a96_407_0_0.snappy.parquet,991638,2026-05-17T21:40:27.766000+00:00,8b7ed3849e5e7fe064ff9c3aed0f66f0
2016-10-26,2016-10-26--data_01c46fd3-0308-fb38-0042-fa07089c0a96_707_4_0.snappy.parquet,974132,2026-05-17T21:40:36.008000+00:00,060bcfb6ce989cade64740439cff023b
2016-10-27,2016-10-27--data_01c46fd3-0308-fb38-0042-fa07089c0a96_507_0_0.snappy.parquet,374127,2026-05-17T21:40:37.433000+00:00,b0c3dfc074b2072f14ee71e65c2889de
2016-10-28,2016-10-28--data_01c46fd3-0308-fb38-0042-fa07089c0a96_107_6_0.snappy.parquet,737160,2026-05-17T21:40:33.636000+00:00,f6c1aba42d78ef8c75c6caa1cd1d6938
2016-10-29,2016-10-29--data_01c46fd3-0308-fb38-0042-fa07089c0a96_407_0_0.snappy.parquet,3479124,2026-05-17T21:40:51.647000+00:00,7562a0da31530f58033688a9c3103f9c
2016-10-30,2016-10-30--data_01c46fd3-0308-fb38-0042-fa07089c0a96_207_6_0.snappy.parquet,1500901,2026-05-17T21:40:26.693000+00:00,4e2d28a99962ad4be25e5b7a0799d170
2016-10-31,2016-10-31--data_01c46fd3-0308-fb38-0042-fa07089c0a96_007_6_0.snappy.parquet,836167,2026-05-17T21:40:27.641000+00:00,c75b80f46e5636f7a7a840e058c8f447
2016-11-01,2016-11-01--data_01c46fd3-0308-fb38-0042-fa07089c0a96_507_4_0.snappy.parquet,230148,2026-05-17T21:40:39.400000+00:00,e4bed2ede46410ff75aa36bfc67f8e34
2016-11-02,2016-11-02--data_01c46fd3-0308-fb38-0042-fa07089c0a96_707_2_0.snappy.parquet,741114,2026-05-17T21:40:31.963000+00:00,d2be04976cb8523ee0a917b0612f6d19
2016-11-03,2016-11-03--data_01c46fd3-0308-fb38-0042-fa07089c0a96_707_2_0.snappy.parquet,415270,2026-05-17T21:40:40.560000+00:00,1fd6d05ac1ded0ec515c98e5c5e37d65
2016-11-04,2016-11-04--data_01c46fd3-0308-fb38-0042-fa07089c0a96_507_2_0.snappy.parquet,1107995,2026-05-17T21:40:41.345000+00:00,5546dd91a380306b0e1d8fae860854ea
2016-11-05,2016-11-05--data_01c46fd3-0308-fb38-0042-fa07089c0a96_307_4_0.snappy.parquet,2970479,2026-05-17T21:40:45.332000+00:00,68ffdce6322d2c643694c07b21fbb959
2016-11-07,2016-11-07--data_01c46fd3-0308-fb38-0042-fa07089c0a96_507_4_0.snappy.parquet,2902947,2026-05-17T21:40:43.996000+00:00,0694d0978894e4056fb3b8ba5c02de6e
2016-11-08,2016-11-08--data_01c46fd3-0308-fb38-0042-fa07089c0a96_307_2_0.snappy.parquet,912995,2026-05-17T21:40:32.928000+00:00,61644b9065a0879247f072edb1a40e94
2016-11-09,2016-11-09--data_01c46fd3-0308-fb38-0042-fa07089c0a96_607_6_0.snappy.parquet,519236,2026-05-17T21:40:50.988000+00:00,40be2eebc3d04722b39fc2a940c60795
2016-11-10,2016-11-10--data_01c46fd3-0308-fb38-0042-fa07089c0a96_007_0_0.snappy.parquet,1044465,2026-05-17T21:40:44.564000+00:00,e82c6960efa4f235357491d71598d8ee
2016-11-11,2016-11-11--data_01c46fd3-0308-fb38-0042-fa07089c0a96_707_6_0.snappy.parquet,1212250,2026-05-17T21:40:53.878000+00:00,72d91486f81b1ea40a62c96fe73af224
2016-11-12,2016-11-12--data_01c46fd3-0308-fb38-0042-fa07089c0a96_607_0_0.snappy.parquet,2187796,2026-05-17T21:40:45.083000+00:00,fd01dd6a8ee3cfa02e0b59dfcbd26bc0
2016-11-13,2016-11-13--data_01c46fd3-0308-fb38-0042-fa07089c0a96_607_4_0.snappy.parquet,998605,2026-05-17T21:40:26.895000+00:00,ce6d28d8775003a922a199eae0253f31
2016-11-14,2016-11-14--data_01c46fd3-0308-fb38-0042-fa07089c0a96_207_0_0.snappy.parquet,1011116,2026-05-17T21:40:54.580000+00:00,8a858a53db8c7b19c49323e1d5a0d05e
2016-11-15,2016-11-15--data_01c46fd3-0308-fb38-0042-fa07089c0a96_307_2_0.snappy.parquet,862220,2026-05-17T21:40:55.520000+00:00,96012dd169059e29daa7c0ec3e0f8690
2016-11-16,2016-11-16--data_01c46fd3-0308-fb38-0042-fa07089c0a96_507_0_0.snappy.parquet,365837,2026-05-17T21:40:45.039000+00:00,3770aba8e485c467366f4500fe66f2c9
2016-11-17,2016-11-17--data_01c46fd3-0308-fb38-0042-fa07089c0a96_407_6_0.snappy.parquet,421284,2026-05-17T21:40:34.936000+00:00,67c4b0a3fdbc538f5188cfa5ce4f7d6d
2016-11-18,2016-11-18--data_01c46fd3-0308-fb38-0042-fa07089c0a96_307_0_0.snappy.parquet,1132355,2026-05-17T21:40:29.049000+00:00,e49f55f272a0987275645e5fb42e4a78
2016-11-19,2016-11-19--data_01c46fd3-0308-fb38-0042-fa07089c0a96_407_0_0.snappy.parquet,2817451,2026-05-17T21:41:05.255000+00:00,5a5cd4810994f4e76411f69fa21bc192
2016-11-20,2016-11-20--data_01c46fd3-0308-fb38-0042-fa07089c0a96_107_4_0.snappy.parquet,846544,2026-05-17T21:40:46.949000+00:00,076fc24255649d2c28e203efdad8a5af
2016-11-21,2016-11-21--data_01c46fd3-0308-fb38-0042-fa07089c0a96_507_2_0.snappy.parquet,535548,2026-05-17T21:40:36.328000+00:00,193abc722d1f264fb01c71dda687d179
2016-11-22,2016-11-22--data_01c46fd3-0308-fb38-0042-fa07089c0a96_707_6_0.snappy.parquet,779317,2026-05-17T21:40:44.040000+00:00,845d6da8475c901e0ef82216ac609c4e
2016-11-23,2016-11-23--data_01c46fd3-0308-fb38-0042-fa07089c0a96_507_4_0.snappy.parquet,676962,2026-05-17T21:40:23.932000+00:00,cf1669000cf627dd977fc81a060f0736
2016-11-24,2016-11-24--data_01c46fd3-0308-fb38-0042-fa07089c0a96_607_4_0.snappy.parquet,1053526,2026-05-17T21:40:45.630000+00:00,7424ed95ae9ea353be85f60ac1b0d1da
2016-11-25,2016-11-25--data_01c46fd3-0308-fb38-0042-fa07089c0a96_207_6_0.snappy.parquet,1325632,2026-05-17T21:40:23.879000+00:00,130c301140531c54d1c7a3c771b07cdc
2016-11-26,2016-11-26--data_01c46fd3-0308-fb38-0042-fa07089c0a96_507_6_0.snappy.parquet,2067354,2026-05-17T21:40:31.028000+00:00,d0e3d02ffedc901cb34ae93681a878f9
2016-11-27,2016-11-27--data_01c46fd3-0308-fb38-0042-fa07089c0a96_307_6_0.snappy.parquet,429338,2026-05-17T21:40:42.097000+00:00,53e27967f5182ab814e74f8273cedc98
2016-11-28,2016-11-28--data_01c46fd3-0308-fb38-0042-fa07089c0a96_407_6_0.snappy.parquet,863089,2026-05-17T21:40:31.839000+00:00,5b6b186bdc35daacb30fd122cddbc8a5
2016-11-29,2016-11-29--data_01c46fd3-0308-fb38-0042-fa07089c0a96_607_4_0.snappy.parquet,501730,2026-05-17T21:40:33.594000+00:00,8a2795d4ef427ddd6a7ae593d35d0622
2016-11-30,2016-11-30--data_01c46fd3-0308-fb38-0042-fa07089c0a96_207_4_0.snappy.parquet,512514,2026-05-17T21:40:25.791000+00:00,5300b669ecb5f49b4161ee802b0b3b07
2016-12-01,2016-12-01--data_01c46fd3-0308-fb38-0042-fa07089c0a96_707_6_0.snappy.parquet,1267369,2026-05-17T21:40:50.217000+00:00,1084ad5f82a740b87d495e47d8db5849
2016-12-02,2016-12-02--data_01c46fd3-0308-fb38-0042-fa07089c0a96_407_4_0.snappy.parquet,1303379,2026-05-17T21:40:24.465000+00:00,1090eac07ba3863a4ef6c598c30bbd60
2016-12-03,2016-12-03--data_01c46fd3-0308-fb38-0042-fa07089c0a96_507_0_0.snappy.parquet,2650741,2026-05-17T21:40:40.435000+00:00,060becdc44f4eaf687d7465184ad5289
2016-12-05,2016-12-05--data_01c46fd3-0308-fb38-0042-fa07089c0a96_707_6_0.snappy.parquet,289389,2026-05-17T21:40:40.601000+00:00,5679215a86b214416dbe3bd1c7d8f67c
2016-12-06,2016-12-06--data_01c46fd3-0308-fb38-0042-fa07089c0a96_007_2_0.snappy.parquet,1271522,2026-05-17T21:40:31.441000+00:00,a1c4feaeef450f1db597a7c971060069
2016-12-07,2016-12-07--data_01c46fd3-0308-fb38-0042-fa07089c0a96_707_2_0.snappy.parquet,1481406,2026-05-17T21:40:23.888000+00:00,759bb4e862c1269bc6b6a2eeb46504ae
2016-12-08,2016-12-08--data_01c46fd3-0308-fb38-0042-fa07089c0a96_607_2_0.snappy.parquet,776517,2026-05-17T21:40:25.318000+00:00,9424d4d7f666549fe187f8ef848b4d56
2016-12-09,2016-12-09--data_01c46fd3-0308-fb38-0042-fa07089c0a96_207_0_0.snappy.parquet,1694431,2026-05-17T21:41:01.307000+00:00,50f6ba83ff9c05373ebca0d467b2c24b
2016-12-10,2016-12-10--data_01c46fd3-0308-fb38-0042-fa07089c0a96_407_4_0.snappy.parquet,3519499,2026-05-17T21:40:26.362000+00:00,a8b37e8c269f10e0b69549d12644b2c4
2016-12-11,2016-12-11--data_01c46fd3-0308-fb38-0042-fa07089c0a96_007_6_0.snappy.parquet,759151,2026-05-17T21:40:59.575000+00:00,25765d7c37dd853d41294e218344967d
2016-12-12,2016-12-12--data_01c46fd3-0308-fb38-0042-fa07089c0a96_107_2_0.snappy.parquet,364085,2026-05-17T21:40:40.219000+00:00,52c2cd96cf1c3f3e51a1f3e3112232eb
2016-12-13,2016-12-13--data_01c46fd3-0308-fb38-0042-fa07089c0a96_407_4_0.snappy.parquet,462565,2026-05-17T21:40:26.664000+00:00,6a799e89b7cbc6a5039f99171f81a9ad
2016-12-14,2016-12-14--data_01c46fd3-0308-fb38-0042-fa07089c0a96_107_4_0.snappy.parquet,715755,2026-05-17T21:40:30.461000+00:00,86704acf9a53aae191cb10d1d374216c
2016-12-15,2016-12-15--data_01c46fd3-0308-fb38-0042-fa07089c0a96_207_4_0.snappy.parquet,581564,2026-05-17T21:40:26.275000+00:00,93a98d72a1a0ce35897164c034b867fc
2016-12-16,2016-12-16--data_01c46fd3-0308-fb38-0042-fa07089c0a96_707_6_0.snappy.parquet,623109,2026-05-17T21:40:32.081000+00:00,f206eef94e7d83843c92ce431277aed5
2016-12-17,2016-12-17--data_01c46fd3-0308-fb38-0042-fa07089c0a96_707_6_0.snappy.parquet,838911,2026-05-17T21:40:55.073000+00:00,b9c1e8a98445d849af373721af220e72
2016-12-18,2016-12-18--data_01c46fd3-0308-fb38-0042-fa07089c0a96_407_4_0.snappy.parquet,831346,2026-05-17T21:40:39.683000+00:00,f1bd5a5c4391bbe59fc6af113fcc954c
2016-12-19,2016-12-19--data_01c46fd3-0308-fb38-0042-fa07089c0a96_407_0_0.snappy.parquet,299948,2026-05-17T21:40:52.635000+00:00,2177b91c05d9982d2361a13aa029cf17
2016-12-20,2016-12-20--data_01c46fd3-0308-fb38-0042-fa07089c0a96_507_2_0.snappy.parquet,287263,2026-05-17T21:40:37.939000+00:00,468b28f42b94f4db2254f752e6a28afc
2016-12-21,2016-12-21--data_01c46fd3-0308-fb38-0042-fa07089c0a96_407_0_0.snappy.parquet,355272,2026-05-17T21:41:10.715000+00:00,e24f04f3080f1f292b61b791df6c765c
2016-12-22,2016-12-22--data_01c46fd3-0308-fb38-0042-fa07089c0a96_307_6_0.snappy.parquet,375766,2026-05-17T21:40:44.460000+00:00,f134be1b935dc5c9d6851030048754bd
2016-12-23,2016-12-23--data_01c46fd3-0308-fb38-0042-fa07089c0a96_007_0_0.snappy.parquet,1023530,2026-05-17T21:41:01.731000+00:00,3321ef6160932b4761678e6b9ba357e2
2016-12-24,2016-12-24--data_01c46fd3-0308-fb38-0042-fa07089c0a96_107_4_0.snappy.parquet,1984293,2026-05-17T21:40:42.240000+00:00,0725a87b123aa2eb729de32d05188857
2016-12-25,2016-12-25--data_01c46fd3-0308-fb38-0042-fa07089c0a96_207_0_0.snappy.parquet,426448,2026-05-17T21:40:59.498000+00:00,0cc2347ba72a477cf1dfb447665d0e96
2016-12-26,2016-12-26--data_01c46fd3-0308-fb38-0042-fa07089c0a96_107_2_0.snappy.parquet,363172,2026-05-17T21:40:24.638000+00:00,11b4d0d8a770e36086b0abdc83d04b9d
2016-12-27,2016-12-27--data_01c46fd3-0308-fb38-0042-fa07089c0a96_207_6_0.snappy.parquet,389116,2026-05-17T21:40:29.700000+00:00,6bbc9c42b608083734760957c2433967
2016-12-28,2016-12-28--data_01c46fd3-0308-fb38-0042-fa07089c0a96_507_2_0.snappy.parquet,351394,2026-05-17T21:40:30.808000+00:00,26fd9ea09dbd12356c6ef7ff58fc44e2
2016-12-29,2016-12-29--data_01c46fd3-0308-fb38-0042-fa07089c0a96_007_6_0.snappy.parquet,328616,2026-05-17T21:40:50.356000+00:00,316f19efbf104dd060660f5e900f5b7c
2016-12-30,2016-12-30--data_01c46fd3-0308-fb38-0042-fa07089c0a96_707_2_0.snappy.parquet,1374596,2026-05-17T21:41:02.816000+00:00,53d2fb646866f6796c2fe474d3907bcc
2016-12-31,2016-12-31--data_01c46fd3-0308-fb38-0042-fa07089c0a96_107_6_0.snappy.parquet,1899082,2026-05-17T21:40:28.889000+00:00,27573616d82a8d155919fc8fd528f39b
2017-01-01,2017-01-01--data_01c46fd3-0308-fb38-0042-fa07089c0a96_307_0_0.snappy.parquet,321871,2026-05-17T21:40:30.052000+00:00,d9f8cb53d79d447dc2c3a19e35de9045
2017-01-02,2017-01-02--data_01c46fd3-0308-fb38-0042-fa07089c0a96_107_4_0.snappy.parquet,401294,2026-05-17T21:40:30.361000+00:00,1b0dda1a47f6fabf8e67d239b004ab1f
2017-01-03,2017-01-03--data_01c46fd3-0308-fb38-0042-fa07089c0a96_607_0_0.snappy.parquet,1181756,2026-05-17T21:40:26.315000+00:00,46a33914a18e01d2aeff82d36274489f
2017-01-04,2017-01-04--data_01c46fd3-0308-fb38-0042-fa07089c0a96_007_0_0.snappy.parquet,651802,2026-05-17T21:40:24.447000+00:00,65e59db75f0a2ec71d5b3ec53d9bbd44
2017-01-05,2017-01-05--data_01c46fd3-0308-fb38-0042-fa07089c0a96_307_0_0.snappy.parquet,354508,2026-05-17T21:40:33.204000+00:00,d08419886b8717b14b39d85526ac5333
2017-01-06,2017-01-06--data_01c46fd3-0308-fb38-0042-fa07089c0a96_307_2_0.snappy.parquet,758269,2026-05-17T21:40:54.162000+00:00,78601fac7fb2fdd74a82e7011d0d8fcc
2017-01-07,2017-01-07--data_01c46fd3-0308-fb38-0042-fa07089c0a96_107_0_0.snappy.parquet,2847363,2026-05-17T21:40:26.877000+00:00,007743692b57d1be4a46ead938b39720
2017-01-08,2017-01-08--data_01c46fd3-0308-fb38-0042-fa07089c0a96_507_6_0.snappy.parquet,370913,2026-05-17T21:40:40.130000+00:00,cab588dce9f6924b42b0390a987f70e6
2017-01-09,2017-01-09--data_01c46fd3-0308-fb38-0042-fa07089c0a96_107_0_0.snappy.parquet,628759,2026-05-17T21:40:39.856000+00:00,def43fd6549df7b663a5ab35c2c61ab5
2017-01-10,2017-01-10--data_01c46fd3-0308-fb38-0042-fa07089c0a96_007_2_0.snappy.parquet,380981,2026-05-17T21:40:29.730000+00:00,121932b09747c6bb1e98d365f304f263
2017-01-11,2017-01-11--data_01c46fd3-0308-fb38-0042-fa07089c0a96_007_0_0.snappy.parquet,355459,2026-05-17T21:40:42.895000+00:00,f140ccbb6190ea22339a13b3f19b53f3
2017-01-12,2017-01-12--data_01c46fd3-0308-fb38-0042-fa07089c0a96_407_0_0.snappy.parquet,291376,2026-05-17T21:40:25.768000+00:00,30250430497bf32dafa6782f2ab0edd9
2017-01-13,2017-01-13--data_01c46fd3-0308-fb38-0042-fa07089c0a96_007_2_0.snappy.parquet,651641,2026-05-17T21:40:45.495000+00:00,5fab3f4ded76eeca0a30f1a91ffff74b
2017-01-14,2017-01-14--data_01c46fd3-0308-fb38-0042-fa07089c0a96_707_4_0.snappy.parquet,836172,2026-05-17T21:40:23.887000+00:00,2cd1f3f37c33cddcdd5e718e9b520e0d
2017-01-15,2017-01-15--data_01c46fd3-0308-fb38-0042-fa07089c0a96_507_4_0.snappy.parquet,320042,2026-05-17T21:41:06.353000+00:00,91a7ec8926fbe96034d6382a1f887dba
2017-01-16,2017-01-16--data_01c46fd3-0308-fb38-0042-fa07089c0a96_307_4_0.snappy.parquet,398848,2026-05-17T21:40:56.392000+00:00,d327eb7e064fb9c853e45cd452ac145a
2017-01-17,2017-01-17--data_01c46fd3-0308-fb38-0042-fa07089c0a96_507_6_0.snappy.parquet,348915,2026-05-17T21:40:24.584000+00:00,b73b1cfc0e0a175ee63c5bfca649003c
2017-01-18,2017-01-18--data_01c46fd3-0308-fb38-0042-fa07089c0a96_507_0_0.snappy.parquet,302619,2026-05-17T21:40:38.922000+00:00,8b30b43001df09b35eb32eecb257776d
2017-01-19,2017-01-19--data_01c46fd3-0308-fb38-0042-fa07089c0a96_507_0_0.snappy.parquet,269978,2026-05-17T21:40:25.050000+00:00,5c56eae2de2048c5df9d312bf4175071
2017-01-20,2017-01-20--data_01c46fd3-0308-fb38-0042-fa07089c0a96_107_6_0.snappy.parquet,1030410,2026-05-17T21:40:36.430000+00:00,42d12fd64f45b9b2bd74394ae26f859c
2017-01-21,2017-01-21--data_01c46fd3-0308-fb38-0042-fa07089c0a96_307_0_0.snappy.parquet,2261914,2026-05-17T21:40:51.049000+00:00,36ebdcce4d41b17a252d9c5f226bbc83
2017-01-22,2017-01-22--data_01c46fd3-0308-fb38-0042-fa07089c0a96_307_0_0.snappy.parquet,847304,2026-05-17T21:40:29.411000+00:00,a06aaa4799106661d0b6c99da3ffbfde
2017-01-23,2017-01-23--data_01c46fd3-0308-fb38-0042-fa07089c0a96_107_6_0.snappy.parquet,321118,2026-05-17T21:40:43.541000+00:00,d09cfbbcce31de0519e897a31d4a1ff6
2017-01-24,2017-01-24--data_01c46fd3-0308-fb38-0042-fa07089c0a96_507_6_0.snappy.parquet,262841,2026-05-17T21:40:24.017000+00:00,4291a163089fcd2001222bc12f40bb4a
2017-01-25,2017-01-25--data_01c46fd3-0308-fb38-0042-fa07089c0a96_407_4_0.snappy.parquet,313089,2026-05-17T21:40:27.870000+00:00,ca9b5c6bd4d4a8834e382d974474c811
2017-01-26,2017-01-26--data_01c46fd3-0308-fb38-0042-fa07089c0a96_207_2_0.snappy.parquet,318953,2026-05-17T21:40:39.414000+00:00,9fd2261f780b9ee98b03c1849f85fa49
2017-01-27,2017-01-27--data_01c46fd3-0308-fb38-0042-fa07089c0a96_407_4_0.snappy.parquet,559723,2026-05-17T21:40:25.673000+00:00,784677fa13b5caad2f1941bafcc19bdd
2017-01-28,2017-01-28--data_01c46fd3-0308-fb38-0042-fa07089c0a96_607_0_0.snappy.parquet,745540,2026-05-17T21:40:50.677000+00:00,36f8a935272aeeac1354eb7a1d2d792b
2017-01-29,2017-01-29--data_01c46fd3-0308-fb38-0042-fa07089c0a96_207_6_0.snappy.parquet,268289,2026-05-17T21:40:30.497000+00:00,fcaad0d5f4a3a172d19750025927a0b8
2017-01-30,2017-01-30--data_01c46fd3-0308-fb38-0042-fa07089c0a96_407_6_0.snappy.parquet,307092,2026-05-17T21:40:42.554000+00:00,04581e5961fca429a0f040e486efad4b
2017-01-31,2017-01-31--data_01c46fd3-0308-fb38-0042-fa07089c0a96_007_6_0.snappy.parquet,340427,2026-05-17T21:40:53.696000+00:00,b499ccb632328c8674b807edb8fed264
2017-02-01,2017-02-01--data_01c46fd3-0308-fb38-0042-fa07089c0a96_707_4_0.snappy.parquet,296120,2026-05-17T21:40:35.813000+00:00,7045159de2530eabac8bfb8e51cf8856
2017-02-02,2017-02-02--data_01c46fd3-0308-fb38-0042-fa07089c0a96_307_6_0.snappy.parquet,315269,2026-05-17T21:41:19.334000+00:00,91b7f3233984820fcd65f5066521ac78
2017-02-03,2017-02-03--data_01c46fd3-0308-fb38-0042-fa07089c0a96_007_0_0.snappy.parquet,729106,2026-05-17T21:40:47.601000+00:00,8400811a78596073565f7aff0f60adab
2017-02-04,2017-02-04--data_01c46fd3-0308-fb38-0042-fa07089c0a96_107_4_0.snappy.parquet,693922,2026-05-17T21:40:45.441000+00:00,4b737c5781b47b0a43c0e9dbea507aae
2017-02-05,2017-02-05--data_01c46fd3-0308-fb38-0042-fa07089c0a96_207_0_0.snappy.parquet,286248,2026-05-17T21:41:00.968000+00:00,1bc5cf22205c1f4f68178f1da0cb0edc
2017-02-06,2017-02-06--data_01c46fd3-0308-fb38-0042-fa07089c0a96_607_4_0.snappy.parquet,272665,2026-05-17T21:40:48.926000+00:00,7c417df2ef912ba6dfc5e935726ef318
2017-02-07,2017-02-07--data_01c46fd3-0308-fb38-0042-fa07089c0a96_707_6_0.snappy.parquet,306463,2026-05-17T21:40:26.330000+00:00,a4f9b12e48af8a635dbbf755e2ac01ad
2017-02-08,2017-02-08--data_01c46fd3-0308-fb38-0042-fa07089c0a96_107_4_0.snappy.parquet,319346,2026-05-17T21:40:30.973000+00:00,3a1f8d982c84ee73f10daeebe82bf253
2017-02-09,2017-02-09--data_01c46fd3-0308-fb38-0042-fa07089c0a96_707_6_0.snappy.parquet,334816,2026-05-17T21:40:45.358000+00:00,e72f3f0bec51518f4b7d3962b7453052
2017-02-10,2017-02-10--data_01c46fd3-0308-fb38-0042-fa07089c0a96_707_4_0.snappy.parquet,654040,2026-05-17T21:40:52.422000+00:00,98ede89bfe44548f65b51a49796cef48
2017-02-11,2017-02-11--data_01c46fd3-0308-fb38-0042-fa07089c0a96_007_0_0.snappy.parquet,697155,2026-05-17T21:40:43.895000+00:00,1c35f09713d17b1a4498e2776681becb
2017-02-12,2017-02-12--data_01c46fd3-0308-fb38-0042-fa07089c0a96_007_4_0.snappy.parquet,344515,2026-05-17T21:40:34.805000+00:00,849fe4d983b63a1ced8ced5721ab1d54
2017-02-13,2017-02-13--data_01c46fd3-0308-fb38-0042-fa07089c0a96_207_2_0.snappy.parquet,287671,2026-05-17T21:40:24.369000+00:00,baaff1b35cb4ff6257cf183b7f83579d
2017-02-14,2017-02-14--data_01c46fd3-0308-fb38-0042-fa07089c0a96_207_0_0.snappy.parquet,310418,2026-05-17T21:40:51.587000+00:00,d9a67952529d72501838bb5dffd560ef
2017-02-15,2017-02-15--data_01c46fd3-0308-fb38-0042-fa07089c0a96_007_4_0.snappy.parquet,313441,2026-05-17T21:40:30.241000+00:00,80bdd4e6e223c2c7a0fa4a524069528a
2017-02-16,2017-02-16--data_01c46fd3-0308-fb38-0042-fa07089c0a96_107_4_0.snappy.parquet,299235,2026-05-17T21:40:36.731000+00:00,b98e31ce1467917d36a41ff9e91d168b
2017-02-17,2017-02-17--data_01c46fd3-0308-fb38-0042-fa07089c0a96_707_4_0.snappy.parquet,562847,2026-05-17T21:40:35.574000+00:00,12fb09701db1e96f21c6dbeece059c56
2017-02-18,2017-02-18--data_01c46fd3-0308-fb38-0042-fa07089c0a96_207_2_0.snappy.parquet,719317,2026-05-17T21:40:24.019000+00:00,a92ead4383cc64fe5c2f0c2a13fc77ab
2017-02-19,2017-02-19--data_01c46fd3-0308-fb38-0042-fa07089c0a96_507_0_0.snappy.parquet,287375,2026-05-17T21:40:41.694000+00:00,671fd9894cfed79ac4883694d5b17597
2017-02-20,2017-02-20--data_01c46fd3-0308-fb38-0042-fa07089c0a96_507_0_0.snappy.parquet,321435,2026-05-17T21:40:48.255000+00:00,83fc531fab69dc0b4ef940ba8d3291e2
2017-02-21,2017-02-21--data_01c46fd3-0308-fb38-0042-fa07089c0a96_107_2_0.snappy.parquet,293549,2026-05-17T21:40:32.171000+00:00,84ee92530e55eb1b3ad0ccd9fde0df74
2017-02-22,2017-02-22--data_01c46fd3-0308-fb38-0042-fa07089c0a96_007_4_0.snappy.parquet,315670,2026-05-17T21:40:46.662000+00:00,388886e6a848606a52c093fab7688bf9
2017-02-23,2017-02-23--data_01c46fd3-0308-fb38-0042-fa07089c0a96_307_0_0.snappy.parquet,311153,2026-05-17T21:40:33.065000+00:00,b24f4d4acc67f1adbbebda2df3cc72b5
2017-02-24,2017-02-24--data_01c46fd3-0308-fb38-0042-fa07089c0a96_707_4_0.snappy.parquet,513606,2026-05-17T21:40:30.957000+00:00,f66b22649cb913a4bfe23429610ab4de
2017-02-25,2017-02-25--data_01c46fd3-0308-fb38-0042-fa07089c0a96_707_0_0.snappy.parquet,692506,2026-05-17T21:40:30.276000+00:00,9e9800dd8ec7559427336091f24f01f8
2017-02-26,2017-02-26--data_01c46fd3-0308-fb38-0042-fa07089c0a96_207_0_0.snappy.parquet,303895,2026-05-17T21:40:39.021000+00:00,e5f50452c827b184bfff8389993ab98e
2017-02-27,2017-02-27--data_01c46fd3-0308-fb38-0042-fa07089c0a96_207_2_0.snappy.parquet,342829,2026-05-17T21:40:26.366000+00:00,cad368dcb3a1296e1771da4aecd0afa0
2017-02-28,2017-02-28--data_01c46fd3-0308-fb38-0042-fa07089c0a96_007_0_0.snappy.parquet,342669,2026-05-17T21:40:43.406000+00:00,abbb150397df4b3be5ef6c7fc352ac73
2017-03-01,2017-03-01--data_01c46fd3-0308-fb38-0042-fa07089c0a96_707_6_0.snappy.parquet,277747,2026-05-17T21:40:51.403000+00:00,f5364be4685eba8e2ae2335646785d9e
2017-03-02,2017-03-02--data_01c46fd3-0308-fb38-0042-fa07089c0a96_607_4_0.snappy.parquet,271075,2026-05-17T21:40:33.106000+00:00,660bbe065aa2f0f55b7e7ef9ad961c96
2017-03-03,2017-03-03--data_01c46fd3-0308-fb38-0042-fa07089c0a96_207_4_0.snappy.parquet,649176,2026-05-17T21:40:49.400000+00:00,53dfc5cb6a040f14f7899d602a3db2ec
2017-03-04,2017-03-04--data_01c46fd3-0308-fb38-0042-fa07089c0a96_007_0_0.snappy.parquet,527658,2026-05-17T21:40:44.441000+00:00,16d75e9583a55bacb0706d69b5210448
2017-03-05,2017-03-05--data_01c46fd3-0308-fb38-0042-fa07089c0a96_607_0_0.snappy.parquet,279379,2026-05-17T21:40:26.826000+00:00,c9a74911494fadd2cade1c6908d3b8d9
2017-03-06,2017-03-06--data_01c46fd3-0308-fb38-0042-fa07089c0a96_307_2_0.snappy.parquet,263348,2026-05-17T21:40:58.691000+00:00,9a4db2f2858a4bea50ecf76d540cc306
2017-03-07,2017-03-07--data_01c46fd3-0308-fb38-0042-fa07089c0a96_307_2_0.snappy.parquet,277746,2026-05-17T21:40:51.107000+00:00,6f77739b06973afb7b0a45d4935713bb
2017-03-08,2017-03-08--data_01c46fd3-0308-fb38-0042-fa07089c0a96_407_2_0.snappy.parquet,291667,2026-05-17T21:41:05.072000+00:00,c6a8f8ed306dd59e6fdbe9f8d3fedb39
2017-03-09,2017-03-09--data_01c46fd3-0308-fb38-0042-fa07089c0a96_007_4_0.snappy.parquet,299062,2026-05-17T21:40:32.040000+00:00,dd1940dabeff2c4054d3ab31aaf817ea
2017-03-10,2017-03-10--data_01c46fd3-0308-fb38-0042-fa07089c0a96_407_2_0.snappy.parquet,574406,2026-05-17T21:40:44.506000+00:00,ceab17cb5b8eab1a793d5997a95e663d
2017-03-11,2017-03-11--data_01c46fd3-0308-fb38-0042-fa07089c0a96_107_4_0.snappy.parquet,751648,2026-05-17T21:40:34.438000+00:00,06bac049be88c88e030f065d54b722b4
2017-03-12,2017-03-12--data_01c46fd3-0308-fb38-0042-fa07089c0a96_007_4_0.snappy.parquet,287171,2026-05-17T21:40:44.017000+00:00,8f67a042bbb6248cf7f12015dec2a499
2017-03-13,2017-03-13--data_01c46fd3-0308-fb38-0042-fa07089c0a96_007_4_0.snappy.parquet,274421,2026-05-17T21:40:29.420000+00:00,6da4d79653ec8118649581a8ef387de1
2017-03-14,2017-03-14--data_01c46fd3-0308-fb38-0042-fa07089c0a96_107_2_0.snappy.parquet,328315,2026-05-17T21:40:55.358000+00:00,344a04c61e171ddb08e3376de64ea5f8
2017-03-15,2017-03-15--data_01c46fd3-0308-fb38-0042-fa07089c0a96_407_6_0.snappy.parquet,300991,2026-05-17T21:40:38.286000+00:00,8d7e225e83ce2aa56e25def2a45dd648
2017-03-16,2017-03-16--data_01c46fd3-0308-fb38-0042-fa07089c0a96_107_4_0.snappy.parquet,250670,2026-05-17T21:40:40.894000+00:00,3c6742a51d800173376da5719efbaf4a
2017-03-17,2017-03-17--data_01c46fd3-0308-fb38-0042-fa07089c0a96_207_4_0.snappy.parquet,268157,2026-05-17T21:40:33.507000+00:00,1265bdd539be7b4a6d6cc47a2c23fd40
2017-03-18,2017-03-18--data_01c46fd3-0308-fb38-0042-fa07089c0a96_007_0_0.snappy.parquet,287046,2026-05-17T21:40:38.321000+00:00,51470a765f03faffd59d2ed3e9d0b898
2017-03-19,2017-03-19--data_01c46fd3-0308-fb38-0042-fa07089c0a96_707_2_0.snappy.parquet,284299,2026-05-17T21:40:47.444000+00:00,21e020a9d7ee4e3114f83b4ed03dda59
2017-03-20,2017-03-20--data_01c46fd3-0308-fb38-0042-fa07089c0a96_207_2_0.snappy.parquet,290681,2026-05-17T21:40:32.696000+00:00,1bab5dd63c512cf427c748c01b52f38a
2017-03-21,2017-03-21--data_01c46fd3-0308-fb38-0042-fa07089c0a96_707_4_0.snappy.parquet,436600,2026-05-17T21:40:34.306000+00:00,d502a3b7aded7b6ca95cf6ca202bfe39
2017-03-22,2017-03-22--data_01c46fd3-0308-fb38-0042-fa07089c0a96_207_0_0.snappy.parquet,279231,2026-05-17T21:40:34.086000+00:00,7103c2ae2deec41935ab34194eb841b2
2017-03-23,2017-03-23--data_01c46fd3-0308-fb38-0042-fa07089c0a96_107_2_0.snappy.parquet,298819,2026-05-17T21:40:34.977000+00:00,703cea8e359c99daabd374a9189fa8e9
2017-03-24,2017-03-24--data_01c46fd3-0308-fb38-0042-fa07089c0a96_607_4_0.snappy.parquet,294182,2026-05-17T21:40:32.568000+00:00,c683cbb0696501202a28739e0ec8718c
2017-03-25,2017-03-25--data_01c46fd3-0308-fb38-0042-fa07089c0a96_107_4_0.snappy.parquet,302058,2026-05-17T21:40:31.022000+00:00,5b99339f617d2dc0841e1c7b0b0b6877
2017-03-26,2017-03-26--data_01c46fd3-0308-fb38-0042-fa07089c0a96_607_2_0.snappy.parquet,306044,2026-05-17T21:40:33.700000+00:00,7a772ce26c9f9091d1b9a1e74195c041
2017-03-27,2017-03-27--data_01c46fd3-0308-fb38-0042-fa07089c0a96_307_4_0.snappy.parquet,296756,2026-05-17T21:40:25.366000+00:00,44ebe81acd155b25551596a4639b895f
2017-03-28,2017-03-28--data_01c46fd3-0308-fb38-0042-fa07089c0a96_007_6_0.snappy.parquet,289390,2026-05-17T21:40:30.635000+00:00,3e23501796d13e043e81b0c5ec93327a
2017-03-29,2017-03-29--data_01c46fd3-0308-fb38-0042-fa07089c0a96_207_0_0.snappy.parquet,439299,2026-05-17T21:40:37.612000+00:00,0d6aaa1ef59ba6e8f525cc55191ff80e
2017-03-30,2017-03-30--data_01c46fd3-0308-fb38-0042-fa07089c0a96_507_6_0.snappy.parquet,285193,2026-05-17T21:40:40.297000+00:00,a3ed7b325854fcd94c8e363c7096496e
2017-03-31,2017-03-31--data_01c46fd3-0308-fb38-0042-fa07089c0a96_107_6_0.snappy.parquet,294832,2026-05-17T21:41:00.028000+00:00,4e50f8c587b6fc3e270405e57e957bb5
2017-04-01,2017-04-01--data_01c46fd3-0308-fb38-0042-fa07089c0a96_607_2_0.snappy.parquet,288548,2026-05-17T21:40:44.339000+00:00,0f62a7a7479575cb52cfd82f105f65c0
2017-04-02,2017-04-02--data_01c46fd3-0308-fb38-0042-fa07089c0a96_107_2_0.snappy.parquet,295649,2026-05-17T21:40:34.849000+00:00,f18f555f1496701a239197c8fafbef67
2017-04-03,2017-04-03--data_01c46fd3-0308-fb38-0042-fa07089c0a96_507_0_0.snappy.parquet,278823,2026-05-17T21:40:41.372000+00:00,caf322370f174371ea9fc495973ec4dd
2017-04-04,2017-04-04--data_01c46fd3-0308-fb38-0042-fa07089c0a96_207_0_0.snappy.parquet,320634,2026-05-17T21:41:01.706000+00:00,78bcdf67901da7994938b05ec2baba62
2017-04-05,2017-04-05--data_01c46fd3-0308-fb38-0042-fa07089c0a96_507_0_0.snappy.parquet,314732,2026-05-17T21:40:24.881000+00:00,06c130255f80ef82a1a422eb8bacf3a7
2017-04-06,2017-04-06--data_01c46fd3-0308-fb38-0042-fa07089c0a96_107_6_0.snappy.parquet,309930,2026-05-17T21:40:36.893000+00:00,2c115fa6e14f03b8e7b6da9708137df0
2017-04-07,2017-04-07--data_01c46fd3-0308-fb38-0042-fa07089c0a96_707_0_0.snappy.parquet,294967,2026-05-17T21:40:33.606000+00:00,38daa8a6b07a86dfe031d9f01e21eb11
2017-04-08,2017-04-08--data_01c46fd3-0308-fb38-0042-fa07089c0a96_407_6_0.snappy.parquet,291237,2026-05-17T21:40:56.381000+00:00,5fe7e21a45a8240f9390e3eaba94d10c
2017-04-09,2017-04-09--data_01c46fd3-0308-fb38-0042-fa07089c0a96_707_0_0.snappy.parquet,285222,2026-05-17T21:40:25.077000+00:00,3e9f7b99177856bc36de800fa8455332
2017-04-10,2017-04-10--data_01c46fd3-0308-fb38-0042-fa07089c0a96_607_2_0.snappy.parquet,255799,2026-05-17T21:41:05.178000+00:00,2c67b921169a9fcbb4b39278f4f6b7c3
2017-04-11,2017-04-11--data_01c46fd3-0308-fb38-0042-fa07089c0a96_007_6_0.snappy.parquet,214413,2026-05-17T21:40:26.503000+00:00,bd94f4e5e19636713b74c39e9be6297e
2017-04-12,2017-04-12--data_01c46fd3-0308-fb38-0042-fa07089c0a96_607_0_0.snappy.parquet,222273,2026-05-17T21:40:51.073000+00:00,d44c446abede2c7c83519abfea12701f
2017-04-13,2017-04-13--data_01c46fd3-0308-fb38-0042-fa07089c0a96_107_6_0.snappy.parquet,144203,2026-05-17T21:41:00.308000+00:00,cc62efc303cb53e894727f88b39d4a3e
2017-04-14,2017-04-14--data_01c46fd3-0308-fb38-0042-fa07089c0a96_607_6_0.snappy.parquet,121910,2026-05-17T21:40:46.192000+00:00,3541623b70eb15f30dfedb094072cfe1
2017-04-15,2017-04-15--data_01c46fd3-0308-fb38-0042-fa07089c0a96_207_6_0.snappy.parquet,120509,2026-05-17T21:40:44.020000+00:00,86c9504522330d36f60317eb6591e6b9
2017-04-16,2017-04-16--data_01c46fd3-0308-fb38-0042-fa07089c0a96_607_0_0.snappy.parquet,132115,2026-05-17T21:40:31.398000+00:00,468a2b1aabd5b9a3651e0c8604645009
2017-04-17,2017-04-17--data_01c46fd3-0308-fb38-0042-fa07089c0a96_107_0_0.snappy.parquet,144880,2026-05-17T21:40:27.749000+00:00,cfbf2df89b234d177af9b3f86ea8d606
2017-04-18,2017-04-18--data_01c46fd3-0308-fb38-0042-fa07089c0a96_607_4_0.snappy.parquet,130054,2026-05-17T21:40:36.161000+00:00,50115bda6e2564b5f32e8c73b87561dc
2017-04-19,2017-04-19--data_01c46fd3-0308-fb38-0042-fa07089c0a96_407_0_0.snappy.parquet,127339,2026-05-17T21:41:05.889000+00:00,f920a06cc6645ded3e99dd8c3c222005
2017-04-20,2017-04-20--data_01c46fd3-0308-fb38-0042-fa07089c0a96_307_4_0.snappy.parquet,133642,2026-05-17T21:40:36.263000+00:00,a94bdb56433c990ce1529192c8d984a1
2017-04-21,2017-04-21--data_01c46fd3-0308-fb38-0042-fa07089c0a96_307_6_0.snappy.parquet,153341,2026-05-17T21:40:26.375000+00:00,39da3986b68d6541650c2230afa3f8e4
2017-04-22,2017-04-22--data_01c46fd3-0308-fb38-0042-fa07089c0a96_007_0_0.snappy.parquet,150525,2026-05-17T21:40:41.774000+00:00,59a47d67696b415c981a49152a8603a4
2017-04-23,2017-04-23--data_01c46fd3-0308-fb38-0042-fa07089c0a96_607_2_0.snappy.parquet,109256,2026-05-17T21:40:43.840000+00:00,06e63d255a58a0a0c971b1f4b9afcd1b
2017-04-24,2017-04-24--data_01c46fd3-0308-fb38-0042-fa07089c0a96_107_2_0.snappy.parquet,144764,2026-05-17T21:40:31.492000+00:00,b111fd9588d11f0f7f4673e5aa6e23cf
2017-04-25,2017-04-25--data_01c46fd3-0308-fb38-0042-fa07089c0a96_107_0_0.snappy.parquet,84061,2026-05-17T21:40:27.127000+00:00,237aca8022f8b6f65f6c14b3c67b7c97
2017-04-26,2017-04-26--data_01c46fd3-0308-fb38-0042-fa07089c0a96_407_4_0.snappy.parquet,85108,2026-05-17T21:40:40.917000+00:00,c6734ddb1cc98ee00862a5c08be9c95d
2017-04-27,2017-04-27--data_01c46fd3-0308-fb38-0042-fa07089c0a96_307_6_0.snappy.parquet,80722,2026-05-17T21:40:44.736000+00:00,8c53fdf89f27536444bb7d1293861dec
2017-04-28,2017-04-28--data_01c46fd3-0308-fb38-0042-fa07089c0a96_007_2_0.snappy.parquet,67087,2026-05-17T21:40:38.360000+00:00,b013aabf3776e168848bb1db28980d2e
2017-04-29,2017-04-29--data_01c46fd3-0308-fb38-0042-fa07089c0a96_507_6_0.snappy.parquet,112904,2026-05-17T21:40:25.173000+00:00,87fc58c984a43d396af3e72bc92c874d
2017-04-30,2017-04-30--data_01c46fd3-0308-fb38-0042-fa07089c0a96_007_0_0.snappy.parquet,72026,2026-05-17T21:40:42.704000+00:00,4d297579e16f060ed21c97e8088fa3bf
2017-05-01,2017-05-01--data_01c46fd3-0308-fb38-0042-fa07089c0a96_307_4_0.snappy.parquet,83727,2026-05-17T21:40:23.830000+00:00,68157430998c3ed2bebb70f9ab6cae0c
2017-05-02,2017-05-02--data_01c46fd3-0308-fb38-0042-fa07089c0a96_707_4_0.snappy.parquet,113195,2026-05-17T21:40:56.191000+00:00,bc49e3804651ccc638f7a9e830df5a19
2017-05-03,2017-05-03--data_01c46fd3-0308-fb38-0042-fa07089c0a96_707_0_0.snappy.parquet,105703,2026-05-17T21:40:27.956000+00:00,9e3c31476304026ebc98c35ff506163a
2017-05-04,2017-05-04--data_01c46fd3-0308-fb38-0042-fa07089c0a96_107_6_0.snappy.parquet,88397,2026-05-17T21:40:37.505000+00:00,ffe9642293f4571af8cc1e3cff4c0be6
2017-05-05,2017-05-05--data_01c46fd3-0308-fb38-0042-fa07089c0a96_707_0_0.snappy.parquet,93277,2026-05-17T21:40:34.134000+00:00,ef60b3c9ecca89f6a0414bec06e32baf
2017-05-06,2017-05-06--data_01c46fd3-0308-fb38-0042-fa07089c0a96_307_4_0.snappy.parquet,67332,2026-05-17T21:41:05.830000+00:00,448808a26fce552f5dc8207be03538ae
2017-05-07,2017-05-07--data_01c46fd3-0308-fb38-0042-fa07089c0a96_307_0_0.snappy.parquet,59782,2026-05-17T21:40:26.701000+00:00,54556638ae7e515dd832fb6214544beb
2017-05-08,2017-05-08--data_01c46fd3-0308-fb38-0042-fa07089c0a96_107_0_0.snappy.parquet,65669,2026-05-17T21:40:28.572000+00:00,df111891faefae15a45c06cd246b3bd3
2017-05-09,2017-05-09--data_01c46fd3-0308-fb38-0042-fa07089c0a96_507_6_0.snappy.parquet,88152,2026-05-17T21:40:41.453000+00:00,a401680c5c1408807750e4ebca79d19f
2017-05-10,2017-05-10--data_01c46fd3-0308-fb38-0042-fa07089c0a96_607_4_0.snappy.parquet,91406,2026-05-17T21:40:27.697000+00:00,6a792b7118dae38a91cfc77ee70eaebb
2017-05-11,2017-05-11--data_01c46fd3-0308-fb38-0042-fa07089c0a96_407_4_0.snappy.parquet,107650,2026-05-17T21:40:24.501000+00:00,9d49101d6f9813683fd6dd2f3797babe
2017-05-12,2017-05-12--data_01c46fd3-0308-fb38-0042-fa07089c0a96_107_0_0.snappy.parquet,122032,2026-05-17T21:40:41.158000+00:00,a31ec3aca8b020130aa58067e32d5d46
2017-05-13,2017-05-13--data_01c46fd3-0308-fb38-0042-fa07089c0a96_707_6_0.snappy.parquet,187586,2026-05-17T21:40:26.531000+00:00,a5dc90254e3b90fef4475bf27565a962
2017-05-14,2017-05-14--data_01c46fd3-0308-fb38-0042-fa07089c0a96_407_6_0.snappy.parquet,130982,2026-05-17T21:40:31.423000+00:00,73475e8389c6cc1197792bed5da61fa3
2017-05-15,2017-05-15--data_01c46fd3-0308-fb38-0042-fa07089c0a96_507_4_0.snappy.parquet,169221,2026-05-17T21:40:44.135000+00:00,ea54f8a3e345e44bbf0b3710e3d51910
2017-05-16,2017-05-16--data_01c46fd3-0308-fb38-0042-fa07089c0a96_107_0_0.snappy.parquet,138751,2026-05-17T21:40:33.507000+00:00,2f84b9dd7643007f6f7f82cba593b57d
2017-05-17,2017-05-17--data_01c46fd3-0308-fb38-0042-fa07089c0a96_007_0_0.snappy.parquet,152225,2026-05-17T21:41:03.141000+00:00,618d1cf4c6bd89a72ae4dad1f3f88f7a
2017-05-18,2017-05-18--data_01c46fd3-0308-fb38-0042-fa07089c0a96_207_2_0.snappy.parquet,160496,2026-05-17T21:40:51.837000+00:00,d76cd84450bb452796f547bc8fdf120c
2017-05-19,2017-05-19--data_01c46fd3-0308-fb38-0042-fa07089c0a96_307_6_0.snappy.parquet,147002,2026-05-17T21:41:20.998000+00:00,b3b93a0307e286772472daa6d4e93131
2017-05-20,2017-05-20--data_01c46fd3-0308-fb38-0042-fa07089c0a96_107_0_0.snappy.parquet,335527,2026-05-17T21:40:35.912000+00:00,373d6b426b1eb6b4684541f99a1e8ca3
2017-05-21,2017-05-21--data_01c46fd3-0308-fb38-0042-fa07089c0a96_207_6_0.snappy.parquet,267118,2026-05-17T21:40:25.635000+00:00,9bdca8c9d833eb1d0a4db79c2fd439ed
2017-05-22,2017-05-22--data_01c46fd3-0308-fb38-0042-fa07089c0a96_707_0_0.snappy.parquet,228733,2026-05-17T21:40:28.832000+00:00,fb016adb58a2093051fb79c2d777a434
2017-05-23,2017-05-23--data_01c46fd3-0308-fb38-0042-fa07089c0a96_107_0_0.snappy.parquet,212456,2026-05-17T21:40:26.632000+00:00,d953c82d32a6300d79243c2f6f6d4331
2017-05-24,2017-05-24--data_01c46fd3-0308-fb38-0042-fa07089c0a96_607_4_0.snappy.parquet,244887,2026-05-17T21:40:24.071000+00:00,2cbf40498f1c7e2ee4a57f66d0d0097e
2017-05-25,2017-05-25--data_01c46fd3-0308-fb38-0042-fa07089c0a96_207_0_0.snappy.parquet,238084,2026-05-17T21:40:41.461000+00:00,830baa9fde72b73072f7ddb6b95f8e5e
2017-05-26,2017-05-26--data_01c46fd3-0308-fb38-0042-fa07089c0a96_707_0_0.snappy.parquet,271837,2026-05-17T21:40:28.079000+00:00,6e01f28d5e24c40b831eb68baa03e459
2017-05-27,2017-05-27--data_01c46fd3-0308-fb38-0042-fa07089c0a96_307_6_0.snappy.parquet,241905,2026-05-17T21:41:11.166000+00:00,189f6ff54d044f08dffa7daec92a2488
2017-05-28,2017-05-28--data_01c46fd3-0308-fb38-0042-fa07089c0a96_007_6_0.snappy.parquet,239960,2026-05-17T21:40:52.350000+00:00,78de65c2b4e4ad2031e9260ef77365af
2017-05-29,2017-05-29--data_01c46fd3-0308-fb38-0042-fa07089c0a96_407_2_0.snappy.parquet,257406,2026-05-17T21:40:48.379000+00:00,cd9fdb8fa3479d54c480d9562db32aa4
2017-05-30,2017-05-30--data_01c46fd3-0308-fb38-0042-fa07089c0a96_207_6_0.snappy.parquet,241902,2026-05-17T21:40:26.503000+00:00,3ae9728753b6afe22662a34f8aba20d1
2017-05-31,2017-05-31--data_01c46fd3-0308-fb38-0042-fa07089c0a96_407_4_0.snappy.parquet,231052,2026-05-17T21:40:23.842000+00:00,b6fe2753b8f579ee81cacd47c205149e
2017-06-01,2017-06-01--data_01c46fd3-0308-fb38-0042-fa07089c0a96_207_4_0.snappy.parquet,235447,2026-05-17T21:40:56.144000+00:00,b8867a1d05d3f81c68891ac440b9397a
2017-06-02,2017-06-02--data_01c46fd3-0308-fb38-0042-fa07089c0a96_207_2_0.snappy.parquet,238031,2026-05-17T21:40:25.786000+00:00,f2d510d6df8f49edcfacef745bb80dc7
2017-06-03,2017-06-03--data_01c46fd3-0308-fb38-0042-fa07089c0a96_407_2_0.snappy.parquet,238737,2026-05-17T21:40:32.942000+00:00,1f6e92093f8dbb451ffc546ebaff4fd8
2017-06-04,2017-06-04--data_01c46fd3-0308-fb38-0042-fa07089c0a96_007_6_0.snappy.parquet,218536,2026-05-17T21:40:53.595000+00:00,cec66b20dcc2479823c3e31d75d92405
2017-06-05,2017-06-05--data_01c46fd3-0308-fb38-0042-fa07089c0a96_707_0_0.snappy.parquet,258394,2026-05-17T21:40:24.336000+00:00,689cdd7dca2496e208770e0e34d5fa0d
2017-06-06,2017-06-06--data_01c46fd3-0308-fb38-0042-fa07089c0a96_407_6_0.snappy.parquet,237309,2026-05-17T21:40:47.059000+00:00,ca63b5cbd55def6df5db13f89356a205
2017-06-07,2017-06-07--data_01c46fd3-0308-fb38-0042-fa07089c0a96_307_4_0.snappy.parquet,238953,2026-05-17T21:40:35.284000+00:00,a49d8f1a2046dfa504d9e52a98b2c029
2017-06-08,2017-06-08--data_01c46fd3-0308-fb38-0042-fa07089c0a96_707_0_0.snappy.parquet,279812,2026-05-17T21:40:46.139000+00:00,253d4017869901415fd997d15b2095af
2017-06-09,2017-06-09--data_01c46fd3-0308-fb38-0042-fa07089c0a96_107_2_0.snappy.parquet,243451,2026-05-17T21:41:04.366000+00:00,d8221e60d7c605ae6044855c75ff6733
2017-06-10,2017-06-10--data_01c46fd3-0308-fb38-0042-fa07089c0a96_407_0_0.snappy.parquet,242438,2026-05-17T21:40:25.256000+00:00,fe9324889d69abf976979f0a5487896c
2017-06-11,2017-06-11--data_01c46fd3-0308-fb38-0042-fa07089c0a96_507_4_0.snappy.parquet,277206,2026-05-17T21:40:34.527000+00:00,4561f6e1e8771ee6d6146232b9b69a29
2017-06-12,2017-06-12--data_01c46fd3-0308-fb38-0042-fa07089c0a96_307_2_0.snappy.parquet,251870,2026-05-17T21:40:59.725000+00:00,ab46c902e9ae95f5c430e4152bdce5f9
2017-06-13,2017-06-13--data_01c46fd3-0308-fb38-0042-fa07089c0a96_707_0_0.snappy.parquet,255877,2026-05-17T21:40:28.638000+00:00,494d22511faf262eb0f63a347fa0a764
2017-06-14,2017-06-14--data_01c46fd3-0308-fb38-0042-fa07089c0a96_107_4_0.snappy.parquet,281589,2026-05-17T21:40:35.303000+00:00,7b46741fc2455888ae6df41cd8790ec5
2017-06-15,2017-06-15--data_01c46fd3-0308-fb38-0042-fa07089c0a96_007_0_0.snappy.parquet,259065,2026-05-17T21:40:47.366000+00:00,e7e562d25730d46ef85c77a6647b05a1
2017-06-16,2017-06-16--data_01c46fd3-0308-fb38-0042-fa07089c0a96_007_0_0.snappy.parquet,243037,2026-05-17T21:40:38.259000+00:00,f38a1177358c6da65212a96bbb643195
2017-06-17,2017-06-17--data_01c46fd3-0308-fb38-0042-fa07089c0a96_507_6_0.snappy.parquet,245118,2026-05-17T21:40:51.517000+00:00,3e17e84038e442da771ad1c1717bf90d
2017-06-18,2017-06-18--data_01c46fd3-0308-fb38-0042-fa07089c0a96_607_2_0.snappy.parquet,252954,2026-05-17T21:40:32.066000+00:00,034947e051c099f784b851ee564273fe
2017-06-19,2017-06-19--data_01c46fd3-0308-fb38-0042-fa07089c0a96_207_4_0.snappy.parquet,241823,2026-05-17T21:40:43.892000+00:00,28cc0da7ce2d3d4512ffd90bd1485a82
2017-06-20,2017-06-20--data_01c46fd3-0308-fb38-0042-fa07089c0a96_607_6_0.snappy.parquet,243328,2026-05-17T21:40:41.062000+00:00,7333ecb48e3a6c2e36719c8cab7f0e18
2017-06-21,2017-06-21--data_01c46fd3-0308-fb38-0042-fa07089c0a96_607_2_0.snappy.parquet,251978,2026-05-17T21:40:25.301000+00:00,6dca3dd4b31cf0abfcc8d5fe945bf33f
2017-06-22,2017-06-22--data_01c46fd3-0308-fb38-0042-fa07089c0a96_107_4_0.snappy.parquet,277043,2026-05-17T21:40:34.534000+00:00,bdae71dcb170f257e9633a3b2670e39b
2017-06-23,2017-06-23--data_01c46fd3-0308-fb38-0042-fa07089c0a96_407_0_0.snappy.parquet,277636,2026-05-17T21:41:02.100000+00:00,93b301eb4dbfa8534f462b38f5100573
2017-06-24,2017-06-24--data_01c46fd3-0308-fb38-0042-fa07089c0a96_307_4_0.snappy.parquet,256198,2026-05-17T21:41:02.271000+00:00,6687b65586ea986857dd54b3a235c523
2017-06-25,2017-06-25--data_01c46fd3-0308-fb38-0042-fa07089c0a96_207_0_0.snappy.parquet,224022,2026-05-17T21:41:00.831000+00:00,b6a983111e34e288ac0356f802b8888a
2017-06-26,2017-06-26--data_01c46fd3-0308-fb38-0042-fa07089c0a96_707_2_0.snappy.parquet,372956,2026-05-17T21:41:03.658000+00:00,006f3479c08d904d4d6aaea7e3258f53
2017-06-27,2017-06-27--data_01c46fd3-0308-fb38-0042-fa07089c0a96_607_6_0.snappy.parquet,281998,2026-05-17T21:40:52.529000+00:00,7b874933cdf95fc29f3e54e5a0263da8
2017-06-28,2017-06-28--data_01c46fd3-0308-fb38-0042-fa07089c0a96_307_0_0.snappy.parquet,275945,2026-05-17T21:40:47.250000+00:00,3ed939e4c169e17e4701f61b4573ad79
2017-06-29,2017-06-29--data_01c46fd3-0308-fb38-0042-fa07089c0a96_207_0_0.snappy.parquet,251872,2026-05-17T21:40:41.124000+00:00,d99f32af96130de9d0c3141f3a679b79
2017-06-30,2017-06-30--data_01c46fd3-0308-fb38-0042-fa07089c0a96_607_4_0.snappy.parquet,269376,2026-05-17T21:40:23.825000+00:00,1105c5202a95898f8b77ede71c541370
2017-07-01,2017-07-01--data_01c46fd3-0308-fb38-0042-fa07089c0a96_407_4_0.snappy.parquet,292779,2026-05-17T21:40:31.911000+00:00,d46945dd155ec4a722db00582f4be8c5
2017-07-02,2017-07-02--data_01c46fd3-0308-fb38-0042-fa07089c0a96_607_2_0.snappy.parquet,244850,2026-05-17T21:40:31.944000+00:00,590a7f287b94dc895bbd2e9cf317c735
2017-07-03,2017-07-03--data_01c46fd3-0308-fb38-0042-fa07089c0a96_307_6_0.snappy.parquet,273148,2026-05-17T21:40:26.528000+00:00,65749d9766d7d88792aabdceb1703fa1
2017-07-04,2017-07-04--data_01c46fd3-0308-fb38-0042-fa07089c0a96_207_0_0.snappy.parquet,281675,2026-05-17T21:40:51.708000+00:00,4c8b2512b8a8d8f992cb29d2b3d20bea
2017-07-05,2017-07-05--data_01c46fd3-0308-fb38-0042-fa07089c0a96_407_2_0.snappy.parquet,269046,2026-05-17T21:40:49.662000+00:00,f1e6c840e45311d6816e091a322ebc59
2017-07-06,2017-07-06--data_01c46fd3-0308-fb38-0042-fa07089c0a96_407_0_0.snappy.parquet,284020,2026-05-17T21:40:53.825000+00:00,42a00ad40c5c0a9969290be3e5b5a2c5
2017-07-07,2017-07-07--data_01c46fd3-0308-fb38-0042-fa07089c0a96_707_2_0.snappy.parquet,265034,2026-05-17T21:41:02.892000+00:00,d4bcfec6588a30ddef31e93d0ba06313
2017-07-08,2017-07-08--data_01c46fd3-0308-fb38-0042-fa07089c0a96_007_0_0.snappy.parquet,241048,2026-05-17T21:40:28.924000+00:00,4c681f71eddbfa386c6730e8f61a3422
2017-07-09,2017-07-09--data_01c46fd3-0308-fb38-0042-fa07089c0a96_007_0_0.snappy.parquet,272155,2026-05-17T21:40:52.998000+00:00,a5a47727e475595eb5fd2137beb1aeff
2017-07-10,2017-07-10--data_01c46fd3-0308-fb38-0042-fa07089c0a96_507_2_0.snappy.parquet,298157,2026-05-17T21:41:01.391000+00:00,1fcb61f2baf7d0288820861279036635
2017-07-11,2017-07-11--data_01c46fd3-0308-fb38-0042-fa07089c0a96_207_6_0.snappy.parquet,238855,2026-05-17T21:40:37.129000+00:00,94bb8b921d6ed229b1f3e1dbd26f7933
2017-07-12,2017-07-12--data_01c46fd3-0308-fb38-0042-fa07089c0a96_607_6_0.snappy.parquet,296051,2026-05-17T21:40:34.820000+00:00,3bd1d0699ee1352afb30bfdfc807ebb0
2017-07-13,2017-07-13--data_01c46fd3-0308-fb38-0042-fa07089c0a96_107_2_0.snappy.parquet,257178,2026-05-17T21:40:55.800000+00:00,b410cae6a9f9e6e140b3179841c3d0c7
2017-07-14,2017-07-14--data_01c46fd3-0308-fb38-0042-fa07089c0a96_707_6_0.snappy.parquet,261288,2026-05-17T21:40:41.098000+00:00,7a0f0a3a7eb1f3585d8bad798f1067c2
2017-07-15,2017-07-15--data_01c46fd3-0308-fb38-0042-fa07089c0a96_707_0_0.snappy.parquet,239723,2026-05-17T21:40:31.759000+00:00,947ae4583406c100c0e457372b648e3d
2017-07-16,2017-07-16--data_01c46fd3-0308-fb38-0042-fa07089c0a96_307_6_0.snappy.parquet,258520,2026-05-17T21:40:37.897000+00:00,5d507b4f574580d9efb46f5957743973
2017-07-17,2017-07-17--data_01c46fd3-0308-fb38-0042-fa07089c0a96_207_4_0.snappy.parquet,250845,2026-05-17T21:40:46.752000+00:00,22b0d8e24caba5d19c0b304e56fd937b
2017-07-18,2017-07-18--data_01c46fd3-0308-fb38-0042-fa07089c0a96_307_2_0.snappy.parquet,230281,2026-05-17T21:40:30.498000+00:00,c0fb26ea3f19ca035f615e8dbe0e7ef2
2017-07-19,2017-07-19--data_01c46fd3-0308-fb38-0042-fa07089c0a96_107_2_0.snappy.parquet,266573,2026-05-17T21:40:32.056000+00:00,592e0de9c28bcde0c25395c1f83f4223
2017-07-20,2017-07-20--data_01c46fd3-0308-fb38-0042-fa07089c0a96_007_2_0.snappy.parquet,285939,2026-05-17T21:40:47.503000+00:00,8adfbc6990d4264cce43e0fc17eba549
2017-07-21,2017-07-21--data_01c46fd3-0308-fb38-0042-fa07089c0a96_607_6_0.snappy.parquet,274244,2026-05-17T21:41:04.539000+00:00,69845994fc2cb51f4e3cbba68d60c780
2017-07-22,2017-07-22--data_01c46fd3-0308-fb38-0042-fa07089c0a96_007_4_0.snappy.parquet,245224,2026-05-17T21:40:29.293000+00:00,e8c184a036c3fbbe242ad2733abfbc81
2017-07-23,2017-07-23--data_01c46fd3-0308-fb38-0042-fa07089c0a96_007_0_0.snappy.parquet,253839,2026-05-17T21:40:53.289000+00:00,53736f502bd7c563002a0237f7f2eab7
2017-07-24,2017-07-24--data_01c46fd3-0308-fb38-0042-fa07089c0a96_407_2_0.snappy.parquet,260505,2026-05-17T21:40:50.038000+00:00,912dc7dc674c023f4b56eb1778be6bd5
2017-07-25,2017-07-25--data_01c46fd3-0308-fb38-0042-fa07089c0a96_107_4_0.snappy.parquet,286921,2026-05-17T21:40:38.740000+00:00,f7f6b8f1b21992f44a882ce0fb35f6e4
2017-07-26,2017-07-26--data_01c46fd3-0308-fb38-0042-fa07089c0a96_407_2_0.snappy.parquet,326202,2026-05-17T21:40:42.834000+00:00,9dc7bea5a6cf39c49609d395c0b7317d
2017-07-27,2017-07-27--data_01c46fd3-0308-fb38-0042-fa07089c0a96_507_6_0.snappy.parquet,333213,2026-05-17T21:40:51.147000+00:00,b588caa8eafa65f3060c46f8f4a191cc
2017-07-28,2017-07-28--data_01c46fd3-0308-fb38-0042-fa07089c0a96_707_6_0.snappy.parquet,308900,2026-05-17T21:40:50.706000+00:00,5d06d82f7bc3c5ee7063766c1991d06f
2017-07-29,2017-07-29--data_01c46fd3-0308-fb38-0042-fa07089c0a96_607_4_0.snappy.parquet,255949,2026-05-17T21:40:37.366000+00:00,e5a2f2b2311f5ec7c20d02ec7bdddba5
2017-07-30,2017-07-30--data_01c46fd3-0308-fb38-0042-fa07089c0a96_507_4_0.snappy.parquet,301299,2026-05-17T21:40:39.441000+00:00,10ea1e46477b01a4e798814dfc96291b
2017-07-31,2017-07-31--data_01c46fd3-0308-fb38-0042-fa07089c0a96_607_6_0.snappy.parquet,245300,2026-05-17T21:40:33.702000+00:00,a4e8a0fe559540a292b6642c68edecc2
2017-08-01,2017-08-01--data_01c46fd3-0308-fb38-0042-fa07089c0a96_007_0_0.snappy.parquet,234470,2026-05-17T21:40:43.807000+00:00,a82ddc10d546a867546bb4b6d2ee0e05
2017-08-02,2017-08-02--data_01c46fd3-0308-fb38-0042-fa07089c0a96_407_6_0.snappy.parquet,259208,2026-05-17T21:40:46.006000+00:00,b8ae37ad45045a900e430c6b95d8ce5f
2017-08-03,2017-08-03--data_01c46fd3-0308-fb38-0042-fa07089c0a96_407_0_0.snappy.parquet,260613,2026-05-17T21:40:51.135000+00:00,f223eb904b5825d986eddb21bf854ac9
2017-08-04,2017-08-04--data_01c46fd3-0308-fb38-0042-fa07089c0a96_307_6_0.snappy.parquet,342464,2026-05-17T21:40:27.441000+00:00,b60f03a154739be2097fc91121e37ddc
2017-08-05,2017-08-05--data_01c46fd3-0308-fb38-0042-fa07089c0a96_307_4_0.snappy.parquet,303646,2026-05-17T21:41:01.859000+00:00,16fbbf031c6a19a7ce674ef2f0df2db5
2017-08-06,2017-08-06--data_01c46fd3-0308-fb38-0042-fa07089c0a96_007_4_0.snappy.parquet,1432679,2026-05-17T21:40:34.296000+00:00,2282d1b5cbed6a903dcd3d8497c1eea8
2017-08-07,2017-08-07--data_01c46fd3-0308-fb38-0042-fa07089c0a96_707_2_0.snappy.parquet,827269,2026-05-17T21:40:55.106000+00:00,aede411e5637a519fc1ec35e7feb9938
2017-08-08,2017-08-08--data_01c46fd3-0308-fb38-0042-fa07089c0a96_107_4_0.snappy.parquet,1136247,2026-05-17T21:40:29.311000+00:00,0a25ddda2136b7d73f8005ebfbb608dc
2017-08-09,2017-08-09--data_01c46fd3-0308-fb38-0042-fa07089c0a96_707_0_0.snappy.parquet,1666205,2026-05-17T21:40:42.512000+00:00,fd3dd4e54ff0353d5984a1e3c38b65d4
2017-08-10,2017-08-10--data_01c46fd3-0308-fb38-0042-fa07089c0a96_307_0_0.snappy.parquet,1309833,2026-05-17T21:40:26.564000+00:00,71fc051e32885b993a3fbbb4e35e5d13
2017-08-11,2017-08-11--data_01c46fd3-0308-fb38-0042-fa07089c0a96_707_0_0.snappy.parquet,1273748,2026-05-17T21:40:39.846000+00:00,d79c13debfc8ed543e2d9d436b1305fb
2017-08-12,2017-08-12--data_01c46fd3-0308-fb38-0042-fa07089c0a96_407_0_0.snappy.parquet,2633068,2026-05-17T21:40:28.360000+00:00,f8e51290cfbbbcff9e07c92b783d4ac3
2017-08-13,2017-08-13--data_01c46fd3-0308-fb38-0042-fa07089c0a96_307_4_0.snappy.parquet,1302312,2026-05-17T21:40:32.448000+00:00,e67584d045cc8c8640be48e5f7e34488
2017-08-14,2017-08-14--data_01c46fd3-0308-fb38-0042-fa07089c0a96_207_4_0.snappy.parquet,1398405,2026-05-17T21:40:45.016000+00:00,02b75d125f66f7868ab97f3a4c742211
2017-08-15,2017-08-15--data_01c46fd3-0308-fb38-0042-fa07089c0a96_407_2_0.snappy.parquet,1339434,2026-05-17T21:40:31.398000+00:00,58951a9a04d3beb63df2f0d17280663b
2017-08-16,2017-08-16--data_01c46fd3-0308-fb38-0042-fa07089c0a96_307_2_0.snappy.parquet,2254083,2026-05-17T21:40:57.364000+00:00,03278a07b5c6ef9f6c63f452f10d20ac
2017-08-17,2017-08-17--data_01c46fd3-0308-fb38-0042-fa07089c0a96_007_0_0.snappy.parquet,1086578,2026-05-17T21:40:31.356000+00:00,5c46754570d22a2fbe4ae9ca8a8c4d2f
2017-08-18,2017-08-18--data_01c46fd3-0308-fb38-0042-fa07089c0a96_207_4_0.snappy.parquet,442566,2026-05-17T21:40:45.662000+00:00,29c78a43d14c372f93ed488bf47f30ab
2017-08-19,2017-08-19--data_01c46fd3-0308-fb38-0042-fa07089c0a96_507_2_0.snappy.parquet,512310,2026-05-17T21:40:58.063000+00:00,57b6e147f7ea6e608078ea92e84bed68
2017-08-20,2017-08-20--data_01c46fd3-0308-fb38-0042-fa07089c0a96_507_4_0.snappy.parquet,231883,2026-05-17T21:40:34.297000+00:00,02d3ba9b7d3090f8a40aca670b51d8e5
2017-08-21,2017-08-21--data_01c46fd3-0308-fb38-0042-fa07089c0a96_107_4_0.snappy.parquet,246781,2026-05-17T21:40:31.467000+00:00,ccf95b4c8b5c12d7d4fe158700c661bc
2017-08-22,2017-08-22--data_01c46fd3-0308-fb38-0042-fa07089c0a96_607_4_0.snappy.parquet,306426,2026-05-17T21:40:28.556000+00:00,afb158a886a3c9b27bcfcadb93164228
2017-08-23,2017-08-23--data_01c46fd3-0308-fb38-0042-fa07089c0a96_707_0_0.snappy.parquet,289826,2026-05-17T21:40:28.191000+00:00,99d1388d5b9721bed96f73b004a61435
2017-08-24,2017-08-24--data_01c46fd3-0308-fb38-0042-fa07089c0a96_607_4_0.snappy.parquet,227467,2026-05-17T21:40:28.447000+00:00,cc62945cd0266b79e51b1409e3999901
2017-08-25,2017-08-25--data_01c46fd3-0308-fb38-0042-fa07089c0a96_207_2_0.snappy.parquet,374712,2026-05-17T21:40:45.052000+00:00,f95d6e6ee2b6094a6803e00e086886f7
2017-08-26,2017-08-26--data_01c46fd3-0308-fb38-0042-fa07089c0a96_307_0_0.snappy.parquet,683060,2026-05-17T21:40:29.276000+00:00,2f2acb904ded6dc030234d8a4b8e2dd4
2017-08-27,2017-08-27--data_01c46fd3-0308-fb38-0042-fa07089c0a96_007_2_0.snappy.parquet,284525,2026-05-17T21:40:33.795000+00:00,c3f6941a266fe877a67b02451388bb53
2017-08-28,2017-08-28--data_01c46fd3-0308-fb38-0042-fa07089c0a96_407_6_0.snappy.parquet,1160090,2026-05-17T21:40:33.289000+00:00,e00ec6148a06282dc86a3d5058de3eb5
2017-08-29,2017-08-29--data_01c46fd3-0308-fb38-0042-fa07089c0a96_207_0_0.snappy.parquet,372801,2026-05-17T21:41:01.879000+00:00,7f93e98c904e945af944732864d90466
2017-08-30,2017-08-30--data_01c46fd3-0308-fb38-0042-fa07089c0a96_107_6_0.snappy.parquet,393264,2026-05-17T21:41:00.773000+00:00,3b271d815b0f7a047be2890505195a10
2017-08-31,2017-08-31--data_01c46fd3-0308-fb38-0042-fa07089c0a96_007_6_0.snappy.parquet,746334,2026-05-17T21:40:53.260000+00:00,b370d313c89127e9bb7b2a734f5747c1
2017-09-01,2017-09-01--data_01c46fd3-0308-fb38-0042-fa07089c0a96_707_0_0.snappy.parquet,514933,2026-05-17T21:40:32.740000+00:00,23f518cfd4878091e798152f6d6e5ac4
2017-09-02,2017-09-02--data_01c46fd3-0308-fb38-0042-fa07089c0a96_307_2_0.snappy.parquet,732744,2026-05-17T21:40:54.698000+00:00,a04c547065e23530447b0d4509996640
2017-09-03,2017-09-03--data_01c46fd3-0308-fb38-0042-fa07089c0a96_307_0_0.snappy.parquet,366096,2026-05-17T21:40:46.299000+00:00,f674a5244ed468fe3f7faa569719e83b
2017-09-04,2017-09-04--data_01c46fd3-0308-fb38-0042-fa07089c0a96_207_0_0.snappy.parquet,366669,2026-05-17T21:40:24.266000+00:00,333619611a4a495e029747f944fda90e
2017-09-05,2017-09-05--data_01c46fd3-0308-fb38-0042-fa07089c0a96_507_2_0.snappy.parquet,407663,2026-05-17T21:40:35.767000+00:00,ee108abacc8e60b857754770111886b0
2017-09-06,2017-09-06--data_01c46fd3-0308-fb38-0042-fa07089c0a96_007_4_0.snappy.parquet,1007267,2026-05-17T21:40:56.223000+00:00,39f96ac6dc0d9a41d1380d02e7b707ff
2017-09-07,2017-09-07--data_01c46fd3-0308-fb38-0042-fa07089c0a96_007_2_0.snappy.parquet,946771,2026-05-17T21:40:38.108000+00:00,8cfbae57c87f63f26f406fd239ed818a
2017-09-08,2017-09-08--data_01c46fd3-0308-fb38-0042-fa07089c0a96_507_2_0.snappy.parquet,552164,2026-05-17T21:40:24.225000+00:00,2f6232d1b121d32f2e0c7fce585d1682
2017-09-09,2017-09-09--data_01c46fd3-0308-fb38-0042-fa07089c0a96_307_0_0.snappy.parquet,563923,2026-05-17T21:40:39.731000+00:00,aea8798d16e96c141002d5cf30f65f0e
2017-09-10,2017-09-10--data_01c46fd3-0308-fb38-0042-fa07089c0a96_707_6_0.snappy.parquet,225042,2026-05-17T21:40:49.700000+00:00,685f19d80cc0150576cab7467cd27f32
2017-09-11,2017-09-11--data_01c46fd3-0308-fb38-0042-fa07089c0a96_707_6_0.snappy.parquet,258637,2026-05-17T21:40:40.349000+00:00,3bc0903388dc69e86f96e5ed47b55d70
2017-09-12,2017-09-12--data_01c46fd3-0308-fb38-0042-fa07089c0a96_207_2_0.snappy.parquet,274730,2026-05-17T21:40:43.289000+00:00,762a019582ca0a215f5efcfc3e9538eb
2017-09-13,2017-09-13--data_01c46fd3-0308-fb38-0042-fa07089c0a96_407_2_0.snappy.parquet,216004,2026-05-17T21:40:47.961000+00:00,da8f30807b359ca592ce4e86e961d886
2017-09-14,2017-09-14--data_01c46fd3-0308-fb38-0042-fa07089c0a96_207_0_0.snappy.parquet,249390,2026-05-17T21:40:40.722000+00:00,dff3fdf3b0774c92682eaa3a3f45d70f
2017-09-15,2017-09-15--data_01c46fd3-0308-fb38-0042-fa07089c0a96_407_6_0.snappy.parquet,664258,2026-05-17T21:40:34.187000+00:00,3c868fea60d73a12f4a3cd5a98964dd6
2017-09-16,2017-09-16--data_01c46fd3-0308-fb38-0042-fa07089c0a96_607_2_0.snappy.parquet,720510,2026-05-17T21:40:44.242000+00:00,8a2650fb5f49c47e9e141091e9037efc
2017-09-17,2017-09-17--data_01c46fd3-0308-fb38-0042-fa07089c0a96_207_4_0.snappy.parquet,287333,2026-05-17T21:40:45.961000+00:00,3bc4db0889d3476fced4bd4e6ce11a90
2017-09-18,2017-09-18--data_01c46fd3-0308-fb38-0042-fa07089c0a96_207_2_0.snappy.parquet,304685,2026-05-17T21:40:48.773000+00:00,cd818a9f011296d103523874837ad677
2017-09-19,2017-09-19--data_01c46fd3-0308-fb38-0042-fa07089c0a96_707_6_0.snappy.parquet,302424,2026-05-17T21:40:56.586000+00:00,9c23e0680d8c638047745a4ab4a5264b
2017-09-20,2017-09-20--data_01c46fd3-0308-fb38-0042-fa07089c0a96_607_6_0.snappy.parquet,250488,2026-05-17T21:40:33.346000+00:00,92706ad08f0ad4e7d589cc8409d61cf5
2017-09-21,2017-09-21--data_01c46fd3-0308-fb38-0042-fa07089c0a96_507_0_0.snappy.parquet,303213,2026-05-17T21:40:54.024000+00:00,6c4c0d70701aad22961f66dd41d5987f
2017-09-22,2017-09-22--data_01c46fd3-0308-fb38-0042-fa07089c0a96_607_6_0.snappy.parquet,700373,2026-05-17T21:40:51.847000+00:00,1e89df78d37a00857f11987f38352f8f
2017-09-23,2017-09-23--data_01c46fd3-0308-fb38-0042-fa07089c0a96_707_0_0.snappy.parquet,643059,2026-05-17T21:40:37.629000+00:00,83fd6aef8f9e7f572eb7d1282e33e7b5
2017-09-24,2017-09-24--data_01c46fd3-0308-fb38-0042-fa07089c0a96_207_0_0.snappy.parquet,298567,2026-05-17T21:40:25.355000+00:00,6aabbef2279f2343adcd165720de1a69
2017-09-25,2017-09-25--data_01c46fd3-0308-fb38-0042-fa07089c0a96_707_0_0.snappy.parquet,311464,2026-05-17T21:40:26.085000+00:00,e75e1ee82e5ea76bad6a0f98223235ae
2017-09-26,2017-09-26--data_01c46fd3-0308-fb38-0042-fa07089c0a96_507_0_0.snappy.parquet,282448,2026-05-17T21:40:24.389000+00:00,ede161e71ab1291191df0c774d424b72
2017-09-27,2017-09-27--data_01c46fd3-0308-fb38-0042-fa07089c0a96_407_0_0.snappy.parquet,271931,2026-05-17T21:41:09.603000+00:00,ea3212654e8c96a87b004864c088401b
2017-09-28,2017-09-28--data_01c46fd3-0308-fb38-0042-fa07089c0a96_207_0_0.snappy.parquet,262039,2026-05-17T21:40:34.202000+00:00,a3e4ff0a56f53b10c5c65e69ccba0cbd
2017-09-29,2017-09-29--data_01c46fd3-0308-fb38-0042-fa07089c0a96_207_6_0.snappy.parquet,707451,2026-05-17T21:40:38.538000+00:00,6afa7d53d94a028c0172b6fae942b5dd
2017-09-30,2017-09-30--data_01c46fd3-0308-fb38-0042-fa07089c0a96_607_4_0.snappy.parquet,368905,2026-05-17T21:40:26.975000+00:00,4bf9271a737ab51578a04c8cd67e2326
2017-10-01,2017-10-01--data_01c46fd3-0308-fb38-0042-fa07089c0a96_107_0_0.snappy.parquet,227587,2026-05-17T21:40:39.746000+00:00,3f9abf4edaf268a7d717997b34ce54b6
2017-10-02,2017-10-02--data_01c46fd3-0308-fb38-0042-fa07089c0a96_007_0_0.snappy.parquet,294794,2026-05-17T21:40:27.917000+00:00,8b7e899c27cc961afbfd9883dd79f319
2017-10-03,2017-10-03--data_01c46fd3-0308-fb38-0042-fa07089c0a96_407_4_0.snappy.parquet,274026,2026-05-17T21:40:38.903000+00:00,e723c0307f5983676a9e2be9ed310e49
2017-10-04,2017-10-04--data_01c46fd3-0308-fb38-0042-fa07089c0a96_307_6_0.snappy.parquet,294449,2026-05-17T21:40:28.670000+00:00,e443c75364d0750d6931bb4d1acb2af6
2017-10-05,2017-10-05--data_01c46fd3-0308-fb38-0042-fa07089c0a96_007_4_0.snappy.parquet,271719,2026-05-17T21:40:32.490000+00:00,547dcaba0a4169dda28d172a9ad6fd98
2017-10-06,2017-10-06--data_01c46fd3-0308-fb38-0042-fa07089c0a96_107_4_0.snappy.parquet,534917,2026-05-17T21:40:32.536000+00:00,0bdc748d4fc80f28d48fdaacb5effad2
2017-10-07,2017-10-07--data_01c46fd3-0308-fb38-0042-fa07089c0a96_707_6_0.snappy.parquet,335629,2026-05-17T21:40:47.524000+00:00,a9cd30b60c4723a56f6fe022aae96fcc
2017-10-08,2017-10-08--data_01c46fd3-0308-fb38-0042-fa07089c0a96_107_2_0.snappy.parquet,313211,2026-05-17T21:40:31.780000+00:00,a9684e8039e13e0eff3b7a89a8c8bbd3
2017-10-09,2017-10-09--data_01c46fd3-0308-fb38-0042-fa07089c0a96_407_6_0.snappy.parquet,292032,2026-05-17T21:40:31.195000+00:00,59189a03cd2c20ddf200cdbeb155824f
2017-10-10,2017-10-10--data_01c46fd3-0308-fb38-0042-fa07089c0a96_707_6_0.snappy.parquet,285322,2026-05-17T21:40:24.602000+00:00,a38f2424aa6c3600e8779eed458a6223
2017-10-11,2017-10-11--data_01c46fd3-0308-fb38-0042-fa07089c0a96_507_6_0.snappy.parquet,263797,2026-05-17T21:40:24.629000+00:00,1cb3474a0af910067b1225481c283914
2017-10-12,2017-10-12--data_01c46fd3-0308-fb38-0042-fa07089c0a96_007_4_0.snappy.parquet,289479,2026-05-17T21:40:45.770000+00:00,a3d5ac69d4524065a26473116da09e06
2017-10-13,2017-10-13--data_01c46fd3-0308-fb38-0042-fa07089c0a96_007_2_0.snappy.parquet,516319,2026-05-17T21:40:32.335000+00:00,6aeae719b0b8a3c896a5c75c5f716747
2017-10-14,2017-10-14--data_01c46fd3-0308-fb38-0042-fa07089c0a96_007_6_0.snappy.parquet,441297,2026-05-17T21:40:26.259000+00:00,df0c34b9df455ab241e9e902071d010c
2017-10-15,2017-10-15--data_01c46fd3-0308-fb38-0042-fa07089c0a96_107_6_0.snappy.parquet,268055,2026-05-17T21:40:59.300000+00:00,ed386a4bb93ab3f542b4bff6b5dcb5d4
2017-10-16,2017-10-16--data_01c46fd3-0308-fb38-0042-fa07089c0a96_507_4_0.snappy.parquet,276149,2026-05-17T21:41:06.246000+00:00,3e906cacbba55bfd32d7a3fabef2a5ca
2017-10-17,2017-10-17--data_01c46fd3-0308-fb38-0042-fa07089c0a96_507_2_0.snappy.parquet,302968,2026-05-17T21:41:06.143000+00:00,0992488eec33bf4a85fba06f5859fb03
2017-10-18,2017-10-18--data_01c46fd3-0308-fb38-0042-fa07089c0a96_007_6_0.snappy.parquet,254081,2026-05-17T21:40:52.893000+00:00,1f88743eb90a3cd5b688dd28c02042d2
2017-10-19,2017-10-19--data_01c46fd3-0308-fb38-0042-fa07089c0a96_507_6_0.snappy.parquet,267901,2026-05-17T21:40:29.877000+00:00,7e2e968c899d9eb788037fec93ebc987
2017-10-20,2017-10-20--data_01c46fd3-0308-fb38-0042-fa07089c0a96_507_4_0.snappy.parquet,452720,2026-05-17T21:40:39.606000+00:00,e4b68e89c9a8f7473b97068a8c952f55
2017-10-21,2017-10-21--data_01c46fd3-0308-fb38-0042-fa07089c0a96_007_4_0.snappy.parquet,504162,2026-05-17T21:40:30.495000+00:00,53223d2850f795070446721d8b88daf4
2017-10-22,2017-10-22--data_01c46fd3-0308-fb38-0042-fa07089c0a96_007_2_0.snappy.parquet,314652,2026-05-17T21:40:28.796000+00:00,f0a984c350053747e93001291fe87e36
2017-10-23,2017-10-23--data_01c46fd3-0308-fb38-0042-fa07089c0a96_307_2_0.snappy.parquet,256591,2026-05-17T21:40:56.630000+00:00,55998bf237e951e45f2f5a7f6c15dacd
2017-10-24,2017-10-24--data_01c46fd3-0308-fb38-0042-fa07089c0a96_007_0_0.snappy.parquet,288929,2026-05-17T21:40:31.173000+00:00,9ff88b9ff3affe4ec6a9d0ec6971b4f7
2017-10-25,2017-10-25--data_01c46fd3-0308-fb38-0042-fa07089c0a96_107_2_0.snappy.parquet,290077,2026-05-17T21:41:00.794000+00:00,f03e408b5a8ed0dfc9c7cbad2be1993a
2017-10-26,2017-10-26--data_01c46fd3-0308-fb38-0042-fa07089c0a96_107_6_0.snappy.parquet,258723,2026-05-17T21:40:38.022000+00:00,964d2b8060e4d9c6d87bda3ad73d21c6
2017-10-27,2017-10-27--data_01c46fd3-0308-fb38-0042-fa07089c0a96_207_0_0.snappy.parquet,500699,2026-05-17T21:40:29.819000+00:00,74d6f6055dac773ae23ea6aeeb63f7d2
2017-10-28,2017-10-28--data_01c46fd3-0308-fb38-0042-fa07089c0a96_707_6_0.snappy.parquet,604983,2026-05-17T21:40:48.312000+00:00,c3a793c2c8840e0ff497c7e4528aa625
2017-10-29,2017-10-29--data_01c46fd3-0308-fb38-0042-fa07089c0a96_207_2_0.snappy.parquet,284759,2026-05-17T21:40:24.128000+00:00,832db42314ca9afe827cd26c4073938d
2017-10-30,2017-10-30--data_01c46fd3-0308-fb38-0042-fa07089c0a96_407_2_0.snappy.parquet,247296,2026-05-17T21:40:28.839000+00:00,ca1de8a44fb3aad77b316b97a9bffbab
2017-10-31,2017-10-31--data_01c46fd3-0308-fb38-0042-fa07089c0a96_407_0_0.snappy.parquet,247660,2026-05-17T21:40:32.399000+00:00,602c219316c61a4258e28ceffd2ec94b
2017-11-01,2017-11-01--data_01c46fd3-0308-fb38-0042-fa07089c0a96_107_6_0.snappy.parquet,262140,2026-05-17T21:40:37.663000+00:00,e979e3c61a8a9a507034c13cb6aaccef
2017-11-02,2017-11-02--data_01c46fd3-0308-fb38-0042-fa07089c0a96_207_4_0.snappy.parquet,305709,2026-05-17T21:40:28.396000+00:00,5c1964dc10761d5f1f442a96974451d6
2017-11-03,2017-11-03--data_01c46fd3-0308-fb38-0042-fa07089c0a96_207_0_0.snappy.parquet,523071,2026-05-17T21:40:25.394000+00:00,c194142a537f5734afcb716287f078a6
2017-11-04,2017-11-04--data_01c46fd3-0308-fb38-0042-fa07089c0a96_407_2_0.snappy.parquet,521781,2026-05-17T21:40:28.675000+00:00,6f33942dcc55f8e87693a0411690ff04
2017-11-05,2017-11-05--data_01c46fd3-0308-fb38-0042-fa07089c0a96_707_4_0.snappy.parquet,329057,2026-05-17T21:40:54.248000+00:00,0878602d4576f8e46b45d53860380c21
2017-11-06,2017-11-06--data_01c46fd3-0308-fb38-0042-fa07089c0a96_007_2_0.snappy.parquet,230652,2026-05-17T21:40:31.924000+00:00,be7c8fa805792cd23c95ea799ac5b8da
2017-11-07,2017-11-07--data_01c46fd3-0308-fb38-0042-fa07089c0a96_607_6_0.snappy.parquet,290619,2026-05-17T21:40:32.714000+00:00,bb955721a1ac74a0dec567f629f6bdeb
2017-11-08,2017-11-08--data_01c46fd3-0308-fb38-0042-fa07089c0a96_007_0_0.snappy.parquet,294011,2026-05-17T21:40:47.240000+00:00,78f13c2d57a601b6f22e3aa7410d65b2
2017-11-09,2017-11-09--data_01c46fd3-0308-fb38-0042-fa07089c0a96_407_6_0.snappy.parquet,279796,2026-05-17T21:40:31.961000+00:00,2a47f85bcec3f23025832b3e9e27107a
2017-11-10,2017-11-10--data_01c46fd3-0308-fb38-0042-fa07089c0a96_207_0_0.snappy.parquet,467771,2026-05-17T21:40:37.706000+00:00,b469cbd6bd5ec0f69981e7be8e4c0238
2017-11-11,2017-11-11--data_01c46fd3-0308-fb38-0042-fa07089c0a96_107_6_0.snappy.parquet,464464,2026-05-17T21:40:47.440000+00:00,2fddc1803c8117a7ccc27e234f9a595f
2017-11-12,2017-11-12--data_01c46fd3-0308-fb38-0042-fa07089c0a96_107_0_0.snappy.parquet,338058,2026-05-17T21:40:35.348000+00:00,68529f4048d4044491ec1f7f7f49d9e2
2017-11-13,2017-11-13--data_01c46fd3-0308-fb38-0042-fa07089c0a96_407_6_0.snappy.parquet,245797,2026-05-17T21:40:44.923000+00:00,7b8193d35b58e65fd51db51e726d00e2
2017-11-14,2017-11-14--data_01c46fd3-0308-fb38-0042-fa07089c0a96_507_6_0.snappy.parquet,268748,2026-05-17T21:40:30.779000+00:00,650d062ce0c01c55f9fac48adbf31d08
2017-11-15,2017-11-15--data_01c46fd3-0308-fb38-0042-fa07089c0a96_207_6_0.snappy.parquet,317309,2026-05-17T21:40:36.031000+00:00,5571bd63c7ec437013a26e45737b6b09
2017-11-16,2017-11-16--data_01c46fd3-0308-fb38-0042-fa07089c0a96_207_4_0.snappy.parquet,312636,2026-05-17T21:40:51.979000+00:00,3a9a5487c487bc5ebd400ab450cd5ac6
2017-11-17,2017-11-17--data_01c46fd3-0308-fb38-0042-fa07089c0a96_407_0_0.snappy.parquet,428491,2026-05-17T21:40:51.384000+00:00,168e2348d8e3728f216da38419693631
2017-11-18,2017-11-18--data_01c46fd3-0308-fb38-0042-fa07089c0a96_707_0_0.snappy.parquet,474974,2026-05-17T21:40:38.191000+00:00,040bae16455cb50f14a72b869d875c03
2017-11-19,2017-11-19--data_01c46fd3-0308-fb38-0042-fa07089c0a96_007_2_0.snappy.parquet,216596,2026-05-17T21:40:32.492000+00:00,bd4486b890f3bd5852cc0183bfe22b3e
2017-11-20,2017-11-20--data_01c46fd3-0308-fb38-0042-fa07089c0a96_107_6_0.snappy.parquet,274407,2026-05-17T21:40:56.243000+00:00,1f74910eb3488388f0f9dec5c5584c0e
2017-11-21,2017-11-21--data_01c46fd3-0308-fb38-0042-fa07089c0a96_507_2_0.snappy.parquet,273902,2026-05-17T21:40:29.138000+00:00,d5f088569a4cc654403d47a19019ebbb
2017-11-22,2017-11-22--data_01c46fd3-0308-fb38-0042-fa07089c0a96_507_0_0.snappy.parquet,222011,2026-05-17T21:40:57.156000+00:00,97f01818c68c172d6b7d61c85e6fa42f
2017-11-23,2017-11-23--data_01c46fd3-0308-fb38-0042-fa07089c0a96_607_0_0.snappy.parquet,254448,2026-05-17T21:40:30.961000+00:00,e870bf96718c3706455d5f8d153f4e1b
2017-11-24,2017-11-24--data_01c46fd3-0308-fb38-0042-fa07089c0a96_307_4_0.snappy.parquet,462416,2026-05-17T21:41:05.043000+00:00,7f5d2d7ca000b6b9378da55c59379c43
2017-11-25,2017-11-25--data_01c46fd3-0308-fb38-0042-fa07089c0a96_407_2_0.snappy.parquet,545186,2026-05-17T21:40:38.583000+00:00,a7d560787e451860d2655f488b58b8b1
2017-11-26,2017-11-26--data_01c46fd3-0308-fb38-0042-fa07089c0a96_707_6_0.snappy.parquet,252836,2026-05-17T21:40:39.258000+00:00,4717db6cad7fa77430a39d4860fdeaf6
2017-11-27,2017-11-27--data_01c46fd3-0308-fb38-0042-fa07089c0a96_007_0_0.snappy.parquet,261364,2026-05-17T21:40:48.810000+00:00,eee7156195239ccf172cd1aa1222bc34
2017-11-28,2017-11-28--data_01c46fd3-0308-fb38-0042-fa07089c0a96_307_2_0.snappy.parquet,229421,2026-05-17T21:40:31.689000+00:00,03267b3541862ac7441282ed249b1697
2017-11-29,2017-11-29--data_01c46fd3-0308-fb38-0042-fa07089c0a96_707_4_0.snappy.parquet,328996,2026-05-17T21:40:37.394000+00:00,aa185aa78ea3e21debcb38a908f1f4bd
2017-11-30,2017-11-30--data_01c46fd3-0308-fb38-0042-fa07089c0a96_607_0_0.snappy.parquet,274263,2026-05-17T21:40:23.873000+00:00,9737fb80c42b4dccfca482c34017ef3f
2017-12-01,2017-12-01--data_01c46fd3-0308-fb38-0042-fa07089c0a96_207_6_0.snappy.parquet,468515,2026-05-17T21:40:37.283000+00:00,f0e63002cae8580afcd96fac45a5d79a
2017-12-02,2017-12-02--data_01c46fd3-0308-fb38-0042-fa07089c0a96_207_6_0.snappy.parquet,182767,2026-05-17T21:40:38.904000+00:00,bc2907351950a6dc667400c4d6114d00
2017-12-03,2017-12-03--data_01c46fd3-0308-fb38-0042-fa07089c0a96_407_6_0.snappy.parquet,307257,2026-05-17T21:40:31.565000+00:00,635be665befa6fac742d43eabb0a2c17
2017-12-04,2017-12-04--data_01c46fd3-0308-fb38-0042-fa07089c0a96_707_4_0.snappy.parquet,249527,2026-05-17T21:40:27.638000+00:00,353c0ebf2b0ca5c738011d860fdf84bc
2017-12-05,2017-12-05--data_01c46fd3-0308-fb38-0042-fa07089c0a96_007_2_0.snappy.parquet,351311,2026-05-17T21:40:35.647000+00:00,6719a55ae62c73c412f1f956b81c498e
2017-12-06,2017-12-06--data_01c46fd3-0308-fb38-0042-fa07089c0a96_307_6_0.snappy.parquet,309965,2026-05-17T21:41:04.809000+00:00,043fbe1d623d3d7f4d061f63df7f7bba
2017-12-07,2017-12-07--data_01c46fd3-0308-fb38-0042-fa07089c0a96_107_4_0.snappy.parquet,369163,2026-05-17T21:40:46.209000+00:00,6d05263acacd02f16521cef93faddca9
2017-12-08,2017-12-08--data_01c46fd3-0308-fb38-0042-fa07089c0a96_107_0_0.snappy.parquet,410459,2026-05-17T21:40:25.937000+00:00,94d23207663b925c13ec53eae2e235b3
2017-12-09,2017-12-09--data_01c46fd3-0308-fb38-0042-fa07089c0a96_007_0_0.snappy.parquet,624940,2026-05-17T21:41:01.877000+00:00,d46ec632ac56e60c2d5aa3123cb22d51
2017-12-10,2017-12-10--data_01c46fd3-0308-fb38-0042-fa07089c0a96_207_0_0.snappy.parquet,287050,2026-05-17T21:41:00.144000+00:00,85769dcbfb251f211a32a5400d6804be
2017-12-11,2017-12-11--data_01c46fd3-0308-fb38-0042-fa07089c0a96_507_0_0.snappy.parquet,297591,2026-05-17T21:40:53.686000+00:00,df55ebe1e630f3f633cd18efd5fd4742
2017-12-12,2017-12-12--data_01c46fd3-0308-fb38-0042-fa07089c0a96_707_6_0.snappy.parquet,314814,2026-05-17T21:40:54.121000+00:00,915152862ca5376b9bf12657d14f36f6
2017-12-13,2017-12-13--data_01c46fd3-0308-fb38-0042-fa07089c0a96_407_0_0.snappy.parquet,260021,2026-05-17T21:40:37.463000+00:00,423050d2692ff776a6a460411968de15
2017-12-14,2017-12-14--data_01c46fd3-0308-fb38-0042-fa07089c0a96_407_6_0.snappy.parquet,292344,2026-05-17T21:40:44.818000+00:00,42fca515d6941ec6f18d7558b2f522b9
2017-12-15,2017-12-15--data_01c46fd3-0308-fb38-0042-fa07089c0a96_207_2_0.snappy.parquet,354841,2026-05-17T21:40:50.583000+00:00,dd863bb2c6217b7551f5648d6683d7ce
2017-12-16,2017-12-16--data_01c46fd3-0308-fb38-0042-fa07089c0a96_207_2_0.snappy.parquet,605419,2026-05-17T21:40:51.262000+00:00,6c34e6167e34bd7a437f9ca018f4ae5b
2017-12-17,2017-12-17--data_01c46fd3-0308-fb38-0042-fa07089c0a96_007_0_0.snappy.parquet,284883,2026-05-17T21:40:34.504000+00:00,41e337089146f8f4c5e9017f78339248
2017-12-18,2017-12-18--data_01c46fd3-0308-fb38-0042-fa07089c0a96_607_2_0.snappy.parquet,288725,2026-05-17T21:40:24.883000+00:00,31feca71d0926667d6d97304eb6db842
2017-12-19,2017-12-19--data_01c46fd3-0308-fb38-0042-fa07089c0a96_007_0_0.snappy.parquet,272368,2026-05-17T21:40:41.359000+00:00,87d7f59f69a5ae1c7fac6cf2799e476b
2017-12-20,2017-12-20--data_01c46fd3-0308-fb38-0042-fa07089c0a96_207_6_0.snappy.parquet,308332,2026-05-17T21:40:50.991000+00:00,1e654765329d7bda79821a3309c44002
2017-12-21,2017-12-21--data_01c46fd3-0308-fb38-0042-fa07089c0a96_107_4_0.snappy.parquet,297011,2026-05-17T21:40:31.703000+00:00,4a5e04a21c4a5c0689a48f90bb3a92b9
2017-12-22,2017-12-22--data_01c46fd3-0308-fb38-0042-fa07089c0a96_407_0_0.snappy.parquet,319205,2026-05-17T21:40:38.055000+00:00,f9fc2caa25b4173d7a9b870db87a25d8
2017-12-23,2017-12-23--data_01c46fd3-0308-fb38-0042-fa07089c0a96_307_2_0.snappy.parquet,682241,2026-05-17T21:40:53.674000+00:00,d2a9675a04a774f5b8202c9af6ce0c78
2017-12-24,2017-12-24--data_01c46fd3-0308-fb38-0042-fa07089c0a96_507_0_0.snappy.parquet,353997,2026-05-17T21:40:54.710000+00:00,8475e4fcf86fa31b1d3d1edfb2c843a7
2017-12-25,2017-12-25--data_01c46fd3-0308-fb38-0042-fa07089c0a96_207_2_0.snappy.parquet,298318,2026-05-17T21:40:43.022000+00:00,ac6657187428bd3ef50dd5966abacb20
2017-12-26,2017-12-26--data_01c46fd3-0308-fb38-0042-fa07089c0a96_507_2_0.snappy.parquet,301847,2026-05-17T21:41:05.975000+00:00,f49af62c0fc158d0d69a875d6d10409e
2017-12-27,2017-12-27--data_01c46fd3-0308-fb38-0042-fa07089c0a96_407_0_0.snappy.parquet,304963,2026-05-17T21:40:46.315000+00:00,0ec1b91827acedf00dd789381e89deda
2017-12-28,2017-12-28--data_01c46fd3-0308-fb38-0042-fa07089c0a96_707_6_0.snappy.parquet,321000,2026-05-17T21:40:24.599000+00:00,94c9616d3eb8120ce8112f1e184dfd1f
2017-12-29,2017-12-29--data_01c46fd3-0308-fb38-0042-fa07089c0a96_207_4_0.snappy.parquet,332569,2026-05-17T21:40:51.861000+00:00,8bd9af9208115ae637c328103b069ae5
2017-12-30,2017-12-30--data_01c46fd3-0308-fb38-0042-fa07089c0a96_607_6_0.snappy.parquet,670063,2026-05-17T21:40:35.920000+00:00,429078e7629941f1a4414bda242c13ee
2017-12-31,2017-12-31--data_01c46fd3-0308-fb38-0042-fa07089c0a96_507_4_0.snappy.parquet,242346,2026-05-17T21:40:56.070000+00:00,1e4f240e2994fe3c7fdf746a0e856d19
2018-01-01,2018-01-01--data_01c46fd3-0308-fb38-0042-fa07089c0a96_707_0_0.snappy.parquet,277962,2026-05-17T21:40:29.094000+00:00,e2ca39d14dd9a6f463adbd700ee7c4c4
2018-01-02,2018-01-02--data_01c46fd3-0308-fb38-0042-fa07089c0a96_007_6_0.snappy.parquet,290309,2026-05-17T21:40:43.179000+00:00,4406ae4be8598e1862ab46f107a1da40
2018-01-03,2018-01-03--data_01c46fd3-0308-fb38-0042-fa07089c0a96_507_2_0.snappy.parquet,356089,2026-05-17T21:41:07.095000+00:00,8913c6d17f45f6b5f194df3543a6eab2
2018-01-04,2018-01-04--data_01c46fd3-0308-fb38-0042-fa07089c0a96_707_0_0.snappy.parquet,313227,2026-05-17T21:40:27.980000+00:00,ef925c2ff756ec314cb124b3efc0e7cf
2018-01-05,2018-01-05--data_01c46fd3-0308-fb38-0042-fa07089c0a96_707_0_0.snappy.parquet,441943,2026-05-17T21:40:27.481000+00:00,4760e640b0f5a1936a09e3e31297d272
2018-01-06,2018-01-06--data_01c46fd3-0308-fb38-0042-fa07089c0a96_507_2_0.snappy.parquet,598865,2026-05-17T21:40:59.468000+00:00,dd0eb4f67f199c589d3b47d65f541dff
2018-01-07,2018-01-07--data_01c46fd3-0308-fb38-0042-fa07089c0a96_407_4_0.snappy.parquet,300378,2026-05-17T21:40:28.911000+00:00,ff2d94e2b6edffae33d679975f43ca7e
2018-01-08,2018-01-08--data_01c46fd3-0308-fb38-0042-fa07089c0a96_207_0_0.snappy.parquet,179120,2026-05-17T21:40:58.897000+00:00,86840ba5182533fb51edb9b9aa786867
2018-01-09,2018-01-09--data_01c46fd3-0308-fb38-0042-fa07089c0a96_707_2_0.snappy.parquet,203368,2026-05-17T21:40:59.451000+00:00,0cd21f482880be7a41c98e52a4a2b782
2018-01-10,2018-01-10--data_01c46fd3-0308-fb38-0042-fa07089c0a96_307_4_0.snappy.parquet,200327,2026-05-17T21:40:30.822000+00:00,5eccddad5d3a3216c25db0cd76cbf336
2018-01-11,2018-01-11--data_01c46fd3-0308-fb38-0042-fa07089c0a96_207_2_0.snappy.parquet,242283,2026-05-17T21:40:41.877000+00:00,f0408c81cd18d79f5bc7e8c26d5dfb19
2018-01-12,2018-01-12--data_01c46fd3-0308-fb38-0042-fa07089c0a96_107_6_0.snappy.parquet,326748,2026-05-17T21:40:32.791000+00:00,401f71991f509c2b275a29efe83d8f69
2018-01-13,2018-01-13--data_01c46fd3-0308-fb38-0042-fa07089c0a96_607_0_0.snappy.parquet,619965,2026-05-17T21:40:47.143000+00:00,4712b031862024561bd9177df8ff315e
2018-01-14,2018-01-14--data_01c46fd3-0308-fb38-0042-fa07089c0a96_407_4_0.snappy.parquet,288104,2026-05-17T21:40:25.746000+00:00,51724049bfc66ba389095268fc97e2b1
2018-01-15,2018-01-15--data_01c46fd3-0308-fb38-0042-fa07089c0a96_707_6_0.snappy.parquet,284800,2026-05-17T21:40:48.692000+00:00,bec65fac33643f9a6f10c7cf556a28e6
2018-01-16,2018-01-16--data_01c46fd3-0308-fb38-0042-fa07089c0a96_007_0_0.snappy.parquet,292808,2026-05-17T21:40:31.509000+00:00,c5f02af47956d1fbe6e0b9a59f8e7155
2018-01-17,2018-01-17--data_01c46fd3-0308-fb38-0042-fa07089c0a96_407_2_0.snappy.parquet,282457,2026-05-17T21:40:47.881000+00:00,a11a1a642dc981707392887b8216decb
2018-01-18,2018-01-18--data_01c46fd3-0308-fb38-0042-fa07089c0a96_207_6_0.snappy.parquet,266186,2026-05-17T21:40:38.234000+00:00,3ae2e71379dc766c3a9d1c36cb4c9ff9
2018-02-01,2018-02-01--data_01c46fd3-0308-fb38-0042-fa07089c0a96_107_6_0.snappy.parquet,316774,2026-05-17T21:40:47.825000+00:00,6c470adef42450bc1b468a5e02d36a05
2018-02-02,2018-02-02--data_01c46fd3-0308-fb38-0042-fa07089c0a96_507_6_0.snappy.parquet,405310,2026-05-17T21:40:42.481000+00:00,ac36de3947663f95ff812313bfd6b5b2
2018-02-03,2018-02-03--data_01c46fd3-0308-fb38-0042-fa07089c0a96_107_4_0.snappy.parquet,1634897,2026-05-17T21:40:36.912000+00:00,2a7d4081f4682dd44a130858f493e3fe
2018-02-04,2018-02-04--data_01c46fd3-0308-fb38-0042-fa07089c0a96_207_2_0.snappy.parquet,227682,2026-05-17T21:40:51.953000+00:00,a8ebc8110636a40e6e7a8237500e81ba
2018-02-05,2018-02-05--data_01c46fd3-0308-fb38-0042-fa07089c0a96_507_2_0.snappy.parquet,253879,2026-05-17T21:41:07.019000+00:00,773285d8f0f6dff739305d2cb9458b7b
2018-02-06,2018-02-06--data_01c46fd3-0308-fb38-0042-fa07089c0a96_407_2_0.snappy.parquet,249390,2026-05-17T21:40:43.268000+00:00,0a00952da0b81939ad3e9e9a1d2d767b
2018-02-07,2018-02-07--data_01c46fd3-0308-fb38-0042-fa07089c0a96_607_0_0.snappy.parquet,220480,2026-05-17T21:40:27.446000+00:00,dd441fa89e1798ec9f79530ed4bca3ac
2018-02-08,2018-02-08--data_01c46fd3-0308-fb38-0042-fa07089c0a96_707_6_0.snappy.parquet,259192,2026-05-17T21:40:41.501000+00:00,852633216413613344c4e8dfce057100
2018-02-09,2018-02-09--data_01c46fd3-0308-fb38-0042-fa07089c0a96_107_4_0.snappy.parquet,244181,2026-05-17T21:40:41.746000+00:00,776b088aa54e834f5bab7136cf207c5f
2018-02-10,2018-02-10--data_01c46fd3-0308-fb38-0042-fa07089c0a96_407_0_0.snappy.parquet,581400,2026-05-17T21:40:26.670000+00:00,ff67b7f37b0fcb0abb5068cd56667209
2018-02-11,2018-02-11--data_01c46fd3-0308-fb38-0042-fa07089c0a96_407_0_0.snappy.parquet,452708,2026-05-17T21:41:09.801000+00:00,c250d123ec27f8da8f23c18f93c17b47
2018-02-12,2018-02-12--data_01c46fd3-0308-fb38-0042-fa07089c0a96_607_4_0.snappy.parquet,249886,2026-05-17T21:40:36.312000+00:00,3763a6b08a168467f78f8118aa0a5671
2018-02-13,2018-02-13--data_01c46fd3-0308-fb38-0042-fa07089c0a96_607_6_0.snappy.parquet,307889,2026-05-17T21:40:34.658000+00:00,962c13da4581b3594296641d2528d7b0
2018-02-14,2018-02-14--data_01c46fd3-0308-fb38-0042-fa07089c0a96_507_4_0.snappy.parquet,240320,2026-05-17T21:40:45.305000+00:00,a73140f972d06811c2c6c957ebbbcdb6
2018-02-15,2018-02-15--data_01c46fd3-0308-fb38-0042-fa07089c0a96_407_0_0.snappy.parquet,348129,2026-05-17T21:40:47.165000+00:00,8f19f87968386256bb23b657c932e88c
2018-02-16,2018-02-16--data_01c46fd3-0308-fb38-0042-fa07089c0a96_607_6_0.snappy.parquet,540465,2026-05-17T21:40:24.404000+00:00,a6ffcd7721f8b418285c05751d1500b4
2018-02-17,2018-02-17--data_01c46fd3-0308-fb38-0042-fa07089c0a96_007_0_0.snappy.parquet,723568,2026-05-17T21:40:41.130000+00:00,6738d552421ec0636d5be030a610f28a
2018-02-18,2018-02-18--data_01c46fd3-0308-fb38-0042-fa07089c0a96_607_4_0.snappy.parquet,239382,2026-05-17T21:40:45.241000+00:00,b9919e4d1f282f1ef75c5e3fcb9c0772
2018-02-19,2018-02-19--data_01c46fd3-0308-fb38-0042-fa07089c0a96_507_4_0.snappy.parquet,251175,2026-05-17T21:40:44.321000+00:00,7c0f950fd55ceed95cdae70bfd14bfc0
2018-02-20,2018-02-20--data_01c46fd3-0308-fb38-0042-fa07089c0a96_407_2_0.snappy.parquet,203269,2026-05-17T21:40:45.111000+00:00,bb45f5053236bf202b6c32adfdcdd188
2018-02-21,2018-02-21--data_01c46fd3-0308-fb38-0042-fa07089c0a96_607_4_0.snappy.parquet,370767,2026-05-17T21:40:49.073000+00:00,33d1a2da362352592faaa836367fc4af
2018-02-22,2018-02-22--data_01c46fd3-0308-fb38-0042-fa07089c0a96_707_0_0.snappy.parquet,263946,2026-05-17T21:40:31.982000+00:00,ffc502c5e3c6b197e0fab8b68625f284
2018-02-23,2018-02-23--data_01c46fd3-0308-fb38-0042-fa07089c0a96_407_0_0.snappy.parquet,281495,2026-05-17T21:40:43.307000+00:00,17048205475c1bfbddc746e3b80f8e94
2018-02-24,2018-02-24--data_01c46fd3-0308-fb38-0042-fa07089c0a96_007_0_0.snappy.parquet,574969,2026-05-17T21:40:44.035000+00:00,a6cca26a37a22ad644f1c9ae354733d8
2018-02-25,2018-02-25--data_01c46fd3-0308-fb38-0042-fa07089c0a96_407_4_0.snappy.parquet,274952,2026-05-17T21:40:33.105000+00:00,565f171890570b5cdaa885a1bac59838
2018-02-26,2018-02-26--data_01c46fd3-0308-fb38-0042-fa07089c0a96_107_6_0.snappy.parquet,382988,2026-05-17T21:40:28.114000+00:00,d81b96cae412a6b6b38623445f22a400
2018-02-27,2018-02-27--data_01c46fd3-0308-fb38-0042-fa07089c0a96_707_4_0.snappy.parquet,237287,2026-05-17T21:40:52.877000+00:00,ddee4465494e176b6747a3d66da9540c
2018-02-28,2018-02-28--data_01c46fd3-0308-fb38-0042-fa07089c0a96_607_2_0.snappy.parquet,292890,2026-05-17T21:40:38.447000+00:00,77c3bfe468464685950cd071ae64ee3f
2018-03-01,2018-03-01--data_01c46fd3-0308-fb38-0042-fa07089c0a96_707_2_0.snappy.parquet,237176,2026-05-17T21:40:49.013000+00:00,c9d85d4763e1daf7e033cdc66354d815
2018-03-02,2018-03-02--data_01c46fd3-0308-fb38-0042-fa07089c0a96_707_6_0.snappy.parquet,517089,2026-05-17T21:40:37.060000+00:00,1278b069f823fbc0574e9a4ee60e4fe8
2018-03-03,2018-03-03--data_01c46fd3-0308-fb38-0042-fa07089c0a96_607_2_0.snappy.parquet,479260,2026-05-17T21:40:24.386000+00:00,13e1af2c3b56a04eae54c752aa3c2b90
2018-03-04,2018-03-04--data_01c46fd3-0308-fb38-0042-fa07089c0a96_007_2_0.snappy.parquet,256287,2026-05-17T21:40:30.294000+00:00,ea35a9bb9836aa350d9a55bffc20d509
2018-03-05,2018-03-05--data_01c46fd3-0308-fb38-0042-fa07089c0a96_607_6_0.snappy.parquet,254236,2026-05-17T21:40:41.279000+00:00,5b49aa1e1eb59b5e1de4ad4292c1c238
2018-03-06,2018-03-06--data_01c46fd3-0308-fb38-0042-fa07089c0a96_407_2_0.snappy.parquet,294287,2026-05-17T21:41:00.902000+00:00,4298a2fd83275cea907da2a829a2b0f0
2018-03-07,2018-03-07--data_01c46fd3-0308-fb38-0042-fa07089c0a96_407_2_0.snappy.parquet,281820,2026-05-17T21:40:51.553000+00:00,6045b12a6543f60580738444f6d7b614
2018-03-08,2018-03-08--data_01c46fd3-0308-fb38-0042-fa07089c0a96_307_4_0.snappy.parquet,224664,2026-05-17T21:41:05.148000+00:00,34c095c62bd0284467174424c8ba2c38
2018-03-09,2018-03-09--data_01c46fd3-0308-fb38-0042-fa07089c0a96_007_0_0.snappy.parquet,553647,2026-05-17T21:40:41.352000+00:00,55fa96e651406c231d9dc3de3e521133
2018-03-10,2018-03-10--data_01c46fd3-0308-fb38-0042-fa07089c0a96_207_4_0.snappy.parquet,910902,2026-05-17T21:40:27.822000+00:00,630eb8de53cd85d311e1fdef962a7780
2018-03-11,2018-03-11--data_01c46fd3-0308-fb38-0042-fa07089c0a96_407_6_0.snappy.parquet,269363,2026-05-17T21:40:43.573000+00:00,b1bf8d2938f2941e0699cf0a33d3a5cb
2018-03-12,2018-03-12--data_01c46fd3-0308-fb38-0042-fa07089c0a96_107_0_0.snappy.parquet,289528,2026-05-17T21:40:40.363000+00:00,d891ef682a10473169eaef9dc139ba82
2018-03-13,2018-03-13--data_01c46fd3-0308-fb38-0042-fa07089c0a96_507_6_0.snappy.parquet,244446,2026-05-17T21:40:43.156000+00:00,e11ee779d2e79278befce7d7c7e2c264
2018-03-14,2018-03-14--data_01c46fd3-0308-fb38-0042-fa07089c0a96_307_6_0.snappy.parquet,257713,2026-05-17T21:41:01.427000+00:00,8bf81edf2d5bf83f9bf42744fa8e85b1
2018-03-15,2018-03-15--data_01c46fd3-0308-fb38-0042-fa07089c0a96_207_2_0.snappy.parquet,243895,2026-05-17T21:40:42.770000+00:00,af48921af85a58bb3b1b2c843e017fd1
2018-03-16,2018-03-16--data_01c46fd3-0308-fb38-0042-fa07089c0a96_607_0_0.snappy.parquet,445090,2026-05-17T21:40:31.280000+00:00,9dad74ade481871281a4ad6564dbc80e
2018-03-17,2018-03-17--data_01c46fd3-0308-fb38-0042-fa07089c0a96_207_6_0.snappy.parquet,487184,2026-05-17T21:40:55.971000+00:00,cc826971388da22d3fa3b5420ab9f8b5
2018-03-18,2018-03-18--data_01c46fd3-0308-fb38-0042-fa07089c0a96_607_2_0.snappy.parquet,272053,2026-05-17T21:40:38.904000+00:00,d3f3bf3d40fbc832e7a3f194c90bf272
2018-03-19,2018-03-19--data_01c46fd3-0308-fb38-0042-fa07089c0a96_507_2_0.snappy.parquet,322441,2026-05-17T21:40:30.698000+00:00,c47638b52ff10e6b4211bbc87fa9d113
2018-03-20,2018-03-20--data_01c46fd3-0308-fb38-0042-fa07089c0a96_607_4_0.snappy.parquet,244362,2026-05-17T21:40:47.705000+00:00,cec0863da4d88ee90057572df250d9ad
2018-03-21,2018-03-21--data_01c46fd3-0308-fb38-0042-fa07089c0a96_207_6_0.snappy.parquet,241973,2026-05-17T21:40:27.557000+00:00,b240700775b22bac68c5da99516fd0bf
2018-03-22,2018-03-22--data_01c46fd3-0308-fb38-0042-fa07089c0a96_707_2_0.snappy.parquet,308159,2026-05-17T21:41:02.271000+00:00,96f0f8d7f8f69abd07dfad5370de340a
2018-03-23,2018-03-23--data_01c46fd3-0308-fb38-0042-fa07089c0a96_107_0_0.snappy.parquet,436359,2026-05-17T21:40:29.992000+00:00,6863ea929127fcf102cea391233ced7e
2018-03-24,2018-03-24--data_01c46fd3-0308-fb38-0042-fa07089c0a96_707_6_0.snappy.parquet,465952,2026-05-17T21:40:24.965000+00:00,b2b0510d7108074b03fc25c20c47aeef
2018-03-25,2018-03-25--data_01c46fd3-0308-fb38-0042-fa07089c0a96_707_0_0.snappy.parquet,214345,2026-05-17T21:40:32.860000+00:00,12e9270d49068a73f11aa364130eeb7b
2018-03-26,2018-03-26--data_01c46fd3-0308-fb38-0042-fa07089c0a96_407_2_0.snappy.parquet,230746,2026-05-17T21:40:30.074000+00:00,f9d529a9c2a799ff97fe645aceeb2bcf
2018-03-27,2018-03-27--data_01c46fd3-0308-fb38-0042-fa07089c0a96_007_6_0.snappy.parquet,299578,2026-05-17T21:40:25.991000+00:00,b99c31d501df4f92703ad2a1e3f4bdf3
2018-03-28,2018-03-28--data_01c46fd3-0308-fb38-0042-fa07089c0a96_307_0_0.snappy.parquet,467491,2026-05-17T21:40:28.987000+00:00,f99937d895e53cdecdd28ca59736d794
2018-03-30,2018-03-30--data_01c46fd3-0308-fb38-0042-fa07089c0a96_207_0_0.snappy.parquet,153320,2026-05-17T21:40:45.869000+00:00,d6e3a360deadf661ee634754253a452b
2018-03-31,2018-03-31--data_01c46fd3-0308-fb38-0042-fa07089c0a96_607_6_0.snappy.parquet,191606,2026-05-17T21:40:32.051000+00:00,bc046a76e52f907fc64adaf1861b6b32
2018-04-03,2018-04-03--data_01c46fd3-0308-fb38-0042-fa07089c0a96_607_4_0.snappy.parquet,220753,2026-05-17T21:40:27.845000+00:00,efe557c0d7a8586dfb45a06b34bbf5cb
2018-04-04,2018-04-04--data_01c46fd3-0308-fb38-0042-fa07089c0a96_107_4_0.snappy.parquet,254813,2026-05-17T21:40:34.925000+00:00,49d803aabe392f10f8803a55ede54717
2018-04-05,2018-04-05--data_01c46fd3-0308-fb38-0042-fa07089c0a96_207_4_0.snappy.parquet,327417,2026-05-17T21:40:28.239000+00:00,83088a5f02f3db43312d823e17db111b
2018-04-06,2018-04-06--data_01c46fd3-0308-fb38-0042-fa07089c0a96_707_6_0.snappy.parquet,732988,2026-05-17T21:40:49.847000+00:00,dadfcb4ff2623f408c9deb49cbc379b9
2018-04-07,2018-04-07--data_01c46fd3-0308-fb38-0042-fa07089c0a96_107_6_0.snappy.parquet,969901,2026-05-17T21:40:37.954000+00:00,ff1e35be8a0ea7c10bb756db7648491b
2018-04-08,2018-04-08--data_01c46fd3-0308-fb38-0042-fa07089c0a96_407_2_0.snappy.parquet,446228,2026-05-17T21:40:49.030000+00:00,1f5b1b6c9b272c9bec29d8f75ce6dc7e
2018-04-09,2018-04-09--data_01c46fd3-0308-fb38-0042-fa07089c0a96_007_2_0.snappy.parquet,353732,2026-05-17T21:40:37.569000+00:00,52b6c1207e6a6ee0496934274516f4c8
2018-04-10,2018-04-10--data_01c46fd3-0308-fb38-0042-fa07089c0a96_407_4_0.snappy.parquet,198766,2026-05-17T21:40:35.111000+00:00,f12d823be10e44c05ba98a00149b5041
2018-04-11,2018-04-11--data_01c46fd3-0308-fb38-0042-fa07089c0a96_107_6_0.snappy.parquet,389259,2026-05-17T21:41:00.465000+00:00,966f7f95a1b730c28b6213a8ee21a565
2018-04-12,2018-04-12--data_01c46fd3-0308-fb38-0042-fa07089c0a96_307_6_0.snappy.parquet,250203,2026-05-17T21:40:28.499000+00:00,97240dab856711758dc4d89d9143e269
2018-04-13,2018-04-13--data_01c46fd3-0308-fb38-0042-fa07089c0a96_207_4_0.snappy.parquet,421020,2026-05-17T21:40:43.317000+00:00,76718123127306f77f2b64892dfe0eb2
2018-04-14,2018-04-14--data_01c46fd3-0308-fb38-0042-fa07089c0a96_607_2_0.snappy.parquet,580359,2026-05-17T21:40:50.294000+00:00,86f10e451d02cb3850f3ab9a1e56aa85
2018-04-15,2018-04-15--data_01c46fd3-0308-fb38-0042-fa07089c0a96_607_2_0.snappy.parquet,462287,2026-05-17T21:40:25.141000+00:00,93d639356dbdc91a769ad0559ce0bf09
2018-04-16,2018-04-16--data_01c46fd3-0308-fb38-0042-fa07089c0a96_207_2_0.snappy.parquet,314032,2026-05-17T21:40:50.757000+00:00,62d153a1e8c93704342ac229a68ebf2d
2018-04-17,2018-04-17--data_01c46fd3-0308-fb38-0042-fa07089c0a96_107_6_0.snappy.parquet,302102,2026-05-17T21:40:27.925000+00:00,c07d830ad4a5b7e16075c808141ab508
2018-04-18,2018-04-18--data_01c46fd3-0308-fb38-0042-fa07089c0a96_707_4_0.snappy.parquet,449706,2026-05-17T21:40:25.129000+00:00,22bcc3e810cf3c2f71f16e2fe18b25de
2018-04-19,2018-04-19--data_01c46fd3-0308-fb38-0042-fa07089c0a96_707_4_0.snappy.parquet,24952,2026-05-17T21:40:55.159000+00:00,ced458ef26f989692807873641b80aa8
2018-04-20,2018-04-20--data_01c46fd3-0308-fb38-0042-fa07089c0a96_707_0_0.snappy.parquet,102038,2026-05-17T21:40:25.136000+00:00,c4c09620a214116ce435d3f6ac0a1c54
2018-04-21,2018-04-21--data_01c46fd3-0308-fb38-0042-fa07089c0a96_107_6_0.snappy.parquet,366675,2026-05-17T21:40:37.362000+00:00,229589e231aed6c3acf4eb677092c45f
2018-04-22,2018-04-22--data_01c46fd3-0308-fb38-0042-fa07089c0a96_207_2_0.snappy.parquet,22267,2026-05-17T21:40:25.620000+00:00,5123dc061bfa40cf8c4d9fde5bbbbd17
2018-04-23,2018-04-23--data_01c46fd3-0308-fb38-0042-fa07089c0a96_007_2_0.snappy.parquet,26669,2026-05-17T21:40:53.836000+00:00,21e8004ba98eb4f5bdf149a4cbd54772
2018-04-24,2018-04-24--data_01c46fd3-0308-fb38-0042-fa07089c0a96_407_0_0.snappy.parquet,26792,2026-05-17T21:40:48.550000+00:00,ad3d0cfe4980812ac7588bae0c595b18
2018-04-25,2018-04-25--data_01c46fd3-0308-fb38-0042-fa07089c0a96_407_6_0.snappy.parquet,26801,2026-05-17T21:40:34.772000+00:00,dfcbd76f145ae80e879091d04789ec70
2018-04-26,2018-04-26--data_01c46fd3-0308-fb38-0042-fa07089c0a96_507_2_0.snappy.parquet,24394,2026-05-17T21:40:56.976000+00:00,43a3b5bdf15dfe7cc6664ceb4d96f835
2018-04-27,2018-04-27--data_01c46fd3-0308-fb38-0042-fa07089c0a96_007_0_0.snappy.parquet,104485,2026-05-17T21:40:32.267000+00:00,dd6415882abeefad6dc1581f66abdefe
2018-04-28,2018-04-28--data_01c46fd3-0308-fb38-0042-fa07089c0a96_407_6_0.snappy.parquet,302260,2026-05-17T21:40:46.364000+00:00,fc9ce70086d720b459043e8fd9f4896d
2018-04-29,2018-04-29--data_01c46fd3-0308-fb38-0042-fa07089c0a96_607_2_0.snappy.parquet,27087,2026-05-17T21:41:02.544000+00:00,bdad92e599aac4288d2923814eb12d31
2018-04-30,2018-04-30--data_01c46fd3-0308-fb38-0042-fa07089c0a96_107_6_0.snappy.parquet,27007,2026-05-17T21:40:31.296000+00:00,0832d7a69b756ef60ca1613dd20dc65c
2018-05-01,2018-05-01--data_01c46fd3-0308-fb38-0042-fa07089c0a96_407_0_0.snappy.parquet,27049,2026-05-17T21:40:53+00:00,81cb9288644fe8ba5bdc46be5f96ee37
2018-05-02,2018-05-02--data_01c46fd3-0308-fb38-0042-fa07089c0a96_407_0_0.snappy.parquet,25943,2026-05-17T21:41:09.613000+00:00,dbb4ba25d8abc4e3661b220e93d83be4
2018-05-03,2018-05-03--data_01c46fd3-0308-fb38-0042-fa07089c0a96_007_6_0.snappy.parquet,27166,2026-05-17T21:40:53.265000+00:00,b8b322b4d57ffcc07d294be8687946d6
2018-05-04,2018-05-04--data_01c46fd3-0308-fb38-0042-fa07089c0a96_307_6_0.snappy.parquet,92652,2026-05-17T21:40:27.609000+00:00,a8e1d2005626a3b08cd0f68a62b2f13f
2018-05-05,2018-05-05--data_01c46fd3-0308-fb38-0042-fa07089c0a96_707_0_0.snappy.parquet,276561,2026-05-17T21:40:29.610000+00:00,6588948dfd7d52ee291775e29f88f6d4
2018-05-06,2018-05-06--data_01c46fd3-0308-fb38-0042-fa07089c0a96_007_4_0.snappy.parquet,27120,2026-05-17T21:40:38.329000+00:00,a38709840f485e1380d7110bc8397fad
2018-05-07,2018-05-07--data_01c46fd3-0308-fb38-0042-fa07089c0a96_707_2_0.snappy.parquet,27048,2026-05-17T21:40:53.710000+00:00,8f5832559f6b8ef09565f274f058d9f3
2018-05-08,2018-05-08--data_01c46fd3-0308-fb38-0042-fa07089c0a96_407_4_0.snappy.parquet,27045,2026-05-17T21:40:39.235000+00:00,88a7051ed9a79b53ebdf858fbed3cccf
2018-05-09,2018-05-09--data_01c46fd3-0308-fb38-0042-fa07089c0a96_007_4_0.snappy.parquet,20700,2026-05-17T21:40:36.057000+00:00,e4bdc755d7834a81bf4b0807bb5edcc3
2018-05-10,2018-05-10--data_01c46fd3-0308-fb38-0042-fa07089c0a96_707_6_0.snappy.parquet,27184,2026-05-17T21:40:26.461000+00:00,e35bbdf8b2fa631f03785302a62b9e4e
2018-05-11,2018-05-11--data_01c46fd3-0308-fb38-0042-fa07089c0a96_507_2_0.snappy.parquet,116125,2026-05-17T21:40:41.551000+00:00,a529ac42facc586677f6756e3bb5879b
2018-05-12,2018-05-12--data_01c46fd3-0308-fb38-0042-fa07089c0a96_307_4_0.snappy.parquet,173248,2026-05-17T21:40:59.700000+00:00,c9a551a0c5bcb1fec244a8c2729d9954
2018-05-13,2018-05-13--data_01c46fd3-0308-fb38-0042-fa07089c0a96_307_4_0.snappy.parquet,27104,2026-05-17T21:40:35.844000+00:00,72f013910ad5764977d0b8fa72d4c7d0
2018-05-14,2018-05-14--data_01c46fd3-0308-fb38-0042-fa07089c0a96_407_6_0.snappy.parquet,27127,2026-05-17T21:40:43.745000+00:00,e03406ab72b02497358dd1f8ae5f992f
2018-05-15,2018-05-15--data_01c46fd3-0308-fb38-0042-fa07089c0a96_507_6_0.snappy.parquet,17612,2026-05-17T21:40:39.803000+00:00,3c8cb12c9ee08ef97f087c3a082a6aee
2018-05-16,2018-05-16--data_01c46fd3-0308-fb38-0042-fa07089c0a96_107_6_0.snappy.parquet,26471,2026-05-17T21:40:36.187000+00:00,f7566961be5e2016806f07214cc3ce4d
2018-05-17,2018-05-17--data_01c46fd3-0308-fb38-0042-fa07089c0a96_707_2_0.snappy.parquet,26571,2026-05-17T21:40:55.544000+00:00,08ff311bd63b902a2ae278c729fc5e4f
2018-05-18,2018-05-18--data_01c46fd3-0308-fb38-0042-fa07089c0a96_007_6_0.snappy.parquet,95835,2026-05-17T21:40:26.911000+00:00,7b0cbe9fa1af4561d63d728db64d4db1
2018-05-19,2018-05-19--data_01c46fd3-0308-fb38-0042-fa07089c0a96_507_6_0.snappy.parquet,156616,2026-05-17T21:40:42.325000+00:00,5bfc32307d70c9e9dca2a5b2b59d8515
2018-05-20,2018-05-20--data_01c46fd3-0308-fb38-0042-fa07089c0a96_707_4_0.snappy.parquet,22800,2026-05-17T21:40:32.724000+00:00,ae529fabf853bb6d8d1cd328ed31207f
2018-05-21,2018-05-21--data_01c46fd3-0308-fb38-0042-fa07089c0a96_707_2_0.snappy.parquet,19196,2026-05-17T21:40:30.250000+00:00,3a2d718f59d9548280b61cbfa393073c
2018-05-22,2018-05-22--data_01c46fd3-0308-fb38-0042-fa07089c0a96_607_6_0.snappy.parquet,15721,2026-05-17T21:40:24.986000+00:00,78ef5c80a42591485de32b4450dcdd28
2018-05-23,2018-05-23--data_01c46fd3-0308-fb38-0042-fa07089c0a96_107_0_0.snappy.parquet,18170,2026-05-17T21:40:30.773000+00:00,7c22a84b81b95d88f4dc3cee7763fef9
2018-05-24,2018-05-24--data_01c46fd3-0308-fb38-0042-fa07089c0a96_007_4_0.snappy.parquet,17367,2026-05-17T21:40:50.092000+00:00,87407f8db742699b0f1792a62d1d8fea
2018-05-25,2018-05-25--data_01c46fd3-0308-fb38-0042-fa07089c0a96_207_6_0.snappy.parquet,155769,2026-05-17T21:40:33.706000+00:00,56736753bfbe0aa1ba40f3d9983af874
2018-05-26,2018-05-26--data_01c46fd3-0308-fb38-0042-fa07089c0a96_007_2_0.snappy.parquet,79681,2026-05-17T21:40:28.078000+00:00,317ae773e1bc2163c6ae71f4350cba4d
2018-05-27,2018-05-27--data_01c46fd3-0308-fb38-0042-fa07089c0a96_707_0_0.snappy.parquet,18698,2026-05-17T21:40:28.788000+00:00,0c7496faaa9a26b6768acffab3a0833d
2018-05-28,2018-05-28--data_01c46fd3-0308-fb38-0042-fa07089c0a96_707_0_0.snappy.parquet,19431,2026-05-17T21:40:28.524000+00:00,422055000dc0b733f9b1e087f574c6bd
2018-05-29,2018-05-29--data_01c46fd3-0308-fb38-0042-fa07089c0a96_607_6_0.snappy.parquet,17304,2026-05-17T21:40:44.649000+00:00,43d1d3fcfd058ccf1292b041efb6e2a8
2018-05-30,2018-05-30--data_01c46fd3-0308-fb38-0042-fa07089c0a96_007_2_0.snappy.parquet,24557,2026-05-17T21:40:41.670000+00:00,e9406a14d9b256eea507d7a13373fd54
2018-05-31,2018-05-31--data_01c46fd3-0308-fb38-0042-fa07089c0a96_107_2_0.snappy.parquet,18721,2026-05-17T21:40:23.873000+00:00,9237ed6bc3d01d72908e18790435b0d0
2018-06-01,2018-06-01--data_01c46fd3-0308-fb38-0042-fa07089c0a96_507_4_0.snappy.parquet,232619,2026-05-17T21:40:32.890000+00:00,eb364f1d9d385a2ee752733cc57ea264
2018-06-02,2018-06-02--data_01c46fd3-0308-fb38-0042-fa07089c0a96_007_0_0.snappy.parquet,32910,2026-05-17T21:40:47.332000+00:00,282168c525d0e920b8ae53b2438bf26e
2018-06-03,2018-06-03--data_01c46fd3-0308-fb38-0042-fa07089c0a96_607_4_0.snappy.parquet,15169,2026-05-17T21:40:49.479000+00:00,1f90a79ed79cd360a09a1b9356ab36d0
2018-06-04,2018-06-04--data_01c46fd3-0308-fb38-0042-fa07089c0a96_207_4_0.snappy.parquet,26875,2026-05-17T21:40:49.263000+00:00,b6f51d02a1127be950d757ed4c897aba
2018-06-05,2018-06-05--data_01c46fd3-0308-fb38-0042-fa07089c0a96_407_2_0.snappy.parquet,30220,2026-05-17T21:41:00.354000+00:00,2a81689ae07d623271e107b902604f9c
2018-06-06,2018-06-06--data_01c46fd3-0308-fb38-0042-fa07089c0a96_607_6_0.snappy.parquet,27037,2026-05-17T21:40:33.041000+00:00,ad5322f2ddc69a587197ffe4d2381768
2018-06-07,2018-06-07--data_01c46fd3-0308-fb38-0042-fa07089c0a96_607_0_0.snappy.parquet,23530,2026-05-17T21:40:45.372000+00:00,c29db1beb52a5b12ad1eeabd923e7ef8
2018-06-08,2018-06-08--data_01c46fd3-0308-fb38-0042-fa07089c0a96_607_6_0.snappy.parquet,369269,2026-05-17T21:40:32.271000+00:00,5305400ed62956067b92e8f3a5f478d5
2018-06-09,2018-06-09--data_01c46fd3-0308-fb38-0042-fa07089c0a96_607_0_0.snappy.parquet,349874,2026-05-17T21:40:27.440000+00:00,b3ccb100abc14961634bb63b0d5f091b
2018-06-10,2018-06-10--data_01c46fd3-0308-fb38-0042-fa07089c0a96_707_4_0.snappy.parquet,385308,2026-05-17T21:40:27.720000+00:00,4727cffeed705a3da9d60fc79ccc2c33
2018-06-11,2018-06-11--data_01c46fd3-0308-fb38-0042-fa07089c0a96_407_4_0.snappy.parquet,1671603,2026-05-17T21:40:27.241000+00:00,1bdc2a7a1d77998fbc26d3b985ee71d6
2018-06-12,2018-06-12--data_01c46fd3-0308-fb38-0042-fa07089c0a96_107_4_0.snappy.parquet,794030,2026-05-17T21:40:27.721000+00:00,f6bc1f498812d5175c6a2be657a186a3
2018-06-13,2018-06-13--data_01c46fd3-0308-fb38-0042-fa07089c0a96_707_2_0.snappy.parquet,895131,2026-05-17T21:40:59.387000+00:00,a35d31b50b78ea86545e7ab7d1ea153e
2018-06-14,2018-06-14--data_01c46fd3-0308-fb38-0042-fa07089c0a96_207_6_0.snappy.parquet,2981758,2026-05-17T21:40:51.232000+00:00,af543b07ee12c08fbf3279760af2bc32
2018-06-15,2018-06-15--data_01c46fd3-0308-fb38-0042-fa07089c0a96_407_2_0.snappy.parquet,3523466,2026-05-17T21:40:33.252000+00:00,9d6566f5bc6937e1b6bcd2124390f563
2018-06-16,2018-06-16--data_01c46fd3-0308-fb38-0042-fa07089c0a96_007_0_0.snappy.parquet,1132070,2026-05-17T21:40:41.973000+00:00,29b2eb61dca1d2eeecf82d2f62efbde3
2018-06-17,2018-06-17--data_01c46fd3-0308-fb38-0042-fa07089c0a96_107_6_0.snappy.parquet,1102731,2026-05-17T21:40:45.595000+00:00,190aba874b929e716d1ff52737c4aa84
2018-06-18,2018-06-18--data_01c46fd3-0308-fb38-0042-fa07089c0a96_407_2_0.snappy.parquet,1221392,2026-05-17T21:40:39.128000+00:00,cb691849481307cf096e389ac5339cb4
2018-06-19,2018-06-19--data_01c46fd3-0308-fb38-0042-fa07089c0a96_207_0_0.snappy.parquet,1310655,2026-05-17T21:40:40.542000+00:00,75452e7fbef6bc3c03c7507910de2a19
2018-06-20,2018-06-20--data_01c46fd3-0308-fb38-0042-fa07089c0a96_007_4_0.snappy.parquet,1616551,2026-05-17T21:40:45.569000+00:00,e61f2ecedecaa31fb90c3104323ff7c8
2018-06-21,2018-06-21--data_01c46fd3-0308-fb38-0042-fa07089c0a96_607_2_0.snappy.parquet,1987261,2026-05-17T21:40:38.341000+00:00,8a14091e40d8ebcddce1fe5c95366a07
2018-06-22,2018-06-22--data_01c46fd3-0308-fb38-0042-fa07089c0a96_607_6_0.snappy.parquet,1834834,2026-05-17T21:40:49.912000+00:00,d347bf7cd0fcc5ab7dbb73250a0eb9e5
2018-06-23,2018-06-23--data_01c46fd3-0308-fb38-0042-fa07089c0a96_607_2_0.snappy.parquet,1309063,2026-05-17T21:40:50.746000+00:00,28e24555cf71cdc0e4ec4c23a398c77b
2018-06-24,2018-06-24--data_01c46fd3-0308-fb38-0042-fa07089c0a96_307_2_0.snappy.parquet,1848122,2026-05-17T21:40:40.015000+00:00,ecc51c75ece71c1d3e6284000308bfe9
2018-06-25,2018-06-25--data_01c46fd3-0308-fb38-0042-fa07089c0a96_007_2_0.snappy.parquet,2124487,2026-05-17T21:40:49.034000+00:00,508ac0ea40a2cffba94ea7ee0fe77c20
2018-06-26,2018-06-26--data_01c46fd3-0308-fb38-0042-fa07089c0a96_207_6_0.snappy.parquet,2430212,2026-05-17T21:40:43.859000+00:00,8b9e6ab782edf66ebc942eaa16bafa54
2018-06-27,2018-06-27--data_01c46fd3-0308-fb38-0042-fa07089c0a96_007_2_0.snappy.parquet,1085107,2026-05-17T21:40:44.953000+00:00,47b6e770bfc389c71ca6b2ddb558e1d5
2018-06-28,2018-06-28--data_01c46fd3-0308-fb38-0042-fa07089c0a96_407_4_0.snappy.parquet,850205,2026-05-17T21:40:29.940000+00:00,bef3bc2091a1fdb494003dc47a9795e1
2018-06-29,2018-06-29--data_01c46fd3-0308-fb38-0042-fa07089c0a96_607_2_0.snappy.parquet,1996203,2026-05-17T21:40:53.996000+00:00,37ffeec13d5e1472ee462eae08ddc802
2018-06-30,2018-06-30--data_01c46fd3-0308-fb38-0042-fa07089c0a96_307_0_0.snappy.parquet,1168248,2026-05-17T21:40:45.995000+00:00,91f050d2e733c818513577fbe64a84c1
2018-07-01,2018-07-01--data_01c46fd3-0308-fb38-0042-fa07089c0a96_407_6_0.snappy.parquet,2217713,2026-05-17T21:40:34.325000+00:00,d94c27c0d144990e746bbf22e61f26a4
2018-07-02,2018-07-02--data_01c46fd3-0308-fb38-0042-fa07089c0a96_707_0_0.snappy.parquet,1715439,2026-05-17T21:40:38.583000+00:00,688f99a754b56685bedecdd9d46e5233
2018-07-03,2018-07-03--data_01c46fd3-0308-fb38-0042-fa07089c0a96_307_4_0.snappy.parquet,1374344,2026-05-17T21:40:56.297000+00:00,63fdbf9a49a12996709332242911466d
2018-07-04,2018-07-04--data_01c46fd3-0308-fb38-0042-fa07089c0a96_407_4_0.snappy.parquet,3889005,2026-05-17T21:40:35.872000+00:00,beb64044c60fed333904277c71bb5879
2018-07-05,2018-07-05--data_01c46fd3-0308-fb38-0042-fa07089c0a96_007_4_0.snappy.parquet,912343,2026-05-17T21:40:32.090000+00:00,767b3a1cf0bf2ea871b3651981a91488
2018-07-06,2018-07-06--data_01c46fd3-0308-fb38-0042-fa07089c0a96_207_0_0.snappy.parquet,2060114,2026-05-17T21:40:41.671000+00:00,bc33dad64c444d6db2d95eb7761637c9
2018-07-07,2018-07-07--data_01c46fd3-0308-fb38-0042-fa07089c0a96_607_4_0.snappy.parquet,3807543,2026-05-17T21:40:36.526000+00:00,f2b75ddafc1a1fcd7552b313784ce103
2018-07-08,2018-07-08--data_01c46fd3-0308-fb38-0042-fa07089c0a96_707_0_0.snappy.parquet,1165436,2026-05-17T21:40:32.130000+00:00,b93f6be94223ca49ba619d5fb32fb241
2018-07-09,2018-07-09--data_01c46fd3-0308-fb38-0042-fa07089c0a96_207_2_0.snappy.parquet,2174395,2026-05-17T21:40:49.796000+00:00,9f308af4dc0c0006653b5cc8b3e830ba
2018-07-10,2018-07-10--data_01c46fd3-0308-fb38-0042-fa07089c0a96_707_0_0.snappy.parquet,1586173,2026-05-17T21:40:39.550000+00:00,4848d501d08e9d3743cb3e35a3288f0f
2018-07-11,2018-07-11--data_01c46fd3-0308-fb38-0042-fa07089c0a96_407_0_0.snappy.parquet,409281,2026-05-17T21:40:23.851000+00:00,4fcc099bdf213f773ef7cb4af64791e5
2018-07-12,2018-07-12--data_01c46fd3-0308-fb38-0042-fa07089c0a96_407_6_0.snappy.parquet,2268110,2026-05-17T21:40:44.407000+00:00,4e280af70642dd997f844b4bb584db54
2018-07-13,2018-07-13--data_01c46fd3-0308-fb38-0042-fa07089c0a96_507_0_0.snappy.parquet,914073,2026-05-17T21:40:24.841000+00:00,3ac5517db75b7e79d821fbca19be1c40
2018-07-14,2018-07-14--data_01c46fd3-0308-fb38-0042-fa07089c0a96_307_6_0.snappy.parquet,454989,2026-05-17T21:40:46.452000+00:00,fdaac23b1b2bbf5ec22a732ee771f57a
2018-07-15,2018-07-15--data_01c46fd3-0308-fb38-0042-fa07089c0a96_607_2_0.snappy.parquet,3830735,2026-05-17T21:40:50.558000+00:00,9bbfe79a4809c2742a11ba9c71cabc29
2018-07-16,2018-07-16--data_01c46fd3-0308-fb38-0042-fa07089c0a96_507_0_0.snappy.parquet,831360,2026-05-17T21:40:48.155000+00:00,81354659f72402238eab842d83ea60f8
2018-07-17,2018-07-17--data_01c46fd3-0308-fb38-0042-fa07089c0a96_207_2_0.snappy.parquet,495331,2026-05-17T21:40:24.574000+00:00,e1f7bc2e7918403b4ff03c17004ade17
2018-07-18,2018-07-18--data_01c46fd3-0308-fb38-0042-fa07089c0a96_707_6_0.snappy.parquet,3724275,2026-05-17T21:40:54.277000+00:00,68b1e9478285e48e6af712bf650ba90f
2018-07-19,2018-07-19--data_01c46fd3-0308-fb38-0042-fa07089c0a96_007_0_0.snappy.parquet,3774362,2026-05-17T21:40:45.509000+00:00,84f0afe40dc17203c3131a40da19c0a8
2018-07-20,2018-07-20--data_01c46fd3-0308-fb38-0042-fa07089c0a96_707_4_0.snappy.parquet,3789223,2026-05-17T21:40:44.608000+00:00,d870c4bc5b77c459438858749ef57279
2018-07-21,2018-07-21--data_01c46fd3-0308-fb38-0042-fa07089c0a96_407_2_0.snappy.parquet,659105,2026-05-17T21:40:43.004000+00:00,6ea4211c9cf4d81d71a158765fd3dc53
2018-07-22,2018-07-22--data_01c46fd3-0308-fb38-0042-fa07089c0a96_507_2_0.snappy.parquet,761155,2026-05-17T21:40:39.728000+00:00,f5f09c8229cbca7271f2a767de46f953
2018-07-23,2018-07-23--data_01c46fd3-0308-fb38-0042-fa07089c0a96_107_4_0.snappy.parquet,3801932,2026-05-17T21:40:45.300000+00:00,d5c830fbb6f79731e6bc2e39f7388472
2018-07-24,2018-07-24--data_01c46fd3-0308-fb38-0042-fa07089c0a96_707_0_0.snappy.parquet,3957227,2026-05-17T21:40:31.383000+00:00,790120473e4287dbd781987393431b40
2018-07-25,2018-07-25--data_01c46fd3-0308-fb38-0042-fa07089c0a96_407_0_0.snappy.parquet,676974,2026-05-17T21:40:46.549000+00:00,228f0b252eeb557bdca73601f8cfdbf8
2018-07-26,2018-07-26--data_01c46fd3-0308-fb38-0042-fa07089c0a96_607_0_0.snappy.parquet,1158115,2026-05-17T21:40:45.979000+00:00,10251f7db1b40765b7e5a3185dfb85b1
2018-07-27,2018-07-27--data_01c46fd3-0308-fb38-0042-fa07089c0a96_607_0_0.snappy.parquet,1055091,2026-05-17T21:40:34.519000+00:00,77294dc9b30d0e2e5b9ceb6debcbcc35
2018-07-28,2018-07-28--data_01c46fd3-0308-fb38-0042-fa07089c0a96_307_2_0.snappy.parquet,881222,2026-05-17T21:40:50.541000+00:00,75fc8858da6931dbae341335d61a1b12
2018-07-29,2018-07-29--data_01c46fd3-0308-fb38-0042-fa07089c0a96_307_0_0.snappy.parquet,3799559,2026-05-17T21:40:40.110000+00:00,33133939a506b7d297898c38a197b741
2018-07-30,2018-07-30--data_01c46fd3-0308-fb38-0042-fa07089c0a96_607_6_0.snappy.parquet,1838533,2026-05-17T21:41:03.915000+00:00,a2dfd4df7b253d2ef917541e4d53e620
2018-07-31,2018-07-31--data_01c46fd3-0308-fb38-0042-fa07089c0a96_307_4_0.snappy.parquet,2237230,2026-05-17T21:40:44.897000+00:00,480190fa3eb403f1ba746f777800cb59
2018-08-01,2018-08-01--data_01c46fd3-0308-fb38-0042-fa07089c0a96_007_2_0.snappy.parquet,3790450,2026-05-17T21:40:38.704000+00:00,807c021e1715ba32e9ae4b3ef6cb9c91
2018-08-07,2018-08-07--data_01c46fd3-0308-fb38-0042-fa07089c0a96_507_0_0.snappy.parquet,784645,2026-05-17T21:40:50.917000+00:00,3c4dd20319dd1e85c8fc7995e81e0514
2018-08-08,2018-08-08--data_01c46fd3-0308-fb38-0042-fa07089c0a96_707_0_0.snappy.parquet,880350,2026-05-17T21:40:29.464000+00:00,252103f9729138f6f83f2379cae15d30
2018-08-09,2018-08-09--data_01c46fd3-0308-fb38-0042-fa07089c0a96_207_4_0.snappy.parquet,1522151,2026-05-17T21:40:35.208000+00:00,0e02eab35ec34926a2b458673c254eb4
2018-08-10,2018-08-10--data_01c46fd3-0308-fb38-0042-fa07089c0a96_007_4_0.snappy.parquet,2065582,2026-05-17T21:40:44.746000+00:00,13c92111ed7645897a5ff19c5e0b667c
2018-08-11,2018-08-11--data_01c46fd3-0308-fb38-0042-fa07089c0a96_707_6_0.snappy.parquet,200483,2026-05-17T21:40:47.536000+00:00,55c0bcee8a1ae595c4d89d4434f19748
2018-08-13,2018-08-13--data_01c46fd3-0308-fb38-0042-fa07089c0a96_007_0_0.snappy.parquet,3427763,2026-05-17T21:40:41.715000+00:00,c28296524e54998df8645e28a6482666
2018-08-14,2018-08-14--data_01c46fd3-0308-fb38-0042-fa07089c0a96_707_6_0.snappy.parquet,3210216,2026-05-17T21:40:41.391000+00:00,b4336a00544fb98f76c1b6315c61ee30
2018-08-15,2018-08-15--data_01c46fd3-0308-fb38-0042-fa07089c0a96_007_2_0.snappy.parquet,1786363,2026-05-17T21:40:34.413000+00:00,d2a56006878dc07492fde9d14eff9186
2018-08-16,2018-08-16--data_01c46fd3-0308-fb38-0042-fa07089c0a96_707_0_0.snappy.parquet,1614103,2026-05-17T21:40:31.177000+00:00,51fcdcb6a2a51cbc362098348c0bcdea
2018-08-17,2018-08-17--data_01c46fd3-0308-fb38-0042-fa07089c0a96_507_2_0.snappy.parquet,1585004,2026-05-17T21:40:31.355000+00:00,939269623b287190a383313eb105dec9
2018-08-18,2018-08-18--data_01c46fd3-0308-fb38-0042-fa07089c0a96_207_6_0.snappy.parquet,222967,2026-05-17T21:40:53.535000+00:00,bc2aa93c2715942956170f8078476cb1
2018-08-20,2018-08-20--data_01c46fd3-0308-fb38-0042-fa07089c0a96_607_4_0.snappy.parquet,1837745,2026-05-17T21:40:33.442000+00:00,15dad654d616138380f6e06caab5ed09
2018-08-21,2018-08-21--data_01c46fd3-0308-fb38-0042-fa07089c0a96_107_4_0.snappy.parquet,1583400,2026-05-17T21:40:34.043000+00:00,cf5abab3690f2e82db43798e3b43d310
2018-08-22,2018-08-22--data_01c46fd3-0308-fb38-0042-fa07089c0a96_707_4_0.snappy.parquet,1865687,2026-05-17T21:40:27.012000+00:00,ef6b5468846382059fae6181d352be8a
2018-08-23,2018-08-23--data_01c46fd3-0308-fb38-0042-fa07089c0a96_707_4_0.snappy.parquet,2905093,2026-05-17T21:40:54.007000+00:00,57ad9dbd94235693e634b7bcb87bc962
2018-08-24,2018-08-24--data_01c46fd3-0308-fb38-0042-fa07089c0a96_707_0_0.snappy.parquet,1630041,2026-05-17T21:40:45.971000+00:00,ece6b0493ff2ee067901889b7c029561
2018-08-25,2018-08-25--data_01c46fd3-0308-fb38-0042-fa07089c0a96_707_4_0.snappy.parquet,469343,2026-05-17T21:40:55.190000+00:00,125dd38258b27ac69b043be6a2b75111
2018-08-27,2018-08-27--data_01c46fd3-0308-fb38-0042-fa07089c0a96_207_0_0.snappy.parquet,2307052,2026-05-17T21:40:40.947000+00:00,0ca477d0f542ef65377204baa8d973ce
2018-08-28,2018-08-28--data_01c46fd3-0308-fb38-0042-fa07089c0a96_207_2_0.snappy.parquet,131143,2026-05-17T21:40:49.161000+00:00,436bcb43fb4b1781742335a9304b1612
2018-08-29,2018-08-29--data_01c46fd3-0308-fb38-0042-fa07089c0a96_507_2_0.snappy.parquet,950847,2026-05-17T21:40:29.678000+00:00,6ca0bb5731a3611817761ad65542a3d2
2018-08-30,2018-08-30--data_01c46fd3-0308-fb38-0042-fa07089c0a96_607_2_0.snappy.parquet,1599139,2026-05-17T21:40:50.024000+00:00,d9b8bbe3005db99e743bc32816b14a40
2018-08-31,2018-08-31--data_01c46fd3-0308-fb38-0042-fa07089c0a96_307_0_0.snappy.parquet,1745306,2026-05-17T21:40:46.401000+00:00,75eb6079fe035b6027ab2a98643f8034
2018-09-01,2018-09-01--data_01c46fd3-0308-fb38-0042-fa07089c0a96_407_2_0.snappy.parquet,770033,2026-05-17T21:40:48.534000+00:00,76675fb323a763ade518c76584491282
2018-09-03,2018-09-03--data_01c46fd3-0308-fb38-0042-fa07089c0a96_407_6_0.snappy.parquet,1346973,2026-05-17T21:40:37.226000+00:00,7ea3c7e83b7844f0437f01b7be4b2af4
2018-09-04,2018-09-04--data_01c46fd3-0308-fb38-0042-fa07089c0a96_107_2_0.snappy.parquet,2033796,2026-05-17T21:41:07.316000+00:00,b6155d878a6749d18381ee9a77f06e98
2018-09-05,2018-09-05--data_01c46fd3-0308-fb38-0042-fa07089c0a96_607_6_0.snappy.parquet,1933957,2026-05-17T21:40:24.213000+00:00,e7d204ffad084a9c69eaf070d8342215
2018-09-06,2018-09-06--data_01c46fd3-0308-fb38-0042-fa07089c0a96_307_4_0.snappy.parquet,1966544,2026-05-17T21:40:55.702000+00:00,24a29672acfac9699dfa76377e489286
2018-09-07,2018-09-07--data_01c46fd3-0308-fb38-0042-fa07089c0a96_707_4_0.snappy.parquet,2618776,2026-05-17T21:40:26.271000+00:00,5ff5f497c40c98998b201e028a32f67e
2018-09-08,2018-09-08--data_01c46fd3-0308-fb38-0042-fa07089c0a96_007_2_0.snappy.parquet,285865,2026-05-17T21:40:48.431000+00:00,fa143854cf0ec4614c50256be44937a3
2018-09-13,2018-09-13--data_01c46fd3-0308-fb38-0042-fa07089c0a96_707_0_0.snappy.parquet,130340,2026-05-17T21:40:27.606000+00:00,666397135b4b739d5887c6690b7cb862
2018-09-14,2018-09-14--data_01c46fd3-0308-fb38-0042-fa07089c0a96_207_4_0.snappy.parquet,203894,2026-05-17T21:40:28.429000+00:00,9ee3391449c15a7c81580f7ba8f0ff27
2018-09-15,2018-09-15--data_01c46fd3-0308-fb38-0042-fa07089c0a96_207_0_0.snappy.parquet,19192,2026-05-17T21:40:33.637000+00:00,c96afb256abb706f659ab301b9de3300
2018-09-16,2018-09-16--data_01c46fd3-0308-fb38-0042-fa07089c0a96_307_6_0.snappy.parquet,14017,2026-05-17T21:40:44.400000+00:00,385cc4761d77316be7f78f2ca44f5414
2018-09-17,2018-09-17--data_01c46fd3-0308-fb38-0042-fa07089c0a96_107_0_0.snappy.parquet,1838920,2026-05-17T21:40:42.919000+00:00,eae87491ab52e4b9b343731eeb8ff561
2018-09-18,2018-09-18--data_01c46fd3-0308-fb38-0042-fa07089c0a96_307_0_0.snappy.parquet,1672684,2026-05-17T21:40:23.908000+00:00,d38630d1176a7ed2fb07c3a8c5b58cea
2018-09-19,2018-09-19--data_01c46fd3-0308-fb38-0042-fa07089c0a96_407_0_0.snappy.parquet,1010458,2026-05-17T21:40:48.748000+00:00,9be7aeeca47b7284fdcc1a4428c4e34d
2018-09-20,2018-09-20--data_01c46fd3-0308-fb38-0042-fa07089c0a96_507_4_0.snappy.parquet,1820755,2026-05-17T21:41:06.757000+00:00,fbd58519ac33b7dc40d3760720e71bbf
2018-09-21,2018-09-21--data_01c46fd3-0308-fb38-0042-fa07089c0a96_207_4_0.snappy.parquet,2071502,2026-05-17T21:40:45.455000+00:00,a0cb46b9c4b0546345e1d24ea72f18c4
2018-09-24,2018-09-24--data_01c46fd3-0308-fb38-0042-fa07089c0a96_607_4_0.snappy.parquet,3357287,2026-05-17T21:40:27.299000+00:00,d49893fcfb91042558ef8d0b3a20df76
2018-09-25,2018-09-25--data_01c46fd3-0308-fb38-0042-fa07089c0a96_207_4_0.snappy.parquet,2070637,2026-05-17T21:40:54.258000+00:00,1f2bfdf65ba2f287f26fac879f635606
2018-09-26,2018-09-26--data_01c46fd3-0308-fb38-0042-fa07089c0a96_207_6_0.snappy.parquet,1669225,2026-05-17T21:40:52.975000+00:00,959a99a82685b4ef870f1f9e0a3d2e1f
2018-09-27,2018-09-27--data_01c46fd3-0308-fb38-0042-fa07089c0a96_507_0_0.snappy.parquet,1261573,2026-05-17T21:40:54.598000+00:00,b4ad92981e1434914d89ba4dcf56875b
2018-09-28,2018-09-28--data_01c46fd3-0308-fb38-0042-fa07089c0a96_607_0_0.snappy.parquet,1583585,2026-05-17T21:40:46.286000+00:00,f84a572bc257931107592c267688431c
2018-10-01,2018-10-01--data_01c46fd3-0308-fb38-0042-fa07089c0a96_107_2_0.snappy.parquet,3515024,2026-05-17T21:41:01.780000+00:00,0e278d203f88a4a9f999e877ca630852
2018-10-02,2018-10-02--data_01c46fd3-0308-fb38-0042-fa07089c0a96_607_0_0.snappy.parquet,2115293,2026-05-17T21:40:33.344000+00:00,fc2a12a30ddd2c5cd7f8b6a1546b8167
2018-10-03,2018-10-03--data_01c46fd3-0308-fb38-0042-fa07089c0a96_607_2_0.snappy.parquet,3556545,2026-05-17T21:40:23.938000+00:00,72f7e23138809fe887e4adcc6d7927a2
2018-10-04,2018-10-04--data_01c46fd3-0308-fb38-0042-fa07089c0a96_107_0_0.snappy.parquet,3454162,2026-05-17T21:40:27.403000+00:00,675109888f9f160c258f05b0ab3a4750
2018-10-05,2018-10-05--data_01c46fd3-0308-fb38-0042-fa07089c0a96_007_0_0.snappy.parquet,2296809,2026-05-17T21:40:32.073000+00:00,d8ada15b6082786d4bbac8d13f70b8de
2018-10-06,2018-10-06--data_01c46fd3-0308-fb38-0042-fa07089c0a96_507_4_0.snappy.parquet,466215,2026-05-17T21:40:34.949000+00:00,c0f65fc77946803292fe1aa1aee5ee34
2018-10-07,2018-10-07--data_01c46fd3-0308-fb38-0042-fa07089c0a96_307_2_0.snappy.parquet,187689,2026-05-17T21:40:39.059000+00:00,d5e20d9796d9328683badca740ca42ea
2018-10-08,2018-10-08--data_01c46fd3-0308-fb38-0042-fa07089c0a96_507_2_0.snappy.parquet,1787544,2026-05-17T21:40:38.914000+00:00,bcfbee58e085e443bc7c6db3ebe5ef14
2018-10-09,2018-10-09--data_01c46fd3-0308-fb38-0042-fa07089c0a96_407_6_0.snappy.parquet,1771991,2026-05-17T21:40:34.572000+00:00,f34cea8228645bf610d530896c2c9c7c
2018-10-10,2018-10-10--data_01c46fd3-0308-fb38-0042-fa07089c0a96_707_6_0.snappy.parquet,1978640,2026-05-17T21:40:25.514000+00:00,d3ee47024630bc030f8172aed34e2ef1
2018-10-11,2018-10-11--data_01c46fd3-0308-fb38-0042-fa07089c0a96_007_2_0.snappy.parquet,2628733,2026-05-17T21:40:37.243000+00:00,01ab57e01f97bf91983d3652099b7c3f
2018-10-12,2018-10-12--data_01c46fd3-0308-fb38-0042-fa07089c0a96_507_0_0.snappy.parquet,3508258,2026-05-17T21:40:24.209000+00:00,46835a5ca6ba1acc0892dcefa19febcf
2018-10-13,2018-10-13--data_01c46fd3-0308-fb38-0042-fa07089c0a96_107_4_0.snappy.parquet,300285,2026-05-17T21:40:45.132000+00:00,29dfe4ab853e83eb1d42c6e7cfd1c007
2018-10-15,2018-10-15--data_01c46fd3-0308-fb38-0042-fa07089c0a96_507_4_0.snappy.parquet,2136618,2026-05-17T21:40:45.874000+00:00,506eaca4488d700c9fa653e8e20b3a2b
2018-10-16,2018-10-16--data_01c46fd3-0308-fb38-0042-fa07089c0a96_607_6_0.snappy.parquet,1793739,2026-05-17T21:40:41.196000+00:00,61790fc72b1e4e066d491f359546e347
2018-10-17,2018-10-17--data_01c46fd3-0308-fb38-0042-fa07089c0a96_307_4_0.snappy.parquet,2106294,2026-05-17T21:40:56.536000+00:00,f77463380284c7b98cbae180f89aa9a5
2018-10-18,2018-10-18--data_01c46fd3-0308-fb38-0042-fa07089c0a96_507_2_0.snappy.parquet,1462948,2026-05-17T21:40:30.581000+00:00,a905b69d8e470101ff21b003e6aa7a6a
2018-10-19,2018-10-19--data_01c46fd3-0308-fb38-0042-fa07089c0a96_107_0_0.snappy.parquet,1590917,2026-05-17T21:40:26.510000+00:00,d0e78f9ef2b724735eaa47f5d924773a
2018-10-22,2018-10-22--data_01c46fd3-0308-fb38-0042-fa07089c0a96_707_6_0.snappy.parquet,1721341,2026-05-17T21:40:27.617000+00:00,da0ac80c9d312147ae2d317dfa72455f
2018-10-23,2018-10-23--data_01c46fd3-0308-fb38-0042-fa07089c0a96_707_6_0.snappy.parquet,1214852,2026-05-17T21:40:51.527000+00:00,0d32a614bfa70b3239af933a8f2badac
2018-10-24,2018-10-24--data_01c46fd3-0308-fb38-0042-fa07089c0a96_507_4_0.snappy.parquet,1391604,2026-05-17T21:40:46.629000+00:00,e9e25aa56895371065efd29446e32980
2018-10-25,2018-10-25--data_01c46fd3-0308-fb38-0042-fa07089c0a96_307_6_0.snappy.parquet,471881,2026-05-17T21:41:19.239000+00:00,cfced0ad36b8e75007db9e46c206e1b6
2018-10-26,2018-10-26--data_01c46fd3-0308-fb38-0042-fa07089c0a96_207_0_0.snappy.parquet,1217086,2026-05-17T21:40:52.395000+00:00,7d1642d20c490f5d4021392f2f33478e
2018-10-27,2018-10-27--data_01c46fd3-0308-fb38-0042-fa07089c0a96_307_4_0.snappy.parquet,6962,2026-05-17T21:41:02.009000+00:00,c68db5324836e2ab0bfab62ad96c99f9
2018-10-29,2018-10-29--data_01c46fd3-0308-fb38-0042-fa07089c0a96_407_0_0.snappy.parquet,1434655,2026-05-17T21:40:33.062000+00:00,d1c75ae2f040a1e5badb91cee9950239
2018-10-30,2018-10-30--data_01c46fd3-0308-fb38-0042-fa07089c0a96_407_4_0.snappy.parquet,1017326,2026-05-17T21:40:39.382000+00:00,e6ee21164c9d9147328eebde1ac4ee4c
2018-10-31,2018-10-31--data_01c46fd3-0308-fb38-0042-fa07089c0a96_007_4_0.snappy.parquet,1529345,2026-05-17T21:40:43.605000+00:00,a1a1afbbe94d9f2340301d261f2e8f52
2018-11-01,2018-11-01--data_01c46fd3-0308-fb38-0042-fa07089c0a96_707_6_0.snappy.parquet,1392032,2026-05-17T21:40:55.120000+00:00,82afe8a052f48124ce944ceb7b105425
2018-11-02,2018-11-02--data_01c46fd3-0308-fb38-0042-fa07089c0a96_607_4_0.snappy.parquet,1424082,2026-05-17T21:40:48.507000+00:00,458dcad1234915369f4c02b6b0088206
2018-11-05,2018-11-05--data_01c46fd3-0308-fb38-0042-fa07089c0a96_107_4_0.snappy.parquet,1260887,2026-05-17T21:40:35.403000+00:00,de6b3f991fb99b71f6e8c0982aed5d32
2018-11-06,2018-11-06--data_01c46fd3-0308-fb38-0042-fa07089c0a96_207_6_0.snappy.parquet,497020,2026-05-17T21:40:26.970000+00:00,fd67b5c9926de35bcb87cc0932329b5d
2018-11-07,2018-11-07--data_01c46fd3-0308-fb38-0042-fa07089c0a96_607_4_0.snappy.parquet,1788517,2026-05-17T21:40:45.539000+00:00,ff7655fe22264c01961ed578b3dc773a
2018-11-08,2018-11-08--data_01c46fd3-0308-fb38-0042-fa07089c0a96_207_2_0.snappy.parquet,1179328,2026-05-17T21:40:44.950000+00:00,9ef0b598ac5d4dd7b0775afb11e71a5c
2018-11-09,2018-11-09--data_01c46fd3-0308-fb38-0042-fa07089c0a96_407_0_0.snappy.parquet,480022,2026-05-17T21:40:24.018000+00:00,b48512fb344a9de53a2f5d7fef9306cb
2018-11-12,2018-11-12--data_01c46fd3-0308-fb38-0042-fa07089c0a96_507_2_0.snappy.parquet,2640718,2026-05-17T21:40:25.132000+00:00,67594ec29a9934fd4aa6256dbfcbd9cd
2018-11-13,2018-11-13--data_01c46fd3-0308-fb38-0042-fa07089c0a96_607_0_0.snappy.parquet,1301356,2026-05-17T21:40:44.662000+00:00,3dfca90a55d894bf6894289575dfc391
2018-11-14,2018-11-14--data_01c46fd3-0308-fb38-0042-fa07089c0a96_107_0_0.snappy.parquet,3321304,2026-05-17T21:40:34.651000+00:00,2077cda17ffc57c52ca65d07f3d5d2bd
2018-11-15,2018-11-15--data_01c46fd3-0308-fb38-0042-fa07089c0a96_307_2_0.snappy.parquet,3195045,2026-05-17T21:40:40.270000+00:00,695a07fbe5fe3ccf82add4e9ea2c7008
2018-11-16,2018-11-16--data_01c46fd3-0308-fb38-0042-fa07089c0a96_007_6_0.snappy.parquet,3247159,2026-05-17T21:40:25.516000+00:00,48cecaa64e3b46452db273f3d7c76ff2
2018-11-19,2018-11-19--data_01c46fd3-0308-fb38-0042-fa07089c0a96_707_4_0.snappy.parquet,255842,2026-05-17T21:40:45.495000+00:00,45b2a53ba6242454dcf796c3348423ec
2018-11-21,2018-11-21--data_01c46fd3-0308-fb38-0042-fa07089c0a96_307_6_0.snappy.parquet,363008,2026-05-17T21:40:57.184000+00:00,c9d39257ae7f56a5bdfcfccf351de7eb
2018-11-26,2018-11-26--data_01c46fd3-0308-fb38-0042-fa07089c0a96_607_2_0.snappy.parquet,347470,2026-05-17T21:40:57.501000+00:00,a9668aef5eb39f2a06041bcbf4dd0e60
2018-11-29,2018-11-29--data_01c46fd3-0308-fb38-0042-fa07089c0a96_307_6_0.snappy.parquet,315785,2026-05-17T21:40:29.710000+00:00,561435df62a85bd23abe5ba90890c66b
2018-11-30,2018-11-30--data_01c46fd3-0308-fb38-0042-fa07089c0a96_407_0_0.snappy.parquet,413137,2026-05-17T21:41:10.856000+00:00,73214af00ab49e664983196f46b62930
2018-12-03,2018-12-03--data_01c46fd3-0308-fb38-0042-fa07089c0a96_207_4_0.snappy.parquet,296204,2026-05-17T21:40:25.226000+00:00,28e56020e920e6366a8866f91dc34e6f
2018-12-04,2018-12-04--data_01c46fd3-0308-fb38-0042-fa07089c0a96_707_2_0.snappy.parquet,295422,2026-05-17T21:40:25.826000+00:00,3bc9575c94704692099c78c81549256d
2018-12-05,2018-12-05--data_01c46fd3-0308-fb38-0042-fa07089c0a96_407_0_0.snappy.parquet,91239,2026-05-17T21:40:38.344000+00:00,ddd98046c9d8456504babf9ba5e1bd6a
2018-12-07,2018-12-07--data_01c46fd3-0308-fb38-0042-fa07089c0a96_607_6_0.snappy.parquet,490296,2026-05-17T21:40:46.042000+00:00,260698c5561452ca36f3574d48441362
2018-12-11,2018-12-11--data_01c46fd3-0308-fb38-0042-fa07089c0a96_107_4_0.snappy.parquet,278794,2026-05-17T21:40:39.954000+00:00,f114338d18e88e7054d1bfab746d2736
2018-12-14,2018-12-14--data_01c46fd3-0308-fb38-0042-fa07089c0a96_307_2_0.snappy.parquet,470324,2026-05-17T21:40:33.542000+00:00,fd6383c7d6dd92b16ac34213b48d627f
2018-12-18,2018-12-18--data_01c46fd3-0308-fb38-0042-fa07089c0a96_307_4_0.snappy.parquet,398727,2026-05-17T21:40:36.631000+00:00,e17f914a1c8ebd7a4bf2a810e0515fe4
2019-01-05,2019-01-05--data_01c46fd3-0308-fb38-0042-fa07089c0a96_307_2_0.snappy.parquet,5241425,2026-05-17T21:40:24.850000+00:00,bc482d070e8a89349ec87a77325cf7b0
2019-01-06,2019-01-06--data_01c46fd3-0308-fb38-0042-fa07089c0a96_507_0_0.snappy.parquet,349205,2026-05-17T21:40:47.174000+00:00,61331605544422bf9741f4d517859e3e
2019-01-07,2019-01-07--data_01c46fd3-0308-fb38-0042-fa07089c0a96_707_2_0.snappy.parquet,95240,2026-05-17T21:40:32.616000+00:00,2035282ff8a2f2ca84fb2f89fc6998ff
2019-01-10,2019-01-10--data_01c46fd3-0308-fb38-0042-fa07089c0a96_207_4_0.snappy.parquet,429550,2026-05-17T21:40:47.543000+00:00,827db8449a6d66180f057a97af9b4392
2019-01-14,2019-01-14--data_01c46fd3-0308-fb38-0042-fa07089c0a96_007_0_0.snappy.parquet,452488,2026-05-17T21:40:43.265000+00:00,63f651d0ef30765fdae11d1c29b21158
2019-01-15,2019-01-15--data_01c46fd3-0308-fb38-0042-fa07089c0a96_507_4_0.snappy.parquet,74100,2026-05-17T21:41:03.583000+00:00,88eab20be816bd5c64c7a1b6f56f8e0e
2019-01-17,2019-01-17--data_01c46fd3-0308-fb38-0042-fa07089c0a96_007_6_0.snappy.parquet,21741,2026-05-17T21:40:24.364000+00:00,fbb6d2ef29f512f3f313a05c04ae9404
2019-01-23,2019-01-23--data_01c46fd3-0308-fb38-0042-fa07089c0a96_707_4_0.snappy.parquet,1062618,2026-05-17T21:40:37.659000+00:00,f8512839b5834d96431edfea0ddd75a6
2019-01-24,2019-01-24--data_01c46fd3-0308-fb38-0042-fa07089c0a96_707_4_0.snappy.parquet,805084,2026-05-17T21:40:26.707000+00:00,a7cd602b2d744646cf53dedc730bd21e
2019-01-25,2019-01-25--data_01c46fd3-0308-fb38-0042-fa07089c0a96_607_6_0.snappy.parquet,476998,2026-05-17T21:40:33.631000+00:00,a47fe5c8dd63400f5c3738c2f4c059f9
2019-01-28,2019-01-28--data_01c46fd3-0308-fb38-0042-fa07089c0a96_007_6_0.snappy.parquet,2283185,2026-05-17T21:40:31.661000+00:00,eed6e7111a82dca6c9a722437e38b5cc
2019-01-29,2019-01-29--data_01c46fd3-0308-fb38-0042-fa07089c0a96_107_2_0.snappy.parquet,1338625,2026-05-17T21:40:31.950000+00:00,3fbc93f369915673fddd4eaeeaedc117
2019-01-30,2019-01-30--data_01c46fd3-0308-fb38-0042-fa07089c0a96_107_6_0.snappy.parquet,3318745,2026-05-17T21:40:57.133000+00:00,5152240dd5a46c6b4e495b04909c2da1
2019-01-31,2019-01-31--data_01c46fd3-0308-fb38-0042-fa07089c0a96_207_0_0.snappy.parquet,2088906,2026-05-17T21:41:01.546000+00:00,4dfc3d93cb74d4b51543d8dea3e0a98f
2019-02-01,2019-02-01--data_01c46fd3-0308-fb38-0042-fa07089c0a96_507_0_0.snappy.parquet,3308577,2026-05-17T21:40:37.784000+00:00,c47755415423bb88c77e9d142e6acd87
2019-02-04,2019-02-04--data_01c46fd3-0308-fb38-0042-fa07089c0a96_707_0_0.snappy.parquet,3115641,2026-05-17T21:40:35.627000+00:00,07ef243c0bd4717b806cebb6ea032713
2019-02-05,2019-02-05--data_01c46fd3-0308-fb38-0042-fa07089c0a96_307_0_0.snappy.parquet,3481399,2026-05-17T21:40:54.596000+00:00,68c30ca10e0685bb6b4ff84f3f9d9c5e
2019-02-06,2019-02-06--data_01c46fd3-0308-fb38-0042-fa07089c0a96_007_4_0.snappy.parquet,3386928,2026-05-17T21:40:45.109000+00:00,5ad5377fdd470b24c8f2271b2704ecaf
2019-02-07,2019-02-07--data_01c46fd3-0308-fb38-0042-fa07089c0a96_107_0_0.snappy.parquet,1761164,2026-05-17T21:40:39.971000+00:00,1eb3357809a4f355a9c2abef482c9446
2019-02-08,2019-02-08--data_01c46fd3-0308-fb38-0042-fa07089c0a96_007_6_0.snappy.parquet,2996269,2026-05-17T21:40:30.833000+00:00,40c8f00d024d9b1f024b57ac7e315360
2019-02-11,2019-02-11--data_01c46fd3-0308-fb38-0042-fa07089c0a96_607_0_0.snappy.parquet,3356053,2026-05-17T21:40:29.948000+00:00,ad7c2fbe99bf4386058cf108c294adc1
2019-02-12,2019-02-12--data_01c46fd3-0308-fb38-0042-fa07089c0a96_007_2_0.snappy.parquet,3339488,2026-05-17T21:40:29.199000+00:00,d19f19a60df5b8bb64d2e8423cacb9a7
2019-02-13,2019-02-13--data_01c46fd3-0308-fb38-0042-fa07089c0a96_407_2_0.snappy.parquet,2649392,2026-05-17T21:40:51.447000+00:00,d3c5ca14db82c6115a20a98db239aaab
2019-02-14,2019-02-14--data_01c46fd3-0308-fb38-0042-fa07089c0a96_407_6_0.snappy.parquet,3391221,2026-05-17T21:40:55.486000+00:00,aaf86de17e1013932b481cc0cb07ec35
2019-02-15,2019-02-15--data_01c46fd3-0308-fb38-0042-fa07089c0a96_107_2_0.snappy.parquet,2558405,2026-05-17T21:40:31.459000+00:00,0039fe2420329d00e9c753126e0a11a4
2019-02-18,2019-02-18--data_01c46fd3-0308-fb38-0042-fa07089c0a96_107_4_0.snappy.parquet,482904,2026-05-17T21:40:46.029000+00:00,9a878886e1dd3addb48269088540732d
2019-02-19,2019-02-19--data_01c46fd3-0308-fb38-0042-fa07089c0a96_207_6_0.snappy.parquet,3300556,2026-05-17T21:40:34.030000+00:00,bdf9bd6c0aa9f8c4c3621f47cfc14e10
2019-02-20,2019-02-20--data_01c46fd3-0308-fb38-0042-fa07089c0a96_707_6_0.snappy.parquet,2103919,2026-05-17T21:40:50.911000+00:00,cd305a13ad2f78e5c78130d6408d0a7d
2019-02-21,2019-02-21--data_01c46fd3-0308-fb38-0042-fa07089c0a96_207_6_0.snappy.parquet,3321117,2026-05-17T21:41:03.634000+00:00,1c2aa672b7139c80a645d1db00c10051
2019-02-22,2019-02-22--data_01c46fd3-0308-fb38-0042-fa07089c0a96_107_0_0.snappy.parquet,3344029,2026-05-17T21:40:36.098000+00:00,220f7fa54251bf0d0e35422f8695a928
2019-02-25,2019-02-25--data_01c46fd3-0308-fb38-0042-fa07089c0a96_607_0_0.snappy.parquet,1151188,2026-05-17T21:40:26.457000+00:00,78ddb4fceec09c14535a4501dd75886b
2019-02-26,2019-02-26--data_01c46fd3-0308-fb38-0042-fa07089c0a96_707_4_0.snappy.parquet,2466874,2026-05-17T21:40:31.979000+00:00,68ec65c78138a74fbd3c1d5188673b95
2019-02-27,2019-02-27--data_01c46fd3-0308-fb38-0042-fa07089c0a96_207_2_0.snappy.parquet,3353254,2026-05-17T21:40:39.083000+00:00,cdcbbf397772d2430bf8d9b98b9ff765
2019-02-28,2019-02-28--data_01c46fd3-0308-fb38-0042-fa07089c0a96_207_2_0.snappy.parquet,2749861,2026-05-17T21:40:25.682000+00:00,a7aba3c6e966742500cd1c398e348dd7
2019-03-01,2019-03-01--data_01c46fd3-0308-fb38-0042-fa07089c0a96_407_6_0.snappy.parquet,1750219,2026-05-17T21:40:25.016000+00:00,e48844e4862fc2ac7d2d6d431d396005
2019-03-04,2019-03-04--data_01c46fd3-0308-fb38-0042-fa07089c0a96_507_4_0.snappy.parquet,3422652,2026-05-17T21:40:32.718000+00:00,b7cd9c7a6e7ce7064bb1f374a0bb8501
2019-03-05,2019-03-05--data_01c46fd3-0308-fb38-0042-fa07089c0a96_507_6_0.snappy.parquet,2241144,2026-05-17T21:40:31.454000+00:00,c334c37d80f340205425cf81ea7d560d
2019-03-06,2019-03-06--data_01c46fd3-0308-fb38-0042-fa07089c0a96_307_0_0.snappy.parquet,2114238,2026-05-17T21:40:39.095000+00:00,fe069095d1c8dcb5e887910424775880
2019-03-07,2019-03-07--data_01c46fd3-0308-fb38-0042-fa07089c0a96_407_4_0.snappy.parquet,3506829,2026-05-17T21:40:38.322000+00:00,4412cc409a571f3a21241fac27c112de
2019-03-08,2019-03-08--data_01c46fd3-0308-fb38-0042-fa07089c0a96_507_6_0.snappy.parquet,3412831,2026-05-17T21:40:41.951000+00:00,b02e9b1e3a77138b13e7a9446f34d9c1
2019-03-11,2019-03-11--data_01c46fd3-0308-fb38-0042-fa07089c0a96_307_0_0.snappy.parquet,2599454,2026-05-17T21:40:40.906000+00:00,86bb355b9c6978c628dc62dd62a12fb7
2019-03-12,2019-03-12--data_01c46fd3-0308-fb38-0042-fa07089c0a96_607_0_0.snappy.parquet,3387694,2026-05-17T21:40:49.751000+00:00,fb2cda4086c6944d90411692bf61de17
2019-03-13,2019-03-13--data_01c46fd3-0308-fb38-0042-fa07089c0a96_507_2_0.snappy.parquet,2622937,2026-05-17T21:40:38.097000+00:00,ba3f238c6b7ac40ef9cf09c0b3ac2123
2019-03-14,2019-03-14--data_01c46fd3-0308-fb38-0042-fa07089c0a96_007_2_0.snappy.parquet,3335964,2026-05-17T21:40:33.908000+00:00,57d00ab5c57a91d51f7bee74ef18f7b3
2019-03-19,2019-03-19--data_01c46fd3-0308-fb38-0042-fa07089c0a96_107_6_0.snappy.parquet,743564,2026-05-17T21:40:34.616000+00:00,26def5c8741715175ad1b3c4bb28aff0
2019-03-20,2019-03-20--data_01c46fd3-0308-fb38-0042-fa07089c0a96_007_6_0.snappy.parquet,2358005,2026-05-17T21:40:26.563000+00:00,4ff9736c23eaa552e54eb731634e84d0
2019-03-21,2019-03-21--data_01c46fd3-0308-fb38-0042-fa07089c0a96_507_6_0.snappy.parquet,971579,2026-05-17T21:40:54.536000+00:00,4d55560d7832bf778c60bf2433569fd5
2019-03-22,2019-03-22--data_01c46fd3-0308-fb38-0042-fa07089c0a96_607_2_0.snappy.parquet,3331535,2026-05-17T21:41:04.799000+00:00,75810d2c3fa44adee375ac915e3e6ee7
2019-03-25,2019-03-25--data_01c46fd3-0308-fb38-0042-fa07089c0a96_207_4_0.snappy.parquet,2454115,2026-05-17T21:40:54.438000+00:00,df2c10963572e295776dd7662c49b8ba
2019-03-26,2019-03-26--data_01c46fd3-0308-fb38-0042-fa07089c0a96_707_6_0.snappy.parquet,2370864,2026-05-17T21:40:56.837000+00:00,308db08bb02f099fec18e75b340699cd
2019-03-27,2019-03-27--data_01c46fd3-0308-fb38-0042-fa07089c0a96_507_6_0.snappy.parquet,1497303,2026-05-17T21:40:25.326000+00:00,7b44c1378b0530969df5b314e6fd5c6d
2019-03-28,2019-03-28--data_01c46fd3-0308-fb38-0042-fa07089c0a96_707_6_0.snappy.parquet,602514,2026-05-17T21:40:46.700000+00:00,1bfcfe0f5808ba86883ae715c62d5f28
2019-03-29,2019-03-29--data_01c46fd3-0308-fb38-0042-fa07089c0a96_707_0_0.snappy.parquet,3224912,2026-05-17T21:40:31.032000+00:00,cc51af835d3e4ae21dd87928d057575b
2019-04-01,2019-04-01--data_01c46fd3-0308-fb38-0042-fa07089c0a96_207_4_0.snappy.parquet,3138382,2026-05-17T21:40:59.590000+00:00,6f584ba68b1f6ca13499e766113925b3
2019-04-02,2019-04-02--data_01c46fd3-0308-fb38-0042-fa07089c0a96_407_2_0.snappy.parquet,1675972,2026-05-17T21:40:33.369000+00:00,99446c491692d79f863c6f537e55ad8d
2019-04-03,2019-04-03--data_01c46fd3-0308-fb38-0042-fa07089c0a96_407_6_0.snappy.parquet,1998383,2026-05-17T21:40:41.344000+00:00,f610204e73368674ed4ab00288f4674a
2019-04-04,2019-04-04--data_01c46fd3-0308-fb38-0042-fa07089c0a96_607_0_0.snappy.parquet,3323246,2026-05-17T21:40:44.793000+00:00,4dec94309f113ef515dc7a1c43d302cf
2019-04-05,2019-04-05--data_01c46fd3-0308-fb38-0042-fa07089c0a96_607_2_0.snappy.parquet,2643623,2026-05-17T21:41:04.645000+00:00,fa53373b535158c543f99d14558acfa9
2019-04-08,2019-04-08--data_01c46fd3-0308-fb38-0042-fa07089c0a96_007_0_0.snappy.parquet,3364449,2026-05-17T21:40:33.324000+00:00,366c38fd33997444cf1313b1269562d3
2019-04-09,2019-04-09--data_01c46fd3-0308-fb38-0042-fa07089c0a96_207_4_0.snappy.parquet,3264812,2026-05-17T21:40:51.648000+00:00,302aa80da7f9ea62c9e8169f0200f804
2019-04-10,2019-04-10--data_01c46fd3-0308-fb38-0042-fa07089c0a96_007_0_0.snappy.parquet,3167623,2026-05-17T21:40:27.530000+00:00,3cae71fef022b9b16487c195d4e5a14f
2019-04-11,2019-04-11--data_01c46fd3-0308-fb38-0042-fa07089c0a96_507_2_0.snappy.parquet,3165173,2026-05-17T21:40:58.923000+00:00,8bc0eb014763b34b24211cc05d468e93
2019-04-12,2019-04-12--data_01c46fd3-0308-fb38-0042-fa07089c0a96_707_2_0.snappy.parquet,3185167,2026-05-17T21:41:01.396000+00:00,0832f3e42d9d608d5b6bcb60f048dddc
2019-04-15,2019-04-15--data_01c46fd3-0308-fb38-0042-fa07089c0a96_607_2_0.snappy.parquet,2974480,2026-05-17T21:40:38.786000+00:00,cc8d4bc7b9aee5018c69591de8006531
2019-04-16,2019-04-16--data_01c46fd3-0308-fb38-0042-fa07089c0a96_507_4_0.snappy.parquet,2494840,2026-05-17T21:40:24.164000+00:00,5bc9b39248f572498b84585159fce5f9
2019-04-17,2019-04-17--data_01c46fd3-0308-fb38-0042-fa07089c0a96_507_2_0.snappy.parquet,1606551,2026-05-17T21:40:28.651000+00:00,275e9327e3fc92d88c1264abfb2b7c70
2019-04-18,2019-04-18--data_01c46fd3-0308-fb38-0042-fa07089c0a96_107_4_0.snappy.parquet,1912474,2026-05-17T21:40:32.365000+00:00,149f1c0c09a21d0bf6a2069e0b70dbf9
2019-04-19,2019-04-19--data_01c46fd3-0308-fb38-0042-fa07089c0a96_107_4_0.snappy.parquet,2437925,2026-05-17T21:40:39.840000+00:00,78a670e2499b1920e4253025dffdb4f8
2019-04-22,2019-04-22--data_01c46fd3-0308-fb38-0042-fa07089c0a96_307_4_0.snappy.parquet,2283375,2026-05-17T21:41:01.698000+00:00,97adaddd54676ff2f776fab02fadb00c
2019-04-23,2019-04-23--data_01c46fd3-0308-fb38-0042-fa07089c0a96_107_2_0.snappy.parquet,2829007,2026-05-17T21:40:30.244000+00:00,e0f5c33849f6b46b21aef6391680c64e
2019-04-24,2019-04-24--data_01c46fd3-0308-fb38-0042-fa07089c0a96_507_2_0.snappy.parquet,2695792,2026-05-17T21:40:35.938000+00:00,1062a2922ce08199aa3dee7e8aa87c6a
2019-04-25,2019-04-25--data_01c46fd3-0308-fb38-0042-fa07089c0a96_707_2_0.snappy.parquet,1903608,2026-05-17T21:40:31.189000+00:00,fd5239bf038072907262f4f2a5c8a485
2019-04-26,2019-04-26--data_01c46fd3-0308-fb38-0042-fa07089c0a96_607_6_0.snappy.parquet,1894156,2026-05-17T21:40:24.585000+00:00,d6385759c7ac5a7824334cda4b06026d
2019-04-29,2019-04-29--data_01c46fd3-0308-fb38-0042-fa07089c0a96_007_2_0.snappy.parquet,3092766,2026-05-17T21:40:30.645000+00:00,c615bdb09a76d70d26081e32012c0320
2019-04-30,2019-04-30--data_01c46fd3-0308-fb38-0042-fa07089c0a96_307_2_0.snappy.parquet,440095,2026-05-17T21:40:54.923000+00:00,ee53c7146a3e2417cde7ac2d2400eb6d
2019-05-01,2019-05-01--data_01c46fd3-0308-fb38-0042-fa07089c0a96_607_2_0.snappy.parquet,2466640,2026-05-17T21:40:43.289000+00:00,5ad95601771ae67bc4aa4cbe95eba8eb
2019-05-02,2019-05-02--data_01c46fd3-0308-fb38-0042-fa07089c0a96_507_2_0.snappy.parquet,1534449,2026-05-17T21:40:57.408000+00:00,08ea1d54b8487b53b3b20fe6248a5ec9
2019-05-03,2019-05-03--data_01c46fd3-0308-fb38-0042-fa07089c0a96_407_4_0.snappy.parquet,2366880,2026-05-17T21:40:32.783000+00:00,adabd773184c9d656a05c581afd10360
2019-05-06,2019-05-06--data_01c46fd3-0308-fb38-0042-fa07089c0a96_207_4_0.snappy.parquet,2233545,2026-05-17T21:40:52.541000+00:00,3c448d39f8fbb9174c161a8dfca40297
2019-05-07,2019-05-07--data_01c46fd3-0308-fb38-0042-fa07089c0a96_307_4_0.snappy.parquet,2323282,2026-05-17T21:40:31.614000+00:00,c0640c62c3a948ca109daa14d5b5a854
2019-05-08,2019-05-08--data_01c46fd3-0308-fb38-0042-fa07089c0a96_507_6_0.snappy.parquet,439512,2026-05-17T21:40:34.826000+00:00,6d80e226fdeaf0601f1863b91a48b3ad
2019-05-09,2019-05-09--data_01c46fd3-0308-fb38-0042-fa07089c0a96_107_2_0.snappy.parquet,858600,2026-05-17T21:41:01.921000+00:00,d45306180ff0faf1b65faa2fe61e1a0c
2019-05-10,2019-05-10--data_01c46fd3-0308-fb38-0042-fa07089c0a96_707_4_0.snappy.parquet,1354586,2026-05-17T21:40:59.639000+00:00,dad7a9e5282ab74ec72ed02be02e0613
2019-05-13,2019-05-13--data_01c46fd3-0308-fb38-0042-fa07089c0a96_107_4_0.snappy.parquet,2010421,2026-05-17T21:40:35.166000+00:00,b9516383f150f9f5ca80d7466f14442d
2019-05-14,2019-05-14--data_01c46fd3-0308-fb38-0042-fa07089c0a96_707_2_0.snappy.parquet,2630370,2026-05-17T21:41:05.059000+00:00,910c7a5a3f8dbcaaabb5eb73ef468a63
2019-05-15,2019-05-15--data_01c46fd3-0308-fb38-0042-fa07089c0a96_507_4_0.snappy.parquet,2196765,2026-05-17T21:41:07.880000+00:00,5c4122bbd20c7ac621ed718d8234ad8c
2019-05-16,2019-05-16--data_01c46fd3-0308-fb38-0042-fa07089c0a96_507_4_0.snappy.parquet,2554333,2026-05-17T21:40:38.643000+00:00,f12965da08d956cace2b2f4efd937bdb
2019-05-17,2019-05-17--data_01c46fd3-0308-fb38-0042-fa07089c0a96_307_4_0.snappy.parquet,2562860,2026-05-17T21:40:50.774000+00:00,5469f3627ab9d3305c7d24c844fa82ee
2019-05-20,2019-05-20--data_01c46fd3-0308-fb38-0042-fa07089c0a96_707_4_0.snappy.parquet,2507048,2026-05-17T21:40:24.971000+00:00,45da0081d765159fed9e077d41f888f0
2019-05-21,2019-05-21--data_01c46fd3-0308-fb38-0042-fa07089c0a96_707_2_0.snappy.parquet,2457277,2026-05-17T21:40:24.462000+00:00,b010980098f862c0d90e750f1982147c
2019-05-22,2019-05-22--data_01c46fd3-0308-fb38-0042-fa07089c0a96_007_0_0.snappy.parquet,2538788,2026-05-17T21:40:26.806000+00:00,dede277ab85131e1021e1a4a2bd5059a
2019-05-23,2019-05-23--data_01c46fd3-0308-fb38-0042-fa07089c0a96_507_6_0.snappy.parquet,2615134,2026-05-17T21:40:24.265000+00:00,f82ef52a576923b17e1894744cf02023
2019-05-24,2019-05-24--data_01c46fd3-0308-fb38-0042-fa07089c0a96_207_2_0.snappy.parquet,2790360,2026-05-17T21:40:46.228000+00:00,c7e91a790c6ced72fb2cbcd664c46371
2019-05-27,2019-05-27--data_01c46fd3-0308-fb38-0042-fa07089c0a96_207_0_0.snappy.parquet,2458940,2026-05-17T21:40:59.802000+00:00,5b3d9292bb5c6682b4a8dd46a61fd70b
2019-05-28,2019-05-28--data_01c46fd3-0308-fb38-0042-fa07089c0a96_307_2_0.snappy.parquet,2061594,2026-05-17T21:40:54.283000+00:00,8d1d6bc97a55ee56f9c295db4aa6ca83
2019-05-29,2019-05-29--data_01c46fd3-0308-fb38-0042-fa07089c0a96_507_2_0.snappy.parquet,2269719,2026-05-17T21:41:01.239000+00:00,4503b176ca6a672cd19a12f3d6f668ba
2019-05-30,2019-05-30--data_01c46fd3-0308-fb38-0042-fa07089c0a96_707_6_0.snappy.parquet,2206955,2026-05-17T21:40:55.858000+00:00,ac5013156985349e4bb3738fefe8b93f
2019-05-31,2019-05-31--data_01c46fd3-0308-fb38-0042-fa07089c0a96_607_0_0.snappy.parquet,2790059,2026-05-17T21:40:26.890000+00:00,958a67c956ba1dcfad6b135156c0afba
2019-06-03,2019-06-03--data_01c46fd3-0308-fb38-0042-fa07089c0a96_407_2_0.snappy.parquet,2746868,2026-05-17T21:40:45.521000+00:00,81ce5d5878c6b89c74719451837a3974
2019-06-04,2019-06-04--data_01c46fd3-0308-fb38-0042-fa07089c0a96_507_6_0.snappy.parquet,2714836,2026-05-17T21:40:30.405000+00:00,f7111a6b71a592c2668ad1d2ed104f6a
2019-06-05,2019-06-05--data_01c46fd3-0308-fb38-0042-fa07089c0a96_507_0_0.snappy.parquet,1396739,2026-05-17T21:40:54.388000+00:00,1c2219322bfba4986d24cfaccc38b706
2019-06-06,2019-06-06--data_01c46fd3-0308-fb38-0042-fa07089c0a96_407_2_0.snappy.parquet,2820857,2026-05-17T21:40:47.728000+00:00,f020fff5a2fd59026c900b8eb76fdd74
2019-06-07,2019-06-07--data_01c46fd3-0308-fb38-0042-fa07089c0a96_107_4_0.snappy.parquet,8380657,2026-05-17T21:40:37.868000+00:00,171187108154811805d6baf43e37fa60
2019-06-08,2019-06-08--data_01c46fd3-0308-fb38-0042-fa07089c0a96_707_2_0.snappy.parquet,933826,2026-05-17T21:40:46.930000+00:00,a338c42bfffdd1ae859df844d980673f
2019-06-09,2019-06-09--data_01c46fd3-0308-fb38-0042-fa07089c0a96_707_6_0.snappy.parquet,14789738,2026-05-17T21:40:45.666000+00:00,fa50fcf3778999782be3c0ec6fb5064c
2019-06-10,2019-06-10--data_01c46fd3-0308-fb38-0042-fa07089c0a96_407_6_0.snappy.parquet,10040670,2026-05-17T21:40:38.083000+00:00,2c554bc76e1acf8202fb8e290a5ed3a0
2019-06-11,2019-06-11--data_01c46fd3-0308-fb38-0042-fa07089c0a96_007_4_0.snappy.parquet,14263238,2026-05-17T21:40:46.205000+00:00,dddc423d3c7cf656702b785ba97b3c59
2019-06-12,2019-06-12--data_01c46fd3-0308-fb38-0042-fa07089c0a96_307_6_0.snappy.parquet,261825,2026-05-17T21:41:10.811000+00:00,e073c96f2b4437fddf88bdef5a08ad62
2019-06-14,2019-06-14--data_01c46fd3-0308-fb38-0042-fa07089c0a96_107_0_0.snappy.parquet,2035510,2026-05-17T21:40:41.324000+00:00,a610fb91953bd2299051d6927bad2e2c
2019-06-18,2019-06-18--data_01c46fd3-0308-fb38-0042-fa07089c0a96_707_6_0.snappy.parquet,1358335,2026-05-17T21:40:39.894000+00:00,2a297a378ac8e83b6f62d7fcc2117bc0
2019-06-19,2019-06-19--data_01c46fd3-0308-fb38-0042-fa07089c0a96_707_2_0.snappy.parquet,1444361,2026-05-17T21:41:00.906000+00:00,1c7ee2a6c03e1bb8080e6a61945c8606
2019-06-20,2019-06-20--data_01c46fd3-0308-fb38-0042-fa07089c0a96_307_2_0.snappy.parquet,1900710,2026-05-17T21:40:52.963000+00:00,a3ecfdec10e62fda969c156d8edc63ec
2019-06-21,2019-06-21--data_01c46fd3-0308-fb38-0042-fa07089c0a96_707_2_0.snappy.parquet,2901911,2026-05-17T21:40:39.874000+00:00,2d8caf1f0af4cbe6ab901c2a0fc143b1
2019-06-24,2019-06-24--data_01c46fd3-0308-fb38-0042-fa07089c0a96_107_0_0.snappy.parquet,2775570,2026-05-17T21:40:33.712000+00:00,0ad9979fbf047ea878ab685a5fdb38e4
2019-06-25,2019-06-25--data_01c46fd3-0308-fb38-0042-fa07089c0a96_507_0_0.snappy.parquet,4812853,2026-05-17T21:40:36.727000+00:00,c07619b602af0826191f280745f4fd30
2019-06-26,2019-06-26--data_01c46fd3-0308-fb38-0042-fa07089c0a96_307_4_0.snappy.parquet,1301752,2026-05-17T21:40:55.892000+00:00,4821f418c780fae2b0a08d7818a2818b
2019-06-27,2019-06-27--data_01c46fd3-0308-fb38-0042-fa07089c0a96_707_2_0.snappy.parquet,361257,2026-05-17T21:40:49.133000+00:00,9854acf3df552ead658f5dd6f233a511
2019-06-28,2019-06-28--data_01c46fd3-0308-fb38-0042-fa07089c0a96_607_6_0.snappy.parquet,6034966,2026-05-17T21:40:33.047000+00:00,7e721496457990363a0e0dfd7828430b
2019-07-01,2019-07-01--data_01c46fd3-0308-fb38-0042-fa07089c0a96_207_0_0.snappy.parquet,28157592,2026-05-17T21:40:58.593000+00:00,73f87b92fb147421a504fda35798a585
2019-07-02,2019-07-02--data_01c46fd3-0308-fb38-0042-fa07089c0a96_307_6_0.snappy.parquet,101581,2026-05-17T21:40:30.076000+00:00,06cb1c69881744445d259f6bca4be8e0
2019-07-03,2019-07-03--data_01c46fd3-0308-fb38-0042-fa07089c0a96_407_6_0.snappy.parquet,1529333,2026-05-17T21:40:35.118000+00:00,01a131274407d031728bf36c89aed8f7
2019-07-04,2019-07-04--data_01c46fd3-0308-fb38-0042-fa07089c0a96_607_6_0.snappy.parquet,2881076,2026-05-17T21:40:24.045000+00:00,57595e1bff54d75f24f496b8582b90c3
2019-07-05,2019-07-05--data_01c46fd3-0308-fb38-0042-fa07089c0a96_107_6_0.snappy.parquet,2906694,2026-05-17T21:40:34.427000+00:00,adac0e98373ea66cfaa14d571b6cf73f
2019-07-08,2019-07-08--data_01c46fd3-0308-fb38-0042-fa07089c0a96_007_2_0.snappy.parquet,2873510,2026-05-17T21:40:33.403000+00:00,e682510c910cccf4fc90e91df6205ebf
2019-07-09,2019-07-09--data_01c46fd3-0308-fb38-0042-fa07089c0a96_407_6_0.snappy.parquet,2587339,2026-05-17T21:40:41.858000+00:00,04287106b0ccbad2a3237fb6bb99771f
2019-07-10,2019-07-10--data_01c46fd3-0308-fb38-0042-fa07089c0a96_707_4_0.snappy.parquet,3056177,2026-05-17T21:40:59.847000+00:00,d40bf8a6b46829b4315fee4be99a759b
2019-07-11,2019-07-11--data_01c46fd3-0308-fb38-0042-fa07089c0a96_707_2_0.snappy.parquet,1430311,2026-05-17T21:40:48.536000+00:00,53773d70d21db559d80f36a57fd282d4
2019-07-12,2019-07-12--data_01c46fd3-0308-fb38-0042-fa07089c0a96_407_0_0.snappy.parquet,2958084,2026-05-17T21:41:13.152000+00:00,0864a73db5fc4fcace817b493a78b1fa
2019-07-15,2019-07-15--data_01c46fd3-0308-fb38-0042-fa07089c0a96_707_2_0.snappy.parquet,2885149,2026-05-17T21:40:26.852000+00:00,1dd8961d0edfff72cc3e3f96387188c0
2019-07-16,2019-07-16--data_01c46fd3-0308-fb38-0042-fa07089c0a96_707_6_0.snappy.parquet,2091531,2026-05-17T21:40:47.290000+00:00,9753fbc403f99dc44ebc4040c552aaaa
2019-07-17,2019-07-17--data_01c46fd3-0308-fb38-0042-fa07089c0a96_507_2_0.snappy.parquet,3214718,2026-05-17T21:40:37.667000+00:00,dee0483a1b4f54e6de7c63941a472e42
2019-07-18,2019-07-18--data_01c46fd3-0308-fb38-0042-fa07089c0a96_207_0_0.snappy.parquet,2949377,2026-05-17T21:40:39.611000+00:00,d519a96c0bb14cc53cb4f7d4341e1a82
2019-07-19,2019-07-19--data_01c46fd3-0308-fb38-0042-fa07089c0a96_507_4_0.snappy.parquet,3036420,2026-05-17T21:40:43.813000+00:00,7fcb249c174c9a1d77e5b33bb69ad01f
2019-07-22,2019-07-22--data_01c46fd3-0308-fb38-0042-fa07089c0a96_507_2_0.snappy.parquet,2927473,2026-05-17T21:41:01.689000+00:00,b26ec44e55b29a15a04c252f7ffb0015
2019-07-23,2019-07-23--data_01c46fd3-0308-fb38-0042-fa07089c0a96_507_4_0.snappy.parquet,2900974,2026-05-17T21:41:06.895000+00:00,b078c7443ee7ce1017f894d84a05d1fe
2019-07-24,2019-07-24--data_01c46fd3-0308-fb38-0042-fa07089c0a96_107_2_0.snappy.parquet,2913828,2026-05-17T21:40:25.299000+00:00,db8389f3028a78657a179c5bc87bdd04
2019-07-25,2019-07-25--data_01c46fd3-0308-fb38-0042-fa07089c0a96_607_0_0.snappy.parquet,2305914,2026-05-17T21:40:34.987000+00:00,2a8e0753307bd1b944db765a866ce2d9
2019-07-26,2019-07-26--data_01c46fd3-0308-fb38-0042-fa07089c0a96_507_2_0.snappy.parquet,2625257,2026-05-17T21:40:24.773000+00:00,bf2cc465f48c20455f0b0952798e1866
2019-07-29,2019-07-29--data_01c46fd3-0308-fb38-0042-fa07089c0a96_707_6_0.snappy.parquet,4092190,2026-05-17T21:40:32.503000+00:00,f13e0f53b77e282f2412ebcbc6fecbc9
2019-07-30,2019-07-30--data_01c46fd3-0308-fb38-0042-fa07089c0a96_607_0_0.snappy.parquet,1186100,2026-05-17T21:40:35.942000+00:00,f04a31b09506bbb71de1c5f907cd5284
2019-07-31,2019-07-31--data_01c46fd3-0308-fb38-0042-fa07089c0a96_707_4_0.snappy.parquet,2094737,2026-05-17T21:40:37.288000+00:00,43cf3806258fd43a1c491491e4937d7d
2019-08-01,2019-08-01--data_01c46fd3-0308-fb38-0042-fa07089c0a96_007_6_0.snappy.parquet,27546642,2026-05-17T21:40:55.478000+00:00,37e0483af552ebd689d7c26093c8c0a6
2019-08-02,2019-08-02--data_01c46fd3-0308-fb38-0042-fa07089c0a96_607_0_0.snappy.parquet,22887442,2026-05-17T21:40:49.011000+00:00,a02242e25556b9dac5f0052459d8125e
2019-08-05,2019-08-05--data_01c46fd3-0308-fb38-0042-fa07089c0a96_707_6_0.snappy.parquet,25708920,2026-05-17T21:40:28.039000+00:00,19ac6bf2131e7edaaa337edc32117c00
2019-08-07,2019-08-07--data_01c46fd3-0308-fb38-0042-fa07089c0a96_107_2_0.snappy.parquet,1509383,2026-05-17T21:40:34.698000+00:00,eaf31e2305111dbbec1bf7d3d59a4d9d
2019-08-08,2019-08-08--data_01c46fd3-0308-fb38-0042-fa07089c0a96_407_0_0.snappy.parquet,2024898,2026-05-17T21:40:27.937000+00:00,3d52672d0883f08331e52aaf31cbf84e
2019-08-09,2019-08-09--data_01c46fd3-0308-fb38-0042-fa07089c0a96_107_4_0.snappy.parquet,2523281,2026-05-17T21:40:32.793000+00:00,b849b381b99d1be9cf8b5a925a2c4d6c
2019-08-12,2019-08-12--data_01c46fd3-0308-fb38-0042-fa07089c0a96_707_4_0.snappy.parquet,1758368,2026-05-17T21:40:54.667000+00:00,1a9ad94f3ac08ee4097da0ddeebcfa4c
2019-08-13,2019-08-13--data_01c46fd3-0308-fb38-0042-fa07089c0a96_007_6_0.snappy.parquet,1420852,2026-05-17T21:40:29.886000+00:00,b717a0f42c337a1ba19f8d42e17e9b1b
2019-08-14,2019-08-14--data_01c46fd3-0308-fb38-0042-fa07089c0a96_307_0_0.snappy.parquet,1917022,2026-05-17T21:40:52.186000+00:00,1c1859637c6822eed855a67702123608
2019-08-15,2019-08-15--data_01c46fd3-0308-fb38-0042-fa07089c0a96_707_0_0.snappy.parquet,2455084,2026-05-17T21:40:32.413000+00:00,736c1e8c68a380b13b6ae39f6373ed7e
2019-08-16,2019-08-16--data_01c46fd3-0308-fb38-0042-fa07089c0a96_107_2_0.snappy.parquet,2626197,2026-05-17T21:40:23.971000+00:00,875d91dca9c77fae81c050ad516f091a
2019-08-19,2019-08-19--data_01c46fd3-0308-fb38-0042-fa07089c0a96_707_6_0.snappy.parquet,1714573,2026-05-17T21:40:25.424000+00:00,773a184e7289953c6910c1be27cabb9e
2019-08-20,2019-08-20--data_01c46fd3-0308-fb38-0042-fa07089c0a96_207_2_0.snappy.parquet,2539827,2026-05-17T21:40:43.690000+00:00,f64c58bd72b4ee3312a4781951be6173
2019-08-21,2019-08-21--data_01c46fd3-0308-fb38-0042-fa07089c0a96_607_6_0.snappy.parquet,1811199,2026-05-17T21:40:50.580000+00:00,51e22e46945bab928b44028bd33f7452
2019-08-22,2019-08-22--data_01c46fd3-0308-fb38-0042-fa07089c0a96_207_4_0.snappy.parquet,2472603,2026-05-17T21:40:29.819000+00:00,bbd357dca1c7cd5500fd9c95a98e0ceb
2019-08-23,2019-08-23--data_01c46fd3-0308-fb38-0042-fa07089c0a96_607_2_0.snappy.parquet,1910636,2026-05-17T21:40:49.404000+00:00,bf894eb853cfc5d94d9dac24e5867613
2019-08-26,2019-08-26--data_01c46fd3-0308-fb38-0042-fa07089c0a96_407_0_0.snappy.parquet,1436526,2026-05-17T21:41:05.764000+00:00,7fe2120e94b08470ce9a6b583eee0c8d
2019-08-27,2019-08-27--data_01c46fd3-0308-fb38-0042-fa07089c0a96_507_2_0.snappy.parquet,830737,2026-05-17T21:40:24.619000+00:00,ea6107c4638cd3e8c26e43f842967997
2019-08-29,2019-08-29--data_01c46fd3-0308-fb38-0042-fa07089c0a96_307_2_0.snappy.parquet,1116577,2026-05-17T21:40:52.808000+00:00,651dabe26bb9c56b8b21fd3b6fa36556
2019-08-30,2019-08-30--data_01c46fd3-0308-fb38-0042-fa07089c0a96_507_0_0.snappy.parquet,26874433,2026-05-17T21:40:46.236000+00:00,d523e0036896693f84b62675dd3ceb50
2019-09-02,2019-09-02--data_01c46fd3-0308-fb38-0042-fa07089c0a96_407_6_0.snappy.parquet,20856975,2026-05-17T21:40:51.079000+00:00,543728b477a718c7bc3a7787ecc7e533
2019-09-05,2019-09-05--data_01c46fd3-0308-fb38-0042-fa07089c0a96_507_2_0.snappy.parquet,860084,2026-05-17T21:40:51.449000+00:00,473851c4f1c537fe6585d5f52b27da68
2019-09-06,2019-09-06--data_01c46fd3-0308-fb38-0042-fa07089c0a96_307_6_0.snappy.parquet,1956472,2026-05-17T21:40:30.905000+00:00,1706d10cb2a1f5654c1ccca91c69bd5a
2019-09-09,2019-09-09--data_01c46fd3-0308-fb38-0042-fa07089c0a96_207_2_0.snappy.parquet,2499025,2026-05-17T21:40:25.408000+00:00,613e440eb6c85fc0427402ed883ba17f
2019-09-10,2019-09-10--data_01c46fd3-0308-fb38-0042-fa07089c0a96_407_6_0.snappy.parquet,2056023,2026-05-17T21:40:43.111000+00:00,662a699fa74607a74fe63bba24a4cc52
2019-09-11,2019-09-11--data_01c46fd3-0308-fb38-0042-fa07089c0a96_307_4_0.snappy.parquet,2481847,2026-05-17T21:40:56.828000+00:00,cc6c22e00a331b1271b9e67cd8b4208d
2019-09-12,2019-09-12--data_01c46fd3-0308-fb38-0042-fa07089c0a96_507_4_0.snappy.parquet,2499473,2026-05-17T21:40:35.261000+00:00,1b4ba3fe3f95d71a3c4563b665ab4f85
2019-09-13,2019-09-13--data_01c46fd3-0308-fb38-0042-fa07089c0a96_007_0_0.snappy.parquet,2132144,2026-05-17T21:40:33.725000+00:00,348db68bea0d79011c8798df997bbd25
2019-09-16,2019-09-16--data_01c46fd3-0308-fb38-0042-fa07089c0a96_307_2_0.snappy.parquet,2030645,2026-05-17T21:40:39.156000+00:00,084885c2f81b60f89653db6908902494
2019-09-17,2019-09-17--data_01c46fd3-0308-fb38-0042-fa07089c0a96_207_4_0.snappy.parquet,2446662,2026-05-17T21:40:43.019000+00:00,40eba6525eff2b61af78a9949ea9c8b7
2019-09-18,2019-09-18--data_01c46fd3-0308-fb38-0042-fa07089c0a96_207_6_0.snappy.parquet,1274127,2026-05-17T21:40:29.773000+00:00,290edf34c90725d5b7bc168ad65aecab
2019-09-19,2019-09-19--data_01c46fd3-0308-fb38-0042-fa07089c0a96_107_2_0.snappy.parquet,2283580,2026-05-17T21:41:01.065000+00:00,21fa861a81c2c8ca08b1ba24848331a4
2019-09-20,2019-09-20--data_01c46fd3-0308-fb38-0042-fa07089c0a96_007_0_0.snappy.parquet,2460704,2026-05-17T21:40:47.027000+00:00,546187e7c5836aa009759c768ae04fd4
2019-09-23,2019-09-23--data_01c46fd3-0308-fb38-0042-fa07089c0a96_007_4_0.snappy.parquet,2047412,2026-05-17T21:40:47.713000+00:00,5be26de2df7dbb5a1a63ba3b6ba25d42
2019-09-24,2019-09-24--data_01c46fd3-0308-fb38-0042-fa07089c0a96_307_0_0.snappy.parquet,1945963,2026-05-17T21:40:28.571000+00:00,200a89cdee2beeda6dac45a88ffc36bb
2019-09-25,2019-09-25--data_01c46fd3-0308-fb38-0042-fa07089c0a96_207_2_0.snappy.parquet,2424843,2026-05-17T21:40:31.608000+00:00,72b5abb3d96cb54af3aaec81fa26ccef
2019-09-26,2019-09-26--data_01c46fd3-0308-fb38-0042-fa07089c0a96_107_4_0.snappy.parquet,22932844,2026-05-17T21:40:36.141000+00:00,ec411d1a90f69681ab3b29701d77e6ce
2019-09-27,2019-09-27--data_01c46fd3-0308-fb38-0042-fa07089c0a96_707_6_0.snappy.parquet,21483462,2026-05-17T21:40:52.892000+00:00,2738a859773d10670bed53bff4d1be1c
2019-09-30,2019-09-30--data_01c46fd3-0308-fb38-0042-fa07089c0a96_007_6_0.snappy.parquet,1911775,2026-05-17T21:40:24.668000+00:00,bf62212326ed2dc9639d83a0a704b2f4
2019-10-01,2019-10-01--data_01c46fd3-0308-fb38-0042-fa07089c0a96_407_0_0.snappy.parquet,423196,2026-05-17T21:40:25.202000+00:00,f24a408d355147c0efef13c7444a0af4
2019-10-02,2019-10-02--data_01c46fd3-0308-fb38-0042-fa07089c0a96_107_6_0.snappy.parquet,1040057,2026-05-17T21:40:46.343000+00:00,b387d4a568758bea490bb8c2a8b427c3
2019-10-03,2019-10-03--data_01c46fd3-0308-fb38-0042-fa07089c0a96_407_6_0.snappy.parquet,2288418,2026-05-17T21:40:55.823000+00:00,e2c446c4d5dcbc56f077944595145d32
2019-10-04,2019-10-04--data_01c46fd3-0308-fb38-0042-fa07089c0a96_307_4_0.snappy.parquet,1606519,2026-05-17T21:40:31.542000+00:00,4df624048341e9f12efa6b6e2b896586
2019-10-07,2019-10-07--data_01c46fd3-0308-fb38-0042-fa07089c0a96_207_0_0.snappy.parquet,1359042,2026-05-17T21:40:59.630000+00:00,1736ac2b1cb65d0334fb570ab76c718e
2019-10-09,2019-10-09--data_01c46fd3-0308-fb38-0042-fa07089c0a96_507_4_0.snappy.parquet,441806,2026-05-17T21:40:37.876000+00:00,13281b9307b8e890c74c0db3367824cf
2019-10-10,2019-10-10--data_01c46fd3-0308-fb38-0042-fa07089c0a96_407_6_0.snappy.parquet,2323894,2026-05-17T21:40:43.408000+00:00,c0844e5be416a829fbd8f70f0b6c2a55
2019-10-11,2019-10-11--data_01c46fd3-0308-fb38-0042-fa07089c0a96_107_2_0.snappy.parquet,10907,2026-05-17T21:40:24.168000+00:00,b8ec64b136466aa508e25bd45daf4aea
2019-10-14,2019-10-14--data_01c46fd3-0308-fb38-0042-fa07089c0a96_507_0_0.snappy.parquet,2319868,2026-05-17T21:40:54.173000+00:00,7bb72023d3158a4c6b5fee1ad31bd3a1
2019-10-15,2019-10-15--data_01c46fd3-0308-fb38-0042-fa07089c0a96_007_0_0.snappy.parquet,30522415,2026-05-17T21:40:28.791000+00:00,79eb954410109d740289341412b71e5f
2019-10-17,2019-10-17--data_01c46fd3-0308-fb38-0042-fa07089c0a96_707_4_0.snappy.parquet,28820470,2026-05-17T21:40:26.116000+00:00,d5f1c7d43a5a9faf4493a24dfe4434dd
2019-10-21,2019-10-21--data_01c46fd3-0308-fb38-0042-fa07089c0a96_507_2_0.snappy.parquet,2370353,2026-05-17T21:40:57.585000+00:00,0f44a817a7e2afb2f4526906276e7faa
2019-10-22,2019-10-22--data_01c46fd3-0308-fb38-0042-fa07089c0a96_407_6_0.snappy.parquet,1750454,2026-05-17T21:40:42.691000+00:00,833fd09564d8f0f85c1f5b637db6f7c7
2019-10-23,2019-10-23--data_01c46fd3-0308-fb38-0042-fa07089c0a96_207_6_0.snappy.parquet,2403494,2026-05-17T21:40:53.156000+00:00,eae450ac55e3b1d72702dc4da0340726
2019-10-24,2019-10-24--data_01c46fd3-0308-fb38-0042-fa07089c0a96_307_6_0.snappy.parquet,1960882,2026-05-17T21:41:13.977000+00:00,38072de75b74955d7b81f12051db8c49
2019-10-25,2019-10-25--data_01c46fd3-0308-fb38-0042-fa07089c0a96_507_4_0.snappy.parquet,2260138,2026-05-17T21:40:38.167000+00:00,b2b043516dd3d92dfcdae10c9453b6c3
2019-10-28,2019-10-28--data_01c46fd3-0308-fb38-0042-fa07089c0a96_507_4_0.snappy.parquet,2376170,2026-05-17T21:40:54.908000+00:00,7eb821996e436f576023502e941693e4
2019-10-29,2019-10-29--data_01c46fd3-0308-fb38-0042-fa07089c0a96_107_6_0.snappy.parquet,2373858,2026-05-17T21:40:37.210000+00:00,9c0b5cb0fb87db8923d8ef796847c051
2019-10-30,2019-10-30--data_01c46fd3-0308-fb38-0042-fa07089c0a96_307_0_0.snappy.parquet,2383821,2026-05-17T21:40:33.494000+00:00,4b585ed798066c5a8daf60f77c10b7c5
2019-10-31,2019-10-31--data_01c46fd3-0308-fb38-0042-fa07089c0a96_607_2_0.snappy.parquet,1889312,2026-05-17T21:40:35.390000+00:00,ce73de0b44186075a2c485056b0eb75a
2019-11-01,2019-11-01--data_01c46fd3-0308-fb38-0042-fa07089c0a96_107_2_0.snappy.parquet,2099292,2026-05-17T21:41:02.903000+00:00,7f6c11cd1d126ea47a66425a3c856b99
2019-11-04,2019-11-04--data_01c46fd3-0308-fb38-0042-fa07089c0a96_707_4_0.snappy.parquet,2393981,2026-05-17T21:40:35.411000+00:00,85dcac1606e580dc3937b92df5bfd4e0
2019-11-05,2019-11-05--data_01c46fd3-0308-fb38-0042-fa07089c0a96_707_6_0.snappy.parquet,30395398,2026-05-17T21:40:39.046000+00:00,34a6f16cc197cd1c1db4e142fd5c531a
2019-11-06,2019-11-06--data_01c46fd3-0308-fb38-0042-fa07089c0a96_407_0_0.snappy.parquet,2380576,2026-05-17T21:40:42.609000+00:00,64dbf48edc651b47531de99bdc5bd1f6
2019-11-07,2019-11-07--data_01c46fd3-0308-fb38-0042-fa07089c0a96_407_4_0.snappy.parquet,1643920,2026-05-17T21:40:34.399000+00:00,2e91ca699f0467d851ee8a66db1f884c
2019-11-08,2019-11-08--data_01c46fd3-0308-fb38-0042-fa07089c0a96_107_0_0.snappy.parquet,2423632,2026-05-17T21:40:35.942000+00:00,78e1136b59d69bdd2aa7769e2657b1b6
2019-11-11,2019-11-11--data_01c46fd3-0308-fb38-0042-fa07089c0a96_007_6_0.snappy.parquet,1588120,2026-05-17T21:40:57.715000+00:00,f0aaaff383ebd790a430bb8dfa146bfc
2019-11-12,2019-11-12--data_01c46fd3-0308-fb38-0042-fa07089c0a96_207_6_0.snappy.parquet,2061811,2026-05-17T21:40:58.315000+00:00,c0d0d7caef17fff1abc0d24d1dec877a
2019-11-13,2019-11-13--data_01c46fd3-0308-fb38-0042-fa07089c0a96_507_2_0.snappy.parquet,1634170,2026-05-17T21:40:51.603000+00:00,858d36a86d335813cc3d4f88420cf82b
2019-11-14,2019-11-14--data_01c46fd3-0308-fb38-0042-fa07089c0a96_707_2_0.snappy.parquet,2064665,2026-05-17T21:41:03.896000+00:00,940a29658586deba61498ddf36a581f2
2019-11-15,2019-11-15--data_01c46fd3-0308-fb38-0042-fa07089c0a96_407_4_0.snappy.parquet,2149876,2026-05-17T21:40:30.688000+00:00,01a7cfc89e99a801464c840ea293b775
2019-11-18,2019-11-18--data_01c46fd3-0308-fb38-0042-fa07089c0a96_607_6_0.snappy.parquet,2092197,2026-05-17T21:40:32.480000+00:00,8135739f3b1599fbd7222ca5605ea206
2019-11-19,2019-11-19--data_01c46fd3-0308-fb38-0042-fa07089c0a96_507_6_0.snappy.parquet,2204454,2026-05-17T21:40:54.778000+00:00,8899927a4aa4c978031c470207bd6216
2019-11-20,2019-11-20--data_01c46fd3-0308-fb38-0042-fa07089c0a96_707_0_0.snappy.parquet,2361090,2026-05-17T21:40:41.547000+00:00,93f452467f95dda3abe56b06d6bd2005
2019-11-21,2019-11-21--data_01c46fd3-0308-fb38-0042-fa07089c0a96_607_6_0.snappy.parquet,2123864,2026-05-17T21:40:52.296000+00:00,18d71813615ec69429277c580080b964
2019-11-22,2019-11-22--data_01c46fd3-0308-fb38-0042-fa07089c0a96_207_4_0.snappy.parquet,24926163,2026-05-17T21:40:49.044000+00:00,84ac4a51d0ccd1257ae488ecaa40352e
2019-11-26,2019-11-26--data_01c46fd3-0308-fb38-0042-fa07089c0a96_007_4_0.snappy.parquet,851702,2026-05-17T21:40:38.785000+00:00,316a32b09a94aee9e3e044d197fec175
2019-11-27,2019-11-27--data_01c46fd3-0308-fb38-0042-fa07089c0a96_107_2_0.snappy.parquet,1943411,2026-05-17T21:40:26.243000+00:00,a96e3b17942c462e9e16751290ab2f59
2019-11-28,2019-11-28--data_01c46fd3-0308-fb38-0042-fa07089c0a96_007_2_0.snappy.parquet,792469,2026-05-17T21:40:40.594000+00:00,183b3fba15da5433971646144b8b4a24
2019-11-29,2019-11-29--data_01c46fd3-0308-fb38-0042-fa07089c0a96_007_0_0.snappy.parquet,1269819,2026-05-17T21:40:32.349000+00:00,04311e9bc4f7750afaaa7911d7465903
2019-12-02,2019-12-02--data_01c46fd3-0308-fb38-0042-fa07089c0a96_007_2_0.snappy.parquet,2338904,2026-05-17T21:40:38.168000+00:00,13653888afb998c6d99d4600979a8ddd
2019-12-03,2019-12-03--data_01c46fd3-0308-fb38-0042-fa07089c0a96_707_2_0.snappy.parquet,1257929,2026-05-17T21:40:26.052000+00:00,584b25d8f1d0db47e29d8a18f73bb888
2019-12-04,2019-12-04--data_01c46fd3-0308-fb38-0042-fa07089c0a96_307_0_0.snappy.parquet,22295838,2026-05-17T21:40:34.940000+00:00,c53379c450e410b9e7520c979db15bc1
2019-12-05,2019-12-05--data_01c46fd3-0308-fb38-0042-fa07089c0a96_107_0_0.snappy.parquet,1454142,2026-05-17T21:40:50.871000+00:00,342b812906e151d1c62cfc873494fbde
2019-12-06,2019-12-06--data_01c46fd3-0308-fb38-0042-fa07089c0a96_307_4_0.snappy.parquet,2327454,2026-05-17T21:40:25.035000+00:00,c881afc421ca777dc07b23acf9b5c78b
2019-12-09,2019-12-09--data_01c46fd3-0308-fb38-0042-fa07089c0a96_407_2_0.snappy.parquet,2018517,2026-05-17T21:40:43.546000+00:00,ce8a14aab83298e8397cb8ffed20ea3c
2019-12-10,2019-12-10--data_01c46fd3-0308-fb38-0042-fa07089c0a96_107_2_0.snappy.parquet,2103758,2026-05-17T21:41:03.059000+00:00,6d2a6ffa4371e6fbf50d4d2a55ffd528
2019-12-11,2019-12-11--data_01c46fd3-0308-fb38-0042-fa07089c0a96_107_2_0.snappy.parquet,1706186,2026-05-17T21:41:06.236000+00:00,a3321a2b28deafc9e290a4dc7a68d3b8
2019-12-12,2019-12-12--data_01c46fd3-0308-fb38-0042-fa07089c0a96_707_0_0.snappy.parquet,1485369,2026-05-17T21:40:33.024000+00:00,71ef44db41cd4b6ae034821cd9bfc855
2019-12-13,2019-12-13--data_01c46fd3-0308-fb38-0042-fa07089c0a96_007_0_0.snappy.parquet,2144025,2026-05-17T21:40:26.715000+00:00,0afd766e6f07272108cd560e4840d75e
2019-12-16,2019-12-16--data_01c46fd3-0308-fb38-0042-fa07089c0a96_707_2_0.snappy.parquet,1791468,2026-05-17T21:41:04.104000+00:00,f30fa90dfcbc78e07f22cdf4b47e0bdd
2019-12-17,2019-12-17--data_01c46fd3-0308-fb38-0042-fa07089c0a96_707_0_0.snappy.parquet,1727402,2026-05-17T21:40:40.153000+00:00,6d5d1850c115443b7571ad9699b6eea7
2019-12-18,2019-12-18--data_01c46fd3-0308-fb38-0042-fa07089c0a96_207_4_0.snappy.parquet,2022554,2026-05-17T21:40:59.832000+00:00,7710433c54a009e2401da82047849729
2019-12-19,2019-12-19--data_01c46fd3-0308-fb38-0042-fa07089c0a96_607_2_0.snappy.parquet,19848246,2026-05-17T21:40:26.387000+00:00,0180192bcd787a0a89a02a73fffa01c0
2019-12-20,2019-12-20--data_01c46fd3-0308-fb38-0042-fa07089c0a96_207_6_0.snappy.parquet,1997531,2026-05-17T21:40:26.238000+00:00,310a35e4654cba67a8eaadd6649c7104
2019-12-23,2019-12-23--data_01c46fd3-0308-fb38-0042-fa07089c0a96_107_6_0.snappy.parquet,2098812,2026-05-17T21:41:01.260000+00:00,9f30d4df271d6101a2f6cea84b1ae919
2019-12-24,2019-12-24--data_01c46fd3-0308-fb38-0042-fa07089c0a96_307_4_0.snappy.parquet,1851835,2026-05-17T21:40:34.684000+00:00,6df93029dab0f7f6baaa890196d679b6
2019-12-25,2019-12-25--data_01c46fd3-0308-fb38-0042-fa07089c0a96_007_2_0.snappy.parquet,1676746,2026-05-17T21:40:48.732000+00:00,e55d6ec79815ae0c60d9db9be9166f92
2019-12-26,2019-12-26--data_01c46fd3-0308-fb38-0042-fa07089c0a96_307_6_0.snappy.parquet,1800393,2026-05-17T21:40:27.798000+00:00,83c00ffadef2b018daf7979688889956
2019-12-27,2019-12-27--data_01c46fd3-0308-fb38-0042-fa07089c0a96_607_2_0.snappy.parquet,2029828,2026-05-17T21:40:58.067000+00:00,166be06405e0270f75218f0646a9cdbd
2019-12-30,2019-12-30--data_01c46fd3-0308-fb38-0042-fa07089c0a96_507_6_0.snappy.parquet,1833958,2026-05-17T21:40:40.984000+00:00,8d80003a472457d882eb12a40dd20ad0
2019-12-31,2019-12-31--data_01c46fd3-0308-fb38-0042-fa07089c0a96_407_2_0.snappy.parquet,1729735,2026-05-17T21:40:44.346000+00:00,58500d2a47b8246b982450c1b81e9421
2020-01-01,2020-01-01--data_01c46fd3-0308-fb38-0042-fa07089c0a96_607_2_0.snappy.parquet,1657949,2026-05-17T21:40:35.491000+00:00,42d971b48f33121a8dbbaae409c3b085
2020-01-02,2020-01-02--data_01c46fd3-0308-fb38-0042-fa07089c0a96_007_0_0.snappy.parquet,1663872,2026-05-17T21:40:46.415000+00:00,1a2ca24d28281bc66b3f47f35d7758ef
2020-01-03,2020-01-03--data_01c46fd3-0308-fb38-0042-fa07089c0a96_507_2_0.snappy.parquet,1878980,2026-05-17T21:40:38.832000+00:00,829244360ee5f5307e13efb00c2171d3
2020-01-06,2020-01-06--data_01c46fd3-0308-fb38-0042-fa07089c0a96_407_4_0.snappy.parquet,1642559,2026-05-17T21:40:43.194000+00:00,99e02572da5d7fb32d317a120155d8d0
2020-01-07,2020-01-07--data_01c46fd3-0308-fb38-0042-fa07089c0a96_507_2_0.snappy.parquet,14439680,2026-05-17T21:40:56.264000+00:00,5f5dbf29b34f0b4aeb814ffc2ea22dd1
2020-01-08,2020-01-08--data_01c46fd3-0308-fb38-0042-fa07089c0a96_607_6_0.snappy.parquet,1714405,2026-05-17T21:40:34.344000+00:00,e9911cce9a2226573ffbdf28aaa4fb19
2020-01-09,2020-01-09--data_01c46fd3-0308-fb38-0042-fa07089c0a96_307_4_0.snappy.parquet,1845805,2026-05-17T21:40:29.752000+00:00,f276add1ac2ba1d22e01196979f2bca4
2020-01-10,2020-01-10--data_01c46fd3-0308-fb38-0042-fa07089c0a96_707_6_0.snappy.parquet,1838008,2026-05-17T21:40:37.395000+00:00,d91a0941ea3bfde8cdf20359a09b785c
2020-01-13,2020-01-13--data_01c46fd3-0308-fb38-0042-fa07089c0a96_707_2_0.snappy.parquet,1649553,2026-05-17T21:40:59.091000+00:00,2ba7fa259b61adbe91b04784f2643040
2020-01-14,2020-01-14--data_01c46fd3-0308-fb38-0042-fa07089c0a96_007_6_0.snappy.parquet,1707985,2026-05-17T21:40:26.757000+00:00,2c5bdb91ef8b291285d638f7651d9ee0
2020-01-15,2020-01-15--data_01c46fd3-0308-fb38-0042-fa07089c0a96_707_6_0.snappy.parquet,1032904,2026-05-17T21:40:51.795000+00:00,567c08bb3929dab644f716acbc4c75e6
2020-01-16,2020-01-16--data_01c46fd3-0308-fb38-0042-fa07089c0a96_507_0_0.snappy.parquet,1359319,2026-05-17T21:40:50.183000+00:00,5b6004296d98f4534a531680ac742561
2020-01-17,2020-01-17--data_01c46fd3-0308-fb38-0042-fa07089c0a96_307_2_0.snappy.parquet,2086863,2026-05-17T21:40:32.590000+00:00,41fbd510715b2b46a66ea0528fdbedec
2020-01-20,2020-01-20--data_01c46fd3-0308-fb38-0042-fa07089c0a96_507_2_0.snappy.parquet,12334162,2026-05-17T21:41:06.944000+00:00,0220f6a672537e59f8ad67dfeb4e6634
2020-01-21,2020-01-21--data_01c46fd3-0308-fb38-0042-fa07089c0a96_507_2_0.snappy.parquet,1675864,2026-05-17T21:40:59.807000+00:00,b09b00219503e5607dcbe72c15cbf109
2020-01-22,2020-01-22--data_01c46fd3-0308-fb38-0042-fa07089c0a96_607_2_0.snappy.parquet,2081267,2026-05-17T21:40:33.572000+00:00,51d177f2ffade37218f643150ff0d506
2020-01-23,2020-01-23--data_01c46fd3-0308-fb38-0042-fa07089c0a96_507_2_0.snappy.parquet,1770632,2026-05-17T21:40:29.319000+00:00,9efb00f8b88f89e2956045c93394a475
2020-01-24,2020-01-24--data_01c46fd3-0308-fb38-0042-fa07089c0a96_407_0_0.snappy.parquet,2073323,2026-05-17T21:41:10.056000+00:00,0332f10bd00b24d9a562062f60b7a572
2020-01-27,2020-01-27--data_01c46fd3-0308-fb38-0042-fa07089c0a96_107_4_0.snappy.parquet,1551500,2026-05-17T21:40:33.397000+00:00,6eeb85ed3683ff2a69a13d15f24bcbb6
2020-01-28,2020-01-28--data_01c46fd3-0308-fb38-0042-fa07089c0a96_407_0_0.snappy.parquet,2045156,2026-05-17T21:41:09.824000+00:00,ad76562717f2f71c814b554849bab117
2020-01-29,2020-01-29--data_01c46fd3-0308-fb38-0042-fa07089c0a96_707_6_0.snappy.parquet,1888109,2026-05-17T21:40:41.213000+00:00,ac4e2d60331afadc7db77e4d24ca4039
2020-01-30,2020-01-30--data_01c46fd3-0308-fb38-0042-fa07089c0a96_707_6_0.snappy.parquet,2061016,2026-05-17T21:40:39.393000+00:00,2226d84634be71a1a1448b00569f114e
2020-01-31,2020-01-31--data_01c46fd3-0308-fb38-0042-fa07089c0a96_707_2_0.snappy.parquet,2006749,2026-05-17T21:40:59.732000+00:00,8dac7de91109827093ce9bbf0e861528
2020-02-03,2020-02-03--data_01c46fd3-0308-fb38-0042-fa07089c0a96_507_6_0.snappy.parquet,1678950,2026-05-17T21:40:29.445000+00:00,7333f59295b610321fb8903621e393e4
2020-02-04,2020-02-04--data_01c46fd3-0308-fb38-0042-fa07089c0a96_007_2_0.snappy.parquet,1744248,2026-05-17T21:40:47.740000+00:00,779e7d4b438cb5355ac8b82c3fadef51
2020-02-05,2020-02-05--data_01c46fd3-0308-fb38-0042-fa07089c0a96_407_2_0.snappy.parquet,18389398,2026-05-17T21:40:29.927000+00:00,739297e2b7725620cc17e81123f2ed19
2020-02-06,2020-02-06--data_01c46fd3-0308-fb38-0042-fa07089c0a96_307_2_0.snappy.parquet,2177018,2026-05-17T21:40:38.844000+00:00,525c9f4d5b2424b48a731e20aa12b846
2020-02-07,2020-02-07--data_01c46fd3-0308-fb38-0042-fa07089c0a96_707_4_0.snappy.parquet,1371997,2026-05-17T21:40:27.175000+00:00,afcff0feccb2da09233facf217a28562
2020-02-10,2020-02-10--data_01c46fd3-0308-fb38-0042-fa07089c0a96_607_2_0.snappy.parquet,1697191,2026-05-17T21:41:05.036000+00:00,6250966d885305e132c3d1154d53800a
2020-02-11,2020-02-11--data_01c46fd3-0308-fb38-0042-fa07089c0a96_507_4_0.snappy.parquet,2125765,2026-05-17T21:41:07.458000+00:00,477359b81d7540495736861583569a39
2020-02-12,2020-02-12--data_01c46fd3-0308-fb38-0042-fa07089c0a96_707_2_0.snappy.parquet,2070213,2026-05-17T21:41:01.853000+00:00,b98b34b01c64238e9c117c859d22f3fd
2020-02-13,2020-02-13--data_01c46fd3-0308-fb38-0042-fa07089c0a96_007_2_0.snappy.parquet,1892709,2026-05-17T21:40:53.886000+00:00,34a8413e78828615bdf5beb2e332fac9
2020-02-14,2020-02-14--data_01c46fd3-0308-fb38-0042-fa07089c0a96_407_6_0.snappy.parquet,1526081,2026-05-17T21:40:37.178000+00:00,56baad24cf5111d1e6ef2392fd03b60f
2020-02-17,2020-02-17--data_01c46fd3-0308-fb38-0042-fa07089c0a96_007_4_0.snappy.parquet,2157314,2026-05-17T21:40:45.235000+00:00,9d3126dcd3f00a0ee09468bcf9766111
2020-02-18,2020-02-18--data_01c46fd3-0308-fb38-0042-fa07089c0a96_407_0_0.snappy.parquet,2118863,2026-05-17T21:40:53.977000+00:00,802ea98ba00b026fcb61626ffef4132f
2020-02-19,2020-02-19--data_01c46fd3-0308-fb38-0042-fa07089c0a96_007_0_0.snappy.parquet,2019917,2026-05-17T21:40:33.149000+00:00,cad80d5e670b13704d4df6c96f6ce8aa
2020-02-20,2020-02-20--data_01c46fd3-0308-fb38-0042-fa07089c0a96_407_6_0.snappy.parquet,2197935,2026-05-17T21:40:47.200000+00:00,d958de63ae3633e6aff4a47b66ec8772
2020-02-21,2020-02-21--data_01c46fd3-0308-fb38-0042-fa07089c0a96_507_2_0.snappy.parquet,1900503,2026-05-17T21:40:29.468000+00:00,328e596dd4fb4361e5c6e3f1b940e7c4
2020-02-24,2020-02-24--data_01c46fd3-0308-fb38-0042-fa07089c0a96_107_2_0.snappy.parquet,2130663,2026-05-17T21:40:36.738000+00:00,64eedfba7fe78c55f06398cf451ab6a0
2020-02-25,2020-02-25--data_01c46fd3-0308-fb38-0042-fa07089c0a96_707_4_0.snappy.parquet,2106985,2026-05-17T21:40:38.639000+00:00,ab0251c15874e3bda6e9e208bdda2d74
2020-02-26,2020-02-26--data_01c46fd3-0308-fb38-0042-fa07089c0a96_707_6_0.snappy.parquet,1878791,2026-05-17T21:40:51.248000+00:00,cf0a46b7ccd2219ef63b58e938efeac9
2020-02-27,2020-02-27--data_01c46fd3-0308-fb38-0042-fa07089c0a96_507_0_0.snappy.parquet,1680557,2026-05-17T21:40:43.177000+00:00,89f12419eefc70fe55a0a409a8186d8d
2020-02-28,2020-02-28--data_01c46fd3-0308-fb38-0042-fa07089c0a96_107_6_0.snappy.parquet,1945034,2026-05-17T21:40:28.726000+00:00,1c6ac27a2a118ecb66ea195db5140a54
2020-03-02,2020-03-02--data_01c46fd3-0308-fb38-0042-fa07089c0a96_707_2_0.snappy.parquet,2152223,2026-05-17T21:41:01.978000+00:00,6e9c6d953797e05af6912ce3d42244f7
2020-03-03,2020-03-03--data_01c46fd3-0308-fb38-0042-fa07089c0a96_607_6_0.snappy.parquet,2172702,2026-05-17T21:40:44.448000+00:00,7dbc620de8243d03d2dcafba4c188640
2020-03-04,2020-03-04--data_01c46fd3-0308-fb38-0042-fa07089c0a96_607_6_0.snappy.parquet,2173619,2026-05-17T21:40:34.527000+00:00,f09b3e0af477a7cb815eca56f27036db
2020-03-05,2020-03-05--data_01c46fd3-0308-fb38-0042-fa07089c0a96_407_4_0.snappy.parquet,13089048,2026-05-17T21:40:29.767000+00:00,fb9ba10ae1f7aa6984033e3ac8cef208
2020-03-16,2020-03-16--data_01c46fd3-0308-fb38-0042-fa07089c0a96_207_2_0.snappy.parquet,2216641,2026-05-17T21:40:50.648000+00:00,677d85e68f12d29cfa914d203acc27e9
2020-03-17,2020-03-17--data_01c46fd3-0308-fb38-0042-fa07089c0a96_507_2_0.snappy.parquet,2185222,2026-05-17T21:41:06.029000+00:00,bc3f88a1c0a067bbf5bf24cb9ba42eb9
2020-03-18,2020-03-18--data_01c46fd3-0308-fb38-0042-fa07089c0a96_707_2_0.snappy.parquet,2234816,2026-05-17T21:41:05.559000+00:00,ef28ea42a013b41ccc5e29e41b0267b9
2020-03-19,2020-03-19--data_01c46fd3-0308-fb38-0042-fa07089c0a96_507_2_0.snappy.parquet,2213845,2026-05-17T21:41:00.691000+00:00,fa9fc20cb1cbf4def855f87a6b5641ec
2020-03-20,2020-03-20--data_01c46fd3-0308-fb38-0042-fa07089c0a96_107_0_0.snappy.parquet,2298335,2026-05-17T21:40:27.634000+00:00,7a713ec63013c1e9de744ff21957e544
2020-03-23,2020-03-23--data_01c46fd3-0308-fb38-0042-fa07089c0a96_007_0_0.snappy.parquet,2265752,2026-05-17T21:40:24.815000+00:00,8ea3056ad7b5cad0c78df271db133946
2020-03-24,2020-03-24--data_01c46fd3-0308-fb38-0042-fa07089c0a96_207_0_0.snappy.parquet,1702353,2026-05-17T21:41:01.191000+00:00,23d50d4c7bbcfdcc84f2952afe19fe9f
2020-03-25,2020-03-25--data_01c46fd3-0308-fb38-0042-fa07089c0a96_607_0_0.snappy.parquet,2266576,2026-05-17T21:40:47.704000+00:00,6efc6880105acea4045eff32df3b6078
2020-03-26,2020-03-26--data_01c46fd3-0308-fb38-0042-fa07089c0a96_207_6_0.snappy.parquet,2322695,2026-05-17T21:41:02.824000+00:00,edee5ea492c29e33c7cb58e709d8ae5e
2020-03-27,2020-03-27--data_01c46fd3-0308-fb38-0042-fa07089c0a96_507_4_0.snappy.parquet,2317988,2026-05-17T21:41:04.807000+00:00,c9982ec8660656949b5a9f115fe82973
2020-03-30,2020-03-30--data_01c46fd3-0308-fb38-0042-fa07089c0a96_707_2_0.snappy.parquet,11183097,2026-05-17T21:41:05.423000+00:00,6c0419303061266584db78bbf3b1f294
2020-04-09,2020-04-09--data_01c46fd3-0308-fb38-0042-fa07089c0a96_707_2_0.snappy.parquet,10984720,2026-05-17T21:40:48.411000+00:00,42325206731ed42bda743c32e2abbb02
2020-04-16,2020-04-16--data_01c46fd3-0308-fb38-0042-fa07089c0a96_607_2_0.snappy.parquet,10726962,2026-05-17T21:40:35.150000+00:00,daf1d81f1a2dd680044f064561b30240
2020-04-17,2020-04-17--data_01c46fd3-0308-fb38-0042-fa07089c0a96_007_2_0.snappy.parquet,2138404,2026-05-17T21:40:44.682000+00:00,6e5adee01ebc11cca1b34a4ee55a1d3d
2020-04-19,2020-04-19--data_01c46fd3-0308-fb38-0042-fa07089c0a96_007_0_0.snappy.parquet,10206446,2026-05-17T21:40:42.572000+00:00,29a1e985d88641d827c40ea94bb157a4
2020-04-20,2020-04-20--data_01c46fd3-0308-fb38-0042-fa07089c0a96_007_6_0.snappy.parquet,2474627,2026-05-17T21:40:54.061000+00:00,9b7659d1db1fe8e97cc72a4040995c4a
2020-04-21,2020-04-21--data_01c46fd3-0308-fb38-0042-fa07089c0a96_107_6_0.snappy.parquet,2257271,2026-05-17T21:40:59.642000+00:00,ffa1f5dcbdd2bcac5fb0f1000ff46359
2020-04-22,2020-04-22--data_01c46fd3-0308-fb38-0042-fa07089c0a96_407_6_0.snappy.parquet,841106,2026-05-17T21:40:24.366000+00:00,f3844343ad57c9a83840f6de47edc783
2020-04-23,2020-04-23--data_01c46fd3-0308-fb38-0042-fa07089c0a96_407_4_0.snappy.parquet,2495636,2026-05-17T21:40:34.984000+00:00,8e3494479ac166422ae429929fe758b0
2020-04-24,2020-04-24--data_01c46fd3-0308-fb38-0042-fa07089c0a96_507_2_0.snappy.parquet,2416233,2026-05-17T21:40:57.132000+00:00,2dfac5abaf2cc5f5d9fa6276f68b4fa2
2020-04-27,2020-04-27--data_01c46fd3-0308-fb38-0042-fa07089c0a96_707_4_0.snappy.parquet,2575400,2026-05-17T21:40:55.367000+00:00,932de632171918e7ae827e22f138d425
2020-04-28,2020-04-28--data_01c46fd3-0308-fb38-0042-fa07089c0a96_707_0_0.snappy.parquet,2651667,2026-05-17T21:40:40.410000+00:00,0a5e1efc8213e6bde5d7f170a96c569b
2020-04-29,2020-04-29--data_01c46fd3-0308-fb38-0042-fa07089c0a96_707_2_0.snappy.parquet,711672,2026-05-17T21:40:27.581000+00:00,c3681bd6cc66438f797b251a3e0b32ef
2020-04-30,2020-04-30--data_01c46fd3-0308-fb38-0042-fa07089c0a96_407_0_0.snappy.parquet,2608436,2026-05-17T21:40:52.457000+00:00,96b483ab919b04a4b0e8ec4225f54793
2020-05-01,2020-05-01--data_01c46fd3-0308-fb38-0042-fa07089c0a96_707_2_0.snappy.parquet,1249118,2026-05-17T21:40:38.575000+00:00,6289a16b0b1454f72985c0f968ce1398
2020-05-04,2020-05-04--data_01c46fd3-0308-fb38-0042-fa07089c0a96_007_6_0.snappy.parquet,7951775,2026-05-17T21:40:50.795000+00:00,c8aec9179ef5757f4695047b5884df18
2020-05-05,2020-05-05--data_01c46fd3-0308-fb38-0042-fa07089c0a96_107_0_0.snappy.parquet,2642005,2026-05-17T21:40:24.941000+00:00,fee10a3bec456d3a18194b9cea6f5d22
2020-05-06,2020-05-06--data_01c46fd3-0308-fb38-0042-fa07089c0a96_507_6_0.snappy.parquet,2531857,2026-05-17T21:40:29.613000+00:00,3664929475c6a88cd0010a4a9b292d11
2020-05-07,2020-05-07--data_01c46fd3-0308-fb38-0042-fa07089c0a96_007_0_0.snappy.parquet,2645899,2026-05-17T21:40:42.132000+00:00,4d9dd65109445c5a676c8e5d44b3f994
2020-05-08,2020-05-08--data_01c46fd3-0308-fb38-0042-fa07089c0a96_107_0_0.snappy.parquet,2659990,2026-05-17T21:40:32.913000+00:00,31373b617d6f6ab1ba16e4c9d394a7f9
2020-05-11,2020-05-11--data_01c46fd3-0308-fb38-0042-fa07089c0a96_007_4_0.snappy.parquet,2704971,2026-05-17T21:40:43.881000+00:00,95b48637a3f7fb06d3204b59633bf5ad
2020-05-12,2020-05-12--data_01c46fd3-0308-fb38-0042-fa07089c0a96_007_2_0.snappy.parquet,2613369,2026-05-17T21:40:41.888000+00:00,7e9eda92d3870fe9df013f74ca400a64
2020-05-13,2020-05-13--data_01c46fd3-0308-fb38-0042-fa07089c0a96_507_4_0.snappy.parquet,2520258,2026-05-17T21:40:34.780000+00:00,68c28c7f5f97f01b613001eec4ee8c11
2020-05-14,2020-05-14--data_01c46fd3-0308-fb38-0042-fa07089c0a96_307_6_0.snappy.parquet,2629203,2026-05-17T21:40:23.887000+00:00,f9e0417c6fe9c0f9578604b9cffe0c82
2020-05-15,2020-05-15--data_01c46fd3-0308-fb38-0042-fa07089c0a96_707_6_0.snappy.parquet,2633831,2026-05-17T21:40:41.757000+00:00,2dea4fcf6284e42a2fa8bc2e756b0a22
2020-05-17,2020-05-17--data_01c46fd3-0308-fb38-0042-fa07089c0a96_507_2_0.snappy.parquet,4913444,2026-05-17T21:40:29.948000+00:00,039f7872988730829510ba3d6882f74f
2020-05-18,2020-05-18--data_01c46fd3-0308-fb38-0042-fa07089c0a96_707_2_0.snappy.parquet,2530751,2026-05-17T21:40:47.684000+00:00,f456480633c1ad0c8139c0bf6c351989
2020-05-19,2020-05-19--data_01c46fd3-0308-fb38-0042-fa07089c0a96_407_4_0.snappy.parquet,2282180,2026-05-17T21:40:30.832000+00:00,f13d4ffac2482a568a8ff5ae8f37df42
2020-05-20,2020-05-20--data_01c46fd3-0308-fb38-0042-fa07089c0a96_207_0_0.snappy.parquet,2244802,2026-05-17T21:40:38.393000+00:00,018cfbef5d8353c28c9c37f10980daf0
2020-05-21,2020-05-21--data_01c46fd3-0308-fb38-0042-fa07089c0a96_507_6_0.snappy.parquet,8716,2026-05-17T21:40:30.199000+00:00,9b449974d48f90df16283fae56017851
2020-05-22,2020-05-22--data_01c46fd3-0308-fb38-0042-fa07089c0a96_207_4_0.snappy.parquet,8717,2026-05-17T21:40:42.840000+00:00,561776a1b2020ea0dfc134b7021e74d4
2020-05-25,2020-05-25--data_01c46fd3-0308-fb38-0042-fa07089c0a96_107_2_0.snappy.parquet,8717,2026-05-17T21:40:26.012000+00:00,41ba91d4fc482d3a841a046b212a2e16
2020-05-26,2020-05-26--data_01c46fd3-0308-fb38-0042-fa07089c0a96_607_6_0.snappy.parquet,8717,2026-05-17T21:40:49.974000+00:00,44dd5e0e1830b2daa8366272ce4b156b
2020-05-27,2020-05-27--data_01c46fd3-0308-fb38-0042-fa07089c0a96_107_0_0.snappy.parquet,8717,2026-05-17T21:40:42.673000+00:00,8152dd4e9c05ced91a2373f3a6af457f
2020-05-28,2020-05-28--data_01c46fd3-0308-fb38-0042-fa07089c0a96_107_0_0.snappy.parquet,2793481,2026-05-17T21:40:30.248000+00:00,9dbf1b6ee3d13f8aa0ad79a6f6a28b07
2020-05-29,2020-05-29--data_01c46fd3-0308-fb38-0042-fa07089c0a96_007_0_0.snappy.parquet,2679018,2026-05-17T21:40:24.575000+00:00,6e346b7b716883df8488013293b759d1
2020-06-01,2020-06-01--data_01c46fd3-0308-fb38-0042-fa07089c0a96_407_0_0.snappy.parquet,2909817,2026-05-17T21:40:48.011000+00:00,493355b164de211fd614550eb7df656f
2020-06-02,2020-06-02--data_01c46fd3-0308-fb38-0042-fa07089c0a96_307_6_0.snappy.parquet,2763323,2026-05-17T21:40:45.655000+00:00,36fc302c532f14094eb3dba3083074ad
2020-06-03,2020-06-03--data_01c46fd3-0308-fb38-0042-fa07089c0a96_007_0_0.snappy.parquet,14667300,2026-05-17T21:40:24.226000+00:00,bf53b74cd4fd5fa6a2681933aeca24f0
2020-06-04,2020-06-04--data_01c46fd3-0308-fb38-0042-fa07089c0a96_007_4_0.snappy.parquet,2669397,2026-05-17T21:40:38.478000+00:00,8161e784996a3de77c8cf449d0ec8561
2020-06-05,2020-06-05--data_01c46fd3-0308-fb38-0042-fa07089c0a96_007_0_0.snappy.parquet,2793418,2026-05-17T21:40:34.470000+00:00,5118f90798be00cfd4581eac11a1f239
2020-06-08,2020-06-08--data_01c46fd3-0308-fb38-0042-fa07089c0a96_007_4_0.snappy.parquet,2684552,2026-05-17T21:40:50.487000+00:00,23c07b67777fcac031356b67f5264d4f
2020-06-09,2020-06-09--data_01c46fd3-0308-fb38-0042-fa07089c0a96_307_6_0.snappy.parquet,2646354,2026-05-17T21:41:20.786000+00:00,181680a93e563650a22e8ce690e92c67
2020-06-10,2020-06-10--data_01c46fd3-0308-fb38-0042-fa07089c0a96_207_0_0.snappy.parquet,2795183,2026-05-17T21:40:39.230000+00:00,eddc72430904d5361a1baf947302a181
2020-06-11,2020-06-11--data_01c46fd3-0308-fb38-0042-fa07089c0a96_507_4_0.snappy.parquet,2570380,2026-05-17T21:41:05.345000+00:00,b7ce188f966d1c6d4b02844717f2fb91
2020-06-12,2020-06-12--data_01c46fd3-0308-fb38-0042-fa07089c0a96_507_2_0.snappy.parquet,2774654,2026-05-17T21:40:56.514000+00:00,b56f7d1c589295e5dd2dc0401a859fe3
2020-06-15,2020-06-15--data_01c46fd3-0308-fb38-0042-fa07089c0a96_007_2_0.snappy.parquet,2919022,2026-05-17T21:40:39.495000+00:00,efa1f491c5945511d309236ad4241d85
2020-06-16,2020-06-16--data_01c46fd3-0308-fb38-0042-fa07089c0a96_407_0_0.snappy.parquet,2809292,2026-05-17T21:41:06.251000+00:00,829c02d069d3e6e7d8dfbbc711e253f9
2020-06-17,2020-06-17--data_01c46fd3-0308-fb38-0042-fa07089c0a96_107_2_0.snappy.parquet,15273641,2026-05-17T21:41:07.740000+00:00,42c2e4db89f9ceb2ac60decdf3a629b1
2020-06-18,2020-06-18--data_01c46fd3-0308-fb38-0042-fa07089c0a96_307_0_0.snappy.parquet,2751544,2026-05-17T21:40:46.668000+00:00,b9a97885f9bb36b11ee4f1b669710bb3
2020-06-19,2020-06-19--data_01c46fd3-0308-fb38-0042-fa07089c0a96_607_2_0.snappy.parquet,2829073,2026-05-17T21:41:02.439000+00:00,aa9abcd999e9ab975ec0872004e32a4d
2020-06-22,2020-06-22--data_01c46fd3-0308-fb38-0042-fa07089c0a96_607_2_0.snappy.parquet,2497869,2026-05-17T21:40:24.232000+00:00,3c66a1e1d2a2d92456cff4d8af9c2b45
2020-06-23,2020-06-23--data_01c46fd3-0308-fb38-0042-fa07089c0a96_707_6_0.snappy.parquet,2780600,2026-05-17T21:40:50.514000+00:00,d51209fdc158e2f773e16192a4d41be6
2020-06-24,2020-06-24--data_01c46fd3-0308-fb38-0042-fa07089c0a96_607_4_0.snappy.parquet,2801359,2026-05-17T21:40:37.495000+00:00,04642ba15068b5d797c47c16453a1db3
2020-06-25,2020-06-25--data_01c46fd3-0308-fb38-0042-fa07089c0a96_007_0_0.snappy.parquet,2794304,2026-05-17T21:40:53.562000+00:00,1301ab5e5884cbd0b3031623eb6e540a
2020-06-26,2020-06-26--data_01c46fd3-0308-fb38-0042-fa07089c0a96_707_0_0.snappy.parquet,2651994,2026-05-17T21:40:38.004000+00:00,93da416787fa2f4a774adbd7a4de6923
2020-06-29,2020-06-29--data_01c46fd3-0308-fb38-0042-fa07089c0a96_307_4_0.snappy.parquet,2797967,2026-05-17T21:41:00.183000+00:00,109979b177b265f148fcb1f27fa5df12
2020-06-30,2020-06-30--data_01c46fd3-0308-fb38-0042-fa07089c0a96_507_2_0.snappy.parquet,2547013,2026-05-17T21:40:46.391000+00:00,31455aaff1b41d7463fa9b47eef3b3fc
2020-07-01,2020-07-01--data_01c46fd3-0308-fb38-0042-fa07089c0a96_607_0_0.snappy.parquet,2788788,2026-05-17T21:40:50.447000+00:00,395f1e636c1e0828520d827cf560c99a
2020-07-02,2020-07-02--data_01c46fd3-0308-fb38-0042-fa07089c0a96_007_0_0.snappy.parquet,2813681,2026-05-17T21:40:44.736000+00:00,64fa7537a296506f2a6dd0ef9883d5b6
2020-07-03,2020-07-03--data_01c46fd3-0308-fb38-0042-fa07089c0a96_707_0_0.snappy.parquet,15702861,2026-05-17T21:40:41.197000+00:00,c14b548c33fb4f880936ee950a4fab96
2020-07-06,2020-07-06--data_01c46fd3-0308-fb38-0042-fa07089c0a96_707_4_0.snappy.parquet,2824147,2026-05-17T21:40:30.573000+00:00,ecee910008640481c0e4f526bdbfb8ac
2020-07-07,2020-07-07--data_01c46fd3-0308-fb38-0042-fa07089c0a96_707_4_0.snappy.parquet,2636975,2026-05-17T21:40:56.305000+00:00,9f64a38073e2b67dab34de64b98bd81c
2020-07-08,2020-07-08--data_01c46fd3-0308-fb38-0042-fa07089c0a96_207_0_0.snappy.parquet,2899050,2026-05-17T21:40:55.050000+00:00,d535abd5854eb785dd51027ed665b894
2020-07-09,2020-07-09--data_01c46fd3-0308-fb38-0042-fa07089c0a96_407_2_0.snappy.parquet,1868733,2026-05-17T21:40:24.326000+00:00,61824ae3103f3f7ba59ba1d851deaa3b
2020-07-10,2020-07-10--data_01c46fd3-0308-fb38-0042-fa07089c0a96_607_6_0.snappy.parquet,2872830,2026-05-17T21:41:03.515000+00:00,53128406c2e8f919af5e73e2bfce9961
2020-07-13,2020-07-13--data_01c46fd3-0308-fb38-0042-fa07089c0a96_107_4_0.snappy.parquet,2827273,2026-05-17T21:40:28.301000+00:00,d45479e10a6ff4211e7b0f2f22e8a059
2020-07-14,2020-07-14--data_01c46fd3-0308-fb38-0042-fa07089c0a96_307_4_0.snappy.parquet,2764910,2026-05-17T21:40:31.774000+00:00,09ec09affb0d5c872ae7118ae2823772
2020-07-15,2020-07-15--data_01c46fd3-0308-fb38-0042-fa07089c0a96_307_6_0.snappy.parquet,2907360,2026-05-17T21:40:45.410000+00:00,ef515a32c3c0e36efc07fe8d76419635
2020-07-16,2020-07-16--data_01c46fd3-0308-fb38-0042-fa07089c0a96_007_0_0.snappy.parquet,2794688,2026-05-17T21:40:26.447000+00:00,5c1869fd8e475ba72fb445c802afac46
2020-07-17,2020-07-17--data_01c46fd3-0308-fb38-0042-fa07089c0a96_607_2_0.snappy.parquet,2798003,2026-05-17T21:40:24.529000+00:00,fb56d51d7dbe538f0146849153d25f88
2020-07-18,2020-07-18--data_01c46fd3-0308-fb38-0042-fa07089c0a96_407_4_0.snappy.parquet,12977183,2026-05-17T21:40:32.650000+00:00,230e32cee6fd95db294505396fe08bb2
2020-07-20,2020-07-20--data_01c46fd3-0308-fb38-0042-fa07089c0a96_607_2_0.snappy.parquet,2840049,2026-05-17T21:40:39.221000+00:00,4b45311200df6b9aad9534c2fef2f5bb
2020-07-21,2020-07-21--data_01c46fd3-0308-fb38-0042-fa07089c0a96_707_4_0.snappy.parquet,2887541,2026-05-17T21:40:26.557000+00:00,b0610a2bbd42287b62dc4b357719cbb4
2020-07-22,2020-07-22--data_01c46fd3-0308-fb38-0042-fa07089c0a96_607_0_0.snappy.parquet,2845687,2026-05-17T21:40:27.260000+00:00,37ad901df19fcaab01964eeaee5d8049
2020-07-23,2020-07-23--data_01c46fd3-0308-fb38-0042-fa07089c0a96_707_0_0.snappy.parquet,1850183,2026-05-17T21:40:43.035000+00:00,edfeca6aaae7d1e1cd4f8b5a5b08ae78
2020-07-24,2020-07-24--data_01c46fd3-0308-fb38-0042-fa07089c0a96_707_0_0.snappy.parquet,2844623,2026-05-17T21:40:39.010000+00:00,b20dbed4b0bed5392de0b6caacd52b8d
2020-07-27,2020-07-27--data_01c46fd3-0308-fb38-0042-fa07089c0a96_607_6_0.snappy.parquet,2807930,2026-05-17T21:40:45.385000+00:00,f486b1ce9bd3f93b4ad88ae8da1aa771
2020-07-28,2020-07-28--data_01c46fd3-0308-fb38-0042-fa07089c0a96_107_4_0.snappy.parquet,2714348,2026-05-17T21:40:47.297000+00:00,ae487a0cf0e28569ac1566d76f785738
2020-07-29,2020-07-29--data_01c46fd3-0308-fb38-0042-fa07089c0a96_407_6_0.snappy.parquet,2979668,2026-05-17T21:40:32.378000+00:00,05c11b352bbb36602250822be0ff301d
2020-07-30,2020-07-30--data_01c46fd3-0308-fb38-0042-fa07089c0a96_207_6_0.snappy.parquet,2812798,2026-05-17T21:40:44.590000+00:00,e53b51e6e634017c7bcc516e297bd75a
2020-07-31,2020-07-31--data_01c46fd3-0308-fb38-0042-fa07089c0a96_407_0_0.snappy.parquet,2830013,2026-05-17T21:40:53.249000+00:00,c8745f683ab815c58ad0af17b20e258b
2020-08-03,2020-08-03--data_01c46fd3-0308-fb38-0042-fa07089c0a96_607_6_0.snappy.parquet,2926639,2026-05-17T21:41:03.265000+00:00,6fcd9ea1c64e903edb00b960c1c64fe2
2020-08-04,2020-08-04--data_01c46fd3-0308-fb38-0042-fa07089c0a96_707_6_0.snappy.parquet,17422917,2026-05-17T21:40:44.570000+00:00,a8f351ff8bcef40a0d940be16b9259fd
2020-08-05,2020-08-05--data_01c46fd3-0308-fb38-0042-fa07089c0a96_407_0_0.snappy.parquet,2575742,2026-05-17T21:40:33.487000+00:00,19333e21297c8a33a16abe8395df0e62
2020-08-06,2020-08-06--data_01c46fd3-0308-fb38-0042-fa07089c0a96_107_6_0.snappy.parquet,2871140,2026-05-17T21:40:47.022000+00:00,7d624f26b3aa4a169770df1b10e4925b
2020-08-07,2020-08-07--data_01c46fd3-0308-fb38-0042-fa07089c0a96_107_2_0.snappy.parquet,3013262,2026-05-17T21:40:24.321000+00:00,563ffd798930e6198293da563045dad7
2020-08-10,2020-08-10--data_01c46fd3-0308-fb38-0042-fa07089c0a96_207_4_0.snappy.parquet,2480814,2026-05-17T21:40:45.873000+00:00,f746e167f73d384186637439cc32c741
2020-08-11,2020-08-11--data_01c46fd3-0308-fb38-0042-fa07089c0a96_207_4_0.snappy.parquet,2836947,2026-05-17T21:40:54.532000+00:00,eb57f7b362563dcec8dea9b4fb379579
2020-08-12,2020-08-12--data_01c46fd3-0308-fb38-0042-fa07089c0a96_607_0_0.snappy.parquet,2721163,2026-05-17T21:40:51.335000+00:00,26952e1a5fce88ced156082beaeff7c8
2020-08-13,2020-08-13--data_01c46fd3-0308-fb38-0042-fa07089c0a96_107_2_0.snappy.parquet,3292582,2026-05-17T21:40:51.341000+00:00,3ab297e550afd404b27c9216688d5d12
2020-08-14,2020-08-14--data_01c46fd3-0308-fb38-0042-fa07089c0a96_107_2_0.snappy.parquet,2884095,2026-05-17T21:40:29.670000+00:00,8038c8411a9de0e471eceb11b8bbaa00
2020-08-17,2020-08-17--data_01c46fd3-0308-fb38-0042-fa07089c0a96_207_0_0.snappy.parquet,3326841,2026-05-17T21:40:51.078000+00:00,57e8b451b8d0c791376e204b9829113e
2020-08-18,2020-08-18--data_01c46fd3-0308-fb38-0042-fa07089c0a96_507_0_0.snappy.parquet,20282886,2026-05-17T21:40:41.237000+00:00,e36101594667ce57965dabae7b975f81
2020-08-19,2020-08-19--data_01c46fd3-0308-fb38-0042-fa07089c0a96_707_4_0.snappy.parquet,3360392,2026-05-17T21:40:38.140000+00:00,99601f8cbcfc9628dc0a0db4d1f215d1
2020-08-20,2020-08-20--data_01c46fd3-0308-fb38-0042-fa07089c0a96_607_2_0.snappy.parquet,3340600,2026-05-17T21:41:03.509000+00:00,ecddce9a95ce3a08db96e179062581a7
2020-08-21,2020-08-21--data_01c46fd3-0308-fb38-0042-fa07089c0a96_207_0_0.snappy.parquet,3349164,2026-05-17T21:40:33.371000+00:00,6f94662d8f956e8aec56651a71166dbd
2020-08-24,2020-08-24--data_01c46fd3-0308-fb38-0042-fa07089c0a96_707_0_0.snappy.parquet,3488179,2026-05-17T21:40:27.667000+00:00,0a32a7a8acc203add1f8249716117e43
2020-08-25,2020-08-25--data_01c46fd3-0308-fb38-0042-fa07089c0a96_707_0_0.snappy.parquet,3325423,2026-05-17T21:40:33.289000+00:00,a404dacce6f31675686e940815a1afc1
2020-08-26,2020-08-26--data_01c46fd3-0308-fb38-0042-fa07089c0a96_407_2_0.snappy.parquet,3212637,2026-05-17T21:40:46.601000+00:00,43dab77e39808b775ca6cccf67cdab69
2020-08-27,2020-08-27--data_01c46fd3-0308-fb38-0042-fa07089c0a96_107_4_0.snappy.parquet,3566047,2026-05-17T21:40:39.533000+00:00,3a21a9b318f6dd72b8450a086268dde7
2020-08-28,2020-08-28--data_01c46fd3-0308-fb38-0042-fa07089c0a96_207_4_0.snappy.parquet,3282705,2026-05-17T21:40:54.883000+00:00,b6febd848c635a0145ed404b4af736c4
2020-08-31,2020-08-31--data_01c46fd3-0308-fb38-0042-fa07089c0a96_207_6_0.snappy.parquet,3108872,2026-05-17T21:40:54.120000+00:00,806910be439e171350b9c379c94cd8bd
2020-09-01,2020-09-01--data_01c46fd3-0308-fb38-0042-fa07089c0a96_307_0_0.snappy.parquet,3239742,2026-05-17T21:40:51.884000+00:00,8e790d5bc24c0e34caaf5e3ae6b92b50
2020-09-02,2020-09-02--data_01c46fd3-0308-fb38-0042-fa07089c0a96_407_2_0.snappy.parquet,2832002,2026-05-17T21:41:04.715000+00:00,7b22afdc9f165a93836dd8ae93219d25
2020-09-03,2020-09-03--data_01c46fd3-0308-fb38-0042-fa07089c0a96_207_4_0.snappy.parquet,19033923,2026-05-17T21:40:53.891000+00:00,d9c66606c206109c9b15cdb7890da3e3
2020-09-04,2020-09-04--data_01c46fd3-0308-fb38-0042-fa07089c0a96_007_6_0.snappy.parquet,3393390,2026-05-17T21:40:29.074000+00:00,37aee48ab9feb10f06fd19879c20defd
2020-09-07,2020-09-07--data_01c46fd3-0308-fb38-0042-fa07089c0a96_607_0_0.snappy.parquet,3284363,2026-05-17T21:40:46.761000+00:00,c3e4d9e494ccd6e9828a70aab15ba0a2
2020-09-08,2020-09-08--data_01c46fd3-0308-fb38-0042-fa07089c0a96_107_4_0.snappy.parquet,3276827,2026-05-17T21:40:23.925000+00:00,ec80992812acb89857e5653fa6c0908e
2020-09-09,2020-09-09--data_01c46fd3-0308-fb38-0042-fa07089c0a96_707_6_0.snappy.parquet,3106481,2026-05-17T21:40:53.526000+00:00,242fa08b150c98bca5f086189234fbfd
2020-09-10,2020-09-10--data_01c46fd3-0308-fb38-0042-fa07089c0a96_707_4_0.snappy.parquet,3249465,2026-05-17T21:40:45.255000+00:00,6536929effb87aaa829ec6b4ab97aa25
2020-09-11,2020-09-11--data_01c46fd3-0308-fb38-0042-fa07089c0a96_307_4_0.snappy.parquet,2203507,2026-05-17T21:40:55.612000+00:00,0eaa2b0b3db0916ca5f45086774faee1
2020-09-14,2020-09-14--data_01c46fd3-0308-fb38-0042-fa07089c0a96_407_6_0.snappy.parquet,3226354,2026-05-17T21:40:55.143000+00:00,242b69f02ab5ceaba243a0f7919bc0bf
2020-09-15,2020-09-15--data_01c46fd3-0308-fb38-0042-fa07089c0a96_507_4_0.snappy.parquet,3471960,2026-05-17T21:40:50.409000+00:00,80bb65414a5f4039c979ee626136ab30
2020-09-16,2020-09-16--data_01c46fd3-0308-fb38-0042-fa07089c0a96_207_0_0.snappy.parquet,2956028,2026-05-17T21:40:45.819000+00:00,4864ea58b0b0e231d29acfa86d660ae2
2020-09-17,2020-09-17--data_01c46fd3-0308-fb38-0042-fa07089c0a96_607_6_0.snappy.parquet,21854297,2026-05-17T21:40:58.420000+00:00,e3fd6f56c65aa15946c5b9f0780ded9d
2020-09-18,2020-09-18--data_01c46fd3-0308-fb38-0042-fa07089c0a96_207_4_0.snappy.parquet,3628902,2026-05-17T21:40:39.823000+00:00,e4ffdee50d64da9b8b1baf5a2c9017cc
2020-09-21,2020-09-21--data_01c46fd3-0308-fb38-0042-fa07089c0a96_007_4_0.snappy.parquet,2394062,2026-05-17T21:40:27.742000+00:00,9fc70b7250a22c68aeca2a1ebaee9c9e
2020-09-22,2020-09-22--data_01c46fd3-0308-fb38-0042-fa07089c0a96_507_0_0.snappy.parquet,3562514,2026-05-17T21:40:32.185000+00:00,49796d3314efca60817a683f710a8eb8
2020-09-23,2020-09-23--data_01c46fd3-0308-fb38-0042-fa07089c0a96_307_4_0.snappy.parquet,4206743,2026-05-17T21:40:50.526000+00:00,2338aee8dda75cfc070c4f3bedb78c8f
2020-09-24,2020-09-24--data_01c46fd3-0308-fb38-0042-fa07089c0a96_107_0_0.snappy.parquet,3576937,2026-05-17T21:40:50.499000+00:00,5fa2cbcf489e8b2835df24329e8a6d81
2020-09-25,2020-09-25--data_01c46fd3-0308-fb38-0042-fa07089c0a96_307_2_0.snappy.parquet,4068080,2026-05-17T21:40:29.111000+00:00,9c9c6790a1564121d1272d20e6efa81e
2020-09-28,2020-09-28--data_01c46fd3-0308-fb38-0042-fa07089c0a96_607_2_0.snappy.parquet,4089615,2026-05-17T21:40:30.747000+00:00,9a73896e82ee95861192b9a8e352f87d
2020-09-29,2020-09-29--data_01c46fd3-0308-fb38-0042-fa07089c0a96_507_4_0.snappy.parquet,4002700,2026-05-17T21:40:54.827000+00:00,8096b41a772452b019f621780e2fae86
2020-09-30,2020-09-30--data_01c46fd3-0308-fb38-0042-fa07089c0a96_307_4_0.snappy.parquet,3057103,2026-05-17T21:40:40.463000+00:00,e9cd3a466f5e97219c1119e559669091
2020-10-01,2020-10-01--data_01c46fd3-0308-fb38-0042-fa07089c0a96_007_6_0.snappy.parquet,1429825,2026-05-17T21:40:42.558000+00:00,8e73d77f0bbcd10fff4fce14446dc6d2
2020-10-02,2020-10-02--data_01c46fd3-0308-fb38-0042-fa07089c0a96_507_4_0.snappy.parquet,1202537,2026-05-17T21:40:31.854000+00:00,7e6d781750ed1a4db449a4ed12f76528
2020-10-03,2020-10-03--data_01c46fd3-0308-fb38-0042-fa07089c0a96_007_6_0.snappy.parquet,17162267,2026-05-17T21:40:38.093000+00:00,0d964207000b22e3c23a9e03c25f0f0c
2020-10-05,2020-10-05--data_01c46fd3-0308-fb38-0042-fa07089c0a96_007_0_0.snappy.parquet,1998752,2026-05-17T21:40:38.122000+00:00,2d8b4e71a7ada7b23c5c4b446b5174ee
2020-10-06,2020-10-06--data_01c46fd3-0308-fb38-0042-fa07089c0a96_407_0_0.snappy.parquet,6044877,2026-05-17T21:41:15.848000+00:00,23c885fc52f4054e134ab4b51c86ea5c
2020-10-07,2020-10-07--data_01c46fd3-0308-fb38-0042-fa07089c0a96_107_6_0.snappy.parquet,3200111,2026-05-17T21:40:55.756000+00:00,f71609e9d6c5bbed43f3c64f5e245ada
2020-10-08,2020-10-08--data_01c46fd3-0308-fb38-0042-fa07089c0a96_307_6_0.snappy.parquet,4155128,2026-05-17T21:41:09.458000+00:00,cf4de84c17c88ff686bd0d50a6c3f578
2020-10-09,2020-10-09--data_01c46fd3-0308-fb38-0042-fa07089c0a96_507_6_0.snappy.parquet,4232289,2026-05-17T21:40:39.730000+00:00,1153df54d5b89022a254c4d97f1790ab
2020-10-12,2020-10-12--data_01c46fd3-0308-fb38-0042-fa07089c0a96_007_2_0.snappy.parquet,4035581,2026-05-17T21:40:53.578000+00:00,725e191d249fb9d4b3c38bfcc2cc0e47
2020-10-13,2020-10-13--data_01c46fd3-0308-fb38-0042-fa07089c0a96_107_6_0.snappy.parquet,4119691,2026-05-17T21:40:27.852000+00:00,c95f1826419983f6da72bf0956c4b0ea
2020-10-14,2020-10-14--data_01c46fd3-0308-fb38-0042-fa07089c0a96_607_2_0.snappy.parquet,4144918,2026-05-17T21:40:48.663000+00:00,f65551e46a23148dc915af40c9e2657d
2020-10-15,2020-10-15--data_01c46fd3-0308-fb38-0042-fa07089c0a96_307_6_0.snappy.parquet,4139657,2026-05-17T21:40:56.649000+00:00,6a122bc52d04fb78a47b426df8bc8792
2020-10-16,2020-10-16--data_01c46fd3-0308-fb38-0042-fa07089c0a96_507_2_0.snappy.parquet,3481382,2026-05-17T21:41:05.530000+00:00,848723703fab8b8bcb44daca81131eae
2020-10-19,2020-10-19--data_01c46fd3-0308-fb38-0042-fa07089c0a96_507_2_0.snappy.parquet,3183004,2026-05-17T21:40:45.595000+00:00,a76139a7ab3f594fd5c927472c0843dd
2020-10-20,2020-10-20--data_01c46fd3-0308-fb38-0042-fa07089c0a96_407_0_0.snappy.parquet,3253975,2026-05-17T21:40:32.380000+00:00,c1a0c55e9672229618c927c5ef9b5507
2020-10-21,2020-10-21--data_01c46fd3-0308-fb38-0042-fa07089c0a96_607_6_0.snappy.parquet,3706507,2026-05-17T21:41:03.147000+00:00,98288789468d2d3159f70acab9def528
2020-10-22,2020-10-22--data_01c46fd3-0308-fb38-0042-fa07089c0a96_407_0_0.snappy.parquet,2011539,2026-05-17T21:41:01.920000+00:00,d88cebff3cc82bd8acf5ec4efec1e638
2020-10-23,2020-10-23--data_01c46fd3-0308-fb38-0042-fa07089c0a96_107_2_0.snappy.parquet,1493305,2026-05-17T21:41:00.311000+00:00,56995c6fe6de54773aae414110e1155f
2020-10-26,2020-10-26--data_01c46fd3-0308-fb38-0042-fa07089c0a96_307_6_0.snappy.parquet,671001,2026-05-17T21:41:04.642000+00:00,3acdc8a4cbb4dce61ce230a3b20a65c3
2020-10-27,2020-10-27--data_01c46fd3-0308-fb38-0042-fa07089c0a96_207_4_0.snappy.parquet,109913,2026-05-17T21:40:33.358000+00:00,fbc6d9d980570622084f2761071cf9b2
2020-10-28,2020-10-28--data_01c46fd3-0308-fb38-0042-fa07089c0a96_507_2_0.snappy.parquet,31503,2026-05-17T21:40:28.474000+00:00,71d4a80c602368761d9ca82c05133af7
2020-10-29,2020-10-29--data_01c46fd3-0308-fb38-0042-fa07089c0a96_707_2_0.snappy.parquet,88824,2026-05-17T21:40:53.525000+00:00,5ac4c1a99c31577faf98f3b698cac96e
2020-10-30,2020-10-30--data_01c46fd3-0308-fb38-0042-fa07089c0a96_607_4_0.snappy.parquet,151771,2026-05-17T21:40:40.775000+00:00,20ec0f0dc8ca49d3c5664842fae4485e
2020-11-01,2020-11-01--data_01c46fd3-0308-fb38-0042-fa07089c0a96_207_6_0.snappy.parquet,105038,2026-05-17T21:41:02.417000+00:00,8f0f64253ec5c04aeb59e8448d3dfb81
2020-11-03,2020-11-03--data_01c46fd3-0308-fb38-0042-fa07089c0a96_107_4_0.snappy.parquet,249726,2026-05-17T21:40:27.204000+00:00,db45edf95ca5cca19eae3289e7074577
2020-11-04,2020-11-04--data_01c46fd3-0308-fb38-0042-fa07089c0a96_407_0_0.snappy.parquet,324241,2026-05-17T21:40:58.123000+00:00,d615e2a73ad550d9ef812e869d51afca
2020-11-05,2020-11-05--data_01c46fd3-0308-fb38-0042-fa07089c0a96_307_6_0.snappy.parquet,301087,2026-05-17T21:40:41.791000+00:00,7898289426b174502e4a426b1e7f85a0
2020-11-06,2020-11-06--data_01c46fd3-0308-fb38-0042-fa07089c0a96_607_6_0.snappy.parquet,21252656,2026-05-17T21:40:31.694000+00:00,fed0e0343ab77f0690b9af8bb926ad3a
2020-11-07,2020-11-07--data_01c46fd3-0308-fb38-0042-fa07089c0a96_107_2_0.snappy.parquet,9347407,2026-05-17T21:40:46.943000+00:00,800a0415bab8f8ae7b3cc120e89f8e05
2020-11-09,2020-11-09--data_01c46fd3-0308-fb38-0042-fa07089c0a96_307_6_0.snappy.parquet,321803,2026-05-17T21:40:52.346000+00:00,acb1c406d7ffa9f494ff96342037e796
2020-11-10,2020-11-10--data_01c46fd3-0308-fb38-0042-fa07089c0a96_107_6_0.snappy.parquet,201836,2026-05-17T21:40:51.851000+00:00,cffae922bd2df246f0248701846580ea
2020-11-11,2020-11-11--data_01c46fd3-0308-fb38-0042-fa07089c0a96_207_0_0.snappy.parquet,181150,2026-05-17T21:40:50.266000+00:00,f1815e54fa5eee4d355888a83e1b6b43
2020-11-12,2020-11-12--data_01c46fd3-0308-fb38-0042-fa07089c0a96_407_2_0.snappy.parquet,325891,2026-05-17T21:40:28.572000+00:00,f4adadd1a5f3bcae9b9846a5eb93133c
2020-11-13,2020-11-13--data_01c46fd3-0308-fb38-0042-fa07089c0a96_707_2_0.snappy.parquet,22409,2026-05-17T21:40:36.075000+00:00,c2fc47c36494bd576f07080b8a81c6e0
2020-11-16,2020-11-16--data_01c46fd3-0308-fb38-0042-fa07089c0a96_307_2_0.snappy.parquet,311793,2026-05-17T21:40:44.432000+00:00,5f44e05174e65a0ebe0850d39d810f28
2020-11-17,2020-11-17--data_01c46fd3-0308-fb38-0042-fa07089c0a96_707_2_0.snappy.parquet,10925380,2026-05-17T21:40:46.118000+00:00,d9d3cf674a1df149b455119b86fb0f86
2020-11-18,2020-11-18--data_01c46fd3-0308-fb38-0042-fa07089c0a96_207_0_0.snappy.parquet,9505,2026-05-17T21:40:29.704000+00:00,181c6f71507c6a7913237747ecad1d30
2020-11-20,2020-11-20--data_01c46fd3-0308-fb38-0042-fa07089c0a96_007_0_0.snappy.parquet,564194,2026-05-17T21:41:01.463000+00:00,290c0de50a3586fd87ab7fe0cb37a13f
2020-11-23,2020-11-23--data_01c46fd3-0308-fb38-0042-fa07089c0a96_507_2_0.snappy.parquet,327609,2026-05-17T21:40:51.044000+00:00,b2cdd41622a8e23856d13acf202bcf58
2020-11-24,2020-11-24--data_01c46fd3-0308-fb38-0042-fa07089c0a96_207_6_0.snappy.parquet,324154,2026-05-17T21:40:50.869000+00:00,1f4ca3d19d28d8673a06442d8561fffd
2020-11-25,2020-11-25--data_01c46fd3-0308-fb38-0042-fa07089c0a96_407_2_0.snappy.parquet,214871,2026-05-17T21:41:04.635000+00:00,7d6687e0aa965f4f0a6a91b365c2aa49
2020-11-26,2020-11-26--data_01c46fd3-0308-fb38-0042-fa07089c0a96_707_4_0.snappy.parquet,332400,2026-05-17T21:40:52.280000+00:00,0f1b3c0d349b4c8c82dc87b38e92eaa8
2020-11-27,2020-11-27--data_01c46fd3-0308-fb38-0042-fa07089c0a96_407_2_0.snappy.parquet,179014,2026-05-17T21:40:37.691000+00:00,5476937df2b103253a02816113e93789
2020-11-30,2020-11-30--data_01c46fd3-0308-fb38-0042-fa07089c0a96_607_0_0.snappy.parquet,341683,2026-05-17T21:40:43.919000+00:00,2c515233d5755d51689d31d39dbcf516
2020-12-01,2020-12-01--data_01c46fd3-0308-fb38-0042-fa07089c0a96_007_4_0.snappy.parquet,340465,2026-05-17T21:40:55.608000+00:00,6e52db2708f12216b54da7b88ee41644
2020-12-02,2020-12-02--data_01c46fd3-0308-fb38-0042-fa07089c0a96_707_4_0.snappy.parquet,221949,2026-05-17T21:40:43.469000+00:00,49bb3e32c45a5dc9b323aa74f7663ce8
2020-12-03,2020-12-03--data_01c46fd3-0308-fb38-0042-fa07089c0a96_007_6_0.snappy.parquet,18745860,2026-05-17T21:40:49.587000+00:00,703dfe481d1afb75ce4d6b101120caa4
2020-12-04,2020-12-04--data_01c46fd3-0308-fb38-0042-fa07089c0a96_607_4_0.snappy.parquet,193087,2026-05-17T21:40:44.553000+00:00,4f0dc24147770820e3fc587bad4d8769
2020-12-07,2020-12-07--data_01c46fd3-0308-fb38-0042-fa07089c0a96_507_0_0.snappy.parquet,293967,2026-05-17T21:40:36.642000+00:00,04a67a03b62176a76952448b40ee884f
2020-12-08,2020-12-08--data_01c46fd3-0308-fb38-0042-fa07089c0a96_507_4_0.snappy.parquet,132550,2026-05-17T21:40:43.197000+00:00,3b6334e0a35792642b5a2325972fbc61
2020-12-09,2020-12-09--data_01c46fd3-0308-fb38-0042-fa07089c0a96_207_2_0.snappy.parquet,346203,2026-05-17T21:40:38.441000+00:00,4d7124a3539cbaf8a67579924e7d04ee
2020-12-10,2020-12-10--data_01c46fd3-0308-fb38-0042-fa07089c0a96_607_6_0.snappy.parquet,347672,2026-05-17T21:40:40.770000+00:00,654336e1f6b9983e6184272c301ea149
2020-12-11,2020-12-11--data_01c46fd3-0308-fb38-0042-fa07089c0a96_607_2_0.snappy.parquet,345479,2026-05-17T21:41:02.279000+00:00,921733c39f042ed7e4995a03304ebac4
2020-12-14,2020-12-14--data_01c46fd3-0308-fb38-0042-fa07089c0a96_507_6_0.snappy.parquet,227083,2026-05-17T21:40:47.752000+00:00,1e3f75071fc41e01b5822fa214e62c20
2020-12-15,2020-12-15--data_01c46fd3-0308-fb38-0042-fa07089c0a96_407_0_0.snappy.parquet,236823,2026-05-17T21:40:37.329000+00:00,c4388db6382b54738ea645d1b593ada9
2020-12-16,2020-12-16--data_01c46fd3-0308-fb38-0042-fa07089c0a96_207_0_0.snappy.parquet,70005,2026-05-17T21:40:33.168000+00:00,d811e276b1fa18acc082a475adf70c6a
2020-12-17,2020-12-17--data_01c46fd3-0308-fb38-0042-fa07089c0a96_407_6_0.snappy.parquet,473850,2026-05-17T21:40:30.391000+00:00,dd3b1b922a61fb27a74028e47cfaefe1
2020-12-18,2020-12-18--data_01c46fd3-0308-fb38-0042-fa07089c0a96_307_2_0.snappy.parquet,287497,2026-05-17T21:40:38.251000+00:00,103ea60382b410c4cf06a347c5dd8a25
2020-12-19,2020-12-19--data_01c46fd3-0308-fb38-0042-fa07089c0a96_507_4_0.snappy.parquet,15982471,2026-05-17T21:41:03.431000+00:00,f3c09997f11e6807726fd211b5c15d12
2020-12-21,2020-12-21--data_01c46fd3-0308-fb38-0042-fa07089c0a96_307_6_0.snappy.parquet,185803,2026-05-17T21:41:17.699000+00:00,17c8fdf1d4d04ec8dd8aacb4a7219c11
2020-12-22,2020-12-22--data_01c46fd3-0308-fb38-0042-fa07089c0a96_607_6_0.snappy.parquet,114039,2026-05-17T21:40:49.823000+00:00,91325aacd0851e2a82af05acd2d278ff
2020-12-23,2020-12-23--data_01c46fd3-0308-fb38-0042-fa07089c0a96_007_0_0.snappy.parquet,115639,2026-05-17T21:41:06.782000+00:00,05717d53069c85d5895e86c0c8938f1d
2020-12-24,2020-12-24--data_01c46fd3-0308-fb38-0042-fa07089c0a96_207_2_0.snappy.parquet,430632,2026-05-17T21:40:31.486000+00:00,918d1d1fe459d0610d1e424733963b71
2020-12-25,2020-12-25--data_01c46fd3-0308-fb38-0042-fa07089c0a96_307_4_0.snappy.parquet,197834,2026-05-17T21:40:54.409000+00:00,a45543a527b3325235b78dc66bbc36fa
2020-12-28,2020-12-28--data_01c46fd3-0308-fb38-0042-fa07089c0a96_107_2_0.snappy.parquet,322588,2026-05-17T21:40:51.048000+00:00,7d579a574ac8892d468dc18512454c1e
2020-12-29,2020-12-29--data_01c46fd3-0308-fb38-0042-fa07089c0a96_007_0_0.snappy.parquet,242520,2026-05-17T21:40:52.463000+00:00,3ac0c7888cc989b56d1b504fb7a194cb
2020-12-30,2020-12-30--data_01c46fd3-0308-fb38-0042-fa07089c0a96_007_2_0.snappy.parquet,229402,2026-05-17T21:40:27.869000+00:00,5b3d269cbd3fe02d865140934e1cf818
2020-12-31,2020-12-31--data_01c46fd3-0308-fb38-0042-fa07089c0a96_307_4_0.snappy.parquet,210479,2026-05-17T21:40:44.732000+00:00,1a4db72553fd169b828f5d424d8860ac
2021-01-01,2021-01-01--data_01c46fd3-0308-fb38-0042-fa07089c0a96_407_6_0.snappy.parquet,235723,2026-05-17T21:40:24.129000+00:00,3bc4bb7cc53ea6ad939e6468d57f2af4
2021-01-03,2021-01-03--data_01c46fd3-0308-fb38-0042-fa07089c0a96_307_6_0.snappy.parquet,6818100,2026-05-17T21:40:35.295000+00:00,b2cd61982b54c41d6affa036a2ae17fc
2021-01-04,2021-01-04--data_01c46fd3-0308-fb38-0042-fa07089c0a96_207_2_0.snappy.parquet,344510,2026-05-17T21:40:24.557000+00:00,266296f35baa591160912b5ecdded893
2021-01-05,2021-01-05--data_01c46fd3-0308-fb38-0042-fa07089c0a96_007_2_0.snappy.parquet,234335,2026-05-17T21:40:30.396000+00:00,2e53db98ef9e0ebf6d728f8832111e7a
2021-01-06,2021-01-06--data_01c46fd3-0308-fb38-0042-fa07089c0a96_107_2_0.snappy.parquet,258903,2026-05-17T21:40:25.980000+00:00,c4a5002fca23045b235ab89fd475150c
2021-01-07,2021-01-07--data_01c46fd3-0308-fb38-0042-fa07089c0a96_007_0_0.snappy.parquet,198014,2026-05-17T21:40:46.578000+00:00,22fa457b49ffd0230a7781194d1d19c8
2021-01-08,2021-01-08--data_01c46fd3-0308-fb38-0042-fa07089c0a96_407_0_0.snappy.parquet,126617,2026-05-17T21:40:43.266000+00:00,c781901f478948c405468335a24c0532
2021-01-09,2021-01-09--data_01c46fd3-0308-fb38-0042-fa07089c0a96_207_4_0.snappy.parquet,78832,2026-05-17T21:40:35.258000+00:00,4af5c6ab42b060d015ee3951a71bef0a
2021-01-11,2021-01-11--data_01c46fd3-0308-fb38-0042-fa07089c0a96_407_4_0.snappy.parquet,92972,2026-05-17T21:40:31.161000+00:00,95e1166232025db4bb7f8031ea66d36d
2021-01-12,2021-01-12--data_01c46fd3-0308-fb38-0042-fa07089c0a96_207_2_0.snappy.parquet,207316,2026-05-17T21:40:39.309000+00:00,6e4c2aafda00135aefaa450767b02290
2021-01-13,2021-01-13--data_01c46fd3-0308-fb38-0042-fa07089c0a96_007_4_0.snappy.parquet,329076,2026-05-17T21:40:56.056000+00:00,c6cbdec93e666c7ea20bd49b0c99bae4
2021-01-14,2021-01-14--data_01c46fd3-0308-fb38-0042-fa07089c0a96_307_2_0.snappy.parquet,233032,2026-05-17T21:40:33.278000+00:00,15624836a19d0b5561f43188604afbeb
2021-01-15,2021-01-15--data_01c46fd3-0308-fb38-0042-fa07089c0a96_507_0_0.snappy.parquet,215876,2026-05-17T21:40:37.334000+00:00,047418154dcfbf7ca831bb7b688aa405
2021-01-18,2021-01-18--data_01c46fd3-0308-fb38-0042-fa07089c0a96_407_0_0.snappy.parquet,6610974,2026-05-17T21:40:42.067000+00:00,ff3ece8c9bf32b53a4cb12fb5e96dc4d
2021-01-19,2021-01-19--data_01c46fd3-0308-fb38-0042-fa07089c0a96_307_6_0.snappy.parquet,273473,2026-05-17T21:40:30.658000+00:00,1e27c1842421cb7888c189c690d42b07
2021-01-20,2021-01-20--data_01c46fd3-0308-fb38-0042-fa07089c0a96_207_2_0.snappy.parquet,323372,2026-05-17T21:40:46.073000+00:00,a99ba8f284e670f4cf1fceba91a9f8a8
2021-01-21,2021-01-21--data_01c46fd3-0308-fb38-0042-fa07089c0a96_607_6_0.snappy.parquet,279442,2026-05-17T21:40:51.895000+00:00,cecbe85d271b869aafcdd16401a35024
2021-01-22,2021-01-22--data_01c46fd3-0308-fb38-0042-fa07089c0a96_407_4_0.snappy.parquet,272775,2026-05-17T21:40:41.763000+00:00,1ce324bcdbe4fccf3a3be361568183b1
2021-01-25,2021-01-25--data_01c46fd3-0308-fb38-0042-fa07089c0a96_307_2_0.snappy.parquet,294860,2026-05-17T21:40:50.770000+00:00,09a02059ae0c1dd57f74a60e6bc48207
2021-01-26,2021-01-26--data_01c46fd3-0308-fb38-0042-fa07089c0a96_407_0_0.snappy.parquet,302767,2026-05-17T21:41:05.728000+00:00,4940810440e9cd1d6618ba1d4192b3c9
2021-01-27,2021-01-27--data_01c46fd3-0308-fb38-0042-fa07089c0a96_107_4_0.snappy.parquet,272439,2026-05-17T21:40:47.711000+00:00,ff0bff774af025dc83bbd69e46ded77a
2021-01-28,2021-01-28--data_01c46fd3-0308-fb38-0042-fa07089c0a96_307_2_0.snappy.parquet,222194,2026-05-17T21:40:38.486000+00:00,8791d897e5e3620ca36a175bb7123d93
2021-01-29,2021-01-29--data_01c46fd3-0308-fb38-0042-fa07089c0a96_407_2_0.snappy.parquet,204162,2026-05-17T21:40:54.004000+00:00,7eec0354386ecd84a01ed28adc5154f1
2021-02-01,2021-02-01--data_01c46fd3-0308-fb38-0042-fa07089c0a96_707_4_0.snappy.parquet,226865,2026-05-17T21:41:00.112000+00:00,f956fc9d6ad2f3fcfdf2b8c24f5f7606
2021-02-02,2021-02-02--data_01c46fd3-0308-fb38-0042-fa07089c0a96_507_6_0.snappy.parquet,181849,2026-05-17T21:40:26.719000+00:00,b2d948d8a45fde1d4ed4535b75e317c8
2021-02-03,2021-02-03--data_01c46fd3-0308-fb38-0042-fa07089c0a96_507_6_0.snappy.parquet,7679535,2026-05-17T21:40:54.403000+00:00,03b2732cd2b95f0d4bbc6dec565f80f0
2021-02-04,2021-02-04--data_01c46fd3-0308-fb38-0042-fa07089c0a96_107_2_0.snappy.parquet,259511,2026-05-17T21:40:29.460000+00:00,46a4054d55a51df872e413d27a3b54a4
2021-02-05,2021-02-05--data_01c46fd3-0308-fb38-0042-fa07089c0a96_407_4_0.snappy.parquet,252880,2026-05-17T21:40:34.677000+00:00,156075219fd4fc7d5a13176fc3afd194
2021-02-08,2021-02-08--data_01c46fd3-0308-fb38-0042-fa07089c0a96_607_6_0.snappy.parquet,199737,2026-05-17T21:40:59+00:00,23ad4b97096cd43fc9d5766754380d66
2021-02-09,2021-02-09--data_01c46fd3-0308-fb38-0042-fa07089c0a96_407_2_0.snappy.parquet,169778,2026-05-17T21:40:38.170000+00:00,7224c9feaebfd61f46aa1f6730b3a5f7
2021-02-10,2021-02-10--data_01c46fd3-0308-fb38-0042-fa07089c0a96_007_2_0.snappy.parquet,191867,2026-05-17T21:40:31.299000+00:00,d4705bc0f8f1bc90939a87b4637df747
2021-02-11,2021-02-11--data_01c46fd3-0308-fb38-0042-fa07089c0a96_507_2_0.snappy.parquet,255248,2026-05-17T21:40:54.433000+00:00,5823d1252f0da3a5de5d1e6a2fa1ce54
2021-02-12,2021-02-12--data_01c46fd3-0308-fb38-0042-fa07089c0a96_307_0_0.snappy.parquet,197311,2026-05-17T21:40:41.030000+00:00,4c67197e9a3f1486455d5e4db807d9b1
2021-02-15,2021-02-15--data_01c46fd3-0308-fb38-0042-fa07089c0a96_607_4_0.snappy.parquet,186784,2026-05-17T21:40:37.549000+00:00,33dfef2f424debcde43104f87d23689b
2021-02-16,2021-02-16--data_01c46fd3-0308-fb38-0042-fa07089c0a96_207_2_0.snappy.parquet,196576,2026-05-17T21:40:48.831000+00:00,b4faf5ccb038dd9bf39c34dda58e9a9c
2021-02-17,2021-02-17--data_01c46fd3-0308-fb38-0042-fa07089c0a96_307_2_0.snappy.parquet,229869,2026-05-17T21:40:53.787000+00:00,b8ddffab9720a39e617c83dc296ba970
2021-02-18,2021-02-18--data_01c46fd3-0308-fb38-0042-fa07089c0a96_007_2_0.snappy.parquet,7088317,2026-05-17T21:40:44.388000+00:00,50cc836c332f324807b1d241d151ad5c
2021-02-19,2021-02-19--data_01c46fd3-0308-fb38-0042-fa07089c0a96_507_0_0.snappy.parquet,340376,2026-05-17T21:40:47.876000+00:00,8511710efb5172af5d3207ed519bce26
2021-02-22,2021-02-22--data_01c46fd3-0308-fb38-0042-fa07089c0a96_607_2_0.snappy.parquet,230923,2026-05-17T21:40:24.092000+00:00,f41f1184c7cc0df34f5447ddd282aff2
2021-02-23,2021-02-23--data_01c46fd3-0308-fb38-0042-fa07089c0a96_707_2_0.snappy.parquet,231806,2026-05-17T21:40:55.304000+00:00,e02bea33a0cca719a8170cdc3091d08f
2021-02-24,2021-02-24--data_01c46fd3-0308-fb38-0042-fa07089c0a96_007_0_0.snappy.parquet,222789,2026-05-17T21:40:48.422000+00:00,31d364b622dc7bf429f2d1b508771a25
2021-02-25,2021-02-25--data_01c46fd3-0308-fb38-0042-fa07089c0a96_207_2_0.snappy.parquet,253248,2026-05-17T21:40:26.506000+00:00,712ab3a34abfe26ee00e78d8c7805903
2021-02-26,2021-02-26--data_01c46fd3-0308-fb38-0042-fa07089c0a96_007_4_0.snappy.parquet,251574,2026-05-17T21:40:35.644000+00:00,ee0be9bc02a19c82a4934ab9b45e9014
2021-03-08,2021-03-08--data_01c46fd3-0308-fb38-0042-fa07089c0a96_007_4_0.snappy.parquet,9510582,2026-05-17T21:40:50.083000+00:00,9c169ea485a703059791e625dd265fa1
2021-03-09,2021-03-09--data_01c46fd3-0308-fb38-0042-fa07089c0a96_507_2_0.snappy.parquet,336818,2026-05-17T21:40:58.208000+00:00,cc9e3ad4c629b8fe1a1e0da8e5a85970
2021-03-10,2021-03-10--data_01c46fd3-0308-fb38-0042-fa07089c0a96_707_4_0.snappy.parquet,337275,2026-05-17T21:40:38.473000+00:00,f6a90bd67d435ee11b923393fa9ba09f
2021-03-11,2021-03-11--data_01c46fd3-0308-fb38-0042-fa07089c0a96_307_2_0.snappy.parquet,54468,2026-05-17T21:40:33.131000+00:00,ca6e4f2c1eaf7d9a2dc495dca547f2ad
2021-03-12,2021-03-12--data_01c46fd3-0308-fb38-0042-fa07089c0a96_007_0_0.snappy.parquet,58411,2026-05-17T21:40:25.369000+00:00,5876b9bafedb240c10028d5c6deb42cd
2021-03-13,2021-03-13--data_01c46fd3-0308-fb38-0042-fa07089c0a96_207_4_0.snappy.parquet,38540,2026-05-17T21:40:53.186000+00:00,e51ccdf17fabae45e9cb691a461348f1
2021-03-14,2021-03-14--data_01c46fd3-0308-fb38-0042-fa07089c0a96_707_0_0.snappy.parquet,57695,2026-05-17T21:40:33.601000+00:00,3f8dd3388017f7f7e1c34f6a3f1ba25d
2021-03-15,2021-03-15--data_01c46fd3-0308-fb38-0042-fa07089c0a96_507_0_0.snappy.parquet,51077,2026-05-17T21:40:50.018000+00:00,bf635b1b838153a695d92969c10d027c
2021-03-16,2021-03-16--data_01c46fd3-0308-fb38-0042-fa07089c0a96_407_4_0.snappy.parquet,47533,2026-05-17T21:40:28.208000+00:00,d1d6bb9311fabb8a4d57da7df9e0c9ef
2021-03-17,2021-03-17--data_01c46fd3-0308-fb38-0042-fa07089c0a96_207_6_0.snappy.parquet,5878648,2026-05-17T21:40:43.613000+00:00,4920ca7c8b9a003e96acbc4cd779c434
2021-03-18,2021-03-18--data_01c46fd3-0308-fb38-0042-fa07089c0a96_107_0_0.snappy.parquet,48944,2026-05-17T21:40:33.308000+00:00,7a78e319139f2c726bc648bc9554e26c
2021-03-19,2021-03-19--data_01c46fd3-0308-fb38-0042-fa07089c0a96_107_2_0.snappy.parquet,58758,2026-05-17T21:41:06.919000+00:00,453732c621741c201d862de479f54e59
2021-03-20,2021-03-20--data_01c46fd3-0308-fb38-0042-fa07089c0a96_107_0_0.snappy.parquet,135835,2026-05-17T21:40:32.305000+00:00,c2657d6ca1b78545051cf82f1214fe81
2021-03-21,2021-03-21--data_01c46fd3-0308-fb38-0042-fa07089c0a96_707_6_0.snappy.parquet,244041,2026-05-17T21:40:46.345000+00:00,10ead6dce5fbe6d2200ad07c5b0ff49a
2021-03-22,2021-03-22--data_01c46fd3-0308-fb38-0042-fa07089c0a96_107_6_0.snappy.parquet,190703,2026-05-17T21:40:28.251000+00:00,fca6b036a0e9224d6ce1ac416d01bdca
2021-03-23,2021-03-23--data_01c46fd3-0308-fb38-0042-fa07089c0a96_507_0_0.snappy.parquet,247764,2026-05-17T21:40:44.431000+00:00,658ab7f93deac9861e221e295b673594
2021-03-24,2021-03-24--data_01c46fd3-0308-fb38-0042-fa07089c0a96_307_2_0.snappy.parquet,158464,2026-05-17T21:40:31.550000+00:00,73e5e35228ff657a19dec2bd14489d97
2021-03-25,2021-03-25--data_01c46fd3-0308-fb38-0042-fa07089c0a96_007_0_0.snappy.parquet,131580,2026-05-17T21:41:02.926000+00:00,f21407a6c27d6dfc3ad243915164d36a
2021-03-26,2021-03-26--data_01c46fd3-0308-fb38-0042-fa07089c0a96_707_0_0.snappy.parquet,191083,2026-05-17T21:40:26.649000+00:00,33c12104331a1abb14b03fe35cabbf01
2021-03-27,2021-03-27--data_01c46fd3-0308-fb38-0042-fa07089c0a96_007_6_0.snappy.parquet,196190,2026-05-17T21:40:24.194000+00:00,2d4de4fd2592c4eaf5a27aeb83a60bdc
2021-03-28,2021-03-28--data_01c46fd3-0308-fb38-0042-fa07089c0a96_307_6_0.snappy.parquet,193084,2026-05-17T21:40:27.080000+00:00,a98e61c4d5fd1588189a0730ca03961b
2021-03-29,2021-03-29--data_01c46fd3-0308-fb38-0042-fa07089c0a96_307_4_0.snappy.parquet,163796,2026-05-17T21:40:35.162000+00:00,b74478fce7c05ca7c1a986c75a770ac1
2021-03-30,2021-03-30--data_01c46fd3-0308-fb38-0042-fa07089c0a96_707_4_0.snappy.parquet,158716,2026-05-17T21:40:58.912000+00:00,ca77d64180254b38051830bfc00f7fc0
2021-03-31,2021-03-31--data_01c46fd3-0308-fb38-0042-fa07089c0a96_507_4_0.snappy.parquet,146630,2026-05-17T21:40:57.206000+00:00,4ba1f93b50d4df36b2e230057035ff49
2021-04-01,2021-04-01--data_01c46fd3-0308-fb38-0042-fa07089c0a96_407_0_0.snappy.parquet,74105,2026-05-17T21:41:06.572000+00:00,44ca815c0ac876fe546b260594baea74
2021-04-02,2021-04-02--data_01c46fd3-0308-fb38-0042-fa07089c0a96_107_0_0.snappy.parquet,81751,2026-05-17T21:40:34.263000+00:00,09afb069ff604f27c05eebc2a594f373
2021-04-03,2021-04-03--data_01c46fd3-0308-fb38-0042-fa07089c0a96_407_4_0.snappy.parquet,81102,2026-05-17T21:40:28.356000+00:00,98a26936a4d60766ec38e7191be5ac5a
2021-04-04,2021-04-04--data_01c46fd3-0308-fb38-0042-fa07089c0a96_007_4_0.snappy.parquet,79134,2026-05-17T21:40:46.420000+00:00,75351ddf3f16cf49e1836cace53aa6ff
2021-04-05,2021-04-05--data_01c46fd3-0308-fb38-0042-fa07089c0a96_607_4_0.snappy.parquet,83016,2026-05-17T21:40:32.118000+00:00,9c275082a97840ef94e366c34d53c3fa
2021-04-09,2021-04-09--data_01c46fd3-0308-fb38-0042-fa07089c0a96_107_6_0.snappy.parquet,7306624,2026-05-17T21:40:36.048000+00:00,b0d470854508fb14212168ca0dfd9011
2021-04-10,2021-04-10--data_01c46fd3-0308-fb38-0042-fa07089c0a96_607_4_0.snappy.parquet,128916,2026-05-17T21:40:46.429000+00:00,ae8ee41c39b92709130681dce9fb3a46
2021-04-11,2021-04-11--data_01c46fd3-0308-fb38-0042-fa07089c0a96_207_6_0.snappy.parquet,118050,2026-05-17T21:40:30.243000+00:00,cef0935dbd182eca6e73ddd191b2e48f
2021-04-12,2021-04-12--data_01c46fd3-0308-fb38-0042-fa07089c0a96_007_0_0.snappy.parquet,106152,2026-05-17T21:40:47.655000+00:00,8f3154205918303ba5e7c5d1434be3c1
2021-04-13,2021-04-13--data_01c46fd3-0308-fb38-0042-fa07089c0a96_607_0_0.snappy.parquet,132422,2026-05-17T21:40:28.740000+00:00,81ac626b462064a5527d54021e2a4328
2021-04-14,2021-04-14--data_01c46fd3-0308-fb38-0042-fa07089c0a96_707_6_0.snappy.parquet,131056,2026-05-17T21:40:46.032000+00:00,13eeb49dd6f40897f91531d8f42c2115
2021-04-15,2021-04-15--data_01c46fd3-0308-fb38-0042-fa07089c0a96_107_2_0.snappy.parquet,109833,2026-05-17T21:40:23.807000+00:00,f6ab53788c419cce96aa60c119f1ed20
2021-04-16,2021-04-16--data_01c46fd3-0308-fb38-0042-fa07089c0a96_407_0_0.snappy.parquet,124294,2026-05-17T21:40:37.590000+00:00,3fc31bdbf9b4c326f4a0b90ace1b6735
2021-04-17,2021-04-17--data_01c46fd3-0308-fb38-0042-fa07089c0a96_007_2_0.snappy.parquet,76349,2026-05-17T21:40:53.979000+00:00,52b3360dff80bd004d72ffac08ddf4a9
2021-04-18,2021-04-18--data_01c46fd3-0308-fb38-0042-fa07089c0a96_007_0_0.snappy.parquet,81981,2026-05-17T21:40:46.226000+00:00,5a5932606b9ff58d56c4b1925cc7cf16
2021-04-19,2021-04-19--data_01c46fd3-0308-fb38-0042-fa07089c0a96_407_6_0.snappy.parquet,126231,2026-05-17T21:40:33.797000+00:00,b67fb0b949a9f4a59f5ea05e4d32a397
2021-04-20,2021-04-20--data_01c46fd3-0308-fb38-0042-fa07089c0a96_707_4_0.snappy.parquet,73491,2026-05-17T21:40:52.941000+00:00,df8c59c5bfb5c221bb39471922b594df
2021-04-21,2021-04-21--data_01c46fd3-0308-fb38-0042-fa07089c0a96_007_0_0.snappy.parquet,118659,2026-05-17T21:40:31.704000+00:00,fe57983ffed2176546fe88cc11aff4a7
2021-04-22,2021-04-22--data_01c46fd3-0308-fb38-0042-fa07089c0a96_107_6_0.snappy.parquet,7488961,2026-05-17T21:40:56.852000+00:00,1d12e0db44cbded574f4968f2dbbe150
2021-04-23,2021-04-23--data_01c46fd3-0308-fb38-0042-fa07089c0a96_107_0_0.snappy.parquet,73724,2026-05-17T21:40:25.945000+00:00,68a00827bcca534e93d0972cf74914e9
2021-04-24,2021-04-24--data_01c46fd3-0308-fb38-0042-fa07089c0a96_207_6_0.snappy.parquet,79622,2026-05-17T21:40:25.241000+00:00,cba09ae7d97469a74cd9eb5f3dd1be3c
2021-04-25,2021-04-25--data_01c46fd3-0308-fb38-0042-fa07089c0a96_607_6_0.snappy.parquet,75848,2026-05-17T21:40:31.717000+00:00,32a35bcfbdfd7f2a8db5ca4a594b54a0
2021-04-26,2021-04-26--data_01c46fd3-0308-fb38-0042-fa07089c0a96_507_6_0.snappy.parquet,78994,2026-05-17T21:40:43.602000+00:00,42417e119011438d0160ddfc6f68fd94
2021-04-27,2021-04-27--data_01c46fd3-0308-fb38-0042-fa07089c0a96_607_6_0.snappy.parquet,78370,2026-05-17T21:40:32.837000+00:00,e36f5ebeb3ddd503b78c438c692c9880
2021-04-28,2021-04-28--data_01c46fd3-0308-fb38-0042-fa07089c0a96_207_2_0.snappy.parquet,72694,2026-05-17T21:40:23.890000+00:00,38edf01dbf2bd2fe019dbcf5739072fb
2021-04-29,2021-04-29--data_01c46fd3-0308-fb38-0042-fa07089c0a96_407_2_0.snappy.parquet,78750,2026-05-17T21:41:00.405000+00:00,bfc80773fa8572363b34da810391da79
2021-04-30,2021-04-30--data_01c46fd3-0308-fb38-0042-fa07089c0a96_207_6_0.snappy.parquet,125827,2026-05-17T21:40:58.563000+00:00,5c887c6c01abb58e5d336e7710e8654a
2021-05-01,2021-05-01--data_01c46fd3-0308-fb38-0042-fa07089c0a96_707_2_0.snappy.parquet,75612,2026-05-17T21:40:40.082000+00:00,500837a0ac9e80d119facc1dd96f93fc
2021-05-04,2021-05-04--data_01c46fd3-0308-fb38-0042-fa07089c0a96_407_4_0.snappy.parquet,7613921,2026-05-17T21:40:25.192000+00:00,1c10b385ffffb754861298170a8108d3
2021-05-05,2021-05-05--data_01c46fd3-0308-fb38-0042-fa07089c0a96_607_2_0.snappy.parquet,127053,2026-05-17T21:41:02.731000+00:00,278446c6eb6a9b2317bf4286fc784036
2021-05-06,2021-05-06--data_01c46fd3-0308-fb38-0042-fa07089c0a96_207_2_0.snappy.parquet,73306,2026-05-17T21:40:39.273000+00:00,1c1f2fe13ac667c686b7a1f2049e528a
2021-05-07,2021-05-07--data_01c46fd3-0308-fb38-0042-fa07089c0a96_707_4_0.snappy.parquet,125846,2026-05-17T21:40:54.883000+00:00,52491669b8e3d4d4ff83104546ad7cd6
2021-05-08,2021-05-08--data_01c46fd3-0308-fb38-0042-fa07089c0a96_107_6_0.snappy.parquet,125677,2026-05-17T21:40:32.354000+00:00,560f0517e68023cedbccce9f5b1654f9
2021-05-09,2021-05-09--data_01c46fd3-0308-fb38-0042-fa07089c0a96_107_2_0.snappy.parquet,117343,2026-05-17T21:40:27.028000+00:00,2fd0c1794e0595ce02bfd925d2403749
2021-05-10,2021-05-10--data_01c46fd3-0308-fb38-0042-fa07089c0a96_707_2_0.snappy.parquet,113206,2026-05-17T21:40:38.818000+00:00,4d6e61c2a395e0d6fcb4bdd50aa9a16a
2021-05-11,2021-05-11--data_01c46fd3-0308-fb38-0042-fa07089c0a96_707_4_0.snappy.parquet,69356,2026-05-17T21:40:36.252000+00:00,08e8e05f0c1555f7e379eafb05bacb3b
2021-05-12,2021-05-12--data_01c46fd3-0308-fb38-0042-fa07089c0a96_707_2_0.snappy.parquet,130543,2026-05-17T21:40:26.698000+00:00,142f6a8352ea25a0bdf5309d9f4d979f
2021-05-13,2021-05-13--data_01c46fd3-0308-fb38-0042-fa07089c0a96_607_2_0.snappy.parquet,61907,2026-05-17T21:40:44+00:00,afd357bd8beecc511c6e85ca51876dec
2021-05-14,2021-05-14--data_01c46fd3-0308-fb38-0042-fa07089c0a96_307_2_0.snappy.parquet,133912,2026-05-17T21:40:58.330000+00:00,6de035465ab59b61d4504a25e8ad51b4
2021-05-15,2021-05-15--data_01c46fd3-0308-fb38-0042-fa07089c0a96_507_2_0.snappy.parquet,133795,2026-05-17T21:40:24.007000+00:00,60d773a7f71b1c9d3cf4bf073e05d2ef
2021-05-16,2021-05-16--data_01c46fd3-0308-fb38-0042-fa07089c0a96_507_0_0.snappy.parquet,66118,2026-05-17T21:40:42.807000+00:00,97fa910b037078d0211a9dd12e0a73ae
2021-05-17,2021-05-17--data_01c46fd3-0308-fb38-0042-fa07089c0a96_707_2_0.snappy.parquet,66280,2026-05-17T21:40:53.858000+00:00,062f32f1c9ee623a95ee856c8c08c47d
2021-05-18,2021-05-18--data_01c46fd3-0308-fb38-0042-fa07089c0a96_707_0_0.snappy.parquet,54417,2026-05-17T21:40:39.311000+00:00,9687596c4fba2299ef2f769775877819
2021-05-19,2021-05-19--data_01c46fd3-0308-fb38-0042-fa07089c0a96_407_0_0.snappy.parquet,103800,2026-05-17T21:40:32.979000+00:00,f4cbf73108a2192377e2efdfa9ae6fb8
2021-05-20,2021-05-20--data_01c46fd3-0308-fb38-0042-fa07089c0a96_707_6_0.snappy.parquet,8024950,2026-05-17T21:40:31.597000+00:00,b3630d9b631e328b4f20bee5ead804c7
2021-05-21,2021-05-21--data_01c46fd3-0308-fb38-0042-fa07089c0a96_107_2_0.snappy.parquet,135741,2026-05-17T21:40:30.543000+00:00,68f7afd9bb7bf9ad755f9a0113234c0d
2021-05-22,2021-05-22--data_01c46fd3-0308-fb38-0042-fa07089c0a96_607_4_0.snappy.parquet,127774,2026-05-17T21:40:35.227000+00:00,b1efbd3531b05ad133853c8839a20a8b
2021-05-23,2021-05-23--data_01c46fd3-0308-fb38-0042-fa07089c0a96_307_2_0.snappy.parquet,134779,2026-05-17T21:40:53.250000+00:00,39f48a1eb74e4b93d21f753cb4486999
2021-05-24,2021-05-24--data_01c46fd3-0308-fb38-0042-fa07089c0a96_107_6_0.snappy.parquet,137898,2026-05-17T21:40:59.751000+00:00,c59e2a8f8bd4a0f2f92a62c3d43f916e
2021-05-25,2021-05-25--data_01c46fd3-0308-fb38-0042-fa07089c0a96_307_6_0.snappy.parquet,137708,2026-05-17T21:40:45.260000+00:00,04babbeee230eafe739a0603323e49ff
2021-05-26,2021-05-26--data_01c46fd3-0308-fb38-0042-fa07089c0a96_307_6_0.snappy.parquet,74448,2026-05-17T21:40:57.011000+00:00,2a950dab417f31f5a979ef9b6ab7e706
2021-05-27,2021-05-27--data_01c46fd3-0308-fb38-0042-fa07089c0a96_507_0_0.snappy.parquet,105763,2026-05-17T21:40:58.002000+00:00,338637fe1deeea8f4ab0735ce22c3423
2021-05-28,2021-05-28--data_01c46fd3-0308-fb38-0042-fa07089c0a96_007_0_0.snappy.parquet,135677,2026-05-17T21:40:47.950000+00:00,0e94c78004675fb9b2fb67e16cfe8427
2021-05-29,2021-05-29--data_01c46fd3-0308-fb38-0042-fa07089c0a96_707_4_0.snappy.parquet,62573,2026-05-17T21:40:27.890000+00:00,d0f4be510ba52bb9fed8e94dd1b631da
2021-05-30,2021-05-30--data_01c46fd3-0308-fb38-0042-fa07089c0a96_507_4_0.snappy.parquet,132330,2026-05-17T21:40:56.063000+00:00,e3b16f0ec24f55695e91fed5bb9b2820
2021-05-31,2021-05-31--data_01c46fd3-0308-fb38-0042-fa07089c0a96_307_4_0.snappy.parquet,137012,2026-05-17T21:41:00.750000+00:00,d28a753d18171c154add43dfa5acea7c
2021-06-01,2021-06-01--data_01c46fd3-0308-fb38-0042-fa07089c0a96_607_2_0.snappy.parquet,109059,2026-05-17T21:41:03.221000+00:00,e25e32d9faf8a307ff4fb7c8bf34b7ee
2021-06-02,2021-06-02--data_01c46fd3-0308-fb38-0042-fa07089c0a96_007_6_0.snappy.parquet,111694,2026-05-17T21:40:28.461000+00:00,6303fa293a3a0ce50a483e24e0509261
2021-06-03,2021-06-03--data_01c46fd3-0308-fb38-0042-fa07089c0a96_007_6_0.snappy.parquet,6672920,2026-05-17T21:40:56.773000+00:00,767b9c85f5610e982e0cdb2707a4794b
2021-06-04,2021-06-04--data_01c46fd3-0308-fb38-0042-fa07089c0a96_407_0_0.snappy.parquet,65869,2026-05-17T21:40:47.400000+00:00,cd5ea97b7afcb7b1bc0138ec2bc3c160
2021-06-05,2021-06-05--data_01c46fd3-0308-fb38-0042-fa07089c0a96_407_0_0.snappy.parquet,135353,2026-05-17T21:40:46.953000+00:00,f1509ed247c4c2e62d5742b6cec52e69
2021-06-06,2021-06-06--data_01c46fd3-0308-fb38-0042-fa07089c0a96_707_0_0.snappy.parquet,136085,2026-05-17T21:40:39.228000+00:00,0128c46100f03c7891bd92c3a85a2d81
2021-06-07,2021-06-07--data_01c46fd3-0308-fb38-0042-fa07089c0a96_307_4_0.snappy.parquet,137980,2026-05-17T21:40:46.014000+00:00,bbb16d2a6286157fb1dc5008cd3886f7
2021-06-08,2021-06-08--data_01c46fd3-0308-fb38-0042-fa07089c0a96_007_6_0.snappy.parquet,137337,2026-05-17T21:40:43.424000+00:00,162b1b9fbdbe2490b7084cd20bb0e8a5
2021-06-09,2021-06-09--data_01c46fd3-0308-fb38-0042-fa07089c0a96_707_0_0.snappy.parquet,73020,2026-05-17T21:40:38.220000+00:00,0e86bd7efc63387def877e0cbc6b2da3
2021-06-10,2021-06-10--data_01c46fd3-0308-fb38-0042-fa07089c0a96_407_4_0.snappy.parquet,67722,2026-05-17T21:40:42.752000+00:00,27e527c63911cbd149af5054c8256dc4
2021-06-11,2021-06-11--data_01c46fd3-0308-fb38-0042-fa07089c0a96_507_6_0.snappy.parquet,71113,2026-05-17T21:40:41.599000+00:00,76361b5a1e154e65599d644b3d9b8c88
2021-06-12,2021-06-12--data_01c46fd3-0308-fb38-0042-fa07089c0a96_407_2_0.snappy.parquet,76490,2026-05-17T21:40:29.030000+00:00,ff2b3649e208dd6d40d211f236174b19
2021-06-13,2021-06-13--data_01c46fd3-0308-fb38-0042-fa07089c0a96_007_0_0.snappy.parquet,76007,2026-05-17T21:41:02.057000+00:00,9cdf43f45555eb4e84c0da9dfbbc77eb
2021-06-14,2021-06-14--data_01c46fd3-0308-fb38-0042-fa07089c0a96_507_6_0.snappy.parquet,59473,2026-05-17T21:40:43.554000+00:00,9ddd1c0030c60f778656ef110da38be2
2021-06-15,2021-06-15--data_01c46fd3-0308-fb38-0042-fa07089c0a96_107_4_0.snappy.parquet,141580,2026-05-17T21:40:34.886000+00:00,366edbfbe7071d9ceaa064b3d3d95336
2021-06-16,2021-06-16--data_01c46fd3-0308-fb38-0042-fa07089c0a96_207_0_0.snappy.parquet,141481,2026-05-17T21:40:33.556000+00:00,62eeec14b3d94d4ad9c7de3cc0ec175e
2021-06-17,2021-06-17--data_01c46fd3-0308-fb38-0042-fa07089c0a96_607_0_0.snappy.parquet,59975,2026-05-17T21:40:50.280000+00:00,a8a155cf8969178f8adf1f63128b1727
2021-06-18,2021-06-18--data_01c46fd3-0308-fb38-0042-fa07089c0a96_307_4_0.snappy.parquet,109170,2026-05-17T21:40:25.423000+00:00,d05bc74e9bc8c94dab1650a7b5f25b02
2021-06-19,2021-06-19--data_01c46fd3-0308-fb38-0042-fa07089c0a96_307_0_0.snappy.parquet,127727,2026-05-17T21:40:51.292000+00:00,0b08aa8ca07d82929169be2e1a55835f
2021-06-20,2021-06-20--data_01c46fd3-0308-fb38-0042-fa07089c0a96_007_6_0.snappy.parquet,7858372,2026-05-17T21:40:59.509000+00:00,7ad836947737ca6e50338cb92519e514
2021-06-21,2021-06-21--data_01c46fd3-0308-fb38-0042-fa07089c0a96_707_6_0.snappy.parquet,119440,2026-05-17T21:40:48.168000+00:00,15c36e744df289afed4f43a1b411f71b
2021-06-22,2021-06-22--data_01c46fd3-0308-fb38-0042-fa07089c0a96_407_4_0.snappy.parquet,61827,2026-05-17T21:40:39.008000+00:00,24a6f882cfad2eed846063f42a30ae40
2021-06-23,2021-06-23--data_01c46fd3-0308-fb38-0042-fa07089c0a96_307_4_0.snappy.parquet,72125,2026-05-17T21:40:54.584000+00:00,aebc9a9d29ab5d763967e88843631e90
2021-06-24,2021-06-24--data_01c46fd3-0308-fb38-0042-fa07089c0a96_607_2_0.snappy.parquet,132389,2026-05-17T21:40:50.818000+00:00,089700ad2412b2eb1561af82ffc324aa
2021-06-25,2021-06-25--data_01c46fd3-0308-fb38-0042-fa07089c0a96_207_0_0.snappy.parquet,113691,2026-05-17T21:40:52.086000+00:00,dde68ae42e1b4ef756b148b075d0e56f
2021-06-26,2021-06-26--data_01c46fd3-0308-fb38-0042-fa07089c0a96_607_0_0.snappy.parquet,144001,2026-05-17T21:40:46.434000+00:00,2d57812e01aad744c032145a538b9d26
2021-06-27,2021-06-27--data_01c46fd3-0308-fb38-0042-fa07089c0a96_107_0_0.snappy.parquet,144683,2026-05-17T21:40:42.061000+00:00,934f6a7525ecfed1de8c55cd28630f6c
2021-06-28,2021-06-28--data_01c46fd3-0308-fb38-0042-fa07089c0a96_507_6_0.snappy.parquet,147001,2026-05-17T21:40:40.526000+00:00,a8c56a9cf49f5297f0e678ad1d067a51
2021-06-29,2021-06-29--data_01c46fd3-0308-fb38-0042-fa07089c0a96_207_0_0.snappy.parquet,75914,2026-05-17T21:40:42.039000+00:00,2ae32b3e77e8042a96b0414af81fe8a1
2021-06-30,2021-06-30--data_01c46fd3-0308-fb38-0042-fa07089c0a96_107_4_0.snappy.parquet,75312,2026-05-17T21:40:31.228000+00:00,f5598018659b815ec8a79502c34d326b
2021-07-01,2021-07-01--data_01c46fd3-0308-fb38-0042-fa07089c0a96_207_2_0.snappy.parquet,63177,2026-05-17T21:40:25.911000+00:00,e6cf764dbc72c7b6c72ef00016b978cd
2021-07-02,2021-07-02--data_01c46fd3-0308-fb38-0042-fa07089c0a96_607_2_0.snappy.parquet,145906,2026-05-17T21:41:02.969000+00:00,1e5c69359fcea0ba92e69946f3ed1cc9
2021-07-03,2021-07-03--data_01c46fd3-0308-fb38-0042-fa07089c0a96_407_4_0.snappy.parquet,65702,2026-05-17T21:40:23.966000+00:00,c76a48acd5cdeb381820bed848b81b9b
2021-07-04,2021-07-04--data_01c46fd3-0308-fb38-0042-fa07089c0a96_007_2_0.snappy.parquet,109590,2026-05-17T21:40:28.313000+00:00,a89d10f597359ba7e39198b33838c529
2021-07-05,2021-07-05--data_01c46fd3-0308-fb38-0042-fa07089c0a96_707_4_0.snappy.parquet,6429163,2026-05-17T21:40:34.773000+00:00,8843e53851b50f6ef6fb3931ab639054
2021-07-06,2021-07-06--data_01c46fd3-0308-fb38-0042-fa07089c0a96_407_0_0.snappy.parquet,69252,2026-05-17T21:40:26.827000+00:00,142784c3e0de4fb1f633103723b398f7
2021-07-07,2021-07-07--data_01c46fd3-0308-fb38-0042-fa07089c0a96_007_2_0.snappy.parquet,103083,2026-05-17T21:40:48.616000+00:00,5c654795d6ee0f4ae44c107004588e7b
2021-07-08,2021-07-08--data_01c46fd3-0308-fb38-0042-fa07089c0a96_707_6_0.snappy.parquet,107680,2026-05-17T21:40:54.569000+00:00,a08ee203f20414bd5e22dcf78af28584
2021-07-09,2021-07-09--data_01c46fd3-0308-fb38-0042-fa07089c0a96_307_0_0.snappy.parquet,59317,2026-05-17T21:40:50.974000+00:00,77bedc81a9c6e8c93d68b6e706f6b4cc
2021-07-10,2021-07-10--data_01c46fd3-0308-fb38-0042-fa07089c0a96_707_6_0.snappy.parquet,66834,2026-05-17T21:40:37.226000+00:00,3dc8bc7743e9eb536f6c04564d0efc73
2021-07-11,2021-07-11--data_01c46fd3-0308-fb38-0042-fa07089c0a96_407_4_0.snappy.parquet,141445,2026-05-17T21:40:33.714000+00:00,47b89d5788449b77494183a61ff6096b
2021-07-12,2021-07-12--data_01c46fd3-0308-fb38-0042-fa07089c0a96_607_6_0.snappy.parquet,148493,2026-05-17T21:40:32.239000+00:00,061867f3a4080478b8455c3f94ccfba9
2021-07-13,2021-07-13--data_01c46fd3-0308-fb38-0042-fa07089c0a96_207_0_0.snappy.parquet,70046,2026-05-17T21:41:05.056000+00:00,b23418283baea933b55d887648e0ab64
2021-07-14,2021-07-14--data_01c46fd3-0308-fb38-0042-fa07089c0a96_107_2_0.snappy.parquet,71179,2026-05-17T21:40:26.074000+00:00,011ca0757902cd83e2f23f1cc7138cf1
2021-07-15,2021-07-15--data_01c46fd3-0308-fb38-0042-fa07089c0a96_707_0_0.snappy.parquet,155273,2026-05-17T21:40:32.688000+00:00,5d6e5baa1bac2b33e1164c7f8aeb95a8
2021-07-16,2021-07-16--data_01c46fd3-0308-fb38-0042-fa07089c0a96_607_2_0.snappy.parquet,154825,2026-05-17T21:40:43.011000+00:00,cbad9dd93d9dee8455f058bb282c21b2
2021-07-17,2021-07-17--data_01c46fd3-0308-fb38-0042-fa07089c0a96_507_0_0.snappy.parquet,7012520,2026-05-17T21:40:43.528000+00:00,2adc70c1ee4bc0d1b2a4a7b88a99540b
2021-07-18,2021-07-18--data_01c46fd3-0308-fb38-0042-fa07089c0a96_207_2_0.snappy.parquet,128405,2026-05-17T21:40:43.429000+00:00,4e42c4cd456ea0d8ea45d8e1d1eb32dc
2021-07-19,2021-07-19--data_01c46fd3-0308-fb38-0042-fa07089c0a96_607_2_0.snappy.parquet,57452,2026-05-17T21:40:32.734000+00:00,1e6729de8add96cbfea7a9a016250d96
2021-07-20,2021-07-20--data_01c46fd3-0308-fb38-0042-fa07089c0a96_707_4_0.snappy.parquet,93918,2026-05-17T21:40:45.075000+00:00,af790f83271c3f610e7bccd83fe1bfe0
2021-07-21,2021-07-21--data_01c46fd3-0308-fb38-0042-fa07089c0a96_407_6_0.snappy.parquet,147149,2026-05-17T21:40:43.683000+00:00,02f4d071e88ef0b8aebafce9fe742309
2021-07-22,2021-07-22--data_01c46fd3-0308-fb38-0042-fa07089c0a96_307_4_0.snappy.parquet,108625,2026-05-17T21:40:35.609000+00:00,608127d313f2394ddf43ac52ac17bb0c
2021-07-23,2021-07-23--data_01c46fd3-0308-fb38-0042-fa07089c0a96_307_2_0.snappy.parquet,112900,2026-05-17T21:40:45.518000+00:00,817caecf350b7e4566e9e46d32cece58
2021-07-24,2021-07-24--data_01c46fd3-0308-fb38-0042-fa07089c0a96_407_2_0.snappy.parquet,157293,2026-05-17T21:40:38.415000+00:00,dda37856a4215ac8cd21780e494f6f48
2021-07-25,2021-07-25--data_01c46fd3-0308-fb38-0042-fa07089c0a96_607_6_0.snappy.parquet,114296,2026-05-17T21:40:58.716000+00:00,9a24ed0a2767418be62df197e65edcec
2021-07-26,2021-07-26--data_01c46fd3-0308-fb38-0042-fa07089c0a96_207_6_0.snappy.parquet,72780,2026-05-17T21:40:36.880000+00:00,42364898f84f476a1b0a269a1b8212e1
2021-07-27,2021-07-27--data_01c46fd3-0308-fb38-0042-fa07089c0a96_607_2_0.snappy.parquet,72915,2026-05-17T21:40:33.133000+00:00,49432a5a56f2560517af303565fe3ac2
2021-07-28,2021-07-28--data_01c46fd3-0308-fb38-0042-fa07089c0a96_307_0_0.snappy.parquet,73897,2026-05-17T21:40:30.122000+00:00,610484e3c9dc2a729908ce52cf23bdad
2021-07-29,2021-07-29--data_01c46fd3-0308-fb38-0042-fa07089c0a96_607_6_0.snappy.parquet,63248,2026-05-17T21:40:51.172000+00:00,d4aeecac1ad3c57f13b3ed3a8c46b08f
2021-07-30,2021-07-30--data_01c46fd3-0308-fb38-0042-fa07089c0a96_507_4_0.snappy.parquet,72776,2026-05-17T21:40:28.199000+00:00,c384ea04ec373ea017d2642bb83e4d27
2021-07-31,2021-07-31--data_01c46fd3-0308-fb38-0042-fa07089c0a96_207_4_0.snappy.parquet,113284,2026-05-17T21:40:27.609000+00:00,f3a6cacd6d7a7845b9c2da7dd848cd15
2021-08-01,2021-08-01--data_01c46fd3-0308-fb38-0042-fa07089c0a96_207_2_0.snappy.parquet,96989,2026-05-17T21:40:45.317000+00:00,b1b1507b96126510c4b0f93b3484d224
2021-08-02,2021-08-02--data_01c46fd3-0308-fb38-0042-fa07089c0a96_607_4_0.snappy.parquet,163232,2026-05-17T21:40:35.931000+00:00,a600b5756e693d5d32de4a63ca69de8e
2021-08-03,2021-08-03--data_01c46fd3-0308-fb38-0042-fa07089c0a96_007_4_0.snappy.parquet,70391,2026-05-17T21:40:35.055000+00:00,7bfab46b93047bce6749c142f90a9221
2021-08-04,2021-08-04--data_01c46fd3-0308-fb38-0042-fa07089c0a96_407_0_0.snappy.parquet,69488,2026-05-17T21:40:46.658000+00:00,3c43c81211a1a9910519ef2a29aa9b84
2021-08-05,2021-08-05--data_01c46fd3-0308-fb38-0042-fa07089c0a96_307_0_0.snappy.parquet,96836,2026-05-17T21:40:39.313000+00:00,09d55c9a077c1221caf6d02cf5d78e2f
2021-08-06,2021-08-06--data_01c46fd3-0308-fb38-0042-fa07089c0a96_207_4_0.snappy.parquet,65798,2026-05-17T21:40:34.895000+00:00,93990e097e632f9969424e4f7b63498f
2021-08-07,2021-08-07--data_01c46fd3-0308-fb38-0042-fa07089c0a96_707_4_0.snappy.parquet,105685,2026-05-17T21:40:55.964000+00:00,6d2c705014f776655ad6637b6077410f
2021-08-08,2021-08-08--data_01c46fd3-0308-fb38-0042-fa07089c0a96_207_6_0.snappy.parquet,5639312,2026-05-17T21:40:29.189000+00:00,9a9aca2006661071348970b121488801
2021-08-09,2021-08-09--data_01c46fd3-0308-fb38-0042-fa07089c0a96_407_6_0.snappy.parquet,63757,2026-05-17T21:40:45.886000+00:00,f7982d7cf586ee06bb4a13cc835e91ba
2021-08-10,2021-08-10--data_01c46fd3-0308-fb38-0042-fa07089c0a96_007_6_0.snappy.parquet,63361,2026-05-17T21:40:58.372000+00:00,8155e4ec62d96ca726b1cc822c0bc18a
2021-08-11,2021-08-11--data_01c46fd3-0308-fb38-0042-fa07089c0a96_707_4_0.snappy.parquet,98980,2026-05-17T21:40:32.229000+00:00,bb5a0cd3ed42ea087ebc2bfb76ac00f9
2021-08-12,2021-08-12--data_01c46fd3-0308-fb38-0042-fa07089c0a96_007_2_0.snappy.parquet,161440,2026-05-17T21:40:37.857000+00:00,c85f107c073ccf435427e3b2e1f3bdb4
2021-08-13,2021-08-13--data_01c46fd3-0308-fb38-0042-fa07089c0a96_207_6_0.snappy.parquet,161192,2026-05-17T21:40:30.350000+00:00,6f5d3cb93411264d52503ac3c032a116
2021-08-14,2021-08-14--data_01c46fd3-0308-fb38-0042-fa07089c0a96_707_2_0.snappy.parquet,119618,2026-05-17T21:40:31.051000+00:00,641fd98c0473f4bb4bb8389a98742e0c
2021-08-15,2021-08-15--data_01c46fd3-0308-fb38-0042-fa07089c0a96_707_0_0.snappy.parquet,160237,2026-05-17T21:40:34.675000+00:00,f1aef57b2f7c3e1cfe9e5aecca41caaa
2021-08-16,2021-08-16--data_01c46fd3-0308-fb38-0042-fa07089c0a96_207_6_0.snappy.parquet,72867,2026-05-17T21:40:26.412000+00:00,a978b2ae4c7162c3b824b69f1c2e36f9
2021-08-17,2021-08-17--data_01c46fd3-0308-fb38-0042-fa07089c0a96_307_0_0.snappy.parquet,67201,2026-05-17T21:40:35.049000+00:00,7dbb352b50e095a37fb297ee2ee9eed8
2021-08-18,2021-08-18--data_01c46fd3-0308-fb38-0042-fa07089c0a96_507_6_0.snappy.parquet,103124,2026-05-17T21:40:35.286000+00:00,9c1357e7948c8c8a1dd4970c2a3618ed
2021-08-19,2021-08-19--data_01c46fd3-0308-fb38-0042-fa07089c0a96_407_0_0.snappy.parquet,65922,2026-05-17T21:40:33.327000+00:00,97d9fb38710a10fce6be0465b0abe3ef
2021-08-20,2021-08-20--data_01c46fd3-0308-fb38-0042-fa07089c0a96_207_2_0.snappy.parquet,67193,2026-05-17T21:40:31.848000+00:00,b0d36f42bea04f924fe26135ce8ed89a
2021-08-21,2021-08-21--data_01c46fd3-0308-fb38-0042-fa07089c0a96_407_2_0.snappy.parquet,57207,2026-05-17T21:40:50.880000+00:00,f2e8d5ba36845f0d4e646869fb36b5ff
2021-08-22,2021-08-22--data_01c46fd3-0308-fb38-0042-fa07089c0a96_107_2_0.snappy.parquet,6035464,2026-05-17T21:41:03.974000+00:00,c3974eba9fe48cc9974bdcd41375adea
2021-08-23,2021-08-23--data_01c46fd3-0308-fb38-0042-fa07089c0a96_207_4_0.snappy.parquet,85256,2026-05-17T21:40:27.286000+00:00,ca53c24bca0073d9472a68f3bbe0de8e
2021-08-24,2021-08-24--data_01c46fd3-0308-fb38-0042-fa07089c0a96_607_0_0.snappy.parquet,90563,2026-05-17T21:40:49.283000+00:00,09ce9bf085ca98c80823df1ef5d5ffa5
2021-08-25,2021-08-25--data_01c46fd3-0308-fb38-0042-fa07089c0a96_707_4_0.snappy.parquet,59541,2026-05-17T21:40:24.122000+00:00,62e3eb8269605fc272c6898473302da3
2021-08-26,2021-08-26--data_01c46fd3-0308-fb38-0042-fa07089c0a96_107_0_0.snappy.parquet,54750,2026-05-17T21:40:32.047000+00:00,5f53ec5981e6f6bad1283ea3b7b20c60
2021-08-27,2021-08-27--data_01c46fd3-0308-fb38-0042-fa07089c0a96_407_2_0.snappy.parquet,61874,2026-05-17T21:40:30.475000+00:00,4d4d841e638d7ccf5f7406633b99e347
2021-08-28,2021-08-28--data_01c46fd3-0308-fb38-0042-fa07089c0a96_107_2_0.snappy.parquet,96817,2026-05-17T21:40:40.727000+00:00,2ed73ecb5beb8d1d7427e2b586cd7a90
2021-08-30,2021-08-30--data_01c46fd3-0308-fb38-0042-fa07089c0a96_607_0_0.snappy.parquet,162725,2026-05-17T21:40:30.114000+00:00,b9969246946fd9f9de716fdf799e150d
2021-08-31,2021-08-31--data_01c46fd3-0308-fb38-0042-fa07089c0a96_207_0_0.snappy.parquet,67494,2026-05-17T21:40:58.754000+00:00,dd66876ef6ed5efe99e8b8c909583f14
2021-09-01,2021-09-01--data_01c46fd3-0308-fb38-0042-fa07089c0a96_107_4_0.snappy.parquet,62506,2026-05-17T21:40:46.403000+00:00,d3ebc5dfbf546eab515fd9419010dc2d
2021-09-02,2021-09-02--data_01c46fd3-0308-fb38-0042-fa07089c0a96_407_0_0.snappy.parquet,59825,2026-05-17T21:40:54.115000+00:00,b4edb83476fb74094f0b527b7f090dc4
2021-09-03,2021-09-03--data_01c46fd3-0308-fb38-0042-fa07089c0a96_007_0_0.snappy.parquet,66047,2026-05-17T21:40:44.924000+00:00,754afc92d3249111d9cd25b608cdcc67
2021-09-04,2021-09-04--data_01c46fd3-0308-fb38-0042-fa07089c0a96_107_0_0.snappy.parquet,67310,2026-05-17T21:40:42.446000+00:00,704c78d82bb5937f2b21eb27ab13694d
2021-09-05,2021-09-05--data_01c46fd3-0308-fb38-0042-fa07089c0a96_007_0_0.snappy.parquet,5519608,2026-05-17T21:40:25.273000+00:00,465569172a908cee69f559dc4f658e56
2021-09-06,2021-09-06--data_01c46fd3-0308-fb38-0042-fa07089c0a96_707_6_0.snappy.parquet,96284,2026-05-17T21:40:40.112000+00:00,5364903f6aa0098a262e18f9a33bc022
2021-09-07,2021-09-07--data_01c46fd3-0308-fb38-0042-fa07089c0a96_607_0_0.snappy.parquet,86214,2026-05-17T21:40:33.475000+00:00,1a4c59db662d6f4875b9155c5566b596
2021-09-08,2021-09-08--data_01c46fd3-0308-fb38-0042-fa07089c0a96_507_2_0.snappy.parquet,100587,2026-05-17T21:40:37.294000+00:00,443330985ffd1f893e229682ec49a907
2021-09-09,2021-09-09--data_01c46fd3-0308-fb38-0042-fa07089c0a96_207_6_0.snappy.parquet,96760,2026-05-17T21:40:29.990000+00:00,7976e4865a8841188340a37426f9149d
2021-09-10,2021-09-10--data_01c46fd3-0308-fb38-0042-fa07089c0a96_107_4_0.snappy.parquet,106596,2026-05-17T21:40:38.547000+00:00,30e94830130e67bd8ab11e936e9b19af
2021-09-11,2021-09-11--data_01c46fd3-0308-fb38-0042-fa07089c0a96_007_0_0.snappy.parquet,101242,2026-05-17T21:40:27.070000+00:00,3265053ec8c861ebdd93984da17a2ca3
2021-09-12,2021-09-12--data_01c46fd3-0308-fb38-0042-fa07089c0a96_707_2_0.snappy.parquet,94127,2026-05-17T21:41:02.559000+00:00,22593aa4cc40aef21dff49ef0c8f3d45
2021-09-13,2021-09-13--data_01c46fd3-0308-fb38-0042-fa07089c0a96_407_2_0.snappy.parquet,92386,2026-05-17T21:41:04.929000+00:00,834326b7ed463667edffb5190b129356
2021-09-15,2021-09-15--data_01c46fd3-0308-fb38-0042-fa07089c0a96_307_0_0.snappy.parquet,91110,2026-05-17T21:40:47.023000+00:00,ca5e0a6589e9fc194da93be62eddf048
2021-09-16,2021-09-16--data_01c46fd3-0308-fb38-0042-fa07089c0a96_407_0_0.snappy.parquet,63995,2026-05-17T21:41:05.463000+00:00,8ef74a3d764d802ad91c101f9127a580
2021-09-17,2021-09-17--data_01c46fd3-0308-fb38-0042-fa07089c0a96_207_4_0.snappy.parquet,70472,2026-05-17T21:40:28.554000+00:00,fb3bcbd7926b461ceb2c91cbe2c06fbd
2021-09-18,2021-09-18--data_01c46fd3-0308-fb38-0042-fa07089c0a96_607_2_0.snappy.parquet,60471,2026-05-17T21:40:33.004000+00:00,2c16af6486fd28137878d0f5b3888854
2021-09-19,2021-09-19--data_01c46fd3-0308-fb38-0042-fa07089c0a96_407_6_0.snappy.parquet,64356,2026-05-17T21:40:33.894000+00:00,a3309b23cb344715fde33ace89a6dc05
2021-09-20,2021-09-20--data_01c46fd3-0308-fb38-0042-fa07089c0a96_707_0_0.snappy.parquet,62513,2026-05-17T21:40:24.359000+00:00,51dfa16efa855c78acc0ef4c7a1a4342
2021-09-21,2021-09-21--data_01c46fd3-0308-fb38-0042-fa07089c0a96_107_0_0.snappy.parquet,67479,2026-05-17T21:40:27.035000+00:00,9f6114ec784f7fe0f19dc1a5d24379d0
2021-09-22,2021-09-22--data_01c46fd3-0308-fb38-0042-fa07089c0a96_407_6_0.snappy.parquet,94931,2026-05-17T21:40:37.725000+00:00,96e95a6f8ab3758d719b9a833527ef1c
2021-09-23,2021-09-23--data_01c46fd3-0308-fb38-0042-fa07089c0a96_607_0_0.snappy.parquet,69068,2026-05-17T21:40:36.006000+00:00,e8ca38232b5958a1d7343d1a0d4f6fd0
2021-09-24,2021-09-24--data_01c46fd3-0308-fb38-0042-fa07089c0a96_407_4_0.snappy.parquet,6411581,2026-05-17T21:40:35.735000+00:00,651b7c47c6fc05d257967c233ce3ba65
2021-09-25,2021-09-25--data_01c46fd3-0308-fb38-0042-fa07089c0a96_707_6_0.snappy.parquet,64696,2026-05-17T21:40:31.748000+00:00,1d30fb4a0668353269f57f046033df42
2021-09-26,2021-09-26--data_01c46fd3-0308-fb38-0042-fa07089c0a96_107_4_0.snappy.parquet,59820,2026-05-17T21:40:44.825000+00:00,2ffd7dfeb3bcbf6887aa19cd898389ce
2021-09-27,2021-09-27--data_01c46fd3-0308-fb38-0042-fa07089c0a96_407_2_0.snappy.parquet,57770,2026-05-17T21:40:43.459000+00:00,0e1d2064bfaf5496157df2327e4e3abd
2021-09-28,2021-09-28--data_01c46fd3-0308-fb38-0042-fa07089c0a96_207_4_0.snappy.parquet,75561,2026-05-17T21:40:33.826000+00:00,7632d20114ba5b6ede476066983981d9
2021-09-30,2021-09-30--data_01c46fd3-0308-fb38-0042-fa07089c0a96_207_0_0.snappy.parquet,66482,2026-05-17T21:40:39.090000+00:00,9e067f0db8aa269c292239d25b8b9d60
2021-10-01,2021-10-01--data_01c46fd3-0308-fb38-0042-fa07089c0a96_107_4_0.snappy.parquet,68042,2026-05-17T21:40:44.695000+00:00,e48a9813392262dba6af84c3a1be5f7b
2021-10-02,2021-10-02--data_01c46fd3-0308-fb38-0042-fa07089c0a96_707_2_0.snappy.parquet,61612,2026-05-17T21:41:00.065000+00:00,68973c6a58e1491d6d7f4d79a6b117ab
2021-10-03,2021-10-03--data_01c46fd3-0308-fb38-0042-fa07089c0a96_307_4_0.snappy.parquet,68675,2026-05-17T21:40:30.959000+00:00,9ed4f203f7486e78950333cc8c59f00d
2021-10-04,2021-10-04--data_01c46fd3-0308-fb38-0042-fa07089c0a96_307_2_0.snappy.parquet,65100,2026-05-17T21:40:55.602000+00:00,0776d806d89ec70f12b5bedafdd94894
2021-10-05,2021-10-05--data_01c46fd3-0308-fb38-0042-fa07089c0a96_007_4_0.snappy.parquet,6258076,2026-05-17T21:40:47.549000+00:00,4c7ceadc792701092872d78036966d31
2021-10-06,2021-10-06--data_01c46fd3-0308-fb38-0042-fa07089c0a96_607_4_0.snappy.parquet,73250,2026-05-17T21:40:36.062000+00:00,355e64c24ebcda32531b849d09955137
2021-10-07,2021-10-07--data_01c46fd3-0308-fb38-0042-fa07089c0a96_207_4_0.snappy.parquet,72852,2026-05-17T21:40:46.985000+00:00,4921811cbb88d8b1868df34573874ac8
2021-10-08,2021-10-08--data_01c46fd3-0308-fb38-0042-fa07089c0a96_407_4_0.snappy.parquet,62808,2026-05-17T21:40:42.871000+00:00,b7b94fd301f226cb4a0967d28da2ee2a
2021-10-09,2021-10-09--data_01c46fd3-0308-fb38-0042-fa07089c0a96_707_6_0.snappy.parquet,71999,2026-05-17T21:40:49.018000+00:00,313f9b347df69dff4fefc30192e0f30f
2021-10-10,2021-10-10--data_01c46fd3-0308-fb38-0042-fa07089c0a96_507_2_0.snappy.parquet,62943,2026-05-17T21:40:36.090000+00:00,0d5b22d0b78f792d670eb59da050326f
2021-10-11,2021-10-11--data_01c46fd3-0308-fb38-0042-fa07089c0a96_107_6_0.snappy.parquet,67936,2026-05-17T21:41:02.107000+00:00,a4515d2bf71206ddf117244bd64eeab3
2021-10-12,2021-10-12--data_01c46fd3-0308-fb38-0042-fa07089c0a96_507_6_0.snappy.parquet,63963,2026-05-17T21:40:42.595000+00:00,13aec14d5fc7feab1172d31602eb0d0a
2021-10-13,2021-10-13--data_01c46fd3-0308-fb38-0042-fa07089c0a96_007_6_0.snappy.parquet,63312,2026-05-17T21:40:50.911000+00:00,73b269688a19f75e507dbbd070c51409
2021-10-14,2021-10-14--data_01c46fd3-0308-fb38-0042-fa07089c0a96_307_4_0.snappy.parquet,67192,2026-05-17T21:40:34.448000+00:00,187e2f4e5e3aeacbee5c36e60e94dec1
2021-10-15,2021-10-15--data_01c46fd3-0308-fb38-0042-fa07089c0a96_107_2_0.snappy.parquet,55602,2026-05-17T21:40:36.485000+00:00,72083512c4bbb4581b13250089184c90
2021-10-16,2021-10-16--data_01c46fd3-0308-fb38-0042-fa07089c0a96_407_4_0.snappy.parquet,57290,2026-05-17T21:40:40.507000+00:00,0c957c8e9ac670f66f95f2dd9121e81b
2021-10-17,2021-10-17--data_01c46fd3-0308-fb38-0042-fa07089c0a96_007_6_0.snappy.parquet,60950,2026-05-17T21:40:52.254000+00:00,b7e93bfeec1195cc5ae6e39cc7c02dda
2021-10-18,2021-10-18--data_01c46fd3-0308-fb38-0042-fa07089c0a96_507_2_0.snappy.parquet,62008,2026-05-17T21:40:59.652000+00:00,e6bfce29a3a45f4bf2df7516c54a2a3e
2021-10-19,2021-10-19--data_01c46fd3-0308-fb38-0042-fa07089c0a96_607_2_0.snappy.parquet,5789902,2026-05-17T21:40:32.469000+00:00,6e046994f076165472e6c87f096d37f6
2021-10-20,2021-10-20--data_01c46fd3-0308-fb38-0042-fa07089c0a96_207_6_0.snappy.parquet,5982945,2026-05-17T21:40:29.486000+00:00,08c5078acea680f533edf687399c1e56
2021-10-21,2021-10-21--data_01c46fd3-0308-fb38-0042-fa07089c0a96_607_4_0.snappy.parquet,60589,2026-05-17T21:40:35.591000+00:00,2100e37c675c83fb7d4405a576737a05
2021-10-22,2021-10-22--data_01c46fd3-0308-fb38-0042-fa07089c0a96_407_2_0.snappy.parquet,74155,2026-05-17T21:40:23.948000+00:00,e8aa59c29d414286dea1f54035ba6405
2021-10-23,2021-10-23--data_01c46fd3-0308-fb38-0042-fa07089c0a96_507_0_0.snappy.parquet,60041,2026-05-17T21:40:50.409000+00:00,31fc4184a0c353effc74503259f7a7b0
2021-10-24,2021-10-24--data_01c46fd3-0308-fb38-0042-fa07089c0a96_407_2_0.snappy.parquet,64158,2026-05-17T21:40:56.485000+00:00,a4173f1959f185fef386bdf4142b7dae
2021-10-25,2021-10-25--data_01c46fd3-0308-fb38-0042-fa07089c0a96_207_2_0.snappy.parquet,64514,2026-05-17T21:40:33.210000+00:00,a9b8938e301b86afb1652b91a650c499
2021-10-26,2021-10-26--data_01c46fd3-0308-fb38-0042-fa07089c0a96_607_0_0.snappy.parquet,55690,2026-05-17T21:40:39.689000+00:00,ce958515782dff5a3f9223a4fce5d785
2021-10-27,2021-10-27--data_01c46fd3-0308-fb38-0042-fa07089c0a96_207_0_0.snappy.parquet,63003,2026-05-17T21:40:57.864000+00:00,61fb020fcad3445a69624b33cd620b9b
2021-10-28,2021-10-28--data_01c46fd3-0308-fb38-0042-fa07089c0a96_707_2_0.snappy.parquet,62909,2026-05-17T21:40:46.714000+00:00,7e34650ed74f8cd36e0925dda6233935
2021-10-29,2021-10-29--data_01c46fd3-0308-fb38-0042-fa07089c0a96_107_4_0.snappy.parquet,61723,2026-05-17T21:40:33.082000+00:00,f039094eaefe8f7dac3799eab2069856
2021-10-30,2021-10-30--data_01c46fd3-0308-fb38-0042-fa07089c0a96_507_2_0.snappy.parquet,66418,2026-05-17T21:40:25.292000+00:00,863adf81df0c86574e5b1eaf63658eec
2021-10-31,2021-10-31--data_01c46fd3-0308-fb38-0042-fa07089c0a96_607_6_0.snappy.parquet,59597,2026-05-17T21:40:43.229000+00:00,752ce75f58a73d1e777a7fef6ce15793
2021-11-01,2021-11-01--data_01c46fd3-0308-fb38-0042-fa07089c0a96_307_2_0.snappy.parquet,60673,2026-05-17T21:40:31.317000+00:00,624ab9bcc56881c4bf559dba5cd5c7cd
2021-11-02,2021-11-02--data_01c46fd3-0308-fb38-0042-fa07089c0a96_207_6_0.snappy.parquet,55303,2026-05-17T21:40:27.935000+00:00,d80380320f77e56fe2a707ba4c2cd11f
2021-11-03,2021-11-03--data_01c46fd3-0308-fb38-0042-fa07089c0a96_507_4_0.snappy.parquet,56861,2026-05-17T21:40:37.109000+00:00,896d1aebe289d1b0bca2b1251cfeebbc
2021-11-04,2021-11-04--data_01c46fd3-0308-fb38-0042-fa07089c0a96_307_4_0.snappy.parquet,53183,2026-05-17T21:40:31.216000+00:00,5b42827597ee942f3f74798240d14d80
2021-11-05,2021-11-05--data_01c46fd3-0308-fb38-0042-fa07089c0a96_707_2_0.snappy.parquet,60955,2026-05-17T21:40:30.889000+00:00,88a4eca8bee268247d3a8c507128efaa
2021-11-06,2021-11-06--data_01c46fd3-0308-fb38-0042-fa07089c0a96_307_2_0.snappy.parquet,2836123,2026-05-17T21:40:29.423000+00:00,4c4e6354b9f94dc77d01e6f338c0e732
2021-11-07,2021-11-07--data_01c46fd3-0308-fb38-0042-fa07089c0a96_307_6_0.snappy.parquet,4796237,2026-05-17T21:41:19.794000+00:00,853f4ca78e8266d7128df83c9b37d986
2021-11-09,2021-11-09--data_01c46fd3-0308-fb38-0042-fa07089c0a96_207_4_0.snappy.parquet,54661,2026-05-17T21:40:52.279000+00:00,01f13c4b07527c30cf40b71e9f9f37b6
2021-11-10,2021-11-10--data_01c46fd3-0308-fb38-0042-fa07089c0a96_707_6_0.snappy.parquet,188225,2026-05-17T21:40:40.808000+00:00,0733dfc7e50e98c639e0499c829d4720
2021-11-11,2021-11-11--data_01c46fd3-0308-fb38-0042-fa07089c0a96_607_2_0.snappy.parquet,72354,2026-05-17T21:40:43.144000+00:00,ec47b2baa2c5a0510d775985d36f19f3
2021-11-12,2021-11-12--data_01c46fd3-0308-fb38-0042-fa07089c0a96_607_0_0.snappy.parquet,39323,2026-05-17T21:40:39.528000+00:00,27e82d1f2b1e40c0dc7807c7aa5d82db
2021-11-13,2021-11-13--data_01c46fd3-0308-fb38-0042-fa07089c0a96_607_0_0.snappy.parquet,68518,2026-05-17T21:40:26.174000+00:00,891a44489f4391419d063687b35d071a
2021-11-14,2021-11-14--data_01c46fd3-0308-fb38-0042-fa07089c0a96_307_2_0.snappy.parquet,77354,2026-05-17T21:40:53.968000+00:00,6254b4ceb438dafb1002f10553df4495
2021-11-15,2021-11-15--data_01c46fd3-0308-fb38-0042-fa07089c0a96_407_4_0.snappy.parquet,83421,2026-05-17T21:40:38.757000+00:00,4d83e88a9a87f1aedc0d577630076349
2021-11-16,2021-11-16--data_01c46fd3-0308-fb38-0042-fa07089c0a96_607_4_0.snappy.parquet,189914,2026-05-17T21:40:34.966000+00:00,64d38aa4016e47550efd04c90ed4380e
2021-11-17,2021-11-17--data_01c46fd3-0308-fb38-0042-fa07089c0a96_407_0_0.snappy.parquet,190222,2026-05-17T21:40:47.234000+00:00,3196fd3a31926049cedf7a6b8080a57d
2021-11-18,2021-11-18--data_01c46fd3-0308-fb38-0042-fa07089c0a96_407_2_0.snappy.parquet,193246,2026-05-17T21:40:45.337000+00:00,b9de8935db90b87cbeb60e0a02e24dcd
2021-11-19,2021-11-19--data_01c46fd3-0308-fb38-0042-fa07089c0a96_507_6_0.snappy.parquet,100606,2026-05-17T21:40:41.409000+00:00,8be5b23cb3470b9382368a805e08f742
2021-11-20,2021-11-20--data_01c46fd3-0308-fb38-0042-fa07089c0a96_307_6_0.snappy.parquet,69859,2026-05-17T21:40:30.373000+00:00,ece5764a443618f69ff0a2a8f347b335
2021-11-21,2021-11-21--data_01c46fd3-0308-fb38-0042-fa07089c0a96_007_4_0.snappy.parquet,71805,2026-05-17T21:40:35.868000+00:00,64bfafa05dc1d1d0c4ce0d5f239b1045
2021-11-22,2021-11-22--data_01c46fd3-0308-fb38-0042-fa07089c0a96_407_2_0.snappy.parquet,79479,2026-05-17T21:40:38.342000+00:00,e882328e05608c81c4670c98f678f8b2
2021-11-23,2021-11-23--data_01c46fd3-0308-fb38-0042-fa07089c0a96_607_6_0.snappy.parquet,55553,2026-05-17T21:40:36.427000+00:00,43a4e818809515ea2323d55af5f3072d
2021-11-24,2021-11-24--data_01c46fd3-0308-fb38-0042-fa07089c0a96_307_4_0.snappy.parquet,101940,2026-05-17T21:40:31.354000+00:00,c00e37dd70e88dcf646759fd6ca1267a
2021-11-25,2021-11-25--data_01c46fd3-0308-fb38-0042-fa07089c0a96_607_0_0.snappy.parquet,51118,2026-05-17T21:40:44.033000+00:00,ee9cf55b9412e00f80ab9d3efc2da6c1
2021-11-26,2021-11-26--data_01c46fd3-0308-fb38-0042-fa07089c0a96_207_0_0.snappy.parquet,50025,2026-05-17T21:40:39.923000+00:00,78afebe6d1550989939bcf86520ac521
2021-11-27,2021-11-27--data_01c46fd3-0308-fb38-0042-fa07089c0a96_507_0_0.snappy.parquet,88669,2026-05-17T21:40:44.649000+00:00,87e7e3193eb13e7f72d565993e8f9051
2021-11-28,2021-11-28--data_01c46fd3-0308-fb38-0042-fa07089c0a96_407_2_0.snappy.parquet,95469,2026-05-17T21:40:39.355000+00:00,87a34c0a32b1d171a973064b69353b77
2021-11-29,2021-11-29--data_01c46fd3-0308-fb38-0042-fa07089c0a96_607_0_0.snappy.parquet,86215,2026-05-17T21:40:28.995000+00:00,d1a689f567d5dca4f2a741aa6353c5ba
2021-11-30,2021-11-30--data_01c46fd3-0308-fb38-0042-fa07089c0a96_207_4_0.snappy.parquet,82935,2026-05-17T21:40:52.714000+00:00,4e0d678c49803f22dbd56e233bc7602b
2021-12-01,2021-12-01--data_01c46fd3-0308-fb38-0042-fa07089c0a96_707_4_0.snappy.parquet,55033,2026-05-17T21:40:36.395000+00:00,026e96bc546618ba5049d984cb577243
2021-12-02,2021-12-02--data_01c46fd3-0308-fb38-0042-fa07089c0a96_307_4_0.snappy.parquet,54488,2026-05-17T21:40:54.720000+00:00,7f03e6a8cc609bdbe36dcf6e8e1d54bc
2021-12-03,2021-12-03--data_01c46fd3-0308-fb38-0042-fa07089c0a96_507_2_0.snappy.parquet,83777,2026-05-17T21:41:00.177000+00:00,d48450ffc269df0503888eb2264b5ec1
2021-12-04,2021-12-04--data_01c46fd3-0308-fb38-0042-fa07089c0a96_407_2_0.snappy.parquet,110156,2026-05-17T21:40:59.008000+00:00,8f1bdccfbe369d9b70d64c9b444eea3d
2021-12-05,2021-12-05--data_01c46fd3-0308-fb38-0042-fa07089c0a96_407_0_0.snappy.parquet,79752,2026-05-17T21:41:07.800000+00:00,8d64c20548872080d4e63c6a81a8d3e1
2021-12-06,2021-12-06--data_01c46fd3-0308-fb38-0042-fa07089c0a96_707_2_0.snappy.parquet,105518,2026-05-17T21:41:04.822000+00:00,841d3a788dd51072f07f69e3743955a1
2021-12-07,2021-12-07--data_01c46fd3-0308-fb38-0042-fa07089c0a96_707_2_0.snappy.parquet,11381115,2026-05-17T21:40:39.499000+00:00,f7f0c40da4dee82bdbebaf85b3df8e18
2021-12-08,2021-12-08--data_01c46fd3-0308-fb38-0042-fa07089c0a96_107_0_0.snappy.parquet,72734,2026-05-17T21:40:35.121000+00:00,e3d1094bba96d199b737941be3f830a6
2021-12-09,2021-12-09--data_01c46fd3-0308-fb38-0042-fa07089c0a96_407_4_0.snappy.parquet,82417,2026-05-17T21:40:25.439000+00:00,61dd13f4d244435813acd11df7aea58c
2021-12-10,2021-12-10--data_01c46fd3-0308-fb38-0042-fa07089c0a96_407_0_0.snappy.parquet,19721693,2026-05-17T21:40:27.426000+00:00,ea213b8802a40e1fd3c1e714c20131e7
2021-12-11,2021-12-11--data_01c46fd3-0308-fb38-0042-fa07089c0a96_707_2_0.snappy.parquet,60187,2026-05-17T21:40:26.406000+00:00,534332d3ab946025c4348bc37df09566
2021-12-12,2021-12-12--data_01c46fd3-0308-fb38-0042-fa07089c0a96_107_4_0.snappy.parquet,186732,2026-05-17T21:40:41.104000+00:00,cdf1c03085ddf8d1a4782767646e08c0
2021-12-13,2021-12-13--data_01c46fd3-0308-fb38-0042-fa07089c0a96_407_6_0.snappy.parquet,72885,2026-05-17T21:40:46.684000+00:00,44bedc21d4c78f35bc359cbf380b273d
2021-12-14,2021-12-14--data_01c46fd3-0308-fb38-0042-fa07089c0a96_707_2_0.snappy.parquet,82673,2026-05-17T21:41:05.792000+00:00,d87cc0a5da3e04cd2dc85464669d29d1
2021-12-15,2021-12-15--data_01c46fd3-0308-fb38-0042-fa07089c0a96_407_6_0.snappy.parquet,54104,2026-05-17T21:40:54.862000+00:00,d13193f52acd9456bc1270c781e0268a
2021-12-16,2021-12-16--data_01c46fd3-0308-fb38-0042-fa07089c0a96_407_0_0.snappy.parquet,185367,2026-05-17T21:40:32.722000+00:00,302ef76d304894d26cacfef428c97cf3
2021-12-17,2021-12-17--data_01c46fd3-0308-fb38-0042-fa07089c0a96_407_2_0.snappy.parquet,47964,2026-05-17T21:40:31.143000+00:00,b9659a5d3f8b77ca0971c60467b801f3
2021-12-18,2021-12-18--data_01c46fd3-0308-fb38-0042-fa07089c0a96_207_4_0.snappy.parquet,185667,2026-05-17T21:40:43.785000+00:00,56942512866e90401bcda17cdf7a0f94
2021-12-19,2021-12-19--data_01c46fd3-0308-fb38-0042-fa07089c0a96_707_4_0.snappy.parquet,8019801,2026-05-17T21:40:59.483000+00:00,68dc87028dadee6a9b72a80094932382
2021-12-20,2021-12-20--data_01c46fd3-0308-fb38-0042-fa07089c0a96_507_0_0.snappy.parquet,84058,2026-05-17T21:40:27.602000+00:00,1c5fa697225f2fb28a27233009fca382
2021-12-21,2021-12-21--data_01c46fd3-0308-fb38-0042-fa07089c0a96_407_2_0.snappy.parquet,184614,2026-05-17T21:41:00.701000+00:00,ff83e7b4075f87f774b0b578363358b5
2021-12-22,2021-12-22--data_01c46fd3-0308-fb38-0042-fa07089c0a96_407_2_0.snappy.parquet,59443,2026-05-17T21:40:48.619000+00:00,117b212895c5ae65d3aea5311641d6eb
2021-12-23,2021-12-23--data_01c46fd3-0308-fb38-0042-fa07089c0a96_207_4_0.snappy.parquet,156051,2026-05-17T21:40:25.582000+00:00,acd71f21f3837feedfde54833502cf9c
2021-12-24,2021-12-24--data_01c46fd3-0308-fb38-0042-fa07089c0a96_407_4_0.snappy.parquet,44929,2026-05-17T21:40:28.029000+00:00,6fc7f13c8ae3a805e7bd65ac0322383e
2021-12-25,2021-12-25--data_01c46fd3-0308-fb38-0042-fa07089c0a96_507_4_0.snappy.parquet,185488,2026-05-17T21:40:57.100000+00:00,d9cb4b8e7ca4b4167cf16ee45e0969df
2021-12-26,2021-12-26--data_01c46fd3-0308-fb38-0042-fa07089c0a96_607_6_0.snappy.parquet,68745,2026-05-17T21:40:33.933000+00:00,75a8c5c0ca1d2ef63be73f0b8596e7ef
2021-12-27,2021-12-27--data_01c46fd3-0308-fb38-0042-fa07089c0a96_007_4_0.snappy.parquet,154896,2026-05-17T21:40:31.811000+00:00,5762e33c2c28628373cfddc47afde50b
2021-12-28,2021-12-28--data_01c46fd3-0308-fb38-0042-fa07089c0a96_507_4_0.snappy.parquet,153871,2026-05-17T21:41:04.158000+00:00,e63b05bc3d95af31d04fbef422989668
2021-12-29,2021-12-29--data_01c46fd3-0308-fb38-0042-fa07089c0a96_107_6_0.snappy.parquet,157945,2026-05-17T21:40:45.374000+00:00,f380ce99f5f11040beaa9d3cb796fa1b
2021-12-30,2021-12-30--data_01c46fd3-0308-fb38-0042-fa07089c0a96_307_0_0.snappy.parquet,59087,2026-05-17T21:40:28.452000+00:00,2af6ec2d3e0a0d81dd2dd2241be8bf06
2021-12-31,2021-12-31--data_01c46fd3-0308-fb38-0042-fa07089c0a96_707_2_0.snappy.parquet,158781,2026-05-17T21:41:01.655000+00:00,4d1a42b311a0430d5f5a2396e96fb9e5
2022-01-01,2022-01-01--data_01c46fd3-0308-fb38-0042-fa07089c0a96_707_0_0.snappy.parquet,52403,2026-05-17T21:40:34.508000+00:00,1f1669c19ac73f2eb11f9c5efd157572
2022-01-02,2022-01-02--data_01c46fd3-0308-fb38-0042-fa07089c0a96_707_2_0.snappy.parquet,187395,2026-05-17T21:40:49.270000+00:00,dfa31811fd2fbc1405d7b5ccf2eb59ad
2022-01-03,2022-01-03--data_01c46fd3-0308-fb38-0042-fa07089c0a96_507_6_0.snappy.parquet,188327,2026-05-17T21:40:41.852000+00:00,b116b3e1f3640b74a75d9b829db324f1
2022-01-04,2022-01-04--data_01c46fd3-0308-fb38-0042-fa07089c0a96_207_2_0.snappy.parquet,60762,2026-05-17T21:40:38.547000+00:00,60216bf6b808aaa3b2ede56130a462e9
2022-01-05,2022-01-05--data_01c46fd3-0308-fb38-0042-fa07089c0a96_007_2_0.snappy.parquet,76606,2026-05-17T21:40:37.429000+00:00,403f9d1090b77807430a5598d3a2abe1
2022-01-06,2022-01-06--data_01c46fd3-0308-fb38-0042-fa07089c0a96_707_0_0.snappy.parquet,185199,2026-05-17T21:40:35.297000+00:00,98c3750ac1be90e7a3c1e600daa43419
2022-01-11,2022-01-11--data_01c46fd3-0308-fb38-0042-fa07089c0a96_107_2_0.snappy.parquet,47410,2026-05-17T21:40:54.926000+00:00,2743b5afc66ae81c8eede339ffb1ac31
2022-01-12,2022-01-12--data_01c46fd3-0308-fb38-0042-fa07089c0a96_007_4_0.snappy.parquet,138638,2026-05-17T21:40:30.465000+00:00,d6e600cd5c96035ab51da97bbcb3b542
2022-01-13,2022-01-13--data_01c46fd3-0308-fb38-0042-fa07089c0a96_007_6_0.snappy.parquet,7076687,2026-05-17T21:40:29.707000+00:00,9447adce132f136d8020cc018583940e
2022-01-14,2022-01-14--data_01c46fd3-0308-fb38-0042-fa07089c0a96_207_6_0.snappy.parquet,44076,2026-05-17T21:40:28.271000+00:00,6c2b628f46b838b7b0f9ae217c8cc2d7
2022-01-15,2022-01-15--data_01c46fd3-0308-fb38-0042-fa07089c0a96_707_6_0.snappy.parquet,64529,2026-05-17T21:40:27.168000+00:00,8ef2e2dbe9977d11699cae1ecc900dc9
2022-01-16,2022-01-16--data_01c46fd3-0308-fb38-0042-fa07089c0a96_507_4_0.snappy.parquet,183577,2026-05-17T21:40:34.602000+00:00,c3a31ac2a2392f0b00edf31cef5d0bcf
2022-01-17,2022-01-17--data_01c46fd3-0308-fb38-0042-fa07089c0a96_607_0_0.snappy.parquet,104948,2026-05-17T21:40:46.571000+00:00,271cabe2b7f07e18ee8192c276863c7c
2022-01-18,2022-01-18--data_01c46fd3-0308-fb38-0042-fa07089c0a96_407_6_0.snappy.parquet,186891,2026-05-17T21:40:46.953000+00:00,4b125ad5b543f9174d3bddcb81dbd0c5
2022-01-19,2022-01-19--data_01c46fd3-0308-fb38-0042-fa07089c0a96_107_4_0.snappy.parquet,103000,2026-05-17T21:40:45.979000+00:00,15d1fda6c0378f879edd19c949761c78
2022-01-20,2022-01-20--data_01c46fd3-0308-fb38-0042-fa07089c0a96_407_2_0.snappy.parquet,7125833,2026-05-17T21:40:46.443000+00:00,6566153e6374253880130e0cb7da4f67
2022-01-21,2022-01-21--data_01c46fd3-0308-fb38-0042-fa07089c0a96_507_6_0.snappy.parquet,33848,2026-05-17T21:40:26.047000+00:00,905371682de1497160529b8e65fbe44c
2022-01-22,2022-01-22--data_01c46fd3-0308-fb38-0042-fa07089c0a96_207_4_0.snappy.parquet,45775,2026-05-17T21:40:49.206000+00:00,172703960850abfe3ce473f8b4af2c74
2022-01-23,2022-01-23--data_01c46fd3-0308-fb38-0042-fa07089c0a96_207_0_0.snappy.parquet,54653,2026-05-17T21:40:57.101000+00:00,fa2e4f256ef18160c5cbab2fb5af4e3e
2022-01-24,2022-01-24--data_01c46fd3-0308-fb38-0042-fa07089c0a96_607_0_0.snappy.parquet,92212,2026-05-17T21:40:30.431000+00:00,188fb4f4bd7153611da5af63b6ae5a4e
2022-01-25,2022-01-25--data_01c46fd3-0308-fb38-0042-fa07089c0a96_307_4_0.snappy.parquet,155682,2026-05-17T21:41:06.014000+00:00,16b6e4781e666e58871adf7187cebe78
2022-01-26,2022-01-26--data_01c46fd3-0308-fb38-0042-fa07089c0a96_507_0_0.snappy.parquet,159039,2026-05-17T21:40:47.694000+00:00,0ea94eb714cdbe5f9528a980660b3745
2022-01-27,2022-01-27--data_01c46fd3-0308-fb38-0042-fa07089c0a96_507_2_0.snappy.parquet,54548,2026-05-17T21:41:05.801000+00:00,98008572f7285573bf74ede48bcc8a47
2022-01-28,2022-01-28--data_01c46fd3-0308-fb38-0042-fa07089c0a96_707_6_0.snappy.parquet,40020,2026-05-17T21:40:32.318000+00:00,58005d97b0a51e65a7f42658aa6ba3d6
2022-01-29,2022-01-29--data_01c46fd3-0308-fb38-0042-fa07089c0a96_107_0_0.snappy.parquet,147635,2026-05-17T21:40:42.723000+00:00,edb9d3dbbd698c9ad2d2c3752bc8c381
2022-01-30,2022-01-30--data_01c46fd3-0308-fb38-0042-fa07089c0a96_107_2_0.snappy.parquet,61619,2026-05-17T21:41:07.110000+00:00,9f5b2fff913ae78750b51e95650bbbc5
2022-01-31,2022-01-31--data_01c46fd3-0308-fb38-0042-fa07089c0a96_207_2_0.snappy.parquet,126759,2026-05-17T21:40:50.269000+00:00,fef0a994a95dde4390f4b69d643fdb83
2022-02-01,2022-02-01--data_01c46fd3-0308-fb38-0042-fa07089c0a96_707_2_0.snappy.parquet,49014,2026-05-17T21:41:04.658000+00:00,d700e570e28ec25610e4a33cb4c0a953
2022-02-02,2022-02-02--data_01c46fd3-0308-fb38-0042-fa07089c0a96_507_0_0.snappy.parquet,44295,2026-05-17T21:40:46.441000+00:00,2e2f7fef421254bb9277c2775cccd9f1
2022-02-03,2022-02-03--data_01c46fd3-0308-fb38-0042-fa07089c0a96_607_2_0.snappy.parquet,63250,2026-05-17T21:41:03.118000+00:00,22e49353c4b195e738a58bfa36ba12c8
2022-02-04,2022-02-04--data_01c46fd3-0308-fb38-0042-fa07089c0a96_707_0_0.snappy.parquet,62265,2026-05-17T21:40:25.496000+00:00,2de0e09954978138769f0ac525e33a98
2022-02-05,2022-02-05--data_01c46fd3-0308-fb38-0042-fa07089c0a96_607_2_0.snappy.parquet,8058952,2026-05-17T21:40:34.323000+00:00,b538ddd66b47aaaf03066fee86f881c8
2022-02-06,2022-02-06--data_01c46fd3-0308-fb38-0042-fa07089c0a96_207_2_0.snappy.parquet,61241,2026-05-17T21:40:43.753000+00:00,c89e3cd356dc8936f542b805f3433027
2022-02-07,2022-02-07--data_01c46fd3-0308-fb38-0042-fa07089c0a96_507_2_0.snappy.parquet,160916,2026-05-17T21:40:36.264000+00:00,7b7901c570979ebae5ff5ec41effd3d0
2022-02-08,2022-02-08--data_01c46fd3-0308-fb38-0042-fa07089c0a96_007_4_0.snappy.parquet,51204,2026-05-17T21:40:43.851000+00:00,41cc941f8f96f89f2efbfd91ca6daf27
2022-02-09,2022-02-09--data_01c46fd3-0308-fb38-0042-fa07089c0a96_607_2_0.snappy.parquet,160903,2026-05-17T21:40:24.909000+00:00,ae4db5b3a0517671d07b09413fc19bc1
2022-02-10,2022-02-10--data_01c46fd3-0308-fb38-0042-fa07089c0a96_207_2_0.snappy.parquet,44956,2026-05-17T21:40:49.280000+00:00,02e61033840358a3619397299672db97
2022-02-11,2022-02-11--data_01c46fd3-0308-fb38-0042-fa07089c0a96_707_0_0.snappy.parquet,158743,2026-05-17T21:40:41.865000+00:00,d883e2f781107289ed70d46d7ccb046c
2022-02-12,2022-02-12--data_01c46fd3-0308-fb38-0042-fa07089c0a96_707_0_0.snappy.parquet,56803,2026-05-17T21:40:26.518000+00:00,e89df2d9b1ef81af89c8e5a08a643a87
2022-02-13,2022-02-13--data_01c46fd3-0308-fb38-0042-fa07089c0a96_107_6_0.snappy.parquet,54349,2026-05-17T21:40:28.476000+00:00,fca9112a6ce1a91ce0ce11e1b0b8b483
2022-02-14,2022-02-14--data_01c46fd3-0308-fb38-0042-fa07089c0a96_107_6_0.snappy.parquet,95217,2026-05-17T21:40:56.004000+00:00,500818d5f79be75b54f416fc2e8e6525
2022-02-15,2022-02-15--data_01c46fd3-0308-fb38-0042-fa07089c0a96_407_6_0.snappy.parquet,70224,2026-05-17T21:40:34.709000+00:00,1582330f36be0669c2ff51fc4c232195
2022-02-16,2022-02-16--data_01c46fd3-0308-fb38-0042-fa07089c0a96_407_2_0.snappy.parquet,65521,2026-05-17T21:40:50.088000+00:00,75438fc857142d2a79b7def02b38e9d4
2022-02-17,2022-02-17--data_01c46fd3-0308-fb38-0042-fa07089c0a96_607_6_0.snappy.parquet,75771,2026-05-17T21:40:34.438000+00:00,2127d5ea7c8e19a6cce9df586fd137a1
2022-02-21,2022-02-21--data_01c46fd3-0308-fb38-0042-fa07089c0a96_307_6_0.snappy.parquet,40125,2026-05-17T21:40:46.642000+00:00,266aaa946aa7cf8b9212c338273ad000
2022-02-22,2022-02-22--data_01c46fd3-0308-fb38-0042-fa07089c0a96_007_0_0.snappy.parquet,52568,2026-05-17T21:41:03.220000+00:00,6bd4a5b83cdcc11240260c456424e527
2022-02-23,2022-02-23--data_01c46fd3-0308-fb38-0042-fa07089c0a96_107_4_0.snappy.parquet,8941019,2026-05-17T21:40:42.901000+00:00,a8eabdf0d79f22456d0b24821a5b099a
2022-02-24,2022-02-24--data_01c46fd3-0308-fb38-0042-fa07089c0a96_707_2_0.snappy.parquet,54581,2026-05-17T21:40:38.751000+00:00,e5c8cf814a2554c0a30573a7b495d8f3
2022-02-25,2022-02-25--data_01c46fd3-0308-fb38-0042-fa07089c0a96_407_4_0.snappy.parquet,151558,2026-05-17T21:40:24.713000+00:00,74c72a608bfa95bccd28476cd814d308
2022-02-26,2022-02-26--data_01c46fd3-0308-fb38-0042-fa07089c0a96_707_2_0.snappy.parquet,54443,2026-05-17T21:40:54.103000+00:00,74d809569f7043239773f68ad96e49d2
2022-02-27,2022-02-27--data_01c46fd3-0308-fb38-0042-fa07089c0a96_107_4_0.snappy.parquet,50545,2026-05-17T21:40:47.775000+00:00,db5b13bb321672218ca56dbd2258f6df
2022-02-28,2022-02-28--data_01c46fd3-0308-fb38-0042-fa07089c0a96_007_0_0.snappy.parquet,98772,2026-05-17T21:40:43.499000+00:00,7a444ec33f3a225f453aea533fef3cda
2022-03-01,2022-03-01--data_01c46fd3-0308-fb38-0042-fa07089c0a96_707_6_0.snappy.parquet,158626,2026-05-17T21:40:47.141000+00:00,2bd4134d243c1048db297878ab70edc5
2022-03-02,2022-03-02--data_01c46fd3-0308-fb38-0042-fa07089c0a96_107_0_0.snappy.parquet,47658,2026-05-17T21:40:42.530000+00:00,a26b4cc9da6ccf35fd3a882e51393f12
2022-03-03,2022-03-03--data_01c46fd3-0308-fb38-0042-fa07089c0a96_107_6_0.snappy.parquet,70599,2026-05-17T21:40:47.260000+00:00,aefb40fba6c0e51e609db7f85ca63f08
2022-03-04,2022-03-04--data_01c46fd3-0308-fb38-0042-fa07089c0a96_107_4_0.snappy.parquet,56178,2026-05-17T21:40:40.641000+00:00,10678bb0c657356b8dbf4d390d987aa3
2022-03-05,2022-03-05--data_01c46fd3-0308-fb38-0042-fa07089c0a96_407_0_0.snappy.parquet,8483666,2026-05-17T21:40:52.260000+00:00,4a8aac43e1064f546a321e36f4cf0e63
2022-03-06,2022-03-06--data_01c46fd3-0308-fb38-0042-fa07089c0a96_707_0_0.snappy.parquet,38595,2026-05-17T21:40:38.377000+00:00,fb54f7180f4ab473c802de4951f90297
2022-03-07,2022-03-07--data_01c46fd3-0308-fb38-0042-fa07089c0a96_407_4_0.snappy.parquet,77043,2026-05-17T21:40:30.161000+00:00,3716c55ca9d9cc07d59bc5b359bad8fa
2022-03-08,2022-03-08--data_01c46fd3-0308-fb38-0042-fa07089c0a96_607_4_0.snappy.parquet,58884,2026-05-17T21:40:32.275000+00:00,62b970d4b7339022622ef0ce15a5ea8e
2022-03-09,2022-03-09--data_01c46fd3-0308-fb38-0042-fa07089c0a96_507_2_0.snappy.parquet,48018,2026-05-17T21:40:35.733000+00:00,e25ed15944a6cfb8a521a4e1a633b95c
2022-03-10,2022-03-10--data_01c46fd3-0308-fb38-0042-fa07089c0a96_607_2_0.snappy.parquet,39630,2026-05-17T21:40:33.877000+00:00,072679e00965a4f840a67dff9e0f75a0
2022-03-11,2022-03-11--data_01c46fd3-0308-fb38-0042-fa07089c0a96_207_4_0.snappy.parquet,40965,2026-05-17T21:40:54.616000+00:00,555ef93ddc2c7ad5dac8db15a9c419f1
2022-03-12,2022-03-12--data_01c46fd3-0308-fb38-0042-fa07089c0a96_707_0_0.snappy.parquet,154778,2026-05-17T21:40:23.831000+00:00,c71bf8297b03147fe9c491eb2ed60680
2022-03-13,2022-03-13--data_01c46fd3-0308-fb38-0042-fa07089c0a96_307_0_0.snappy.parquet,52137,2026-05-17T21:40:35.086000+00:00,45a4eec15246871c07fa28856b46ac62
2022-03-14,2022-03-14--data_01c46fd3-0308-fb38-0042-fa07089c0a96_307_4_0.snappy.parquet,54061,2026-05-17T21:40:32.115000+00:00,e0479b4b88ca43deb80b21f3a1961634
2022-03-15,2022-03-15--data_01c46fd3-0308-fb38-0042-fa07089c0a96_707_6_0.snappy.parquet,40286,2026-05-17T21:40:24.489000+00:00,d1e24941f92044f95a44a03888f4f60a
2022-03-16,2022-03-16--data_01c46fd3-0308-fb38-0042-fa07089c0a96_307_4_0.snappy.parquet,43431,2026-05-17T21:41:05.924000+00:00,2f58a13eee50fa76da4c68991f11c9db
2022-03-17,2022-03-17--data_01c46fd3-0308-fb38-0042-fa07089c0a96_007_2_0.snappy.parquet,35656,2026-05-17T21:40:41.298000+00:00,4b1a499e8fa83908d18425bec3dc87e4
2022-03-18,2022-03-18--data_01c46fd3-0308-fb38-0042-fa07089c0a96_007_2_0.snappy.parquet,9882293,2026-05-17T21:40:33.163000+00:00,ecea1701a94125d2cb36e335b6741a9a
2022-03-19,2022-03-19--data_01c46fd3-0308-fb38-0042-fa07089c0a96_407_0_0.snappy.parquet,15673,2026-05-17T21:41:08.177000+00:00,cc84b7db83fcec60ac71b6d39a291a81
2022-03-22,2022-03-22--data_01c46fd3-0308-fb38-0042-fa07089c0a96_607_2_0.snappy.parquet,39125,2026-05-17T21:41:03.852000+00:00,9395162a2a51d36db6b1ce8df2cbca92
2022-03-23,2022-03-23--data_01c46fd3-0308-fb38-0042-fa07089c0a96_407_4_0.snappy.parquet,41289,2026-05-17T21:40:26.693000+00:00,ad78851954c5d532c8deff58315bdec4
2022-03-24,2022-03-24--data_01c46fd3-0308-fb38-0042-fa07089c0a96_507_2_0.snappy.parquet,44087,2026-05-17T21:40:24.286000+00:00,d749349dec9142ae4cb77a4360ffe390
2022-03-25,2022-03-25--data_01c46fd3-0308-fb38-0042-fa07089c0a96_407_0_0.snappy.parquet,47408,2026-05-17T21:40:38.216000+00:00,69523f1dca9551cee499c406ba092841
2022-03-26,2022-03-26--data_01c46fd3-0308-fb38-0042-fa07089c0a96_507_0_0.snappy.parquet,26184,2026-05-17T21:40:49.435000+00:00,8ef33ca6ff0c1ab5b08e99ab7cd0f436
2022-03-29,2022-03-29--data_01c46fd3-0308-fb38-0042-fa07089c0a96_007_0_0.snappy.parquet,54411,2026-05-17T21:40:48.099000+00:00,a2c20ebf6d1e41fb801c7e7c3f925b2b
2022-03-30,2022-03-30--data_01c46fd3-0308-fb38-0042-fa07089c0a96_007_4_0.snappy.parquet,43559,2026-05-17T21:40:30.152000+00:00,b2e18364ab47cb5ff8dbb8e80707b408
2022-03-31,2022-03-31--data_01c46fd3-0308-fb38-0042-fa07089c0a96_007_6_0.snappy.parquet,38686,2026-05-17T21:40:24.474000+00:00,7052af45aeca37d9437ea3987390c863
2022-04-01,2022-04-01--data_01c46fd3-0308-fb38-0042-fa07089c0a96_107_2_0.snappy.parquet,37114,2026-05-17T21:40:26.917000+00:00,333b0fbae5bc233aafe0475f8fd45a9d
2022-04-02,2022-04-02--data_01c46fd3-0308-fb38-0042-fa07089c0a96_607_4_0.snappy.parquet,161081,2026-05-17T21:40:32.656000+00:00,8f781ab0ce63b88db888103ddab30cd8
2022-04-03,2022-04-03--data_01c46fd3-0308-fb38-0042-fa07089c0a96_607_0_0.snappy.parquet,162756,2026-05-17T21:40:34.759000+00:00,37cb3c797fd837c5bfbbf8401ab9aefc
2022-04-04,2022-04-04--data_01c46fd3-0308-fb38-0042-fa07089c0a96_307_6_0.snappy.parquet,9445714,2026-05-17T21:40:31.454000+00:00,9d600b6193bc21d5b50d21b63140e144
2022-04-05,2022-04-05--data_01c46fd3-0308-fb38-0042-fa07089c0a96_407_4_0.snappy.parquet,40739,2026-05-17T21:40:27.778000+00:00,08006bacef56ec43d3001209a07c096d
2022-04-06,2022-04-06--data_01c46fd3-0308-fb38-0042-fa07089c0a96_407_6_0.snappy.parquet,38983,2026-05-17T21:40:42.360000+00:00,1e96bc6e481d3cfe34a3e4baf85c013d
2022-04-07,2022-04-07--data_01c46fd3-0308-fb38-0042-fa07089c0a96_007_6_0.snappy.parquet,162614,2026-05-17T21:40:53.810000+00:00,aa215b7b3ad8a7878d0aa1dc695f3a2e
2022-04-08,2022-04-08--data_01c46fd3-0308-fb38-0042-fa07089c0a96_007_0_0.snappy.parquet,39396,2026-05-17T21:40:47.727000+00:00,ba75bba24679a06d210593c799a94bed
2022-04-09,2022-04-09--data_01c46fd3-0308-fb38-0042-fa07089c0a96_107_6_0.snappy.parquet,70506,2026-05-17T21:40:33.810000+00:00,48267e7faeba9ce520ce4265a461ba82
2022-04-10,2022-04-10--data_01c46fd3-0308-fb38-0042-fa07089c0a96_407_2_0.snappy.parquet,163341,2026-05-17T21:40:39.378000+00:00,b2022c0a96656036e7522fc1016cdd03
2022-04-11,2022-04-11--data_01c46fd3-0308-fb38-0042-fa07089c0a96_207_6_0.snappy.parquet,42787,2026-05-17T21:40:25.802000+00:00,a2c7b5ffd30b09d95825b405cc6f46dd
2022-04-12,2022-04-12--data_01c46fd3-0308-fb38-0042-fa07089c0a96_507_2_0.snappy.parquet,50902,2026-05-17T21:40:23.822000+00:00,5b44515fb2673aa1746f99bab7a75d0c
2022-04-13,2022-04-13--data_01c46fd3-0308-fb38-0042-fa07089c0a96_007_6_0.snappy.parquet,43206,2026-05-17T21:40:27.963000+00:00,284b68b2ba7d8441ea2cdd6ada9c88c5
2022-04-14,2022-04-14--data_01c46fd3-0308-fb38-0042-fa07089c0a96_207_0_0.snappy.parquet,38462,2026-05-17T21:41:01.918000+00:00,58db520d0358b20e579d474826078459
2022-04-15,2022-04-15--data_01c46fd3-0308-fb38-0042-fa07089c0a96_307_4_0.snappy.parquet,168881,2026-05-17T21:40:46.556000+00:00,f9682aa82e22b57f211ea83e7b80c88e
2022-04-16,2022-04-16--data_01c46fd3-0308-fb38-0042-fa07089c0a96_607_4_0.snappy.parquet,167869,2026-05-17T21:40:46.626000+00:00,599d6d89b52f4e8b105361ac8458c72b
2022-04-17,2022-04-17--data_01c46fd3-0308-fb38-0042-fa07089c0a96_407_2_0.snappy.parquet,52831,2026-05-17T21:40:50.535000+00:00,9d672d122b70314bd0b37a5f9b1ab2b1
2022-04-18,2022-04-18--data_01c46fd3-0308-fb38-0042-fa07089c0a96_107_0_0.snappy.parquet,9804011,2026-05-17T21:40:41.727000+00:00,c7ef013cb74595df3868a125efe009ef
2022-04-19,2022-04-19--data_01c46fd3-0308-fb38-0042-fa07089c0a96_307_6_0.snappy.parquet,44603,2026-05-17T21:40:29.253000+00:00,a420ac8c1635e6acff8228bfee05596e
2022-04-20,2022-04-20--data_01c46fd3-0308-fb38-0042-fa07089c0a96_307_6_0.snappy.parquet,44319,2026-05-17T21:41:20.728000+00:00,e0dcd5d570a8c3dd41d16ebe37b63514
2022-04-21,2022-04-21--data_01c46fd3-0308-fb38-0042-fa07089c0a96_707_6_0.snappy.parquet,168753,2026-05-17T21:40:45.918000+00:00,50d700756f9d8eda1e30e86abd04591d
2022-04-22,2022-04-22--data_01c46fd3-0308-fb38-0042-fa07089c0a96_107_2_0.snappy.parquet,138332,2026-05-17T21:41:02.120000+00:00,2a6b1962172d20a2c7895ea824fa7c1a
2022-04-23,2022-04-23--data_01c46fd3-0308-fb38-0042-fa07089c0a96_207_2_0.snappy.parquet,162512,2026-05-17T21:40:45.119000+00:00,c851a854fd2798812ad2568682843490
2022-04-24,2022-04-24--data_01c46fd3-0308-fb38-0042-fa07089c0a96_307_2_0.snappy.parquet,37730,2026-05-17T21:40:59.262000+00:00,7b2a22f16843e29e7c1a09dad0025c2d
2022-04-25,2022-04-25--data_01c46fd3-0308-fb38-0042-fa07089c0a96_507_2_0.snappy.parquet,167703,2026-05-17T21:40:31.428000+00:00,de943ca2a5342cb4b43f9a046c69d915
2022-04-26,2022-04-26--data_01c46fd3-0308-fb38-0042-fa07089c0a96_007_0_0.snappy.parquet,37390,2026-05-17T21:40:31.565000+00:00,fc22ebc88b7176e8805d489dd7704461
2022-04-27,2022-04-27--data_01c46fd3-0308-fb38-0042-fa07089c0a96_607_6_0.snappy.parquet,165507,2026-05-17T21:40:45.648000+00:00,624eb99cc11c981bb08ce05088d0eb8a
2022-04-28,2022-04-28--data_01c46fd3-0308-fb38-0042-fa07089c0a96_007_2_0.snappy.parquet,46651,2026-05-17T21:40:31.533000+00:00,33505ed1cf6ddba33c446c4231761b83
2022-04-29,2022-04-29--data_01c46fd3-0308-fb38-0042-fa07089c0a96_207_0_0.snappy.parquet,48535,2026-05-17T21:40:40.346000+00:00,994d1adbff94e744e043a5bf39e370a9
2022-04-30,2022-04-30--data_01c46fd3-0308-fb38-0042-fa07089c0a96_007_2_0.snappy.parquet,37587,2026-05-17T21:40:39.586000+00:00,3eff53c91e4bab97df38d7a777dd6e59
2022-05-01,2022-05-01--data_01c46fd3-0308-fb38-0042-fa07089c0a96_407_4_0.snappy.parquet,165818,2026-05-17T21:40:31.983000+00:00,767cff5122ed26fae1577b79c8c70c96
2022-05-02,2022-05-02--data_01c46fd3-0308-fb38-0042-fa07089c0a96_207_4_0.snappy.parquet,38136,2026-05-17T21:40:26.488000+00:00,cc0c9b19c2ae2282eaaaf555dfb9b22e
2022-05-03,2022-05-03--data_01c46fd3-0308-fb38-0042-fa07089c0a96_007_2_0.snappy.parquet,161314,2026-05-17T21:40:32.678000+00:00,4a820f527ee0f4b98c734084fcb88d76
2022-05-04,2022-05-04--data_01c46fd3-0308-fb38-0042-fa07089c0a96_207_6_0.snappy.parquet,8354547,2026-05-17T21:40:26.098000+00:00,e408c12f4acb4f93c90075f25538983b
2022-05-05,2022-05-05--data_01c46fd3-0308-fb38-0042-fa07089c0a96_207_6_0.snappy.parquet,143907,2026-05-17T21:40:51.521000+00:00,9bdf8ace7c5a278142f88064e7189bb7
2022-05-10,2022-05-10--data_01c46fd3-0308-fb38-0042-fa07089c0a96_107_6_0.snappy.parquet,31672,2026-05-17T21:40:37.035000+00:00,e224b681a6ec0a8c1af7adcd5d5c49f5
2022-05-11,2022-05-11--data_01c46fd3-0308-fb38-0042-fa07089c0a96_407_6_0.snappy.parquet,5029199,2026-05-17T21:40:37.038000+00:00,af142271b7ef373166455e404c1e269e
2022-05-12,2022-05-12--data_01c46fd3-0308-fb38-0042-fa07089c0a96_407_4_0.snappy.parquet,33186,2026-05-17T21:40:28.272000+00:00,5301fccac370d317e4c848dba838cdf0
2022-05-13,2022-05-13--data_01c46fd3-0308-fb38-0042-fa07089c0a96_207_0_0.snappy.parquet,37616,2026-05-17T21:40:46.096000+00:00,4299345b35a454db138cd432f57ba1a0
2022-05-14,2022-05-14--data_01c46fd3-0308-fb38-0042-fa07089c0a96_707_0_0.snappy.parquet,40413,2026-05-17T21:40:38.440000+00:00,2fc5fe761886168c727c75d465550a48
2022-05-15,2022-05-15--data_01c46fd3-0308-fb38-0042-fa07089c0a96_607_0_0.snappy.parquet,151292,2026-05-17T21:40:51.163000+00:00,f75ef8fb5ed58bccb85089f41748a7c5
2022-05-16,2022-05-16--data_01c46fd3-0308-fb38-0042-fa07089c0a96_407_6_0.snappy.parquet,47127,2026-05-17T21:40:45.562000+00:00,8f2c64e58b76fb5957987199448de44d
2022-05-17,2022-05-17--data_01c46fd3-0308-fb38-0042-fa07089c0a96_107_0_0.snappy.parquet,49338,2026-05-17T21:40:26.387000+00:00,4a7bf91e8baaaf6aa4fa2238e26aeff9
2022-05-18,2022-05-18--data_01c46fd3-0308-fb38-0042-fa07089c0a96_007_6_0.snappy.parquet,9275903,2026-05-17T21:40:30.241000+00:00,3a22bbde2787c4ece604c4d9b70b64eb
2022-05-19,2022-05-19--data_01c46fd3-0308-fb38-0042-fa07089c0a96_007_2_0.snappy.parquet,45637,2026-05-17T21:40:48.803000+00:00,4d12f411fb64f91753d8b90e424f6839
2022-05-20,2022-05-20--data_01c46fd3-0308-fb38-0042-fa07089c0a96_507_2_0.snappy.parquet,36817,2026-05-17T21:40:30.980000+00:00,9b2b653124022b22de6e5d7eff5243a1
2022-05-21,2022-05-21--data_01c46fd3-0308-fb38-0042-fa07089c0a96_007_6_0.snappy.parquet,43078,2026-05-17T21:40:54.013000+00:00,ab1d40ff3edc6e4e6daddc97b2cec641
2022-05-22,2022-05-22--data_01c46fd3-0308-fb38-0042-fa07089c0a96_407_4_0.snappy.parquet,38431,2026-05-17T21:40:24.690000+00:00,6fd58fae5eb8ba5a90de3f3b05e4527e
2022-05-23,2022-05-23--data_01c46fd3-0308-fb38-0042-fa07089c0a96_707_6_0.snappy.parquet,97282,2026-05-17T21:40:55.638000+00:00,0d52852bd7d9f68ba6dc449e3c0e9db9
2022-05-24,2022-05-24--data_01c46fd3-0308-fb38-0042-fa07089c0a96_107_2_0.snappy.parquet,46293,2026-05-17T21:40:35.035000+00:00,3aeb3ad9f877ed2bb69410bd10c673d1
2022-05-25,2022-05-25--data_01c46fd3-0308-fb38-0042-fa07089c0a96_207_0_0.snappy.parquet,153773,2026-05-17T21:40:36.846000+00:00,5955a206483efc6ae1485ed70cdcd0ac
2022-05-26,2022-05-26--data_01c46fd3-0308-fb38-0042-fa07089c0a96_007_6_0.snappy.parquet,40357,2026-05-17T21:40:24.080000+00:00,756aaccb70408cccaf95ae85ca3d3b05
2022-05-27,2022-05-27--data_01c46fd3-0308-fb38-0042-fa07089c0a96_707_2_0.snappy.parquet,41132,2026-05-17T21:41:03.769000+00:00,35108635f7791c7c35ddcdb287f1be69
2022-05-28,2022-05-28--data_01c46fd3-0308-fb38-0042-fa07089c0a96_007_2_0.snappy.parquet,56624,2026-05-17T21:40:36.405000+00:00,789cae52f0ab7aaf08901fb800b44f60
2022-05-29,2022-05-29--data_01c46fd3-0308-fb38-0042-fa07089c0a96_107_4_0.snappy.parquet,48169,2026-05-17T21:40:37.589000+00:00,2ec5ff550ce1d51140d0d0af06a31e08
2022-05-30,2022-05-30--data_01c46fd3-0308-fb38-0042-fa07089c0a96_207_6_0.snappy.parquet,49031,2026-05-17T21:40:25.761000+00:00,beb18aa9b88d736234eddc191926b2c0
2022-05-31,2022-05-31--data_01c46fd3-0308-fb38-0042-fa07089c0a96_507_6_0.snappy.parquet,41410,2026-05-17T21:40:25.051000+00:00,7598de1eadc2302cebb08e41e92325bb
2022-06-01,2022-06-01--data_01c46fd3-0308-fb38-0042-fa07089c0a96_307_6_0.snappy.parquet,41986,2026-05-17T21:40:26.626000+00:00,92eda5b924c0b868cd72822bc608f5aa
2022-06-02,2022-06-02--data_01c46fd3-0308-fb38-0042-fa07089c0a96_607_0_0.snappy.parquet,183546,2026-05-17T21:40:34.606000+00:00,cb3e5bdeea4498f9b15562bf10f3053c
2022-06-03,2022-06-03--data_01c46fd3-0308-fb38-0042-fa07089c0a96_107_0_0.snappy.parquet,44601,2026-05-17T21:40:40.204000+00:00,d370dbf6aaee6c83749eea362593987d
2022-06-04,2022-06-04--data_01c46fd3-0308-fb38-0042-fa07089c0a96_107_6_0.snappy.parquet,9021526,2026-05-17T21:40:32.758000+00:00,6c80e7616bb82ab7ab7469d74040e10b
2022-06-05,2022-06-05--data_01c46fd3-0308-fb38-0042-fa07089c0a96_307_2_0.snappy.parquet,87879,2026-05-17T21:40:53.247000+00:00,2dd43bd523374fadf6e72eea0a5a63a2
2022-06-06,2022-06-06--data_01c46fd3-0308-fb38-0042-fa07089c0a96_707_2_0.snappy.parquet,151490,2026-05-17T21:40:24.335000+00:00,3d1a827d30001ffdc63c3c1dde3e7a7b
2022-06-07,2022-06-07--data_01c46fd3-0308-fb38-0042-fa07089c0a96_607_6_0.snappy.parquet,182226,2026-05-17T21:40:50.283000+00:00,0c2ec6e00cebd7b0f9391b04c13e27fd
2022-06-08,2022-06-08--data_01c46fd3-0308-fb38-0042-fa07089c0a96_007_2_0.snappy.parquet,48037,2026-05-17T21:40:49.017000+00:00,6e7b405897fa307e53b9721e72998647
2022-06-09,2022-06-09--data_01c46fd3-0308-fb38-0042-fa07089c0a96_707_6_0.snappy.parquet,43870,2026-05-17T21:40:49.527000+00:00,741920d0ab702d3d9153fe660308fa8a
2022-06-10,2022-06-10--data_01c46fd3-0308-fb38-0042-fa07089c0a96_507_6_0.snappy.parquet,41648,2026-05-17T21:40:27.540000+00:00,3293003ca4b53e2d6b5b53758ff999df
2022-06-11,2022-06-11--data_01c46fd3-0308-fb38-0042-fa07089c0a96_207_2_0.snappy.parquet,36724,2026-05-17T21:40:42.867000+00:00,eb33a7536174e0aac47159eccc972215
2022-06-12,2022-06-12--data_01c46fd3-0308-fb38-0042-fa07089c0a96_507_6_0.snappy.parquet,181728,2026-05-17T21:40:27.608000+00:00,e3351bc6857fe21d08262405916f297b
2022-06-13,2022-06-13--data_01c46fd3-0308-fb38-0042-fa07089c0a96_307_4_0.snappy.parquet,47554,2026-05-17T21:40:35.971000+00:00,bf06d72df723a919514c36693e67aa46
2022-06-14,2022-06-14--data_01c46fd3-0308-fb38-0042-fa07089c0a96_407_4_0.snappy.parquet,171822,2026-05-17T21:40:31.692000+00:00,0973ed30e0fbcf723bb8071b1d2ad7a5
2022-06-15,2022-06-15--data_01c46fd3-0308-fb38-0042-fa07089c0a96_607_6_0.snappy.parquet,32279,2026-05-17T21:40:33.771000+00:00,b55389190afe6c89de5ad3711cef3427
2022-06-16,2022-06-16--data_01c46fd3-0308-fb38-0042-fa07089c0a96_607_4_0.snappy.parquet,153021,2026-05-17T21:40:33.033000+00:00,a9668dad6a66a8f4731119ca05674c4c
2022-06-17,2022-06-17--data_01c46fd3-0308-fb38-0042-fa07089c0a96_207_0_0.snappy.parquet,33651,2026-05-17T21:40:40.384000+00:00,fb6d073399887275a4d408d090095771
2022-06-18,2022-06-18--data_01c46fd3-0308-fb38-0042-fa07089c0a96_207_0_0.snappy.parquet,157726,2026-05-17T21:40:41.784000+00:00,20fbe74badbc1fbcd641527334d8c8e5
2022-06-19,2022-06-19--data_01c46fd3-0308-fb38-0042-fa07089c0a96_607_4_0.snappy.parquet,88252,2026-05-17T21:40:28.077000+00:00,0c8af6e91df70da0437f32851ee8b2f9
2022-06-20,2022-06-20--data_01c46fd3-0308-fb38-0042-fa07089c0a96_107_2_0.snappy.parquet,11687860,2026-05-17T21:40:25.088000+00:00,32cb2df1b2c6d832de86b7c7b2599f80
2022-06-21,2022-06-21--data_01c46fd3-0308-fb38-0042-fa07089c0a96_307_2_0.snappy.parquet,182068,2026-05-17T21:40:32.419000+00:00,f87fe55c84b55fabd66b96a91bc8f9f6
2022-06-22,2022-06-22--data_01c46fd3-0308-fb38-0042-fa07089c0a96_407_6_0.snappy.parquet,167096,2026-05-17T21:40:31.186000+00:00,474cfe18123f86da04f7de101550efe8
2022-06-23,2022-06-23--data_01c46fd3-0308-fb38-0042-fa07089c0a96_607_2_0.snappy.parquet,9595,2026-05-17T21:40:25.388000+00:00,aa1e299e9044230d5f45b3c5f208e711
2022-06-24,2022-06-24--data_01c46fd3-0308-fb38-0042-fa07089c0a96_607_2_0.snappy.parquet,9032,2026-05-17T21:40:25.460000+00:00,37de5f4e0509ee0788ae0e5f017bf15a
2022-06-25,2022-06-25--data_01c46fd3-0308-fb38-0042-fa07089c0a96_407_0_0.snappy.parquet,150718,2026-05-17T21:40:53.311000+00:00,84e1a0c1444853789e2f4daed75ee5a7
2022-06-26,2022-06-26--data_01c46fd3-0308-fb38-0042-fa07089c0a96_407_2_0.snappy.parquet,151289,2026-05-17T21:40:51.382000+00:00,e418d19076f0bda05dbe18b9f4d0eec3
2022-06-27,2022-06-27--data_01c46fd3-0308-fb38-0042-fa07089c0a96_407_0_0.snappy.parquet,38506,2026-05-17T21:41:08.566000+00:00,36c7b53a16a1c3ddfc570afe5eda34da
2022-06-28,2022-06-28--data_01c46fd3-0308-fb38-0042-fa07089c0a96_407_2_0.snappy.parquet,42851,2026-05-17T21:40:33.827000+00:00,480f43cc54f0674ce93b263c77a03a25
2022-06-29,2022-06-29--data_01c46fd3-0308-fb38-0042-fa07089c0a96_607_0_0.snappy.parquet,31116,2026-05-17T21:40:30.141000+00:00,e0a46e820e80248cb6f44b0d1dcf2e74
2022-06-30,2022-06-30--data_01c46fd3-0308-fb38-0042-fa07089c0a96_307_0_0.snappy.parquet,36332,2026-05-17T21:40:35.314000+00:00,f881ab0c0d40297642464abae2bc01b0
2022-07-05,2022-07-05--data_01c46fd3-0308-fb38-0042-fa07089c0a96_507_4_0.snappy.parquet,34978,2026-05-17T21:40:32.568000+00:00,5f86464bcf6cb3549ca39f9b0648b647
2022-07-06,2022-07-06--data_01c46fd3-0308-fb38-0042-fa07089c0a96_407_6_0.snappy.parquet,155174,2026-05-17T21:40:55.563000+00:00,8100e5c15cbb1e2a1656e5f6bc8cdaf7
2022-07-07,2022-07-07--data_01c46fd3-0308-fb38-0042-fa07089c0a96_207_4_0.snappy.parquet,10247809,2026-05-17T21:40:29.288000+00:00,4369fcbe19b15c5a9da4c28410c08004
2022-07-08,2022-07-08--data_01c46fd3-0308-fb38-0042-fa07089c0a96_707_6_0.snappy.parquet,155743,2026-05-17T21:40:46.443000+00:00,c7c46238238f922011dae717544f21e1
2022-07-09,2022-07-09--data_01c46fd3-0308-fb38-0042-fa07089c0a96_207_2_0.snappy.parquet,148543,2026-05-17T21:40:25.346000+00:00,4946c39772f4544a01f444250a83edcc
2022-07-10,2022-07-10--data_01c46fd3-0308-fb38-0042-fa07089c0a96_107_2_0.snappy.parquet,5376135,2026-05-17T21:41:06.053000+00:00,dceaed39f24331d751050cd2d82469ce
2022-07-11,2022-07-11--data_01c46fd3-0308-fb38-0042-fa07089c0a96_107_2_0.snappy.parquet,154156,2026-05-17T21:40:30.487000+00:00,e0647705d808517476deb251d3abee54
2022-07-12,2022-07-12--data_01c46fd3-0308-fb38-0042-fa07089c0a96_007_4_0.snappy.parquet,49314,2026-05-17T21:40:29.018000+00:00,614e958bd1addfa2344913b232db3555
2022-07-13,2022-07-13--data_01c46fd3-0308-fb38-0042-fa07089c0a96_407_2_0.snappy.parquet,61808,2026-05-17T21:41:00.720000+00:00,7b007194d9e14a92836d0f4ffa9cfe09
2022-07-14,2022-07-14--data_01c46fd3-0308-fb38-0042-fa07089c0a96_407_6_0.snappy.parquet,83587,2026-05-17T21:40:41.008000+00:00,95bc4994cfb0b78a70dbad9ce980e499
2022-07-16,2022-07-16--data_01c46fd3-0308-fb38-0042-fa07089c0a96_507_2_0.snappy.parquet,39527,2026-05-17T21:40:24.727000+00:00,e9d6b2902c70afd98242f57d83292183
2022-07-17,2022-07-17--data_01c46fd3-0308-fb38-0042-fa07089c0a96_107_6_0.snappy.parquet,152542,2026-05-17T21:40:33.355000+00:00,541fc73780185094f6472f28f01a60c5
2022-07-18,2022-07-18--data_01c46fd3-0308-fb38-0042-fa07089c0a96_507_6_0.snappy.parquet,5425242,2026-05-17T21:40:29.291000+00:00,7f3d6c1d333f8a9882cf345e8f1bb80e
2022-07-19,2022-07-19--data_01c46fd3-0308-fb38-0042-fa07089c0a96_207_6_0.snappy.parquet,62330,2026-05-17T21:40:30.405000+00:00,dc3e7764d7febcab18e905d31a62dd41
2022-07-20,2022-07-20--data_01c46fd3-0308-fb38-0042-fa07089c0a96_407_4_0.snappy.parquet,44555,2026-05-17T21:40:24.017000+00:00,d9d7886b896ae13c63be5c512682807a
2022-07-21,2022-07-21--data_01c46fd3-0308-fb38-0042-fa07089c0a96_207_4_0.snappy.parquet,56403,2026-05-17T21:40:55.870000+00:00,27a11c62a89e289a57ccbd705287adb9
2022-07-22,2022-07-22--data_01c46fd3-0308-fb38-0042-fa07089c0a96_007_6_0.snappy.parquet,10048452,2026-05-17T21:40:31.267000+00:00,1fe79845d6c5f18cb9a92df51e853078
2022-07-23,2022-07-23--data_01c46fd3-0308-fb38-0042-fa07089c0a96_107_0_0.snappy.parquet,154262,2026-05-17T21:40:26.877000+00:00,f740850f2acb2f4e2c60c9a2c586d5ab
2022-07-24,2022-07-24--data_01c46fd3-0308-fb38-0042-fa07089c0a96_507_4_0.snappy.parquet,62730,2026-05-17T21:40:24.165000+00:00,06975a5cac762ad96b33b5fd2376bb4c
2022-07-25,2022-07-25--data_01c46fd3-0308-fb38-0042-fa07089c0a96_407_6_0.snappy.parquet,53617,2026-05-17T21:40:55.946000+00:00,9dd83462bc22a013c3ac512baa024ed6
2022-07-26,2022-07-26--data_01c46fd3-0308-fb38-0042-fa07089c0a96_407_2_0.snappy.parquet,158455,2026-05-17T21:40:43.512000+00:00,bd34cfb9453174af2dfeabce88fa9f7b
2022-07-27,2022-07-27--data_01c46fd3-0308-fb38-0042-fa07089c0a96_307_4_0.snappy.parquet,38353,2026-05-17T21:40:24.576000+00:00,dfdc16ffef6f58b9a5c735c33f8760cc
2022-07-28,2022-07-28--data_01c46fd3-0308-fb38-0042-fa07089c0a96_307_2_0.snappy.parquet,44083,2026-05-17T21:40:29.711000+00:00,09374bd1abb67147145ce68f125cd337
2022-07-29,2022-07-29--data_01c46fd3-0308-fb38-0042-fa07089c0a96_407_2_0.snappy.parquet,60435,2026-05-17T21:40:31.073000+00:00,ac10d0ba1d300e9acdd47a24e78c1c65
2022-07-30,2022-07-30--data_01c46fd3-0308-fb38-0042-fa07089c0a96_207_6_0.snappy.parquet,60900,2026-05-17T21:40:53.879000+00:00,8e964b4b23964a31a3fc6ccaf168bd33
2022-07-31,2022-07-31--data_01c46fd3-0308-fb38-0042-fa07089c0a96_007_2_0.snappy.parquet,170929,2026-05-17T21:40:44.819000+00:00,b9e34c1a8ef513eed0d2beb112036e26
2022-08-01,2022-08-01--data_01c46fd3-0308-fb38-0042-fa07089c0a96_707_0_0.snappy.parquet,42971,2026-05-17T21:40:40.269000+00:00,2c04d71306c5cfbda32dda3b57719b93
2022-08-02,2022-08-02--data_01c46fd3-0308-fb38-0042-fa07089c0a96_507_4_0.snappy.parquet,93187,2026-05-17T21:40:43.250000+00:00,13d09573bf25d5efcff90662e4cd732e
2022-08-03,2022-08-03--data_01c46fd3-0308-fb38-0042-fa07089c0a96_207_0_0.snappy.parquet,5344044,2026-05-17T21:40:56.905000+00:00,843d70dce7534a9f4e34efb3bbf3a97e
2022-08-04,2022-08-04--data_01c46fd3-0308-fb38-0042-fa07089c0a96_007_4_0.snappy.parquet,210009,2026-05-17T21:40:35.194000+00:00,d1c75e885f8e6fb8b0c76ffb3eeed8f7
2022-08-05,2022-08-05--data_01c46fd3-0308-fb38-0042-fa07089c0a96_707_2_0.snappy.parquet,63729,2026-05-17T21:41:02.072000+00:00,ca32be96a65544eebe850a66b6be7262
2022-08-06,2022-08-06--data_01c46fd3-0308-fb38-0042-fa07089c0a96_707_0_0.snappy.parquet,32767,2026-05-17T21:40:28.701000+00:00,4101ca84f876a4ccfe06c7e23e308301
2022-08-07,2022-08-07--data_01c46fd3-0308-fb38-0042-fa07089c0a96_107_0_0.snappy.parquet,41489,2026-05-17T21:40:37.234000+00:00,092be4741a1478d98f8256088d76c668
2022-08-08,2022-08-08--data_01c46fd3-0308-fb38-0042-fa07089c0a96_607_0_0.snappy.parquet,41466,2026-05-17T21:40:49.089000+00:00,ec5a3309823cfa8f6ae5f2ba59963fee
2022-08-09,2022-08-09--data_01c46fd3-0308-fb38-0042-fa07089c0a96_007_4_0.snappy.parquet,10582353,2026-05-17T21:40:28.060000+00:00,1bd4870cbfb661f14ca91863b68ace1e
2022-08-10,2022-08-10--data_01c46fd3-0308-fb38-0042-fa07089c0a96_507_2_0.snappy.parquet,50175,2026-05-17T21:40:30.470000+00:00,a821878f9398629602106f48e26837f8
2022-08-11,2022-08-11--data_01c46fd3-0308-fb38-0042-fa07089c0a96_707_0_0.snappy.parquet,50386,2026-05-17T21:40:43.532000+00:00,85f97c676742b4eee01edf0efa7fb9a0
2022-08-14,2022-08-14--data_01c46fd3-0308-fb38-0042-fa07089c0a96_007_4_0.snappy.parquet,39832,2026-05-17T21:40:31.022000+00:00,1f805a9374ab2e886065dd5c477f2bf7
2022-08-15,2022-08-15--data_01c46fd3-0308-fb38-0042-fa07089c0a96_107_0_0.snappy.parquet,58085,2026-05-17T21:40:31.417000+00:00,311b875b64c9e6343efc8de93c552cef
2022-08-16,2022-08-16--data_01c46fd3-0308-fb38-0042-fa07089c0a96_107_0_0.snappy.parquet,46633,2026-05-17T21:40:35.077000+00:00,6518b27e7e785f7522d65ef739eb4553
2022-08-17,2022-08-17--data_01c46fd3-0308-fb38-0042-fa07089c0a96_507_6_0.snappy.parquet,10235781,2026-05-17T21:40:34.687000+00:00,545dd72b39c61f5f10e43cd313bbdb6d
2022-08-18,2022-08-18--data_01c46fd3-0308-fb38-0042-fa07089c0a96_407_2_0.snappy.parquet,173445,2026-05-17T21:40:30.250000+00:00,453abd3854ab860647c1ba6339b30867
2022-08-19,2022-08-19--data_01c46fd3-0308-fb38-0042-fa07089c0a96_507_6_0.snappy.parquet,63172,2026-05-17T21:40:25.043000+00:00,5ab2e180d246e2376053480e220d746b
2022-08-20,2022-08-20--data_01c46fd3-0308-fb38-0042-fa07089c0a96_507_4_0.snappy.parquet,58987,2026-05-17T21:40:45.253000+00:00,8ec009e46faf4999e5c7d5178ed6def9
2022-08-21,2022-08-21--data_01c46fd3-0308-fb38-0042-fa07089c0a96_607_0_0.snappy.parquet,69609,2026-05-17T21:40:37.033000+00:00,2d342c6e15aaf2c51c3ac5ceb899ac23
2022-08-22,2022-08-22--data_01c46fd3-0308-fb38-0042-fa07089c0a96_607_0_0.snappy.parquet,45930,2026-05-17T21:40:33.971000+00:00,279f8c6a9a55c04b8766aac0df251551
2022-08-23,2022-08-23--data_01c46fd3-0308-fb38-0042-fa07089c0a96_307_6_0.snappy.parquet,39985,2026-05-17T21:40:41.960000+00:00,a84495419bf1d056eeaa5514b3b3af33
2022-08-24,2022-08-24--data_01c46fd3-0308-fb38-0042-fa07089c0a96_507_0_0.snappy.parquet,33354,2026-05-17T21:40:41.703000+00:00,dc80cf331ec23a1b4cf33bf0061bd2ee
2022-08-25,2022-08-25--data_01c46fd3-0308-fb38-0042-fa07089c0a96_207_0_0.snappy.parquet,183936,2026-05-17T21:40:51.817000+00:00,2328cbab2751328a3cdeb0025319942f
2022-08-26,2022-08-26--data_01c46fd3-0308-fb38-0042-fa07089c0a96_507_6_0.snappy.parquet,35709,2026-05-17T21:40:40.587000+00:00,d8cf846b9d49205c7f792df8413250c5
2022-08-27,2022-08-27--data_01c46fd3-0308-fb38-0042-fa07089c0a96_607_6_0.snappy.parquet,85656,2026-05-17T21:40:50.593000+00:00,1d6b76f2370c916ccdd11cea76eae34e
2022-08-28,2022-08-28--data_01c46fd3-0308-fb38-0042-fa07089c0a96_507_6_0.snappy.parquet,62745,2026-05-17T21:40:43.728000+00:00,6e2e9387dac5f63b5bad14315f7e459d
2022-08-29,2022-08-29--data_01c46fd3-0308-fb38-0042-fa07089c0a96_307_0_0.snappy.parquet,182132,2026-05-17T21:40:40.349000+00:00,cab7e4ff0c9bee950fcd7efcc0c91c37
2022-08-30,2022-08-30--data_01c46fd3-0308-fb38-0042-fa07089c0a96_507_0_0.snappy.parquet,61826,2026-05-17T21:40:48.591000+00:00,7867d8766253c332f41fd809a05d0aaa
2022-08-31,2022-08-31--data_01c46fd3-0308-fb38-0042-fa07089c0a96_407_2_0.snappy.parquet,63255,2026-05-17T21:40:58.848000+00:00,ee01e2cb08df98413c3ea542af079fd4
2022-09-01,2022-09-01--data_01c46fd3-0308-fb38-0042-fa07089c0a96_207_2_0.snappy.parquet,37141,2026-05-17T21:40:34.143000+00:00,f3b6b8ed94ecf023df53defac32e59c4
2022-09-02,2022-09-02--data_01c46fd3-0308-fb38-0042-fa07089c0a96_207_6_0.snappy.parquet,58458,2026-05-17T21:40:54.746000+00:00,faa31535a94ed9ece84a49a60fa63d38
2022-09-03,2022-09-03--data_01c46fd3-0308-fb38-0042-fa07089c0a96_307_6_0.snappy.parquet,572425,2026-05-17T21:41:11.198000+00:00,7975a849424bffac0220806160f164cd
2022-09-04,2022-09-04--data_01c46fd3-0308-fb38-0042-fa07089c0a96_707_2_0.snappy.parquet,1822499,2026-05-17T21:40:54.902000+00:00,0ea59b7aa36f706c73541fcdc13714a6
2022-09-05,2022-09-05--data_01c46fd3-0308-fb38-0042-fa07089c0a96_407_2_0.snappy.parquet,7897733,2026-05-17T21:40:54.444000+00:00,207f580d18530e33b62a5ea77a74e499
2022-09-06,2022-09-06--data_01c46fd3-0308-fb38-0042-fa07089c0a96_307_4_0.snappy.parquet,157944,2026-05-17T21:40:35.399000+00:00,2873fc990d0ec4965eed526f70792729
2022-09-07,2022-09-07--data_01c46fd3-0308-fb38-0042-fa07089c0a96_007_2_0.snappy.parquet,188173,2026-05-17T21:40:37.689000+00:00,17c91e696df4c5ee724c91a3a40b5465
2022-09-08,2022-09-08--data_01c46fd3-0308-fb38-0042-fa07089c0a96_407_2_0.snappy.parquet,47479,2026-05-17T21:41:00.980000+00:00,20f6b9d85a39bf350fe9c2a7e98de046
2022-09-14,2022-09-14--data_01c46fd3-0308-fb38-0042-fa07089c0a96_307_2_0.snappy.parquet,35807,2026-05-17T21:40:31.756000+00:00,7f6de6eede6616512e2b3da174ccedad
2022-09-15,2022-09-15--data_01c46fd3-0308-fb38-0042-fa07089c0a96_507_0_0.snappy.parquet,182522,2026-05-17T21:40:57.860000+00:00,4fb44a1c46f3233d8d2c9f607a4c3472
2022-09-16,2022-09-16--data_01c46fd3-0308-fb38-0042-fa07089c0a96_107_0_0.snappy.parquet,77819,2026-05-17T21:40:28.828000+00:00,dfcd1e0f9323d38740d40b0fcfb8d84d
2022-09-17,2022-09-17--data_01c46fd3-0308-fb38-0042-fa07089c0a96_507_6_0.snappy.parquet,52679,2026-05-17T21:40:23.941000+00:00,266873644fccaf733de9fc354f953ea4
2022-09-18,2022-09-18--data_01c46fd3-0308-fb38-0042-fa07089c0a96_007_0_0.snappy.parquet,435967,2026-05-17T21:40:46.923000+00:00,865a1bc4224827177e7992232a9ad476
2022-09-19,2022-09-19--data_01c46fd3-0308-fb38-0042-fa07089c0a96_307_6_0.snappy.parquet,6979950,2026-05-17T21:41:19.004000+00:00,7d4a08f1b942129168b08bbc1ee117d2
2022-09-20,2022-09-20--data_01c46fd3-0308-fb38-0042-fa07089c0a96_707_0_0.snappy.parquet,39401,2026-05-17T21:40:37.815000+00:00,a229188c1487f6cb5e4083cadaf200f3
2022-09-21,2022-09-21--data_01c46fd3-0308-fb38-0042-fa07089c0a96_007_4_0.snappy.parquet,37673,2026-05-17T21:40:46.648000+00:00,458a0af0cc14af954aec463f6b1637f0
2022-09-22,2022-09-22--data_01c46fd3-0308-fb38-0042-fa07089c0a96_107_0_0.snappy.parquet,8717841,2026-05-17T21:40:25.567000+00:00,700df28f4a4c5e3d1116e7e878271a48
2022-09-28,2022-09-28--data_01c46fd3-0308-fb38-0042-fa07089c0a96_307_2_0.snappy.parquet,183668,2026-05-17T21:40:54.520000+00:00,a916de2a2e0e64cce119f3bdbfa246f8
2022-09-29,2022-09-29--data_01c46fd3-0308-fb38-0042-fa07089c0a96_507_6_0.snappy.parquet,38861,2026-05-17T21:40:27.817000+00:00,ff91ab8fce5f426cf04dce17219a7bfa
2022-09-30,2022-09-30--data_01c46fd3-0308-fb38-0042-fa07089c0a96_707_6_0.snappy.parquet,37454,2026-05-17T21:40:50.784000+00:00,9b94ed696d355309469004ce7926b391
2022-10-01,2022-10-01--data_01c46fd3-0308-fb38-0042-fa07089c0a96_507_2_0.snappy.parquet,38070,2026-05-17T21:40:59.220000+00:00,b6455e0848fd814f7a2956723557fb85
2022-10-02,2022-10-02--data_01c46fd3-0308-fb38-0042-fa07089c0a96_007_0_0.snappy.parquet,49259,2026-05-17T21:40:38.493000+00:00,075d273d2db208c42006d07f52325e0e
2022-10-03,2022-10-03--data_01c46fd3-0308-fb38-0042-fa07089c0a96_707_0_0.snappy.parquet,195720,2026-05-17T21:40:46.289000+00:00,365363a2d42c50a777ebb7f56a94e356
2022-10-04,2022-10-04--data_01c46fd3-0308-fb38-0042-fa07089c0a96_507_2_0.snappy.parquet,7748645,2026-05-17T21:40:30.273000+00:00,63315d6e169a2ec6bd7a9dc94e836f0e
2022-10-05,2022-10-05--data_01c46fd3-0308-fb38-0042-fa07089c0a96_107_2_0.snappy.parquet,189185,2026-05-17T21:40:30.699000+00:00,a2e599ae41f82e975fe99807fe5ab256
2022-10-06,2022-10-06--data_01c46fd3-0308-fb38-0042-fa07089c0a96_407_2_0.snappy.parquet,5413917,2026-05-17T21:40:56.340000+00:00,fc6fd89a939cb44067460cde592c1302
2022-10-07,2022-10-07--data_01c46fd3-0308-fb38-0042-fa07089c0a96_607_0_0.snappy.parquet,91166,2026-05-17T21:40:36.967000+00:00,6a173015920fb14cfe3eb5d37ded6385
2022-10-08,2022-10-08--data_01c46fd3-0308-fb38-0042-fa07089c0a96_207_6_0.snappy.parquet,181534,2026-05-17T21:40:38.375000+00:00,2b4a4dd68d997f8bfce6980f475a71ef
2022-10-09,2022-10-09--data_01c46fd3-0308-fb38-0042-fa07089c0a96_107_2_0.snappy.parquet,194495,2026-05-17T21:41:06.590000+00:00,d51d3eb345d96e89a8305c8035971ced
2022-10-10,2022-10-10--data_01c46fd3-0308-fb38-0042-fa07089c0a96_207_0_0.snappy.parquet,199395,2026-05-17T21:40:54.703000+00:00,8fcdc6d930c8ebaf668ce7ee2f9de9dd
2022-10-11,2022-10-11--data_01c46fd3-0308-fb38-0042-fa07089c0a96_607_2_0.snappy.parquet,200171,2026-05-17T21:40:49.495000+00:00,e2000e575bc9c98e1390fff0edd7de0e
2022-10-12,2022-10-12--data_01c46fd3-0308-fb38-0042-fa07089c0a96_307_4_0.snappy.parquet,177981,2026-05-17T21:40:36.490000+00:00,42727782ec68cba736097adb7a75cd4f
2022-10-13,2022-10-13--data_01c46fd3-0308-fb38-0042-fa07089c0a96_207_2_0.snappy.parquet,193589,2026-05-17T21:40:50.023000+00:00,4d34d00f30f3ad70a88ed30685d21e58
2022-10-14,2022-10-14--data_01c46fd3-0308-fb38-0042-fa07089c0a96_507_0_0.snappy.parquet,192705,2026-05-17T21:40:24.591000+00:00,99dee72babbfad62d49c89f092f13309
2022-10-15,2022-10-15--data_01c46fd3-0308-fb38-0042-fa07089c0a96_707_6_0.snappy.parquet,192301,2026-05-17T21:40:51.030000+00:00,6de1ae6dfeb09bd892cc12ad0773fcb8
2022-10-16,2022-10-16--data_01c46fd3-0308-fb38-0042-fa07089c0a96_207_2_0.snappy.parquet,192871,2026-05-17T21:40:32.558000+00:00,c7d65dd4b137c648660c46bfa99c3512
2022-10-17,2022-10-17--data_01c46fd3-0308-fb38-0042-fa07089c0a96_307_6_0.snappy.parquet,195149,2026-05-17T21:41:10.618000+00:00,334280f17847e8ac3b1cdf1656609310
2022-10-18,2022-10-18--data_01c46fd3-0308-fb38-0042-fa07089c0a96_507_6_0.snappy.parquet,197291,2026-05-17T21:40:30.563000+00:00,d7178b48366e44bf9bba57d248234e79
2022-10-19,2022-10-19--data_01c46fd3-0308-fb38-0042-fa07089c0a96_307_6_0.snappy.parquet,195626,2026-05-17T21:40:46.076000+00:00,96252fff3305b8ad0c3899bddb225429
2022-10-20,2022-10-20--data_01c46fd3-0308-fb38-0042-fa07089c0a96_407_2_0.snappy.parquet,180367,2026-05-17T21:40:38.812000+00:00,9f9643bf206f0cfcb7d9064d0493921f
2022-10-21,2022-10-21--data_01c46fd3-0308-fb38-0042-fa07089c0a96_707_6_0.snappy.parquet,195484,2026-05-17T21:40:51.649000+00:00,99bdf6a7374440281b4f065a3876e7b1
2022-10-22,2022-10-22--data_01c46fd3-0308-fb38-0042-fa07089c0a96_607_0_0.snappy.parquet,187019,2026-05-17T21:40:45.675000+00:00,0d2b047342533c20b225e88d991bc3cf
2022-10-23,2022-10-23--data_01c46fd3-0308-fb38-0042-fa07089c0a96_507_0_0.snappy.parquet,187443,2026-05-17T21:40:25.201000+00:00,9d86ce2f052534024dd294abff2a3489
2022-10-24,2022-10-24--data_01c46fd3-0308-fb38-0042-fa07089c0a96_707_2_0.snappy.parquet,182112,2026-05-17T21:40:38.995000+00:00,ff4c565b45bfe2c10a59d711ff40d855
2022-10-25,2022-10-25--data_01c46fd3-0308-fb38-0042-fa07089c0a96_207_6_0.snappy.parquet,152095,2026-05-17T21:40:47.132000+00:00,0d70a3f673866a5cc11920789e8b6c4a
2022-10-26,2022-10-26--data_01c46fd3-0308-fb38-0042-fa07089c0a96_707_4_0.snappy.parquet,106957,2026-05-17T21:40:34.168000+00:00,e3ffb8dca62ccf96a42d8c8e11aa6420
2022-10-27,2022-10-27--data_01c46fd3-0308-fb38-0042-fa07089c0a96_607_4_0.snappy.parquet,180107,2026-05-17T21:40:47.602000+00:00,908de2f44d02f49959e28221dec03b1f
2022-10-28,2022-10-28--data_01c46fd3-0308-fb38-0042-fa07089c0a96_307_2_0.snappy.parquet,191483,2026-05-17T21:40:54.402000+00:00,c52051afc81e66509d6d3c8ed4d6da7a
2022-10-29,2022-10-29--data_01c46fd3-0308-fb38-0042-fa07089c0a96_507_6_0.snappy.parquet,195933,2026-05-17T21:40:35.101000+00:00,6304984ba763a48d07475991bd904628
2022-10-30,2022-10-30--data_01c46fd3-0308-fb38-0042-fa07089c0a96_307_2_0.snappy.parquet,323925,2026-05-17T21:40:38.712000+00:00,937e8813e32ee585f56a0dc6e5d407d0
2022-10-31,2022-10-31--data_01c46fd3-0308-fb38-0042-fa07089c0a96_007_4_0.snappy.parquet,188168,2026-05-17T21:40:33.570000+00:00,bf4244f418f931239ceeca4ad675e07d
2022-11-01,2022-11-01--data_01c46fd3-0308-fb38-0042-fa07089c0a96_407_6_0.snappy.parquet,186751,2026-05-17T21:40:33.027000+00:00,a81ed39c13893948ea5df0fd9eebf60d
2022-11-02,2022-11-02--data_01c46fd3-0308-fb38-0042-fa07089c0a96_507_0_0.snappy.parquet,9183147,2026-05-17T21:40:42.636000+00:00,b2c4baad9aee0ddc9888f9e90946a255
2022-11-03,2022-11-03--data_01c46fd3-0308-fb38-0042-fa07089c0a96_107_6_0.snappy.parquet,170947,2026-05-17T21:40:56.523000+00:00,d0663268f0a15e2542ca219ba2bb9b9d
2022-11-04,2022-11-04--data_01c46fd3-0308-fb38-0042-fa07089c0a96_307_2_0.snappy.parquet,189071,2026-05-17T21:40:29.722000+00:00,b5df70b031eac2cf3d5e986299b186ad
2022-11-05,2022-11-05--data_01c46fd3-0308-fb38-0042-fa07089c0a96_707_6_0.snappy.parquet,184016,2026-05-17T21:40:53.118000+00:00,f0e23ec664d237f03bbb4297ab680bf1
2022-11-06,2022-11-06--data_01c46fd3-0308-fb38-0042-fa07089c0a96_307_6_0.snappy.parquet,185890,2026-05-17T21:41:01.189000+00:00,3f9a8017c773a53971d7d52b5aa781da
2022-11-07,2022-11-07--data_01c46fd3-0308-fb38-0042-fa07089c0a96_007_4_0.snappy.parquet,181517,2026-05-17T21:40:29.869000+00:00,cb52e96aae577995af53a411499b839b
2022-11-08,2022-11-08--data_01c46fd3-0308-fb38-0042-fa07089c0a96_307_6_0.snappy.parquet,5850665,2026-05-17T21:40:48.310000+00:00,dcbabd4206a0a401ecf53a17d8ecef05
2022-11-09,2022-11-09--data_01c46fd3-0308-fb38-0042-fa07089c0a96_507_6_0.snappy.parquet,187556,2026-05-17T21:40:24.769000+00:00,6db16130bc4f7ce9273626eb7e4025ff
2022-11-10,2022-11-10--data_01c46fd3-0308-fb38-0042-fa07089c0a96_607_0_0.snappy.parquet,187570,2026-05-17T21:40:29.685000+00:00,29184a0044237fe4a3d3748143dff817
2022-11-11,2022-11-11--data_01c46fd3-0308-fb38-0042-fa07089c0a96_607_0_0.snappy.parquet,5929266,2026-05-17T21:40:33.141000+00:00,4174d06e05725f48418d52ac2c309024
2022-11-12,2022-11-12--data_01c46fd3-0308-fb38-0042-fa07089c0a96_407_0_0.snappy.parquet,190563,2026-05-17T21:40:47.719000+00:00,0ac7f00928a8b033bff26c905a829455
2022-11-13,2022-11-13--data_01c46fd3-0308-fb38-0042-fa07089c0a96_607_0_0.snappy.parquet,183160,2026-05-17T21:40:35.240000+00:00,9f98fed65b8e35741c05eb0c3771641b
2022-11-14,2022-11-14--data_01c46fd3-0308-fb38-0042-fa07089c0a96_307_4_0.snappy.parquet,193548,2026-05-17T21:40:40.844000+00:00,b12c560320a8a39fef911b83e2e746e3
2022-11-15,2022-11-15--data_01c46fd3-0308-fb38-0042-fa07089c0a96_507_0_0.snappy.parquet,184657,2026-05-17T21:40:39.673000+00:00,a0c894cbc1181a21b461935baf0d3e21
2022-11-16,2022-11-16--data_01c46fd3-0308-fb38-0042-fa07089c0a96_407_4_0.snappy.parquet,184964,2026-05-17T21:40:41.455000+00:00,1304cbf0277726d1247d0ec5e96df5c7
2022-11-17,2022-11-17--data_01c46fd3-0308-fb38-0042-fa07089c0a96_507_6_0.snappy.parquet,189634,2026-05-17T21:40:25.131000+00:00,1967afa6f32a55fea89d4b85950c17b3
2022-11-18,2022-11-18--data_01c46fd3-0308-fb38-0042-fa07089c0a96_407_6_0.snappy.parquet,2951802,2026-05-17T21:40:45.463000+00:00,5236a0aaf38a9a9670e77fc3257da318
2022-11-19,2022-11-19--data_01c46fd3-0308-fb38-0042-fa07089c0a96_507_6_0.snappy.parquet,2816628,2026-05-17T21:40:26.604000+00:00,e372d0e45f4d3c7c834a9bf2796c2024
2022-11-20,2022-11-20--data_01c46fd3-0308-fb38-0042-fa07089c0a96_207_2_0.snappy.parquet,176384,2026-05-17T21:40:32.126000+00:00,f0be0688a4b52f9700131e0213476230
2022-11-21,2022-11-21--data_01c46fd3-0308-fb38-0042-fa07089c0a96_607_6_0.snappy.parquet,6080643,2026-05-17T21:40:42.989000+00:00,43bd1bee0a390977b55c1bcfaf4072b4
2022-11-22,2022-11-22--data_01c46fd3-0308-fb38-0042-fa07089c0a96_707_4_0.snappy.parquet,7211964,2026-05-17T21:40:44.327000+00:00,e49a0c9cbeff83fa805290cd8d28fffc
2022-11-23,2022-11-23--data_01c46fd3-0308-fb38-0042-fa07089c0a96_707_4_0.snappy.parquet,53990,2026-05-17T21:40:33.529000+00:00,156c0f3266262fccd186720c8d666bf2
2022-11-24,2022-11-24--data_01c46fd3-0308-fb38-0042-fa07089c0a96_407_6_0.snappy.parquet,84816,2026-05-17T21:40:37.602000+00:00,d1d1998540e9d503ed262102d5fb0017
2022-11-25,2022-11-25--data_01c46fd3-0308-fb38-0042-fa07089c0a96_507_6_0.snappy.parquet,45566,2026-05-17T21:40:51.721000+00:00,3be790389c35d34208e2b33d104ea921
2022-11-26,2022-11-26--data_01c46fd3-0308-fb38-0042-fa07089c0a96_007_2_0.snappy.parquet,168877,2026-05-17T21:40:36.153000+00:00,5d8f5d6d437f94c958236cf4a8f53678
2022-11-27,2022-11-27--data_01c46fd3-0308-fb38-0042-fa07089c0a96_607_6_0.snappy.parquet,70900,2026-05-17T21:40:52.232000+00:00,fcac667b38be1b20f8705c86cd5ab7a9
2022-11-28,2022-11-28--data_01c46fd3-0308-fb38-0042-fa07089c0a96_607_4_0.snappy.parquet,148289,2026-05-17T21:40:48.102000+00:00,53e9e044016f185ac4e28dc08b933e8c
2022-11-29,2022-11-29--data_01c46fd3-0308-fb38-0042-fa07089c0a96_707_6_0.snappy.parquet,94282,2026-05-17T21:40:31.151000+00:00,099237c56d5b76cea544a510e6f0af09
2022-11-30,2022-11-30--data_01c46fd3-0308-fb38-0042-fa07089c0a96_407_2_0.snappy.parquet,160356,2026-05-17T21:40:49.517000+00:00,472d215c949ac4263a2614fcf0275b15
2022-12-01,2022-12-01--data_01c46fd3-0308-fb38-0042-fa07089c0a96_407_0_0.snappy.parquet,38451,2026-05-17T21:41:08.492000+00:00,db38801125c7519d365dddbeffdedeab
2022-12-05,2022-12-05--data_01c46fd3-0308-fb38-0042-fa07089c0a96_207_4_0.snappy.parquet,111879,2026-05-17T21:40:47.306000+00:00,acf990e3c2667f6ecc39694760faca16
2022-12-06,2022-12-06--data_01c46fd3-0308-fb38-0042-fa07089c0a96_407_2_0.snappy.parquet,141981,2026-05-17T21:40:39.580000+00:00,69f79e42fbfb66da125497498e6191d5
2022-12-07,2022-12-07--data_01c46fd3-0308-fb38-0042-fa07089c0a96_707_0_0.snappy.parquet,150263,2026-05-17T21:40:41.374000+00:00,3f88fd8195957eb4a4c701f4c668069c
2022-12-08,2022-12-08--data_01c46fd3-0308-fb38-0042-fa07089c0a96_107_2_0.snappy.parquet,104559,2026-05-17T21:40:35.365000+00:00,04ebecc79d13320ef49cfe68e1089484
2022-12-09,2022-12-09--data_01c46fd3-0308-fb38-0042-fa07089c0a96_107_6_0.snappy.parquet,5383504,2026-05-17T21:40:44.965000+00:00,40e70043e78dd482c1cce524ccc0dd1d
2022-12-10,2022-12-10--data_01c46fd3-0308-fb38-0042-fa07089c0a96_507_4_0.snappy.parquet,196715,2026-05-17T21:40:55.502000+00:00,46756a4bfc198f276fb9c08d72260157
2022-12-11,2022-12-11--data_01c46fd3-0308-fb38-0042-fa07089c0a96_307_2_0.snappy.parquet,80376,2026-05-17T21:40:39.419000+00:00,42d29e7a9f71614a16a6d00c75672fc7
2022-12-12,2022-12-12--data_01c46fd3-0308-fb38-0042-fa07089c0a96_207_6_0.snappy.parquet,95132,2026-05-17T21:40:35.091000+00:00,220ee8b50211004057aabd8a76cf27b3
2022-12-13,2022-12-13--data_01c46fd3-0308-fb38-0042-fa07089c0a96_407_2_0.snappy.parquet,7449737,2026-05-17T21:40:32.209000+00:00,51cbc53959b616d75607ba404a1e8450
2022-12-14,2022-12-14--data_01c46fd3-0308-fb38-0042-fa07089c0a96_107_4_0.snappy.parquet,65541,2026-05-17T21:40:44.439000+00:00,02d2862d9b1e11565c083e51660ca7a4
2022-12-15,2022-12-15--data_01c46fd3-0308-fb38-0042-fa07089c0a96_607_4_0.snappy.parquet,88221,2026-05-17T21:40:28.339000+00:00,0238910f8a07f2d92fd3e6a3e7e2fca8
2022-12-16,2022-12-16--data_01c46fd3-0308-fb38-0042-fa07089c0a96_707_2_0.snappy.parquet,103631,2026-05-17T21:40:27.844000+00:00,37b1681caa93ca151b7769f1f3661de1
2022-12-17,2022-12-17--data_01c46fd3-0308-fb38-0042-fa07089c0a96_507_4_0.snappy.parquet,115958,2026-05-17T21:40:27.961000+00:00,8fda1831aa9b7d42ac4ee7243aa6e0d3
2022-12-18,2022-12-18--data_01c46fd3-0308-fb38-0042-fa07089c0a96_407_0_0.snappy.parquet,194342,2026-05-17T21:41:06.851000+00:00,db204e258002c2a25cedf5fd13ef271d
2022-12-19,2022-12-19--data_01c46fd3-0308-fb38-0042-fa07089c0a96_707_0_0.snappy.parquet,177026,2026-05-17T21:40:34.459000+00:00,7b7ecfe8ea5ac6c68cb41c1604303339
2022-12-20,2022-12-20--data_01c46fd3-0308-fb38-0042-fa07089c0a96_307_2_0.snappy.parquet,5612075,2026-05-17T21:40:59.156000+00:00,70041f87bd1cb44df85367e0903d7602
2022-12-21,2022-12-21--data_01c46fd3-0308-fb38-0042-fa07089c0a96_207_2_0.snappy.parquet,183737,2026-05-17T21:40:33.539000+00:00,43340c11f8f2365e77e06ceaf0964e52
2022-12-22,2022-12-22--data_01c46fd3-0308-fb38-0042-fa07089c0a96_107_4_0.snappy.parquet,122972,2026-05-17T21:40:45.796000+00:00,66501d9297b7c6d22681c7dbac31306d
2022-12-26,2022-12-26--data_01c46fd3-0308-fb38-0042-fa07089c0a96_407_2_0.snappy.parquet,6773456,2026-05-17T21:40:32.566000+00:00,e60175f55541edb5f7f5ade110a67be6
2022-12-27,2022-12-27--data_01c46fd3-0308-fb38-0042-fa07089c0a96_207_2_0.snappy.parquet,180252,2026-05-17T21:40:42.239000+00:00,3e10513c101bc59603ce262683139f2a
2022-12-28,2022-12-28--data_01c46fd3-0308-fb38-0042-fa07089c0a96_107_4_0.snappy.parquet,130014,2026-05-17T21:40:30.103000+00:00,a750e37b1245d404f511afc12f6e6032
2022-12-29,2022-12-29--data_01c46fd3-0308-fb38-0042-fa07089c0a96_507_2_0.snappy.parquet,124123,2026-05-17T21:40:36.582000+00:00,f2c17be6eb24fbf00b80d75a0c7526db
2022-12-30,2022-12-30--data_01c46fd3-0308-fb38-0042-fa07089c0a96_407_0_0.snappy.parquet,122337,2026-05-17T21:40:25.518000+00:00,a14d6a4d8d2bdbe650be7e23fa957e1a
2022-12-31,2022-12-31--data_01c46fd3-0308-fb38-0042-fa07089c0a96_507_6_0.snappy.parquet,123284,2026-05-17T21:40:31.233000+00:00,7d3d49b1aa46c1829400422c58600fcb
